event_id,video_id,ticker,event_date,in_v1_locked_sample,in_v2_live_sample,v1_only,v2_only,shared,notes
1,-AtxEBm7naw,TSLA,2023-10-13,True,True,False,False,True,event_id bridge between v1 manifest and v2 live DB
2,-AtxEBm7naw,GOOGL,2023-10-13,True,True,False,False,True,event_id bridge between v1 manifest and v2 live DB
3,-GlySQJDMq0,AMZN,2023-06-23,True,True,False,False,True,event_id bridge between v1 manifest and v2 live DB
4,-GlySQJDMq0,NVDA,2023-06-23,True,True,False,False,True,event_id bridge between v1 manifest and v2 live DB
5,-GlySQJDMq0,TSLA,2023-06-23,True,True,False,False,True,event_id bridge between v1 manifest and v2 live DB
6,0HEghfHYEk4,PYPL,2026-03-07,True,True,False,False,True,event_id bridge between v1 manifest and v2 live DB
7,0RRkXdEEnLE,MSFT,2026-02-06,True,True,False,False,True,event_id bridge between v1 manifest and v2 live DB
8,0RRkXdEEnLE,UBER,2026-02-06,True,True,False,False,True,event_id bridge between v1 manifest and v2 live DB
9,0RRkXdEEnLE,NVDA,2026-02-06,True,True,False,False,True,event_id bridge between v1 manifest and v2 live DB
10,0RRkXdEEnLE,NFLX,2026-02-06,True,True,False,False,True,event_id bridge between v1 manifest and v2 live DB
11,0d64alYucZQ,NFLX,2023-02-10,True,True,False,False,True,event_id bridge between v1 manifest and v2 live DB
12,0dWfXNl_uFg,AMZN,2023-06-16,True,True,False,False,True,event_id bridge between v1 manifest and v2 live DB
13,0dWfXNl_uFg,NFLX,2023-06-16,True,True,False,False,True,event_id bridge between v1 manifest and v2 live DB
14,0dWfXNl_uFg,NVDA,2023-06-16,True,True,False,False,True,event_id bridge between v1 manifest and v2 live DB
15,0dWfXNl_uFg,TSLA,2023-06-16,True,True,False,False,True,event_id bridge between v1 manifest and v2 live DB
16,10KzfNZryVI,GOOGL,2024-01-08,True,True,False,False,True,event_id bridge between v1 manifest and v2 live DB
17,10KzfNZryVI,TSLA,2024-01-08,True,True,False,False,True,event_id bridge between v1 manifest and v2 live DB
18,1U8L8x1VUFE,TSLA,2023-08-18,True,True,False,False,True,event_id bridge between v1 manifest and v2 live DB
19,1U8L8x1VUFE,AAPL,2023-08-18,True,True,False,False,True,event_id bridge between v1 manifest and v2 live DB
20,1X7DdlfHaRw,AMZN,2023-03-03,True,True,False,False,True,event_id bridge between v1 manifest and v2 live DB
21,1YqWGg78zqk,NVDA,2025-08-27,True,True,False,False,True,event_id bridge between v1 manifest and v2 live DB
22,1YqWGg78zqk,NVDA,2025-08-27,True,True,False,False,True,event_id bridge between v1 manifest and v2 live DB
23,1dB1d_j52FM,DIS,2023-10-06,True,True,False,False,True,event_id bridge between v1 manifest and v2 live DB
24,1dB1d_j52FM,AMD,2023-10-06,True,True,False,False,True,event_id bridge between v1 manifest and v2 live DB
25,1dB1d_j52FM,MSFT,2023-10-06,True,True,False,False,True,event_id bridge between v1 manifest and v2 live DB
26,1dB1d_j52FM,AAPL,2023-10-06,True,True,False,False,True,event_id bridge between v1 manifest and v2 live DB
27,1dZfqxqT6_c,AAPL,2024-12-17,True,True,False,False,True,event_id bridge between v1 manifest and v2 live DB
28,23PBK_ZYCT8,NVDA,2023-05-24,True,True,False,False,True,event_id bridge between v1 manifest and v2 live DB
29,2_MQtf3XOUg,NFLX,2023-07-28,True,True,False,False,True,event_id bridge between v1 manifest and v2 live DB
30,2_MQtf3XOUg,MSFT,2023-07-28,True,True,False,False,True,event_id bridge between v1 manifest and v2 live DB
31,2angHb8-cfU,NFLX,2023-08-25,True,True,False,False,True,event_id bridge between v1 manifest and v2 live DB
32,2angHb8-cfU,NFLX,2023-08-25,True,True,False,False,True,event_id bridge between v1 manifest and v2 live DB
33,2angHb8-cfU,MSFT,2023-08-25,True,True,False,False,True,event_id bridge between v1 manifest and v2 live DB
34,2hF0_S38gc0,AAPL,2023-09-08,True,True,False,False,True,event_id bridge between v1 manifest and v2 live DB
35,2hF0_S38gc0,AAPL,2023-09-08,True,True,False,False,True,event_id bridge between v1 manifest and v2 live DB
36,2hF0_S38gc0,AAPL,2023-09-08,True,True,False,False,True,event_id bridge between v1 manifest and v2 live DB
37,2hF0_S38gc0,AAPL,2023-09-08,True,True,False,False,True,event_id bridge between v1 manifest and v2 live DB
38,2hF0_S38gc0,AAPL,2023-09-08,True,True,False,False,True,event_id bridge between v1 manifest and v2 live DB
39,2hF0_S38gc0,AAPL,2023-09-08,True,True,False,False,True,event_id bridge between v1 manifest and v2 live DB
40,2uKbBJCs6UA,AMD,2025-07-11,True,True,False,False,True,event_id bridge between v1 manifest and v2 live DB
41,31vaZzJkMaU,AMZN,2023-09-30,True,True,False,False,True,event_id bridge between v1 manifest and v2 live DB
42,31vaZzJkMaU,MSFT,2023-09-30,True,True,False,False,True,event_id bridge between v1 manifest and v2 live DB
43,31vaZzJkMaU,MSFT,2023-09-30,True,True,False,False,True,event_id bridge between v1 manifest and v2 live DB
44,34HX-1xNyng,NVDA,2025-10-05,True,True,False,False,True,event_id bridge between v1 manifest and v2 live DB
45,35o0vzF108U,MSFT,2023-07-07,True,True,False,False,True,event_id bridge between v1 manifest and v2 live DB
46,3SWmWnFfXdY,AAPL,2023-11-20,True,True,False,False,True,event_id bridge between v1 manifest and v2 live DB
47,3SWmWnFfXdY,AAPL,2023-11-20,True,True,False,False,True,event_id bridge between v1 manifest and v2 live DB
48,3SWmWnFfXdY,UBER,2023-11-20,True,True,False,False,True,event_id bridge between v1 manifest and v2 live DB
49,3xZTFoIDDfE,PYPL,2023-08-06,True,True,False,False,True,event_id bridge between v1 manifest and v2 live DB
50,44bWgTeU7sM,MSFT,2024-11-01,True,True,False,False,True,event_id bridge between v1 manifest and v2 live DB
51,44bWgTeU7sM,MSFT,2024-11-01,True,True,False,False,True,event_id bridge between v1 manifest and v2 live DB
52,65JAF7VVjdg,TSLA,2023-04-14,True,True,False,False,True,event_id bridge between v1 manifest and v2 live DB
53,65JAF7VVjdg,MSFT,2023-04-14,True,True,False,False,True,event_id bridge between v1 manifest and v2 live DB
54,6748pkSNY3U,NVDA,2024-02-01,True,True,False,False,True,event_id bridge between v1 manifest and v2 live DB
55,6748pkSNY3U,AMZN,2024-02-01,True,True,False,False,True,event_id bridge between v1 manifest and v2 live DB
56,6KPwRv_UBi0,NVDA,2025-08-25,True,True,False,False,True,event_id bridge between v1 manifest and v2 live DB
57,6KPwRv_UBi0,NVDA,2025-08-25,True,True,False,False,True,event_id bridge between v1 manifest and v2 live DB
58,7__Qgn7QUEY,TSLA,2023-08-07,True,True,False,False,True,event_id bridge between v1 manifest and v2 live DB
59,7__Qgn7QUEY,AMZN,2023-08-07,True,True,False,False,True,event_id bridge between v1 manifest and v2 live DB
60,97j1_mHzIQ0,NVDA,2025-08-28,True,True,False,False,True,event_id bridge between v1 manifest and v2 live DB
61,97j1_mHzIQ0,GOOGL,2025-08-28,True,True,False,False,True,event_id bridge between v1 manifest and v2 live DB
62,9Ru3CaETF20,TSLA,2023-07-21,True,True,False,False,True,event_id bridge between v1 manifest and v2 live DB
63,9bK8GPEffqA,MSFT,2023-10-26,True,True,False,False,True,event_id bridge between v1 manifest and v2 live DB
64,9bK8GPEffqA,GOOGL,2023-10-26,True,True,False,False,True,event_id bridge between v1 manifest and v2 live DB
65,9bK8GPEffqA,TSLA,2023-10-26,True,True,False,False,True,event_id bridge between v1 manifest and v2 live DB
66,9kJI7BgxLM8,SOFI,2025-09-12,True,True,False,False,True,event_id bridge between v1 manifest and v2 live DB
67,9kJI7BgxLM8,NVDA,2025-09-12,True,True,False,False,True,event_id bridge between v1 manifest and v2 live DB
68,B6S8a3s2hsc,NFLX,2026-03-04,True,True,False,False,True,event_id bridge between v1 manifest and v2 live DB
69,BS-FOYQpQP8,NVDA,2025-08-21,True,True,False,False,True,event_id bridge between v1 manifest and v2 live DB
70,BS-FOYQpQP8,MSFT,2025-08-21,True,True,False,False,True,event_id bridge between v1 manifest and v2 live DB
71,BcrKHeLTQDU,DIS,2026-02-12,True,True,False,False,True,event_id bridge between v1 manifest and v2 live DB
72,CG10U8nRJrQ,UBER,2025-07-15,True,True,False,False,True,event_id bridge between v1 manifest and v2 live DB
73,CLk6va-UIRM,NFLX,2023-04-18,True,True,False,False,True,event_id bridge between v1 manifest and v2 live DB
74,CLk6va-UIRM,NFLX,2023-04-18,True,True,False,False,True,event_id bridge between v1 manifest and v2 live DB
75,CLk6va-UIRM,GOOGL,2023-04-18,True,True,False,False,True,event_id bridge between v1 manifest and v2 live DB
76,DHwoJCG4ndQ,NVDA,2024-02-22,True,True,False,False,True,event_id bridge between v1 manifest and v2 live DB
77,DlS4WhVvDkM,MSFT,2026-03-06,True,True,False,False,True,event_id bridge between v1 manifest and v2 live DB
78,DlS4WhVvDkM,AMZN,2026-03-06,True,True,False,False,True,event_id bridge between v1 manifest and v2 live DB
79,Dncak16KYh8,DIS,2024-08-09,True,True,False,False,True,event_id bridge between v1 manifest and v2 live DB
80,E0HHNg9gi8c,PYPL,2025-09-17,True,True,False,False,True,event_id bridge between v1 manifest and v2 live DB
81,E0HHNg9gi8c,META,2025-09-17,True,True,False,False,True,event_id bridge between v1 manifest and v2 live DB
82,EAWKHNBmVtM,DIS,2023-09-15,True,True,False,False,True,event_id bridge between v1 manifest and v2 live DB
83,EAWKHNBmVtM,AAPL,2023-09-15,True,True,False,False,True,event_id bridge between v1 manifest and v2 live DB
84,FLfvPzUYoPE,GOOGL,2025-07-25,True,True,False,False,True,event_id bridge between v1 manifest and v2 live DB
85,FeENJP2vWA8,NVDA,2023-07-24,True,True,False,False,True,event_id bridge between v1 manifest and v2 live DB
86,FeENJP2vWA8,NVDA,2023-07-24,True,True,False,False,True,event_id bridge between v1 manifest and v2 live DB
87,GIPCWsA3i4Y,GOOGL,2025-08-20,True,True,False,False,True,event_id bridge between v1 manifest and v2 live DB
88,GVA7lniVgiU,META,2026-02-24,True,True,False,False,True,event_id bridge between v1 manifest and v2 live DB
89,Gp5lBn3CQKM,GOOGL,2023-03-17,True,True,False,False,True,event_id bridge between v1 manifest and v2 live DB
90,Gp5lBn3CQKM,GOOGL,2023-03-17,True,True,False,False,True,event_id bridge between v1 manifest and v2 live DB
91,Gp5lBn3CQKM,AAPL,2023-03-17,True,True,False,False,True,event_id bridge between v1 manifest and v2 live DB
92,Gp5lBn3CQKM,AAPL,2023-03-17,True,True,False,False,True,event_id bridge between v1 manifest and v2 live DB
93,Gp5lBn3CQKM,NFLX,2023-03-17,True,True,False,False,True,event_id bridge between v1 manifest and v2 live DB
94,Gp5lBn3CQKM,NVDA,2023-03-17,True,True,False,False,True,event_id bridge between v1 manifest and v2 live DB
95,GrVx-TilfBE,MSFT,2023-07-21,True,True,False,False,True,event_id bridge between v1 manifest and v2 live DB
96,GrVx-TilfBE,NVDA,2023-07-21,True,True,False,False,True,event_id bridge between v1 manifest and v2 live DB
97,H-yz9DyYa8A,NVDA,2023-11-23,True,True,False,False,True,event_id bridge between v1 manifest and v2 live DB
98,H-yz9DyYa8A,AAPL,2023-11-23,True,True,False,False,True,event_id bridge between v1 manifest and v2 live DB
99,H-yz9DyYa8A,MSFT,2023-11-23,True,True,False,False,True,event_id bridge between v1 manifest and v2 live DB
100,H8csy_L4fqg,NVDA,2025-08-13,True,True,False,False,True,event_id bridge between v1 manifest and v2 live DB
101,H8csy_L4fqg,NVDA,2025-08-13,True,True,False,False,True,event_id bridge between v1 manifest and v2 live DB
102,H9Lco_DOsPs,NVDA,2023-02-25,True,True,False,False,True,event_id bridge between v1 manifest and v2 live DB
103,H9Lco_DOsPs,NFLX,2023-02-25,True,True,False,False,True,event_id bridge between v1 manifest and v2 live DB
104,H9Lco_DOsPs,MSFT,2023-02-25,True,True,False,False,True,event_id bridge between v1 manifest and v2 live DB
105,H9Lco_DOsPs,AMZN,2023-02-25,True,True,False,False,True,event_id bridge between v1 manifest and v2 live DB
106,H9Lco_DOsPs,GOOGL,2023-02-25,True,True,False,False,True,event_id bridge between v1 manifest and v2 live DB
107,HDde6rXbRCg,TSLA,2023-01-26,True,True,False,False,True,event_id bridge between v1 manifest and v2 live DB
108,HDde6rXbRCg,TSLA,2023-01-26,True,True,False,False,True,event_id bridge between v1 manifest and v2 live DB
109,IXgrCqWst4o,NVDA,2025-08-07,True,True,False,False,True,event_id bridge between v1 manifest and v2 live DB
110,IgGPrrJCmq0,TSLA,2024-01-25,True,True,False,False,True,event_id bridge between v1 manifest and v2 live DB
111,J8Yi959ALgg,AMZN,2026-02-18,True,True,False,False,True,event_id bridge between v1 manifest and v2 live DB
112,J8Yi959ALgg,META,2026-02-18,True,True,False,False,True,event_id bridge between v1 manifest and v2 live DB
113,JAzlSk7F9yc,MSFT,2024-08-02,True,True,False,False,True,event_id bridge between v1 manifest and v2 live DB
114,JJnHO-r1NDU,NVDA,2025-07-16,True,True,False,False,True,event_id bridge between v1 manifest and v2 live DB
115,JJnHO-r1NDU,NVDA,2025-07-16,True,True,False,False,True,event_id bridge between v1 manifest and v2 live DB
116,JJnHO-r1NDU,AMD,2025-07-16,True,True,False,False,True,event_id bridge between v1 manifest and v2 live DB
117,Jr3qnEoyjHQ,NVDA,2024-02-08,True,True,False,False,True,event_id bridge between v1 manifest and v2 live DB
118,Jr3qnEoyjHQ,GOOGL,2024-02-08,True,True,False,False,True,event_id bridge between v1 manifest and v2 live DB
119,KPbZs0kJhsA,AMD,2023-01-26,True,True,False,False,True,event_id bridge between v1 manifest and v2 live DB
120,Kf5IeXjfEV0,TSLA,2023-07-05,True,True,False,False,True,event_id bridge between v1 manifest and v2 live DB
121,Kf5IeXjfEV0,GOOGL,2023-07-05,True,True,False,False,True,event_id bridge between v1 manifest and v2 live DB
122,L203FYqE18s,MSFT,2023-07-07,True,True,False,False,True,event_id bridge between v1 manifest and v2 live DB
123,L203FYqE18s,AAPL,2023-07-07,True,True,False,False,True,event_id bridge between v1 manifest and v2 live DB
124,L203FYqE18s,AMZN,2023-07-07,True,True,False,False,True,event_id bridge between v1 manifest and v2 live DB
125,L203FYqE18s,GOOGL,2023-07-07,True,True,False,False,True,event_id bridge between v1 manifest and v2 live DB
126,LOFBkmLXKpg,GOOGL,2025-08-19,True,True,False,False,True,event_id bridge between v1 manifest and v2 live DB
127,LOS2PyV2pqo,NVDA,2025-08-28,True,True,False,False,True,event_id bridge between v1 manifest and v2 live DB
128,LOS2PyV2pqo,GOOGL,2025-08-28,True,True,False,False,True,event_id bridge between v1 manifest and v2 live DB
129,LSUYcqxepAM,GOOGL,2025-09-04,True,True,False,False,True,event_id bridge between v1 manifest and v2 live DB
130,LUz2iGASKj8,AAPL,2023-03-31,True,True,False,False,True,event_id bridge between v1 manifest and v2 live DB
131,LW5PYybSaQc,AMZN,2023-02-02,True,True,False,False,True,event_id bridge between v1 manifest and v2 live DB
132,LYrD77UnYwc,PYPL,2025-09-03,True,True,False,False,True,event_id bridge between v1 manifest and v2 live DB
133,LYrD77UnYwc,AAPL,2025-09-03,True,True,False,False,True,event_id bridge between v1 manifest and v2 live DB
134,M591u02m3m4,TSLA,2023-11-06,True,True,False,False,True,event_id bridge between v1 manifest and v2 live DB
135,MD9aPvypKlU,NVDA,2025-07-16,True,True,False,False,True,event_id bridge between v1 manifest and v2 live DB
136,MQ86Mut9A9I,AMD,2026-02-22,True,True,False,False,True,event_id bridge between v1 manifest and v2 live DB
137,MQ86Mut9A9I,AMD,2026-02-22,True,True,False,False,True,event_id bridge between v1 manifest and v2 live DB
138,MdBJZubgoCU,PYPL,2025-08-19,True,True,False,False,True,event_id bridge between v1 manifest and v2 live DB
139,MdBJZubgoCU,PYPL,2025-08-19,True,True,False,False,True,event_id bridge between v1 manifest and v2 live DB
140,MdBJZubgoCU,SOFI,2025-08-19,True,True,False,False,True,event_id bridge between v1 manifest and v2 live DB
141,MdBJZubgoCU,GOOGL,2025-08-19,True,True,False,False,True,event_id bridge between v1 manifest and v2 live DB
142,MiggHZyISvg,AAPL,2023-09-22,True,True,False,False,True,event_id bridge between v1 manifest and v2 live DB
143,MiggHZyISvg,AMZN,2023-09-22,True,True,False,False,True,event_id bridge between v1 manifest and v2 live DB
144,MiggHZyISvg,GOOGL,2023-09-22,True,True,False,False,True,event_id bridge between v1 manifest and v2 live DB
145,MiggHZyISvg,TSLA,2023-09-22,True,True,False,False,True,event_id bridge between v1 manifest and v2 live DB
146,MiggHZyISvg,TSLA,2023-09-22,True,True,False,False,True,event_id bridge between v1 manifest and v2 live DB
147,MmUhgfTMrZg,NVDA,2023-02-17,True,True,False,False,True,event_id bridge between v1 manifest and v2 live DB
148,NaFTklG243s,AMD,2026-02-25,True,True,False,False,True,event_id bridge between v1 manifest and v2 live DB
149,Nbe51cQi5zA,NVDA,2026-03-12,True,True,False,False,True,event_id bridge between v1 manifest and v2 live DB
150,Ogtt6YIOnwY,AMD,2025-08-14,True,True,False,False,True,event_id bridge between v1 manifest and v2 live DB
151,OiynXzBbo90,NVDA,2025-08-22,True,True,False,False,True,event_id bridge between v1 manifest and v2 live DB
152,P39lHxm2V_Q,MSFT,2024-08-12,True,True,False,False,True,event_id bridge between v1 manifest and v2 live DB
153,P39lHxm2V_Q,MSFT,2024-08-12,True,True,False,False,True,event_id bridge between v1 manifest and v2 live DB
154,P39lHxm2V_Q,MSFT,2024-08-12,True,True,False,False,True,event_id bridge between v1 manifest and v2 live DB
155,P39lHxm2V_Q,MSFT,2024-08-12,True,True,False,False,True,event_id bridge between v1 manifest and v2 live DB
156,P39lHxm2V_Q,MSFT,2024-08-12,True,True,False,False,True,event_id bridge between v1 manifest and v2 live DB
157,P39lHxm2V_Q,MSFT,2024-08-12,True,True,False,False,True,event_id bridge between v1 manifest and v2 live DB
158,P5Q_TvlGI2k,TSLA,2025-09-15,True,True,False,False,True,event_id bridge between v1 manifest and v2 live DB
159,P5Q_TvlGI2k,TSLA,2025-09-15,True,True,False,False,True,event_id bridge between v1 manifest and v2 live DB
160,P5Q_TvlGI2k,NVDA,2025-09-15,True,True,False,False,True,event_id bridge between v1 manifest and v2 live DB
161,P5Q_TvlGI2k,NVDA,2025-09-15,True,True,False,False,True,event_id bridge between v1 manifest and v2 live DB
162,PQ13EzRF-iU,AMD,2025-08-05,True,True,False,False,True,event_id bridge between v1 manifest and v2 live DB
163,PQ13EzRF-iU,GOOGL,2025-08-05,True,True,False,False,True,event_id bridge between v1 manifest and v2 live DB
164,PQ13EzRF-iU,AMZN,2025-08-05,True,True,False,False,True,event_id bridge between v1 manifest and v2 live DB
165,PhvCZV12D5M,MSFT,2026-03-09,True,True,False,False,True,event_id bridge between v1 manifest and v2 live DB
166,PhvCZV12D5M,MSFT,2026-03-09,True,True,False,False,True,event_id bridge between v1 manifest and v2 live DB
167,PuL8wm2jDU8,AMZN,2024-01-05,True,True,False,False,True,event_id bridge between v1 manifest and v2 live DB
168,RCkD9ot0sL0,MSFT,2024-09-20,True,True,False,False,True,event_id bridge between v1 manifest and v2 live DB
169,RTqgOz5CG4s,NVDA,2023-12-15,True,True,False,False,True,event_id bridge between v1 manifest and v2 live DB
170,RVY_gaWTBf8,TSLA,2023-08-04,True,True,False,False,True,event_id bridge between v1 manifest and v2 live DB
171,RVY_gaWTBf8,NVDA,2023-08-04,True,True,False,False,True,event_id bridge between v1 manifest and v2 live DB
172,S5qPHBVOx6s,AMD,2025-08-05,True,True,False,False,True,event_id bridge between v1 manifest and v2 live DB
173,S5qPHBVOx6s,AMD,2025-08-05,True,True,False,False,True,event_id bridge between v1 manifest and v2 live DB
174,S5qPHBVOx6s,GOOGL,2025-08-05,True,True,False,False,True,event_id bridge between v1 manifest and v2 live DB
175,S5qPHBVOx6s,AMZN,2025-08-05,True,True,False,False,True,event_id bridge between v1 manifest and v2 live DB
176,SD5NKdETIs0,UBER,2026-03-03,True,True,False,False,True,event_id bridge between v1 manifest and v2 live DB
177,SFBjjF7uLeY,MSFT,2023-01-25,True,True,False,False,True,event_id bridge between v1 manifest and v2 live DB
178,SS6iA7rkR0I,NVDA,2025-07-19,True,True,False,False,True,event_id bridge between v1 manifest and v2 live DB
179,SgZ_mSY9Wcs,AMD,2025-08-05,True,True,False,False,True,event_id bridge between v1 manifest and v2 live DB
180,St89OhMFi08,AMD,2025-08-05,True,True,False,False,True,event_id bridge between v1 manifest and v2 live DB
181,TjFsAeG7rLM,NVDA,2025-08-17,True,True,False,False,True,event_id bridge between v1 manifest and v2 live DB
182,UDqLvS18EwY,SHOP,2023-08-18,True,True,False,False,True,event_id bridge between v1 manifest and v2 live DB
183,UDqLvS18EwY,NVDA,2023-08-18,True,True,False,False,True,event_id bridge between v1 manifest and v2 live DB
184,UDqLvS18EwY,GOOGL,2023-08-18,True,True,False,False,True,event_id bridge between v1 manifest and v2 live DB
185,UDqLvS18EwY,MSFT,2023-08-18,True,True,False,False,True,event_id bridge between v1 manifest and v2 live DB
186,UoT3BZRjozE,DIS,2023-02-08,True,True,False,False,True,event_id bridge between v1 manifest and v2 live DB
187,V2n8fGThJas,NVDA,2025-07-25,True,True,False,False,True,event_id bridge between v1 manifest and v2 live DB
188,V81J4r1Ynwo,AMZN,2023-04-27,True,True,False,False,True,event_id bridge between v1 manifest and v2 live DB
189,WZn7DEvbUSg,NVDA,2025-07-16,True,True,False,False,True,event_id bridge between v1 manifest and v2 live DB
190,WnC3Y0FeI4w,MSFT,2026-03-10,True,True,False,False,True,event_id bridge between v1 manifest and v2 live DB
191,WnC3Y0FeI4w,MSFT,2026-03-10,True,True,False,False,True,event_id bridge between v1 manifest and v2 live DB
192,WuXwBigWRnM,MSFT,2023-09-25,True,True,False,False,True,event_id bridge between v1 manifest and v2 live DB
193,XIFBe1sQ154,AMD,2025-08-10,True,True,False,False,True,event_id bridge between v1 manifest and v2 live DB
194,XIFBe1sQ154,NVDA,2025-08-10,True,True,False,False,True,event_id bridge between v1 manifest and v2 live DB
195,XJhgSiCH4Bs,PYPL,2025-08-18,True,True,False,False,True,event_id bridge between v1 manifest and v2 live DB
196,XJhgSiCH4Bs,SOFI,2025-08-18,True,True,False,False,True,event_id bridge between v1 manifest and v2 live DB
197,XJhgSiCH4Bs,GOOGL,2025-08-18,True,True,False,False,True,event_id bridge between v1 manifest and v2 live DB
198,XSUg0rwuMaM,AMD,2025-08-11,True,True,False,False,True,event_id bridge between v1 manifest and v2 live DB
199,XSUg0rwuMaM,AMD,2025-08-11,True,True,False,False,True,event_id bridge between v1 manifest and v2 live DB
200,XSUg0rwuMaM,AMD,2025-08-11,True,True,False,False,True,event_id bridge between v1 manifest and v2 live DB
201,XSUg0rwuMaM,AMD,2025-08-11,True,True,False,False,True,event_id bridge between v1 manifest and v2 live DB
202,XSUg0rwuMaM,NVDA,2025-08-11,True,True,False,False,True,event_id bridge between v1 manifest and v2 live DB
203,XSUg0rwuMaM,NVDA,2025-08-11,True,True,False,False,True,event_id bridge between v1 manifest and v2 live DB
204,XZ5iutKcq3c,UBER,2026-03-19,True,True,False,False,True,event_id bridge between v1 manifest and v2 live DB
205,XZ5iutKcq3c,UBER,2026-03-19,True,True,False,False,True,event_id bridge between v1 manifest and v2 live DB
206,Y4NVOCAnKzI,AAPL,2024-01-18,True,True,False,False,True,event_id bridge between v1 manifest and v2 live DB
207,Y4NVOCAnKzI,AAPL,2024-01-18,True,True,False,False,True,event_id bridge between v1 manifest and v2 live DB
208,Y4NVOCAnKzI,NVDA,2024-01-18,True,True,False,False,True,event_id bridge between v1 manifest and v2 live DB
209,Y4NVOCAnKzI,GOOGL,2024-01-18,True,True,False,False,True,event_id bridge between v1 manifest and v2 live DB
210,YNxgKIqwPew,PYPL,2023-08-06,True,True,False,False,True,event_id bridge between v1 manifest and v2 live DB
211,YVPkNk3gVI8,AMD,2026-02-09,True,True,False,False,True,event_id bridge between v1 manifest and v2 live DB
212,YVPkNk3gVI8,AMD,2026-02-09,True,True,False,False,True,event_id bridge between v1 manifest and v2 live DB
213,YVPkNk3gVI8,AMD,2026-02-09,True,True,False,False,True,event_id bridge between v1 manifest and v2 live DB
214,YVPkNk3gVI8,NVDA,2026-02-09,True,True,False,False,True,event_id bridge between v1 manifest and v2 live DB
215,YkhnRbBTtPs,NVDA,2025-08-11,True,True,False,False,True,event_id bridge between v1 manifest and v2 live DB
216,YohV6wKnHHI,TSLA,2023-04-19,True,True,False,False,True,event_id bridge between v1 manifest and v2 live DB
217,YohV6wKnHHI,NVDA,2023-04-19,True,True,False,False,True,event_id bridge between v1 manifest and v2 live DB
218,ZTDmzaBxq6Y,PYPL,2025-08-24,True,True,False,False,True,event_id bridge between v1 manifest and v2 live DB
219,Zvssf-n6JsE,NFLX,2023-03-24,True,True,False,False,True,event_id bridge between v1 manifest and v2 live DB
220,_2ZHIcyoupo,AAPL,2023-04-28,True,True,False,False,True,event_id bridge between v1 manifest and v2 live DB
221,_2ZHIcyoupo,AAPL,2023-04-28,True,True,False,False,True,event_id bridge between v1 manifest and v2 live DB
222,_2ZHIcyoupo,AMZN,2023-04-28,True,True,False,False,True,event_id bridge between v1 manifest and v2 live DB
223,_2ZHIcyoupo,TSLA,2023-04-28,True,True,False,False,True,event_id bridge between v1 manifest and v2 live DB
224,_6AAcgMidn8,GOOGL,2025-08-31,True,True,False,False,True,event_id bridge between v1 manifest and v2 live DB
225,a201UgqFksc,AAPL,2023-04-07,True,True,False,False,True,event_id bridge between v1 manifest and v2 live DB
226,a747blHtGTw,NVDA,2025-08-27,True,True,False,False,True,event_id bridge between v1 manifest and v2 live DB
227,a747blHtGTw,NVDA,2025-08-27,True,True,False,False,True,event_id bridge between v1 manifest and v2 live DB
228,a8FTVi563ko,NVDA,2023-07-14,True,True,False,False,True,event_id bridge between v1 manifest and v2 live DB
229,aUJ23FNHidI,SHOP,2023-02-16,True,True,False,False,True,event_id bridge between v1 manifest and v2 live DB
230,aUJ23FNHidI,META,2023-02-16,True,True,False,False,True,event_id bridge between v1 manifest and v2 live DB
231,aUJ23FNHidI,AMZN,2023-02-16,True,True,False,False,True,event_id bridge between v1 manifest and v2 live DB
232,aWhISB2Q1kM,MSFT,2026-02-19,True,True,False,False,True,event_id bridge between v1 manifest and v2 live DB
233,afLq38XS0r0,GOOGL,2023-04-25,True,True,False,False,True,event_id bridge between v1 manifest and v2 live DB
234,bZ_Q8CdmSw0,NFLX,2026-03-10,True,True,False,False,True,event_id bridge between v1 manifest and v2 live DB
235,btE2UZZYReU,UBER,2026-02-07,True,True,False,False,True,event_id bridge between v1 manifest and v2 live DB
236,bybEREMXLTA,MSFT,2026-02-24,True,True,False,False,True,event_id bridge between v1 manifest and v2 live DB
237,bybEREMXLTA,MSFT,2026-02-24,True,True,False,False,True,event_id bridge between v1 manifest and v2 live DB
238,cE-YZcHRNz8,TSLA,2023-04-21,True,True,False,False,True,event_id bridge between v1 manifest and v2 live DB
239,cE-YZcHRNz8,TSLA,2023-04-21,True,True,False,False,True,event_id bridge between v1 manifest and v2 live DB
240,cHP26eV1bYU,AMC,2023-03-28,True,True,False,False,True,event_id bridge between v1 manifest and v2 live DB
241,cHP26eV1bYU,AMZN,2023-03-28,True,True,False,False,True,event_id bridge between v1 manifest and v2 live DB
242,cHP26eV1bYU,AMZN,2023-03-28,True,True,False,False,True,event_id bridge between v1 manifest and v2 live DB
243,cHP26eV1bYU,AMZN,2023-03-28,True,True,False,False,True,event_id bridge between v1 manifest and v2 live DB
244,cPwqjwQUXnY,DIS,2023-11-17,True,True,False,False,True,event_id bridge between v1 manifest and v2 live DB
245,cPwqjwQUXnY,AAPL,2023-11-17,True,True,False,False,True,event_id bridge between v1 manifest and v2 live DB
246,dHw6Q5198dc,AAPL,2025-09-13,True,True,False,False,True,event_id bridge between v1 manifest and v2 live DB
247,dP7YEnFTLz8,TSLA,2023-07-19,True,True,False,False,True,event_id bridge between v1 manifest and v2 live DB
248,dantlSyvqTA,META,2026-03-08,True,True,False,False,True,event_id bridge between v1 manifest and v2 live DB
249,dm8n8UDiE1E,MSFT,2024-02-12,True,True,False,False,True,event_id bridge between v1 manifest and v2 live DB
250,dmq4mGV6cns,MSFT,2023-03-08,True,True,False,False,True,event_id bridge between v1 manifest and v2 live DB
251,f0A0avZH-Bo,MSFT,2024-10-02,True,True,False,False,True,event_id bridge between v1 manifest and v2 live DB
252,fEddj8s8az8,NVDA,2025-08-11,True,True,False,False,True,event_id bridge between v1 manifest and v2 live DB
253,fOUYCspyUVQ,PYPL,2025-08-20,True,True,False,False,True,event_id bridge between v1 manifest and v2 live DB
254,fOUYCspyUVQ,NVDA,2025-08-20,True,True,False,False,True,event_id bridge between v1 manifest and v2 live DB
255,fOUYCspyUVQ,SOFI,2025-08-20,True,True,False,False,True,event_id bridge between v1 manifest and v2 live DB
256,fOUYCspyUVQ,AMD,2025-08-20,True,True,False,False,True,event_id bridge between v1 manifest and v2 live DB
257,fTSQ5OIPc3c,AMD,2025-08-27,True,True,False,False,True,event_id bridge between v1 manifest and v2 live DB
258,fTSQ5OIPc3c,NVDA,2025-08-27,True,True,False,False,True,event_id bridge between v1 manifest and v2 live DB
259,fdMKEkJj7kU,AAPL,2023-06-09,True,True,False,False,True,event_id bridge between v1 manifest and v2 live DB
260,fdMKEkJj7kU,AAPL,2023-06-09,True,True,False,False,True,event_id bridge between v1 manifest and v2 live DB
261,fdMKEkJj7kU,AMZN,2023-06-09,True,True,False,False,True,event_id bridge between v1 manifest and v2 live DB
262,fdMKEkJj7kU,GOOGL,2023-06-09,True,True,False,False,True,event_id bridge between v1 manifest and v2 live DB
263,fgJbQDty1X0,MSFT,2026-02-21,True,True,False,False,True,event_id bridge between v1 manifest and v2 live DB
264,fgJbQDty1X0,MSFT,2026-02-21,True,True,False,False,True,event_id bridge between v1 manifest and v2 live DB
265,fgJbQDty1X0,MSFT,2026-02-21,True,True,False,False,True,event_id bridge between v1 manifest and v2 live DB
266,gmr6BqOOPWk,TSLA,2023-04-28,True,True,False,False,True,event_id bridge between v1 manifest and v2 live DB
267,h4VU_bSlV3I,GOOGL,2023-05-12,True,True,False,False,True,event_id bridge between v1 manifest and v2 live DB
268,h4VU_bSlV3I,MSFT,2023-05-12,True,True,False,False,True,event_id bridge between v1 manifest and v2 live DB
269,h4VU_bSlV3I,TSLA,2023-05-12,True,True,False,False,True,event_id bridge between v1 manifest and v2 live DB
270,h4VU_bSlV3I,TSLA,2023-05-12,True,True,False,False,True,event_id bridge between v1 manifest and v2 live DB
271,hMUicUZouvQ,AAPL,2023-09-14,True,True,False,False,True,event_id bridge between v1 manifest and v2 live DB
272,hMUicUZouvQ,AAPL,2023-09-14,True,True,False,False,True,event_id bridge between v1 manifest and v2 live DB
273,hp7YC4lmPE0,NVDA,2025-08-28,True,True,False,False,True,event_id bridge between v1 manifest and v2 live DB
274,hxiv9hXcyz4,MSFT,2025-01-10,True,True,False,False,True,event_id bridge between v1 manifest and v2 live DB
275,i9bnkpRjAik,MSFT,2023-05-05,True,True,False,False,True,event_id bridge between v1 manifest and v2 live DB
276,iSeqY8AHvq4,AAPL,2024-09-06,True,True,False,False,True,event_id bridge between v1 manifest and v2 live DB
277,iSeqY8AHvq4,AAPL,2024-09-06,True,True,False,False,True,event_id bridge between v1 manifest and v2 live DB
278,iTetpxvFy1c,UBER,2025-09-12,True,True,False,False,True,event_id bridge between v1 manifest and v2 live DB
279,ipI6hloEgos,NFLX,2026-02-24,True,True,False,False,True,event_id bridge between v1 manifest and v2 live DB
280,izfKyD6i4qo,NVDA,2025-08-21,True,True,False,False,True,event_id bridge between v1 manifest and v2 live DB
281,izfKyD6i4qo,MSFT,2025-08-21,True,True,False,False,True,event_id bridge between v1 manifest and v2 live DB
282,j72U8gHCXKQ,AAPL,2023-08-03,True,True,False,False,True,event_id bridge between v1 manifest and v2 live DB
283,j72U8gHCXKQ,AAPL,2023-08-03,True,True,False,False,True,event_id bridge between v1 manifest and v2 live DB
284,j72U8gHCXKQ,AAPL,2023-08-03,True,True,False,False,True,event_id bridge between v1 manifest and v2 live DB
285,jKiwXmzi814,GOOGL,2025-08-08,True,True,False,False,True,event_id bridge between v1 manifest and v2 live DB
286,jUCXqUoH-90,NFLX,2023-07-28,True,True,False,False,True,event_id bridge between v1 manifest and v2 live DB
287,jUCXqUoH-90,MSFT,2023-07-28,True,True,False,False,True,event_id bridge between v1 manifest and v2 live DB
288,jVEMNgn7Zmo,AMD,2023-08-25,True,True,False,False,True,event_id bridge between v1 manifest and v2 live DB
289,jVEMNgn7Zmo,NVDA,2023-08-25,True,True,False,False,True,event_id bridge between v1 manifest and v2 live DB
290,jVEMNgn7Zmo,AMZN,2023-08-25,True,True,False,False,True,event_id bridge between v1 manifest and v2 live DB
291,jYHqvLhtESg,NVDA,2023-08-12,True,True,False,False,True,event_id bridge between v1 manifest and v2 live DB
292,jYHqvLhtESg,AAPL,2023-08-12,True,True,False,False,True,event_id bridge between v1 manifest and v2 live DB
293,jYHqvLhtESg,GOOGL,2023-08-12,True,True,False,False,True,event_id bridge between v1 manifest and v2 live DB
294,jYHqvLhtESg,MSFT,2023-08-12,True,True,False,False,True,event_id bridge between v1 manifest and v2 live DB
295,jYHqvLhtESg,TSLA,2023-08-12,True,True,False,False,True,event_id bridge between v1 manifest and v2 live DB
296,k7V84N-44_0,NVDA,2024-02-29,True,True,False,False,True,event_id bridge between v1 manifest and v2 live DB
297,k7V84N-44_0,NVDA,2024-02-29,True,True,False,False,True,event_id bridge between v1 manifest and v2 live DB
298,k99bkGEwEXk,GOOGL,2025-08-03,True,True,False,False,True,event_id bridge between v1 manifest and v2 live DB
299,kSzohaLWEDc,MSFT,2025-07-30,True,True,False,False,True,event_id bridge between v1 manifest and v2 live DB
300,kSzohaLWEDc,GOOGL,2025-07-30,True,True,False,False,True,event_id bridge between v1 manifest and v2 live DB
301,khgEy6N0PYQ,MSFT,2023-06-26,True,True,False,False,True,event_id bridge between v1 manifest and v2 live DB
302,kueJkmDs3Kw,PYPL,2025-09-12,True,True,False,False,True,event_id bridge between v1 manifest and v2 live DB
303,lEj97WMkN8o,AAPL,2023-05-19,True,True,False,False,True,event_id bridge between v1 manifest and v2 live DB
304,lEj97WMkN8o,TSLA,2023-05-19,True,True,False,False,True,event_id bridge between v1 manifest and v2 live DB
305,lRuwTMyosK8,META,2026-02-05,True,True,False,False,True,event_id bridge between v1 manifest and v2 live DB
306,lRuwTMyosK8,META,2026-02-05,True,True,False,False,True,event_id bridge between v1 manifest and v2 live DB
307,lS5d1IXawe8,AMD,2025-08-11,True,True,False,False,True,event_id bridge between v1 manifest and v2 live DB
308,lztttvdkZg4,PYPL,2025-09-13,True,True,False,False,True,event_id bridge between v1 manifest and v2 live DB
309,m36LzqCdLxs,PYPL,2023-08-05,True,True,False,False,True,event_id bridge between v1 manifest and v2 live DB
310,m36LzqCdLxs,PYPL,2023-08-05,True,True,False,False,True,event_id bridge between v1 manifest and v2 live DB
311,m7lY98A-N0E,MSFT,2023-07-25,True,True,False,False,True,event_id bridge between v1 manifest and v2 live DB
312,mROqMg8un_k,AAPL,2023-02-03,True,True,False,False,True,event_id bridge between v1 manifest and v2 live DB
313,mk0_dRwu5zs,NVDA,2026-02-09,True,True,False,False,True,event_id bridge between v1 manifest and v2 live DB
314,oKF0Rab0YfQ,AAPL,2023-10-19,True,True,False,False,True,event_id bridge between v1 manifest and v2 live DB
315,oKF0Rab0YfQ,AAPL,2023-10-19,True,True,False,False,True,event_id bridge between v1 manifest and v2 live DB
316,och7bOYmlnM,NVDA,2025-07-15,True,True,False,False,True,event_id bridge between v1 manifest and v2 live DB
317,pWDG5Z0yxAM,NVDA,2023-09-01,True,True,False,False,True,event_id bridge between v1 manifest and v2 live DB
318,pWDG5Z0yxAM,NVDA,2023-09-01,True,True,False,False,True,event_id bridge between v1 manifest and v2 live DB
319,pgJMI_OiSSc,NVDA,2026-02-04,True,True,False,False,True,event_id bridge between v1 manifest and v2 live DB
320,qjiJMgAHtJk,SOFI,2025-08-30,True,True,False,False,True,event_id bridge between v1 manifest and v2 live DB
321,qnEz-y4U9cM,PYPL,2025-07-28,True,True,False,False,True,event_id bridge between v1 manifest and v2 live DB
322,qnEz-y4U9cM,AMD,2025-07-28,True,True,False,False,True,event_id bridge between v1 manifest and v2 live DB
323,qnEz-y4U9cM,META,2025-07-28,True,True,False,False,True,event_id bridge between v1 manifest and v2 live DB
324,qnEz-y4U9cM,TSLA,2025-07-28,True,True,False,False,True,event_id bridge between v1 manifest and v2 live DB
325,qnNpsmtCNf4,NVDA,2023-08-23,True,True,False,False,True,event_id bridge between v1 manifest and v2 live DB
326,qnNpsmtCNf4,NVDA,2023-08-23,True,True,False,False,True,event_id bridge between v1 manifest and v2 live DB
327,rS2Se5qnmrI,META,2026-03-05,True,True,False,False,True,event_id bridge between v1 manifest and v2 live DB
328,rS2Se5qnmrI,META,2026-03-05,True,True,False,False,True,event_id bridge between v1 manifest and v2 live DB
329,rSyBXYX00Jc,NVDA,2025-08-29,True,True,False,False,True,event_id bridge between v1 manifest and v2 live DB
330,s77tJN1pzOg,AAPL,2024-08-05,True,True,False,False,True,event_id bridge between v1 manifest and v2 live DB
331,sY-aTBWbSp0,NVDA,2023-10-09,True,True,False,False,True,event_id bridge between v1 manifest and v2 live DB
332,sf9KaSgSp0A,GOOGL,2024-12-30,True,True,False,False,True,event_id bridge between v1 manifest and v2 live DB
333,snbx6W1_XhE,NVDA,2025-08-12,True,True,False,False,True,event_id bridge between v1 manifest and v2 live DB
334,snbx6W1_XhE,NVDA,2025-08-12,True,True,False,False,True,event_id bridge between v1 manifest and v2 live DB
335,t0TD0BDsTbo,GOOGL,2023-05-26,True,True,False,False,True,event_id bridge between v1 manifest and v2 live DB
336,tA4MvDytqIw,AMZN,2026-03-05,True,True,False,False,True,event_id bridge between v1 manifest and v2 live DB
337,u06v5_aHrtw,NVDA,2023-07-14,True,True,False,False,True,event_id bridge between v1 manifest and v2 live DB
338,uGY9kOmAnjA,PYPL,2025-09-06,True,True,False,False,True,event_id bridge between v1 manifest and v2 live DB
339,uGY9kOmAnjA,PYPL,2025-09-06,True,True,False,False,True,event_id bridge between v1 manifest and v2 live DB
340,upJkqs1Opzk,NVDA,2026-03-01,True,True,False,False,True,event_id bridge between v1 manifest and v2 live DB
341,upJkqs1Opzk,NVDA,2026-03-01,True,True,False,False,True,event_id bridge between v1 manifest and v2 live DB
342,upJkqs1Opzk,NVDA,2026-03-01,True,True,False,False,True,event_id bridge between v1 manifest and v2 live DB
343,upJkqs1Opzk,NVDA,2026-03-01,True,True,False,False,True,event_id bridge between v1 manifest and v2 live DB
344,vL74flRwikQ,AMZN,2023-09-13,True,True,False,False,True,event_id bridge between v1 manifest and v2 live DB
345,vvYPkYLT6VM,NVDA,2023-02-22,True,True,False,False,True,event_id bridge between v1 manifest and v2 live DB
346,wEClaixCGg8,PYPL,2025-08-15,True,True,False,False,True,event_id bridge between v1 manifest and v2 live DB
347,wEClaixCGg8,AMZN,2025-08-15,True,True,False,False,True,event_id bridge between v1 manifest and v2 live DB
348,xCy3luLzE8g,MSFT,2024-02-17,True,True,False,False,True,event_id bridge between v1 manifest and v2 live DB
349,xizSkAM-tZU,GOOGL,2023-02-03,True,True,False,False,True,event_id bridge between v1 manifest and v2 live DB
350,xksOkElewr8,SOFI,2026-02-11,True,True,False,False,True,event_id bridge between v1 manifest and v2 live DB
351,yXwf2eRspjk,SOFI,2026-03-07,True,True,False,False,True,event_id bridge between v1 manifest and v2 live DB
352,yXwf2eRspjk,SOFI,2026-03-07,True,True,False,False,True,event_id bridge between v1 manifest and v2 live DB
353,yXwf2eRspjk,SOFI,2026-03-07,True,True,False,False,True,event_id bridge between v1 manifest and v2 live DB
354,yXwf2eRspjk,SOFI,2026-03-07,True,True,False,False,True,event_id bridge between v1 manifest and v2 live DB
355,yeTOgMlq984,PYPL,2025-08-20,True,True,False,False,True,event_id bridge between v1 manifest and v2 live DB
356,yeTOgMlq984,NVDA,2025-08-20,True,True,False,False,True,event_id bridge between v1 manifest and v2 live DB
357,yeTOgMlq984,SOFI,2025-08-20,True,True,False,False,True,event_id bridge between v1 manifest and v2 live DB
358,yeTOgMlq984,AMD,2025-08-20,True,True,False,False,True,event_id bridge between v1 manifest and v2 live DB
359,yw6r_v-msWQ,AAPL,2023-08-11,True,True,False,False,True,event_id bridge between v1 manifest and v2 live DB
360,zUDaOQQEGTs,MSFT,2024-10-31,True,True,False,False,True,event_id bridge between v1 manifest and v2 live DB
361,zmt-ZobtBLI,NVDA,2025-07-17,True,True,False,False,True,event_id bridge between v1 manifest and v2 live DB
362,zmt-ZobtBLI,TSLA,2025-07-17,True,True,False,False,True,event_id bridge between v1 manifest and v2 live DB
363,zmt-ZobtBLI,TSLA,2025-07-17,True,True,False,False,True,event_id bridge between v1 manifest and v2 live DB
364,zmt-ZobtBLI,TSLA,2025-07-17,True,True,False,False,True,event_id bridge between v1 manifest and v2 live DB
365,zy_5aBHqZIc,AMZN,2026-03-19,True,True,False,False,True,event_id bridge between v1 manifest and v2 live DB
366,-CuK5E9EMuY,PYPL,2025-10-28,True,True,False,False,True,event_id bridge between v1 manifest and v2 live DB
367,-CuK5E9EMuY,PYPL,2025-10-28,True,True,False,False,True,event_id bridge between v1 manifest and v2 live DB
368,-zyg-sJrYKY,NVDA,2024-01-05,True,True,False,False,True,event_id bridge between v1 manifest and v2 live DB
369,-zyg-sJrYKY,MSFT,2024-01-05,True,True,False,False,True,event_id bridge between v1 manifest and v2 live DB
370,0nKHUI2Q_a8,NVDA,2026-04-06,True,True,False,False,True,event_id bridge between v1 manifest and v2 live DB
371,0nKHUI2Q_a8,AMD,2026-04-06,True,True,False,False,True,event_id bridge between v1 manifest and v2 live DB
372,1fBKzL8eNA8,TSLA,2024-01-25,True,True,False,False,True,event_id bridge between v1 manifest and v2 live DB
373,1fBKzL8eNA8,TSLA,2024-01-25,True,True,False,False,True,event_id bridge between v1 manifest and v2 live DB
374,1riZ8iWtaAY,AMZN,2023-11-17,True,True,False,False,True,event_id bridge between v1 manifest and v2 live DB
375,1riZ8iWtaAY,NFLX,2023-11-17,True,True,False,False,True,event_id bridge between v1 manifest and v2 live DB
376,2QiOJesgQuw,AAPL,2023-10-21,True,True,False,False,True,event_id bridge between v1 manifest and v2 live DB
377,2QiOJesgQuw,AAPL,2023-10-21,True,True,False,False,True,event_id bridge between v1 manifest and v2 live DB
378,2XezpH4HFMg,PYPL,2025-10-10,True,True,False,False,True,event_id bridge between v1 manifest and v2 live DB
379,2XezpH4HFMg,PYPL,2025-10-10,True,True,False,False,True,event_id bridge between v1 manifest and v2 live DB
380,2xuileGcJ1M,DIS,2024-05-07,True,True,False,False,True,event_id bridge between v1 manifest and v2 live DB
381,315gFCoLfwY,AAPL,2024-05-03,True,True,False,False,True,event_id bridge between v1 manifest and v2 live DB
382,315gFCoLfwY,AAPL,2024-05-03,True,True,False,False,True,event_id bridge between v1 manifest and v2 live DB
383,4BVzemPJOC4,NFLX,2023-12-09,True,True,False,False,True,event_id bridge between v1 manifest and v2 live DB
384,4BVzemPJOC4,GOOGL,2023-12-09,True,True,False,False,True,event_id bridge between v1 manifest and v2 live DB
385,4C3eQiJkWFg,AMZN,2022-07-06,True,True,False,False,True,event_id bridge between v1 manifest and v2 live DB
386,5VeZdJgvV_8,MSFT,2024-04-26,True,True,False,False,True,event_id bridge between v1 manifest and v2 live DB
387,5VeZdJgvV_8,MSFT,2024-04-26,True,True,False,False,True,event_id bridge between v1 manifest and v2 live DB
388,5kWJGohrhIU,AMD,2025-09-22,True,True,False,False,True,event_id bridge between v1 manifest and v2 live DB
389,5kWJGohrhIU,META,2025-09-22,True,True,False,False,True,event_id bridge between v1 manifest and v2 live DB
390,5kWJGohrhIU,AAPL,2025-09-22,True,True,False,False,True,event_id bridge between v1 manifest and v2 live DB
391,5lkKf0aRh0o,AMD,2023-12-08,True,True,False,False,True,event_id bridge between v1 manifest and v2 live DB
392,5lkKf0aRh0o,NVDA,2023-12-08,True,True,False,False,True,event_id bridge between v1 manifest and v2 live DB
393,6-_hF_07leA,NVDA,2025-12-01,True,True,False,False,True,event_id bridge between v1 manifest and v2 live DB
394,69tvwNdEijo,NVDA,2024-06-06,True,True,False,False,True,event_id bridge between v1 manifest and v2 live DB
395,69tvwNdEijo,AAPL,2024-06-06,True,True,False,False,True,event_id bridge between v1 manifest and v2 live DB
396,6TNTCOVubH8,GOOGL,2025-03-02,True,True,False,False,True,event_id bridge between v1 manifest and v2 live DB
397,6TNTCOVubH8,GOOGL,2025-03-02,True,True,False,False,True,event_id bridge between v1 manifest and v2 live DB
398,6jb7sTqueaY,NVDA,2025-11-03,True,True,False,False,True,event_id bridge between v1 manifest and v2 live DB
399,6jb7sTqueaY,META,2025-11-03,True,True,False,False,True,event_id bridge between v1 manifest and v2 live DB
400,6tSZzEBxrSc,GOOGL,2022-08-15,True,True,False,False,True,event_id bridge between v1 manifest and v2 live DB
401,73tB9acyazI,AAPL,2023-10-20,True,True,False,False,True,event_id bridge between v1 manifest and v2 live DB
402,73tB9acyazI,MSFT,2023-10-20,True,True,False,False,True,event_id bridge between v1 manifest and v2 live DB
403,73tB9acyazI,MSFT,2023-10-20,True,True,False,False,True,event_id bridge between v1 manifest and v2 live DB
404,73tB9acyazI,NVDA,2023-10-20,True,True,False,False,True,event_id bridge between v1 manifest and v2 live DB
405,7cdt3rRny8s,GOOGL,2022-08-19,True,True,False,False,True,event_id bridge between v1 manifest and v2 live DB
406,7cdt3rRny8s,AMZN,2022-08-19,True,True,False,False,True,event_id bridge between v1 manifest and v2 live DB
407,7cdt3rRny8s,AMZN,2022-08-19,True,True,False,False,True,event_id bridge between v1 manifest and v2 live DB
408,7xjcq6UCQeg,TSLA,2024-04-12,True,True,False,False,True,event_id bridge between v1 manifest and v2 live DB
409,8gvqfLkzcag,AAPL,2023-11-11,True,True,False,False,True,event_id bridge between v1 manifest and v2 live DB
410,8gvqfLkzcag,NVDA,2023-11-11,True,True,False,False,True,event_id bridge between v1 manifest and v2 live DB
411,8gvqfLkzcag,GOOGL,2023-11-11,True,True,False,False,True,event_id bridge between v1 manifest and v2 live DB
412,8h1cYskr0Ng,GOOGL,2025-10-16,True,True,False,False,True,event_id bridge between v1 manifest and v2 live DB
413,8h1cYskr0Ng,GOOGL,2025-10-16,True,True,False,False,True,event_id bridge between v1 manifest and v2 live DB
414,8h1cYskr0Ng,GOOGL,2025-10-16,True,True,False,False,True,event_id bridge between v1 manifest and v2 live DB
415,8h1cYskr0Ng,AMZN,2025-10-16,True,True,False,False,True,event_id bridge between v1 manifest and v2 live DB
416,8isifZYjwJk,TSLA,2025-09-19,True,True,False,False,True,event_id bridge between v1 manifest and v2 live DB
417,8uucHSsjrRk,TSLA,2024-07-25,True,True,False,False,True,event_id bridge between v1 manifest and v2 live DB
418,94sq8Fe8zO0,PYPL,2025-10-08,True,True,False,False,True,event_id bridge between v1 manifest and v2 live DB
419,9FJuXiNNtVc,NFLX,2026-04-15,True,True,False,False,True,event_id bridge between v1 manifest and v2 live DB
420,9FJuXiNNtVc,NFLX,2026-04-15,True,True,False,False,True,event_id bridge between v1 manifest and v2 live DB
421,9RAhp7eX9sg,NVDA,2024-07-18,True,True,False,False,True,event_id bridge between v1 manifest and v2 live DB
422,9tQ4d-LJbbY,NFLX,2021-09-13,True,True,False,False,True,event_id bridge between v1 manifest and v2 live DB
423,9tQ4d-LJbbY,NFLX,2021-09-13,True,True,False,False,True,event_id bridge between v1 manifest and v2 live DB
424,9tQ4d-LJbbY,AMZN,2021-09-13,True,True,False,False,True,event_id bridge between v1 manifest and v2 live DB
425,9tQ4d-LJbbY,META,2021-09-13,True,True,False,False,True,event_id bridge between v1 manifest and v2 live DB
426,ADryjBZl_7k,GOOGL,2024-05-09,True,True,False,False,True,event_id bridge between v1 manifest and v2 live DB
427,ADryjBZl_7k,AAPL,2024-05-09,True,True,False,False,True,event_id bridge between v1 manifest and v2 live DB
428,ADryjBZl_7k,MSFT,2024-05-09,True,True,False,False,True,event_id bridge between v1 manifest and v2 live DB
429,AJtdtwQfGPE,AMD,2025-11-04,True,True,False,False,True,event_id bridge between v1 manifest and v2 live DB
430,AJtdtwQfGPE,AMD,2025-11-04,True,True,False,False,True,event_id bridge between v1 manifest and v2 live DB
431,AJtdtwQfGPE,AMD,2025-11-04,True,True,False,False,True,event_id bridge between v1 manifest and v2 live DB
432,AJtdtwQfGPE,AMD,2025-11-04,True,True,False,False,True,event_id bridge between v1 manifest and v2 live DB
433,ALzU9Najh6A,UBER,2026-04-01,True,True,False,False,True,event_id bridge between v1 manifest and v2 live DB
434,BDQCEz780Tg,META,2025-11-25,True,True,False,False,True,event_id bridge between v1 manifest and v2 live DB
435,BGVx3FzIkCg,AMZN,2024-03-22,True,True,False,False,True,event_id bridge between v1 manifest and v2 live DB
436,BGVx3FzIkCg,MSFT,2024-03-22,True,True,False,False,True,event_id bridge between v1 manifest and v2 live DB
437,BGVx3FzIkCg,TSLA,2024-03-22,True,True,False,False,True,event_id bridge between v1 manifest and v2 live DB
438,CM4TGehCUF0,AMZN,2024-02-23,True,True,False,False,True,event_id bridge between v1 manifest and v2 live DB
439,CM4TGehCUF0,MSFT,2024-02-23,True,True,False,False,True,event_id bridge between v1 manifest and v2 live DB
440,CM4TGehCUF0,TSLA,2024-02-23,True,True,False,False,True,event_id bridge between v1 manifest and v2 live DB
441,CRKqAg9YKHo,AAPL,2025-03-13,True,True,False,False,True,event_id bridge between v1 manifest and v2 live DB
442,CRKqAg9YKHo,AAPL,2025-03-13,True,True,False,False,True,event_id bridge between v1 manifest and v2 live DB
443,CT2pUJ90wUg,NVDA,2024-09-07,True,True,False,False,True,event_id bridge between v1 manifest and v2 live DB
444,CWSl67EDADs,AMZN,2023-10-27,True,True,False,False,True,event_id bridge between v1 manifest and v2 live DB
445,CySDoMyamVU,NVDA,2025-10-08,True,True,False,False,True,event_id bridge between v1 manifest and v2 live DB
446,DZmAGPtKjPo,AMZN,2024-05-02,True,True,False,False,True,event_id bridge between v1 manifest and v2 live DB
447,DZmAGPtKjPo,TSLA,2024-05-02,True,True,False,False,True,event_id bridge between v1 manifest and v2 live DB
448,DaKIfcEqyPg,NVDA,2025-10-09,True,True,False,False,True,event_id bridge between v1 manifest and v2 live DB
449,DaKIfcEqyPg,CRM,2025-10-09,True,True,False,False,True,event_id bridge between v1 manifest and v2 live DB
450,DaKIfcEqyPg,TSLA,2025-10-09,True,True,False,False,True,event_id bridge between v1 manifest and v2 live DB
451,DaKIfcEqyPg,UBER,2025-10-09,True,True,False,False,True,event_id bridge between v1 manifest and v2 live DB
452,DflxOfLJ8xQ,AAPL,2024-02-10,True,True,False,False,True,event_id bridge between v1 manifest and v2 live DB
453,DflxOfLJ8xQ,AMZN,2024-02-10,True,True,False,False,True,event_id bridge between v1 manifest and v2 live DB
454,DflxOfLJ8xQ,NVDA,2024-02-10,True,True,False,False,True,event_id bridge between v1 manifest and v2 live DB
455,DflxOfLJ8xQ,TSLA,2024-02-10,True,True,False,False,True,event_id bridge between v1 manifest and v2 live DB
456,DflxOfLJ8xQ,TSLA,2024-02-10,True,True,False,False,True,event_id bridge between v1 manifest and v2 live DB
457,EO2vWQwk_Qo,AMD,2026-04-14,True,True,False,False,True,event_id bridge between v1 manifest and v2 live DB
458,EO2vWQwk_Qo,AMD,2026-04-14,True,True,False,False,True,event_id bridge between v1 manifest and v2 live DB
459,ElltxVRB1i8,NVDA,2024-06-27,True,True,False,False,True,event_id bridge between v1 manifest and v2 live DB
460,EtK8NBC96yQ,AMZN,2024-08-22,True,True,False,False,True,event_id bridge between v1 manifest and v2 live DB
461,EtK8NBC96yQ,AMZN,2024-08-22,True,True,False,False,True,event_id bridge between v1 manifest and v2 live DB
462,EtK8NBC96yQ,AMZN,2024-08-22,True,True,False,False,True,event_id bridge between v1 manifest and v2 live DB
463,EtK8NBC96yQ,GOOGL,2024-08-22,True,True,False,False,True,event_id bridge between v1 manifest and v2 live DB
464,F8lWDNujGRI,MSFT,2025-03-18,True,True,False,False,True,event_id bridge between v1 manifest and v2 live DB
465,FOq2vKhUYvY,NVDA,2026-03-30,True,True,False,False,True,event_id bridge between v1 manifest and v2 live DB
466,FXHUZ-1p8Nk,NVDA,2024-01-22,True,True,False,False,True,event_id bridge between v1 manifest and v2 live DB
467,FcsdeRkD-OU,TSLA,2026-04-01,True,True,False,False,True,event_id bridge between v1 manifest and v2 live DB
468,FgMYYrG6j6c,GOOGL,2025-05-09,True,True,False,False,True,event_id bridge between v1 manifest and v2 live DB
469,FyL889Uw5Vs,NVDA,2024-08-29,True,True,False,False,True,event_id bridge between v1 manifest and v2 live DB
470,GZ_5WYJCgAo,AMD,2025-10-04,True,True,False,False,True,event_id bridge between v1 manifest and v2 live DB
471,Gfxx6rBsjwg,AMZN,2024-05-11,True,True,False,False,True,event_id bridge between v1 manifest and v2 live DB
472,Gh_Uc-iLTbY,META,2025-11-26,True,True,False,False,True,event_id bridge between v1 manifest and v2 live DB
473,H4omu31OkBg,AMZN,2024-07-22,True,True,False,False,True,event_id bridge between v1 manifest and v2 live DB
474,H4omu31OkBg,AMZN,2024-07-22,True,True,False,False,True,event_id bridge between v1 manifest and v2 live DB
475,H7CX1Oy3jsU,AMZN,2024-06-07,True,True,False,False,True,event_id bridge between v1 manifest and v2 live DB
476,HXAqE8f_m1I,NVDA,2023-11-21,True,True,False,False,True,event_id bridge between v1 manifest and v2 live DB
477,HXAqE8f_m1I,NVDA,2023-11-21,True,True,False,False,True,event_id bridge between v1 manifest and v2 live DB
478,HcjSjEiIw4s,META,2022-02-17,True,True,False,False,True,event_id bridge between v1 manifest and v2 live DB
479,HcjSjEiIw4s,META,2022-02-17,True,True,False,False,True,event_id bridge between v1 manifest and v2 live DB
480,HcjSjEiIw4s,META,2022-02-17,True,True,False,False,True,event_id bridge between v1 manifest and v2 live DB
481,HcjSjEiIw4s,META,2022-02-17,True,True,False,False,True,event_id bridge between v1 manifest and v2 live DB
482,HcjSjEiIw4s,META,2022-02-17,True,True,False,False,True,event_id bridge between v1 manifest and v2 live DB
483,IPZ83wMtW3o,DIS,2023-09-01,True,True,False,False,True,event_id bridge between v1 manifest and v2 live DB
484,IPZ83wMtW3o,DIS,2023-09-01,True,True,False,False,True,event_id bridge between v1 manifest and v2 live DB
485,IPZ83wMtW3o,DIS,2023-09-01,True,True,False,False,True,event_id bridge between v1 manifest and v2 live DB
486,IUUDPM8NXgA,GOOGL,2026-03-27,True,True,False,False,True,event_id bridge between v1 manifest and v2 live DB
487,IYpcxacwS2s,TSLA,2024-03-01,True,True,False,False,True,event_id bridge between v1 manifest and v2 live DB
488,IYpcxacwS2s,TSLA,2024-03-01,True,True,False,False,True,event_id bridge between v1 manifest and v2 live DB
489,IYpcxacwS2s,AAPL,2024-03-01,True,True,False,False,True,event_id bridge between v1 manifest and v2 live DB
490,IYpcxacwS2s,NFLX,2024-03-01,True,True,False,False,True,event_id bridge between v1 manifest and v2 live DB
491,IncQgF07zCE,CRM,2024-07-27,True,True,False,False,True,event_id bridge between v1 manifest and v2 live DB
492,Jtb2d9Qowx8,GOOGL,2025-03-30,True,True,False,False,True,event_id bridge between v1 manifest and v2 live DB
493,JzGoUK4QVIk,GOOGL,2022-05-26,True,True,False,False,True,event_id bridge between v1 manifest and v2 live DB
494,JzGoUK4QVIk,GOOGL,2022-05-26,True,True,False,False,True,event_id bridge between v1 manifest and v2 live DB
495,JzGoUK4QVIk,GOOGL,2022-05-26,True,True,False,False,True,event_id bridge between v1 manifest and v2 live DB
496,K-_qencWHxA,AMZN,2024-01-05,True,True,False,False,True,event_id bridge between v1 manifest and v2 live DB
497,LAgFGbkIg3Q,AAPL,2024-01-13,True,True,False,False,True,event_id bridge between v1 manifest and v2 live DB
498,LAgFGbkIg3Q,MSFT,2024-01-13,True,True,False,False,True,event_id bridge between v1 manifest and v2 live DB
499,LODkUrGJzd0,AAPL,2024-05-08,True,True,False,False,True,event_id bridge between v1 manifest and v2 live DB
500,LX3ugn9QBCo,AMD,2025-10-12,True,True,False,False,True,event_id bridge between v1 manifest and v2 live DB
501,LX3ugn9QBCo,AMD,2025-10-12,True,True,False,False,True,event_id bridge between v1 manifest and v2 live DB
502,MQuPT2q1W94,MSFT,2023-12-22,True,True,False,False,True,event_id bridge between v1 manifest and v2 live DB
503,MQuPT2q1W94,NVDA,2023-12-22,True,True,False,False,True,event_id bridge between v1 manifest and v2 live DB
504,N2abqrg8TyA,GOOGL,2024-04-25,True,True,False,False,True,event_id bridge between v1 manifest and v2 live DB
505,N2e_N1nBlvA,AAPL,2024-05-03,True,True,False,False,True,event_id bridge between v1 manifest and v2 live DB
506,N2e_N1nBlvA,TSLA,2024-05-03,True,True,False,False,True,event_id bridge between v1 manifest and v2 live DB
507,NGNmJILVBZo,MSFT,2025-10-30,True,True,False,False,True,event_id bridge between v1 manifest and v2 live DB
508,NGNmJILVBZo,GOOGL,2025-10-30,True,True,False,False,True,event_id bridge between v1 manifest and v2 live DB
509,NGNmJILVBZo,META,2025-10-30,True,True,False,False,True,event_id bridge between v1 manifest and v2 live DB
510,NGNmJILVBZo,META,2025-10-30,True,True,False,False,True,event_id bridge between v1 manifest and v2 live DB
511,NGNmJILVBZo,NVDA,2025-10-30,True,True,False,False,True,event_id bridge between v1 manifest and v2 live DB
512,OcO4Ox388Z0,GOOGL,2021-04-01,True,True,False,False,True,event_id bridge between v1 manifest and v2 live DB
513,OcO4Ox388Z0,GOOGL,2021-04-01,True,True,False,False,True,event_id bridge between v1 manifest and v2 live DB
514,OcO4Ox388Z0,AAPL,2021-04-01,True,True,False,False,True,event_id bridge between v1 manifest and v2 live DB
515,Ot1jMl0baYo,META,2023-10-27,True,True,False,False,True,event_id bridge between v1 manifest and v2 live DB
516,Ot1jMl0baYo,AMZN,2023-10-27,True,True,False,False,True,event_id bridge between v1 manifest and v2 live DB
517,Ot1jMl0baYo,AMZN,2023-10-27,True,True,False,False,True,event_id bridge between v1 manifest and v2 live DB
518,P6wHevNNmMU,AAPL,2025-12-19,True,True,False,False,True,event_id bridge between v1 manifest and v2 live DB
519,P6wHevNNmMU,AAPL,2025-12-19,True,True,False,False,True,event_id bridge between v1 manifest and v2 live DB
520,PmODfnAbAq0,NVDA,2025-11-04,True,True,False,False,True,event_id bridge between v1 manifest and v2 live DB
521,PmODfnAbAq0,NVDA,2025-11-04,True,True,False,False,True,event_id bridge between v1 manifest and v2 live DB
522,PmODfnAbAq0,META,2025-11-04,True,True,False,False,True,event_id bridge between v1 manifest and v2 live DB
523,PmODfnAbAq0,GOOGL,2025-11-04,True,True,False,False,True,event_id bridge between v1 manifest and v2 live DB
524,Puu2pYNqcbA,AMD,2025-09-27,True,True,False,False,True,event_id bridge between v1 manifest and v2 live DB
525,QI1-fVa3k0Y,AAPL,2024-03-14,True,True,False,False,True,event_id bridge between v1 manifest and v2 live DB
526,QI1-fVa3k0Y,NVDA,2024-03-14,True,True,False,False,True,event_id bridge between v1 manifest and v2 live DB
527,QMPm2uYybHQ,AAPL,2023-11-02,True,True,False,False,True,event_id bridge between v1 manifest and v2 live DB
528,QMPm2uYybHQ,AAPL,2023-11-02,True,True,False,False,True,event_id bridge between v1 manifest and v2 live DB
529,QMPm2uYybHQ,AAPL,2023-11-02,True,True,False,False,True,event_id bridge between v1 manifest and v2 live DB
530,QMPm2uYybHQ,DIS,2023-11-02,True,True,False,False,True,event_id bridge between v1 manifest and v2 live DB
531,QWi1PAvoDlo,MSFT,2026-04-12,True,True,False,False,True,event_id bridge between v1 manifest and v2 live DB
532,QqMTP8BgSWQ,TGT,2024-10-08,True,True,False,False,True,event_id bridge between v1 manifest and v2 live DB
533,QuWT-ExuT-Q,AAPL,2026-01-01,True,True,False,False,True,event_id bridge between v1 manifest and v2 live DB
534,R6wvd_Z8B0M,AMZN,2024-01-26,True,True,False,False,True,event_id bridge between v1 manifest and v2 live DB
535,R6wvd_Z8B0M,NVDA,2024-01-26,True,True,False,False,True,event_id bridge between v1 manifest and v2 live DB
536,R6wvd_Z8B0M,NVDA,2024-01-26,True,True,False,False,True,event_id bridge between v1 manifest and v2 live DB
537,R6wvd_Z8B0M,MSFT,2024-01-26,True,True,False,False,True,event_id bridge between v1 manifest and v2 live DB
538,RKlo_dWfxSU,AMZN,2026-04-09,True,True,False,False,True,event_id bridge between v1 manifest and v2 live DB
539,Rgp84JuJ2nY,AMD,2025-09-18,True,True,False,False,True,event_id bridge between v1 manifest and v2 live DB
540,S1ukBsrglQk,AMZN,2020-07-12,True,True,False,False,True,event_id bridge between v1 manifest and v2 live DB
541,S1ukBsrglQk,AMZN,2020-07-12,True,True,False,False,True,event_id bridge between v1 manifest and v2 live DB
542,SJixRhYHKhg,AMZN,2025-09-29,True,True,False,False,True,event_id bridge between v1 manifest and v2 live DB
543,T-A3OfJxGz4,NVDA,2026-04-16,True,True,False,False,True,event_id bridge between v1 manifest and v2 live DB
544,TBhc51r61aE,GOOGL,2023-12-07,True,True,False,False,True,event_id bridge between v1 manifest and v2 live DB
545,TZKPxgRqJgg,NVDA,2025-10-03,True,True,False,False,True,event_id bridge between v1 manifest and v2 live DB
546,TcYhlMb-swE,AMZN,2023-12-01,True,True,False,False,True,event_id bridge between v1 manifest and v2 live DB
547,UGOgeUoo8S0,AAPL,2025-02-20,True,True,False,False,True,event_id bridge between v1 manifest and v2 live DB
548,V0c9kZdpiWo,TSLA,2025-11-19,True,True,False,False,True,event_id bridge between v1 manifest and v2 live DB
549,VAHDAxRNx08,META,2026-04-11,True,True,False,False,True,event_id bridge between v1 manifest and v2 live DB
550,VLGOO8yqgzs,NVDA,2025-11-22,True,True,False,False,True,event_id bridge between v1 manifest and v2 live DB
551,VLGOO8yqgzs,NVDA,2025-11-22,True,True,False,False,True,event_id bridge between v1 manifest and v2 live DB
552,VLGOO8yqgzs,MSFT,2025-11-22,True,True,False,False,True,event_id bridge between v1 manifest and v2 live DB
553,VM6-KSk5TYE,PYPL,2025-09-17,True,True,False,False,True,event_id bridge between v1 manifest and v2 live DB
554,VM6-KSk5TYE,META,2025-09-17,True,True,False,False,True,event_id bridge between v1 manifest and v2 live DB
555,VUyEZJu4eXE,AMZN,2021-04-08,True,True,False,False,True,event_id bridge between v1 manifest and v2 live DB
556,VUyEZJu4eXE,GOOGL,2021-04-08,True,True,False,False,True,event_id bridge between v1 manifest and v2 live DB
557,VUyEZJu4eXE,AAPL,2021-04-08,True,True,False,False,True,event_id bridge between v1 manifest and v2 live DB
558,XD_A6QxK6Ys,TSLA,2024-07-04,True,True,False,False,True,event_id bridge between v1 manifest and v2 live DB
559,XD_A6QxK6Ys,NVDA,2024-07-04,True,True,False,False,True,event_id bridge between v1 manifest and v2 live DB
560,XD_A6QxK6Ys,AMZN,2024-07-04,True,True,False,False,True,event_id bridge between v1 manifest and v2 live DB
561,XD_A6QxK6Ys,AAPL,2024-07-04,True,True,False,False,True,event_id bridge between v1 manifest and v2 live DB
562,X_-mIlpniv0,HOOD,2026-03-25,True,True,False,False,True,event_id bridge between v1 manifest and v2 live DB
563,X_-mIlpniv0,HOOD,2026-03-25,True,True,False,False,True,event_id bridge between v1 manifest and v2 live DB
564,X_-mIlpniv0,HOOD,2026-03-25,True,True,False,False,True,event_id bridge between v1 manifest and v2 live DB
565,X_8rqT14vnw,GOOGL,2024-01-30,True,True,False,False,True,event_id bridge between v1 manifest and v2 live DB
566,X_8rqT14vnw,GOOGL,2024-01-30,True,True,False,False,True,event_id bridge between v1 manifest and v2 live DB
567,Xguvua8LkEg,TSLA,2026-04-07,True,True,False,False,True,event_id bridge between v1 manifest and v2 live DB
568,XySu0nBipaA,AMZN,2021-07-17,True,True,False,False,True,event_id bridge between v1 manifest and v2 live DB
569,YG30s6R0kO0,PYPL,2025-10-15,True,True,False,False,True,event_id bridge between v1 manifest and v2 live DB
570,YG30s6R0kO0,GOOGL,2025-10-15,True,True,False,False,True,event_id bridge between v1 manifest and v2 live DB
571,YG30s6R0kO0,SOFI,2025-10-15,True,True,False,False,True,event_id bridge between v1 manifest and v2 live DB
572,YjNhEjkFpUI,NVDA,2024-02-22,True,True,False,False,True,event_id bridge between v1 manifest and v2 live DB
573,YsPXt3LawoQ,PYPL,2025-10-29,True,True,False,False,True,event_id bridge between v1 manifest and v2 live DB
574,YsPXt3LawoQ,PYPL,2025-10-29,True,True,False,False,True,event_id bridge between v1 manifest and v2 live DB
575,YsPXt3LawoQ,PYPL,2025-10-29,True,True,False,False,True,event_id bridge between v1 manifest and v2 live DB
576,YsPXt3LawoQ,PYPL,2025-10-29,True,True,False,False,True,event_id bridge between v1 manifest and v2 live DB
577,YsPXt3LawoQ,NVDA,2025-10-29,True,True,False,False,True,event_id bridge between v1 manifest and v2 live DB
578,ZXpwYq07qOg,MSFT,2023-05-31,True,True,False,False,True,event_id bridge between v1 manifest and v2 live DB
579,ZXpwYq07qOg,GOOGL,2023-05-31,True,True,False,False,True,event_id bridge between v1 manifest and v2 live DB
580,_4x-tMr38D0,PLTR,2026-03-31,True,True,False,False,True,event_id bridge between v1 manifest and v2 live DB
581,_VJPAZDFYVE,AMD,2025-10-13,True,True,False,False,True,event_id bridge between v1 manifest and v2 live DB
582,_r-6KPbghHQ,AMC,2024-03-29,True,True,False,False,True,event_id bridge between v1 manifest and v2 live DB
583,b2Uv6OHjme4,TSLA,2025-09-30,True,True,False,False,True,event_id bridge between v1 manifest and v2 live DB
584,cA9G2OXZXVQ,NVDA,2025-09-15,True,True,False,False,True,event_id bridge between v1 manifest and v2 live DB
585,ccjblJ_mtGw,MSFT,2023-10-25,True,True,False,False,True,event_id bridge between v1 manifest and v2 live DB
586,ccjblJ_mtGw,MSFT,2023-10-25,True,True,False,False,True,event_id bridge between v1 manifest and v2 live DB
587,clLVVcds1AI,NVDA,2025-01-27,True,True,False,False,True,event_id bridge between v1 manifest and v2 live DB
588,cswa4YVAnyM,TSLA,2024-04-26,True,True,False,False,True,event_id bridge between v1 manifest and v2 live DB
589,cswa4YVAnyM,AAPL,2024-04-26,True,True,False,False,True,event_id bridge between v1 manifest and v2 live DB
590,cswa4YVAnyM,AMZN,2024-04-26,True,True,False,False,True,event_id bridge between v1 manifest and v2 live DB
591,cswa4YVAnyM,NFLX,2024-04-26,True,True,False,False,True,event_id bridge between v1 manifest and v2 live DB
592,cswa4YVAnyM,NVDA,2024-04-26,True,True,False,False,True,event_id bridge between v1 manifest and v2 live DB
593,d5bOzoJlSs4,TSLA,2026-04-16,True,True,False,False,True,event_id bridge between v1 manifest and v2 live DB
594,dm1B5DjPP3E,NVDA,2025-11-13,True,True,False,False,True,event_id bridge between v1 manifest and v2 live DB
595,e067Z5l9jPE,ROKU,2026-04-08,True,True,False,False,True,event_id bridge between v1 manifest and v2 live DB
596,eGlv_q4KSoI,MSFT,2025-10-07,True,True,False,False,True,event_id bridge between v1 manifest and v2 live DB
597,eGlv_q4KSoI,PYPL,2025-10-07,True,True,False,False,True,event_id bridge between v1 manifest and v2 live DB
598,eGlv_q4KSoI,NFLX,2025-10-07,True,True,False,False,True,event_id bridge between v1 manifest and v2 live DB
599,eGlv_q4KSoI,AMD,2025-10-07,True,True,False,False,True,event_id bridge between v1 manifest and v2 live DB
600,eGlv_q4KSoI,AMD,2025-10-07,True,True,False,False,True,event_id bridge between v1 manifest and v2 live DB
601,eGlv_q4KSoI,AMZN,2025-10-07,True,True,False,False,True,event_id bridge between v1 manifest and v2 live DB
602,fGxKLd_vZiE,AAPL,2024-03-15,True,True,False,False,True,event_id bridge between v1 manifest and v2 live DB
603,grDxXjdWJ4g,AMZN,2025-03-26,True,True,False,False,True,event_id bridge between v1 manifest and v2 live DB
604,h6ymtWhz83M,PYPL,2023-11-01,True,True,False,False,True,event_id bridge between v1 manifest and v2 live DB
605,h6ymtWhz83M,PYPL,2023-11-01,True,True,False,False,True,event_id bridge between v1 manifest and v2 live DB
606,i6k5X9MJgKw,GOOGL,2025-10-07,True,True,False,False,True,event_id bridge between v1 manifest and v2 live DB
607,i6k5X9MJgKw,META,2025-10-07,True,True,False,False,True,event_id bridge between v1 manifest and v2 live DB
608,iNPfkVVLq2E,AMD,2024-08-01,True,True,False,False,True,event_id bridge between v1 manifest and v2 live DB
609,iNPfkVVLq2E,NVDA,2024-08-01,True,True,False,False,True,event_id bridge between v1 manifest and v2 live DB
610,iuKfWZeZQXc,AMZN,2024-07-10,True,True,False,False,True,event_id bridge between v1 manifest and v2 live DB
611,iuKfWZeZQXc,GOOGL,2024-07-10,True,True,False,False,True,event_id bridge between v1 manifest and v2 live DB
612,k3WysVWRs6U,GOOGL,2026-04-16,True,True,False,False,True,event_id bridge between v1 manifest and v2 live DB
613,kFuT8FBg-T8,AMZN,2024-02-02,True,True,False,False,True,event_id bridge between v1 manifest and v2 live DB
614,kh-qIeu-wEA,AMD,2025-09-21,True,True,False,False,True,event_id bridge between v1 manifest and v2 live DB
615,kh-qIeu-wEA,NVDA,2025-09-21,True,True,False,False,True,event_id bridge between v1 manifest and v2 live DB
616,kr9snQXliDg,SOFI,2026-04-13,True,True,False,False,True,event_id bridge between v1 manifest and v2 live DB
617,l4IqwY5nz4g,TSLA,2024-01-19,True,True,False,False,True,event_id bridge between v1 manifest and v2 live DB
618,l4IqwY5nz4g,PYPL,2024-01-19,True,True,False,False,True,event_id bridge between v1 manifest and v2 live DB
619,lPn6paBIAoM,TSLA,2024-02-22,True,True,False,False,True,event_id bridge between v1 manifest and v2 live DB
620,lv7abqWNEJs,AMD,2025-10-28,True,True,False,False,True,event_id bridge between v1 manifest and v2 live DB
621,mkeGh__GV0A,GOOGL,2023-11-25,True,True,False,False,True,event_id bridge between v1 manifest and v2 live DB
622,nHiwla2OsAc,NVDA,2024-02-02,True,True,False,False,True,event_id bridge between v1 manifest and v2 live DB
623,nHiwla2OsAc,AAPL,2024-02-02,True,True,False,False,True,event_id bridge between v1 manifest and v2 live DB
624,nHiwla2OsAc,AMZN,2024-02-02,True,True,False,False,True,event_id bridge between v1 manifest and v2 live DB
625,nQM4C_K_UpQ,AMD,2025-09-25,True,True,False,False,True,event_id bridge between v1 manifest and v2 live DB
626,nhjlm0LV4zw,PYPL,2025-10-01,True,True,False,False,True,event_id bridge between v1 manifest and v2 live DB
627,oPpUoGbiyv0,TSLA,2025-09-15,True,True,False,False,True,event_id bridge between v1 manifest and v2 live DB
628,oPpUoGbiyv0,TSLA,2025-09-15,True,True,False,False,True,event_id bridge between v1 manifest and v2 live DB
629,oPpUoGbiyv0,NVDA,2025-09-15,True,True,False,False,True,event_id bridge between v1 manifest and v2 live DB
630,oPpUoGbiyv0,NVDA,2025-09-15,True,True,False,False,True,event_id bridge between v1 manifest and v2 live DB
631,ogbJMAEePzM,NVDA,2025-11-03,True,True,False,False,True,event_id bridge between v1 manifest and v2 live DB
632,ooyo9wx08JY,GOOGL,2023-10-27,True,True,False,False,True,event_id bridge between v1 manifest and v2 live DB
633,ooyo9wx08JY,AAPL,2023-10-27,True,True,False,False,True,event_id bridge between v1 manifest and v2 live DB
634,ooyo9wx08JY,DIS,2023-10-27,True,True,False,False,True,event_id bridge between v1 manifest and v2 live DB
635,pYM6ty5nfkQ,GOOGL,2022-08-23,True,True,False,False,True,event_id bridge between v1 manifest and v2 live DB
636,pjZCTABmbhA,AMZN,2023-10-27,True,True,False,False,True,event_id bridge between v1 manifest and v2 live DB
637,rDcn3wmLoYU,PYPL,2025-10-03,True,True,False,False,True,event_id bridge between v1 manifest and v2 live DB
638,rDcn3wmLoYU,NVDA,2025-10-03,True,True,False,False,True,event_id bridge between v1 manifest and v2 live DB
639,rMWiPJxiWsE,AAPL,2021-05-04,True,True,False,False,True,event_id bridge between v1 manifest and v2 live DB
640,sRJBhyHIDHA,SOFI,2025-10-20,True,True,False,False,True,event_id bridge between v1 manifest and v2 live DB
641,sRJBhyHIDHA,META,2025-10-20,True,True,False,False,True,event_id bridge between v1 manifest and v2 live DB
642,sRJBhyHIDHA,PYPL,2025-10-20,True,True,False,False,True,event_id bridge between v1 manifest and v2 live DB
643,sUoXl_cnvEw,AMZN,2024-08-10,True,True,False,False,True,event_id bridge between v1 manifest and v2 live DB
644,sUoXl_cnvEw,GOOGL,2024-08-10,True,True,False,False,True,event_id bridge between v1 manifest and v2 live DB
645,sUoXl_cnvEw,AAPL,2024-08-10,True,True,False,False,True,event_id bridge between v1 manifest and v2 live DB
646,sUoXl_cnvEw,TSLA,2024-08-10,True,True,False,False,True,event_id bridge between v1 manifest and v2 live DB
647,sz_hSry3zJI,NVDA,2025-09-12,True,True,False,False,True,event_id bridge between v1 manifest and v2 live DB
648,uzYivf6iZts,AMZN,2025-10-23,True,True,False,False,True,event_id bridge between v1 manifest and v2 live DB
649,vcXzlFtS4RE,NFLX,2024-01-23,True,True,False,False,True,event_id bridge between v1 manifest and v2 live DB
650,vcXzlFtS4RE,NFLX,2024-01-23,True,True,False,False,True,event_id bridge between v1 manifest and v2 live DB
651,vf-5jNQNsgE,GOOGL,2023-12-09,True,True,False,False,True,event_id bridge between v1 manifest and v2 live DB
652,vpbnPcCzZmg,NVDA,2025-11-01,True,True,False,False,True,event_id bridge between v1 manifest and v2 live DB
653,vpbnPcCzZmg,NVDA,2025-11-01,True,True,False,False,True,event_id bridge between v1 manifest and v2 live DB
654,vpbnPcCzZmg,NVDA,2025-11-01,True,True,False,False,True,event_id bridge between v1 manifest and v2 live DB
655,w_B4UAOg6eE,NVDA,2023-12-03,True,True,False,False,True,event_id bridge between v1 manifest and v2 live DB
656,w_B4UAOg6eE,NVDA,2023-12-03,True,True,False,False,True,event_id bridge between v1 manifest and v2 live DB
657,w_B4UAOg6eE,NVDA,2023-12-03,True,True,False,False,True,event_id bridge between v1 manifest and v2 live DB
658,w_B4UAOg6eE,NVDA,2023-12-03,True,True,False,False,True,event_id bridge between v1 manifest and v2 live DB
659,x1CWG9Nkkms,NVDA,2024-04-16,True,True,False,False,True,event_id bridge between v1 manifest and v2 live DB
660,yBRl97boRzI,NVDA,2025-03-04,True,True,False,False,True,event_id bridge between v1 manifest and v2 live DB
661,yLQATDoXNUU,NVDA,2024-07-01,True,True,False,False,True,event_id bridge between v1 manifest and v2 live DB
662,yPX_Z4EQLh0,AMZN,2023-12-15,True,True,False,False,True,event_id bridge between v1 manifest and v2 live DB
663,yPX_Z4EQLh0,NFLX,2023-12-15,True,True,False,False,True,event_id bridge between v1 manifest and v2 live DB
664,yPX_Z4EQLh0,NFLX,2023-12-15,True,True,False,False,True,event_id bridge between v1 manifest and v2 live DB
665,yPX_Z4EQLh0,PYPL,2023-12-15,True,True,False,False,True,event_id bridge between v1 manifest and v2 live DB
666,yPX_Z4EQLh0,GOOGL,2023-12-15,True,True,False,False,True,event_id bridge between v1 manifest and v2 live DB
667,yPX_Z4EQLh0,TSLA,2023-12-15,True,True,False,False,True,event_id bridge between v1 manifest and v2 live DB
668,ycJP5cE1yOE,GOOGL,2025-11-24,True,True,False,False,True,event_id bridge between v1 manifest and v2 live DB
669,zpinxnMqFS8,META,2022-06-06,True,True,False,False,True,event_id bridge between v1 manifest and v2 live DB
670,zpinxnMqFS8,META,2022-06-06,True,True,False,False,True,event_id bridge between v1 manifest and v2 live DB
671,zpinxnMqFS8,META,2022-06-06,True,True,False,False,True,event_id bridge between v1 manifest and v2 live DB
672,zpinxnMqFS8,MSFT,2022-06-06,True,True,False,False,True,event_id bridge between v1 manifest and v2 live DB
673,zpinxnMqFS8,MSFT,2022-06-06,True,True,False,False,True,event_id bridge between v1 manifest and v2 live DB
674,zpinxnMqFS8,GOOGL,2022-06-06,True,True,False,False,True,event_id bridge between v1 manifest and v2 live DB
675,zpinxnMqFS8,AMZN,2022-06-06,True,True,False,False,True,event_id bridge between v1 manifest and v2 live DB
676,zpinxnMqFS8,AMZN,2022-06-06,True,True,False,False,True,event_id bridge between v1 manifest and v2 live DB
677,-oAVTOm2yHM,NVDA,2024-09-14,True,True,False,False,True,event_id bridge between v1 manifest and v2 live DB
678,-oAVTOm2yHM,AAPL,2024-09-14,True,True,False,False,True,event_id bridge between v1 manifest and v2 live DB
679,-oAVTOm2yHM,NFLX,2024-09-14,True,True,False,False,True,event_id bridge between v1 manifest and v2 live DB
680,2N5ecN8mPlQ,PYPL,2025-11-24,True,True,False,False,True,event_id bridge between v1 manifest and v2 live DB
681,2eyBzyijoII,NVDA,2024-08-09,True,True,False,False,True,event_id bridge between v1 manifest and v2 live DB
682,2eyBzyijoII,TSLA,2024-08-09,True,True,False,False,True,event_id bridge between v1 manifest and v2 live DB
683,4RbHcZBVnoA,PYPL,2025-11-20,True,True,False,False,True,event_id bridge between v1 manifest and v2 live DB
684,556v5h86gX4,UBER,2024-05-12,True,True,False,False,True,event_id bridge between v1 manifest and v2 live DB
685,5_wTAu9SGi8,NVDA,2025-12-31,True,True,False,False,True,event_id bridge between v1 manifest and v2 live DB
686,64u3Bn_tKiQ,AMD,2025-12-22,True,True,False,False,True,event_id bridge between v1 manifest and v2 live DB
687,7qBevLQZwaE,META,2025-11-23,True,True,False,False,True,event_id bridge between v1 manifest and v2 live DB
688,8LCfFVYJ1i8,UBER,2024-11-05,True,True,False,False,True,event_id bridge between v1 manifest and v2 live DB
689,8OYX7ddffrM,SOFI,2025-11-13,True,True,False,False,True,event_id bridge between v1 manifest and v2 live DB
690,8uvNemu6lSs,AMZN,2024-06-14,True,True,False,False,True,event_id bridge between v1 manifest and v2 live DB
691,8uvNemu6lSs,GOOGL,2024-06-14,True,True,False,False,True,event_id bridge between v1 manifest and v2 live DB
692,A-KwDB5UcBA,SOFI,2026-04-19,True,True,False,False,True,event_id bridge between v1 manifest and v2 live DB
693,A-KwDB5UcBA,SOFI,2026-04-19,True,True,False,False,True,event_id bridge between v1 manifest and v2 live DB
694,AyVCP7BVQEs,GOOGL,2025-11-28,True,True,False,False,True,event_id bridge between v1 manifest and v2 live DB
695,AyVCP7BVQEs,META,2025-11-28,True,True,False,False,True,event_id bridge between v1 manifest and v2 live DB
696,CHaKoFHkcj4,NVDA,2025-01-23,True,True,False,False,True,event_id bridge between v1 manifest and v2 live DB
697,CHaKoFHkcj4,NFLX,2025-01-23,True,True,False,False,True,event_id bridge between v1 manifest and v2 live DB
698,CKzyNHIb8C0,AMZN,2024-10-25,True,True,False,False,True,event_id bridge between v1 manifest and v2 live DB
699,CKzyNHIb8C0,AMZN,2024-10-25,True,True,False,False,True,event_id bridge between v1 manifest and v2 live DB
700,CKzyNHIb8C0,TSLA,2024-10-25,True,True,False,False,True,event_id bridge between v1 manifest and v2 live DB
701,DpX8MsVFvfo,NVDA,2024-10-31,True,True,False,False,True,event_id bridge between v1 manifest and v2 live DB
702,EZCWg6z8Ask,NVDA,2024-10-18,True,True,False,False,True,event_id bridge between v1 manifest and v2 live DB
703,G1YjWlbaXPk,MSFT,2025-02-13,True,True,False,False,True,event_id bridge between v1 manifest and v2 live DB
704,G1YjWlbaXPk,MSFT,2025-02-13,True,True,False,False,True,event_id bridge between v1 manifest and v2 live DB
705,G1YjWlbaXPk,AAPL,2025-02-13,True,True,False,False,True,event_id bridge between v1 manifest and v2 live DB
706,GWOCCKlFhMY,NVDA,2024-08-30,True,True,False,False,True,event_id bridge between v1 manifest and v2 live DB
707,GWOCCKlFhMY,NVDA,2024-08-30,True,True,False,False,True,event_id bridge between v1 manifest and v2 live DB
708,GWOCCKlFhMY,AMZN,2024-08-30,True,True,False,False,True,event_id bridge between v1 manifest and v2 live DB
709,GWOCCKlFhMY,AMZN,2024-08-30,True,True,False,False,True,event_id bridge between v1 manifest and v2 live DB
710,GWOCCKlFhMY,MSFT,2024-08-30,True,True,False,False,True,event_id bridge between v1 manifest and v2 live DB
711,IQeul6oxymE,AMD,2025-12-19,True,True,False,False,True,event_id bridge between v1 manifest and v2 live DB
712,L6RVLGK1lL4,AMD,2025-11-14,True,True,False,False,True,event_id bridge between v1 manifest and v2 live DB
713,L6RVLGK1lL4,GOOGL,2025-11-14,True,True,False,False,True,event_id bridge between v1 manifest and v2 live DB
714,L6RVLGK1lL4,GOOGL,2025-11-14,True,True,False,False,True,event_id bridge between v1 manifest and v2 live DB
715,L6RVLGK1lL4,UBER,2025-11-14,True,True,False,False,True,event_id bridge between v1 manifest and v2 live DB
716,L6RVLGK1lL4,META,2025-11-14,True,True,False,False,True,event_id bridge between v1 manifest and v2 live DB
717,L6RVLGK1lL4,META,2025-11-14,True,True,False,False,True,event_id bridge between v1 manifest and v2 live DB
718,L6RVLGK1lL4,SOFI,2025-11-14,True,True,False,False,True,event_id bridge between v1 manifest and v2 live DB
719,L6RVLGK1lL4,NVDA,2025-11-14,True,True,False,False,True,event_id bridge between v1 manifest and v2 live DB
720,MQm_kCp_U1c,AMD,2025-01-09,True,True,False,False,True,event_id bridge between v1 manifest and v2 live DB
721,MT8AzjsB0y4,TSLA,2024-10-11,True,True,False,False,True,event_id bridge between v1 manifest and v2 live DB
722,MT8AzjsB0y4,TSLA,2024-10-11,True,True,False,False,True,event_id bridge between v1 manifest and v2 live DB
723,MT8AzjsB0y4,AAPL,2024-10-11,True,True,False,False,True,event_id bridge between v1 manifest and v2 live DB
724,MT8AzjsB0y4,AMZN,2024-10-11,True,True,False,False,True,event_id bridge between v1 manifest and v2 live DB
725,MT8AzjsB0y4,NVDA,2024-10-11,True,True,False,False,True,event_id bridge between v1 manifest and v2 live DB
726,MT8AzjsB0y4,GOOGL,2024-10-11,True,True,False,False,True,event_id bridge between v1 manifest and v2 live DB
727,MT8AzjsB0y4,GOOGL,2024-10-11,True,True,False,False,True,event_id bridge between v1 manifest and v2 live DB
728,OZ5lN-viUeU,NVDA,2024-02-24,True,True,False,False,True,event_id bridge between v1 manifest and v2 live DB
729,OZ5lN-viUeU,NVDA,2024-02-24,True,True,False,False,True,event_id bridge between v1 manifest and v2 live DB
730,PBlR0_R14mA,MSFT,2024-01-31,True,True,False,False,True,event_id bridge between v1 manifest and v2 live DB
731,PBlR0_R14mA,GOOGL,2024-01-31,True,True,False,False,True,event_id bridge between v1 manifest and v2 live DB
732,PBlR0_R14mA,GOOGL,2024-01-31,True,True,False,False,True,event_id bridge between v1 manifest and v2 live DB
733,PLyn4Uhw-Hg,UBER,2025-12-08,True,True,False,False,True,event_id bridge between v1 manifest and v2 live DB
734,Pi2GdZ3dx2k,NVDA,2025-11-20,True,True,False,False,True,event_id bridge between v1 manifest and v2 live DB
735,Pi2GdZ3dx2k,UBER,2025-11-20,True,True,False,False,True,event_id bridge between v1 manifest and v2 live DB
736,S-l7D8KmXy8,AAPL,2024-08-16,True,True,False,False,True,event_id bridge between v1 manifest and v2 live DB
737,S-l7D8KmXy8,NVDA,2024-08-16,True,True,False,False,True,event_id bridge between v1 manifest and v2 live DB
738,S-l7D8KmXy8,NVDA,2024-08-16,True,True,False,False,True,event_id bridge between v1 manifest and v2 live DB
739,S-l7D8KmXy8,GOOGL,2024-08-16,True,True,False,False,True,event_id bridge between v1 manifest and v2 live DB
740,S-l7D8KmXy8,AMZN,2024-08-16,True,True,False,False,True,event_id bridge between v1 manifest and v2 live DB
741,S-l7D8KmXy8,AMZN,2024-08-16,True,True,False,False,True,event_id bridge between v1 manifest and v2 live DB
742,S-l7D8KmXy8,MSFT,2024-08-16,True,True,False,False,True,event_id bridge between v1 manifest and v2 live DB
743,S115YsuWX8g,AMD,2025-11-26,True,True,False,False,True,event_id bridge between v1 manifest and v2 live DB
744,T1O1R31FfE8,NVDA,2025-01-25,True,True,False,False,True,event_id bridge between v1 manifest and v2 live DB
745,T1O1R31FfE8,AAPL,2025-01-25,True,True,False,False,True,event_id bridge between v1 manifest and v2 live DB
746,T1O1R31FfE8,MSFT,2025-01-25,True,True,False,False,True,event_id bridge between v1 manifest and v2 live DB
747,T1O1R31FfE8,TSLA,2025-01-25,True,True,False,False,True,event_id bridge between v1 manifest and v2 live DB
748,TWyTh7zkf-o,PYPL,2024-02-08,True,True,False,False,True,event_id bridge between v1 manifest and v2 live DB
749,TWyTh7zkf-o,AMZN,2024-02-08,True,True,False,False,True,event_id bridge between v1 manifest and v2 live DB
750,ToNE55pOgLY,NVDA,2025-12-28,True,True,False,False,True,event_id bridge between v1 manifest and v2 live DB
751,U4QOkflbLNM,AMD,2026-01-07,True,True,False,False,True,event_id bridge between v1 manifest and v2 live DB
752,VUxFpwOip8Q,NVDA,2024-07-26,True,True,False,False,True,event_id bridge between v1 manifest and v2 live DB
753,W98W_y0FMko,AMZN,2024-02-05,True,True,False,False,True,event_id bridge between v1 manifest and v2 live DB
754,W98W_y0FMko,AMZN,2024-02-05,True,True,False,False,True,event_id bridge between v1 manifest and v2 live DB
755,WDoJCoKI38A,NFLX,2025-12-03,True,True,False,False,True,event_id bridge between v1 manifest and v2 live DB
756,WZr4NjBXMAQ,AMZN,2024-02-17,True,True,False,False,True,event_id bridge between v1 manifest and v2 live DB
757,WrNoXANEOLk,NVDA,2024-07-20,True,True,False,False,True,event_id bridge between v1 manifest and v2 live DB
758,WrNoXANEOLk,NVDA,2024-07-20,True,True,False,False,True,event_id bridge between v1 manifest and v2 live DB
759,WrNoXANEOLk,MSFT,2024-07-20,True,True,False,False,True,event_id bridge between v1 manifest and v2 live DB
760,WrNoXANEOLk,MSFT,2024-07-20,True,True,False,False,True,event_id bridge between v1 manifest and v2 live DB
761,WrNoXANEOLk,MSFT,2024-07-20,True,True,False,False,True,event_id bridge between v1 manifest and v2 live DB
762,WrNoXANEOLk,TSLA,2024-07-20,True,True,False,False,True,event_id bridge between v1 manifest and v2 live DB
763,WrNoXANEOLk,TSLA,2024-07-20,True,True,False,False,True,event_id bridge between v1 manifest and v2 live DB
764,WrNoXANEOLk,TSLA,2024-07-20,True,True,False,False,True,event_id bridge between v1 manifest and v2 live DB
765,XGt7kO0JSTA,MSFT,2022-10-15,True,True,False,False,True,event_id bridge between v1 manifest and v2 live DB
766,XgUGXRwt2Cs,AAPL,2025-08-18,True,True,False,False,True,event_id bridge between v1 manifest and v2 live DB
767,XgUGXRwt2Cs,AAPL,2025-08-18,True,True,False,False,True,event_id bridge between v1 manifest and v2 live DB
768,Xv8vECOjIfA,NVDA,2024-05-24,True,True,False,False,True,event_id bridge between v1 manifest and v2 live DB
769,Xv8vECOjIfA,MSFT,2024-05-24,True,True,False,False,True,event_id bridge between v1 manifest and v2 live DB
770,Xv8vECOjIfA,NFLX,2024-05-24,True,True,False,False,True,event_id bridge between v1 manifest and v2 live DB
771,YUCBI_gt8nY,AAPL,2024-08-23,True,True,False,False,True,event_id bridge between v1 manifest and v2 live DB
772,YUCBI_gt8nY,AAPL,2024-08-23,True,True,False,False,True,event_id bridge between v1 manifest and v2 live DB
773,YUCBI_gt8nY,TSLA,2024-08-23,True,True,False,False,True,event_id bridge between v1 manifest and v2 live DB
774,YUCBI_gt8nY,GOOGL,2024-08-23,True,True,False,False,True,event_id bridge between v1 manifest and v2 live DB
775,_-zDCWDR2Lw,PYPL,2025-11-21,True,True,False,False,True,event_id bridge between v1 manifest and v2 live DB
776,aC01ZzXIvhs,GOOGL,2025-12-01,True,True,False,False,True,event_id bridge between v1 manifest and v2 live DB
777,aiy_--mBQvY,GOOGL,2026-04-22,True,True,False,False,True,event_id bridge between v1 manifest and v2 live DB
778,cMqseoXj6QI,AAPL,2024-02-15,True,True,False,False,True,event_id bridge between v1 manifest and v2 live DB
779,cMqseoXj6QI,MSFT,2024-02-15,True,True,False,False,True,event_id bridge between v1 manifest and v2 live DB
780,dJmdt4xwPQs,NVDA,2025-12-09,True,True,False,False,True,event_id bridge between v1 manifest and v2 live DB
781,dJmdt4xwPQs,PYPL,2025-12-09,True,True,False,False,True,event_id bridge between v1 manifest and v2 live DB
782,dJmdt4xwPQs,PYPL,2025-12-09,True,True,False,False,True,event_id bridge between v1 manifest and v2 live DB
783,e3tDUR4uOQY,SMCI,2024-08-06,True,True,False,False,True,event_id bridge between v1 manifest and v2 live DB
784,eU1agLKOZFs,NFLX,2024-01-26,True,True,False,False,True,event_id bridge between v1 manifest and v2 live DB
785,iB_DWTJ_Qz4,AAPL,2024-02-01,True,True,False,False,True,event_id bridge between v1 manifest and v2 live DB
786,iB_DWTJ_Qz4,AMZN,2024-02-01,True,True,False,False,True,event_id bridge between v1 manifest and v2 live DB
787,igJSfk0mN1Q,MSFT,2025-06-20,True,True,False,False,True,event_id bridge between v1 manifest and v2 live DB
788,jxZjX7GqX90,NVDA,2024-09-07,True,True,False,False,True,event_id bridge between v1 manifest and v2 live DB
789,jxZjX7GqX90,GOOGL,2024-09-07,True,True,False,False,True,event_id bridge between v1 manifest and v2 live DB
790,kE7WMVMKJLA,AAPL,2023-12-26,True,True,False,False,True,event_id bridge between v1 manifest and v2 live DB
791,kE7WMVMKJLA,AAPL,2023-12-26,True,True,False,False,True,event_id bridge between v1 manifest and v2 live DB
792,kZepf6X3ObU,HOOD,2026-04-23,True,True,False,False,True,event_id bridge between v1 manifest and v2 live DB
793,kZepf6X3ObU,HOOD,2026-04-23,True,True,False,False,True,event_id bridge between v1 manifest and v2 live DB
794,kZepf6X3ObU,HOOD,2026-04-23,True,True,False,False,True,event_id bridge between v1 manifest and v2 live DB
795,mgpvDcSf3rw,MSFT,2024-01-30,True,True,False,False,True,event_id bridge between v1 manifest and v2 live DB
796,mgpvDcSf3rw,GOOGL,2024-01-30,True,True,False,False,True,event_id bridge between v1 manifest and v2 live DB
797,movlfnGuZV4,AMZN,2024-08-01,True,True,False,False,True,event_id bridge between v1 manifest and v2 live DB
798,movlfnGuZV4,AMZN,2024-08-01,True,True,False,False,True,event_id bridge between v1 manifest and v2 live DB
799,o7JOhblet2o,DIS,2022-11-17,True,True,False,False,True,event_id bridge between v1 manifest and v2 live DB
800,qO8z0crLmgQ,AAPL,2024-06-07,True,True,False,False,True,event_id bridge between v1 manifest and v2 live DB
801,qO8z0crLmgQ,GOOGL,2024-06-07,True,True,False,False,True,event_id bridge between v1 manifest and v2 live DB
802,r4394JsMBV0,AMZN,2024-02-13,True,True,False,False,True,event_id bridge between v1 manifest and v2 live DB
803,rKhsYu_9Trw,AMD,2025-11-12,True,True,False,False,True,event_id bridge between v1 manifest and v2 live DB
804,sZe5wohROtE,NVDA,2025-12-17,True,True,False,False,True,event_id bridge between v1 manifest and v2 live DB
805,uQASTitwUrs,NFLX,2022-10-11,True,True,False,False,True,event_id bridge between v1 manifest and v2 live DB
806,wsHCMWViys4,UBER,2026-04-17,True,True,False,False,True,event_id bridge between v1 manifest and v2 live DB
807,xWs2FWXdmBE,PYPL,2025-11-30,True,True,False,False,True,event_id bridge between v1 manifest and v2 live DB
808,xaiENctxhXk,PYPL,2026-02-05,True,True,False,False,True,event_id bridge between v1 manifest and v2 live DB
809,zWlM8Gw8Pmo,AMZN,2024-02-07,True,True,False,False,True,event_id bridge between v1 manifest and v2 live DB
810,-NybGF20r84,AMZN,2026-03-01,True,True,False,False,True,event_id bridge between v1 manifest and v2 live DB
811,42RfznSu91o,PYPL,2025-12-28,True,True,False,False,True,event_id bridge between v1 manifest and v2 live DB
812,5DEhNDP7LTM,NVDA,2026-01-03,True,True,False,False,True,event_id bridge between v1 manifest and v2 live DB
813,6hljr9_6cDw,AMZN,2026-04-26,True,True,False,False,True,event_id bridge between v1 manifest and v2 live DB
814,7QXx3FmuVLI,PYPL,2024-04-29,True,True,False,False,True,event_id bridge between v1 manifest and v2 live DB
815,7QXx3FmuVLI,AMD,2024-04-29,True,True,False,False,True,event_id bridge between v1 manifest and v2 live DB
816,8PNFMVvAfeI,AMZN,2025-04-16,True,True,False,False,True,event_id bridge between v1 manifest and v2 live DB
817,8PNFMVvAfeI,AMZN,2025-04-16,True,True,False,False,True,event_id bridge between v1 manifest and v2 live DB
818,8WVdvD0wjW8,TSLA,2025-03-19,True,True,False,False,True,event_id bridge between v1 manifest and v2 live DB
819,8WVdvD0wjW8,AMZN,2025-03-19,True,True,False,False,True,event_id bridge between v1 manifest and v2 live DB
820,AV-QiCiuAU8,NVDA,2024-05-22,True,True,False,False,True,event_id bridge between v1 manifest and v2 live DB
821,AV-QiCiuAU8,NVDA,2024-05-22,True,True,False,False,True,event_id bridge between v1 manifest and v2 live DB
822,BRFOIgoRoeM,AMZN,2025-01-12,True,True,False,False,True,event_id bridge between v1 manifest and v2 live DB
823,BRFOIgoRoeM,TSLA,2025-01-12,True,True,False,False,True,event_id bridge between v1 manifest and v2 live DB
824,BRFOIgoRoeM,TSLA,2025-01-12,True,True,False,False,True,event_id bridge between v1 manifest and v2 live DB
825,BRFOIgoRoeM,GOOGL,2025-01-12,True,True,False,False,True,event_id bridge between v1 manifest and v2 live DB
826,CXppu0L0ASk,UBER,2026-04-26,True,True,False,False,True,event_id bridge between v1 manifest and v2 live DB
827,CXppu0L0ASk,UBER,2026-04-26,True,True,False,False,True,event_id bridge between v1 manifest and v2 live DB
828,DM3gCwoIpRk,MSFT,2024-03-27,True,True,False,False,True,event_id bridge between v1 manifest and v2 live DB
829,DM3gCwoIpRk,AMZN,2024-03-27,True,True,False,False,True,event_id bridge between v1 manifest and v2 live DB
830,DM3gCwoIpRk,GOOGL,2024-03-27,True,True,False,False,True,event_id bridge between v1 manifest and v2 live DB
831,DM3gCwoIpRk,NVDA,2024-03-27,True,True,False,False,True,event_id bridge between v1 manifest and v2 live DB
832,FKtytrIH-PU,META,2026-01-16,True,True,False,False,True,event_id bridge between v1 manifest and v2 live DB
833,FtyHVuOfGKo,NVDA,2026-01-29,True,True,False,False,True,event_id bridge between v1 manifest and v2 live DB
834,FyHsqIbfFLk,GOOGL,2024-04-25,True,True,False,False,True,event_id bridge between v1 manifest and v2 live DB
835,FyHsqIbfFLk,GOOGL,2024-04-25,True,True,False,False,True,event_id bridge between v1 manifest and v2 live DB
836,GWSEhkOgL5Q,GOOGL,2026-02-04,True,True,False,False,True,event_id bridge between v1 manifest and v2 live DB
837,Ip8Lpa_0nmI,NVDA,2025-05-03,True,True,False,False,True,event_id bridge between v1 manifest and v2 live DB
838,Ip8Lpa_0nmI,GOOGL,2025-05-03,True,True,False,False,True,event_id bridge between v1 manifest and v2 live DB
839,Ip8Lpa_0nmI,AMZN,2025-05-03,True,True,False,False,True,event_id bridge between v1 manifest and v2 live DB
840,KmdDY5LadsQ,SOFI,2025-06-11,True,True,False,False,True,event_id bridge between v1 manifest and v2 live DB
841,KmdDY5LadsQ,SOFI,2025-06-11,True,True,False,False,True,event_id bridge between v1 manifest and v2 live DB
842,KrmkOLL2IWE,NVDA,2024-12-14,True,True,False,False,True,event_id bridge between v1 manifest and v2 live DB
843,KrmkOLL2IWE,GOOGL,2024-12-14,True,True,False,False,True,event_id bridge between v1 manifest and v2 live DB
844,KrmkOLL2IWE,MSFT,2024-12-14,True,True,False,False,True,event_id bridge between v1 manifest and v2 live DB
845,Ming72kfHAM,AAPL,2024-05-16,True,True,False,False,True,event_id bridge between v1 manifest and v2 live DB
846,Ming72kfHAM,AAPL,2024-05-16,True,True,False,False,True,event_id bridge between v1 manifest and v2 live DB
847,Peycp01r6u4,AMZN,2024-11-29,True,True,False,False,True,event_id bridge between v1 manifest and v2 live DB
848,Peycp01r6u4,TSLA,2024-11-29,True,True,False,False,True,event_id bridge between v1 manifest and v2 live DB
849,Peycp01r6u4,AAPL,2024-11-29,True,True,False,False,True,event_id bridge between v1 manifest and v2 live DB
850,Peycp01r6u4,MSFT,2024-11-29,True,True,False,False,True,event_id bridge between v1 manifest and v2 live DB
851,Q9SL7uRBHT4,AMD,2026-01-30,True,True,False,False,True,event_id bridge between v1 manifest and v2 live DB
852,QPJ60pzn_EA,TSLA,2026-01-29,True,True,False,False,True,event_id bridge between v1 manifest and v2 live DB
853,QPJ60pzn_EA,TSLA,2026-01-29,True,True,False,False,True,event_id bridge between v1 manifest and v2 live DB
854,QPJ60pzn_EA,AMZN,2026-01-29,True,True,False,False,True,event_id bridge between v1 manifest and v2 live DB
855,QPJ60pzn_EA,MSFT,2026-01-29,True,True,False,False,True,event_id bridge between v1 manifest and v2 live DB
856,QWBRTE_h4X0,SOFI,2026-01-04,True,True,False,False,True,event_id bridge between v1 manifest and v2 live DB
857,QoXefyYRu18,GOOGL,2025-04-22,True,True,False,False,True,event_id bridge between v1 manifest and v2 live DB
858,RQMrqHyfZbM,META,2026-04-27,True,True,False,False,True,event_id bridge between v1 manifest and v2 live DB
859,SY9ORvJVagQ,META,2026-04-24,True,True,False,False,True,event_id bridge between v1 manifest and v2 live DB
860,SY9ORvJVagQ,META,2026-04-24,True,True,False,False,True,event_id bridge between v1 manifest and v2 live DB
861,Tzra-Zi2dtA,GOOGL,2022-11-30,True,True,False,False,True,event_id bridge between v1 manifest and v2 live DB
862,UV9Ys584C6A,PYPL,2026-02-15,True,True,False,False,True,event_id bridge between v1 manifest and v2 live DB
863,UsYehoYUVjU,AMZN,2026-04-24,True,True,False,False,True,event_id bridge between v1 manifest and v2 live DB
864,UsYehoYUVjU,AMZN,2026-04-24,True,True,False,False,True,event_id bridge between v1 manifest and v2 live DB
865,VHaU-KUxg7E,GOOGL,2024-04-17,True,True,False,False,True,event_id bridge between v1 manifest and v2 live DB
866,Va0eNSWGyg4,NVDA,2026-02-25,True,True,False,False,True,event_id bridge between v1 manifest and v2 live DB
867,W2iQpv3_7oY,PYPL,2026-01-05,True,True,False,False,True,event_id bridge between v1 manifest and v2 live DB
868,XN9IW9kvZ3U,NVDA,2025-12-31,True,True,False,False,True,event_id bridge between v1 manifest and v2 live DB
869,XN9IW9kvZ3U,NVDA,2025-12-31,True,True,False,False,True,event_id bridge between v1 manifest and v2 live DB
870,XN9IW9kvZ3U,AMD,2025-12-31,True,True,False,False,True,event_id bridge between v1 manifest and v2 live DB
871,Xi9WAWFTUhs,TSLA,2025-01-18,True,True,False,False,True,event_id bridge between v1 manifest and v2 live DB
872,Xi9WAWFTUhs,AAPL,2025-01-18,True,True,False,False,True,event_id bridge between v1 manifest and v2 live DB
873,Xi9WAWFTUhs,MSFT,2025-01-18,True,True,False,False,True,event_id bridge between v1 manifest and v2 live DB
874,ZoNcukTNJWU,NVDA,2026-01-16,True,True,False,False,True,event_id bridge between v1 manifest and v2 live DB
875,ZoNcukTNJWU,AMD,2026-01-16,True,True,False,False,True,event_id bridge between v1 manifest and v2 live DB
876,Zr58IwUcOGA,MSFT,2024-12-27,True,True,False,False,True,event_id bridge between v1 manifest and v2 live DB
877,Zr58IwUcOGA,MSFT,2024-12-27,True,True,False,False,True,event_id bridge between v1 manifest and v2 live DB
878,Zr58IwUcOGA,NFLX,2024-12-27,True,True,False,False,True,event_id bridge between v1 manifest and v2 live DB
879,_XxCzacLTjM,TSLA,2025-01-03,True,True,False,False,True,event_id bridge between v1 manifest and v2 live DB
880,_XxCzacLTjM,NFLX,2025-01-03,True,True,False,False,True,event_id bridge between v1 manifest and v2 live DB
881,bJEMMnsCnAI,NFLX,2026-01-12,True,True,False,False,True,event_id bridge between v1 manifest and v2 live DB
882,bJEMMnsCnAI,NFLX,2026-01-12,True,True,False,False,True,event_id bridge between v1 manifest and v2 live DB
883,bJEMMnsCnAI,MSFT,2026-01-12,True,True,False,False,True,event_id bridge between v1 manifest and v2 live DB
884,bJEMMnsCnAI,AMZN,2026-01-12,True,True,False,False,True,event_id bridge between v1 manifest and v2 live DB
885,cDD2rxBhMgo,AAPL,2024-12-06,True,True,False,False,True,event_id bridge between v1 manifest and v2 live DB
886,cDD2rxBhMgo,GOOGL,2024-12-06,True,True,False,False,True,event_id bridge between v1 manifest and v2 live DB
887,dAN6LHn21qw,TSLA,2024-04-22,True,True,False,False,True,event_id bridge between v1 manifest and v2 live DB
888,dAN6LHn21qw,MSFT,2024-04-22,True,True,False,False,True,event_id bridge between v1 manifest and v2 live DB
889,dAN6LHn21qw,GOOGL,2024-04-22,True,True,False,False,True,event_id bridge between v1 manifest and v2 live DB
890,dAN6LHn21qw,GOOGL,2024-04-22,True,True,False,False,True,event_id bridge between v1 manifest and v2 live DB
891,deZJaYmRzh0,AMZN,2025-05-14,True,True,False,False,True,event_id bridge between v1 manifest and v2 live DB
892,elRyn1ICfXo,TSLA,2024-11-09,True,True,False,False,True,event_id bridge between v1 manifest and v2 live DB
893,elRyn1ICfXo,AMZN,2024-11-09,True,True,False,False,True,event_id bridge between v1 manifest and v2 live DB
894,elRyn1ICfXo,MSFT,2024-11-09,True,True,False,False,True,event_id bridge between v1 manifest and v2 live DB
895,elRyn1ICfXo,NFLX,2024-11-09,True,True,False,False,True,event_id bridge between v1 manifest and v2 live DB
896,epiPR0k7XJI,UBER,2025-12-17,True,True,False,False,True,event_id bridge between v1 manifest and v2 live DB
897,epiPR0k7XJI,PYPL,2025-12-17,True,True,False,False,True,event_id bridge between v1 manifest and v2 live DB
898,fOznSynSQEA,META,2026-01-25,True,True,False,False,True,event_id bridge between v1 manifest and v2 live DB
899,flgfribAxYM,AAPL,2024-05-06,True,True,False,False,True,event_id bridge between v1 manifest and v2 live DB
900,flgfribAxYM,AAPL,2024-05-06,True,True,False,False,True,event_id bridge between v1 manifest and v2 live DB
901,flgfribAxYM,AAPL,2024-05-06,True,True,False,False,True,event_id bridge between v1 manifest and v2 live DB
902,flgfribAxYM,AAPL,2024-05-06,True,True,False,False,True,event_id bridge between v1 manifest and v2 live DB
903,flgfribAxYM,AAPL,2024-05-06,True,True,False,False,True,event_id bridge between v1 manifest and v2 live DB
904,flgfribAxYM,AAPL,2024-05-06,True,True,False,False,True,event_id bridge between v1 manifest and v2 live DB
905,flgfribAxYM,AAPL,2024-05-06,True,True,False,False,True,event_id bridge between v1 manifest and v2 live DB
906,flgfribAxYM,AAPL,2024-05-06,True,True,False,False,True,event_id bridge between v1 manifest and v2 live DB
907,flgfribAxYM,AAPL,2024-05-06,True,True,False,False,True,event_id bridge between v1 manifest and v2 live DB
908,gK5KPzRYb-8,NFLX,2024-12-20,True,True,False,False,True,event_id bridge between v1 manifest and v2 live DB
909,gK5KPzRYb-8,NVDA,2024-12-20,True,True,False,False,True,event_id bridge between v1 manifest and v2 live DB
910,gK5KPzRYb-8,NVDA,2024-12-20,True,True,False,False,True,event_id bridge between v1 manifest and v2 live DB
911,gK5KPzRYb-8,NVDA,2024-12-20,True,True,False,False,True,event_id bridge between v1 manifest and v2 live DB
912,gK5KPzRYb-8,MSFT,2024-12-20,True,True,False,False,True,event_id bridge between v1 manifest and v2 live DB
913,gK5KPzRYb-8,GOOGL,2024-12-20,True,True,False,False,True,event_id bridge between v1 manifest and v2 live DB
914,gK5KPzRYb-8,AMZN,2024-12-20,True,True,False,False,True,event_id bridge between v1 manifest and v2 live DB
915,jkuQjEyfKwM,AMD,2026-01-20,True,True,False,False,True,event_id bridge between v1 manifest and v2 live DB
916,jn3unywFg24,MSFT,2026-01-14,True,True,False,False,True,event_id bridge between v1 manifest and v2 live DB
917,jn3unywFg24,NFLX,2026-01-14,True,True,False,False,True,event_id bridge between v1 manifest and v2 live DB
918,jn3unywFg24,NVDA,2026-01-14,True,True,False,False,True,event_id bridge between v1 manifest and v2 live DB
919,jx629-rrP2w,MSFT,2025-01-30,True,True,False,False,True,event_id bridge between v1 manifest and v2 live DB
920,kOIWF9NNGaY,AAPL,2025-12-13,True,True,False,False,True,event_id bridge between v1 manifest and v2 live DB
921,kpGvfsjDrus,AMD,2026-04-28,True,True,False,False,True,event_id bridge between v1 manifest and v2 live DB
922,kpGvfsjDrus,AMD,2026-04-28,True,True,False,False,True,event_id bridge between v1 manifest and v2 live DB
923,kpGvfsjDrus,AMD,2026-04-28,True,True,False,False,True,event_id bridge between v1 manifest and v2 live DB
924,lBbrekG9mJc,DIS,2025-05-21,True,True,False,False,True,event_id bridge between v1 manifest and v2 live DB
925,mxLmmO0JHTM,GOOGL,2025-09-17,True,True,False,False,True,event_id bridge between v1 manifest and v2 live DB
926,mxLmmO0JHTM,GOOGL,2025-09-17,True,True,False,False,True,event_id bridge between v1 manifest and v2 live DB
927,ntKIeUrxyws,AAPL,2025-03-12,True,True,False,False,True,event_id bridge between v1 manifest and v2 live DB
928,ntKIeUrxyws,AAPL,2025-03-12,True,True,False,False,True,event_id bridge between v1 manifest and v2 live DB
929,oEA_Yfd3ilE,TSLA,2024-12-29,True,True,False,False,True,event_id bridge between v1 manifest and v2 live DB
930,piBEBxMfg8U,AAPL,2024-05-03,True,True,False,False,True,event_id bridge between v1 manifest and v2 live DB
931,rURV8SvxbEw,AMZN,2024-04-11,True,True,False,False,True,event_id bridge between v1 manifest and v2 live DB
932,rURV8SvxbEw,AMZN,2024-04-11,True,True,False,False,True,event_id bridge between v1 manifest and v2 live DB
933,rURV8SvxbEw,AMZN,2024-04-11,True,True,False,False,True,event_id bridge between v1 manifest and v2 live DB
934,sJZUBYjsuRM,META,2026-01-13,True,True,False,False,True,event_id bridge between v1 manifest and v2 live DB
935,sJZUBYjsuRM,AMZN,2026-01-13,True,True,False,False,True,event_id bridge between v1 manifest and v2 live DB
936,tTgdBy6R790,GOOGL,2025-03-06,True,True,False,False,True,event_id bridge between v1 manifest and v2 live DB
937,tTgdBy6R790,UBER,2025-03-06,True,True,False,False,True,event_id bridge between v1 manifest and v2 live DB
938,tTgdBy6R790,UBER,2025-03-06,True,True,False,False,True,event_id bridge between v1 manifest and v2 live DB
939,tTgdBy6R790,AMD,2025-03-06,True,True,False,False,True,event_id bridge between v1 manifest and v2 live DB
940,vjBYxPhdNr4,GOOGL,2024-04-24,True,True,False,False,True,event_id bridge between v1 manifest and v2 live DB
941,x7UTYS2-fMU,NVDA,2026-01-13,True,True,False,False,True,event_id bridge between v1 manifest and v2 live DB
942,x7UTYS2-fMU,NVDA,2026-01-13,True,True,False,False,True,event_id bridge between v1 manifest and v2 live DB
943,xmAs_Dg9QNM,UBER,2026-01-05,True,True,False,False,True,event_id bridge between v1 manifest and v2 live DB
944,xmAs_Dg9QNM,NFLX,2026-01-05,True,True,False,False,True,event_id bridge between v1 manifest and v2 live DB
945,yyyGluuHR8g,AMZN,2025-03-15,True,True,False,False,True,event_id bridge between v1 manifest and v2 live DB
946,-IAtgzC9VhA,AAPL,2026-05-04,True,True,False,False,True,event_id bridge between v1 manifest and v2 live DB
947,-IAtgzC9VhA,AAPL,2026-05-04,True,True,False,False,True,event_id bridge between v1 manifest and v2 live DB
948,18A3qOqj3Uw,AMZN,2026-02-19,True,True,False,False,True,event_id bridge between v1 manifest and v2 live DB
949,18A3qOqj3Uw,GOOGL,2026-02-19,True,True,False,False,True,event_id bridge between v1 manifest and v2 live DB
950,18A3qOqj3Uw,NVDA,2026-02-19,True,True,False,False,True,event_id bridge between v1 manifest and v2 live DB
951,1RmU4ZvQYDY,MSFT,2026-05-05,True,True,False,False,True,event_id bridge between v1 manifest and v2 live DB
952,3e8N4gHdpWg,NFLX,2025-03-21,True,True,False,False,True,event_id bridge between v1 manifest and v2 live DB
953,3e8N4gHdpWg,TSLA,2025-03-21,True,True,False,False,True,event_id bridge between v1 manifest and v2 live DB
954,5c6eH0YNPWE,AMZN,2026-02-20,True,True,False,False,True,event_id bridge between v1 manifest and v2 live DB
955,6TKfI_EMSLc,GOOGL,2026-03-31,True,True,False,False,True,event_id bridge between v1 manifest and v2 live DB
956,6qv208HC3UY,MSFT,2024-09-25,True,True,False,False,True,event_id bridge between v1 manifest and v2 live DB
957,6qv208HC3UY,MSFT,2024-09-25,True,True,False,False,True,event_id bridge between v1 manifest and v2 live DB
958,7IEqtb8Ww9c,UBER,2026-02-01,True,True,False,False,True,event_id bridge between v1 manifest and v2 live DB
959,7tgcSuxRSb4,MSFT,2024-10-30,True,True,False,False,True,event_id bridge between v1 manifest and v2 live DB
960,8VTAAFMq81Y,NFLX,2026-02-18,True,True,False,False,True,event_id bridge between v1 manifest and v2 live DB
961,95BaBmr8jH0,GOOGL,2025-12-23,True,True,False,False,True,event_id bridge between v1 manifest and v2 live DB
962,ATrJZ_TLvbs,GOOGL,2025-11-20,True,True,False,False,True,event_id bridge between v1 manifest and v2 live DB
963,ATrJZ_TLvbs,GOOGL,2025-11-20,True,True,False,False,True,event_id bridge between v1 manifest and v2 live DB
964,ATrJZ_TLvbs,AAPL,2025-11-20,True,True,False,False,True,event_id bridge between v1 manifest and v2 live DB
965,B5gwzT7O0fE,GOOGL,2024-10-11,True,True,False,False,True,event_id bridge between v1 manifest and v2 live DB
966,BWZPxiXrrHA,MSFT,2024-09-30,True,True,False,False,True,event_id bridge between v1 manifest and v2 live DB
967,CspT5_OlGik,MSFT,2021-03-08,True,True,False,False,True,event_id bridge between v1 manifest and v2 live DB
968,FTRoNZOolRY,MSFT,2024-12-06,True,True,False,False,True,event_id bridge between v1 manifest and v2 live DB
969,Fr68_uKiwjc,AAPL,2025-06-25,True,True,False,False,True,event_id bridge between v1 manifest and v2 live DB
970,Fr68_uKiwjc,GOOGL,2025-06-25,True,True,False,False,True,event_id bridge between v1 manifest and v2 live DB
971,HKB74bKP5mo,GOOGL,2025-11-14,True,True,False,False,True,event_id bridge between v1 manifest and v2 live DB
972,IXRr4b8tk3k,HOOD,2026-02-08,True,True,False,False,True,event_id bridge between v1 manifest and v2 live DB
973,IXRr4b8tk3k,PYPL,2026-02-08,True,True,False,False,True,event_id bridge between v1 manifest and v2 live DB
974,IXRr4b8tk3k,PYPL,2026-02-08,True,True,False,False,True,event_id bridge between v1 manifest and v2 live DB
975,KKtAToe8Gm4,AMD,2026-01-25,True,True,False,False,True,event_id bridge between v1 manifest and v2 live DB
976,Ld4zhcEYzSE,PYPL,2025-07-29,True,True,False,False,True,event_id bridge between v1 manifest and v2 live DB
977,NE7cuy7AxYQ,AMD,2026-02-19,True,True,False,False,True,event_id bridge between v1 manifest and v2 live DB
978,NE7cuy7AxYQ,AMD,2026-02-19,True,True,False,False,True,event_id bridge between v1 manifest and v2 live DB
979,NE7cuy7AxYQ,NVDA,2026-02-19,True,True,False,False,True,event_id bridge between v1 manifest and v2 live DB
980,NE7cuy7AxYQ,SOFI,2026-02-19,True,True,False,False,True,event_id bridge between v1 manifest and v2 live DB
981,NE7cuy7AxYQ,AAPL,2026-02-19,True,True,False,False,True,event_id bridge between v1 manifest and v2 live DB
982,RjSum3OUNqw,AAPL,2025-03-28,True,True,False,False,True,event_id bridge between v1 manifest and v2 live DB
983,RjSum3OUNqw,NVDA,2025-03-28,True,True,False,False,True,event_id bridge between v1 manifest and v2 live DB
984,RjSum3OUNqw,AMZN,2025-03-28,True,True,False,False,True,event_id bridge between v1 manifest and v2 live DB
985,Rx68Sf3y500,PYPL,2024-08-01,True,True,False,False,True,event_id bridge between v1 manifest and v2 live DB
986,Rx68Sf3y500,PYPL,2024-08-01,True,True,False,False,True,event_id bridge between v1 manifest and v2 live DB
987,Rx68Sf3y500,PYPL,2024-08-01,True,True,False,False,True,event_id bridge between v1 manifest and v2 live DB
988,S7Y8rTGurSc,NVDA,2026-03-21,True,True,False,False,True,event_id bridge between v1 manifest and v2 live DB
989,Sq4McaiFM3I,GOOGL,2026-01-09,True,True,False,False,True,event_id bridge between v1 manifest and v2 live DB
990,Sq4McaiFM3I,GOOGL,2026-01-09,True,True,False,False,True,event_id bridge between v1 manifest and v2 live DB
991,Sq4McaiFM3I,UBER,2026-01-09,True,True,False,False,True,event_id bridge between v1 manifest and v2 live DB
992,Sq4McaiFM3I,AAPL,2026-01-09,True,True,False,False,True,event_id bridge between v1 manifest and v2 live DB
993,SyvKBT4Uv7M,TSLA,2024-11-05,True,True,False,False,True,event_id bridge between v1 manifest and v2 live DB
994,SyvKBT4Uv7M,TSLA,2024-11-05,True,True,False,False,True,event_id bridge between v1 manifest and v2 live DB
995,UTpQ9y4jlJM,GOOGL,2025-07-02,True,True,False,False,True,event_id bridge between v1 manifest and v2 live DB
996,UWtNR1yleKQ,AMD,2025-07-09,True,True,False,False,True,event_id bridge between v1 manifest and v2 live DB
997,UWtNR1yleKQ,GOOGL,2025-07-09,True,True,False,False,True,event_id bridge between v1 manifest and v2 live DB
998,YN4eorNiVkQ,AAPL,2022-10-02,True,True,False,False,True,event_id bridge between v1 manifest and v2 live DB
999,YN4eorNiVkQ,AAPL,2022-10-02,True,True,False,False,True,event_id bridge between v1 manifest and v2 live DB
1000,YN4eorNiVkQ,AAPL,2022-10-02,True,True,False,False,True,event_id bridge between v1 manifest and v2 live DB
1001,YN4eorNiVkQ,AAPL,2022-10-02,True,True,False,False,True,event_id bridge between v1 manifest and v2 live DB
1002,YUNoaXRIvwU,UBER,2025-02-05,True,True,False,False,True,event_id bridge between v1 manifest and v2 live DB
1003,YUNoaXRIvwU,NFLX,2025-02-05,True,True,False,False,True,event_id bridge between v1 manifest and v2 live DB
1004,_AU4Rj6WnPw,AMZN,2024-09-26,True,True,False,False,True,event_id bridge between v1 manifest and v2 live DB
1005,aGMuqlTH0rU,NVDA,2026-02-11,True,True,False,False,True,event_id bridge between v1 manifest and v2 live DB
1006,fWS-LA-9gZ8,NVDA,2025-03-07,True,True,False,False,True,event_id bridge between v1 manifest and v2 live DB
1007,fqLoYCVHQdk,AMZN,2026-05-03,True,True,False,False,True,event_id bridge between v1 manifest and v2 live DB
1008,gA9gqoTFT3U,AMZN,2025-04-04,True,True,False,False,True,event_id bridge between v1 manifest and v2 live DB
1009,iGSojuWBg20,TSLA,2026-01-03,True,True,False,False,True,event_id bridge between v1 manifest and v2 live DB
1010,ilqte36NThc,AMZN,2025-02-28,True,True,False,False,True,event_id bridge between v1 manifest and v2 live DB
1011,ilqte36NThc,TSLA,2025-02-28,True,True,False,False,True,event_id bridge between v1 manifest and v2 live DB
1012,ilqte36NThc,GOOGL,2025-02-28,True,True,False,False,True,event_id bridge between v1 manifest and v2 live DB
1013,ilqte36NThc,GOOGL,2025-02-28,True,True,False,False,True,event_id bridge between v1 manifest and v2 live DB
1014,ilqte36NThc,AAPL,2025-02-28,True,True,False,False,True,event_id bridge between v1 manifest and v2 live DB
1015,ilqte36NThc,NVDA,2025-02-28,True,True,False,False,True,event_id bridge between v1 manifest and v2 live DB
1016,ilqte36NThc,NVDA,2025-02-28,True,True,False,False,True,event_id bridge between v1 manifest and v2 live DB
1017,ilqte36NThc,MSFT,2025-02-28,True,True,False,False,True,event_id bridge between v1 manifest and v2 live DB
1018,ilqte36NThc,MSFT,2025-02-28,True,True,False,False,True,event_id bridge between v1 manifest and v2 live DB
1019,jngGZ353LOo,AAPL,2024-11-27,True,True,False,False,True,event_id bridge between v1 manifest and v2 live DB
1020,jngGZ353LOo,AAPL,2024-11-27,True,True,False,False,True,event_id bridge between v1 manifest and v2 live DB
1021,nU9e3rhyYPc,AMZN,2025-02-14,True,True,False,False,True,event_id bridge between v1 manifest and v2 live DB
1022,nU9e3rhyYPc,GOOGL,2025-02-14,True,True,False,False,True,event_id bridge between v1 manifest and v2 live DB
1023,p9ARdxW280Y,TSLA,2025-01-30,True,True,False,False,True,event_id bridge between v1 manifest and v2 live DB
1024,qywRMvAMJnM,MSFT,2026-02-25,True,True,False,False,True,event_id bridge between v1 manifest and v2 live DB
1025,rUm6ZNT0jEE,AMZN,2025-03-15,True,True,False,False,True,event_id bridge between v1 manifest and v2 live DB
1026,rUm6ZNT0jEE,TSLA,2025-03-15,True,True,False,False,True,event_id bridge between v1 manifest and v2 live DB
1027,rUm6ZNT0jEE,TSLA,2025-03-15,True,True,False,False,True,event_id bridge between v1 manifest and v2 live DB
1028,rUm6ZNT0jEE,TSLA,2025-03-15,True,True,False,False,True,event_id bridge between v1 manifest and v2 live DB
1029,rUm6ZNT0jEE,NFLX,2025-03-15,True,True,False,False,True,event_id bridge between v1 manifest and v2 live DB
1030,rUm6ZNT0jEE,MSFT,2025-03-15,True,True,False,False,True,event_id bridge between v1 manifest and v2 live DB
1031,toFV-kmwsf0,GOOGL,2025-02-08,True,True,False,False,True,event_id bridge between v1 manifest and v2 live DB
1032,toFV-kmwsf0,GOOGL,2025-02-08,True,True,False,False,True,event_id bridge between v1 manifest and v2 live DB
1033,toFV-kmwsf0,GOOGL,2025-02-08,True,True,False,False,True,event_id bridge between v1 manifest and v2 live DB
1034,toFV-kmwsf0,NVDA,2025-02-08,True,True,False,False,True,event_id bridge between v1 manifest and v2 live DB
1035,toFV-kmwsf0,TSLA,2025-02-08,True,True,False,False,True,event_id bridge between v1 manifest and v2 live DB
1036,toFV-kmwsf0,TSLA,2025-02-08,True,True,False,False,True,event_id bridge between v1 manifest and v2 live DB
1037,toFV-kmwsf0,AMZN,2025-02-08,True,True,False,False,True,event_id bridge between v1 manifest and v2 live DB
1038,toFV-kmwsf0,MSFT,2025-02-08,True,True,False,False,True,event_id bridge between v1 manifest and v2 live DB
1039,uJi4KdcuHPQ,GOOGL,2024-10-08,True,True,False,False,True,event_id bridge between v1 manifest and v2 live DB
1040,uJi4KdcuHPQ,GOOGL,2024-10-08,True,True,False,False,True,event_id bridge between v1 manifest and v2 live DB
1041,uJi4KdcuHPQ,GOOGL,2024-10-08,True,True,False,False,True,event_id bridge between v1 manifest and v2 live DB
1042,ueMEh6rTTm4,SOFI,2026-02-19,True,True,False,False,True,event_id bridge between v1 manifest and v2 live DB
1043,vRT41fint9A,CRM,2025-08-13,True,True,False,False,True,event_id bridge between v1 manifest and v2 live DB
1044,vRT41fint9A,NVDA,2025-08-13,True,True,False,False,True,event_id bridge between v1 manifest and v2 live DB
1045,wco0o71LYmk,AMZN,2024-10-31,True,True,False,False,True,event_id bridge between v1 manifest and v2 live DB
1046,wco0o71LYmk,MSFT,2024-10-31,True,True,False,False,True,event_id bridge between v1 manifest and v2 live DB
1047,yC9c0lZj77w,AMZN,2025-02-06,True,True,False,False,True,event_id bridge between v1 manifest and v2 live DB
1048,yC9c0lZj77w,AMZN,2025-02-06,True,True,False,False,True,event_id bridge between v1 manifest and v2 live DB
1049,y_wftxsICXQ,NVDA,2026-02-18,True,True,False,False,True,event_id bridge between v1 manifest and v2 live DB
1050,y_wftxsICXQ,NVDA,2026-02-18,True,True,False,False,True,event_id bridge between v1 manifest and v2 live DB
1051,y_wftxsICXQ,META,2026-02-18,True,True,False,False,True,event_id bridge between v1 manifest and v2 live DB
1052,z2Qc6dt5AxU,DIS,2025-11-27,True,True,False,False,True,event_id bridge between v1 manifest and v2 live DB
1053,zo5gCbvAFBA,AMZN,2026-03-18,True,True,False,False,True,event_id bridge between v1 manifest and v2 live DB
1054,-0eHJkfOYZM,NFLX,2026-04-19,True,True,False,False,True,event_id bridge between v1 manifest and v2 live DB
1055,-lQPxe-MiOs,AAPL,2025-12-26,True,True,False,False,True,event_id bridge between v1 manifest and v2 live DB
1056,-zEp9gR5pPU,AMD,2026-04-15,True,True,False,False,True,event_id bridge between v1 manifest and v2 live DB
1057,-zEp9gR5pPU,NVDA,2026-04-15,True,True,False,False,True,event_id bridge between v1 manifest and v2 live DB
1058,1FXGrKWtIvc,NVDA,2026-03-11,True,True,False,False,True,event_id bridge between v1 manifest and v2 live DB
1059,2RH3v9msQyk,SMCI,2026-01-23,True,True,False,False,True,event_id bridge between v1 manifest and v2 live DB
1060,2ZUCP6Fmrsg,NVDA,2026-03-03,True,True,False,False,True,event_id bridge between v1 manifest and v2 live DB
1061,2ZUCP6Fmrsg,NVDA,2026-03-03,True,True,False,False,True,event_id bridge between v1 manifest and v2 live DB
1062,2ZUCP6Fmrsg,NVDA,2026-03-03,True,True,False,False,True,event_id bridge between v1 manifest and v2 live DB
1063,3bBmJC0f7OU,META,2026-03-14,True,True,False,False,True,event_id bridge between v1 manifest and v2 live DB
1064,4gfxotzawCE,AMZN,2026-04-05,True,True,False,False,True,event_id bridge between v1 manifest and v2 live DB
1065,4tt70lHZUNo,NVDA,2026-01-23,True,True,False,False,True,event_id bridge between v1 manifest and v2 live DB
1066,4tt70lHZUNo,NVDA,2026-01-23,True,True,False,False,True,event_id bridge between v1 manifest and v2 live DB
1067,68Ghvl3mV-w,AMZN,2026-03-04,True,True,False,False,True,event_id bridge between v1 manifest and v2 live DB
1068,6YbeD5lBmPk,GOOGL,2025-04-11,True,True,False,False,True,event_id bridge between v1 manifest and v2 live DB
1069,6YbeD5lBmPk,META,2025-04-11,True,True,False,False,True,event_id bridge between v1 manifest and v2 live DB
1070,6YbeD5lBmPk,NFLX,2025-04-11,True,True,False,False,True,event_id bridge between v1 manifest and v2 live DB
1071,6YbeD5lBmPk,MSFT,2025-04-11,True,True,False,False,True,event_id bridge between v1 manifest and v2 live DB
1072,75Jw9T3-DFw,META,2026-01-02,True,True,False,False,True,event_id bridge between v1 manifest and v2 live DB
1073,7HgjoZydyHg,NVDA,2025-11-27,True,True,False,False,True,event_id bridge between v1 manifest and v2 live DB
1074,7M6hoe1HOzY,AAPL,2023-06-26,True,True,False,False,True,event_id bridge between v1 manifest and v2 live DB
1075,7gCactFEaqY,AMZN,2026-02-21,True,True,False,False,True,event_id bridge between v1 manifest and v2 live DB
1076,7mZFoRAuKGI,NVDA,2026-04-17,True,True,False,False,True,event_id bridge between v1 manifest and v2 live DB
1077,7mZFoRAuKGI,NVDA,2026-04-17,True,True,False,False,True,event_id bridge between v1 manifest and v2 live DB
1078,7mZFoRAuKGI,NVDA,2026-04-17,True,True,False,False,True,event_id bridge between v1 manifest and v2 live DB
1079,7mZFoRAuKGI,META,2026-04-17,True,True,False,False,True,event_id bridge between v1 manifest and v2 live DB
1080,7mZFoRAuKGI,AMZN,2026-04-17,True,True,False,False,True,event_id bridge between v1 manifest and v2 live DB
1081,7mZFoRAuKGI,AMZN,2026-04-17,True,True,False,False,True,event_id bridge between v1 manifest and v2 live DB
1082,7w4DjgN2BEE,MSFT,2026-02-24,True,True,False,False,True,event_id bridge between v1 manifest and v2 live DB
1083,9-AUPTW_qV8,GOOGL,2026-05-12,True,True,False,False,True,event_id bridge between v1 manifest and v2 live DB
1084,9-AUPTW_qV8,GOOGL,2026-05-12,True,True,False,False,True,event_id bridge between v1 manifest and v2 live DB
1085,9XJPbiYtkkM,GOOGL,2026-05-12,True,True,False,False,True,event_id bridge between v1 manifest and v2 live DB
1086,9XJPbiYtkkM,AMZN,2026-05-12,True,True,False,False,True,event_id bridge between v1 manifest and v2 live DB
1087,9ss1GH8SYAw,SOFI,2026-05-01,True,True,False,False,True,event_id bridge between v1 manifest and v2 live DB
1088,9ss1GH8SYAw,SOFI,2026-05-01,True,True,False,False,True,event_id bridge between v1 manifest and v2 live DB
1089,A1th4ZANaIw,NVDA,2025-11-22,True,True,False,False,True,event_id bridge between v1 manifest and v2 live DB
1090,A1th4ZANaIw,NVDA,2025-11-22,True,True,False,False,True,event_id bridge between v1 manifest and v2 live DB
1091,AGE3h2MBbpo,TSLA,2026-05-10,True,True,False,False,True,event_id bridge between v1 manifest and v2 live DB
1092,AJtozWaYnsc,UBER,2025-02-07,True,True,False,False,True,event_id bridge between v1 manifest and v2 live DB
1093,B0DK0m8nNx0,AMZN,2026-03-15,True,True,False,False,True,event_id bridge between v1 manifest and v2 live DB
1094,BkyvNRCDvmY,AMZN,2025-04-30,True,True,False,False,True,event_id bridge between v1 manifest and v2 live DB
1095,BkyvNRCDvmY,META,2025-04-30,True,True,False,False,True,event_id bridge between v1 manifest and v2 live DB
1096,C5G_tNCOD-Y,NVDA,2026-04-24,True,True,False,False,True,event_id bridge between v1 manifest and v2 live DB
1097,CFfnNMjxE9g,MSFT,2025-01-16,True,True,False,False,True,event_id bridge between v1 manifest and v2 live DB
1098,CFfnNMjxE9g,MSFT,2025-01-16,True,True,False,False,True,event_id bridge between v1 manifest and v2 live DB
1099,CFfnNMjxE9g,MSFT,2025-01-16,True,True,False,False,True,event_id bridge between v1 manifest and v2 live DB
1100,CFfnNMjxE9g,MSFT,2025-01-16,True,True,False,False,True,event_id bridge between v1 manifest and v2 live DB
1101,CYSanuPtG6o,TSLA,2026-04-24,True,True,False,False,True,event_id bridge between v1 manifest and v2 live DB
1102,ClXsR6KAiic,AMZN,2026-03-02,True,True,False,False,True,event_id bridge between v1 manifest and v2 live DB
1103,D34xtfP6PJY,MSFT,2026-04-21,True,True,False,False,True,event_id bridge between v1 manifest and v2 live DB
1104,EEjUnFgIYuY,UBER,2026-03-12,True,True,False,False,True,event_id bridge between v1 manifest and v2 live DB
1105,FfqUKPcfTu4,AMD,2025-06-06,True,True,False,False,True,event_id bridge between v1 manifest and v2 live DB
1106,FhodF_SCc2o,AAPL,2025-08-08,True,True,False,False,True,event_id bridge between v1 manifest and v2 live DB
1107,G6DJOLKHxsU,MSFT,2026-04-03,True,True,False,False,True,event_id bridge between v1 manifest and v2 live DB
1108,GFR45x706zc,AMZN,2026-01-30,True,True,False,False,True,event_id bridge between v1 manifest and v2 live DB
1109,GFR45x706zc,AMZN,2026-01-30,True,True,False,False,True,event_id bridge between v1 manifest and v2 live DB
1110,GFR45x706zc,AMZN,2026-01-30,True,True,False,False,True,event_id bridge between v1 manifest and v2 live DB
1111,GFR45x706zc,SHOP,2026-01-30,True,True,False,False,True,event_id bridge between v1 manifest and v2 live DB
1112,GFR45x706zc,TSLA,2026-01-30,True,True,False,False,True,event_id bridge between v1 manifest and v2 live DB
1113,GZ7yVRHhh9w,TSLA,2025-04-23,True,True,False,False,True,event_id bridge between v1 manifest and v2 live DB
1114,Iu-LF0kbb-M,AMD,2026-05-06,True,True,False,False,True,event_id bridge between v1 manifest and v2 live DB
1115,Iu-LF0kbb-M,AMD,2026-05-06,True,True,False,False,True,event_id bridge between v1 manifest and v2 live DB
1116,Iu-LF0kbb-M,AMZN,2026-05-06,True,True,False,False,True,event_id bridge between v1 manifest and v2 live DB
1117,JURyOwjbd88,NFLX,2026-04-27,True,True,False,False,True,event_id bridge between v1 manifest and v2 live DB
1118,K7Wuf7IRqrA,AAPL,2026-04-01,True,True,False,False,True,event_id bridge between v1 manifest and v2 live DB
1119,KS_cIBPbE_o,AMD,2026-03-10,True,True,False,False,True,event_id bridge between v1 manifest and v2 live DB
1120,L1LqaoS3-xE,GOOGL,2026-05-06,True,True,False,False,True,event_id bridge between v1 manifest and v2 live DB
1121,Lnj-iJ0fqvU,PYPL,2026-05-05,True,True,False,False,True,event_id bridge between v1 manifest and v2 live DB
1122,LzRGi7e2QwE,SOFI,2026-05-11,True,True,False,False,True,event_id bridge between v1 manifest and v2 live DB
1123,M-bDg1cYof8,MSFT,2026-01-30,True,True,False,False,True,event_id bridge between v1 manifest and v2 live DB
1124,MPie9c9IivA,UBER,2025-05-22,True,True,False,False,True,event_id bridge between v1 manifest and v2 live DB
1125,MPie9c9IivA,UBER,2025-05-22,True,True,False,False,True,event_id bridge between v1 manifest and v2 live DB
1126,MPie9c9IivA,AMZN,2025-05-22,True,True,False,False,True,event_id bridge between v1 manifest and v2 live DB
1127,MPie9c9IivA,AMZN,2025-05-22,True,True,False,False,True,event_id bridge between v1 manifest and v2 live DB
1128,MtBPLqBR93E,AMD,2026-03-03,True,True,False,False,True,event_id bridge between v1 manifest and v2 live DB
1129,MtBPLqBR93E,AMZN,2026-03-03,True,True,False,False,True,event_id bridge between v1 manifest and v2 live DB
1130,NEBRBiVp6LM,UBER,2026-05-08,True,True,False,False,True,event_id bridge between v1 manifest and v2 live DB
1131,NEBRBiVp6LM,UBER,2026-05-08,True,True,False,False,True,event_id bridge between v1 manifest and v2 live DB
1132,NLgW8E-HMFw,MSFT,2023-07-26,True,True,False,False,True,event_id bridge between v1 manifest and v2 live DB
1133,O5tcZQkTvXc,META,2026-04-09,True,True,False,False,True,event_id bridge between v1 manifest and v2 live DB
1134,O5tcZQkTvXc,MSFT,2026-04-09,True,True,False,False,True,event_id bridge between v1 manifest and v2 live DB
1135,OAmRecXyCFA,NVDA,2026-04-02,True,True,False,False,True,event_id bridge between v1 manifest and v2 live DB
1136,OCbTDPCVBSM,MSFT,2026-04-15,True,True,False,False,True,event_id bridge between v1 manifest and v2 live DB
1137,OVihPug8C_k,AAPL,2025-09-12,True,True,False,False,True,event_id bridge between v1 manifest and v2 live DB
1138,OVihPug8C_k,NVDA,2025-09-12,True,True,False,False,True,event_id bridge between v1 manifest and v2 live DB
1139,OVihPug8C_k,MSFT,2025-09-12,True,True,False,False,True,event_id bridge between v1 manifest and v2 live DB
1140,QgYD0orS2-Q,META,2026-04-02,True,True,False,False,True,event_id bridge between v1 manifest and v2 live DB
1141,QwEiOQPkrw0,AMZN,2025-12-31,True,True,False,False,True,event_id bridge between v1 manifest and v2 live DB
1142,RKRgD2H7zqI,AAPL,2025-04-25,True,True,False,False,True,event_id bridge between v1 manifest and v2 live DB
1143,SN9FjfeAnGU,NFLX,2025-12-05,True,True,False,False,True,event_id bridge between v1 manifest and v2 live DB
1144,SN9FjfeAnGU,AAPL,2025-12-05,True,True,False,False,True,event_id bridge between v1 manifest and v2 live DB
1145,SN9FjfeAnGU,NVDA,2025-12-05,True,True,False,False,True,event_id bridge between v1 manifest and v2 live DB
1146,SN9FjfeAnGU,NVDA,2025-12-05,True,True,False,False,True,event_id bridge between v1 manifest and v2 live DB
1147,SN9FjfeAnGU,NVDA,2025-12-05,True,True,False,False,True,event_id bridge between v1 manifest and v2 live DB
1148,SbAnIeNGVm0,PLTR,2025-11-13,True,True,False,False,True,event_id bridge between v1 manifest and v2 live DB
1149,SezBpiM2PSI,GOOGL,2025-05-10,True,True,False,False,True,event_id bridge between v1 manifest and v2 live DB
1150,TAoUWYB3l7w,META,2026-01-14,True,True,False,False,True,event_id bridge between v1 manifest and v2 live DB
1151,TAoUWYB3l7w,META,2026-01-14,True,True,False,False,True,event_id bridge between v1 manifest and v2 live DB
1152,TbtrFrIzT-g,NFLX,2025-10-10,True,True,False,False,True,event_id bridge between v1 manifest and v2 live DB
1153,WcoxqTZYmbU,AAPL,2026-02-24,True,True,False,False,True,event_id bridge between v1 manifest and v2 live DB
1154,XohXRtWL88I,AMZN,2025-08-01,True,True,False,False,True,event_id bridge between v1 manifest and v2 live DB
1155,XohXRtWL88I,NFLX,2025-08-01,True,True,False,False,True,event_id bridge between v1 manifest and v2 live DB
1156,XohXRtWL88I,TSLA,2025-08-01,True,True,False,False,True,event_id bridge between v1 manifest and v2 live DB
1157,YYCB1iOtjqk,TSLA,2025-09-05,True,True,False,False,True,event_id bridge between v1 manifest and v2 live DB
1158,YpR_TuCvFYM,NVDA,2025-02-07,True,True,False,False,True,event_id bridge between v1 manifest and v2 live DB
1159,ZRla33cVtrc,META,2025-07-05,True,True,False,False,True,event_id bridge between v1 manifest and v2 live DB
1160,_j9bLFvKJw0,AAPL,2025-09-05,True,True,False,False,True,event_id bridge between v1 manifest and v2 live DB
1161,_j9bLFvKJw0,AAPL,2025-09-05,True,True,False,False,True,event_id bridge between v1 manifest and v2 live DB
1162,_j9bLFvKJw0,AAPL,2025-09-05,True,True,False,False,True,event_id bridge between v1 manifest and v2 live DB
1163,b192yNCfoCc,AAPL,2023-07-04,True,True,False,False,True,event_id bridge between v1 manifest and v2 live DB
1164,bG5dqYhfUd4,SOFI,2026-04-10,True,True,False,False,True,event_id bridge between v1 manifest and v2 live DB
1165,cM08_4oNLFw,AAPL,2026-01-25,True,True,False,False,True,event_id bridge between v1 manifest and v2 live DB
1166,dFjn1g6hmL4,GOOGL,2025-12-01,True,True,False,False,True,event_id bridge between v1 manifest and v2 live DB
1167,dFjn1g6hmL4,GOOGL,2025-12-01,True,True,False,False,True,event_id bridge between v1 manifest and v2 live DB
1168,dFjn1g6hmL4,GOOGL,2025-12-01,True,True,False,False,True,event_id bridge between v1 manifest and v2 live DB
1169,dIogpK0rmXg,TSLA,2026-04-27,True,True,False,False,True,event_id bridge between v1 manifest and v2 live DB
1170,dIogpK0rmXg,NVDA,2026-04-27,True,True,False,False,True,event_id bridge between v1 manifest and v2 live DB
1171,eBb8AKlIqo8,PYPL,2025-11-09,True,True,False,False,True,event_id bridge between v1 manifest and v2 live DB
1172,eOYSS02TuqY,MSFT,2023-10-02,True,True,False,False,True,event_id bridge between v1 manifest and v2 live DB
1173,eOYSS02TuqY,TSLA,2023-10-02,True,True,False,False,True,event_id bridge between v1 manifest and v2 live DB
1174,eOYSS02TuqY,TSLA,2023-10-02,True,True,False,False,True,event_id bridge between v1 manifest and v2 live DB
1175,fHug5GWwaF4,NVDA,2025-11-28,True,True,False,False,True,event_id bridge between v1 manifest and v2 live DB
1176,fHug5GWwaF4,GOOGL,2025-11-28,True,True,False,False,True,event_id bridge between v1 manifest and v2 live DB
1177,fHug5GWwaF4,META,2025-11-28,True,True,False,False,True,event_id bridge between v1 manifest and v2 live DB
1178,fyDMDptrwvo,TSLA,2025-09-26,True,True,False,False,True,event_id bridge between v1 manifest and v2 live DB
1179,gKKg4p2E8Mc,META,2026-02-10,True,True,False,False,True,event_id bridge between v1 manifest and v2 live DB
1180,j9OjfCX_uzo,MSFT,2025-07-31,True,True,False,False,True,event_id bridge between v1 manifest and v2 live DB
1181,kMEFyG4jrTw,AAPL,2026-03-07,True,True,False,False,True,event_id bridge between v1 manifest and v2 live DB
1182,k_dPTNmR0u8,GOOGL,2025-11-13,True,True,False,False,True,event_id bridge between v1 manifest and v2 live DB
1183,k_dPTNmR0u8,AMZN,2025-11-13,True,True,False,False,True,event_id bridge between v1 manifest and v2 live DB
1184,ktwqd2fBQUc,META,2026-05-01,True,True,False,False,True,event_id bridge between v1 manifest and v2 live DB
1185,l7cc-nLKaqc,AAPL,2022-06-24,True,True,False,False,True,event_id bridge between v1 manifest and v2 live DB
1186,lb-Y5Qp1olE,AMZN,2025-08-15,True,True,False,False,True,event_id bridge between v1 manifest and v2 live DB
1187,lb-Y5Qp1olE,GOOGL,2025-08-15,True,True,False,False,True,event_id bridge between v1 manifest and v2 live DB
1188,n5qeSVckVoo,AAPL,2023-07-10,True,True,False,False,True,event_id bridge between v1 manifest and v2 live DB
1189,nH1XBBeOP2Y,MSFT,2026-02-13,True,True,False,False,True,event_id bridge between v1 manifest and v2 live DB
1190,nH1XBBeOP2Y,AMZN,2026-02-13,True,True,False,False,True,event_id bridge between v1 manifest and v2 live DB
1191,nQUIDGMadWs,META,2026-04-22,True,True,False,False,True,event_id bridge between v1 manifest and v2 live DB
1192,nUucyfWpL0A,AMZN,2022-10-29,True,True,False,False,True,event_id bridge between v1 manifest and v2 live DB
1193,q04HFOjr40s,MSFT,2026-03-10,True,True,False,False,True,event_id bridge between v1 manifest and v2 live DB
1194,qiwiI5V-rO4,GOOGL,2026-03-05,True,True,False,False,True,event_id bridge between v1 manifest and v2 live DB
1195,rC9H_yMTdHE,SOFI,2025-12-02,True,True,False,False,True,event_id bridge between v1 manifest and v2 live DB
1196,rC9H_yMTdHE,SOFI,2025-12-02,True,True,False,False,True,event_id bridge between v1 manifest and v2 live DB
1197,rC9H_yMTdHE,UBER,2025-12-02,True,True,False,False,True,event_id bridge between v1 manifest and v2 live DB
1198,rrs1s-T4qqA,NVDA,2025-12-13,True,True,False,False,True,event_id bridge between v1 manifest and v2 live DB
1199,sBc1r0BZZjU,NVDA,2026-03-20,True,True,False,False,True,event_id bridge between v1 manifest and v2 live DB
1200,sSDidRcIK1c,AMD,2026-02-27,True,True,False,False,True,event_id bridge between v1 manifest and v2 live DB
1201,sSDidRcIK1c,NFLX,2026-02-27,True,True,False,False,True,event_id bridge between v1 manifest and v2 live DB
1202,sSDidRcIK1c,NFLX,2026-02-27,True,True,False,False,True,event_id bridge between v1 manifest and v2 live DB
1203,tOMwDcdxd_c,AMZN,2026-02-06,True,True,False,False,True,event_id bridge between v1 manifest and v2 live DB
1204,tOMwDcdxd_c,HOOD,2026-02-06,True,True,False,False,True,event_id bridge between v1 manifest and v2 live DB
1205,uEjKr_Z92mA,TSLA,2022-04-01,True,True,False,False,True,event_id bridge between v1 manifest and v2 live DB
1206,uoOGvrau7i4,META,2026-03-26,True,True,False,False,True,event_id bridge between v1 manifest and v2 live DB
1207,utPMsa-caTI,NFLX,2026-04-18,True,True,False,False,True,event_id bridge between v1 manifest and v2 live DB
1208,w0dToEPrvvk,PLTR,2026-05-12,True,True,False,False,True,event_id bridge between v1 manifest and v2 live DB
1209,w0dToEPrvvk,PLTR,2026-05-12,True,True,False,False,True,event_id bridge between v1 manifest and v2 live DB
1210,w1JAuGqM7hk,GOOGL,2026-04-25,True,True,False,False,True,event_id bridge between v1 manifest and v2 live DB
1211,zgFYJLNGkAc,NVDA,2026-04-02,True,True,False,False,True,event_id bridge between v1 manifest and v2 live DB
1212,zgFYJLNGkAc,NVDA,2026-04-02,True,True,False,False,True,event_id bridge between v1 manifest and v2 live DB
1213,zgFYJLNGkAc,AAPL,2026-04-02,True,True,False,False,True,event_id bridge between v1 manifest and v2 live DB
1214,0GRyV8uCtNk,AMZN,2024-08-17,True,True,False,False,True,event_id bridge between v1 manifest and v2 live DB
1215,0GRyV8uCtNk,AMZN,2024-08-17,True,True,False,False,True,event_id bridge between v1 manifest and v2 live DB
1216,0GRyV8uCtNk,DIS,2024-08-17,True,True,False,False,True,event_id bridge between v1 manifest and v2 live DB
1217,0rs5kIomIjI,AAPL,2024-02-02,True,True,False,False,True,event_id bridge between v1 manifest and v2 live DB
1218,2qrHvyWm1Nk,MSFT,2024-10-01,True,True,False,False,True,event_id bridge between v1 manifest and v2 live DB
1219,67MNSCXuY2I,PYPL,2025-11-17,True,True,False,False,True,event_id bridge between v1 manifest and v2 live DB
1220,67MNSCXuY2I,PYPL,2025-11-17,True,True,False,False,True,event_id bridge between v1 manifest and v2 live DB
1221,67MNSCXuY2I,AMZN,2025-11-17,True,True,False,False,True,event_id bridge between v1 manifest and v2 live DB
1222,67MNSCXuY2I,AAPL,2025-11-17,True,True,False,False,True,event_id bridge between v1 manifest and v2 live DB
1223,7NlWCxxhYhA,NVDA,2024-08-15,True,True,False,False,True,event_id bridge between v1 manifest and v2 live DB
1224,7NlWCxxhYhA,AAPL,2024-08-15,True,True,False,False,True,event_id bridge between v1 manifest and v2 live DB
1225,9ph98Km7DlI,MSFT,2024-03-29,True,True,False,False,True,event_id bridge between v1 manifest and v2 live DB
1226,CBkJYmCLwuk,AMZN,2024-06-04,True,True,False,False,True,event_id bridge between v1 manifest and v2 live DB
1227,CCgjum72pOI,AMZN,2024-05-11,True,True,False,False,True,event_id bridge between v1 manifest and v2 live DB
1228,EIfUFqfsx8s,NVDA,2024-02-02,True,True,False,False,True,event_id bridge between v1 manifest and v2 live DB
1229,EIfUFqfsx8s,GOOGL,2024-02-02,True,True,False,False,True,event_id bridge between v1 manifest and v2 live DB
1230,I-ETli5RvXI,UBER,2025-11-10,True,True,False,False,True,event_id bridge between v1 manifest and v2 live DB
1231,ICaYMgaCq_c,TSLA,2024-02-17,True,True,False,False,True,event_id bridge between v1 manifest and v2 live DB
1232,NHjhaF1KmvA,PYPL,2024-02-07,True,True,False,False,True,event_id bridge between v1 manifest and v2 live DB
1233,NHjhaF1KmvA,NVDA,2024-02-07,True,True,False,False,True,event_id bridge between v1 manifest and v2 live DB
1234,NwJu_BEmFaw,UBER,2025-03-05,True,True,False,False,True,event_id bridge between v1 manifest and v2 live DB
1235,Qqyh_M2m8q4,DIS,2024-03-15,True,True,False,False,True,event_id bridge between v1 manifest and v2 live DB
1236,Qqyh_M2m8q4,AAPL,2024-03-15,True,True,False,False,True,event_id bridge between v1 manifest and v2 live DB
1237,Qqyh_M2m8q4,AMZN,2024-03-15,True,True,False,False,True,event_id bridge between v1 manifest and v2 live DB
1238,Qqyh_M2m8q4,GOOGL,2024-03-15,True,True,False,False,True,event_id bridge between v1 manifest and v2 live DB
1239,X2o6D0dnnx0,AMZN,2024-10-30,True,True,False,False,True,event_id bridge between v1 manifest and v2 live DB
1240,X2o6D0dnnx0,GOOGL,2024-10-30,True,True,False,False,True,event_id bridge between v1 manifest and v2 live DB
1241,X2o6D0dnnx0,GOOGL,2024-10-30,True,True,False,False,True,event_id bridge between v1 manifest and v2 live DB
1242,Zk0jV8RP_Ak,AMD,2025-09-25,True,True,False,False,True,event_id bridge between v1 manifest and v2 live DB
1243,aIEQTFt8NZM,SHOP,2024-05-13,True,True,False,False,True,event_id bridge between v1 manifest and v2 live DB
1244,aIEQTFt8NZM,SHOP,2024-05-13,True,True,False,False,True,event_id bridge between v1 manifest and v2 live DB
1245,aIEQTFt8NZM,SHOP,2024-05-13,True,True,False,False,True,event_id bridge between v1 manifest and v2 live DB
1246,b2jd57munzA,NVDA,2024-03-09,True,True,False,False,True,event_id bridge between v1 manifest and v2 live DB
1247,b2jd57munzA,NVDA,2024-03-09,True,True,False,False,True,event_id bridge between v1 manifest and v2 live DB
1248,b2jd57munzA,TSLA,2024-03-09,True,True,False,False,True,event_id bridge between v1 manifest and v2 live DB
1249,b2jd57munzA,GOOGL,2024-03-09,True,True,False,False,True,event_id bridge between v1 manifest and v2 live DB
1250,dAsglLC8um8,AMZN,2024-10-05,True,True,False,False,True,event_id bridge between v1 manifest and v2 live DB
1251,dAsglLC8um8,PYPL,2024-10-05,True,True,False,False,True,event_id bridge between v1 manifest and v2 live DB
1252,dAsglLC8um8,PYPL,2024-10-05,True,True,False,False,True,event_id bridge between v1 manifest and v2 live DB
1253,eAFVLpVL9gQ,NVDA,2025-11-15,True,True,False,False,True,event_id bridge between v1 manifest and v2 live DB
1254,e_8sMMyMj_U,META,2025-11-07,True,True,False,False,True,event_id bridge between v1 manifest and v2 live DB
1255,e_8sMMyMj_U,SOFI,2025-11-07,True,True,False,False,True,event_id bridge between v1 manifest and v2 live DB
1256,fBIC3Nf0hPU,META,2025-02-21,True,True,False,False,True,event_id bridge between v1 manifest and v2 live DB
1257,hyox8s4fJmo,GOOGL,2025-11-14,True,True,False,False,True,event_id bridge between v1 manifest and v2 live DB
1258,hyox8s4fJmo,GOOGL,2025-11-14,True,True,False,False,True,event_id bridge between v1 manifest and v2 live DB
1259,hyox8s4fJmo,AMD,2025-11-14,True,True,False,False,True,event_id bridge between v1 manifest and v2 live DB
1260,jovyGTDTNfg,NVDA,2024-02-02,True,True,False,False,True,event_id bridge between v1 manifest and v2 live DB
1261,jovyGTDTNfg,GOOGL,2024-02-02,True,True,False,False,True,event_id bridge between v1 manifest and v2 live DB
1262,m3MQwaywF6w,NVDA,2025-10-03,True,True,False,False,True,event_id bridge between v1 manifest and v2 live DB
1263,m3MQwaywF6w,NVDA,2025-10-03,True,True,False,False,True,event_id bridge between v1 manifest and v2 live DB
1264,msQ4vtXVREI,NVDA,2024-09-04,True,True,False,False,True,event_id bridge between v1 manifest and v2 live DB
1265,msQ4vtXVREI,NVDA,2024-09-04,True,True,False,False,True,event_id bridge between v1 manifest and v2 live DB
1266,msQ4vtXVREI,AAPL,2024-09-04,True,True,False,False,True,event_id bridge between v1 manifest and v2 live DB
1267,pj-Kxuu8n8Y,NVDA,2024-01-30,True,True,False,False,True,event_id bridge between v1 manifest and v2 live DB
1268,qf-5Lg2fT5M,PYPL,2025-09-13,True,True,False,False,True,event_id bridge between v1 manifest and v2 live DB
1269,yslEPeWGu5I,PYPL,2025-09-12,True,True,False,False,True,event_id bridge between v1 manifest and v2 live DB
1270,-sI2lSNKp60,NVDA,2025-11-19,True,True,False,False,True,event_id bridge between v1 manifest and v2 live DB
1271,-sI2lSNKp60,NVDA,2025-11-19,True,True,False,False,True,event_id bridge between v1 manifest and v2 live DB
1272,106DBitSrOw,NVDA,2024-08-09,True,True,False,False,True,event_id bridge between v1 manifest and v2 live DB
1273,106DBitSrOw,AAPL,2024-08-09,True,True,False,False,True,event_id bridge between v1 manifest and v2 live DB
1274,3qXTO8cJEQ0,PYPL,2025-11-26,True,True,False,False,True,event_id bridge between v1 manifest and v2 live DB
1275,3qXTO8cJEQ0,TSLA,2025-11-26,True,True,False,False,True,event_id bridge between v1 manifest and v2 live DB
1276,59HNpkTtKSk,GOOGL,2024-07-23,True,True,False,False,True,event_id bridge between v1 manifest and v2 live DB
1277,59HNpkTtKSk,GOOGL,2024-07-23,True,True,False,False,True,event_id bridge between v1 manifest and v2 live DB
1278,59HNpkTtKSk,GOOGL,2024-07-23,True,True,False,False,True,event_id bridge between v1 manifest and v2 live DB
1279,59HNpkTtKSk,AMZN,2024-07-23,True,True,False,False,True,event_id bridge between v1 manifest and v2 live DB
1280,5PLoEQ4HQ6k,GOOGL,2024-04-24,True,True,False,False,True,event_id bridge between v1 manifest and v2 live DB
1281,5zWVlMFDctw,AMZN,2024-04-30,True,True,False,False,True,event_id bridge between v1 manifest and v2 live DB
1282,6YvweUV-ajQ,UBER,2024-12-12,True,True,False,False,True,event_id bridge between v1 manifest and v2 live DB
1283,AI6Eg40wiIA,GOOGL,2024-07-18,True,True,False,False,True,event_id bridge between v1 manifest and v2 live DB
1284,AI6Eg40wiIA,GOOGL,2024-07-18,True,True,False,False,True,event_id bridge between v1 manifest and v2 live DB
1285,AI6Eg40wiIA,GOOGL,2024-07-18,True,True,False,False,True,event_id bridge between v1 manifest and v2 live DB
1286,BWqKW5FhMPU,AMD,2024-04-30,True,True,False,False,True,event_id bridge between v1 manifest and v2 live DB
1287,EBmGIYljxE8,CRM,2024-12-28,True,True,False,False,True,event_id bridge between v1 manifest and v2 live DB
1288,EBmGIYljxE8,AMD,2024-12-28,True,True,False,False,True,event_id bridge between v1 manifest and v2 live DB
1289,EFs06gRjeng,AAPL,2025-01-07,True,True,False,False,True,event_id bridge between v1 manifest and v2 live DB
1290,Ecya2aXzbIQ,NVDA,2025-11-19,True,True,False,False,True,event_id bridge between v1 manifest and v2 live DB
1291,IGq1dbxALWw,TSLA,2024-07-24,True,True,False,False,True,event_id bridge between v1 manifest and v2 live DB
1292,JYfll2c5rwk,TSLA,2024-04-24,True,True,False,False,True,event_id bridge between v1 manifest and v2 live DB
1293,Jk4AD9iZjPI,GOOGL,2025-11-25,True,True,False,False,True,event_id bridge between v1 manifest and v2 live DB
1294,Jk4AD9iZjPI,GOOGL,2025-11-25,True,True,False,False,True,event_id bridge between v1 manifest and v2 live DB
1295,Jk4AD9iZjPI,NVDA,2025-11-25,True,True,False,False,True,event_id bridge between v1 manifest and v2 live DB
1296,Jk4AD9iZjPI,AMD,2025-11-25,True,True,False,False,True,event_id bridge between v1 manifest and v2 live DB
1297,Jk4AD9iZjPI,AMD,2025-11-25,True,True,False,False,True,event_id bridge between v1 manifest and v2 live DB
1298,Jk4AD9iZjPI,PYPL,2025-11-25,True,True,False,False,True,event_id bridge between v1 manifest and v2 live DB
1299,Jk4AD9iZjPI,MSFT,2025-11-25,True,True,False,False,True,event_id bridge between v1 manifest and v2 live DB
1300,Jk4AD9iZjPI,META,2025-11-25,True,True,False,False,True,event_id bridge between v1 manifest and v2 live DB
1301,Jk4AD9iZjPI,META,2025-11-25,True,True,False,False,True,event_id bridge between v1 manifest and v2 live DB
1302,KFZsdeOBIGo,MSFT,2025-06-18,True,True,False,False,True,event_id bridge between v1 manifest and v2 live DB
1303,KVZG8lFsusw,TSLA,2024-11-06,True,True,False,False,True,event_id bridge between v1 manifest and v2 live DB
1304,M0LVn5AuRtE,GOOGL,2025-11-18,True,True,False,False,True,event_id bridge between v1 manifest and v2 live DB
1305,M0LVn5AuRtE,PYPL,2025-11-18,True,True,False,False,True,event_id bridge between v1 manifest and v2 live DB
1306,M0LVn5AuRtE,PYPL,2025-11-18,True,True,False,False,True,event_id bridge between v1 manifest and v2 live DB
1307,M0LVn5AuRtE,PYPL,2025-11-18,True,True,False,False,True,event_id bridge between v1 manifest and v2 live DB
1308,M0LVn5AuRtE,META,2025-11-18,True,True,False,False,True,event_id bridge between v1 manifest and v2 live DB
1309,QWuUXX2SotE,PYPL,2024-04-30,True,True,False,False,True,event_id bridge between v1 manifest and v2 live DB
1310,WSsgV5bChu8,TSLA,2025-04-25,True,True,False,False,True,event_id bridge between v1 manifest and v2 live DB
1311,X9Uzxwt5qzo,TSLA,2025-10-22,True,True,False,False,True,event_id bridge between v1 manifest and v2 live DB
1312,X9Uzxwt5qzo,TSLA,2025-10-22,True,True,False,False,True,event_id bridge between v1 manifest and v2 live DB
1313,X9Uzxwt5qzo,TSLA,2025-10-22,True,True,False,False,True,event_id bridge between v1 manifest and v2 live DB
1314,X9Uzxwt5qzo,TSLA,2025-10-22,True,True,False,False,True,event_id bridge between v1 manifest and v2 live DB
1315,X9Uzxwt5qzo,TSLA,2025-10-22,True,True,False,False,True,event_id bridge between v1 manifest and v2 live DB
1316,X9Uzxwt5qzo,TSLA,2025-10-22,True,True,False,False,True,event_id bridge between v1 manifest and v2 live DB
1317,X9Uzxwt5qzo,TSLA,2025-10-22,True,True,False,False,True,event_id bridge between v1 manifest and v2 live DB
1318,X9Uzxwt5qzo,TSLA,2025-10-22,True,True,False,False,True,event_id bridge between v1 manifest and v2 live DB
1319,X9Uzxwt5qzo,NVDA,2025-10-22,True,True,False,False,True,event_id bridge between v1 manifest and v2 live DB
1320,X9Uzxwt5qzo,AMZN,2025-10-22,True,True,False,False,True,event_id bridge between v1 manifest and v2 live DB
1321,dGPgChUSbDY,NFLX,2026-03-29,True,True,False,False,True,event_id bridge between v1 manifest and v2 live DB
1322,dGPgChUSbDY,NFLX,2026-03-29,True,True,False,False,True,event_id bridge between v1 manifest and v2 live DB
1323,eNw6yS2Y56s,NVDA,2024-12-14,True,True,False,False,True,event_id bridge between v1 manifest and v2 live DB
1324,eNw6yS2Y56s,AMD,2024-12-14,True,True,False,False,True,event_id bridge between v1 manifest and v2 live DB
1325,eNw6yS2Y56s,AMD,2024-12-14,True,True,False,False,True,event_id bridge between v1 manifest and v2 live DB
1326,eNw6yS2Y56s,AMZN,2024-12-14,True,True,False,False,True,event_id bridge between v1 manifest and v2 live DB
1327,eNw6yS2Y56s,UBER,2024-12-14,True,True,False,False,True,event_id bridge between v1 manifest and v2 live DB
1328,eNw6yS2Y56s,GOOGL,2024-12-14,True,True,False,False,True,event_id bridge between v1 manifest and v2 live DB
1329,eNw6yS2Y56s,GOOGL,2024-12-14,True,True,False,False,True,event_id bridge between v1 manifest and v2 live DB
1330,eNw6yS2Y56s,SQ,2024-12-14,True,True,False,False,True,event_id bridge between v1 manifest and v2 live DB
1331,eggEEC821zU,MSFT,2024-04-13,True,True,False,False,True,event_id bridge between v1 manifest and v2 live DB
1332,eggEEC821zU,MSFT,2024-04-13,True,True,False,False,True,event_id bridge between v1 manifest and v2 live DB
1333,eggEEC821zU,AMZN,2024-04-13,True,True,False,False,True,event_id bridge between v1 manifest and v2 live DB
1334,eggEEC821zU,TSLA,2024-04-13,True,True,False,False,True,event_id bridge between v1 manifest and v2 live DB
1335,eggEEC821zU,NFLX,2024-04-13,True,True,False,False,True,event_id bridge between v1 manifest and v2 live DB
1336,h-e9icfFDRg,NVDA,2024-11-23,True,True,False,False,True,event_id bridge between v1 manifest and v2 live DB
1337,h-e9icfFDRg,MSFT,2024-11-23,True,True,False,False,True,event_id bridge between v1 manifest and v2 live DB
1338,h-e9icfFDRg,MSFT,2024-11-23,True,True,False,False,True,event_id bridge between v1 manifest and v2 live DB
1339,h-e9icfFDRg,AAPL,2024-11-23,True,True,False,False,True,event_id bridge between v1 manifest and v2 live DB
1340,h-e9icfFDRg,AAPL,2024-11-23,True,True,False,False,True,event_id bridge between v1 manifest and v2 live DB
1341,mHYihT3g6wE,UBER,2024-11-16,True,True,False,False,True,event_id bridge between v1 manifest and v2 live DB
1342,nGu7J4V2yGQ,AMD,2025-11-04,True,True,False,False,True,event_id bridge between v1 manifest and v2 live DB
1343,nGu7J4V2yGQ,AMD,2025-11-04,True,True,False,False,True,event_id bridge between v1 manifest and v2 live DB
1344,nGu7J4V2yGQ,AMD,2025-11-04,True,True,False,False,True,event_id bridge between v1 manifest and v2 live DB
1345,nGu7J4V2yGQ,AMD,2025-11-04,True,True,False,False,True,event_id bridge between v1 manifest and v2 live DB
1346,nGu7J4V2yGQ,PLTR,2025-11-04,True,True,False,False,True,event_id bridge between v1 manifest and v2 live DB
1347,oixTTXv5JFo,NVDA,2025-11-04,True,True,False,False,True,event_id bridge between v1 manifest and v2 live DB
1348,oixTTXv5JFo,NVDA,2025-11-04,True,True,False,False,True,event_id bridge between v1 manifest and v2 live DB
1349,oixTTXv5JFo,PLTR,2025-11-04,True,True,False,False,True,event_id bridge between v1 manifest and v2 live DB
1350,oixTTXv5JFo,PLTR,2025-11-04,True,True,False,False,True,event_id bridge between v1 manifest and v2 live DB
1351,oixTTXv5JFo,PLTR,2025-11-04,True,True,False,False,True,event_id bridge between v1 manifest and v2 live DB
1352,oixTTXv5JFo,META,2025-11-04,True,True,False,False,True,event_id bridge between v1 manifest and v2 live DB
1353,oixTTXv5JFo,GOOGL,2025-11-04,True,True,False,False,True,event_id bridge between v1 manifest and v2 live DB
1354,qH6EtG6cMdg,NVDA,2024-04-19,True,True,False,False,True,event_id bridge between v1 manifest and v2 live DB
1355,rQOt1FluT8Q,AMZN,2024-07-11,True,True,False,False,True,event_id bridge between v1 manifest and v2 live DB
1356,-TOHi_Y2UpQ,SOFI,2025-12-16,True,True,False,False,True,event_id bridge between v1 manifest and v2 live DB
1357,0sKFt_JMcTY,NVDA,2024-06-12,True,True,False,False,True,event_id bridge between v1 manifest and v2 live DB
1358,0xLoc5ZFIMU,CRM,2025-03-01,True,True,False,False,True,event_id bridge between v1 manifest and v2 live DB
1359,0xLoc5ZFIMU,AMZN,2025-03-01,True,True,False,False,True,event_id bridge between v1 manifest and v2 live DB
1360,0xLoc5ZFIMU,AMZN,2025-03-01,True,True,False,False,True,event_id bridge between v1 manifest and v2 live DB
1361,0xLoc5ZFIMU,AMZN,2025-03-01,True,True,False,False,True,event_id bridge between v1 manifest and v2 live DB
1362,0xLoc5ZFIMU,NVDA,2025-03-01,True,True,False,False,True,event_id bridge between v1 manifest and v2 live DB
1363,0xLoc5ZFIMU,PYPL,2025-03-01,True,True,False,False,True,event_id bridge between v1 manifest and v2 live DB
1364,1EawsAPK3Dc,NVDA,2025-01-30,True,True,False,False,True,event_id bridge between v1 manifest and v2 live DB
1365,5K5AbqFlvDo,AMZN,2025-02-04,True,True,False,False,True,event_id bridge between v1 manifest and v2 live DB
1366,5KczevwSTvA,NFLX,2025-12-15,True,True,False,False,True,event_id bridge between v1 manifest and v2 live DB
1367,5KczevwSTvA,TSLA,2025-12-15,True,True,False,False,True,event_id bridge between v1 manifest and v2 live DB
1368,5SwfsZKX0Wk,NVDA,2025-11-19,True,True,False,False,True,event_id bridge between v1 manifest and v2 live DB
1369,5SwfsZKX0Wk,NVDA,2025-11-19,True,True,False,False,True,event_id bridge between v1 manifest and v2 live DB
1370,5SwfsZKX0Wk,NVDA,2025-11-19,True,True,False,False,True,event_id bridge between v1 manifest and v2 live DB
1371,5ZPmwYaROH4,AAPL,2025-09-08,True,True,False,False,True,event_id bridge between v1 manifest and v2 live DB
1372,B0768azDNlg,AMZN,2026-04-03,True,True,False,False,True,event_id bridge between v1 manifest and v2 live DB
1373,B0768azDNlg,UBER,2026-04-03,True,True,False,False,True,event_id bridge between v1 manifest and v2 live DB
1374,BD1amYah6XY,PYPL,2025-12-11,True,True,False,False,True,event_id bridge between v1 manifest and v2 live DB
1375,BD1amYah6XY,PYPL,2025-12-11,True,True,False,False,True,event_id bridge between v1 manifest and v2 live DB
1376,BD1amYah6XY,UBER,2025-12-11,True,True,False,False,True,event_id bridge between v1 manifest and v2 live DB
1377,F-rlTnig8kM,AAPL,2025-06-19,True,True,False,False,True,event_id bridge between v1 manifest and v2 live DB
1378,F0AbrBHeBaA,NVDA,2024-06-28,True,True,False,False,True,event_id bridge between v1 manifest and v2 live DB
1379,F0AbrBHeBaA,NVDA,2024-06-28,True,True,False,False,True,event_id bridge between v1 manifest and v2 live DB
1380,F0AbrBHeBaA,TSLA,2024-06-28,True,True,False,False,True,event_id bridge between v1 manifest and v2 live DB
1381,F0AbrBHeBaA,TSLA,2024-06-28,True,True,False,False,True,event_id bridge between v1 manifest and v2 live DB
1382,GSMDAFFGQfY,NVDA,2024-05-22,True,True,False,False,True,event_id bridge between v1 manifest and v2 live DB
1383,GSMDAFFGQfY,NVDA,2024-05-22,True,True,False,False,True,event_id bridge between v1 manifest and v2 live DB
1384,GSMDAFFGQfY,NVDA,2024-05-22,True,True,False,False,True,event_id bridge between v1 manifest and v2 live DB
1385,GSMDAFFGQfY,NVDA,2024-05-22,True,True,False,False,True,event_id bridge between v1 manifest and v2 live DB
1386,GSMDAFFGQfY,AAPL,2024-05-22,True,True,False,False,True,event_id bridge between v1 manifest and v2 live DB
1387,GtCiy06cRBM,AMZN,2025-02-15,True,True,False,False,True,event_id bridge between v1 manifest and v2 live DB
1388,HxRtMnno26U,AMZN,2024-05-31,True,True,False,False,True,event_id bridge between v1 manifest and v2 live DB
1389,HxRtMnno26U,NVDA,2024-05-31,True,True,False,False,True,event_id bridge between v1 manifest and v2 live DB
1390,HxRtMnno26U,GOOGL,2024-05-31,True,True,False,False,True,event_id bridge between v1 manifest and v2 live DB
1391,HxRtMnno26U,MSFT,2024-05-31,True,True,False,False,True,event_id bridge between v1 manifest and v2 live DB
1392,HxRtMnno26U,TSLA,2024-05-31,True,True,False,False,True,event_id bridge between v1 manifest and v2 live DB
1393,KO0r8HCnpNA,NFLX,2024-05-17,True,True,False,False,True,event_id bridge between v1 manifest and v2 live DB
1394,KO0r8HCnpNA,AAPL,2024-05-17,True,True,False,False,True,event_id bridge between v1 manifest and v2 live DB
1395,KO0r8HCnpNA,GOOGL,2024-05-17,True,True,False,False,True,event_id bridge between v1 manifest and v2 live DB
1396,KO0r8HCnpNA,TSLA,2024-05-17,True,True,False,False,True,event_id bridge between v1 manifest and v2 live DB
1397,KO0r8HCnpNA,TSLA,2024-05-17,True,True,False,False,True,event_id bridge between v1 manifest and v2 live DB
1398,LHgMtd6cQYc,NVDA,2024-06-27,True,True,False,False,True,event_id bridge between v1 manifest and v2 live DB
1399,N4DW8bNH20Q,SOFI,2025-12-04,True,True,False,False,True,event_id bridge between v1 manifest and v2 live DB
1400,Phjel1okTXY,AMD,2025-02-01,True,True,False,False,True,event_id bridge between v1 manifest and v2 live DB
1401,QJhB7VKEn7Q,AAPL,2025-12-10,True,True,False,False,True,event_id bridge between v1 manifest and v2 live DB
1402,QJhB7VKEn7Q,NFLX,2025-12-10,True,True,False,False,True,event_id bridge between v1 manifest and v2 live DB
1403,V0ywPcUZB9k,GOOGL,2024-07-05,True,True,False,False,True,event_id bridge between v1 manifest and v2 live DB
1404,V0ywPcUZB9k,MSFT,2024-07-05,True,True,False,False,True,event_id bridge between v1 manifest and v2 live DB
1405,ZAv7XTbqkGY,NFLX,2025-12-08,True,True,False,False,True,event_id bridge between v1 manifest and v2 live DB
1406,aDAwhIDS6dM,NFLX,2025-12-05,True,True,False,False,True,event_id bridge between v1 manifest and v2 live DB
1407,aDAwhIDS6dM,NFLX,2025-12-05,True,True,False,False,True,event_id bridge between v1 manifest and v2 live DB
1408,aDAwhIDS6dM,PYPL,2025-12-05,True,True,False,False,True,event_id bridge between v1 manifest and v2 live DB
1409,aDAwhIDS6dM,SOFI,2025-12-05,True,True,False,False,True,event_id bridge between v1 manifest and v2 live DB
1410,cYm6zLgYueU,AMD,2025-02-11,True,True,False,False,True,event_id bridge between v1 manifest and v2 live DB
1411,ch8lrl5bz5Q,NVDA,2025-12-10,True,True,False,False,True,event_id bridge between v1 manifest and v2 live DB
1412,ch8lrl5bz5Q,NVDA,2025-12-10,True,True,False,False,True,event_id bridge between v1 manifest and v2 live DB
1413,ch8lrl5bz5Q,AMD,2025-12-10,True,True,False,False,True,event_id bridge between v1 manifest and v2 live DB
1414,ch8lrl5bz5Q,AMD,2025-12-10,True,True,False,False,True,event_id bridge between v1 manifest and v2 live DB
1415,f-0l8JyYnRQ,UBER,2025-12-12,True,True,False,False,True,event_id bridge between v1 manifest and v2 live DB
1416,f-0l8JyYnRQ,PYPL,2025-12-12,True,True,False,False,True,event_id bridge between v1 manifest and v2 live DB
1417,f-0l8JyYnRQ,AMZN,2025-12-12,True,True,False,False,True,event_id bridge between v1 manifest and v2 live DB
1418,h6HIi6lt54A,AAPL,2024-06-21,True,True,False,False,True,event_id bridge between v1 manifest and v2 live DB
1419,n8jYsbCxYl0,MSFT,2025-07-21,True,True,False,False,True,event_id bridge between v1 manifest and v2 live DB
1420,oTEK1i5pHPk,GOOGL,2025-07-23,True,True,False,False,True,event_id bridge between v1 manifest and v2 live DB
1421,w5XLVGMh-Vs,GOOGL,2025-06-15,True,True,False,False,True,event_id bridge between v1 manifest and v2 live DB
1422,wNI0xbwJT4g,PYPL,2024-08-29,True,True,False,False,True,event_id bridge between v1 manifest and v2 live DB
1423,zcrNVzQTX5c,GOOGL,2024-09-06,True,True,False,False,True,event_id bridge between v1 manifest and v2 live DB
1424,zcrNVzQTX5c,GOOGL,2024-09-06,True,True,False,False,True,event_id bridge between v1 manifest and v2 live DB
1425,-VwKgl9Gil0,PYPL,2025-12-18,True,True,False,False,True,event_id bridge between v1 manifest and v2 live DB
1426,-VwKgl9Gil0,NFLX,2025-12-18,True,True,False,False,True,event_id bridge between v1 manifest and v2 live DB
1427,061mMhIHwAo,NVDA,2026-01-27,True,True,False,False,True,event_id bridge between v1 manifest and v2 live DB
1428,061mMhIHwAo,NVDA,2026-01-27,True,True,False,False,True,event_id bridge between v1 manifest and v2 live DB
1429,061mMhIHwAo,AMD,2026-01-27,True,True,False,False,True,event_id bridge between v1 manifest and v2 live DB
1430,061mMhIHwAo,GOOGL,2026-01-27,True,True,False,False,True,event_id bridge between v1 manifest and v2 live DB
1431,061mMhIHwAo,AMZN,2026-01-27,True,True,False,False,True,event_id bridge between v1 manifest and v2 live DB
1432,3z4R3WdBgRs,MSFT,2025-03-29,True,True,False,False,True,event_id bridge between v1 manifest and v2 live DB
1433,6HzyLo0qD7E,GOOGL,2025-05-17,True,True,False,False,True,event_id bridge between v1 manifest and v2 live DB
1434,6HzyLo0qD7E,AMD,2025-05-17,True,True,False,False,True,event_id bridge between v1 manifest and v2 live DB
1435,9eKmFGuV38g,AMD,2024-08-02,True,True,False,False,True,event_id bridge between v1 manifest and v2 live DB
1436,9eKmFGuV38g,MSFT,2024-08-02,True,True,False,False,True,event_id bridge between v1 manifest and v2 live DB
1437,9eKmFGuV38g,TSLA,2024-08-02,True,True,False,False,True,event_id bridge between v1 manifest and v2 live DB
1438,F0jcfe1ChZI,SOFI,2025-04-29,True,True,False,False,True,event_id bridge between v1 manifest and v2 live DB
1439,F50Y0D7RboA,NVDA,2026-01-26,True,True,False,False,True,event_id bridge between v1 manifest and v2 live DB
1440,F50Y0D7RboA,AAPL,2026-01-26,True,True,False,False,True,event_id bridge between v1 manifest and v2 live DB
1441,F50Y0D7RboA,META,2026-01-26,True,True,False,False,True,event_id bridge between v1 manifest and v2 live DB
1442,I9TbGxFlLn0,AMZN,2025-03-05,True,True,False,False,True,event_id bridge between v1 manifest and v2 live DB
1443,KRTyI-VlrgU,AMD,2026-01-20,True,True,False,False,True,event_id bridge between v1 manifest and v2 live DB
1444,MTf2pSEkct0,GOOGL,2024-07-23,True,True,False,False,True,event_id bridge between v1 manifest and v2 live DB
1445,PLV20YplFpk,PYPL,2025-12-22,True,True,False,False,True,event_id bridge between v1 manifest and v2 live DB
1446,PLV20YplFpk,TSLA,2025-12-22,True,True,False,False,True,event_id bridge between v1 manifest and v2 live DB
1447,QBZPFkWrjY4,AMD,2026-01-23,True,True,False,False,True,event_id bridge between v1 manifest and v2 live DB
1448,QBZPFkWrjY4,MSFT,2026-01-23,True,True,False,False,True,event_id bridge between v1 manifest and v2 live DB
1449,QBZPFkWrjY4,TSLA,2026-01-23,True,True,False,False,True,event_id bridge between v1 manifest and v2 live DB
1450,UTQ26wh6hgQ,AAPL,2025-09-10,True,True,False,False,True,event_id bridge between v1 manifest and v2 live DB
1451,UTQ26wh6hgQ,AAPL,2025-09-10,True,True,False,False,True,event_id bridge between v1 manifest and v2 live DB
1452,UTQ26wh6hgQ,AMZN,2025-09-10,True,True,False,False,True,event_id bridge between v1 manifest and v2 live DB
1453,VPO0PCjRmRY,AMZN,2025-03-11,True,True,False,False,True,event_id bridge between v1 manifest and v2 live DB
1454,XTlUWtaAG3M,AMD,2024-07-30,True,True,False,False,True,event_id bridge between v1 manifest and v2 live DB
1455,XTlUWtaAG3M,GOOGL,2024-07-30,True,True,False,False,True,event_id bridge between v1 manifest and v2 live DB
1456,XrKLFEvv3ss,NFLX,2024-07-12,True,True,False,False,True,event_id bridge between v1 manifest and v2 live DB
1457,XrKLFEvv3ss,MSFT,2024-07-12,True,True,False,False,True,event_id bridge between v1 manifest and v2 live DB
1458,XrKLFEvv3ss,TSLA,2024-07-12,True,True,False,False,True,event_id bridge between v1 manifest and v2 live DB
1459,XvyPcBUIg1o,AAPL,2024-08-01,True,True,False,False,True,event_id bridge between v1 manifest and v2 live DB
1460,YtXLGN64_Ko,MSFT,2024-07-30,True,True,False,False,True,event_id bridge between v1 manifest and v2 live DB
1461,YtXLGN64_Ko,MSFT,2024-07-30,True,True,False,False,True,event_id bridge between v1 manifest and v2 live DB
1462,YtXLGN64_Ko,MSFT,2024-07-30,True,True,False,False,True,event_id bridge between v1 manifest and v2 live DB
1463,YtXLGN64_Ko,MSFT,2024-07-30,True,True,False,False,True,event_id bridge between v1 manifest and v2 live DB
1464,YtXLGN64_Ko,MSFT,2024-07-30,True,True,False,False,True,event_id bridge between v1 manifest and v2 live DB
1465,b_hHuv_Phtg,AMZN,2025-03-11,True,True,False,False,True,event_id bridge between v1 manifest and v2 live DB
1466,b_hHuv_Phtg,NVDA,2025-03-11,True,True,False,False,True,event_id bridge between v1 manifest and v2 live DB
1467,cKjp0N59XwE,NFLX,2025-12-24,True,True,False,False,True,event_id bridge between v1 manifest and v2 live DB
1468,fhilgLVRlis,TSLA,2024-07-23,True,True,False,False,True,event_id bridge between v1 manifest and v2 live DB
1469,fhilgLVRlis,TSLA,2024-07-23,True,True,False,False,True,event_id bridge between v1 manifest and v2 live DB
1470,pTQXWJvkCoU,GOOGL,2026-01-28,True,True,False,False,True,event_id bridge between v1 manifest and v2 live DB
1471,pTQXWJvkCoU,META,2026-01-28,True,True,False,False,True,event_id bridge between v1 manifest and v2 live DB
1472,sVOEBCiQQkk,AMZN,2025-03-15,True,True,False,False,True,event_id bridge between v1 manifest and v2 live DB
1473,sVOEBCiQQkk,AMZN,2025-03-15,True,True,False,False,True,event_id bridge between v1 manifest and v2 live DB
1474,sVOEBCiQQkk,AMZN,2025-03-15,True,True,False,False,True,event_id bridge between v1 manifest and v2 live DB
1475,sVOEBCiQQkk,GOOGL,2025-03-15,True,True,False,False,True,event_id bridge between v1 manifest and v2 live DB
1476,sVOEBCiQQkk,GOOGL,2025-03-15,True,True,False,False,True,event_id bridge between v1 manifest and v2 live DB
1477,sVOEBCiQQkk,MSFT,2025-03-15,True,True,False,False,True,event_id bridge between v1 manifest and v2 live DB
1478,tna5Ua3foyI,SOFI,2026-01-02,True,True,False,False,True,event_id bridge between v1 manifest and v2 live DB
1479,uix1ZJiwrPs,AMD,2026-01-22,True,True,False,False,True,event_id bridge between v1 manifest and v2 live DB
1480,uix1ZJiwrPs,MSFT,2026-01-22,True,True,False,False,True,event_id bridge between v1 manifest and v2 live DB
1481,va6CBbAJmgY,NVDA,2024-08-29,True,True,False,False,True,event_id bridge between v1 manifest and v2 live DB
1482,xSI8A133f9Y,META,2026-01-28,True,True,False,False,True,event_id bridge between v1 manifest and v2 live DB
1483,xSI8A133f9Y,META,2026-01-28,True,True,False,False,True,event_id bridge between v1 manifest and v2 live DB
1484,xSI8A133f9Y,MSFT,2026-01-28,True,True,False,False,True,event_id bridge between v1 manifest and v2 live DB
1485,xSI8A133f9Y,MSFT,2026-01-28,True,True,False,False,True,event_id bridge between v1 manifest and v2 live DB
1486,xSI8A133f9Y,MSFT,2026-01-28,True,True,False,False,True,event_id bridge between v1 manifest and v2 live DB
1487,xSI8A133f9Y,AMD,2026-01-28,True,True,False,False,True,event_id bridge between v1 manifest and v2 live DB
1488,xSI8A133f9Y,AMD,2026-01-28,True,True,False,False,True,event_id bridge between v1 manifest and v2 live DB
1489,xSI8A133f9Y,TSLA,2026-01-28,True,True,False,False,True,event_id bridge between v1 manifest and v2 live DB
1490,xSI8A133f9Y,TSLA,2026-01-28,True,True,False,False,True,event_id bridge between v1 manifest and v2 live DB
1491,zHfdl-0tI-4,AMD,2026-01-21,True,True,False,False,True,event_id bridge between v1 manifest and v2 live DB
1492,zHfdl-0tI-4,META,2026-01-21,True,True,False,False,True,event_id bridge between v1 manifest and v2 live DB
1493,-bIZUuxNK8Y,NFLX,2026-04-18,True,True,False,False,True,event_id bridge between v1 manifest and v2 live DB
1494,0547qV7-oBY,GOOGL,2026-01-31,True,True,False,False,True,event_id bridge between v1 manifest and v2 live DB
1495,3HVmj0ekB3o,NVDA,2025-05-28,True,True,False,False,True,event_id bridge between v1 manifest and v2 live DB
1496,4jAHbwDbZTU,PYPL,2026-02-03,True,True,False,False,True,event_id bridge between v1 manifest and v2 live DB
1497,6nGar-4acY4,NFLX,2026-01-11,True,True,False,False,True,event_id bridge between v1 manifest and v2 live DB
1498,BtM-Yexjpt0,TSLA,2024-09-20,True,True,False,False,True,event_id bridge between v1 manifest and v2 live DB
1499,DRbD9NQo9lA,AMZN,2025-05-02,True,True,False,False,True,event_id bridge between v1 manifest and v2 live DB
1500,DRbD9NQo9lA,GOOGL,2025-05-02,True,True,False,False,True,event_id bridge between v1 manifest and v2 live DB
1501,HdjAR956Q1s,GOOGL,2025-03-18,True,True,False,False,True,event_id bridge between v1 manifest and v2 live DB
1502,HdjAR956Q1s,GOOGL,2025-03-18,True,True,False,False,True,event_id bridge between v1 manifest and v2 live DB
1503,HdjAR956Q1s,AMZN,2025-03-18,True,True,False,False,True,event_id bridge between v1 manifest and v2 live DB
1504,J9hz_gf9zkU,MSFT,2026-01-29,True,True,False,False,True,event_id bridge between v1 manifest and v2 live DB
1505,JM26ElOnrOA,AMD,2026-02-04,True,True,False,False,True,event_id bridge between v1 manifest and v2 live DB
1506,Ks5EmUsapoc,NVDA,2026-02-04,True,True,False,False,True,event_id bridge between v1 manifest and v2 live DB
1507,Ks5EmUsapoc,NVDA,2026-02-04,True,True,False,False,True,event_id bridge between v1 manifest and v2 live DB
1508,Ks5EmUsapoc,AMD,2026-02-04,True,True,False,False,True,event_id bridge between v1 manifest and v2 live DB
1509,Ks5EmUsapoc,AMD,2026-02-04,True,True,False,False,True,event_id bridge between v1 manifest and v2 live DB
1510,Ks5EmUsapoc,AMD,2026-02-04,True,True,False,False,True,event_id bridge between v1 manifest and v2 live DB
1511,Ks5EmUsapoc,AMD,2026-02-04,True,True,False,False,True,event_id bridge between v1 manifest and v2 live DB
1512,Ks5EmUsapoc,AMD,2026-02-04,True,True,False,False,True,event_id bridge between v1 manifest and v2 live DB
1513,Ks5EmUsapoc,AMD,2026-02-04,True,True,False,False,True,event_id bridge between v1 manifest and v2 live DB
1514,Ks5EmUsapoc,AMD,2026-02-04,True,True,False,False,True,event_id bridge between v1 manifest and v2 live DB
1515,Ks5EmUsapoc,AMD,2026-02-04,True,True,False,False,True,event_id bridge between v1 manifest and v2 live DB
1516,Ks5EmUsapoc,PYPL,2026-02-04,True,True,False,False,True,event_id bridge between v1 manifest and v2 live DB
1517,Ks5EmUsapoc,META,2026-02-04,True,True,False,False,True,event_id bridge between v1 manifest and v2 live DB
1518,Ks5EmUsapoc,META,2026-02-04,True,True,False,False,True,event_id bridge between v1 manifest and v2 live DB
1519,QPYF3JyP9gc,NVDA,2025-04-09,True,True,False,False,True,event_id bridge between v1 manifest and v2 live DB
1520,R9dud3MgJZ8,PYPL,2026-01-15,True,True,False,False,True,event_id bridge between v1 manifest and v2 live DB
1521,ROFEegbRrxY,MSFT,2026-01-30,True,True,False,False,True,event_id bridge between v1 manifest and v2 live DB
1522,ROFEegbRrxY,MSFT,2026-01-30,True,True,False,False,True,event_id bridge between v1 manifest and v2 live DB
1523,ROFEegbRrxY,MSFT,2026-01-30,True,True,False,False,True,event_id bridge between v1 manifest and v2 live DB
1524,ROFEegbRrxY,NVDA,2026-01-30,True,True,False,False,True,event_id bridge between v1 manifest and v2 live DB
1525,RVeTgcO9X3w,MSFT,2024-11-01,True,True,False,False,True,event_id bridge between v1 manifest and v2 live DB
1526,RwQsEcYrDTo,NFLX,2025-10-22,True,True,False,False,True,event_id bridge between v1 manifest and v2 live DB
1527,UCgPCZTm3CM,MSFT,2026-02-02,True,True,False,False,True,event_id bridge between v1 manifest and v2 live DB
1528,UCgPCZTm3CM,NVDA,2026-02-02,True,True,False,False,True,event_id bridge between v1 manifest and v2 live DB
1529,UCgPCZTm3CM,META,2026-02-02,True,True,False,False,True,event_id bridge between v1 manifest and v2 live DB
1530,UCgPCZTm3CM,NFLX,2026-02-02,True,True,False,False,True,event_id bridge between v1 manifest and v2 live DB
1531,UCgPCZTm3CM,NFLX,2026-02-02,True,True,False,False,True,event_id bridge between v1 manifest and v2 live DB
1532,UECqui19X24,TSLA,2025-04-22,True,True,False,False,True,event_id bridge between v1 manifest and v2 live DB
1533,UECqui19X24,TSLA,2025-04-22,True,True,False,False,True,event_id bridge between v1 manifest and v2 live DB
1534,UWMfqa2i1Jc,META,2026-01-29,True,True,False,False,True,event_id bridge between v1 manifest and v2 live DB
1535,Xn1iyswilSQ,MSFT,2026-02-05,True,True,False,False,True,event_id bridge between v1 manifest and v2 live DB
1536,Xn1iyswilSQ,MSFT,2026-02-05,True,True,False,False,True,event_id bridge between v1 manifest and v2 live DB
1537,Xn1iyswilSQ,MSFT,2026-02-05,True,True,False,False,True,event_id bridge between v1 manifest and v2 live DB
1538,Xn1iyswilSQ,MSFT,2026-02-05,True,True,False,False,True,event_id bridge between v1 manifest and v2 live DB
1539,Xn1iyswilSQ,TSLA,2026-02-05,True,True,False,False,True,event_id bridge between v1 manifest and v2 live DB
1540,Xn1iyswilSQ,AMD,2026-02-05,True,True,False,False,True,event_id bridge between v1 manifest and v2 live DB
1541,Xn1iyswilSQ,AMD,2026-02-05,True,True,False,False,True,event_id bridge between v1 manifest and v2 live DB
1542,Xn1iyswilSQ,NVDA,2026-02-05,True,True,False,False,True,event_id bridge between v1 manifest and v2 live DB
1543,Xn1iyswilSQ,NFLX,2026-02-05,True,True,False,False,True,event_id bridge between v1 manifest and v2 live DB
1544,YImsDJ8hR2A,GOOGL,2025-06-28,True,True,False,False,True,event_id bridge between v1 manifest and v2 live DB
1545,_QxILIyoTpY,MSFT,2025-04-04,True,True,False,False,True,event_id bridge between v1 manifest and v2 live DB
1546,_QxILIyoTpY,AMZN,2025-04-04,True,True,False,False,True,event_id bridge between v1 manifest and v2 live DB
1547,_WK_pxhuz0I,MSFT,2025-10-13,True,True,False,False,True,event_id bridge between v1 manifest and v2 live DB
1548,aB-vNHVnZj8,NFLX,2024-10-17,True,True,False,False,True,event_id bridge between v1 manifest and v2 live DB
1549,aB-vNHVnZj8,NFLX,2024-10-17,True,True,False,False,True,event_id bridge between v1 manifest and v2 live DB
1550,m3XqgJCqVIw,MSFT,2024-10-30,True,True,False,False,True,event_id bridge between v1 manifest and v2 live DB
1551,m3XqgJCqVIw,GOOGL,2024-10-30,True,True,False,False,True,event_id bridge between v1 manifest and v2 live DB
1552,o72YzcjiICw,AMD,2025-07-08,True,True,False,False,True,event_id bridge between v1 manifest and v2 live DB
1553,o72YzcjiICw,PYPL,2025-07-08,True,True,False,False,True,event_id bridge between v1 manifest and v2 live DB
1554,oqzd0wkImYc,GOOGL,2025-04-27,True,True,False,False,True,event_id bridge between v1 manifest and v2 live DB
1555,pRVAAb8Pdrg,AMZN,2025-03-28,False,True,False,True,False,event_id bridge between v1 manifest and v2 live DB
1556,pRVAAb8Pdrg,AMZN,2025-03-28,False,True,False,True,False,event_id bridge between v1 manifest and v2 live DB
1557,pTzz8J-XlYQ,NVDA,2026-02-03,False,True,False,True,False,event_id bridge between v1 manifest and v2 live DB
1558,rCyVqHoh0Uw,AMZN,2025-04-03,False,True,False,True,False,event_id bridge between v1 manifest and v2 live DB
1559,syC5FsFwz_I,AAPL,2024-11-01,False,True,False,True,False,event_id bridge between v1 manifest and v2 live DB
1560,syC5FsFwz_I,AAPL,2024-11-01,False,True,False,True,False,event_id bridge between v1 manifest and v2 live DB
1561,tay_WWcsWiE,AMD,2026-02-03,False,True,False,True,False,event_id bridge between v1 manifest and v2 live DB
1562,tay_WWcsWiE,AMD,2026-02-03,False,True,False,True,False,event_id bridge between v1 manifest and v2 live DB
1563,tay_WWcsWiE,AMD,2026-02-03,False,True,False,True,False,event_id bridge between v1 manifest and v2 live DB
1564,tay_WWcsWiE,NVDA,2026-02-03,False,True,False,True,False,event_id bridge between v1 manifest and v2 live DB
1565,tay_WWcsWiE,NVDA,2026-02-03,False,True,False,True,False,event_id bridge between v1 manifest and v2 live DB
1566,tay_WWcsWiE,GOOGL,2026-02-03,False,True,False,True,False,event_id bridge between v1 manifest and v2 live DB
1567,ue7nbewrXzM,AAPL,2024-09-27,False,True,False,True,False,event_id bridge between v1 manifest and v2 live DB
1568,wmxIGGwf9KY,META,2026-01-28,False,True,False,True,False,event_id bridge between v1 manifest and v2 live DB
1569,wmxIGGwf9KY,MSFT,2026-01-28,False,True,False,True,False,event_id bridge between v1 manifest and v2 live DB
1570,wmxIGGwf9KY,MSFT,2026-01-28,False,True,False,True,False,event_id bridge between v1 manifest and v2 live DB
1571,wmxIGGwf9KY,AMD,2026-01-28,False,True,False,True,False,event_id bridge between v1 manifest and v2 live DB
1572,wmxIGGwf9KY,AMD,2026-01-28,False,True,False,True,False,event_id bridge between v1 manifest and v2 live DB
1573,-0eJaDGdzv4,NVDA,2026-02-10,False,True,False,True,False,event_id bridge between v1 manifest and v2 live DB
1574,-aJCvv54OuY,AMD,2026-02-26,False,True,False,True,False,event_id bridge between v1 manifest and v2 live DB
1575,-hsiLDUX5e8,AMZN,2026-03-11,False,True,False,True,False,event_id bridge between v1 manifest and v2 live DB
1576,05dHr2LWjsU,AMD,2022-12-31,False,True,False,True,False,event_id bridge between v1 manifest and v2 live DB
1577,06V7SVt3GjI,MSFT,2025-01-25,False,True,False,True,False,event_id bridge between v1 manifest and v2 live DB
1578,0JgKITX4Y8s,PYPL,2026-03-04,False,True,False,True,False,event_id bridge between v1 manifest and v2 live DB
1579,0JgKITX4Y8s,PYPL,2026-03-04,False,True,False,True,False,event_id bridge between v1 manifest and v2 live DB
1580,0OKXg-ufLY4,GOOGL,2023-02-26,False,True,False,True,False,event_id bridge between v1 manifest and v2 live DB
1581,0hFQi22v5l0,AMD,2026-04-23,False,True,False,True,False,event_id bridge between v1 manifest and v2 live DB
1582,22f21hgEU6s,UBER,2025-10-07,False,True,False,True,False,event_id bridge between v1 manifest and v2 live DB
1583,22f21hgEU6s,AMZN,2025-10-07,False,True,False,True,False,event_id bridge between v1 manifest and v2 live DB
1584,2SY-Ut8tnSs,GOOGL,2025-07-23,False,True,False,True,False,event_id bridge between v1 manifest and v2 live DB
1585,2SY-Ut8tnSs,TSLA,2025-07-23,False,True,False,True,False,event_id bridge between v1 manifest and v2 live DB
1586,2khvg8CZC_k,AMZN,2025-10-17,False,True,False,True,False,event_id bridge between v1 manifest and v2 live DB
1587,2khvg8CZC_k,MSFT,2025-10-17,False,True,False,True,False,event_id bridge between v1 manifest and v2 live DB
1588,2tVhdKZH-Qw,TSLA,2025-08-29,False,True,False,True,False,event_id bridge between v1 manifest and v2 live DB
1589,4VeppQ_YKbU,NVDA,2026-02-26,False,True,False,True,False,event_id bridge between v1 manifest and v2 live DB
1590,4VeppQ_YKbU,NVDA,2026-02-26,False,True,False,True,False,event_id bridge between v1 manifest and v2 live DB
1591,4VeppQ_YKbU,SOFI,2026-02-26,False,True,False,True,False,event_id bridge between v1 manifest and v2 live DB
1592,5Cwr9rX3VsE,NVDA,2026-02-20,False,True,False,True,False,event_id bridge between v1 manifest and v2 live DB
1593,61v6t1y3nbA,META,2026-01-03,False,True,False,True,False,event_id bridge between v1 manifest and v2 live DB
1594,6EDsN7k3VY0,AMZN,2022-10-30,False,True,False,True,False,event_id bridge between v1 manifest and v2 live DB
1595,6XiCCkvYHIc,NVDA,2026-02-24,False,True,False,True,False,event_id bridge between v1 manifest and v2 live DB
1596,88zPG2RKrT8,MSFT,2026-02-12,False,True,False,True,False,event_id bridge between v1 manifest and v2 live DB
1597,88zPG2RKrT8,AMZN,2026-02-12,False,True,False,True,False,event_id bridge between v1 manifest and v2 live DB
1598,89lxKPzAWXc,GOOGL,2025-07-25,False,True,False,True,False,event_id bridge between v1 manifest and v2 live DB
1599,89lxKPzAWXc,NFLX,2025-07-25,False,True,False,True,False,event_id bridge between v1 manifest and v2 live DB
1600,89lxKPzAWXc,TSLA,2025-07-25,False,True,False,True,False,event_id bridge between v1 manifest and v2 live DB
1601,89lxKPzAWXc,TSLA,2025-07-25,False,True,False,True,False,event_id bridge between v1 manifest and v2 live DB
1602,8gBZgigQuJw,NFLX,2025-01-21,False,True,False,True,False,event_id bridge between v1 manifest and v2 live DB
1603,9DRBLkEBAEQ,PYPL,2026-02-03,False,True,False,True,False,event_id bridge between v1 manifest and v2 live DB
1604,9Le2ETJNoqk,GME,2026-01-29,False,True,False,True,False,event_id bridge between v1 manifest and v2 live DB
1605,9Le2ETJNoqk,AMZN,2026-01-29,False,True,False,True,False,event_id bridge between v1 manifest and v2 live DB
1606,9VLh8B-euGA,MSFT,2024-06-16,False,True,False,True,False,event_id bridge between v1 manifest and v2 live DB
1607,AlCzv5zsmxo,AAPL,2025-01-30,False,True,False,True,False,event_id bridge between v1 manifest and v2 live DB
1608,AlCzv5zsmxo,AAPL,2025-01-30,False,True,False,True,False,event_id bridge between v1 manifest and v2 live DB
1609,BEicjf5naLk,AMD,2026-03-11,False,True,False,True,False,event_id bridge between v1 manifest and v2 live DB
1610,BEicjf5naLk,AMD,2026-03-11,False,True,False,True,False,event_id bridge between v1 manifest and v2 live DB
1611,BEicjf5naLk,META,2026-03-11,False,True,False,True,False,event_id bridge between v1 manifest and v2 live DB
1612,E2T89zidPF4,AAPL,2024-11-23,False,True,False,True,False,event_id bridge between v1 manifest and v2 live DB
1613,E2T89zidPF4,GOOGL,2024-11-23,False,True,False,True,False,event_id bridge between v1 manifest and v2 live DB
1614,E2T89zidPF4,GOOGL,2024-11-23,False,True,False,True,False,event_id bridge between v1 manifest and v2 live DB
1615,E2T89zidPF4,AMZN,2024-11-23,False,True,False,True,False,event_id bridge between v1 manifest and v2 live DB
1616,FP5G4E07WCM,NVDA,2026-01-05,False,True,False,True,False,event_id bridge between v1 manifest and v2 live DB
1617,FXQwVHHbuwo,AMZN,2025-05-24,False,True,False,True,False,event_id bridge between v1 manifest and v2 live DB
1618,FXQwVHHbuwo,NFLX,2025-05-24,False,True,False,True,False,event_id bridge between v1 manifest and v2 live DB
1619,GKtXZWCwFPQ,NVDA,2025-11-13,False,True,False,True,False,event_id bridge between v1 manifest and v2 live DB
1620,GKtXZWCwFPQ,NVDA,2025-11-13,False,True,False,True,False,event_id bridge between v1 manifest and v2 live DB
1621,GL4CpYiaUb0,NVDA,2026-02-05,False,True,False,True,False,event_id bridge between v1 manifest and v2 live DB
1622,GT3JCVOftkw,SOFI,2026-05-06,False,True,False,True,False,event_id bridge between v1 manifest and v2 live DB
1623,GT3JCVOftkw,SOFI,2026-05-06,False,True,False,True,False,event_id bridge between v1 manifest and v2 live DB
1624,GaK9N1jUFR4,AMZN,2026-04-29,False,True,False,True,False,event_id bridge between v1 manifest and v2 live DB
1625,GeqEjvs1vFQ,AAPL,2025-11-22,False,True,False,True,False,event_id bridge between v1 manifest and v2 live DB
1626,HaNkGELV_uk,AMZN,2026-02-09,False,True,False,True,False,event_id bridge between v1 manifest and v2 live DB
1627,HaNkGELV_uk,AMZN,2026-02-09,False,True,False,True,False,event_id bridge between v1 manifest and v2 live DB
1628,HaNkGELV_uk,UBER,2026-02-09,False,True,False,True,False,event_id bridge between v1 manifest and v2 live DB
1629,HaNkGELV_uk,GOOGL,2026-02-09,False,True,False,True,False,event_id bridge between v1 manifest and v2 live DB
1630,HaNkGELV_uk,NVDA,2026-02-09,False,True,False,True,False,event_id bridge between v1 manifest and v2 live DB
1631,HaNkGELV_uk,SOFI,2026-02-09,False,True,False,True,False,event_id bridge between v1 manifest and v2 live DB
1632,HaNkGELV_uk,SOFI,2026-02-09,False,True,False,True,False,event_id bridge between v1 manifest and v2 live DB
1633,IZgE6qE8cCs,NVDA,2026-02-25,False,True,False,True,False,event_id bridge between v1 manifest and v2 live DB
1634,IZgE6qE8cCs,NVDA,2026-02-25,False,True,False,True,False,event_id bridge between v1 manifest and v2 live DB
1635,IZgE6qE8cCs,AMD,2026-02-25,False,True,False,True,False,event_id bridge between v1 manifest and v2 live DB
1636,K815zINuzYQ,SOFI,2026-04-09,False,True,False,True,False,event_id bridge between v1 manifest and v2 live DB
1637,K815zINuzYQ,SOFI,2026-04-09,False,True,False,True,False,event_id bridge between v1 manifest and v2 live DB
1638,K815zINuzYQ,SOFI,2026-04-09,False,True,False,True,False,event_id bridge between v1 manifest and v2 live DB
1639,K815zINuzYQ,SOFI,2026-04-09,False,True,False,True,False,event_id bridge between v1 manifest and v2 live DB
1640,KPJ44s9LNfk,AMZN,2026-05-02,False,True,False,True,False,event_id bridge between v1 manifest and v2 live DB
1641,KPJ44s9LNfk,META,2026-05-02,False,True,False,True,False,event_id bridge between v1 manifest and v2 live DB
1642,KPJ44s9LNfk,NFLX,2026-05-02,False,True,False,True,False,event_id bridge between v1 manifest and v2 live DB
1643,KPJ44s9LNfk,NVDA,2026-05-02,False,True,False,True,False,event_id bridge between v1 manifest and v2 live DB
1644,KPJ44s9LNfk,UBER,2026-05-02,False,True,False,True,False,event_id bridge between v1 manifest and v2 live DB
1645,KkwARDjcjjg,MSFT,2025-04-06,False,True,False,True,False,event_id bridge between v1 manifest and v2 live DB
1646,KqvdR_iAHQs,AMZN,2025-07-11,False,True,False,True,False,event_id bridge between v1 manifest and v2 live DB
1647,Kr-0EQVTWxs,NVDA,2026-02-05,False,True,False,True,False,event_id bridge between v1 manifest and v2 live DB
1648,LPOmLXLY7HE,AMD,2026-03-01,False,True,False,True,False,event_id bridge between v1 manifest and v2 live DB
1649,Lmdxc9mER4M,MSFT,2023-01-26,False,True,False,True,False,event_id bridge between v1 manifest and v2 live DB
1650,Lmdxc9mER4M,GOOGL,2023-01-26,False,True,False,True,False,event_id bridge between v1 manifest and v2 live DB
1651,Lmdxc9mER4M,AAPL,2023-01-26,False,True,False,True,False,event_id bridge between v1 manifest and v2 live DB
1652,Lmdxc9mER4M,DIS,2023-01-26,False,True,False,True,False,event_id bridge between v1 manifest and v2 live DB
1653,Lmdxc9mER4M,DIS,2023-01-26,False,True,False,True,False,event_id bridge between v1 manifest and v2 live DB
1654,MiibryTnAjo,MSFT,2025-03-16,False,True,False,True,False,event_id bridge between v1 manifest and v2 live DB
1655,MpFapZJ2JMU,NFLX,2026-02-15,False,True,False,True,False,event_id bridge between v1 manifest and v2 live DB
1656,MpFapZJ2JMU,SOFI,2026-02-15,False,True,False,True,False,event_id bridge between v1 manifest and v2 live DB
1657,NAZpNXvK3aE,TSLA,2026-04-22,False,True,False,True,False,event_id bridge between v1 manifest and v2 live DB
1658,NAZpNXvK3aE,TSLA,2026-04-22,False,True,False,True,False,event_id bridge between v1 manifest and v2 live DB
1659,NAZpNXvK3aE,AMD,2026-04-22,False,True,False,True,False,event_id bridge between v1 manifest and v2 live DB
1660,NAZpNXvK3aE,NVDA,2026-04-22,False,True,False,True,False,event_id bridge between v1 manifest and v2 live DB
1661,NAZpNXvK3aE,GOOGL,2026-04-22,False,True,False,True,False,event_id bridge between v1 manifest and v2 live DB
1662,NAZpNXvK3aE,AMZN,2026-04-22,False,True,False,True,False,event_id bridge between v1 manifest and v2 live DB
1663,NLag_b_QXhk,AMZN,2026-02-10,False,True,False,True,False,event_id bridge between v1 manifest and v2 live DB
1664,NLag_b_QXhk,NVDA,2026-02-10,False,True,False,True,False,event_id bridge between v1 manifest and v2 live DB
1665,OLLhwiT-fMg,AMZN,2026-02-05,False,True,False,True,False,event_id bridge between v1 manifest and v2 live DB
1666,OLLhwiT-fMg,AMZN,2026-02-05,False,True,False,True,False,event_id bridge between v1 manifest and v2 live DB
1667,OYDczFnn2BA,NVDA,2026-04-01,False,True,False,True,False,event_id bridge between v1 manifest and v2 live DB
1668,OYDczFnn2BA,NVDA,2026-04-01,False,True,False,True,False,event_id bridge between v1 manifest and v2 live DB
1669,OyB-iFndK3M,GOOGL,2026-04-29,False,True,False,True,False,event_id bridge between v1 manifest and v2 live DB
1670,P3PyYK1o7yw,NVDA,2025-02-01,False,True,False,True,False,event_id bridge between v1 manifest and v2 live DB
1671,P3PyYK1o7yw,NFLX,2025-02-01,False,True,False,True,False,event_id bridge between v1 manifest and v2 live DB
1672,P3PyYK1o7yw,MSFT,2025-02-01,False,True,False,True,False,event_id bridge between v1 manifest and v2 live DB
1673,QIAWUXXSoQM,AAPL,2020-04-30,False,True,False,True,False,event_id bridge between v1 manifest and v2 live DB
1674,Qh8aI14uZ48,META,2026-01-16,False,True,False,True,False,event_id bridge between v1 manifest and v2 live DB
1675,Ro2fVhXze58,MSFT,2022-11-17,False,True,False,True,False,event_id bridge between v1 manifest and v2 live DB
1676,SmljtuGoV7s,NVDA,2025-08-22,False,True,False,True,False,event_id bridge between v1 manifest and v2 live DB
1677,SmljtuGoV7s,AAPL,2025-08-22,False,True,False,True,False,event_id bridge between v1 manifest and v2 live DB
1678,SuGaHKOvBPY,NVDA,2026-01-24,False,True,False,True,False,event_id bridge between v1 manifest and v2 live DB
1679,UDnrbOicxiI,NVDA,2025-08-28,False,True,False,True,False,event_id bridge between v1 manifest and v2 live DB
1680,XiAXdtD9Gsg,AAPL,2025-10-31,False,True,False,True,False,event_id bridge between v1 manifest and v2 live DB
1681,YainaNr8tPw,AMD,2025-02-04,False,True,False,True,False,event_id bridge between v1 manifest and v2 live DB
1682,ZQeoYO8ZdfY,GOOGL,2025-10-30,False,True,False,True,False,event_id bridge between v1 manifest and v2 live DB
1683,ZRaTSAxYCBk,PLTR,2026-04-30,False,True,False,True,False,event_id bridge between v1 manifest and v2 live DB
1684,ZTHRbIdPkOw,MSFT,2025-08-01,False,True,False,True,False,event_id bridge between v1 manifest and v2 live DB
1685,ZgzDmoaQPzw,AMZN,2026-02-06,False,True,False,True,False,event_id bridge between v1 manifest and v2 live DB
1686,ZgzDmoaQPzw,NVDA,2026-02-06,False,True,False,True,False,event_id bridge between v1 manifest and v2 live DB
1687,ZgzDmoaQPzw,META,2026-02-06,False,True,False,True,False,event_id bridge between v1 manifest and v2 live DB
1688,ZgzDmoaQPzw,MSFT,2026-02-06,False,True,False,True,False,event_id bridge between v1 manifest and v2 live DB
1689,_cZhr7MIffI,AMZN,2025-07-10,False,True,False,True,False,event_id bridge between v1 manifest and v2 live DB
1690,_cZhr7MIffI,META,2025-07-10,False,True,False,True,False,event_id bridge between v1 manifest and v2 live DB
1691,_hiDU8IyEV4,AAPL,2023-05-19,False,True,False,True,False,event_id bridge between v1 manifest and v2 live DB
1692,a1ObcmtxzfI,NVDA,2026-03-02,False,True,False,True,False,event_id bridge between v1 manifest and v2 live DB
1693,a1ObcmtxzfI,NVDA,2026-03-02,False,True,False,True,False,event_id bridge between v1 manifest and v2 live DB
1694,a1ObcmtxzfI,NVDA,2026-03-02,False,True,False,True,False,event_id bridge between v1 manifest and v2 live DB
1695,a1ObcmtxzfI,NVDA,2026-03-02,False,True,False,True,False,event_id bridge between v1 manifest and v2 live DB
1696,a1ObcmtxzfI,AMZN,2026-03-02,False,True,False,True,False,event_id bridge between v1 manifest and v2 live DB
1697,aAdBjx2VV5E,MSFT,2026-01-29,False,True,False,True,False,event_id bridge between v1 manifest and v2 live DB
1698,b5rO7Fb9Ek0,GOOGL,2025-11-25,False,True,False,True,False,event_id bridge between v1 manifest and v2 live DB
1699,b5rO7Fb9Ek0,GOOGL,2025-11-25,False,True,False,True,False,event_id bridge between v1 manifest and v2 live DB
1700,b5rO7Fb9Ek0,GOOGL,2025-11-25,False,True,False,True,False,event_id bridge between v1 manifest and v2 live DB
1701,bCjiTqdpD0w,AMZN,2024-06-04,False,True,False,True,False,event_id bridge between v1 manifest and v2 live DB
1702,bCjiTqdpD0w,AMZN,2024-06-04,False,True,False,True,False,event_id bridge between v1 manifest and v2 live DB
1703,bOcxvTxg9b8,NVDA,2026-02-27,False,True,False,True,False,event_id bridge between v1 manifest and v2 live DB
1704,bOfvWTYdATQ,SOFI,2026-03-03,False,True,False,True,False,event_id bridge between v1 manifest and v2 live DB
1705,eBn3iqktP1k,AMZN,2026-03-14,False,True,False,True,False,event_id bridge between v1 manifest and v2 live DB
1706,eD54PgLZrWM,AMZN,2026-02-28,False,True,False,True,False,event_id bridge between v1 manifest and v2 live DB
1707,ebJB5e-7KlU,MSFT,2025-08-02,False,True,False,True,False,event_id bridge between v1 manifest and v2 live DB
1708,ep5g-IJwkbg,AAPL,2025-02-22,False,True,False,True,False,event_id bridge between v1 manifest and v2 live DB
1709,ep5g-IJwkbg,AAPL,2025-02-22,False,True,False,True,False,event_id bridge between v1 manifest and v2 live DB
1710,ep5g-IJwkbg,AMZN,2025-02-22,False,True,False,True,False,event_id bridge between v1 manifest and v2 live DB
1711,ep5g-IJwkbg,AMZN,2025-02-22,False,True,False,True,False,event_id bridge between v1 manifest and v2 live DB
1712,ep5g-IJwkbg,AMZN,2025-02-22,False,True,False,True,False,event_id bridge between v1 manifest and v2 live DB
1713,ep5g-IJwkbg,NVDA,2025-02-22,False,True,False,True,False,event_id bridge between v1 manifest and v2 live DB
1714,ep5g-IJwkbg,TSLA,2025-02-22,False,True,False,True,False,event_id bridge between v1 manifest and v2 live DB
1715,fX-nv0hZwMM,NVDA,2026-04-28,False,True,False,True,False,event_id bridge between v1 manifest and v2 live DB
1716,fX-nv0hZwMM,AMD,2026-04-28,False,True,False,True,False,event_id bridge between v1 manifest and v2 live DB
1717,fc1XQyB5tPM,MSFT,2025-10-24,False,True,False,True,False,event_id bridge between v1 manifest and v2 live DB
1718,fiQTZo2ibKA,NVDA,2025-11-29,False,True,False,True,False,event_id bridge between v1 manifest and v2 live DB
1719,fumAfswKdjI,TSLA,2025-03-07,False,True,False,True,False,event_id bridge between v1 manifest and v2 live DB
1720,h0y25tnm0us,AMD,2026-03-12,False,True,False,True,False,event_id bridge between v1 manifest and v2 live DB
1721,h0y25tnm0us,NVDA,2026-03-12,False,True,False,True,False,event_id bridge between v1 manifest and v2 live DB
1722,h0y25tnm0us,TSLA,2026-03-12,False,True,False,True,False,event_id bridge between v1 manifest and v2 live DB
1723,i3asx63XnMs,NVDA,2026-03-04,False,True,False,True,False,event_id bridge between v1 manifest and v2 live DB
1724,i3asx63XnMs,NVDA,2026-03-04,False,True,False,True,False,event_id bridge between v1 manifest and v2 live DB
1725,i3asx63XnMs,SOFI,2026-03-04,False,True,False,True,False,event_id bridge between v1 manifest and v2 live DB
1726,i3asx63XnMs,META,2026-03-04,False,True,False,True,False,event_id bridge between v1 manifest and v2 live DB
1727,i3asx63XnMs,META,2026-03-04,False,True,False,True,False,event_id bridge between v1 manifest and v2 live DB
1728,i3asx63XnMs,AAPL,2026-03-04,False,True,False,True,False,event_id bridge between v1 manifest and v2 live DB
1729,j3cDPUdOZEQ,DIS,2024-09-23,False,True,False,True,False,event_id bridge between v1 manifest and v2 live DB
1730,j3cDPUdOZEQ,DIS,2024-09-23,False,True,False,True,False,event_id bridge between v1 manifest and v2 live DB
1731,jknts65JqrQ,SOFI,2026-03-29,False,True,False,True,False,event_id bridge between v1 manifest and v2 live DB
1732,jzQc6ic31Kw,AMD,2026-04-25,False,True,False,True,False,event_id bridge between v1 manifest and v2 live DB
1733,kT4OdZ-tdnw,AMZN,2025-11-14,False,True,False,True,False,event_id bridge between v1 manifest and v2 live DB
1734,kgsbo09tXeA,META,2026-01-28,False,True,False,True,False,event_id bridge between v1 manifest and v2 live DB
1735,kgsbo09tXeA,META,2026-01-28,False,True,False,True,False,event_id bridge between v1 manifest and v2 live DB
1736,l2EnBa-7fdg,SOFI,2026-05-01,False,True,False,True,False,event_id bridge between v1 manifest and v2 live DB
1737,lii5Ppd0Fvk,NVDA,2026-03-04,False,True,False,True,False,event_id bridge between v1 manifest and v2 live DB
1738,lii5Ppd0Fvk,NVDA,2026-03-04,False,True,False,True,False,event_id bridge between v1 manifest and v2 live DB
1739,lii5Ppd0Fvk,META,2026-03-04,False,True,False,True,False,event_id bridge between v1 manifest and v2 live DB
1740,lzXp9c353yA,GOOGL,2025-07-17,False,True,False,True,False,event_id bridge between v1 manifest and v2 live DB
1741,lzXp9c353yA,TSLA,2025-07-17,False,True,False,True,False,event_id bridge between v1 manifest and v2 live DB
1742,lzXp9c353yA,AAPL,2025-07-17,False,True,False,True,False,event_id bridge between v1 manifest and v2 live DB
1743,lzXp9c353yA,MSFT,2025-07-17,False,True,False,True,False,event_id bridge between v1 manifest and v2 live DB
1744,lzXp9c353yA,NVDA,2025-07-17,False,True,False,True,False,event_id bridge between v1 manifest and v2 live DB
1745,nUDXbFXTxLU,PYPL,2026-01-16,False,True,False,True,False,event_id bridge between v1 manifest and v2 live DB
1746,nf7MTvSgpLA,MSFT,2026-02-05,False,True,False,True,False,event_id bridge between v1 manifest and v2 live DB
1747,ntX9bHqygrU,MSFT,2022-10-17,False,True,False,True,False,event_id bridge between v1 manifest and v2 live DB
1748,oD5dQTzOjlM,META,2025-11-21,False,True,False,True,False,event_id bridge between v1 manifest and v2 live DB
1749,oD5dQTzOjlM,META,2025-11-21,False,True,False,True,False,event_id bridge between v1 manifest and v2 live DB
1750,oY2d8UmUW40,NVDA,2024-11-21,False,True,False,True,False,event_id bridge between v1 manifest and v2 live DB
1751,oY2d8UmUW40,NVDA,2024-11-21,False,True,False,True,False,event_id bridge between v1 manifest and v2 live DB
1752,oY2d8UmUW40,NVDA,2024-11-21,False,True,False,True,False,event_id bridge between v1 manifest and v2 live DB
1753,p2AmerL1cDw,META,2026-02-12,False,True,False,True,False,event_id bridge between v1 manifest and v2 live DB
1754,p71nSCCjeYk,PYPL,2026-02-17,False,True,False,True,False,event_id bridge between v1 manifest and v2 live DB
1755,pEsk8RvuT64,MSFT,2023-02-14,False,True,False,True,False,event_id bridge between v1 manifest and v2 live DB
1756,tEmA258ybFM,AMZN,2025-04-18,False,True,False,True,False,event_id bridge between v1 manifest and v2 live DB
1757,tEmA258ybFM,AMZN,2025-04-18,False,True,False,True,False,event_id bridge between v1 manifest and v2 live DB
1758,uCKILxbFuEE,SOFI,2026-02-17,False,True,False,True,False,event_id bridge between v1 manifest and v2 live DB
1759,ubr5rZvkrpY,SOFI,2026-05-03,False,True,False,True,False,event_id bridge between v1 manifest and v2 live DB
1760,wyCQuzCkjIc,MSFT,2025-03-28,False,True,False,True,False,event_id bridge between v1 manifest and v2 live DB
1761,x0y3hAxpwKw,HOOD,2026-02-11,False,True,False,True,False,event_id bridge between v1 manifest and v2 live DB
1762,xJHP43izznA,AMZN,2026-02-27,False,True,False,True,False,event_id bridge between v1 manifest and v2 live DB
1763,xJHP43izznA,AMZN,2026-02-27,False,True,False,True,False,event_id bridge between v1 manifest and v2 live DB
1764,xJHP43izznA,AMZN,2026-02-27,False,True,False,True,False,event_id bridge between v1 manifest and v2 live DB
1765,xJHP43izznA,AMZN,2026-02-27,False,True,False,True,False,event_id bridge between v1 manifest and v2 live DB
1766,y4fA-Io6T0A,AAPL,2025-03-07,False,True,False,True,False,event_id bridge between v1 manifest and v2 live DB
1767,y4fA-Io6T0A,TSLA,2025-03-07,False,True,False,True,False,event_id bridge between v1 manifest and v2 live DB
1768,y4fA-Io6T0A,NFLX,2025-03-07,False,True,False,True,False,event_id bridge between v1 manifest and v2 live DB
1769,z01g14mnDOs,NVDA,2026-02-26,False,True,False,True,False,event_id bridge between v1 manifest and v2 live DB
1770,z01g14mnDOs,SOFI,2026-02-26,False,True,False,True,False,event_id bridge between v1 manifest and v2 live DB
1771,z01g14mnDOs,MSFT,2026-02-26,False,True,False,True,False,event_id bridge between v1 manifest and v2 live DB
1772,z0Bm0nDtgKo,GOOGL,2025-02-05,False,True,False,True,False,event_id bridge between v1 manifest and v2 live DB
1773,z6EJWLrf_1s,PYPL,2023-09-25,False,True,False,True,False,event_id bridge between v1 manifest and v2 live DB
1774,zLyrZKltbdw,AMZN,2022-12-09,False,True,False,True,False,event_id bridge between v1 manifest and v2 live DB
1775,-47wA5ldJgU,SOFI,2026-04-29,False,True,False,True,False,event_id bridge between v1 manifest and v2 live DB
1776,-47wA5ldJgU,SOFI,2026-04-29,False,True,False,True,False,event_id bridge between v1 manifest and v2 live DB
1777,-47wA5ldJgU,META,2026-04-29,False,True,False,True,False,event_id bridge between v1 manifest and v2 live DB
1778,2Y82M282wEE,NVDA,2026-04-21,False,True,False,True,False,event_id bridge between v1 manifest and v2 live DB
1779,2Y82M282wEE,PLTR,2026-04-21,False,True,False,True,False,event_id bridge between v1 manifest and v2 live DB
1780,2dJH0dAoBOQ,NVDA,2026-04-21,False,True,False,True,False,event_id bridge between v1 manifest and v2 live DB
1781,4fV6z5xqw0U,TSLA,2026-01-31,False,True,False,True,False,event_id bridge between v1 manifest and v2 live DB
1782,566DGPT1-yQ,AMD,2025-12-31,False,True,False,True,False,event_id bridge between v1 manifest and v2 live DB
1783,79-99DvYn88,AMZN,2026-04-12,False,True,False,True,False,event_id bridge between v1 manifest and v2 live DB
1784,9LAzdM1JFkE,AMZN,2026-03-16,False,True,False,True,False,event_id bridge between v1 manifest and v2 live DB
1785,9LAzdM1JFkE,AAPL,2026-03-16,False,True,False,True,False,event_id bridge between v1 manifest and v2 live DB
1786,FjvAA4ClBIA,AMD,2026-05-07,False,True,False,True,False,event_id bridge between v1 manifest and v2 live DB
1787,JEQdeEOLX3c,NVDA,2026-05-05,False,True,False,True,False,event_id bridge between v1 manifest and v2 live DB
1788,JEQdeEOLX3c,GOOGL,2026-05-05,False,True,False,True,False,event_id bridge between v1 manifest and v2 live DB
1789,JEQdeEOLX3c,META,2026-05-05,False,True,False,True,False,event_id bridge between v1 manifest and v2 live DB
1790,Msk4jV-NMi4,SHOP,2026-02-18,False,True,False,True,False,event_id bridge between v1 manifest and v2 live DB
1791,RUuCGXBMBts,AMZN,2026-04-17,False,True,False,True,False,event_id bridge between v1 manifest and v2 live DB
1792,T2II8itYQLY,GOOGL,2026-01-12,False,True,False,True,False,event_id bridge between v1 manifest and v2 live DB
1793,VkegraEo8N8,UBER,2026-05-09,False,True,False,True,False,event_id bridge between v1 manifest and v2 live DB
1794,YnIhU8buVqM,PLTR,2026-01-21,False,True,False,True,False,event_id bridge between v1 manifest and v2 live DB
1795,ZoNdAG4wL_M,NFLX,2026-01-04,False,True,False,True,False,event_id bridge between v1 manifest and v2 live DB
1796,b3IcD1Ki3mw,META,2026-05-09,False,True,False,True,False,event_id bridge between v1 manifest and v2 live DB
1797,b3IcD1Ki3mw,META,2026-05-09,False,True,False,True,False,event_id bridge between v1 manifest and v2 live DB
1798,b3IcD1Ki3mw,META,2026-05-09,False,True,False,True,False,event_id bridge between v1 manifest and v2 live DB
1799,cQ3VZJJDwI4,GOOGL,2023-08-25,False,True,False,True,False,event_id bridge between v1 manifest and v2 live DB
1800,iE0ya4QEP6M,GOOGL,2026-04-30,False,True,False,True,False,event_id bridge between v1 manifest and v2 live DB
1801,iOJ34Usmi7c,PYPL,2026-05-05,False,True,False,True,False,event_id bridge between v1 manifest and v2 live DB
1802,iOJ34Usmi7c,PYPL,2026-05-05,False,True,False,True,False,event_id bridge between v1 manifest and v2 live DB
1803,iOJ34Usmi7c,MSFT,2026-05-05,False,True,False,True,False,event_id bridge between v1 manifest and v2 live DB
1804,iOJ34Usmi7c,SHOP,2026-05-05,False,True,False,True,False,event_id bridge between v1 manifest and v2 live DB
1805,pqQ-v51DN9U,MSFT,2026-04-30,False,True,False,True,False,event_id bridge between v1 manifest and v2 live DB
1806,urKw6UgHy7U,META,2026-04-29,False,True,False,True,False,event_id bridge between v1 manifest and v2 live DB
1807,urKw6UgHy7U,GOOGL,2026-04-29,False,True,False,True,False,event_id bridge between v1 manifest and v2 live DB
1808,xEd3BKPx_5w,META,2026-03-13,False,True,False,True,False,event_id bridge between v1 manifest and v2 live DB
1809,yMcHC559ms0,SOFI,2026-04-29,False,True,False,True,False,event_id bridge between v1 manifest and v2 live DB
1810,yyMU6QkRdX4,NFLX,2026-04-16,False,True,False,True,False,event_id bridge between v1 manifest and v2 live DB
1811,VxullUlwyfk,AMD,2026-05-05,False,True,False,True,False,event_id bridge between v1 manifest and v2 live DB
1812,VxullUlwyfk,NVDA,2026-05-05,False,True,False,True,False,event_id bridge between v1 manifest and v2 live DB
1813,VxullUlwyfk,GOOGL,2026-05-05,False,True,False,True,False,event_id bridge between v1 manifest and v2 live DB
1814,mnJf3yEipI8,GOOGL,2026-04-29,False,True,False,True,False,event_id bridge between v1 manifest and v2 live DB
1815,ZT5Y9OWWduo,META,2026-03-17,False,True,False,True,False,event_id bridge between v1 manifest and v2 live DB
1816,ZT5Y9OWWduo,META,2026-03-17,False,True,False,True,False,event_id bridge between v1 manifest and v2 live DB
1817,ZT5Y9OWWduo,META,2026-03-17,False,True,False,True,False,event_id bridge between v1 manifest and v2 live DB
1818,37HErhv0PDw,AAPL,2025-06-27,False,True,False,True,False,event_id bridge between v1 manifest and v2 live DB
1819,8YAO5OMzEqo,TSLA,2026-05-04,False,True,False,True,False,event_id bridge between v1 manifest and v2 live DB
1820,BxDjTZzN_vw,GOOGL,2026-02-15,False,True,False,True,False,event_id bridge between v1 manifest and v2 live DB
1821,DspkdrYD3mE,PLTR,2026-04-10,False,True,False,True,False,event_id bridge between v1 manifest and v2 live DB
1822,HnhI8RqeZPU,META,2026-05-02,False,True,False,True,False,event_id bridge between v1 manifest and v2 live DB
1823,IuqZ4FVA3ck,META,2026-05-08,False,True,False,True,False,event_id bridge between v1 manifest and v2 live DB
1824,IuqZ4FVA3ck,META,2026-05-08,False,True,False,True,False,event_id bridge between v1 manifest and v2 live DB
1825,IuqZ4FVA3ck,META,2026-05-08,False,True,False,True,False,event_id bridge between v1 manifest and v2 live DB
1826,IuqZ4FVA3ck,SOFI,2026-05-08,False,True,False,True,False,event_id bridge between v1 manifest and v2 live DB
1827,IuqZ4FVA3ck,NFLX,2026-05-08,False,True,False,True,False,event_id bridge between v1 manifest and v2 live DB
1828,JpGyIp6-Icw,NVDA,2026-04-27,False,True,False,True,False,event_id bridge between v1 manifest and v2 live DB
1829,JpGyIp6-Icw,NVDA,2026-04-27,False,True,False,True,False,event_id bridge between v1 manifest and v2 live DB
1830,N2AKFXEJrmw,GOOGL,2026-05-05,False,True,False,True,False,event_id bridge between v1 manifest and v2 live DB
1831,U3eGEycHccU,TSLA,2026-03-21,False,True,False,True,False,event_id bridge between v1 manifest and v2 live DB
1832,XR57WlqX4iM,DIS,2025-04-29,False,True,False,True,False,event_id bridge between v1 manifest and v2 live DB
1833,XR57WlqX4iM,DIS,2025-04-29,False,True,False,True,False,event_id bridge between v1 manifest and v2 live DB
1834,ZdxSfpyE3io,AMZN,2025-12-31,False,True,False,True,False,event_id bridge between v1 manifest and v2 live DB
1835,_vefC6wbulo,AMZN,2026-04-28,False,True,False,True,False,event_id bridge between v1 manifest and v2 live DB
1836,ha595tW5ZYI,NVDA,2026-04-04,False,True,False,True,False,event_id bridge between v1 manifest and v2 live DB
1837,j0UlfSd4mj0,NVDA,2026-05-11,False,True,False,True,False,event_id bridge between v1 manifest and v2 live DB
1838,ogRgEob9-pY,AMZN,2026-05-04,False,True,False,True,False,event_id bridge between v1 manifest and v2 live DB
1839,t07A312EiCo,AMD,2026-04-30,False,True,False,True,False,event_id bridge between v1 manifest and v2 live DB
1840,t07A312EiCo,NVDA,2026-04-30,False,True,False,True,False,event_id bridge between v1 manifest and v2 live DB
1841,TWbl-PTpWUY,TSLA,2025-05-14,False,True,False,True,False,event_id bridge between v1 manifest and v2 live DB
1842,3UksR3ghPi4,NVDA,2025-09-02,False,True,False,True,False,event_id bridge between v1 manifest and v2 live DB
1843,3cZ0meXHFSU,META,2025-06-26,False,True,False,True,False,event_id bridge between v1 manifest and v2 live DB
1844,OALvs2pdQfY,GOOGL,2025-07-04,False,True,False,True,False,event_id bridge between v1 manifest and v2 live DB
1845,WQRRgjZvw48,NVDA,2025-08-25,False,True,False,True,False,event_id bridge between v1 manifest and v2 live DB
1846,zCnBQKLEAmo,META,2025-06-07,False,True,False,True,False,event_id bridge between v1 manifest and v2 live DB
1847,1kkYirZWToE,TSLA,2021-05-14,False,True,False,True,False,event_id bridge between v1 manifest and v2 live DB
1848,yHaFZjH1po8,SQ,2020-11-20,False,True,False,True,False,event_id bridge between v1 manifest and v2 live DB
1849,2EsN8-iGb9I,AMZN,2020-07-17,False,True,False,True,False,event_id bridge between v1 manifest and v2 live DB
1850,DgzWuS5_XyI,TSLA,2020-06-22,False,True,False,True,False,event_id bridge between v1 manifest and v2 live DB
1851,Zxz4CiEoyeE,TSLA,2020-06-15,False,True,False,True,False,event_id bridge between v1 manifest and v2 live DB
1852,qSAEtgOMcUc,TSLA,2020-06-05,False,True,False,True,False,event_id bridge between v1 manifest and v2 live DB
1853,lAjQ0a8EFLg,TSLA,2020-06-01,False,True,False,True,False,event_id bridge between v1 manifest and v2 live DB
1854,vq2OzoJ-xSk,TSLA,2020-05-22,False,True,False,True,False,event_id bridge between v1 manifest and v2 live DB
1855,wBjBs0VibaY,GOOGL,2023-10-27,False,True,False,True,False,event_id bridge between v1 manifest and v2 live DB
1856,nKHzfQd4lOo,NVDA,2024-12-28,False,True,False,True,False,event_id bridge between v1 manifest and v2 live DB
1857,nKHzfQd4lOo,NVDA,2024-12-28,False,True,False,True,False,event_id bridge between v1 manifest and v2 live DB
1858,dsVxaGMD2q8,MSFT,2024-07-14,False,True,False,True,False,event_id bridge between v1 manifest and v2 live DB
1859,wwIh2NK3GMM,META,2026-04-09,False,True,False,True,False,event_id bridge between v1 manifest and v2 live DB
1860,8ZllCsuVEaM,MSFT,2025-10-11,False,True,False,True,False,event_id bridge between v1 manifest and v2 live DB
1861,JooqHEF0kBo,AMC,2024-05-31,False,True,False,True,False,event_id bridge between v1 manifest and v2 live DB
1862,JooqHEF0kBo,AMC,2024-05-31,False,True,False,True,False,event_id bridge between v1 manifest and v2 live DB
1863,BL_L4hHBTLc,DIS,2022-11-18,False,True,False,True,False,event_id bridge between v1 manifest and v2 live DB
1864,kG6MzOFT9RM,SHOP,2023-01-08,False,True,False,True,False,event_id bridge between v1 manifest and v2 live DB
1865,gaG787XWIXc,AAPL,2023-08-18,False,True,False,True,False,event_id bridge between v1 manifest and v2 live DB
1866,5T_EgAUWhhg,TSLA,2021-08-02,False,True,False,True,False,event_id bridge between v1 manifest and v2 live DB
1867,Q91eWzrwLeY,AMD,2025-11-24,False,True,False,True,False,event_id bridge between v1 manifest and v2 live DB
1868,fIcWfHikAOo,AMD,2025-11-07,False,True,False,True,False,event_id bridge between v1 manifest and v2 live DB
1869,kLq9UBVTUYY,MSFT,2024-12-04,False,True,False,True,False,event_id bridge between v1 manifest and v2 live DB
1870,9ykRV2OMPbE,NVDA,2023-03-21,False,True,False,True,False,event_id bridge between v1 manifest and v2 live DB
1871,AqZbO8Ojhmw,AMZN,2022-11-04,False,True,False,True,False,event_id bridge between v1 manifest and v2 live DB
1872,Uf85jlmd5_4,NVDA,2023-08-30,False,True,False,True,False,event_id bridge between v1 manifest and v2 live DB
1873,Uf85jlmd5_4,MSFT,2023-08-30,False,True,False,True,False,event_id bridge between v1 manifest and v2 live DB
1874,HFxdNdd1BW0,GOOGL,2023-12-18,False,True,False,True,False,event_id bridge between v1 manifest and v2 live DB
1875,HFxdNdd1BW0,GOOGL,2023-12-18,False,True,False,True,False,event_id bridge between v1 manifest and v2 live DB
1876,HFxdNdd1BW0,AMD,2023-12-18,False,True,False,True,False,event_id bridge between v1 manifest and v2 live DB
1877,HFxdNdd1BW0,TSLA,2023-12-18,False,True,False,True,False,event_id bridge between v1 manifest and v2 live DB
1878,daw3A_OI1ac,TSLA,2022-01-20,False,True,False,True,False,event_id bridge between v1 manifest and v2 live DB
1879,HEvRiI2r2lQ,AMZN,2025-01-22,False,True,False,True,False,event_id bridge between v1 manifest and v2 live DB
1880,HEvRiI2r2lQ,NVDA,2025-01-22,False,True,False,True,False,event_id bridge between v1 manifest and v2 live DB
1881,Md0F7Bvwtz4,NVDA,2025-12-12,False,True,False,True,False,event_id bridge between v1 manifest and v2 live DB
1882,V-T-k1pK4LY,GOOGL,2025-12-31,False,True,False,True,False,event_id bridge between v1 manifest and v2 live DB
1883,y-EbYtfeI5o,META,2026-02-16,False,True,False,True,False,event_id bridge between v1 manifest and v2 live DB
1884,y-EbYtfeI5o,PYPL,2026-02-16,False,True,False,True,False,event_id bridge between v1 manifest and v2 live DB
1885,y-EbYtfeI5o,PYPL,2026-02-16,False,True,False,True,False,event_id bridge between v1 manifest and v2 live DB
1886,y-EbYtfeI5o,PYPL,2026-02-16,False,True,False,True,False,event_id bridge between v1 manifest and v2 live DB
1887,y-EbYtfeI5o,PYPL,2026-02-16,False,True,False,True,False,event_id bridge between v1 manifest and v2 live DB
1888,y-EbYtfeI5o,NVDA,2026-02-16,False,True,False,True,False,event_id bridge between v1 manifest and v2 live DB
1889,gpxJkp9Dv0k,MSFT,2026-03-03,False,True,False,True,False,event_id bridge between v1 manifest and v2 live DB
1890,gpxJkp9Dv0k,MSFT,2026-03-03,False,True,False,True,False,event_id bridge between v1 manifest and v2 live DB
1891,jkF0tlSV5qk,MSFT,2026-03-26,False,True,False,True,False,event_id bridge between v1 manifest and v2 live DB
1892,MDcoPZ5cAbg,SOFI,2026-04-07,False,True,False,True,False,event_id bridge between v1 manifest and v2 live DB
1893,ljWJDprZM4o,AMD,2026-04-15,False,True,False,True,False,event_id bridge between v1 manifest and v2 live DB
1894,ljWJDprZM4o,AMD,2026-04-15,False,True,False,True,False,event_id bridge between v1 manifest and v2 live DB
1895,ljWJDprZM4o,AMD,2026-04-15,False,True,False,True,False,event_id bridge between v1 manifest and v2 live DB
1896,bsXdpDzDTqk,AMD,2026-04-22,False,True,False,True,False,event_id bridge between v1 manifest and v2 live DB
1897,uydkWBlPHg0,TSLA,2025-02-11,False,True,False,True,False,event_id bridge between v1 manifest and v2 live DB
1898,uydkWBlPHg0,TSLA,2025-02-11,False,True,False,True,False,event_id bridge between v1 manifest and v2 live DB
1899,uydkWBlPHg0,TSLA,2025-02-11,False,True,False,True,False,event_id bridge between v1 manifest and v2 live DB
1900,uydkWBlPHg0,TSLA,2025-02-11,False,True,False,True,False,event_id bridge between v1 manifest and v2 live DB
1901,uydkWBlPHg0,TSLA,2025-02-11,False,True,False,True,False,event_id bridge between v1 manifest and v2 live DB
1902,c_FA16k8i_c,GOOGL,2025-10-29,False,True,False,True,False,event_id bridge between v1 manifest and v2 live DB
1903,c_FA16k8i_c,GOOGL,2025-10-29,False,True,False,True,False,event_id bridge between v1 manifest and v2 live DB
1904,c_FA16k8i_c,AAPL,2025-10-29,False,True,False,True,False,event_id bridge between v1 manifest and v2 live DB
1905,c_FA16k8i_c,AAPL,2025-10-29,False,True,False,True,False,event_id bridge between v1 manifest and v2 live DB
1906,RS9uOBSp_iU,AMZN,2026-01-31,False,True,False,True,False,event_id bridge between v1 manifest and v2 live DB
1907,gV_ofJTp8vA,NVDA,2026-03-30,False,True,False,True,False,event_id bridge between v1 manifest and v2 live DB
1908,0rYWdlmhOag,AMZN,2026-04-22,False,True,False,True,False,event_id bridge between v1 manifest and v2 live DB
1909,0rYWdlmhOag,AMZN,2026-04-22,False,True,False,True,False,event_id bridge between v1 manifest and v2 live DB
1910,I6loWAUoXuE,PYPL,2024-10-29,False,True,False,True,False,event_id bridge between v1 manifest and v2 live DB
1911,1vMAWsYU0ng,TSLA,2025-09-01,False,True,False,True,False,event_id bridge between v1 manifest and v2 live DB
1912,3DZMUqKAc0w,TSLA,2025-12-21,False,True,False,True,False,event_id bridge between v1 manifest and v2 live DB
1913,v_IZ6Z7jFO0,TSLA,2025-12-17,False,True,False,True,False,event_id bridge between v1 manifest and v2 live DB
1914,vNkpBE68i5M,PYPL,2026-04-30,False,True,False,True,False,event_id bridge between v1 manifest and v2 live DB
1915,KsKKUwxSOI8,GOOGL,2025-11-09,False,True,False,True,False,event_id bridge between v1 manifest and v2 live DB
1916,c1R83JYNJQ4,NVDA,2025-10-30,False,True,False,True,False,event_id bridge between v1 manifest and v2 live DB
1917,c1R83JYNJQ4,NVDA,2025-10-30,False,True,False,True,False,event_id bridge between v1 manifest and v2 live DB
1918,c1R83JYNJQ4,AAPL,2025-10-30,False,True,False,True,False,event_id bridge between v1 manifest and v2 live DB
1919,c1R83JYNJQ4,GOOGL,2025-10-30,False,True,False,True,False,event_id bridge between v1 manifest and v2 live DB
1920,c1R83JYNJQ4,AMZN,2025-10-30,False,True,False,True,False,event_id bridge between v1 manifest and v2 live DB
1921,aHQCPfkjsc8,NVDA,2026-02-26,False,True,False,True,False,event_id bridge between v1 manifest and v2 live DB
1922,aHQCPfkjsc8,NVDA,2026-02-26,False,True,False,True,False,event_id bridge between v1 manifest and v2 live DB
1923,MECPdeRM03M,AAPL,2026-04-21,False,True,False,True,False,event_id bridge between v1 manifest and v2 live DB
1924,vljvbEyhsHg,TSLA,2026-04-23,False,True,False,True,False,event_id bridge between v1 manifest and v2 live DB
1925,Bh0WFgMNWS4,TSLA,2024-10-23,False,True,False,True,False,event_id bridge between v1 manifest and v2 live DB
1926,Bh0WFgMNWS4,TSLA,2024-10-23,False,True,False,True,False,event_id bridge between v1 manifest and v2 live DB
1927,Bh0WFgMNWS4,TSLA,2024-10-23,False,True,False,True,False,event_id bridge between v1 manifest and v2 live DB
1928,Bh0WFgMNWS4,TSLA,2024-10-23,False,True,False,True,False,event_id bridge between v1 manifest and v2 live DB
1929,Bh0WFgMNWS4,TSLA,2024-10-23,False,True,False,True,False,event_id bridge between v1 manifest and v2 live DB
1930,Bh0WFgMNWS4,TSLA,2024-10-23,False,True,False,True,False,event_id bridge between v1 manifest and v2 live DB
1931,Bh0WFgMNWS4,NVDA,2024-10-23,False,True,False,True,False,event_id bridge between v1 manifest and v2 live DB
1932,Bh0WFgMNWS4,NVDA,2024-10-23,False,True,False,True,False,event_id bridge between v1 manifest and v2 live DB
1933,Bh0WFgMNWS4,NVDA,2024-10-23,False,True,False,True,False,event_id bridge between v1 manifest and v2 live DB
1934,Bh0WFgMNWS4,AAPL,2024-10-23,False,True,False,True,False,event_id bridge between v1 manifest and v2 live DB
1935,x3Uw6BppRb4,AMD,2024-12-10,False,True,False,True,False,event_id bridge between v1 manifest and v2 live DB
1936,x3Uw6BppRb4,AMD,2024-12-10,False,True,False,True,False,event_id bridge between v1 manifest and v2 live DB
1937,x3Uw6BppRb4,AMD,2024-12-10,False,True,False,True,False,event_id bridge between v1 manifest and v2 live DB
1938,x3Uw6BppRb4,AMD,2024-12-10,False,True,False,True,False,event_id bridge between v1 manifest and v2 live DB
1939,x3Uw6BppRb4,AMD,2024-12-10,False,True,False,True,False,event_id bridge between v1 manifest and v2 live DB
1940,x3Uw6BppRb4,SHOP,2024-12-10,False,True,False,True,False,event_id bridge between v1 manifest and v2 live DB
1941,x3Uw6BppRb4,TSLA,2024-12-10,False,True,False,True,False,event_id bridge between v1 manifest and v2 live DB
1942,x3Uw6BppRb4,PYPL,2024-12-10,False,True,False,True,False,event_id bridge between v1 manifest and v2 live DB
1943,nYWHivR6hdM,COIN,2025-11-05,False,True,False,True,False,event_id bridge between v1 manifest and v2 live DB
1944,xiK_zuUwpSc,UBER,2025-11-06,False,True,False,True,False,event_id bridge between v1 manifest and v2 live DB
1945,mC9GZkoXaOk,SOFI,2026-02-27,False,True,False,True,False,event_id bridge between v1 manifest and v2 live DB
1946,Iz7leDWCmHU,AAPL,2026-04-10,False,True,False,True,False,event_id bridge between v1 manifest and v2 live DB
1947,bYSosJ-t4Rk,AMD,2025-10-04,False,True,False,True,False,event_id bridge between v1 manifest and v2 live DB
1948,paKnoskDdbk,TSLA,2024-10-28,False,True,False,True,False,event_id bridge between v1 manifest and v2 live DB
1949,9DANrNUHzSM,TSLA,2024-07-30,False,True,False,True,False,event_id bridge between v1 manifest and v2 live DB
1950,9DANrNUHzSM,MSFT,2024-07-30,False,True,False,True,False,event_id bridge between v1 manifest and v2 live DB
1951,En_k9XZCTQc,META,2026-01-01,False,True,False,True,False,event_id bridge between v1 manifest and v2 live DB
1952,NFFMAJnvop8,TSLA,2026-01-15,False,True,False,True,False,event_id bridge between v1 manifest and v2 live DB
1953,nDHhN9YQEMQ,TSLA,2024-07-06,False,True,False,True,False,event_id bridge between v1 manifest and v2 live DB
1954,nDHhN9YQEMQ,TSLA,2024-07-06,False,True,False,True,False,event_id bridge between v1 manifest and v2 live DB
1955,oi_sc__iBVM,AAPL,2024-08-24,False,True,False,True,False,event_id bridge between v1 manifest and v2 live DB
1956,oi_sc__iBVM,AAPL,2024-08-24,False,True,False,True,False,event_id bridge between v1 manifest and v2 live DB
1957,oi_sc__iBVM,AAPL,2024-08-24,False,True,False,True,False,event_id bridge between v1 manifest and v2 live DB
1958,oi_sc__iBVM,AAPL,2024-08-24,False,True,False,True,False,event_id bridge between v1 manifest and v2 live DB
1959,oi_sc__iBVM,AAPL,2024-08-24,False,True,False,True,False,event_id bridge between v1 manifest and v2 live DB
1960,ZhL002qy2lo,TSLA,2026-02-25,False,True,False,True,False,event_id bridge between v1 manifest and v2 live DB
1961,rImoL62xd5M,TSLA,2026-01-30,False,True,False,True,False,event_id bridge between v1 manifest and v2 live DB
1962,3yNC-hV4XeQ,NVDA,2024-09-05,False,True,False,True,False,event_id bridge between v1 manifest and v2 live DB
1963,iL5_zy2PCsA,AAPL,2024-12-29,False,True,False,True,False,event_id bridge between v1 manifest and v2 live DB
1964,7_8t4ietHaw,TSLA,2026-01-28,False,True,False,True,False,event_id bridge between v1 manifest and v2 live DB
1965,7_8t4ietHaw,NVDA,2026-01-28,False,True,False,True,False,event_id bridge between v1 manifest and v2 live DB
1966,7_8t4ietHaw,AAPL,2026-01-28,False,True,False,True,False,event_id bridge between v1 manifest and v2 live DB
1967,7_8t4ietHaw,META,2026-01-28,False,True,False,True,False,event_id bridge between v1 manifest and v2 live DB
1968,TjnN1HYrORI,TSLA,2024-07-27,False,True,False,True,False,event_id bridge between v1 manifest and v2 live DB
1969,TjnN1HYrORI,TSLA,2024-07-27,False,True,False,True,False,event_id bridge between v1 manifest and v2 live DB
1970,TjnN1HYrORI,GOOGL,2024-07-27,False,True,False,True,False,event_id bridge between v1 manifest and v2 live DB
1971,TWfBbgfxarA,NVDA,2024-07-12,False,True,False,True,False,event_id bridge between v1 manifest and v2 live DB
1972,TWfBbgfxarA,NVDA,2024-07-12,False,True,False,True,False,event_id bridge between v1 manifest and v2 live DB
1973,TWfBbgfxarA,NVDA,2024-07-12,False,True,False,True,False,event_id bridge between v1 manifest and v2 live DB
1974,TWfBbgfxarA,AMD,2024-07-12,False,True,False,True,False,event_id bridge between v1 manifest and v2 live DB
1975,xGytjbBLnWA,AMD,2024-03-09,False,True,False,True,False,event_id bridge between v1 manifest and v2 live DB
1976,xGytjbBLnWA,NVDA,2024-03-09,False,True,False,True,False,event_id bridge between v1 manifest and v2 live DB
1977,wnCQ4ICBIfc,AMD,2024-01-22,False,True,False,True,False,event_id bridge between v1 manifest and v2 live DB
1978,wnCQ4ICBIfc,AMD,2024-01-22,False,True,False,True,False,event_id bridge between v1 manifest and v2 live DB
1979,wnCQ4ICBIfc,AMD,2024-01-22,False,True,False,True,False,event_id bridge between v1 manifest and v2 live DB
1980,wnCQ4ICBIfc,NVDA,2024-01-22,False,True,False,True,False,event_id bridge between v1 manifest and v2 live DB
1981,wnCQ4ICBIfc,NVDA,2024-01-22,False,True,False,True,False,event_id bridge between v1 manifest and v2 live DB
1982,wWpApU_SLeY,TSLA,2024-01-29,False,True,False,True,False,event_id bridge between v1 manifest and v2 live DB
1983,wWpApU_SLeY,TSLA,2024-01-29,False,True,False,True,False,event_id bridge between v1 manifest and v2 live DB
1984,wWpApU_SLeY,TSLA,2024-01-29,False,True,False,True,False,event_id bridge between v1 manifest and v2 live DB
1985,wWpApU_SLeY,TSLA,2024-01-29,False,True,False,True,False,event_id bridge between v1 manifest and v2 live DB
1986,wWpApU_SLeY,TSLA,2024-01-29,False,True,False,True,False,event_id bridge between v1 manifest and v2 live DB
1987,wWpApU_SLeY,TSLA,2024-01-29,False,True,False,True,False,event_id bridge between v1 manifest and v2 live DB
1988,wWpApU_SLeY,TSLA,2024-01-29,False,True,False,True,False,event_id bridge between v1 manifest and v2 live DB
1989,wWpApU_SLeY,TSLA,2024-01-29,False,True,False,True,False,event_id bridge between v1 manifest and v2 live DB
1990,wWpApU_SLeY,TSLA,2024-01-29,False,True,False,True,False,event_id bridge between v1 manifest and v2 live DB
1991,tZfS0V7i0Do,TSLA,2022-10-25,False,True,False,True,False,event_id bridge between v1 manifest and v2 live DB
1992,tZfS0V7i0Do,TSLA,2022-10-25,False,True,False,True,False,event_id bridge between v1 manifest and v2 live DB
1993,AWOZIz8wUzo,TSLA,2026-01-12,False,True,False,True,False,event_id bridge between v1 manifest and v2 live DB
1994,f4djIqbt5ik,GOOGL,2024-01-31,False,True,False,True,False,event_id bridge between v1 manifest and v2 live DB
1995,f4djIqbt5ik,MSFT,2024-01-31,False,True,False,True,False,event_id bridge between v1 manifest and v2 live DB
1996,f4djIqbt5ik,DIS,2024-01-31,False,True,False,True,False,event_id bridge between v1 manifest and v2 live DB
1997,hewlGP_9TT4,TSLA,2023-12-21,False,True,False,True,False,event_id bridge between v1 manifest and v2 live DB
1998,2c-FSmratsw,NVDA,2024-02-22,False,True,False,True,False,event_id bridge between v1 manifest and v2 live DB
1999,2c-FSmratsw,NVDA,2024-02-22,False,True,False,True,False,event_id bridge between v1 manifest and v2 live DB
2000,ThzfDYILLK4,TSLA,2026-04-05,False,True,False,True,False,event_id bridge between v1 manifest and v2 live DB
2001,TzVOmTHnUiI,MSFT,2024-08-06,False,True,False,True,False,event_id bridge between v1 manifest and v2 live DB
2002,TzVOmTHnUiI,MSFT,2024-08-06,False,True,False,True,False,event_id bridge between v1 manifest and v2 live DB
2003,TzVOmTHnUiI,NVDA,2024-08-06,False,True,False,True,False,event_id bridge between v1 manifest and v2 live DB
2004,TzVOmTHnUiI,NVDA,2024-08-06,False,True,False,True,False,event_id bridge between v1 manifest and v2 live DB
2005,TzVOmTHnUiI,NVDA,2024-08-06,False,True,False,True,False,event_id bridge between v1 manifest and v2 live DB
2006,TzVOmTHnUiI,GOOGL,2024-08-06,False,True,False,True,False,event_id bridge between v1 manifest and v2 live DB
2007,Z31engGgFwA,TSLA,2023-11-28,False,True,False,True,False,event_id bridge between v1 manifest and v2 live DB
2008,6IhfL_5jb4c,TSLA,2026-04-03,False,True,False,True,False,event_id bridge between v1 manifest and v2 live DB
2009,m-b2tgJRswc,NVDA,2024-11-09,False,True,False,True,False,event_id bridge between v1 manifest and v2 live DB
2010,cCHRhDh7KD4,TSLA,2023-12-14,False,True,False,True,False,event_id bridge between v1 manifest and v2 live DB
2011,digfWZMG-fw,TSLA,2022-12-15,False,True,False,True,False,event_id bridge between v1 manifest and v2 live DB
2012,digfWZMG-fw,TSLA,2022-12-15,False,True,False,True,False,event_id bridge between v1 manifest and v2 live DB
2013,digfWZMG-fw,TSLA,2022-12-15,False,True,False,True,False,event_id bridge between v1 manifest and v2 live DB
2014,digfWZMG-fw,TSLA,2022-12-15,False,True,False,True,False,event_id bridge between v1 manifest and v2 live DB
2015,digfWZMG-fw,TSLA,2022-12-15,False,True,False,True,False,event_id bridge between v1 manifest and v2 live DB
2016,digfWZMG-fw,TSLA,2022-12-15,False,True,False,True,False,event_id bridge between v1 manifest and v2 live DB
2017,digfWZMG-fw,TSLA,2022-12-15,False,True,False,True,False,event_id bridge between v1 manifest and v2 live DB
2018,digfWZMG-fw,TSLA,2022-12-15,False,True,False,True,False,event_id bridge between v1 manifest and v2 live DB
2019,digfWZMG-fw,TSLA,2022-12-15,False,True,False,True,False,event_id bridge between v1 manifest and v2 live DB
2020,digfWZMG-fw,TSLA,2022-12-15,False,True,False,True,False,event_id bridge between v1 manifest and v2 live DB
2021,dBL3Uuddag8,NVDA,2024-05-20,False,True,False,True,False,event_id bridge between v1 manifest and v2 live DB
2022,sgX1hADBm1o,TSLA,2024-02-14,False,True,False,True,False,event_id bridge between v1 manifest and v2 live DB
2023,xcgzbhFC8cI,AAPL,2024-03-08,False,True,False,True,False,event_id bridge between v1 manifest and v2 live DB
2024,xcgzbhFC8cI,AAPL,2024-03-08,False,True,False,True,False,event_id bridge between v1 manifest and v2 live DB
2025,VTbd0_n9qQA,TSLA,2026-02-28,False,True,False,True,False,event_id bridge between v1 manifest and v2 live DB
2026,zIEbL5x23zk,TSLA,2024-01-16,False,True,False,True,False,event_id bridge between v1 manifest and v2 live DB
2027,zIEbL5x23zk,AAPL,2024-01-16,False,True,False,True,False,event_id bridge between v1 manifest and v2 live DB
2028,v-H-njyqsjk,TSLA,2024-04-18,False,True,False,True,False,event_id bridge between v1 manifest and v2 live DB
2029,sHK-T2G21o4,AMC,2023-08-11,False,True,False,True,False,event_id bridge between v1 manifest and v2 live DB
2030,sHK-T2G21o4,AMC,2023-08-11,False,True,False,True,False,event_id bridge between v1 manifest and v2 live DB
2031,sHK-T2G21o4,AMC,2023-08-11,False,True,False,True,False,event_id bridge between v1 manifest and v2 live DB
2032,sHK-T2G21o4,AMC,2023-08-11,False,True,False,True,False,event_id bridge between v1 manifest and v2 live DB
2033,sHK-T2G21o4,AMC,2023-08-11,False,True,False,True,False,event_id bridge between v1 manifest and v2 live DB
2034,sHK-T2G21o4,AMC,2023-08-11,False,True,False,True,False,event_id bridge between v1 manifest and v2 live DB
2035,sHK-T2G21o4,AMC,2023-08-11,False,True,False,True,False,event_id bridge between v1 manifest and v2 live DB
2036,sHK-T2G21o4,AMC,2023-08-11,False,True,False,True,False,event_id bridge between v1 manifest and v2 live DB
2037,UlV2ZZU3LcM,TSLA,2024-04-23,False,True,False,True,False,event_id bridge between v1 manifest and v2 live DB
2038,UlV2ZZU3LcM,TSLA,2024-04-23,False,True,False,True,False,event_id bridge between v1 manifest and v2 live DB
2039,UlV2ZZU3LcM,TSLA,2024-04-23,False,True,False,True,False,event_id bridge between v1 manifest and v2 live DB
2040,UlV2ZZU3LcM,TSLA,2024-04-23,False,True,False,True,False,event_id bridge between v1 manifest and v2 live DB
2041,UlV2ZZU3LcM,TSLA,2024-04-23,False,True,False,True,False,event_id bridge between v1 manifest and v2 live DB
2042,UlV2ZZU3LcM,TSLA,2024-04-23,False,True,False,True,False,event_id bridge between v1 manifest and v2 live DB
2043,YzNrg2hlw14,AMC,2023-08-22,False,True,False,True,False,event_id bridge between v1 manifest and v2 live DB
2044,CXipshs1kKs,TSLA,2024-04-25,False,True,False,True,False,event_id bridge between v1 manifest and v2 live DB
2045,hr3usFlFBMU,AMC,2023-08-24,False,True,False,True,False,event_id bridge between v1 manifest and v2 live DB
2046,hr3usFlFBMU,AMC,2023-08-24,False,True,False,True,False,event_id bridge between v1 manifest and v2 live DB
2047,hr3usFlFBMU,AMC,2023-08-24,False,True,False,True,False,event_id bridge between v1 manifest and v2 live DB
2048,hr3usFlFBMU,AMC,2023-08-24,False,True,False,True,False,event_id bridge between v1 manifest and v2 live DB
2049,hr3usFlFBMU,AMC,2023-08-24,False,True,False,True,False,event_id bridge between v1 manifest and v2 live DB
2050,hr3usFlFBMU,AMC,2023-08-24,False,True,False,True,False,event_id bridge between v1 manifest and v2 live DB
2051,hr3usFlFBMU,AMC,2023-08-24,False,True,False,True,False,event_id bridge between v1 manifest and v2 live DB
2052,mwGbJHvTDb8,AMZN,2024-10-28,False,True,False,True,False,event_id bridge between v1 manifest and v2 live DB
2053,mwGbJHvTDb8,AMZN,2024-10-28,False,True,False,True,False,event_id bridge between v1 manifest and v2 live DB
2054,mwGbJHvTDb8,TSLA,2024-10-28,False,True,False,True,False,event_id bridge between v1 manifest and v2 live DB
2055,dJ2x4dsEJzQ,TSLA,2023-09-11,False,True,False,True,False,event_id bridge between v1 manifest and v2 live DB
2056,8TkQMAOSeSU,TSLA,2024-02-13,False,True,False,True,False,event_id bridge between v1 manifest and v2 live DB
2057,8TkQMAOSeSU,TSLA,2024-02-13,False,True,False,True,False,event_id bridge between v1 manifest and v2 live DB
2058,8TkQMAOSeSU,TSLA,2024-02-13,False,True,False,True,False,event_id bridge between v1 manifest and v2 live DB
2059,8TkQMAOSeSU,TSLA,2024-02-13,False,True,False,True,False,event_id bridge between v1 manifest and v2 live DB
2060,8TkQMAOSeSU,TSLA,2024-02-13,False,True,False,True,False,event_id bridge between v1 manifest and v2 live DB
2061,8TkQMAOSeSU,TSLA,2024-02-13,False,True,False,True,False,event_id bridge between v1 manifest and v2 live DB
2062,8TkQMAOSeSU,TSLA,2024-02-13,False,True,False,True,False,event_id bridge between v1 manifest and v2 live DB
2063,8TkQMAOSeSU,TSLA,2024-02-13,False,True,False,True,False,event_id bridge between v1 manifest and v2 live DB
2064,8TkQMAOSeSU,TSLA,2024-02-13,False,True,False,True,False,event_id bridge between v1 manifest and v2 live DB
2065,8TkQMAOSeSU,TSLA,2024-02-13,False,True,False,True,False,event_id bridge between v1 manifest and v2 live DB
2066,8TkQMAOSeSU,TSLA,2024-02-13,False,True,False,True,False,event_id bridge between v1 manifest and v2 live DB
2067,8TkQMAOSeSU,TSLA,2024-02-13,False,True,False,True,False,event_id bridge between v1 manifest and v2 live DB
2068,8TkQMAOSeSU,TSLA,2024-02-13,False,True,False,True,False,event_id bridge between v1 manifest and v2 live DB
2069,8TkQMAOSeSU,AAPL,2024-02-13,False,True,False,True,False,event_id bridge between v1 manifest and v2 live DB
2070,8TkQMAOSeSU,AAPL,2024-02-13,False,True,False,True,False,event_id bridge between v1 manifest and v2 live DB
2071,8TkQMAOSeSU,AAPL,2024-02-13,False,True,False,True,False,event_id bridge between v1 manifest and v2 live DB
2072,8TkQMAOSeSU,AAPL,2024-02-13,False,True,False,True,False,event_id bridge between v1 manifest and v2 live DB
2073,8TkQMAOSeSU,AAPL,2024-02-13,False,True,False,True,False,event_id bridge between v1 manifest and v2 live DB
2074,8TkQMAOSeSU,MSFT,2024-02-13,False,True,False,True,False,event_id bridge between v1 manifest and v2 live DB
2075,8TkQMAOSeSU,NVDA,2024-02-13,False,True,False,True,False,event_id bridge between v1 manifest and v2 live DB
2076,4uMukGPVwfs,TSLA,2024-12-16,False,True,False,True,False,event_id bridge between v1 manifest and v2 live DB
2077,VUdL13x5WJ4,AMD,2025-06-13,False,True,False,True,False,event_id bridge between v1 manifest and v2 live DB
2078,VUdL13x5WJ4,AMD,2025-06-13,False,True,False,True,False,event_id bridge between v1 manifest and v2 live DB
2079,VUdL13x5WJ4,AMD,2025-06-13,False,True,False,True,False,event_id bridge between v1 manifest and v2 live DB
2080,VKqFKUJAGhI,AMD,2025-07-29,False,True,False,True,False,event_id bridge between v1 manifest and v2 live DB
2081,VKqFKUJAGhI,SOFI,2025-07-29,False,True,False,True,False,event_id bridge between v1 manifest and v2 live DB
2082,VKqFKUJAGhI,AAPL,2025-07-29,False,True,False,True,False,event_id bridge between v1 manifest and v2 live DB
2083,Am6p8enFLNE,AAPL,2024-05-06,False,True,False,True,False,event_id bridge between v1 manifest and v2 live DB
2084,Am6p8enFLNE,AAPL,2024-05-06,False,True,False,True,False,event_id bridge between v1 manifest and v2 live DB
2085,Am6p8enFLNE,AAPL,2024-05-06,False,True,False,True,False,event_id bridge between v1 manifest and v2 live DB
2086,Am6p8enFLNE,AAPL,2024-05-06,False,True,False,True,False,event_id bridge between v1 manifest and v2 live DB
2087,QlMFDo4pY7c,DIS,2023-03-07,False,True,False,True,False,event_id bridge between v1 manifest and v2 live DB
2088,QlMFDo4pY7c,MSFT,2023-03-07,False,True,False,True,False,event_id bridge between v1 manifest and v2 live DB
2089,QlMFDo4pY7c,AMZN,2023-03-07,False,True,False,True,False,event_id bridge between v1 manifest and v2 live DB
2090,QlMFDo4pY7c,GOOGL,2023-03-07,False,True,False,True,False,event_id bridge between v1 manifest and v2 live DB
2091,R3icAh9z77s,AMD,2025-08-06,False,True,False,True,False,event_id bridge between v1 manifest and v2 live DB
2092,R3icAh9z77s,NVDA,2025-08-06,False,True,False,True,False,event_id bridge between v1 manifest and v2 live DB
2093,zecjFAPHjVg,AAPL,2024-08-06,False,True,False,True,False,event_id bridge between v1 manifest and v2 live DB
2094,zecjFAPHjVg,AAPL,2024-08-06,False,True,False,True,False,event_id bridge between v1 manifest and v2 live DB
2095,zecjFAPHjVg,AAPL,2024-08-06,False,True,False,True,False,event_id bridge between v1 manifest and v2 live DB
2096,bJxpE2Q1Vgk,MSFT,2024-02-03,False,True,False,True,False,event_id bridge between v1 manifest and v2 live DB
2097,XAsQRjjpma4,AMD,2025-10-20,False,True,False,True,False,event_id bridge between v1 manifest and v2 live DB
2098,XAsQRjjpma4,AMZN,2025-10-20,False,True,False,True,False,event_id bridge between v1 manifest and v2 live DB
2099,XAsQRjjpma4,NVDA,2025-10-20,False,True,False,True,False,event_id bridge between v1 manifest and v2 live DB
2100,e9SQIJdpip4,AAPL,2024-05-27,False,True,False,True,False,event_id bridge between v1 manifest and v2 live DB
2101,7l3hyQDvKuw,MSFT,2023-05-26,False,True,False,True,False,event_id bridge between v1 manifest and v2 live DB
2102,7l3hyQDvKuw,AMZN,2023-05-26,False,True,False,True,False,event_id bridge between v1 manifest and v2 live DB
2103,7l3hyQDvKuw,AMZN,2023-05-26,False,True,False,True,False,event_id bridge between v1 manifest and v2 live DB
2104,7l3hyQDvKuw,GOOGL,2023-05-26,False,True,False,True,False,event_id bridge between v1 manifest and v2 live DB
2105,Ui8wrQFniL0,AMD,2025-11-25,False,True,False,True,False,event_id bridge between v1 manifest and v2 live DB
2106,Ui8wrQFniL0,AMD,2025-11-25,False,True,False,True,False,event_id bridge between v1 manifest and v2 live DB
2107,Ui8wrQFniL0,AMD,2025-11-25,False,True,False,True,False,event_id bridge between v1 manifest and v2 live DB
2108,Ui8wrQFniL0,AMD,2025-11-25,False,True,False,True,False,event_id bridge between v1 manifest and v2 live DB
2109,Ui8wrQFniL0,AMD,2025-11-25,False,True,False,True,False,event_id bridge between v1 manifest and v2 live DB
2110,Ui8wrQFniL0,GOOGL,2025-11-25,False,True,False,True,False,event_id bridge between v1 manifest and v2 live DB
2111,Ui8wrQFniL0,GOOGL,2025-11-25,False,True,False,True,False,event_id bridge between v1 manifest and v2 live DB
2112,Ui8wrQFniL0,META,2025-11-25,False,True,False,True,False,event_id bridge between v1 manifest and v2 live DB
2113,Ui8wrQFniL0,META,2025-11-25,False,True,False,True,False,event_id bridge between v1 manifest and v2 live DB
2114,uP6u9wkd_sw,AMD,2025-12-09,False,True,False,True,False,event_id bridge between v1 manifest and v2 live DB
2115,uP6u9wkd_sw,AMD,2025-12-09,False,True,False,True,False,event_id bridge between v1 manifest and v2 live DB
2116,uP6u9wkd_sw,NFLX,2025-12-09,False,True,False,True,False,event_id bridge between v1 manifest and v2 live DB
2117,uP6u9wkd_sw,NVDA,2025-12-09,False,True,False,True,False,event_id bridge between v1 manifest and v2 live DB
2118,uP6u9wkd_sw,NVDA,2025-12-09,False,True,False,True,False,event_id bridge between v1 manifest and v2 live DB
2119,rcrH-op51Lc,TSLA,2021-12-05,False,True,False,True,False,event_id bridge between v1 manifest and v2 live DB
2120,rcrH-op51Lc,TSLA,2021-12-05,False,True,False,True,False,event_id bridge between v1 manifest and v2 live DB
2121,rcrH-op51Lc,TSLA,2021-12-05,False,True,False,True,False,event_id bridge between v1 manifest and v2 live DB
2122,rcrH-op51Lc,TSLA,2021-12-05,False,True,False,True,False,event_id bridge between v1 manifest and v2 live DB
2123,rcrH-op51Lc,TSLA,2021-12-05,False,True,False,True,False,event_id bridge between v1 manifest and v2 live DB
2124,rcrH-op51Lc,TSLA,2021-12-05,False,True,False,True,False,event_id bridge between v1 manifest and v2 live DB
2125,rcrH-op51Lc,TSLA,2021-12-05,False,True,False,True,False,event_id bridge between v1 manifest and v2 live DB
2126,_eWsP_5tlp8,AMD,2025-12-11,False,True,False,True,False,event_id bridge between v1 manifest and v2 live DB
2127,_eWsP_5tlp8,AMD,2025-12-11,False,True,False,True,False,event_id bridge between v1 manifest and v2 live DB
2128,L-g2YwTq6RY,AAPL,2023-11-18,False,True,False,True,False,event_id bridge between v1 manifest and v2 live DB
2129,idxW9VGdXoA,NVDA,2024-03-17,False,True,False,True,False,event_id bridge between v1 manifest and v2 live DB
2130,idxW9VGdXoA,TSLA,2024-03-17,False,True,False,True,False,event_id bridge between v1 manifest and v2 live DB
2131,idxW9VGdXoA,TSLA,2024-03-17,False,True,False,True,False,event_id bridge between v1 manifest and v2 live DB
2132,p2dAB-GdG-0,AAPL,2023-09-13,False,True,False,True,False,event_id bridge between v1 manifest and v2 live DB
2133,p2dAB-GdG-0,AAPL,2023-09-13,False,True,False,True,False,event_id bridge between v1 manifest and v2 live DB
2134,p2dAB-GdG-0,AAPL,2023-09-13,False,True,False,True,False,event_id bridge between v1 manifest and v2 live DB
2135,p2dAB-GdG-0,AAPL,2023-09-13,False,True,False,True,False,event_id bridge between v1 manifest and v2 live DB
2136,p2dAB-GdG-0,AAPL,2023-09-13,False,True,False,True,False,event_id bridge between v1 manifest and v2 live DB
2137,p2dAB-GdG-0,AAPL,2023-09-13,False,True,False,True,False,event_id bridge between v1 manifest and v2 live DB
2138,p2dAB-GdG-0,AAPL,2023-09-13,False,True,False,True,False,event_id bridge between v1 manifest and v2 live DB
2139,a39gLDh1qOM,NVDA,2024-02-21,False,True,False,True,False,event_id bridge between v1 manifest and v2 live DB
2140,WHqzBSjTn8U,MSFT,2023-11-08,False,True,False,True,False,event_id bridge between v1 manifest and v2 live DB
2141,WHqzBSjTn8U,MSFT,2023-11-08,False,True,False,True,False,event_id bridge between v1 manifest and v2 live DB
2142,UCNZet0b_LE,NVDA,2026-05-06,False,True,False,True,False,event_id bridge between v1 manifest and v2 live DB
2143,UCNZet0b_LE,NVDA,2026-05-06,False,True,False,True,False,event_id bridge between v1 manifest and v2 live DB
2144,h3IyIxsBlWg,UBER,2025-09-12,False,True,False,True,False,event_id bridge between v1 manifest and v2 live DB
2145,W076zJiNRzc,NVDA,2024-02-26,False,True,False,True,False,event_id bridge between v1 manifest and v2 live DB
2146,W076zJiNRzc,NVDA,2024-02-26,False,True,False,True,False,event_id bridge between v1 manifest and v2 live DB
2147,W076zJiNRzc,AMD,2024-02-26,False,True,False,True,False,event_id bridge between v1 manifest and v2 live DB
2148,W076zJiNRzc,AMD,2024-02-26,False,True,False,True,False,event_id bridge between v1 manifest and v2 live DB
2149,W076zJiNRzc,AMD,2024-02-26,False,True,False,True,False,event_id bridge between v1 manifest and v2 live DB
2150,DicVJpvazRI,AAPL,2023-04-14,False,True,False,True,False,event_id bridge between v1 manifest and v2 live DB
2151,DicVJpvazRI,AMZN,2023-04-14,False,True,False,True,False,event_id bridge between v1 manifest and v2 live DB
2152,-n1OBVi8zTw,NFLX,2022-10-19,False,True,False,True,False,event_id bridge between v1 manifest and v2 live DB
2153,-n1OBVi8zTw,NFLX,2022-10-19,False,True,False,True,False,event_id bridge between v1 manifest and v2 live DB
2154,UQufws2hsEg,NVDA,2024-03-05,False,True,False,True,False,event_id bridge between v1 manifest and v2 live DB
2155,CmKN0xbLrZ0,NVDA,2024-03-22,False,True,False,True,False,event_id bridge between v1 manifest and v2 live DB
2156,a_MZxP6WLdM,AAPL,2023-08-08,False,True,False,True,False,event_id bridge between v1 manifest and v2 live DB
2157,FzESKTRUVIg,AMD,2022-11-02,False,True,False,True,False,event_id bridge between v1 manifest and v2 live DB
2158,FzESKTRUVIg,AMD,2022-11-02,False,True,False,True,False,event_id bridge between v1 manifest and v2 live DB
2159,vBPLZBDXuQ8,GOOGL,2025-11-26,False,True,False,True,False,event_id bridge between v1 manifest and v2 live DB
2160,Cw9KxezdFM8,DIS,2023-11-30,False,True,False,True,False,event_id bridge between v1 manifest and v2 live DB
2161,Cw9KxezdFM8,DIS,2023-11-30,False,True,False,True,False,event_id bridge between v1 manifest and v2 live DB
2162,Cw9KxezdFM8,TSLA,2023-11-30,False,True,False,True,False,event_id bridge between v1 manifest and v2 live DB
2163,TAhw6g2KD4c,NVDA,2023-08-25,False,True,False,True,False,event_id bridge between v1 manifest and v2 live DB
2164,TAhw6g2KD4c,NVDA,2023-08-25,False,True,False,True,False,event_id bridge between v1 manifest and v2 live DB
2165,TAhw6g2KD4c,DIS,2023-08-25,False,True,False,True,False,event_id bridge between v1 manifest and v2 live DB
2166,CBv5L6iiyLY,TSLA,2022-11-14,False,True,False,True,False,event_id bridge between v1 manifest and v2 live DB
2167,CBv5L6iiyLY,TSLA,2022-11-14,False,True,False,True,False,event_id bridge between v1 manifest and v2 live DB
2168,CBv5L6iiyLY,TSLA,2022-11-14,False,True,False,True,False,event_id bridge between v1 manifest and v2 live DB
2169,cH-CrgACU0Q,NVDA,2024-08-28,False,True,False,True,False,event_id bridge between v1 manifest and v2 live DB
2170,R78_LcxTAVQ,TSLA,2023-04-20,False,True,False,True,False,event_id bridge between v1 manifest and v2 live DB
2171,R78_LcxTAVQ,TSLA,2023-04-20,False,True,False,True,False,event_id bridge between v1 manifest and v2 live DB
2172,EY4uVt71sVY,META,2026-05-01,False,True,False,True,False,event_id bridge between v1 manifest and v2 live DB
2173,pjnSFJZv0JY,GOOGL,2023-05-12,False,True,False,True,False,event_id bridge between v1 manifest and v2 live DB
2174,xHOvgHAqeIc,TSLA,2022-12-15,False,True,False,True,False,event_id bridge between v1 manifest and v2 live DB
2175,xHOvgHAqeIc,TSLA,2022-12-15,False,True,False,True,False,event_id bridge between v1 manifest and v2 live DB
2176,xHOvgHAqeIc,TSLA,2022-12-15,False,True,False,True,False,event_id bridge between v1 manifest and v2 live DB
2177,HbUvydKt8EI,TSLA,2024-12-19,False,True,False,True,False,event_id bridge between v1 manifest and v2 live DB
2178,NY9jK1cPB-g,AAPL,2023-09-07,False,True,False,True,False,event_id bridge between v1 manifest and v2 live DB
2179,NY9jK1cPB-g,AAPL,2023-09-07,False,True,False,True,False,event_id bridge between v1 manifest and v2 live DB
2180,ytsNssXX3Ik,UBER,2025-07-08,False,True,False,True,False,event_id bridge between v1 manifest and v2 live DB
2181,KVpqcgux86I,GOOGL,2024-08-06,False,True,False,True,False,event_id bridge between v1 manifest and v2 live DB
2182,npALYUk_cqc,NVDA,2023-08-27,False,True,False,True,False,event_id bridge between v1 manifest and v2 live DB
2183,tSsI3eqxbUA,GOOGL,2023-02-28,False,True,False,True,False,event_id bridge between v1 manifest and v2 live DB
2184,55fKMiktDC4,NVDA,2025-07-21,False,True,False,True,False,event_id bridge between v1 manifest and v2 live DB
2185,yZ1vJZZb-08,NVDA,2024-08-22,False,True,False,True,False,event_id bridge between v1 manifest and v2 live DB
2186,yZ1vJZZb-08,NVDA,2024-08-22,False,True,False,True,False,event_id bridge between v1 manifest and v2 live DB
2187,yZ1vJZZb-08,NVDA,2024-08-22,False,True,False,True,False,event_id bridge between v1 manifest and v2 live DB
2188,yZ1vJZZb-08,AMZN,2024-08-22,False,True,False,True,False,event_id bridge between v1 manifest and v2 live DB
2189,bWxoFJQsaww,AMZN,2022-09-12,False,True,False,True,False,event_id bridge between v1 manifest and v2 live DB
2190,bWxoFJQsaww,GOOGL,2022-09-12,False,True,False,True,False,event_id bridge between v1 manifest and v2 live DB
2191,lsiaZYfs7-U,NVDA,2024-08-25,False,True,False,True,False,event_id bridge between v1 manifest and v2 live DB
2192,VX1kzNPKsdg,NVDA,2024-06-07,False,True,False,True,False,event_id bridge between v1 manifest and v2 live DB
2193,VX1kzNPKsdg,NVDA,2024-06-07,False,True,False,True,False,event_id bridge between v1 manifest and v2 live DB
2194,VX1kzNPKsdg,NVDA,2024-06-07,False,True,False,True,False,event_id bridge between v1 manifest and v2 live DB
2195,ilwk1Dm7Yzg,TSLA,2020-02-21,False,True,False,True,False,event_id bridge between v1 manifest and v2 live DB
2196,ilwk1Dm7Yzg,TSLA,2020-02-21,False,True,False,True,False,event_id bridge between v1 manifest and v2 live DB
2197,jd4T0FsCEIo,MSFT,2023-05-21,False,True,False,True,False,event_id bridge between v1 manifest and v2 live DB
2198,4IxS7pfGukM,DIS,2022-12-01,False,True,False,True,False,event_id bridge between v1 manifest and v2 live DB
2199,4IxS7pfGukM,AMZN,2022-12-01,False,True,False,True,False,event_id bridge between v1 manifest and v2 live DB
2200,4IxS7pfGukM,MSFT,2022-12-01,False,True,False,True,False,event_id bridge between v1 manifest and v2 live DB
2201,8omvXYV4toQ,AAPL,2022-11-18,False,True,False,True,False,event_id bridge between v1 manifest and v2 live DB
2202,8omvXYV4toQ,AAPL,2022-11-18,False,True,False,True,False,event_id bridge between v1 manifest and v2 live DB
2203,8omvXYV4toQ,NFLX,2022-11-18,False,True,False,True,False,event_id bridge between v1 manifest and v2 live DB
2204,tbpowoLx-J8,TSLA,2024-05-07,False,True,False,True,False,event_id bridge between v1 manifest and v2 live DB
2205,aHzGTH_khbk,SMCI,2024-03-04,False,True,False,True,False,event_id bridge between v1 manifest and v2 live DB
2206,jG0gBi7Ps4U,TSLA,2023-12-28,False,True,False,True,False,event_id bridge between v1 manifest and v2 live DB
2207,jG0gBi7Ps4U,NVDA,2023-12-28,False,True,False,True,False,event_id bridge between v1 manifest and v2 live DB
2208,jG0gBi7Ps4U,MSFT,2023-12-28,False,True,False,True,False,event_id bridge between v1 manifest and v2 live DB
2209,jG0gBi7Ps4U,GOOGL,2023-12-28,False,True,False,True,False,event_id bridge between v1 manifest and v2 live DB
2210,CDRoV47XNcY,TSLA,2024-04-04,False,True,False,True,False,event_id bridge between v1 manifest and v2 live DB
2211,FlYACTA-pkI,AAPL,2026-05-02,False,True,False,True,False,event_id bridge between v1 manifest and v2 live DB
2212,hKAapBunwXo,NVDA,2023-11-27,False,True,False,True,False,event_id bridge between v1 manifest and v2 live DB
2213,hKAapBunwXo,NVDA,2023-11-27,False,True,False,True,False,event_id bridge between v1 manifest and v2 live DB
2214,hKAapBunwXo,NVDA,2023-11-27,False,True,False,True,False,event_id bridge between v1 manifest and v2 live DB
2215,hKAapBunwXo,NVDA,2023-11-27,False,True,False,True,False,event_id bridge between v1 manifest and v2 live DB
2216,hKAapBunwXo,AMD,2023-11-27,False,True,False,True,False,event_id bridge between v1 manifest and v2 live DB
2217,J2ysrIiwgZE,AMZN,2025-06-02,False,True,False,True,False,event_id bridge between v1 manifest and v2 live DB
2218,CpYfmgehgis,TSLA,2020-07-06,False,True,False,True,False,event_id bridge between v1 manifest and v2 live DB
2219,MLMUxTWU6cg,NFLX,2025-10-28,False,True,False,True,False,event_id bridge between v1 manifest and v2 live DB
2220,iQFuA2Gkxwo,TSLA,2020-07-13,False,True,False,True,False,event_id bridge between v1 manifest and v2 live DB
2221,oaqv-LP9ed0,NVDA,2025-11-11,False,True,False,True,False,event_id bridge between v1 manifest and v2 live DB
2222,oaqv-LP9ed0,NVDA,2025-11-11,False,True,False,True,False,event_id bridge between v1 manifest and v2 live DB
2223,oaqv-LP9ed0,NVDA,2025-11-11,False,True,False,True,False,event_id bridge between v1 manifest and v2 live DB
2224,oaqv-LP9ed0,NVDA,2025-11-11,False,True,False,True,False,event_id bridge between v1 manifest and v2 live DB
2225,k0rpxeieWDA,TSLA,2025-02-17,False,True,False,True,False,event_id bridge between v1 manifest and v2 live DB
2226,k0rpxeieWDA,NVDA,2025-02-17,False,True,False,True,False,event_id bridge between v1 manifest and v2 live DB
2227,MqmV9HzTO3M,TSLA,2021-07-19,False,True,False,True,False,event_id bridge between v1 manifest and v2 live DB
2228,MqmV9HzTO3M,TSLA,2021-07-19,False,True,False,True,False,event_id bridge between v1 manifest and v2 live DB
2229,w73gVwZQdZU,TSLA,2025-03-26,False,True,False,True,False,event_id bridge between v1 manifest and v2 live DB
2230,O9H33R9D0KA,UBER,2025-08-14,False,True,False,True,False,event_id bridge between v1 manifest and v2 live DB
2231,O9H33R9D0KA,UBER,2025-08-14,False,True,False,True,False,event_id bridge between v1 manifest and v2 live DB
2232,wP40yOXIb5Y,AAPL,2022-11-02,False,True,False,True,False,event_id bridge between v1 manifest and v2 live DB
2233,wP40yOXIb5Y,AAPL,2022-11-02,False,True,False,True,False,event_id bridge between v1 manifest and v2 live DB
2234,wP40yOXIb5Y,AAPL,2022-11-02,False,True,False,True,False,event_id bridge between v1 manifest and v2 live DB
2235,wP40yOXIb5Y,AAPL,2022-11-02,False,True,False,True,False,event_id bridge between v1 manifest and v2 live DB
2236,wP40yOXIb5Y,AAPL,2022-11-02,False,True,False,True,False,event_id bridge between v1 manifest and v2 live DB
2237,hdslUPcMz2Y,SQ,2020-12-07,False,True,False,True,False,event_id bridge between v1 manifest and v2 live DB
2238,20PT-O46nkc,NVDA,2025-10-16,False,True,False,True,False,event_id bridge between v1 manifest and v2 live DB
2239,20PT-O46nkc,AMD,2025-10-16,False,True,False,True,False,event_id bridge between v1 manifest and v2 live DB
2240,OZ0N74Ea0sg,MSFT,2022-09-30,False,True,False,True,False,event_id bridge between v1 manifest and v2 live DB
2241,OZ0N74Ea0sg,DIS,2022-09-30,False,True,False,True,False,event_id bridge between v1 manifest and v2 live DB
2242,OZ0N74Ea0sg,DIS,2022-09-30,False,True,False,True,False,event_id bridge between v1 manifest and v2 live DB
2243,6fMUWOx4db4,TSLA,2021-12-21,False,True,False,True,False,event_id bridge between v1 manifest and v2 live DB
2244,M1kBm5mNSW4,TSLA,2020-06-12,False,True,False,True,False,event_id bridge between v1 manifest and v2 live DB
2245,vmN375NZX18,NVDA,2026-05-06,False,True,False,True,False,event_id bridge between v1 manifest and v2 live DB
2246,GjWWOR5YQJ0,AMD,2026-05-07,False,True,False,True,False,event_id bridge between v1 manifest and v2 live DB
2247,GjWWOR5YQJ0,AMD,2026-05-07,False,True,False,True,False,event_id bridge between v1 manifest and v2 live DB
2248,vKddLsKw1T4,TSLA,2026-04-03,False,True,False,True,False,event_id bridge between v1 manifest and v2 live DB
2249,vKddLsKw1T4,NVDA,2026-04-03,False,True,False,True,False,event_id bridge between v1 manifest and v2 live DB
2250,gIjY-GIlres,TSLA,2022-09-20,False,True,False,True,False,event_id bridge between v1 manifest and v2 live DB
2251,gIjY-GIlres,TSLA,2022-09-20,False,True,False,True,False,event_id bridge between v1 manifest and v2 live DB
2252,gIjY-GIlres,GOOGL,2022-09-20,False,True,False,True,False,event_id bridge between v1 manifest and v2 live DB
2253,gIjY-GIlres,GOOGL,2022-09-20,False,True,False,True,False,event_id bridge between v1 manifest and v2 live DB
2254,gIjY-GIlres,AMD,2022-09-20,False,True,False,True,False,event_id bridge between v1 manifest and v2 live DB
2255,gIjY-GIlres,AMD,2022-09-20,False,True,False,True,False,event_id bridge between v1 manifest and v2 live DB
2256,gIjY-GIlres,AMD,2022-09-20,False,True,False,True,False,event_id bridge between v1 manifest and v2 live DB
2257,YCNFIr6EqKM,GOOGL,2023-04-28,False,True,False,True,False,event_id bridge between v1 manifest and v2 live DB
2258,dkit-LtWzMM,UBER,2025-09-25,False,True,False,True,False,event_id bridge between v1 manifest and v2 live DB
2259,dkit-LtWzMM,GOOGL,2025-09-25,False,True,False,True,False,event_id bridge between v1 manifest and v2 live DB
2260,PdtVTQhwPuI,NVDA,2025-11-10,False,True,False,True,False,event_id bridge between v1 manifest and v2 live DB
2261,0uosLDD-cms,TSLA,2024-06-13,False,True,False,True,False,event_id bridge between v1 manifest and v2 live DB
2262,0uosLDD-cms,TSLA,2024-06-13,False,True,False,True,False,event_id bridge between v1 manifest and v2 live DB
2263,0uosLDD-cms,TSLA,2024-06-13,False,True,False,True,False,event_id bridge between v1 manifest and v2 live DB
2264,sYttjQo12do,MSFT,2023-07-26,False,True,False,True,False,event_id bridge between v1 manifest and v2 live DB
2265,HPQepscELOM,TSLA,2025-12-24,False,True,False,True,False,event_id bridge between v1 manifest and v2 live DB
2266,ahTKSUiQKAw,MSFT,2023-10-25,False,True,False,True,False,event_id bridge between v1 manifest and v2 live DB
2267,ahTKSUiQKAw,GOOGL,2023-10-25,False,True,False,True,False,event_id bridge between v1 manifest and v2 live DB
2268,6PuZ7mehLMA,NVDA,2024-05-21,False,True,False,True,False,event_id bridge between v1 manifest and v2 live DB
2269,6PuZ7mehLMA,NVDA,2024-05-21,False,True,False,True,False,event_id bridge between v1 manifest and v2 live DB
2270,dPOOuJK4Ado,MSFT,2023-04-26,False,True,False,True,False,event_id bridge between v1 manifest and v2 live DB
2271,dPOOuJK4Ado,MSFT,2023-04-26,False,True,False,True,False,event_id bridge between v1 manifest and v2 live DB
2272,dPOOuJK4Ado,MSFT,2023-04-26,False,True,False,True,False,event_id bridge between v1 manifest and v2 live DB
2273,dPOOuJK4Ado,MSFT,2023-04-26,False,True,False,True,False,event_id bridge between v1 manifest and v2 live DB
2274,dPOOuJK4Ado,AAPL,2023-04-26,False,True,False,True,False,event_id bridge between v1 manifest and v2 live DB
2275,dPOOuJK4Ado,GOOGL,2023-04-26,False,True,False,True,False,event_id bridge between v1 manifest and v2 live DB
2276,lh0kD7YuGD4,AAPL,2022-10-12,False,True,False,True,False,event_id bridge between v1 manifest and v2 live DB
2277,OlCltuMxiXE,TSLA,2021-12-10,False,True,False,True,False,event_id bridge between v1 manifest and v2 live DB
2278,UUuCDQFtjds,AMZN,2023-06-19,False,True,False,True,False,event_id bridge between v1 manifest and v2 live DB
2279,UUuCDQFtjds,AMZN,2023-06-19,False,True,False,True,False,event_id bridge between v1 manifest and v2 live DB
2280,UUuCDQFtjds,AMZN,2023-06-19,False,True,False,True,False,event_id bridge between v1 manifest and v2 live DB
2281,7g-IR9gGUD0,GOOGL,2025-10-30,False,True,False,True,False,event_id bridge between v1 manifest and v2 live DB
2282,i5kzzv916Ss,AAPL,2026-05-04,False,True,False,True,False,event_id bridge between v1 manifest and v2 live DB
2283,d60Rc8mkuCY,TSLA,2021-12-31,False,True,False,True,False,event_id bridge between v1 manifest and v2 live DB
2284,d60Rc8mkuCY,SQ,2021-12-31,False,True,False,True,False,event_id bridge between v1 manifest and v2 live DB
2285,mOCbunawYrQ,TSLA,2020-05-18,False,True,False,True,False,event_id bridge between v1 manifest and v2 live DB
2286,jOmqhieG_EI,TSLA,2023-10-31,False,True,False,True,False,event_id bridge between v1 manifest and v2 live DB
2287,QjJxYRv6xkw,TSLA,2021-06-04,False,True,False,True,False,event_id bridge between v1 manifest and v2 live DB
2288,zZSolXGIFvQ,AMD,2023-02-13,False,True,False,True,False,event_id bridge between v1 manifest and v2 live DB
2289,zZSolXGIFvQ,AMZN,2023-02-13,False,True,False,True,False,event_id bridge between v1 manifest and v2 live DB
2290,zZSolXGIFvQ,MSFT,2023-02-13,False,True,False,True,False,event_id bridge between v1 manifest and v2 live DB
2291,CN_71w-T9Fw,AMD,2023-05-22,False,True,False,True,False,event_id bridge between v1 manifest and v2 live DB
2292,CN_71w-T9Fw,AMD,2023-05-22,False,True,False,True,False,event_id bridge between v1 manifest and v2 live DB
2293,CN_71w-T9Fw,TSLA,2023-05-22,False,True,False,True,False,event_id bridge between v1 manifest and v2 live DB
2294,yLRYjV8t2qc,MSFT,2023-11-20,False,True,False,True,False,event_id bridge between v1 manifest and v2 live DB
2295,hJpcuF8JeQM,TSLA,2020-07-10,False,True,False,True,False,event_id bridge between v1 manifest and v2 live DB
2296,hJpcuF8JeQM,TSLA,2020-07-10,False,True,False,True,False,event_id bridge between v1 manifest and v2 live DB
2297,wbX-RwHnF3M,TSLA,2023-01-03,False,True,False,True,False,event_id bridge between v1 manifest and v2 live DB
2298,vzvdXPlN49Y,TSLA,2023-03-02,False,True,False,True,False,event_id bridge between v1 manifest and v2 live DB
2299,vzvdXPlN49Y,TSLA,2023-03-02,False,True,False,True,False,event_id bridge between v1 manifest and v2 live DB
2300,vzvdXPlN49Y,TSLA,2023-03-02,False,True,False,True,False,event_id bridge between v1 manifest and v2 live DB
2301,vzvdXPlN49Y,TSLA,2023-03-02,False,True,False,True,False,event_id bridge between v1 manifest and v2 live DB
2302,gyDg8FreQEA,MSFT,2022-11-09,False,True,False,True,False,event_id bridge between v1 manifest and v2 live DB
2303,pweXDkdzqg8,TSLA,2020-11-27,False,True,False,True,False,event_id bridge between v1 manifest and v2 live DB
2304,ZqqCwJLwR2o,NVDA,2022-11-14,False,True,False,True,False,event_id bridge between v1 manifest and v2 live DB
2305,ZqqCwJLwR2o,AMD,2022-11-14,False,True,False,True,False,event_id bridge between v1 manifest and v2 live DB
2306,ZqqCwJLwR2o,AMD,2022-11-14,False,True,False,True,False,event_id bridge between v1 manifest and v2 live DB
2307,mK6OFOtZ3jA,GOOGL,2023-01-31,False,True,False,True,False,event_id bridge between v1 manifest and v2 live DB
2308,mK6OFOtZ3jA,MSFT,2023-01-31,False,True,False,True,False,event_id bridge between v1 manifest and v2 live DB
2309,mK6OFOtZ3jA,NFLX,2023-01-31,False,True,False,True,False,event_id bridge between v1 manifest and v2 live DB
2310,THPABU-UGT8,TSLA,2023-10-28,False,True,False,True,False,event_id bridge between v1 manifest and v2 live DB
2311,THPABU-UGT8,TSLA,2023-10-28,False,True,False,True,False,event_id bridge between v1 manifest and v2 live DB
2312,THPABU-UGT8,TSLA,2023-10-28,False,True,False,True,False,event_id bridge between v1 manifest and v2 live DB
2313,PxlA2qAQxO8,TSLA,2024-01-17,False,True,False,True,False,event_id bridge between v1 manifest and v2 live DB
2314,PxlA2qAQxO8,TSLA,2024-01-17,False,True,False,True,False,event_id bridge between v1 manifest and v2 live DB
2315,PxlA2qAQxO8,TSLA,2024-01-17,False,True,False,True,False,event_id bridge between v1 manifest and v2 live DB
2316,PxlA2qAQxO8,TSLA,2024-01-17,False,True,False,True,False,event_id bridge between v1 manifest and v2 live DB
2317,PxlA2qAQxO8,TSLA,2024-01-17,False,True,False,True,False,event_id bridge between v1 manifest and v2 live DB
2318,PxlA2qAQxO8,TSLA,2024-01-17,False,True,False,True,False,event_id bridge between v1 manifest and v2 live DB
2319,PxlA2qAQxO8,TSLA,2024-01-17,False,True,False,True,False,event_id bridge between v1 manifest and v2 live DB
2320,PxlA2qAQxO8,TSLA,2024-01-17,False,True,False,True,False,event_id bridge between v1 manifest and v2 live DB
2321,PxlA2qAQxO8,TSLA,2024-01-17,False,True,False,True,False,event_id bridge between v1 manifest and v2 live DB
2322,PxlA2qAQxO8,TSLA,2024-01-17,False,True,False,True,False,event_id bridge between v1 manifest and v2 live DB
2323,PxlA2qAQxO8,TSLA,2024-01-17,False,True,False,True,False,event_id bridge between v1 manifest and v2 live DB
2324,PxlA2qAQxO8,NFLX,2024-01-17,False,True,False,True,False,event_id bridge between v1 manifest and v2 live DB
2325,PxlA2qAQxO8,AMZN,2024-01-17,False,True,False,True,False,event_id bridge between v1 manifest and v2 live DB
2326,PxlA2qAQxO8,MSFT,2024-01-17,False,True,False,True,False,event_id bridge between v1 manifest and v2 live DB
2327,PxlA2qAQxO8,MSFT,2024-01-17,False,True,False,True,False,event_id bridge between v1 manifest and v2 live DB
2328,PxlA2qAQxO8,AAPL,2024-01-17,False,True,False,True,False,event_id bridge between v1 manifest and v2 live DB
2329,7qP-8H1OOWI,GOOGL,2024-04-10,False,True,False,True,False,event_id bridge between v1 manifest and v2 live DB
2330,nkVt_oNlFeA,AMD,2024-11-02,False,True,False,True,False,event_id bridge between v1 manifest and v2 live DB
2331,nkVt_oNlFeA,AMD,2024-11-02,False,True,False,True,False,event_id bridge between v1 manifest and v2 live DB
2332,fX05yIuHD_4,AMD,2025-10-09,False,True,False,True,False,event_id bridge between v1 manifest and v2 live DB
2333,ZZ2nWg1QhR4,NVDA,2025-12-04,False,True,False,True,False,event_id bridge between v1 manifest and v2 live DB
2334,ZZ2nWg1QhR4,GOOGL,2025-12-04,False,True,False,True,False,event_id bridge between v1 manifest and v2 live DB
2335,ZZ2nWg1QhR4,META,2025-12-04,False,True,False,True,False,event_id bridge between v1 manifest and v2 live DB
2336,yXteEgwyBic,MSFT,2026-01-26,False,True,False,True,False,event_id bridge between v1 manifest and v2 live DB
2337,KBrtDu1-xBM,AMZN,2026-03-17,False,True,False,True,False,event_id bridge between v1 manifest and v2 live DB
2338,KBrtDu1-xBM,AMZN,2026-03-17,False,True,False,True,False,event_id bridge between v1 manifest and v2 live DB
2339,KBrtDu1-xBM,META,2026-03-17,False,True,False,True,False,event_id bridge between v1 manifest and v2 live DB
2340,qblw8m3bE24,SOFI,2026-04-30,False,True,False,True,False,event_id bridge between v1 manifest and v2 live DB
2341,JrRE9eFUDuI,SOFI,2026-05-05,False,True,False,True,False,event_id bridge between v1 manifest and v2 live DB
