event_id,ticker,sec_ticker_used,sec_cik,event_date,effective_trading_event_date,mapping_status,submission_query_status,sec_filing_within_5_calendar_days,sec_filing_within_5_trading_days,sec_8k_near_event_flag,sec_10q_near_event_flag,sec_10k_near_event_flag,sec_registration_near_event_flag,sec_confounded_event_flag,forms_within_5_calendar_days,forms_within_5_trading_days,source
1,SOFI,SOFI,0001818874,2025-09-12,2025-09-12,ok,ok,False,False,False,False,False,False,False,,,sec_edgar_submissions_api
2,NVDA,NVDA,0001045810,2025-09-12,2025-09-12,ok,ok,False,False,False,False,False,False,False,,,sec_edgar_submissions_api
3,SOFI,SOFI,0001818874,2026-05-01,2026-05-01,ok,ok,True,True,True,False,False,False,True,8-K:2026-04-29,10-Q:2026-05-07;8-K:2026-04-29,sec_edgar_submissions_api
4,SOFI,SOFI,0001818874,2026-05-01,2026-05-01,ok,ok,True,True,True,False,False,False,True,8-K:2026-04-29,10-Q:2026-05-07;8-K:2026-04-29,sec_edgar_submissions_api
5,NVDA,NVDA,0001045810,2026-01-13,2026-01-13,ok,ok,False,False,False,False,False,False,False,,,sec_edgar_submissions_api
6,NVDA,NVDA,0001045810,2026-01-13,2026-01-13,ok,ok,False,False,False,False,False,False,False,,,sec_edgar_submissions_api
7,NVDA,NVDA,0001045810,2025-08-28,2025-08-28,ok,ok,True,True,True,True,False,False,True,10-Q:2025-08-27;8-K:2025-08-27,10-Q:2025-08-27;8-K:2025-08-27,sec_edgar_submissions_api
8,AMD,AMD,0000002488,2026-01-20,2026-01-20,ok,ok,True,True,True,False,False,False,True,8-K:2026-01-20,8-K:2026-01-20,sec_edgar_submissions_api
9,MSFT,MSFT,0000789019,2026-01-14,2026-01-14,ok,ok,False,False,False,False,False,False,False,,,sec_edgar_submissions_api
10,NFLX,NFLX,0001065280,2026-01-14,2026-01-14,ok,ok,False,True,False,False,False,False,True,,8-K:2026-01-20;8-K:2026-01-20,sec_edgar_submissions_api
11,NVDA,NVDA,0001045810,2026-01-14,2026-01-14,ok,ok,False,False,False,False,False,False,False,,,sec_edgar_submissions_api
12,MSFT,MSFT,0000789019,2025-07-30,2025-07-30,ok,ok,True,True,True,False,True,False,True,10-K:2025-07-30;8-K:2025-07-30,10-K:2025-07-30;8-K:2025-07-30,sec_edgar_submissions_api
13,GOOGL,GOOGL,0001652044,2025-07-30,2025-07-30,ok,ok,False,True,False,False,False,False,True,,10-Q:2025-07-24;8-K:2025-07-23,sec_edgar_submissions_api
14,AMD,AMD,0000002488,2025-09-21,2025-09-22,ok,ok,False,False,False,False,False,False,False,,,sec_edgar_submissions_api
15,NVDA,NVDA,0001045810,2025-09-21,2025-09-22,ok,ok,False,False,False,False,False,False,False,,,sec_edgar_submissions_api
16,META,META,0001326801,2026-05-01,2026-05-01,ok,ok,True,True,True,True,False,True,True,10-Q:2026-04-30;424B2:2026-04-30;424B2:2026-05-01;8-K:2026-04-29;8-K:2026-05-04,10-Q:2026-04-30;424B2:2026-04-30;424B2:2026-05-01;8-K:2026-04-29;8-K:2026-05-04,sec_edgar_submissions_api
17,NVDA,NVDA,0001045810,2025-05-29,2025-05-29,ok,ok,True,True,True,True,False,False,True,10-Q:2025-05-28;8-K:2025-05-28,10-Q:2025-05-28;8-K:2025-05-28,sec_edgar_submissions_api
18,AAPL,AAPL,0000320193,2025-06-05,2025-06-05,ok,ok,False,False,False,False,False,False,False,,,sec_edgar_submissions_api
19,DIS,DIS,0001744489,2025-06-05,2025-06-05,ok,ok,True,True,True,False,False,False,True,8-K:2025-06-09,8-K:2025-06-09,sec_edgar_submissions_api
20,PYPL,PYPL,0001633917,2025-06-05,2025-06-05,ok,ok,True,True,True,False,False,False,True,8-K:2025-06-09,8-K:2025-06-09,sec_edgar_submissions_api
21,AMD,AMD,0000002488,2025-08-11,2025-08-11,ok,ok,True,True,False,True,False,False,True,10-Q:2025-08-06,10-Q:2025-08-06;8-K:2025-08-05,sec_edgar_submissions_api
22,NVDA,NVDA,0001045810,2025-10-03,2025-10-03,ok,ok,False,False,False,False,False,False,False,,,sec_edgar_submissions_api
23,TSLA,TSLA,0001318605,2025-04-22,2025-04-22,ok,ok,True,True,True,True,False,False,True,10-Q:2025-04-23;8-K:2025-04-22,10-Q:2025-04-23;8-K:2025-04-22,sec_edgar_submissions_api
24,TSLA,TSLA,0001318605,2025-04-22,2025-04-22,ok,ok,True,True,True,True,False,False,True,10-Q:2025-04-23;8-K:2025-04-22,10-Q:2025-04-23;8-K:2025-04-22,sec_edgar_submissions_api
25,TSLA,TSLA,0001318605,2025-04-22,2025-04-22,ok,ok,True,True,True,True,False,False,True,10-Q:2025-04-23;8-K:2025-04-22,10-Q:2025-04-23;8-K:2025-04-22,sec_edgar_submissions_api
26,TSLA,TSLA,0001318605,2025-04-22,2025-04-22,ok,ok,True,True,True,True,False,False,True,10-Q:2025-04-23;8-K:2025-04-22,10-Q:2025-04-23;8-K:2025-04-22,sec_edgar_submissions_api
27,TSLA,TSLA,0001318605,2025-04-22,2025-04-22,ok,ok,True,True,True,True,False,False,True,10-Q:2025-04-23;8-K:2025-04-22,10-Q:2025-04-23;8-K:2025-04-22,sec_edgar_submissions_api
28,AMZN,AMZN,0001018724,2025-04-22,2025-04-22,ok,ok,False,False,False,False,False,False,False,,,sec_edgar_submissions_api
29,NVDA,NVDA,0001045810,2025-08-17,2025-08-18,ok,ok,False,False,False,False,False,False,False,,,sec_edgar_submissions_api
30,NVDA,NVDA,0001045810,2025-12-28,2025-12-29,ok,ok,False,False,False,False,False,False,False,,,sec_edgar_submissions_api
31,AMD,AMD,0000002488,2026-01-07,2026-01-07,ok,ok,False,False,False,False,False,False,False,,,sec_edgar_submissions_api
32,NVDA,NVDA,0001045810,2025-07-25,2025-07-25,ok,ok,False,False,False,False,False,False,False,,,sec_edgar_submissions_api
33,NVDA,NVDA,0001045810,2025-11-22,2025-11-24,ok,ok,True,True,True,True,False,False,True,10-Q:2025-11-19;8-K:2025-11-19,10-Q:2025-11-19;8-K:2025-11-19,sec_edgar_submissions_api
34,NVDA,NVDA,0001045810,2025-11-22,2025-11-24,ok,ok,True,True,True,True,False,False,True,10-Q:2025-11-19;8-K:2025-11-19,10-Q:2025-11-19;8-K:2025-11-19,sec_edgar_submissions_api
35,MSFT,MSFT,0000789019,2025-11-22,2025-11-24,ok,ok,False,False,False,False,False,False,False,,,sec_edgar_submissions_api
36,PYPL,PYPL,0001633917,2025-09-17,2025-09-17,ok,ok,False,False,False,False,False,False,False,,,sec_edgar_submissions_api
37,META,META,0001326801,2025-09-17,2025-09-17,ok,ok,False,False,False,False,False,False,False,,,sec_edgar_submissions_api
38,GOOGL,GOOGL,0001652044,2025-06-22,2025-06-23,ok,ok,False,False,False,False,False,False,False,,,sec_edgar_submissions_api
39,NVDA,NVDA,0001045810,2025-07-16,2025-07-16,ok,ok,False,False,False,False,False,False,False,,,sec_edgar_submissions_api
40,NVDA,NVDA,0001045810,2025-06-12,2025-06-12,ok,ok,False,False,False,False,False,False,False,,,sec_edgar_submissions_api
41,AMD,AMD,0000002488,2025-08-10,2025-08-11,ok,ok,True,True,True,True,False,False,True,10-Q:2025-08-06;8-K:2025-08-05,10-Q:2025-08-06;8-K:2025-08-05,sec_edgar_submissions_api
42,NVDA,NVDA,0001045810,2025-08-10,2025-08-11,ok,ok,True,True,True,False,False,False,True,8-K:2025-08-05,8-K:2025-08-05,sec_edgar_submissions_api
43,NVDA,NVDA,0001045810,2026-01-16,2026-01-16,ok,ok,False,True,False,False,False,False,True,,8-K:2026-01-23,sec_edgar_submissions_api
44,AMD,AMD,0000002488,2026-01-16,2026-01-16,ok,ok,True,True,True,False,False,False,True,8-K:2026-01-20,8-K:2026-01-20,sec_edgar_submissions_api
45,AMD,AMD,0000002488,2025-06-23,2025-06-23,ok,ok,False,False,False,False,False,False,False,,,sec_edgar_submissions_api
46,GOOGL,GOOGL,0001652044,2025-05-20,2025-05-20,ok,ok,False,False,False,False,False,False,False,,,sec_edgar_submissions_api
47,NVDA,NVDA,0001045810,2025-05-20,2025-05-20,ok,ok,False,True,False,False,False,False,True,,10-Q:2025-05-28;8-K:2025-05-28,sec_edgar_submissions_api
48,NVDA,NVDA,0001045810,2025-05-20,2025-05-20,ok,ok,False,True,False,False,False,False,True,,10-Q:2025-05-28;8-K:2025-05-28,sec_edgar_submissions_api
49,NVDA,NVDA,0001045810,2025-05-20,2025-05-20,ok,ok,False,True,False,False,False,False,True,,10-Q:2025-05-28;8-K:2025-05-28,sec_edgar_submissions_api
50,NVDA,NVDA,0001045810,2025-09-15,2025-09-15,ok,ok,False,False,False,False,False,False,False,,,sec_edgar_submissions_api
51,NVDA,NVDA,0001045810,2025-08-11,2025-08-11,ok,ok,False,True,False,False,False,False,True,,8-K:2025-08-05,sec_edgar_submissions_api
52,META,META,0001326801,2026-01-25,2026-01-26,ok,ok,True,True,True,False,True,False,True,10-K:2026-01-29;8-K:2026-01-28,10-K:2026-01-29;8-K:2026-01-16;8-K:2026-01-28,sec_edgar_submissions_api
53,NVDA,NVDA,0001045810,2025-05-21,2025-05-21,ok,ok,False,True,False,False,False,False,True,,10-Q:2025-05-28;8-K:2025-05-28,sec_edgar_submissions_api
54,NVDA,NVDA,0001045810,2025-05-22,2025-05-22,ok,ok,False,True,False,False,False,False,True,,10-Q:2025-05-28;8-K:2025-05-28,sec_edgar_submissions_api
55,GOOGL,GOOGL,0001652044,2025-06-25,2025-06-25,ok,ok,False,False,False,False,False,False,False,,,sec_edgar_submissions_api
56,GOOGL,GOOGL,0001652044,2025-06-24,2025-06-24,ok,ok,False,False,False,False,False,False,False,,,sec_edgar_submissions_api
57,AAPL,AAPL,0000320193,2025-06-17,2025-06-17,ok,ok,False,False,False,False,False,False,False,,,sec_edgar_submissions_api
58,SOFI,SOFI,0001818874,2025-06-17,2025-06-17,ok,ok,False,False,False,False,False,False,False,,,sec_edgar_submissions_api
59,META,META,0001326801,2025-06-17,2025-06-17,ok,ok,False,False,False,False,False,False,False,,,sec_edgar_submissions_api
60,GOOGL,GOOGL,0001652044,2025-07-25,2025-07-25,ok,ok,True,True,True,True,False,False,True,10-Q:2025-07-24;8-K:2025-07-23,10-Q:2025-07-24;8-K:2025-07-18;8-K:2025-07-23,sec_edgar_submissions_api
61,NVDA,NVDA,0001045810,2026-01-29,2026-01-29,ok,ok,False,True,False,False,False,False,True,,8-K:2026-01-23,sec_edgar_submissions_api
62,GOOGL,GOOGL,0001652044,2025-08-20,2025-08-20,ok,ok,False,False,False,False,False,False,False,,,sec_edgar_submissions_api
63,AMD,AMD,0000002488,2025-10-04,2025-10-06,ok,ok,True,True,True,False,False,False,True,8-K:2025-10-06,8-K:2025-10-06,sec_edgar_submissions_api
64,META,META,0001326801,2025-11-26,2025-11-26,ok,ok,False,False,False,False,False,False,False,,,sec_edgar_submissions_api
65,NVDA,NVDA,0001045810,2025-08-13,2025-08-13,ok,ok,False,False,False,False,False,False,False,,,sec_edgar_submissions_api
66,NVDA,NVDA,0001045810,2025-08-13,2025-08-13,ok,ok,False,False,False,False,False,False,False,,,sec_edgar_submissions_api
67,NVDA,NVDA,0001045810,2025-05-21,2025-05-21,ok,ok,False,True,False,False,False,False,True,,10-Q:2025-05-28;8-K:2025-05-28,sec_edgar_submissions_api
68,AMD,AMD,0000002488,2025-12-19,2025-12-19,ok,ok,True,True,True,False,False,False,True,8-K:2025-12-15,8-K:2025-12-15,sec_edgar_submissions_api
69,AMD,AMD,0000002488,2025-07-08,2025-07-08,ok,ok,False,True,False,False,False,False,True,,8-K:2025-07-02,sec_edgar_submissions_api
70,AMD,AMD,0000002488,2026-05-06,2026-05-06,ok,ok,True,True,True,True,False,False,True,10-Q:2026-05-06;8-K:2026-05-05,10-Q:2026-05-06;8-K:2026-05-05,sec_edgar_submissions_api
71,AMD,AMD,0000002488,2026-05-06,2026-05-06,ok,ok,True,True,True,True,False,False,True,10-Q:2026-05-06;8-K:2026-05-05,10-Q:2026-05-06;8-K:2026-05-05,sec_edgar_submissions_api
72,AMZN,AMZN,0001018724,2026-05-06,2026-05-06,ok,ok,False,True,False,False,False,False,True,,10-Q:2026-04-30;8-K:2026-04-29,sec_edgar_submissions_api
73,NVDA,NVDA,0001045810,2025-07-16,2025-07-16,ok,ok,False,False,False,False,False,False,False,,,sec_edgar_submissions_api
74,NVDA,NVDA,0001045810,2025-07-16,2025-07-16,ok,ok,False,False,False,False,False,False,False,,,sec_edgar_submissions_api
75,AMD,AMD,0000002488,2025-07-16,2025-07-16,ok,ok,False,False,False,False,False,False,False,,,sec_edgar_submissions_api
76,NVDA,NVDA,0001045810,2025-08-28,2025-08-28,ok,ok,True,True,True,True,False,False,True,10-Q:2025-08-27;8-K:2025-08-27,10-Q:2025-08-27;8-K:2025-08-27,sec_edgar_submissions_api
77,GOOGL,GOOGL,0001652044,2025-08-28,2025-08-28,ok,ok,False,True,False,False,False,False,True,,8-K:2025-09-03;8-K:2025-09-05,sec_edgar_submissions_api
78,GOOGL,GOOGL,0001652044,2025-09-04,2025-09-04,ok,ok,True,True,True,False,False,False,True,8-K:2025-09-03;8-K:2025-09-05,8-K:2025-09-03;8-K:2025-09-05,sec_edgar_submissions_api
79,AMD,AMD,0000002488,2025-10-12,2025-10-13,ok,ok,False,True,False,False,False,False,True,,8-K:2025-10-06,sec_edgar_submissions_api
80,AMD,AMD,0000002488,2025-10-12,2025-10-13,ok,ok,False,True,False,False,False,False,True,,8-K:2025-10-06,sec_edgar_submissions_api
81,NVDA,NVDA,0001045810,2025-07-16,2025-07-16,ok,ok,False,False,False,False,False,False,False,,,sec_edgar_submissions_api
82,NVDA,NVDA,0001045810,2025-05-28,2025-05-28,ok,ok,True,True,True,True,False,False,True,10-Q:2025-05-28;8-K:2025-05-28,10-Q:2025-05-28;8-K:2025-05-28,sec_edgar_submissions_api
83,NVDA,NVDA,0001045810,2025-05-28,2025-05-28,ok,ok,True,True,True,True,False,False,True,10-Q:2025-05-28;8-K:2025-05-28,10-Q:2025-05-28;8-K:2025-05-28,sec_edgar_submissions_api
84,NVDA,NVDA,0001045810,2025-05-28,2025-05-28,ok,ok,True,True,True,True,False,False,True,10-Q:2025-05-28;8-K:2025-05-28,10-Q:2025-05-28;8-K:2025-05-28,sec_edgar_submissions_api
85,SOFI,SOFI,0001818874,2025-05-28,2025-05-28,ok,ok,True,True,True,False,False,False,True,8-K:2025-05-30,8-K:2025-05-30,sec_edgar_submissions_api
86,PYPL,PYPL,0001633917,2025-08-19,2025-08-19,ok,ok,False,False,False,False,False,False,False,,,sec_edgar_submissions_api
87,PYPL,PYPL,0001633917,2025-08-19,2025-08-19,ok,ok,False,False,False,False,False,False,False,,,sec_edgar_submissions_api
88,SOFI,SOFI,0001818874,2025-08-19,2025-08-19,ok,ok,False,False,False,False,False,False,False,,,sec_edgar_submissions_api
89,GOOGL,GOOGL,0001652044,2025-08-19,2025-08-19,ok,ok,False,False,False,False,False,False,False,,,sec_edgar_submissions_api
90,AMD,AMD,0000002488,2026-03-03,2026-03-03,ok,ok,False,True,False,False,False,False,True,,8-K:2026-02-24,sec_edgar_submissions_api
91,AMZN,AMZN,0001018724,2026-03-03,2026-03-03,ok,ok,True,True,True,False,False,False,True,8-K:2026-02-27,424B5:2026-03-10;8-K:2026-02-27,sec_edgar_submissions_api
92,AMD,AMD,0000002488,2026-02-19,2026-02-19,ok,ok,True,True,True,False,False,False,True,8-K:2026-02-17;8-K:2026-02-24,8-K:2026-02-17;8-K:2026-02-24,sec_edgar_submissions_api
93,AMD,AMD,0000002488,2026-02-19,2026-02-19,ok,ok,True,True,True,False,False,False,True,8-K:2026-02-17;8-K:2026-02-24,8-K:2026-02-17;8-K:2026-02-24,sec_edgar_submissions_api
94,NVDA,NVDA,0001045810,2026-02-19,2026-02-19,ok,ok,False,True,False,False,False,False,True,,10-K:2026-02-25;8-K:2026-02-25,sec_edgar_submissions_api
95,SOFI,SOFI,0001818874,2026-02-19,2026-02-19,ok,ok,True,True,False,False,True,False,True,10-K:2026-02-17,10-K:2026-02-17,sec_edgar_submissions_api
96,AAPL,AAPL,0000320193,2026-02-19,2026-02-19,ok,ok,True,True,True,False,False,False,True,8-K:2026-02-24,8-K:2026-02-24,sec_edgar_submissions_api
97,NVDA,NVDA,0001045810,2026-04-02,2026-04-02,ok,ok,False,False,False,False,False,False,False,,,sec_edgar_submissions_api
98,NVDA,NVDA,0001045810,2025-08-22,2025-08-22,ok,ok,True,True,True,True,False,False,True,10-Q:2025-08-27;8-K:2025-08-27,10-Q:2025-08-27;8-K:2025-08-27,sec_edgar_submissions_api
99,AMD,AMD,0000002488,2025-08-05,2025-08-05,ok,ok,True,True,True,True,False,False,True,10-Q:2025-08-06;8-K:2025-08-05,10-Q:2025-08-06;8-K:2025-08-05,sec_edgar_submissions_api
100,GOOGL,GOOGL,0001652044,2025-08-05,2025-08-05,ok,ok,False,False,False,False,False,False,False,,,sec_edgar_submissions_api
101,AMZN,AMZN,0001018724,2025-08-05,2025-08-05,ok,ok,True,True,True,True,False,False,True,10-Q:2025-08-01;8-K:2025-07-31,10-Q:2025-08-01;8-K:2025-07-31,sec_edgar_submissions_api
102,NVDA,NVDA,0001045810,2025-06-06,2025-06-06,ok,ok,False,False,False,False,False,False,False,,,sec_edgar_submissions_api
103,AMD,AMD,0000002488,2025-09-27,2025-09-29,ok,ok,False,True,False,False,False,False,True,,8-K:2025-10-06,sec_edgar_submissions_api
104,AMD,AMD,0000002488,2026-01-30,2026-01-30,ok,ok,True,True,True,False,True,False,True,10-K/A:2026-02-04;10-K:2026-02-04;8-K:2026-02-03,10-K/A:2026-02-04;10-K:2026-02-04;8-K:2026-02-03,sec_edgar_submissions_api
105,AMD,AMD,0000002488,2025-06-10,2025-06-10,ok,ok,False,True,False,False,False,False,True,,8-K/A:2025-06-03,sec_edgar_submissions_api
106,AMD,AMD,0000002488,2025-06-24,2025-06-24,ok,ok,False,False,False,False,False,False,False,,,sec_edgar_submissions_api
107,GOOGL,GOOGL,0001652044,2025-06-24,2025-06-24,ok,ok,False,False,False,False,False,False,False,,,sec_edgar_submissions_api
108,NVDA,NVDA,0001045810,2025-07-19,2025-07-21,ok,ok,False,False,False,False,False,False,False,,,sec_edgar_submissions_api
109,AMD,AMD,0000002488,2025-08-05,2025-08-05,ok,ok,True,True,True,True,False,False,True,10-Q:2025-08-06;8-K:2025-08-05,10-Q:2025-08-06;8-K:2025-08-05,sec_edgar_submissions_api
110,AMZN,AMZN,0001018724,2026-02-19,2026-02-19,ok,ok,False,False,False,False,False,False,False,,,sec_edgar_submissions_api
111,GOOGL,GOOGL,0001652044,2026-02-19,2026-02-19,ok,ok,False,True,False,False,False,False,True,,424B2:2026-02-11;424B2:2026-02-12;8-K:2026-02-13,sec_edgar_submissions_api
112,NVDA,NVDA,0001045810,2026-02-19,2026-02-19,ok,ok,False,True,False,False,False,False,True,,10-K:2026-02-25;8-K:2026-02-25,sec_edgar_submissions_api
113,NVDA,NVDA,0001045810,2026-03-11,2026-03-11,ok,ok,True,True,True,False,False,False,True,8-K:2026-03-06,8-K:2026-03-06,sec_edgar_submissions_api
114,NVDA,NVDA,0001045810,2025-08-27,2025-08-27,ok,ok,True,True,True,True,False,False,True,10-Q:2025-08-27;8-K:2025-08-27,10-Q:2025-08-27;8-K:2025-08-27,sec_edgar_submissions_api
115,NVDA,NVDA,0001045810,2025-08-27,2025-08-27,ok,ok,True,True,True,True,False,False,True,10-Q:2025-08-27;8-K:2025-08-27,10-Q:2025-08-27;8-K:2025-08-27,sec_edgar_submissions_api
116,AMD,AMD,0000002488,2025-07-11,2025-07-11,ok,ok,False,False,False,False,False,False,False,,,sec_edgar_submissions_api
117,META,META,0001326801,2026-03-14,2026-03-16,ok,ok,False,False,False,False,False,False,False,,,sec_edgar_submissions_api
118,AMD,AMD,0000002488,2025-06-16,2025-06-16,ok,ok,False,False,False,False,False,False,False,,,sec_edgar_submissions_api
119,AMD,AMD,0000002488,2025-07-07,2025-07-07,ok,ok,True,True,True,False,False,False,True,8-K:2025-07-02,8-K:2025-07-02,sec_edgar_submissions_api
120,AMD,AMD,0000002488,2025-07-07,2025-07-07,ok,ok,True,True,True,False,False,False,True,8-K:2025-07-02,8-K:2025-07-02,sec_edgar_submissions_api
121,NVDA,NVDA,0001045810,2025-07-07,2025-07-07,ok,ok,False,True,False,False,False,False,True,,8-K:2025-07-01,sec_edgar_submissions_api
122,NVDA,NVDA,0001045810,2025-06-25,2025-06-25,ok,ok,False,True,False,False,False,False,True,,8-K:2025-07-01,sec_edgar_submissions_api
123,NVDA,NVDA,0001045810,2025-06-25,2025-06-25,ok,ok,False,True,False,False,False,False,True,,8-K:2025-07-01,sec_edgar_submissions_api
124,NVDA,NVDA,0001045810,2025-12-31,2025-12-31,ok,ok,False,False,False,False,False,False,False,,,sec_edgar_submissions_api
125,NVDA,NVDA,0001045810,2025-12-01,2025-12-01,ok,ok,False,False,False,False,False,False,False,,,sec_edgar_submissions_api
126,AMD,AMD,0000002488,2025-12-22,2025-12-22,ok,ok,False,True,False,False,False,False,True,,8-K:2025-12-15,sec_edgar_submissions_api
127,AMZN,AMZN,0001018724,2026-03-04,2026-03-04,ok,ok,True,True,True,False,False,False,True,8-K:2026-02-27,424B5:2026-03-10;424B5:2026-03-11;8-K:2026-02-27,sec_edgar_submissions_api
128,NVDA,NVDA,0001045810,2025-08-25,2025-08-25,ok,ok,True,True,True,True,False,False,True,10-Q:2025-08-27;8-K:2025-08-27,10-Q:2025-08-27;8-K:2025-08-27,sec_edgar_submissions_api
129,NVDA,NVDA,0001045810,2025-08-25,2025-08-25,ok,ok,True,True,True,True,False,False,True,10-Q:2025-08-27;8-K:2025-08-27,10-Q:2025-08-27;8-K:2025-08-27,sec_edgar_submissions_api
130,GOOGL,GOOGL,0001652044,2026-03-31,2026-03-31,ok,ok,True,True,True,False,False,False,True,8-K:2026-04-02,8-K:2026-04-02,sec_edgar_submissions_api
131,AMD,AMD,0000002488,2026-04-26,2026-04-27,ok,ok,False,False,False,False,False,False,False,,,sec_edgar_submissions_api
132,NVDA,NVDA,0001045810,2025-05-25,2025-05-27,ok,ok,True,True,True,True,False,False,True,10-Q:2025-05-28;8-K:2025-05-28,10-Q:2025-05-28;8-K:2025-05-28,sec_edgar_submissions_api
133,NVDA,NVDA,0001045810,2025-05-25,2025-05-27,ok,ok,True,True,True,True,False,False,True,10-Q:2025-05-28;8-K:2025-05-28,10-Q:2025-05-28;8-K:2025-05-28,sec_edgar_submissions_api
134,META,META,0001326801,2025-11-25,2025-11-25,ok,ok,False,False,False,False,False,False,False,,,sec_edgar_submissions_api
135,NVDA,NVDA,0001045810,2025-08-21,2025-08-21,ok,ok,False,True,False,False,False,False,True,,10-Q:2025-08-27;8-K:2025-08-27,sec_edgar_submissions_api
136,MSFT,MSFT,0000789019,2025-08-21,2025-08-21,ok,ok,False,False,False,False,False,False,False,,,sec_edgar_submissions_api
137,UBER,UBER,0001543151,2025-07-15,2025-07-15,ok,ok,False,False,False,False,False,False,False,,,sec_edgar_submissions_api
138,NVDA,NVDA,0001045810,2025-10-08,2025-10-08,ok,ok,False,False,False,False,False,False,False,,,sec_edgar_submissions_api
139,MSFT,MSFT,0000789019,2026-02-25,2026-02-25,ok,ok,False,False,False,False,False,False,False,,,sec_edgar_submissions_api
140,AMZN,AMZN,0001018724,2026-02-20,2026-02-20,ok,ok,False,True,False,False,False,False,True,,8-K:2026-02-27,sec_edgar_submissions_api
141,TSLA,TSLA,0001318605,2026-04-24,2026-04-24,ok,ok,True,True,True,True,False,False,True,10-Q:2026-04-23;8-K:2026-04-22,10-K/A:2026-04-30;10-Q:2026-04-23;8-K:2026-04-22,sec_edgar_submissions_api
142,GOOGL,GOOGL,0001652044,2026-02-04,2026-02-04,ok,ok,True,True,True,False,True,True,True,10-K:2026-02-05;424B5:2026-02-09;8-K:2026-02-04,10-K:2026-02-05;424B2:2026-02-11;424B5:2026-02-09;424B5:2026-02-10;8-K:2026-02-04,sec_edgar_submissions_api
143,TSLA,TSLA,0001318605,2026-01-29,2026-01-29,ok,ok,True,True,True,False,True,False,True,10-K:2026-01-29;8-K:2026-01-28,10-K:2026-01-29;8-K:2026-01-28,sec_edgar_submissions_api
144,TSLA,TSLA,0001318605,2026-01-29,2026-01-29,ok,ok,True,True,True,False,True,False,True,10-K:2026-01-29;8-K:2026-01-28,10-K:2026-01-29;8-K:2026-01-28,sec_edgar_submissions_api
145,AMZN,AMZN,0001018724,2026-01-29,2026-01-29,ok,ok,False,True,False,False,False,False,True,,8-K:2026-02-05,sec_edgar_submissions_api
146,MSFT,MSFT,0000789019,2026-01-29,2026-01-29,ok,ok,True,True,True,True,False,False,True,10-Q:2026-01-28;8-K:2026-01-28,10-Q:2026-01-28;8-K:2026-01-28,sec_edgar_submissions_api
147,NVDA,NVDA,0001045810,2026-02-11,2026-02-11,ok,ok,False,False,False,False,False,False,False,,,sec_edgar_submissions_api
148,NVDA,NVDA,0001045810,2023-10-09,2023-10-09,ok,ok,False,False,False,False,False,False,False,,,sec_edgar_submissions_api
149,GOOGL,GOOGL,0001652044,2025-03-06,2025-03-06,ok,ok,False,False,False,False,False,False,False,,,sec_edgar_submissions_api
150,UBER,UBER,0001543151,2025-03-06,2025-03-06,ok,ok,False,False,False,False,False,False,False,,,sec_edgar_submissions_api
151,UBER,UBER,0001543151,2025-03-06,2025-03-06,ok,ok,False,False,False,False,False,False,False,,,sec_edgar_submissions_api
152,AMD,AMD,0000002488,2025-03-06,2025-03-06,ok,ok,True,True,False,False,False,True,True,424B5:2025-03-10,424B5:2025-03-10;424B5:2025-03-12;8-K:2025-03-12,sec_edgar_submissions_api
153,AMZN,AMZN,0001018724,2023-04-28,2023-04-28,ok,ok,True,True,True,True,False,False,True,10-Q:2023-04-28;8-K:2023-04-27,10-Q:2023-04-28;8-K:2023-04-27,sec_edgar_submissions_api
154,AAPL,AAPL,0000320193,2023-04-28,2023-04-28,ok,ok,False,True,False,False,False,False,True,,10-Q:2023-05-05;8-K:2023-05-04,sec_edgar_submissions_api
155,NVDA,NVDA,0001045810,2023-07-14,2023-07-14,ok,ok,False,False,False,False,False,False,False,,,sec_edgar_submissions_api
156,AAPL,AAPL,0000320193,2023-06-16,2023-06-16,ok,ok,False,False,False,False,False,False,False,,,sec_edgar_submissions_api
157,META,META,0001326801,2026-03-26,2026-03-26,ok,ok,False,False,False,False,False,False,False,,,sec_edgar_submissions_api
158,NFLX,NFLX,0001065280,2026-04-18,2026-04-20,ok,ok,True,True,True,True,False,False,True,10-Q:2026-04-17;8-K:2026-04-16;8-K:2026-04-23,10-Q:2026-04-17;8-K:2026-04-16;8-K:2026-04-23,sec_edgar_submissions_api
159,AMZN,AMZN,0001018724,2023-09-13,2023-09-13,ok,ok,True,True,True,False,False,False,True,8-K:2023-09-13,8-K:2023-09-13,sec_edgar_submissions_api
160,CRM,CRM,0001108524,2025-08-13,2025-08-13,ok,ok,False,False,False,False,False,False,False,,,sec_edgar_submissions_api
161,NVDA,NVDA,0001045810,2025-08-13,2025-08-13,ok,ok,False,False,False,False,False,False,False,,,sec_edgar_submissions_api
162,GOOGL,GOOGL,0001652044,2026-04-25,2026-04-27,ok,ok,True,True,True,True,False,False,True,10-Q:2026-04-30;8-K:2026-04-29,10-Q:2026-04-30;8-K:2026-04-29,sec_edgar_submissions_api
163,MSFT,MSFT,0000789019,2024-02-17,2024-02-20,ok,ok,False,False,False,False,False,False,False,,,sec_edgar_submissions_api
164,NVDA,NVDA,0001045810,2024-07-01,2024-07-01,ok,ok,True,True,True,False,False,False,True,8-K:2024-07-02,8-K:2024-07-02,sec_edgar_submissions_api
165,AAPL,AAPL,0000320193,2023-08-11,2023-08-11,ok,ok,False,True,False,False,False,False,True,,10-Q:2023-08-04,sec_edgar_submissions_api
166,AMZN,AMZN,0001018724,2025-03-15,2025-03-17,ok,ok,False,False,False,False,False,False,False,,,sec_edgar_submissions_api
167,DIS,DIS,0001744489,2023-11-17,2023-11-17,ok,ok,True,True,False,False,True,False,True,10-K:2023-11-21,10-K:2023-11-21,sec_edgar_submissions_api
168,AAPL,AAPL,0000320193,2023-11-17,2023-11-17,ok,ok,False,False,False,False,False,False,False,,,sec_edgar_submissions_api
169,AMZN,AMZN,0001018724,2025-05-14,2025-05-14,ok,ok,False,False,False,False,False,False,False,,,sec_edgar_submissions_api
170,MSFT,MSFT,0000789019,2024-02-12,2024-02-12,ok,ok,False,False,False,False,False,False,False,,,sec_edgar_submissions_api
171,AAPL,AAPL,0000320193,2024-03-15,2024-03-15,ok,ok,False,False,False,False,False,False,False,,,sec_edgar_submissions_api
172,AMZN,AMZN,0001018724,2025-03-26,2025-03-26,ok,ok,False,False,False,False,False,False,False,,,sec_edgar_submissions_api
173,AMD,AMD,0000002488,2024-08-01,2024-08-01,ok,ok,True,True,True,True,False,False,True,10-Q:2024-07-31;8-K:2024-07-30,10-Q:2024-07-31;8-K:2024-07-30,sec_edgar_submissions_api
174,NVDA,NVDA,0001045810,2024-08-01,2024-08-01,ok,ok,False,False,False,False,False,False,False,,,sec_edgar_submissions_api
175,AMZN,AMZN,0001018724,2024-07-10,2024-07-10,ok,ok,False,False,False,False,False,False,False,,,sec_edgar_submissions_api
176,GOOGL,GOOGL,0001652044,2024-07-10,2024-07-10,ok,ok,False,False,False,False,False,False,False,,,sec_edgar_submissions_api
177,AMD,AMD,0000002488,2023-08-25,2023-08-25,ok,ok,False,False,False,False,False,False,False,,,sec_edgar_submissions_api
178,NVDA,NVDA,0001045810,2023-08-25,2023-08-25,ok,ok,True,True,True,True,False,False,True,10-Q:2023-08-28;8-K:2023-08-23,10-Q:2023-08-28;8-K:2023-08-23,sec_edgar_submissions_api
179,AMZN,AMZN,0001018724,2023-08-25,2023-08-25,ok,ok,False,False,False,False,False,False,False,,,sec_edgar_submissions_api
180,NVDA,NVDA,0001045810,2024-02-29,2024-02-29,ok,ok,False,False,False,False,False,False,False,,,sec_edgar_submissions_api
181,NVDA,NVDA,0001045810,2024-02-29,2024-02-29,ok,ok,False,False,False,False,False,False,False,,,sec_edgar_submissions_api
182,MSFT,MSFT,0000789019,2023-06-26,2023-06-26,ok,ok,False,True,False,False,False,False,True,,8-K:2023-07-03,sec_edgar_submissions_api
183,DIS,DIS,0001744489,2025-05-21,2025-05-21,ok,ok,False,False,False,False,False,False,False,,,sec_edgar_submissions_api
184,AAPL,AAPL,0000320193,2025-03-12,2025-03-12,ok,ok,False,False,False,False,False,False,False,,,sec_edgar_submissions_api
185,AAPL,AAPL,0000320193,2025-03-12,2025-03-12,ok,ok,False,False,False,False,False,False,False,,,sec_edgar_submissions_api
186,TSLA,TSLA,0001318605,2023-05-26,2023-05-26,ok,ok,True,True,True,False,False,False,True,8-K:2023-05-22,8-K:2023-05-22,sec_edgar_submissions_api
187,SOFI,SOFI,0001818874,2025-12-02,2025-12-02,ok,ok,True,True,True,False,False,True,True,424B3:2025-12-05;8-K:2025-12-04;8-K:2025-12-05,424B3:2025-12-05;8-K:2025-12-04;8-K:2025-12-05;8-K:2025-12-08,sec_edgar_submissions_api
188,SOFI,SOFI,0001818874,2025-12-02,2025-12-02,ok,ok,True,True,True,False,False,True,True,424B3:2025-12-05;8-K:2025-12-04;8-K:2025-12-05,424B3:2025-12-05;8-K:2025-12-04;8-K:2025-12-05;8-K:2025-12-08,sec_edgar_submissions_api
189,UBER,UBER,0001543151,2025-12-02,2025-12-02,ok,ok,False,False,False,False,False,False,False,,,sec_edgar_submissions_api
190,NVDA,NVDA,0001045810,2025-12-13,2025-12-15,ok,ok,False,False,False,False,False,False,False,,,sec_edgar_submissions_api
191,AMZN,AMZN,0001018724,2024-08-10,2024-08-12,ok,ok,False,False,False,False,False,False,False,,,sec_edgar_submissions_api
192,GOOGL,GOOGL,0001652044,2024-08-10,2024-08-12,ok,ok,True,True,True,False,False,False,True,8-K:2024-08-06,8-K:2024-08-06,sec_edgar_submissions_api
193,AAPL,AAPL,0000320193,2024-08-10,2024-08-12,ok,ok,False,False,False,False,False,False,False,,,sec_edgar_submissions_api
194,TSLA,TSLA,0001318605,2024-08-10,2024-08-12,ok,ok,False,False,False,False,False,False,False,,,sec_edgar_submissions_api
195,NVDA,NVDA,0001045810,2024-02-08,2024-02-08,ok,ok,False,False,False,False,False,False,False,,,sec_edgar_submissions_api
196,GOOGL,GOOGL,0001652044,2024-02-08,2024-02-08,ok,ok,True,True,True,False,False,False,True,8-K:2024-02-08,8-K:2024-02-08,sec_edgar_submissions_api
197,TSLA,TSLA,0001318605,2023-07-05,2023-07-05,ok,ok,True,True,True,False,False,False,True,8-K:2023-07-03,8-K:2023-07-03,sec_edgar_submissions_api
198,GOOGL,GOOGL,0001652044,2023-07-05,2023-07-05,ok,ok,False,False,False,False,False,False,False,,,sec_edgar_submissions_api
199,SOFI,SOFI,0001818874,2025-06-11,2025-06-11,ok,ok,False,False,False,False,False,False,False,,,sec_edgar_submissions_api
200,SOFI,SOFI,0001818874,2025-06-11,2025-06-11,ok,ok,False,False,False,False,False,False,False,,,sec_edgar_submissions_api
201,PYPL,PYPL,0001633917,2025-07-29,2025-07-29,ok,ok,True,True,True,True,False,False,True,10-Q:2025-07-29;8-K:2025-07-29,10-Q:2025-07-29;8-K:2025-07-29,sec_edgar_submissions_api
202,TSLA,TSLA,0001318605,2023-11-06,2023-11-06,ok,ok,False,False,False,False,False,False,False,,,sec_edgar_submissions_api
203,AMD,AMD,0000002488,2025-01-09,2025-01-10,ok,ok,False,False,False,False,False,False,False,,,sec_edgar_submissions_api
204,META,META,0001326801,2026-04-09,2026-04-09,ok,ok,True,True,True,False,False,False,True,8-K:2026-04-14,8-K:2026-04-14,sec_edgar_submissions_api
205,MSFT,MSFT,0000789019,2026-04-09,2026-04-09,ok,ok,False,False,False,False,False,False,False,,,sec_edgar_submissions_api
206,AMZN,AMZN,0001018724,2024-01-05,2024-01-05,ok,ok,False,False,False,False,False,False,False,,,sec_edgar_submissions_api
207,AAPL,AAPL,0000320193,2024-03-14,2024-03-14,ok,ok,False,False,False,False,False,False,False,,,sec_edgar_submissions_api
208,NVDA,NVDA,0001045810,2024-03-14,2024-03-14,ok,ok,True,True,True,False,False,False,True,8-K:2024-03-14,8-K:2024-03-14,sec_edgar_submissions_api
209,GOOGL,GOOGL,0001652044,2025-04-22,2025-04-22,ok,ok,True,True,True,True,False,False,True,10-Q:2025-04-25;8-K:2025-04-18;8-K:2025-04-24,10-Q:2025-04-25;424B5:2025-04-28;424B5:2025-04-29;8-K:2025-04-18;8-K:2025-04-24,sec_edgar_submissions_api
210,TGT,TGT,0000027419,2024-10-08,,ok,ok,False,False,False,False,False,False,False,,,sec_edgar_submissions_api
211,AAPL,AAPL,0000320193,2023-03-22,2023-03-22,ok,ok,False,False,False,False,False,False,False,,,sec_edgar_submissions_api
212,NVDA,NVDA,0001045810,2025-01-25,2025-01-27,ok,ok,False,True,False,False,False,False,True,,8-K:2025-01-17,sec_edgar_submissions_api
213,AAPL,AAPL,0000320193,2025-01-25,2025-01-27,ok,ok,True,True,True,False,False,False,True,8-K:2025-01-30,10-Q:2025-01-31;8-K:2025-01-30,sec_edgar_submissions_api
214,MSFT,MSFT,0000789019,2025-01-25,2025-01-27,ok,ok,True,True,True,True,False,False,True,10-Q:2025-01-29;8-K:2025-01-22;8-K:2025-01-29,10-Q:2025-01-29;8-K:2025-01-22;8-K:2025-01-29,sec_edgar_submissions_api
215,TSLA,TSLA,0001318605,2025-01-25,2025-01-27,ok,ok,True,True,True,False,True,False,True,10-K:2025-01-30;8-K:2025-01-29,10-K:2025-01-30;8-K:2025-01-29,sec_edgar_submissions_api
216,GOOGL,GOOGL,0001652044,2025-07-02,2025-07-02,ok,ok,False,False,False,False,False,False,False,,,sec_edgar_submissions_api
217,AMD,AMD,0000002488,2025-07-09,2025-07-09,ok,ok,False,True,False,False,False,False,True,,8-K:2025-07-02,sec_edgar_submissions_api
218,GOOGL,GOOGL,0001652044,2025-07-09,2025-07-09,ok,ok,False,False,False,False,False,False,False,,,sec_edgar_submissions_api
219,AMC,AMC,0001411579,2024-05-16,2024-05-16,ok,ok,True,True,True,False,False,False,True,8-K:2024-05-14;8-K:2024-05-15,8-K:2024-05-14;8-K:2024-05-15,sec_edgar_submissions_api
220,DIS,DIS,0001744489,2024-05-16,2024-05-16,ok,ok,False,False,False,False,False,False,False,,,sec_edgar_submissions_api
221,AMZN,AMZN,0001018724,2024-05-16,2024-05-16,ok,ok,True,True,True,False,False,False,True,8-K:2024-05-14,8-K:2024-05-14,sec_edgar_submissions_api
222,AMD,AMD,0000002488,2024-05-16,2024-05-16,ok,ok,True,True,True,False,False,False,True,8-K:2024-05-13,8-K:2024-05-13,sec_edgar_submissions_api
223,MSFT,MSFT,0000789019,2023-09-25,2023-09-25,ok,ok,False,False,False,False,False,False,False,,,sec_edgar_submissions_api
224,TSLA,TSLA,0001318605,2024-07-04,2024-07-05,ok,ok,True,True,True,False,False,False,True,8-K:2024-07-02,8-K:2024-07-02,sec_edgar_submissions_api
225,NVDA,NVDA,0001045810,2024-07-04,2024-07-05,ok,ok,True,True,True,False,False,False,True,8-K:2024-07-02,8-K:2024-07-02,sec_edgar_submissions_api
226,AMZN,AMZN,0001018724,2024-07-04,2024-07-05,ok,ok,False,False,False,False,False,False,False,,,sec_edgar_submissions_api
227,AAPL,AAPL,0000320193,2024-07-04,2024-07-05,ok,ok,False,False,False,False,False,False,False,,,sec_edgar_submissions_api
228,AAPL,AAPL,0000320193,2024-01-18,2024-01-18,ok,ok,False,False,False,False,False,False,False,,,sec_edgar_submissions_api
229,AAPL,AAPL,0000320193,2024-01-18,2024-01-18,ok,ok,False,False,False,False,False,False,False,,,sec_edgar_submissions_api
230,NVDA,NVDA,0001045810,2024-01-18,2024-01-18,ok,ok,False,False,False,False,False,False,False,,,sec_edgar_submissions_api
231,GOOGL,GOOGL,0001652044,2024-01-18,2024-01-18,ok,ok,False,False,False,False,False,False,False,,,sec_edgar_submissions_api
232,NVDA,NVDA,0001045810,2024-06-06,2024-06-06,ok,ok,True,True,True,False,False,False,True,8-K:2024-06-07,8-K:2024-06-07,sec_edgar_submissions_api
233,AAPL,AAPL,0000320193,2024-06-06,2024-06-06,ok,ok,False,False,False,False,False,False,False,,,sec_edgar_submissions_api
234,MSFT,MSFT,0000789019,2023-02-08,2023-02-08,ok,ok,False,False,False,False,False,False,False,,,sec_edgar_submissions_api
235,MSFT,MSFT,0000789019,2023-02-08,2023-02-08,ok,ok,False,False,False,False,False,False,False,,,sec_edgar_submissions_api
236,NVDA,NVDA,0001045810,2026-04-17,2026-04-17,ok,ok,False,False,False,False,False,False,False,,,sec_edgar_submissions_api
237,NVDA,NVDA,0001045810,2026-04-17,2026-04-17,ok,ok,False,False,False,False,False,False,False,,,sec_edgar_submissions_api
238,NVDA,NVDA,0001045810,2026-04-17,2026-04-17,ok,ok,False,False,False,False,False,False,False,,,sec_edgar_submissions_api
239,META,META,0001326801,2026-04-17,2026-04-17,ok,ok,True,True,True,False,False,False,True,8-K:2026-04-14,8-K:2026-04-14,sec_edgar_submissions_api
240,AMZN,AMZN,0001018724,2026-04-17,2026-04-17,ok,ok,True,True,True,False,False,False,True,8-K:2026-04-14,8-K:2026-04-14,sec_edgar_submissions_api
241,AMZN,AMZN,0001018724,2026-04-17,2026-04-17,ok,ok,True,True,True,False,False,False,True,8-K:2026-04-14,8-K:2026-04-14,sec_edgar_submissions_api
242,TSLA,TSLA,0001318605,2024-04-12,2024-04-12,ok,ok,True,True,True,False,False,False,True,8-K:2024-04-16,8-K:2024-04-16,sec_edgar_submissions_api
243,UBER,UBER,0001543151,2024-11-05,2024-11-05,ok,ok,True,True,True,True,False,False,True,10-Q:2024-10-31;8-K:2024-10-31,10-Q:2024-10-31;8-K:2024-10-31,sec_edgar_submissions_api
244,AMZN,AMZN,0001018724,2025-04-16,2025-04-16,ok,ok,False,True,False,False,False,False,True,,8-K:2025-04-10,sec_edgar_submissions_api
245,AMZN,AMZN,0001018724,2025-04-16,2025-04-16,ok,ok,False,True,False,False,False,False,True,,8-K:2025-04-10,sec_edgar_submissions_api
246,TSLA,TSLA,0001318605,2025-03-19,2025-03-19,ok,ok,False,False,False,False,False,False,False,,,sec_edgar_submissions_api
247,AMZN,AMZN,0001018724,2025-03-19,2025-03-19,ok,ok,False,False,False,False,False,False,False,,,sec_edgar_submissions_api
248,TSLA,TSLA,0001318605,2024-07-25,2024-07-25,ok,ok,True,True,True,True,False,False,True,10-Q:2024-07-24;8-K:2024-07-23,10-Q:2024-07-24;8-K:2024-07-23,sec_edgar_submissions_api
249,NVDA,NVDA,0001045810,2024-07-18,2024-07-18,ok,ok,False,False,False,False,False,False,False,,,sec_edgar_submissions_api
250,MSFT,MSFT,0000789019,2023-10-26,2023-10-26,ok,ok,True,True,True,True,False,False,True,10-Q:2023-10-24;8-K:2023-10-24;8-K:2023-10-30,10-Q:2023-10-24;8-K:2023-10-24;8-K:2023-10-30,sec_edgar_submissions_api
251,GOOGL,GOOGL,0001652044,2023-10-26,2023-10-26,ok,ok,True,True,True,True,False,False,True,10-Q:2023-10-25;8-K:2023-10-24,10-Q:2023-10-25;8-K:2023-10-24,sec_edgar_submissions_api
252,TSLA,TSLA,0001318605,2023-10-26,2023-10-26,ok,ok,True,True,False,True,False,False,True,10-Q:2023-10-23,10-Q:2023-10-23,sec_edgar_submissions_api
253,NVDA,NVDA,0001045810,2025-11-22,2025-11-24,ok,ok,True,True,True,True,False,False,True,10-Q:2025-11-19;8-K:2025-11-19,10-Q:2025-11-19;8-K:2025-11-19,sec_edgar_submissions_api
254,NVDA,NVDA,0001045810,2025-11-22,2025-11-24,ok,ok,True,True,True,True,False,False,True,10-Q:2025-11-19;8-K:2025-11-19,10-Q:2025-11-19;8-K:2025-11-19,sec_edgar_submissions_api
255,GOOGL,GOOGL,0001652044,2024-05-09,2024-05-09,ok,ok,False,False,False,False,False,False,False,,,sec_edgar_submissions_api
256,AAPL,AAPL,0000320193,2024-05-09,2024-05-09,ok,ok,False,True,False,False,False,False,True,,10-Q:2024-05-03;8-K:2024-05-02;8-K:2024-05-03,sec_edgar_submissions_api
257,MSFT,MSFT,0000789019,2024-05-09,2024-05-09,ok,ok,True,True,False,False,False,True,True,424B3:2024-05-06,424B3:2024-05-06,sec_edgar_submissions_api
258,MSFT,MSFT,0000789019,2023-03-13,2023-03-13,ok,ok,False,False,False,False,False,False,False,,,sec_edgar_submissions_api
259,MSFT,MSFT,0000789019,2023-03-13,2023-03-13,ok,ok,False,False,False,False,False,False,False,,,sec_edgar_submissions_api
260,NVDA,NVDA,0001045810,2025-01-23,2025-01-23,ok,ok,False,True,False,False,False,False,True,,8-K:2025-01-17,sec_edgar_submissions_api
261,NFLX,NFLX,0001065280,2025-01-23,2025-01-23,ok,ok,True,True,True,False,True,False,True,10-K:2025-01-27;8-K:2025-01-21,10-K:2025-01-27;8-K:2025-01-21,sec_edgar_submissions_api
262,NVDA,NVDA,0001045810,2024-09-07,2024-09-09,ok,ok,False,False,False,False,False,False,False,,,sec_edgar_submissions_api
263,NVDA,NVDA,0001045810,2024-02-22,2024-02-22,ok,ok,True,True,True,False,True,False,True,10-K:2024-02-21;8-K:2024-02-21,10-K:2024-02-21;8-K:2024-02-21,sec_edgar_submissions_api
264,AMZN,AMZN,0001018724,2024-05-02,2024-05-02,ok,ok,True,True,True,True,False,False,True,10-Q:2024-05-01;8-K:2024-04-30;8-K:2024-05-03,10-Q:2024-05-01;8-K:2024-04-30;8-K:2024-05-03,sec_edgar_submissions_api
265,TSLA,TSLA,0001318605,2024-05-02,2024-05-02,ok,ok,False,False,False,False,False,False,False,,,sec_edgar_submissions_api
266,DIS,DIS,0001744489,2023-09-15,2023-09-15,ok,ok,True,True,True,False,False,False,True,8-K:2023-09-19,8-K:2023-09-08;8-K:2023-09-19,sec_edgar_submissions_api
267,AAPL,AAPL,0000320193,2023-09-15,2023-09-15,ok,ok,False,False,False,False,False,False,False,,,sec_edgar_submissions_api
268,NVDA,NVDA,0001045810,2024-06-27,2024-06-27,ok,ok,True,True,True,False,False,False,True,8-K:2024-07-02,8-K:2024-07-02,sec_edgar_submissions_api
269,AMZN,AMZN,0001018724,2024-08-22,2024-08-22,ok,ok,False,False,False,False,False,False,False,,,sec_edgar_submissions_api
270,AMZN,AMZN,0001018724,2024-08-22,2024-08-22,ok,ok,False,False,False,False,False,False,False,,,sec_edgar_submissions_api
271,AMZN,AMZN,0001018724,2024-08-22,2024-08-22,ok,ok,False,False,False,False,False,False,False,,,sec_edgar_submissions_api
272,GOOGL,GOOGL,0001652044,2024-08-22,2024-08-22,ok,ok,False,False,False,False,False,False,False,,,sec_edgar_submissions_api
273,AMZN,AMZN,0001018724,2022-10-31,2022-10-31,ok,ok,True,True,True,True,False,False,True,10-Q:2022-10-28;8-K:2022-10-27,10-Q:2022-10-28;8-K:2022-10-27,sec_edgar_submissions_api
274,MSFT,MSFT,0000789019,2023-05-24,2023-05-24,ok,ok,False,False,False,False,False,False,False,,,sec_edgar_submissions_api
275,AAPL,AAPL,0000320193,2025-06-25,2025-06-25,ok,ok,False,False,False,False,False,False,False,,,sec_edgar_submissions_api
276,GOOGL,GOOGL,0001652044,2025-06-25,2025-06-25,ok,ok,False,False,False,False,False,False,False,,,sec_edgar_submissions_api
277,NVDA,NVDA,0001045810,2024-08-29,2024-08-29,ok,ok,True,True,True,True,False,False,True,10-Q:2024-08-28;8-K:2024-08-28,10-Q:2024-08-28;8-K:2024-08-28,sec_edgar_submissions_api
278,MSFT,MSFT,0000789019,2025-02-13,2025-02-13,ok,ok,False,False,False,False,False,False,False,,,sec_edgar_submissions_api
279,MSFT,MSFT,0000789019,2025-02-13,2025-02-13,ok,ok,False,False,False,False,False,False,False,,,sec_edgar_submissions_api
280,AAPL,AAPL,0000320193,2025-02-13,2025-02-13,ok,ok,False,False,False,False,False,False,False,,,sec_edgar_submissions_api
281,MSFT,MSFT,0000789019,2023-07-21,2023-07-21,ok,ok,True,True,True,False,False,False,True,8-K:2023-07-25,10-K:2023-07-27;8-K:2023-07-25,sec_edgar_submissions_api
282,NVDA,NVDA,0001045810,2023-07-21,2023-07-21,ok,ok,True,True,True,False,False,False,True,8-K:2023-07-24,8-K:2023-07-24,sec_edgar_submissions_api
283,NVDA,NVDA,0001045810,2023-11-23,2023-11-24,ok,ok,True,True,True,True,False,False,True,10-Q:2023-11-21;8-K:2023-11-21,10-Q:2023-11-21;8-K:2023-11-21,sec_edgar_submissions_api
284,AAPL,AAPL,0000320193,2023-11-23,2023-11-24,ok,ok,False,False,False,False,False,False,False,,,sec_edgar_submissions_api
285,MSFT,MSFT,0000789019,2023-11-23,2023-11-24,ok,ok,False,False,False,False,False,False,False,,,sec_edgar_submissions_api
286,AMZN,AMZN,0001018724,2024-07-22,2024-07-22,ok,ok,False,False,False,False,False,False,False,,,sec_edgar_submissions_api
287,AMZN,AMZN,0001018724,2024-07-22,2024-07-22,ok,ok,False,False,False,False,False,False,False,,,sec_edgar_submissions_api
288,AMZN,AMZN,0001018724,2024-06-07,2024-06-07,ok,ok,False,False,False,False,False,False,False,,,sec_edgar_submissions_api
289,TSLA,TSLA,0001318605,2024-01-25,2024-01-25,ok,ok,True,True,True,False,True,False,True,10-K:2024-01-29;8-K:2024-01-24,10-K:2024-01-29;8-K:2024-01-24,sec_edgar_submissions_api
290,CRM,CRM,0001108524,2024-07-27,2024-07-29,ok,ok,False,False,False,False,False,False,False,,,sec_edgar_submissions_api
291,NVDA,NVDA,0001045810,2025-05-03,2025-05-05,ok,ok,False,False,False,False,False,False,False,,,sec_edgar_submissions_api
292,GOOGL,GOOGL,0001652044,2025-05-03,2025-05-05,ok,ok,True,True,True,False,False,True,True,424B2:2025-04-30;424B2:2025-05-01;424B5:2025-04-28;424B5:2025-04-29;8-K:2025-05-01;8-K:2025-05-06,424B2:2025-04-30;424B2:2025-05-01;424B5:2025-04-28;424B5:2025-04-29;8-K:2025-05-01;8-K:2025-05-06,sec_edgar_submissions_api
293,AMZN,AMZN,0001018724,2025-05-03,2025-05-05,ok,ok,True,True,True,True,False,False,True,10-Q:2025-05-02;8-K:2025-05-01,10-Q:2025-05-02;8-K:2025-05-01,sec_edgar_submissions_api
294,MSFT,MSFT,0000789019,2023-06-05,2023-06-05,ok,ok,False,False,False,False,False,False,False,,,sec_edgar_submissions_api
295,GOOGL,GOOGL,0001652044,2024-01-08,2024-01-08,ok,ok,False,False,False,False,False,False,False,,,sec_edgar_submissions_api
296,TSLA,TSLA,0001318605,2024-01-08,2024-01-08,ok,ok,False,True,False,False,False,False,True,,8-K:2024-01-02,sec_edgar_submissions_api
297,TSLA,TSLA,0001318605,2023-08-18,2023-08-18,ok,ok,False,False,False,False,False,False,False,,,sec_edgar_submissions_api
298,AAPL,AAPL,0000320193,2023-08-18,2023-08-18,ok,ok,False,False,False,False,False,False,False,,,sec_edgar_submissions_api
299,NVDA,NVDA,0001045810,2026-03-03,2026-03-03,ok,ok,True,True,True,False,False,False,True,8-K:2026-03-06,10-K:2026-02-25;8-K:2026-02-25;8-K:2026-03-06,sec_edgar_submissions_api
300,NVDA,NVDA,0001045810,2026-03-03,2026-03-03,ok,ok,True,True,True,False,False,False,True,8-K:2026-03-06,10-K:2026-02-25;8-K:2026-02-25;8-K:2026-03-06,sec_edgar_submissions_api
301,NVDA,NVDA,0001045810,2026-03-03,2026-03-03,ok,ok,True,True,True,False,False,False,True,8-K:2026-03-06,10-K:2026-02-25;8-K:2026-02-25;8-K:2026-03-06,sec_edgar_submissions_api
302,NFLX,NFLX,0001065280,2023-07-28,2023-07-28,ok,ok,False,True,False,False,False,False,True,,10-Q:2023-07-21,sec_edgar_submissions_api
303,MSFT,MSFT,0000789019,2023-07-28,2023-07-28,ok,ok,True,True,True,False,True,False,True,10-K:2023-07-27;8-K:2023-07-25,10-K:2023-07-27;8-K:2023-07-25,sec_edgar_submissions_api
304,AAPL,AAPL,0000320193,2023-09-08,2023-09-08,ok,ok,False,False,False,False,False,False,False,,,sec_edgar_submissions_api
305,AAPL,AAPL,0000320193,2023-09-08,2023-09-08,ok,ok,False,False,False,False,False,False,False,,,sec_edgar_submissions_api
306,AAPL,AAPL,0000320193,2023-09-08,2023-09-08,ok,ok,False,False,False,False,False,False,False,,,sec_edgar_submissions_api
307,AAPL,AAPL,0000320193,2023-09-08,2023-09-08,ok,ok,False,False,False,False,False,False,False,,,sec_edgar_submissions_api
308,AAPL,AAPL,0000320193,2023-09-08,2023-09-08,ok,ok,False,False,False,False,False,False,False,,,sec_edgar_submissions_api
309,AAPL,AAPL,0000320193,2023-09-08,2023-09-08,ok,ok,False,False,False,False,False,False,False,,,sec_edgar_submissions_api
310,MSFT,MSFT,0000789019,2023-07-07,2023-07-07,ok,ok,True,True,True,False,False,False,True,8-K:2023-07-03,8-K:2023-07-03,sec_edgar_submissions_api
311,AAPL,AAPL,0000320193,2023-11-20,2023-11-20,ok,ok,False,False,False,False,False,False,False,,,sec_edgar_submissions_api
312,AAPL,AAPL,0000320193,2023-11-20,2023-11-20,ok,ok,False,False,False,False,False,False,False,,,sec_edgar_submissions_api
313,UBER,UBER,0001543151,2023-11-20,2023-11-20,ok,ok,True,True,True,False,False,False,True,8-K:2023-11-17;8-K:2023-11-24,8-K:2023-11-17;8-K:2023-11-24,sec_edgar_submissions_api
314,MSFT,MSFT,0000789019,2024-04-26,2024-04-26,ok,ok,True,True,True,True,False,False,True,10-Q:2024-04-25;8-K:2024-04-25,10-Q:2024-04-25;8-K:2024-04-25,sec_edgar_submissions_api
315,MSFT,MSFT,0000789019,2024-04-26,2024-04-26,ok,ok,True,True,True,True,False,False,True,10-Q:2024-04-25;8-K:2024-04-25,10-Q:2024-04-25;8-K:2024-04-25,sec_edgar_submissions_api
316,NVDA,NVDA,0001045810,2024-02-01,2024-02-01,ok,ok,False,False,False,False,False,False,False,,,sec_edgar_submissions_api
317,AMZN,AMZN,0001018724,2024-02-01,2024-02-01,ok,ok,True,True,True,False,True,False,True,10-K:2024-02-02;8-K:2024-02-01,10-K:2024-02-02;8-K:2024-02-01,sec_edgar_submissions_api
318,UBER,UBER,0001543151,2026-03-12,2026-03-12,ok,ok,False,False,False,False,False,False,False,,,sec_edgar_submissions_api
319,AAPL,AAPL,0000320193,2026-03-07,2026-03-09,ok,ok,False,False,False,False,False,False,False,,,sec_edgar_submissions_api
320,MSFT,MSFT,0000789019,2026-03-10,2026-03-10,ok,ok,False,False,False,False,False,False,False,,,sec_edgar_submissions_api
321,AAPL,AAPL,0000320193,2026-05-02,2026-05-04,ok,ok,True,True,True,True,False,False,True,10-Q:2026-05-01;8-K:2026-04-30,10-Q:2026-05-01;8-K:2026-04-30,sec_edgar_submissions_api
322,AAPL,AAPL,0000320193,2026-05-02,2026-05-04,ok,ok,True,True,True,True,False,False,True,10-Q:2026-05-01;8-K:2026-04-30,10-Q:2026-05-01;8-K:2026-04-30,sec_edgar_submissions_api
323,AMZN,AMZN,0001018724,2026-05-05,2026-05-05,ok,ok,True,True,False,True,False,False,True,10-Q:2026-04-30,10-Q:2026-04-30;8-K:2026-04-29,sec_edgar_submissions_api
324,AAPL,AAPL,0000320193,2026-05-02,2026-05-04,ok,ok,True,True,True,True,False,False,True,10-Q:2026-05-01;8-K:2026-04-30,10-Q:2026-05-01;8-K:2026-04-30,sec_edgar_submissions_api
325,AMD,AMD,0000002488,2026-05-02,2026-05-04,ok,ok,True,True,True,True,False,False,True,10-Q:2026-05-06;8-K:2026-05-05,10-Q:2026-05-06;8-K:2026-05-05,sec_edgar_submissions_api
326,AAPL,AAPL,0000320193,2026-05-02,2026-05-04,ok,ok,True,True,True,True,False,False,True,10-Q:2026-05-01;8-K:2026-04-30,10-Q:2026-05-01;8-K:2026-04-30,sec_edgar_submissions_api
327,AAPL,AAPL,0000320193,2026-05-03,2026-05-04,ok,ok,True,True,True,True,False,False,True,10-Q:2026-05-01;8-K:2026-04-30,10-Q:2026-05-01;8-K:2026-04-30,sec_edgar_submissions_api
328,AAPL,AAPL,0000320193,2026-05-02,2026-05-04,ok,ok,True,True,True,True,False,False,True,10-Q:2026-05-01;8-K:2026-04-30,10-Q:2026-05-01;8-K:2026-04-30,sec_edgar_submissions_api
329,DIS,DIS,0001744489,2022-11-17,2022-11-17,ok,ok,True,True,True,False,False,False,True,8-K:2022-11-21,8-K:2022-11-21,sec_edgar_submissions_api
330,GOOGL,GOOGL,0001652044,2024-10-08,2024-10-08,ok,ok,False,False,False,False,False,False,False,,,sec_edgar_submissions_api
331,GOOGL,GOOGL,0001652044,2024-10-08,2024-10-08,ok,ok,False,False,False,False,False,False,False,,,sec_edgar_submissions_api
332,GOOGL,GOOGL,0001652044,2024-10-08,2024-10-08,ok,ok,False,False,False,False,False,False,False,,,sec_edgar_submissions_api
333,NFLX,NFLX,0001065280,2022-10-11,2022-10-11,ok,ok,False,False,False,False,False,False,False,,,sec_edgar_submissions_api
334,TSLA,TSLA,0001318605,2020-02-11,2020-02-11,ok,ok,True,True,False,False,True,True,True,10-K:2020-02-13;424B5:2020-02-13;424B5:2020-02-14,10-K:2020-02-13;424B5:2020-02-13;424B5:2020-02-14;8-K:2020-02-19,sec_edgar_submissions_api
335,DIS,DIS,0001744489,2020-02-18,2020-02-18,ok,ok,False,True,False,False,False,False,True,,8-K:2020-02-25,sec_edgar_submissions_api
336,HOOD,HOOD,0001783879,2020-06-02,2021-07-29,ok,ok,False,False,False,False,False,False,False,,,sec_edgar_submissions_api
337,MSFT,MSFT,0000789019,2022-10-15,2022-10-17,ok,ok,False,False,False,False,False,False,False,,,sec_edgar_submissions_api
338,MSFT,MSFT,0000789019,2020-03-27,2020-03-27,ok,ok,True,True,True,False,False,False,True,8-K:2020-03-31,8-K:2020-03-31,sec_edgar_submissions_api
339,DIS,DIS,0001744489,2020-03-27,2020-03-27,ok,ok,True,True,True,False,False,True,True,424B2:2020-03-27;424B5:2020-03-26;8-K:2020-03-23;8-K:2020-03-30;8-K:2020-03-30,424B2:2020-03-20;424B2:2020-03-27;424B5:2020-03-26;8-K:2020-03-23;8-K:2020-03-30;8-K:2020-03-30,sec_edgar_submissions_api
340,DIS,DIS,0001744489,2020-06-22,2020-06-22,ok,ok,False,False,False,False,False,False,False,,,sec_edgar_submissions_api
341,DIS,DIS,0001744489,2020-06-22,2020-06-22,ok,ok,False,False,False,False,False,False,False,,,sec_edgar_submissions_api
342,DIS,DIS,0001744489,2020-07-07,2020-07-07,ok,ok,False,False,False,False,False,False,False,,,sec_edgar_submissions_api
343,AMZN,AMZN,0001018724,2020-07-07,2020-07-07,ok,ok,False,False,False,False,False,False,False,,,sec_edgar_submissions_api
344,MSFT,MSFT,0000789019,2025-07-31,2025-07-31,ok,ok,True,True,True,False,True,False,True,10-K:2025-07-30;8-K:2025-07-30,10-K:2025-07-30;8-K:2025-07-30,sec_edgar_submissions_api
345,AAPL,AAPL,0000320193,2024-05-16,2024-05-16,ok,ok,False,False,False,False,False,False,False,,,sec_edgar_submissions_api
346,AAPL,AAPL,0000320193,2024-05-16,2024-05-16,ok,ok,False,False,False,False,False,False,False,,,sec_edgar_submissions_api
347,MSFT,MSFT,0000789019,2020-02-25,2020-02-25,ok,ok,True,True,True,False,False,False,True,8-K:2020-02-26,8-K:2020-02-26,sec_edgar_submissions_api
348,AAPL,AAPL,0000320193,2020-02-25,2020-02-25,ok,ok,True,True,True,False,False,False,True,8-K:2020-02-27,8-K:2020-02-18;8-K:2020-02-27,sec_edgar_submissions_api
349,AMZN,AMZN,0001018724,2020-02-25,2020-02-25,ok,ok,False,False,False,False,False,False,False,,,sec_edgar_submissions_api
350,TSLA,TSLA,0001318605,2024-11-05,2024-11-05,ok,ok,False,False,False,False,False,False,False,,,sec_edgar_submissions_api
351,TSLA,TSLA,0001318605,2024-11-05,2024-11-05,ok,ok,False,False,False,False,False,False,False,,,sec_edgar_submissions_api
352,GOOGL,GOOGL,0001652044,2022-11-30,2022-11-30,ok,ok,False,False,False,False,False,False,False,,,sec_edgar_submissions_api
353,AMD,AMD,0000002488,2026-03-10,2026-03-10,ok,ok,False,False,False,False,False,False,False,,,sec_edgar_submissions_api
354,NVDA,NVDA,0001045810,2025-02-16,2025-02-18,ok,ok,False,False,False,False,False,False,False,,,sec_edgar_submissions_api
355,AAPL,AAPL,0000320193,2025-01-21,2025-01-21,ok,ok,False,False,False,False,False,False,False,,,sec_edgar_submissions_api
356,AAPL,AAPL,0000320193,2025-01-21,2025-01-21,ok,ok,False,False,False,False,False,False,False,,,sec_edgar_submissions_api
357,PYPL,PYPL,0001633917,2026-02-05,2026-02-05,ok,ok,True,True,True,False,True,False,True,10-K:2026-02-03;8-K:2026-02-03;8-K:2026-02-03,10-K:2026-02-03;8-K:2026-02-03;8-K:2026-02-03,sec_edgar_submissions_api
358,GOOGL,GOOGL,0001652044,2025-11-24,2025-11-24,ok,ok,False,False,False,False,False,False,False,,,sec_edgar_submissions_api
359,NVDA,NVDA,0001045810,2026-04-02,2026-04-02,ok,ok,False,False,False,False,False,False,False,,,sec_edgar_submissions_api
360,NVDA,NVDA,0001045810,2026-04-02,2026-04-02,ok,ok,False,False,False,False,False,False,False,,,sec_edgar_submissions_api
361,AAPL,AAPL,0000320193,2026-04-02,2026-04-02,ok,ok,False,False,False,False,False,False,False,,,sec_edgar_submissions_api
362,AMZN,AMZN,0001018724,2026-03-18,2026-03-18,ok,ok,True,True,True,False,False,True,True,424B5:2026-03-13;8-K:2026-03-13;8-K:2026-03-16,424B5:2026-03-11;424B5:2026-03-12;424B5:2026-03-13;8-K:2026-03-13;8-K:2026-03-16,sec_edgar_submissions_api
363,AMZN,AMZN,0001018724,2025-05-17,2025-05-19,ok,ok,True,True,True,False,False,False,True,8-K:2025-05-22,8-K:2025-05-22,sec_edgar_submissions_api
364,MSFT,MSFT,0000789019,2025-02-14,2025-02-14,ok,ok,False,False,False,False,False,False,False,,,sec_edgar_submissions_api
365,AAPL,AAPL,0000320193,2025-09-13,2025-09-15,ok,ok,False,False,False,False,False,False,False,,,sec_edgar_submissions_api
366,TSLA,TSLA,0001318605,2026-04-27,2026-04-27,ok,ok,True,True,True,True,True,False,True,10-K/A:2026-04-30;10-Q:2026-04-23;8-K:2026-04-22,10-K/A:2026-04-30;10-Q:2026-04-23;8-K:2026-04-22,sec_edgar_submissions_api
367,NVDA,NVDA,0001045810,2026-04-27,2026-04-27,ok,ok,True,True,True,False,False,False,True,8-K:2026-04-27,8-K:2026-04-27,sec_edgar_submissions_api
368,NVDA,NVDA,0001045810,2025-11-13,2025-11-13,ok,ok,False,True,False,False,False,False,True,,10-Q:2025-11-19;8-K:2025-11-19,sec_edgar_submissions_api
369,UBER,UBER,0001543151,2025-09-12,2025-09-12,ok,ok,True,True,True,False,False,True,True,424B2:2025-09-10;424B3:2025-09-08;8-K:2025-09-11,424B2:2025-09-10;424B3:2025-09-08;8-K:2025-09-11,sec_edgar_submissions_api
370,AAPL,AAPL,0000320193,2026-04-01,2026-04-01,ok,ok,False,False,False,False,False,False,False,,,sec_edgar_submissions_api
371,AAPL,AAPL,0000320193,2025-12-19,2025-12-19,ok,ok,False,False,False,False,False,False,False,,,sec_edgar_submissions_api
372,AAPL,AAPL,0000320193,2025-12-19,2025-12-19,ok,ok,False,False,False,False,False,False,False,,,sec_edgar_submissions_api
373,AAPL,AAPL,0000320193,2026-01-01,2026-01-02,ok,ok,True,True,True,False,False,False,True,8-K:2026-01-02,8-K:2026-01-02,sec_edgar_submissions_api
374,NVDA,NVDA,0001045810,2026-03-21,2026-03-23,ok,ok,False,False,False,False,False,False,False,,,sec_edgar_submissions_api
375,TSLA,TSLA,0001318605,2025-04-06,2025-04-07,ok,ok,True,True,True,False,False,False,True,8-K:2025-04-02,8-K:2025-04-02,sec_edgar_submissions_api
376,PYPL,PYPL,0001633917,2026-02-15,2026-02-17,ok,ok,False,False,False,False,False,False,False,,,sec_edgar_submissions_api
377,TSLA,TSLA,0001318605,2025-11-19,2025-11-19,ok,ok,False,False,False,False,False,False,False,,,sec_edgar_submissions_api
378,NVDA,NVDA,0001045810,2026-02-25,2026-02-25,ok,ok,True,True,True,False,True,False,True,10-K:2026-02-25;8-K:2026-02-25,10-K:2026-02-25;8-K:2026-02-25,sec_edgar_submissions_api
379,AMZN,AMZN,0001018724,2026-03-01,2026-03-02,ok,ok,True,True,True,False,False,False,True,8-K:2026-02-27,8-K:2026-02-27,sec_edgar_submissions_api
380,NVDA,NVDA,0001045810,2025-10-05,2025-10-06,ok,ok,False,False,False,False,False,False,False,,,sec_edgar_submissions_api
381,AAPL,AAPL,0000320193,2025-04-13,2025-04-14,ok,ok,False,False,False,False,False,False,False,,,sec_edgar_submissions_api
382,AAPL,AAPL,0000320193,2025-03-27,2025-03-27,ok,ok,False,False,False,False,False,False,False,,,sec_edgar_submissions_api
383,AAPL,AAPL,0000320193,2023-07-10,2023-07-10,ok,ok,False,False,False,False,False,False,False,,,sec_edgar_submissions_api
384,TSLA,TSLA,0001318605,2020-04-04,2020-04-06,ok,ok,True,True,True,False,False,False,True,8-K:2020-04-02,8-K:2020-04-02,sec_edgar_submissions_api
385,AAPL,AAPL,0000320193,2020-03-31,2020-03-31,ok,ok,False,False,False,False,False,False,False,,,sec_edgar_submissions_api
386,AAPL,AAPL,0000320193,2022-10-02,2022-10-03,ok,ok,False,False,False,False,False,False,False,,,sec_edgar_submissions_api
387,AAPL,AAPL,0000320193,2022-10-02,2022-10-03,ok,ok,False,False,False,False,False,False,False,,,sec_edgar_submissions_api
388,AAPL,AAPL,0000320193,2022-10-02,2022-10-03,ok,ok,False,False,False,False,False,False,False,,,sec_edgar_submissions_api
389,AAPL,AAPL,0000320193,2022-10-02,2022-10-03,ok,ok,False,False,False,False,False,False,False,,,sec_edgar_submissions_api
390,AAPL,AAPL,0000320193,2023-07-04,2023-07-05,ok,ok,False,False,False,False,False,False,False,,,sec_edgar_submissions_api
391,TSLA,TSLA,0001318605,2020-02-04,2020-02-04,ok,ok,False,True,False,False,False,False,True,,8-K:2020-01-29,sec_edgar_submissions_api
392,TSLA,TSLA,0001318605,2020-01-05,2020-01-06,ok,ok,True,True,True,False,False,False,True,8-K:2020-01-03,8-K:2020-01-03,sec_edgar_submissions_api
393,MSFT,MSFT,0000789019,2023-07-26,2023-07-26,ok,ok,True,True,True,False,True,False,True,10-K:2023-07-27;8-K:2023-07-25,10-K:2023-07-27;8-K:2023-07-25,sec_edgar_submissions_api
394,AAPL,AAPL,0000320193,2020-06-09,2020-06-09,ok,ok,False,False,False,False,False,False,False,,,sec_edgar_submissions_api
395,AAPL,AAPL,0000320193,2023-06-26,2023-06-26,ok,ok,False,False,False,False,False,False,False,,,sec_edgar_submissions_api
396,MSFT,MSFT,0000789019,2023-10-02,2023-10-02,ok,ok,False,False,False,False,False,False,False,,,sec_edgar_submissions_api
397,TSLA,TSLA,0001318605,2023-10-02,2023-10-02,ok,ok,True,True,True,False,False,False,True,8-K:2023-10-02,8-K:2023-10-02,sec_edgar_submissions_api
398,TSLA,TSLA,0001318605,2023-10-02,2023-10-02,ok,ok,True,True,True,False,False,False,True,8-K:2023-10-02,8-K:2023-10-02,sec_edgar_submissions_api
399,AAPL,AAPL,0000320193,2022-06-24,2022-06-24,ok,ok,False,False,False,False,False,False,False,,,sec_edgar_submissions_api
400,AMZN,AMZN,0001018724,2022-10-29,2022-10-31,ok,ok,True,True,True,True,False,False,True,10-Q:2022-10-28;8-K:2022-10-27,10-Q:2022-10-28;8-K:2022-10-27,sec_edgar_submissions_api
401,TSLA,TSLA,0001318605,2022-04-01,2022-04-01,ok,ok,True,True,True,False,False,False,True,8-K:2022-03-28;8-K:2022-04-04,8-K:2022-03-28;8-K:2022-04-04,sec_edgar_submissions_api
402,MSFT,MSFT,0000789019,2021-03-08,2021-03-08,ok,ok,True,True,False,False,False,True,True,424B3:2021-03-04,424B3:2021-03-04;8-K:2021-03-02,sec_edgar_submissions_api
403,MSFT,MSFT,0000789019,2026-02-27,2026-02-27,ok,ok,False,False,False,False,False,False,False,,,sec_edgar_submissions_api
404,TSLA,TSLA,0001318605,2026-02-12,2026-02-12,ok,ok,False,False,False,False,False,False,False,,,sec_edgar_submissions_api
405,TSLA,TSLA,0001318605,2024-02-22,2024-02-22,ok,ok,False,False,False,False,False,False,False,,,sec_edgar_submissions_api
406,TSLA,TSLA,0001318605,2022-12-02,2022-12-02,ok,ok,False,False,False,False,False,False,False,,,sec_edgar_submissions_api
407,NVDA,NVDA,0001045810,2024-04-16,2024-04-16,ok,ok,False,False,False,False,False,False,False,,,sec_edgar_submissions_api
408,AMC,AMC,0001411579,2024-03-29,2024-04-01,ok,ok,True,True,True,False,False,True,True,424B5:2024-03-28;8-K:2024-03-28,424B5:2024-03-28;8-K:2024-03-28,sec_edgar_submissions_api
409,TSLA,TSLA,0001318605,2023-04-28,2023-04-28,ok,ok,True,True,False,True,False,False,True,10-Q:2023-04-24,10-Q:2023-04-24,sec_edgar_submissions_api
410,NVDA,NVDA,0001045810,2023-07-24,2023-07-24,ok,ok,True,True,True,False,False,False,True,8-K:2023-07-24,8-K:2023-07-24,sec_edgar_submissions_api
411,NVDA,NVDA,0001045810,2023-07-24,2023-07-24,ok,ok,True,True,True,False,False,False,True,8-K:2023-07-24,8-K:2023-07-24,sec_edgar_submissions_api
412,NVDA,NVDA,0001045810,2023-12-15,2023-12-15,ok,ok,False,False,False,False,False,False,False,,,sec_edgar_submissions_api
413,PLTR,PLTR,0001321655,2025-11-13,2025-11-13,ok,ok,False,False,False,False,False,False,False,,,sec_edgar_submissions_api
414,NFLX,NFLX,0001065280,2026-04-27,2026-04-27,ok,ok,True,True,True,False,False,False,True,8-K:2026-04-23,8-K:2026-04-23,sec_edgar_submissions_api
415,AMZN,AMZN,0001018724,2025-12-31,2025-12-31,ok,ok,False,False,False,False,False,False,False,,,sec_edgar_submissions_api
416,GOOGL,GOOGL,0001652044,2026-01-09,2026-01-09,ok,ok,False,False,False,False,False,False,False,,,sec_edgar_submissions_api
417,GOOGL,GOOGL,0001652044,2026-01-09,2026-01-09,ok,ok,False,False,False,False,False,False,False,,,sec_edgar_submissions_api
418,UBER,UBER,0001543151,2026-01-09,2026-01-09,ok,ok,True,True,True,False,False,False,True,8-K:2026-01-12,8-K:2026-01-12,sec_edgar_submissions_api
419,AAPL,AAPL,0000320193,2026-01-09,2026-01-09,ok,ok,False,True,False,False,False,False,True,,8-K:2026-01-02,sec_edgar_submissions_api
420,META,META,0001326801,2026-01-14,2026-01-14,ok,ok,True,True,True,False,False,False,True,8-K:2026-01-16,8-K:2026-01-16,sec_edgar_submissions_api
421,META,META,0001326801,2026-01-14,2026-01-14,ok,ok,True,True,True,False,False,False,True,8-K:2026-01-16,8-K:2026-01-16,sec_edgar_submissions_api
422,AAPL,AAPL,0000320193,2026-01-25,2026-01-26,ok,ok,True,True,True,True,False,False,True,10-Q:2026-01-30;8-K:2026-01-29,10-Q:2026-01-30;8-K:2026-01-29,sec_edgar_submissions_api
423,TSLA,TSLA,0001318605,2026-01-03,2026-01-05,ok,ok,True,True,True,False,False,False,True,8-K:2026-01-02,8-K:2026-01-02,sec_edgar_submissions_api
424,SMCI,SMCI,0001375365,2026-01-23,2026-01-23,ok,ok,True,True,True,False,False,False,True,8-K:2026-01-26,8-K:2026-01-26;8-K:2026-01-29,sec_edgar_submissions_api
425,MSFT,MSFT,0000789019,2026-04-15,2026-04-15,ok,ok,False,False,False,False,False,False,False,,,sec_edgar_submissions_api
426,META,META,0001326801,2026-04-02,2026-04-02,ok,ok,False,False,False,False,False,False,False,,,sec_edgar_submissions_api
427,AMZN,AMZN,0001018724,2024-08-17,2024-08-19,ok,ok,False,False,False,False,False,False,False,,,sec_edgar_submissions_api
428,AMZN,AMZN,0001018724,2024-08-17,2024-08-19,ok,ok,False,False,False,False,False,False,False,,,sec_edgar_submissions_api
429,DIS,DIS,0001744489,2024-08-17,2024-08-19,ok,ok,False,False,False,False,False,False,False,,,sec_edgar_submissions_api
430,AAPL,AAPL,0000320193,2024-02-02,2024-02-02,ok,ok,True,True,True,True,False,False,True,10-Q:2024-02-02;8-K:2024-02-01,10-Q:2024-02-02;8-K:2024-02-01,sec_edgar_submissions_api
431,MSFT,MSFT,0000789019,2024-10-01,2024-10-01,ok,ok,False,False,False,False,False,False,False,,,sec_edgar_submissions_api
432,PYPL,PYPL,0001633917,2025-11-17,2025-11-17,ok,ok,True,True,True,False,False,False,True,8-K:2025-11-14;8-K:2025-11-17,8-K:2025-11-14;8-K:2025-11-17,sec_edgar_submissions_api
433,PYPL,PYPL,0001633917,2025-11-17,2025-11-17,ok,ok,True,True,True,False,False,False,True,8-K:2025-11-14;8-K:2025-11-17,8-K:2025-11-14;8-K:2025-11-17,sec_edgar_submissions_api
434,AMZN,AMZN,0001018724,2025-11-17,2025-11-17,ok,ok,True,True,True,False,False,True,True,424B5:2025-11-17;424B5:2025-11-19;8-K:2025-11-20,424B5:2025-11-17;424B5:2025-11-19;8-K:2025-11-20,sec_edgar_submissions_api
435,AAPL,AAPL,0000320193,2025-11-17,2025-11-17,ok,ok,False,False,False,False,False,False,False,,,sec_edgar_submissions_api
436,NVDA,NVDA,0001045810,2024-08-15,2024-08-15,ok,ok,False,False,False,False,False,False,False,,,sec_edgar_submissions_api
437,AAPL,AAPL,0000320193,2024-08-15,2024-08-15,ok,ok,False,False,False,False,False,False,False,,,sec_edgar_submissions_api
438,MSFT,MSFT,0000789019,2024-03-29,2024-04-01,ok,ok,False,False,False,False,False,False,False,,,sec_edgar_submissions_api
439,AMZN,AMZN,0001018724,2024-06-04,2024-06-04,ok,ok,False,False,False,False,False,False,False,,,sec_edgar_submissions_api
440,AMZN,AMZN,0001018724,2024-05-11,2024-05-13,ok,ok,True,True,True,False,False,False,True,8-K:2024-05-14,8-K:2024-05-14,sec_edgar_submissions_api
441,NVDA,NVDA,0001045810,2024-02-02,2024-02-02,ok,ok,False,False,False,False,False,False,False,,,sec_edgar_submissions_api
442,GOOGL,GOOGL,0001652044,2024-02-02,2024-02-02,ok,ok,True,True,True,False,True,False,True,10-K:2024-01-31;8-K:2024-01-30,10-K:2024-01-31;8-K:2024-01-30;8-K:2024-02-08,sec_edgar_submissions_api
443,UBER,UBER,0001543151,2025-11-10,2025-11-10,ok,ok,False,True,False,False,False,False,True,,10-Q:2025-11-04;8-K:2025-11-04,sec_edgar_submissions_api
444,TSLA,TSLA,0001318605,2024-02-17,2024-02-20,ok,ok,False,False,False,False,False,False,False,,,sec_edgar_submissions_api
445,PYPL,PYPL,0001633917,2024-02-07,2024-02-07,ok,ok,True,True,True,False,True,False,True,10-K:2024-02-08;8-K:2024-02-07;8-K:2024-02-12,10-K:2024-02-08;8-K:2024-02-07;8-K:2024-02-12,sec_edgar_submissions_api
446,NVDA,NVDA,0001045810,2024-02-07,2024-02-07,ok,ok,False,False,False,False,False,False,False,,,sec_edgar_submissions_api
447,UBER,UBER,0001543151,2025-03-05,2025-03-05,ok,ok,False,False,False,False,False,False,False,,,sec_edgar_submissions_api
448,DIS,DIS,0001744489,2024-03-15,2024-03-15,ok,ok,False,False,False,False,False,False,False,,,sec_edgar_submissions_api
449,AAPL,AAPL,0000320193,2024-03-15,2024-03-15,ok,ok,False,False,False,False,False,False,False,,,sec_edgar_submissions_api
450,AMZN,AMZN,0001018724,2024-03-15,2024-03-15,ok,ok,False,False,False,False,False,False,False,,,sec_edgar_submissions_api
451,GOOGL,GOOGL,0001652044,2024-03-15,2024-03-15,ok,ok,False,False,False,False,False,False,False,,,sec_edgar_submissions_api
452,AMZN,AMZN,0001018724,2024-10-30,2024-10-30,ok,ok,True,True,True,True,False,False,True,10-Q:2024-11-01;8-K:2024-10-31,10-Q:2024-11-01;8-K:2024-10-31,sec_edgar_submissions_api
453,GOOGL,GOOGL,0001652044,2024-10-30,2024-10-30,ok,ok,True,True,True,True,False,False,True,10-Q:2024-10-30;8-K:2024-10-29,10-Q:2024-10-30;8-K:2024-10-29,sec_edgar_submissions_api
454,GOOGL,GOOGL,0001652044,2024-10-30,2024-10-30,ok,ok,True,True,True,True,False,False,True,10-Q:2024-10-30;8-K:2024-10-29,10-Q:2024-10-30;8-K:2024-10-29,sec_edgar_submissions_api
455,AMD,AMD,0000002488,2025-09-25,2025-09-25,ok,ok,False,False,False,False,False,False,False,,,sec_edgar_submissions_api
456,SHOP,SHOP,0001594805,2024-05-13,2024-05-13,ok,ok,False,False,False,False,False,False,False,,,sec_edgar_submissions_api
457,SHOP,SHOP,0001594805,2024-05-13,2024-05-13,ok,ok,False,False,False,False,False,False,False,,,sec_edgar_submissions_api
458,SHOP,SHOP,0001594805,2024-05-13,2024-05-13,ok,ok,False,False,False,False,False,False,False,,,sec_edgar_submissions_api
459,NVDA,NVDA,0001045810,2024-03-09,2024-03-11,ok,ok,True,True,True,False,False,False,True,8-K:2024-03-14,8-K:2024-03-14,sec_edgar_submissions_api
460,NVDA,NVDA,0001045810,2024-03-09,2024-03-11,ok,ok,True,True,True,False,False,False,True,8-K:2024-03-14,8-K:2024-03-14,sec_edgar_submissions_api
461,TSLA,TSLA,0001318605,2024-03-09,2024-03-11,ok,ok,False,False,False,False,False,False,False,,,sec_edgar_submissions_api
462,GOOGL,GOOGL,0001652044,2024-03-09,2024-03-11,ok,ok,False,False,False,False,False,False,False,,,sec_edgar_submissions_api
463,AMZN,AMZN,0001018724,2024-10-05,2024-10-07,ok,ok,False,False,False,False,False,False,False,,,sec_edgar_submissions_api
464,PYPL,PYPL,0001633917,2024-10-05,2024-10-07,ok,ok,False,False,False,False,False,False,False,,,sec_edgar_submissions_api
465,PYPL,PYPL,0001633917,2024-10-05,2024-10-07,ok,ok,False,False,False,False,False,False,False,,,sec_edgar_submissions_api
466,NVDA,NVDA,0001045810,2025-11-15,2025-11-17,ok,ok,True,True,True,True,False,False,True,10-Q:2025-11-19;8-K:2025-11-19,10-Q:2025-11-19;8-K:2025-11-19,sec_edgar_submissions_api
467,META,META,0001326801,2025-11-07,2025-11-07,ok,ok,True,True,True,False,False,True,True,424B2:2025-11-03;8-K:2025-11-03,424B2:2025-11-03;8-K:2025-11-03,sec_edgar_submissions_api
468,SOFI,SOFI,0001818874,2025-11-07,2025-11-07,ok,ok,True,True,False,True,False,False,True,10-Q:2025-11-06,10-Q:2025-11-06;8-K:2025-11-13,sec_edgar_submissions_api
469,META,META,0001326801,2025-02-21,2025-02-21,ok,ok,True,True,True,False,False,False,True,8-K:2025-02-20,8-K:2025-02-20,sec_edgar_submissions_api
470,GOOGL,GOOGL,0001652044,2025-11-14,2025-11-14,ok,ok,False,False,False,False,False,False,False,,,sec_edgar_submissions_api
471,GOOGL,GOOGL,0001652044,2025-11-14,2025-11-14,ok,ok,False,False,False,False,False,False,False,,,sec_edgar_submissions_api
472,AMD,AMD,0000002488,2025-11-14,2025-11-14,ok,ok,False,False,False,False,False,False,False,,,sec_edgar_submissions_api
473,NVDA,NVDA,0001045810,2024-02-02,2024-02-02,ok,ok,False,False,False,False,False,False,False,,,sec_edgar_submissions_api
474,GOOGL,GOOGL,0001652044,2024-02-02,2024-02-02,ok,ok,True,True,True,False,True,False,True,10-K:2024-01-31;8-K:2024-01-30,10-K:2024-01-31;8-K:2024-01-30;8-K:2024-02-08,sec_edgar_submissions_api
475,NVDA,NVDA,0001045810,2025-10-03,2025-10-03,ok,ok,False,False,False,False,False,False,False,,,sec_edgar_submissions_api
476,NVDA,NVDA,0001045810,2025-10-03,2025-10-03,ok,ok,False,False,False,False,False,False,False,,,sec_edgar_submissions_api
477,NVDA,NVDA,0001045810,2024-09-04,2024-09-04,ok,ok,False,True,False,False,False,False,True,,10-Q:2024-08-28;8-K:2024-08-28,sec_edgar_submissions_api
478,NVDA,NVDA,0001045810,2024-09-04,2024-09-04,ok,ok,False,True,False,False,False,False,True,,10-Q:2024-08-28;8-K:2024-08-28,sec_edgar_submissions_api
479,AAPL,AAPL,0000320193,2024-09-04,2024-09-04,ok,ok,False,True,False,False,False,False,True,,8-K:2024-09-10,sec_edgar_submissions_api
480,NVDA,NVDA,0001045810,2024-01-30,2024-01-30,ok,ok,False,False,False,False,False,False,False,,,sec_edgar_submissions_api
481,PYPL,PYPL,0001633917,2025-09-13,2025-09-15,ok,ok,False,False,False,False,False,False,False,,,sec_edgar_submissions_api
482,PYPL,PYPL,0001633917,2025-09-12,2025-09-12,ok,ok,False,False,False,False,False,False,False,,,sec_edgar_submissions_api
483,NVDA,NVDA,0001045810,2025-11-19,2025-11-19,ok,ok,True,True,True,True,False,False,True,10-Q:2025-11-19;8-K:2025-11-19,10-Q:2025-11-19;8-K:2025-11-19,sec_edgar_submissions_api
484,NVDA,NVDA,0001045810,2025-11-19,2025-11-19,ok,ok,True,True,True,True,False,False,True,10-Q:2025-11-19;8-K:2025-11-19,10-Q:2025-11-19;8-K:2025-11-19,sec_edgar_submissions_api
485,NVDA,NVDA,0001045810,2024-08-09,2024-08-09,ok,ok,False,False,False,False,False,False,False,,,sec_edgar_submissions_api
486,AAPL,AAPL,0000320193,2024-08-09,2024-08-09,ok,ok,False,True,False,False,False,False,True,,10-Q:2024-08-02,sec_edgar_submissions_api
487,PYPL,PYPL,0001633917,2025-11-26,2025-11-26,ok,ok,False,False,False,False,False,False,False,,,sec_edgar_submissions_api
488,TSLA,TSLA,0001318605,2025-11-26,2025-11-26,ok,ok,False,False,False,False,False,False,False,,,sec_edgar_submissions_api
489,GOOGL,GOOGL,0001652044,2024-07-23,2024-07-23,ok,ok,True,True,True,True,False,False,True,10-Q:2024-07-24;8-K:2024-07-23,10-Q:2024-07-24;8-K:2024-07-23,sec_edgar_submissions_api
490,GOOGL,GOOGL,0001652044,2024-07-23,2024-07-23,ok,ok,True,True,True,True,False,False,True,10-Q:2024-07-24;8-K:2024-07-23,10-Q:2024-07-24;8-K:2024-07-23,sec_edgar_submissions_api
491,GOOGL,GOOGL,0001652044,2024-07-23,2024-07-23,ok,ok,True,True,True,True,False,False,True,10-Q:2024-07-24;8-K:2024-07-23,10-Q:2024-07-24;8-K:2024-07-23,sec_edgar_submissions_api
492,AMZN,AMZN,0001018724,2024-07-23,2024-07-23,ok,ok,False,False,False,False,False,False,False,,,sec_edgar_submissions_api
493,GOOGL,GOOGL,0001652044,2024-04-24,2024-04-24,ok,ok,True,True,True,True,False,False,True,10-Q:2024-04-26;8-K:2024-04-25,10-Q:2024-04-26;8-K:2024-04-25,sec_edgar_submissions_api
494,AMZN,AMZN,0001018724,2024-04-30,2024-04-30,ok,ok,True,True,True,True,False,False,True,10-Q:2024-05-01;8-K:2024-04-30;8-K:2024-05-03,10-Q:2024-05-01;8-K:2024-04-30;8-K:2024-05-03,sec_edgar_submissions_api
495,UBER,UBER,0001543151,2024-12-12,2024-12-12,ok,ok,False,False,False,False,False,False,False,,,sec_edgar_submissions_api
496,GOOGL,GOOGL,0001652044,2024-07-18,2024-07-18,ok,ok,True,True,True,False,False,False,True,8-K:2024-07-23,10-Q:2024-07-24;8-K:2024-07-23,sec_edgar_submissions_api
497,GOOGL,GOOGL,0001652044,2024-07-18,2024-07-18,ok,ok,True,True,True,False,False,False,True,8-K:2024-07-23,10-Q:2024-07-24;8-K:2024-07-23,sec_edgar_submissions_api
498,GOOGL,GOOGL,0001652044,2024-07-18,2024-07-18,ok,ok,True,True,True,False,False,False,True,8-K:2024-07-23,10-Q:2024-07-24;8-K:2024-07-23,sec_edgar_submissions_api
499,AMD,AMD,0000002488,2024-04-30,2024-04-30,ok,ok,True,True,True,True,False,False,True,10-Q:2024-05-01;8-K:2024-04-30,10-Q:2024-05-01;8-K:2024-04-30,sec_edgar_submissions_api
500,CRM,CRM,0001108524,2024-12-28,2024-12-30,ok,ok,False,False,False,False,False,False,False,,,sec_edgar_submissions_api
501,AMD,AMD,0000002488,2024-12-28,2024-12-30,ok,ok,False,False,False,False,False,False,False,,,sec_edgar_submissions_api
502,AAPL,AAPL,0000320193,2025-01-07,2025-01-07,ok,ok,True,True,True,False,False,False,True,8-K:2025-01-03,8-K:2025-01-03,sec_edgar_submissions_api
503,NVDA,NVDA,0001045810,2025-11-19,2025-11-19,ok,ok,True,True,True,True,False,False,True,10-Q:2025-11-19;8-K:2025-11-19,10-Q:2025-11-19;8-K:2025-11-19,sec_edgar_submissions_api
504,TSLA,TSLA,0001318605,2024-07-24,2024-07-24,ok,ok,True,True,True,True,False,False,True,10-Q:2024-07-24;8-K:2024-07-23,10-Q:2024-07-24;8-K:2024-07-23,sec_edgar_submissions_api
505,TSLA,TSLA,0001318605,2024-04-24,2024-04-24,ok,ok,True,True,True,True,False,False,True,10-Q:2024-04-24;8-K:2024-04-23,10-Q:2024-04-24;8-K:2024-04-23,sec_edgar_submissions_api
506,GOOGL,GOOGL,0001652044,2025-11-25,2025-11-25,ok,ok,False,False,False,False,False,False,False,,,sec_edgar_submissions_api
507,GOOGL,GOOGL,0001652044,2025-11-25,2025-11-25,ok,ok,False,False,False,False,False,False,False,,,sec_edgar_submissions_api
508,NVDA,NVDA,0001045810,2025-11-25,2025-11-25,ok,ok,False,True,False,False,False,False,True,,10-Q:2025-11-19;8-K:2025-11-19,sec_edgar_submissions_api
509,AMD,AMD,0000002488,2025-11-25,2025-11-25,ok,ok,False,False,False,False,False,False,False,,,sec_edgar_submissions_api
510,AMD,AMD,0000002488,2025-11-25,2025-11-25,ok,ok,False,False,False,False,False,False,False,,,sec_edgar_submissions_api
511,PYPL,PYPL,0001633917,2025-11-25,2025-11-25,ok,ok,False,False,False,False,False,False,False,,,sec_edgar_submissions_api
512,MSFT,MSFT,0000789019,2025-11-25,2025-11-25,ok,ok,False,False,False,False,False,False,False,,,sec_edgar_submissions_api
513,META,META,0001326801,2025-11-25,2025-11-25,ok,ok,False,False,False,False,False,False,False,,,sec_edgar_submissions_api
514,META,META,0001326801,2025-11-25,2025-11-25,ok,ok,False,False,False,False,False,False,False,,,sec_edgar_submissions_api
515,MSFT,MSFT,0000789019,2025-06-18,2025-06-18,ok,ok,False,False,False,False,False,False,False,,,sec_edgar_submissions_api
516,TSLA,TSLA,0001318605,2024-11-06,2024-11-06,ok,ok,False,False,False,False,False,False,False,,,sec_edgar_submissions_api
517,GOOGL,GOOGL,0001652044,2025-11-18,2025-11-18,ok,ok,False,False,False,False,False,False,False,,,sec_edgar_submissions_api
518,PYPL,PYPL,0001633917,2025-11-18,2025-11-18,ok,ok,True,True,True,False,False,False,True,8-K:2025-11-14;8-K:2025-11-17,8-K:2025-11-14;8-K:2025-11-17,sec_edgar_submissions_api
519,PYPL,PYPL,0001633917,2025-11-18,2025-11-18,ok,ok,True,True,True,False,False,False,True,8-K:2025-11-14;8-K:2025-11-17,8-K:2025-11-14;8-K:2025-11-17,sec_edgar_submissions_api
520,PYPL,PYPL,0001633917,2025-11-18,2025-11-18,ok,ok,True,True,True,False,False,False,True,8-K:2025-11-14;8-K:2025-11-17,8-K:2025-11-14;8-K:2025-11-17,sec_edgar_submissions_api
521,META,META,0001326801,2025-11-18,2025-11-18,ok,ok,False,False,False,False,False,False,False,,,sec_edgar_submissions_api
522,PYPL,PYPL,0001633917,2024-04-30,2024-04-30,ok,ok,True,True,True,True,False,False,True,10-Q:2024-04-30;8-K:2024-04-30,10-Q:2024-04-30;8-K:2024-04-30,sec_edgar_submissions_api
523,TSLA,TSLA,0001318605,2025-04-25,2025-04-25,ok,ok,True,True,True,True,True,False,True,10-K/A:2025-04-30;10-Q:2025-04-23;8-K:2025-04-22,10-K/A:2025-04-30;10-Q:2025-04-23;8-K:2025-04-22,sec_edgar_submissions_api
524,TSLA,TSLA,0001318605,2025-10-22,2025-10-22,ok,ok,True,True,True,True,False,False,True,10-Q:2025-10-23;8-K:2025-10-22,10-Q:2025-10-23;8-K:2025-10-22,sec_edgar_submissions_api
525,TSLA,TSLA,0001318605,2025-10-22,2025-10-22,ok,ok,True,True,True,True,False,False,True,10-Q:2025-10-23;8-K:2025-10-22,10-Q:2025-10-23;8-K:2025-10-22,sec_edgar_submissions_api
526,TSLA,TSLA,0001318605,2025-10-22,2025-10-22,ok,ok,True,True,True,True,False,False,True,10-Q:2025-10-23;8-K:2025-10-22,10-Q:2025-10-23;8-K:2025-10-22,sec_edgar_submissions_api
527,TSLA,TSLA,0001318605,2025-10-22,2025-10-22,ok,ok,True,True,True,True,False,False,True,10-Q:2025-10-23;8-K:2025-10-22,10-Q:2025-10-23;8-K:2025-10-22,sec_edgar_submissions_api
528,TSLA,TSLA,0001318605,2025-10-22,2025-10-22,ok,ok,True,True,True,True,False,False,True,10-Q:2025-10-23;8-K:2025-10-22,10-Q:2025-10-23;8-K:2025-10-22,sec_edgar_submissions_api
529,TSLA,TSLA,0001318605,2025-10-22,2025-10-22,ok,ok,True,True,True,True,False,False,True,10-Q:2025-10-23;8-K:2025-10-22,10-Q:2025-10-23;8-K:2025-10-22,sec_edgar_submissions_api
530,TSLA,TSLA,0001318605,2025-10-22,2025-10-22,ok,ok,True,True,True,True,False,False,True,10-Q:2025-10-23;8-K:2025-10-22,10-Q:2025-10-23;8-K:2025-10-22,sec_edgar_submissions_api
531,TSLA,TSLA,0001318605,2025-10-22,2025-10-22,ok,ok,True,True,True,True,False,False,True,10-Q:2025-10-23;8-K:2025-10-22,10-Q:2025-10-23;8-K:2025-10-22,sec_edgar_submissions_api
532,NVDA,NVDA,0001045810,2025-10-22,2025-10-22,ok,ok,False,False,False,False,False,False,False,,,sec_edgar_submissions_api
533,AMZN,AMZN,0001018724,2025-10-22,2025-10-22,ok,ok,False,False,False,False,False,False,False,,,sec_edgar_submissions_api
534,NFLX,NFLX,0001065280,2026-03-29,2026-03-30,ok,ok,False,False,False,False,False,False,False,,,sec_edgar_submissions_api
535,NFLX,NFLX,0001065280,2026-03-29,2026-03-30,ok,ok,False,False,False,False,False,False,False,,,sec_edgar_submissions_api
536,NVDA,NVDA,0001045810,2024-12-14,2024-12-16,ok,ok,False,False,False,False,False,False,False,,,sec_edgar_submissions_api
537,AMD,AMD,0000002488,2024-12-14,2024-12-16,ok,ok,False,False,False,False,False,False,False,,,sec_edgar_submissions_api
538,AMD,AMD,0000002488,2024-12-14,2024-12-16,ok,ok,False,False,False,False,False,False,False,,,sec_edgar_submissions_api
539,AMZN,AMZN,0001018724,2024-12-14,2024-12-16,ok,ok,False,False,False,False,False,False,False,,,sec_edgar_submissions_api
540,UBER,UBER,0001543151,2024-12-14,2024-12-16,ok,ok,False,False,False,False,False,False,False,,,sec_edgar_submissions_api
541,GOOGL,GOOGL,0001652044,2024-12-14,2024-12-16,ok,ok,False,False,False,False,False,False,False,,,sec_edgar_submissions_api
542,GOOGL,GOOGL,0001652044,2024-12-14,2024-12-16,ok,ok,False,False,False,False,False,False,False,,,sec_edgar_submissions_api
543,SQ,SQ,0001512673,2024-12-14,,ok,ok,False,False,False,False,False,False,False,,,sec_edgar_submissions_api
544,MSFT,MSFT,0000789019,2024-04-13,2024-04-15,ok,ok,False,False,False,False,False,False,False,,,sec_edgar_submissions_api
545,MSFT,MSFT,0000789019,2024-04-13,2024-04-15,ok,ok,False,False,False,False,False,False,False,,,sec_edgar_submissions_api
546,AMZN,AMZN,0001018724,2024-04-13,2024-04-15,ok,ok,True,True,True,False,False,False,True,8-K:2024-04-11,8-K:2024-04-11,sec_edgar_submissions_api
547,TSLA,TSLA,0001318605,2024-04-13,2024-04-15,ok,ok,True,True,True,False,False,False,True,8-K:2024-04-16,8-K:2024-04-16,sec_edgar_submissions_api
548,NFLX,NFLX,0001065280,2024-04-13,2024-04-15,ok,ok,True,True,True,False,False,False,True,8-K:2024-04-18,10-Q:2024-04-22;8-K:2024-04-18,sec_edgar_submissions_api
549,NVDA,NVDA,0001045810,2024-11-23,2024-11-25,ok,ok,True,True,True,True,False,False,True,10-Q:2024-11-20;8-K:2024-11-20,10-Q:2024-11-20;8-K:2024-11-20,sec_edgar_submissions_api
550,MSFT,MSFT,0000789019,2024-11-23,2024-11-25,ok,ok,False,True,False,False,False,False,True,,8-K:2024-12-03,sec_edgar_submissions_api
551,MSFT,MSFT,0000789019,2024-11-23,2024-11-25,ok,ok,False,True,False,False,False,False,True,,8-K:2024-12-03,sec_edgar_submissions_api
552,AAPL,AAPL,0000320193,2024-11-23,2024-11-25,ok,ok,False,False,False,False,False,False,False,,,sec_edgar_submissions_api
553,AAPL,AAPL,0000320193,2024-11-23,2024-11-25,ok,ok,False,False,False,False,False,False,False,,,sec_edgar_submissions_api
554,UBER,UBER,0001543151,2024-11-16,2024-11-18,ok,ok,False,False,False,False,False,False,False,,,sec_edgar_submissions_api
555,AMD,AMD,0000002488,2025-11-04,2025-11-04,ok,ok,True,True,True,True,False,False,True,10-Q:2025-11-05;8-K:2025-11-04,10-Q:2025-11-05;8-K:2025-11-04,sec_edgar_submissions_api
556,AMD,AMD,0000002488,2025-11-04,2025-11-04,ok,ok,True,True,True,True,False,False,True,10-Q:2025-11-05;8-K:2025-11-04,10-Q:2025-11-05;8-K:2025-11-04,sec_edgar_submissions_api
557,AMD,AMD,0000002488,2025-11-04,2025-11-04,ok,ok,True,True,True,True,False,False,True,10-Q:2025-11-05;8-K:2025-11-04,10-Q:2025-11-05;8-K:2025-11-04,sec_edgar_submissions_api
558,AMD,AMD,0000002488,2025-11-04,2025-11-04,ok,ok,True,True,True,True,False,False,True,10-Q:2025-11-05;8-K:2025-11-04,10-Q:2025-11-05;8-K:2025-11-04,sec_edgar_submissions_api
559,PLTR,PLTR,0001321655,2025-11-04,2025-11-04,ok,ok,True,True,True,True,False,False,True,10-Q:2025-11-04;8-K:2025-11-03,10-Q:2025-11-04;8-K:2025-11-03,sec_edgar_submissions_api
560,NVDA,NVDA,0001045810,2025-11-04,2025-11-04,ok,ok,False,False,False,False,False,False,False,,,sec_edgar_submissions_api
561,NVDA,NVDA,0001045810,2025-11-04,2025-11-04,ok,ok,False,False,False,False,False,False,False,,,sec_edgar_submissions_api
562,PLTR,PLTR,0001321655,2025-11-04,2025-11-04,ok,ok,True,True,True,True,False,False,True,10-Q:2025-11-04;8-K:2025-11-03,10-Q:2025-11-04;8-K:2025-11-03,sec_edgar_submissions_api
563,PLTR,PLTR,0001321655,2025-11-04,2025-11-04,ok,ok,True,True,True,True,False,False,True,10-Q:2025-11-04;8-K:2025-11-03,10-Q:2025-11-04;8-K:2025-11-03,sec_edgar_submissions_api
564,PLTR,PLTR,0001321655,2025-11-04,2025-11-04,ok,ok,True,True,True,True,False,False,True,10-Q:2025-11-04;8-K:2025-11-03,10-Q:2025-11-04;8-K:2025-11-03,sec_edgar_submissions_api
565,META,META,0001326801,2025-11-04,2025-11-04,ok,ok,True,True,True,True,False,True,True,10-Q:2025-10-30;424B2:2025-10-30;424B2:2025-11-03;8-K:2025-11-03,10-Q:2025-10-30;424B2:2025-10-30;424B2:2025-11-03;8-K:2025-10-29;8-K:2025-11-03,sec_edgar_submissions_api
566,GOOGL,GOOGL,0001652044,2025-11-04,2025-11-04,ok,ok,True,True,True,True,False,True,True,10-Q:2025-10-30;424B2:2025-11-05;424B2:2025-11-05;424B5:2025-11-03;424B5:2025-11-03;8-K:2025-11-06,10-Q:2025-10-30;424B2:2025-11-05;424B2:2025-11-05;424B5:2025-11-03;424B5:2025-11-03;8-K:2025-10-29;8-K:2025-11-06,sec_edgar_submissions_api
567,NVDA,NVDA,0001045810,2024-04-19,2024-04-19,ok,ok,False,False,False,False,False,False,False,,,sec_edgar_submissions_api
568,AMZN,AMZN,0001018724,2024-07-11,2024-07-11,ok,ok,False,False,False,False,False,False,False,,,sec_edgar_submissions_api
569,SOFI,SOFI,0001818874,2025-12-16,2025-12-16,ok,ok,False,False,False,False,False,False,False,,,sec_edgar_submissions_api
570,NVDA,NVDA,0001045810,2024-06-12,2024-06-12,ok,ok,True,True,True,False,False,False,True,8-K:2024-06-07,8-K:2024-06-07,sec_edgar_submissions_api
571,CRM,CRM,0001108524,2025-03-01,2025-03-03,ok,ok,True,True,True,False,True,False,True,10-K:2025-03-05;8-K:2025-02-26,10-K:2025-03-05;8-K:2025-02-26,sec_edgar_submissions_api
572,AMZN,AMZN,0001018724,2025-03-01,2025-03-03,ok,ok,False,False,False,False,False,False,False,,,sec_edgar_submissions_api
573,AMZN,AMZN,0001018724,2025-03-01,2025-03-03,ok,ok,False,False,False,False,False,False,False,,,sec_edgar_submissions_api
574,AMZN,AMZN,0001018724,2025-03-01,2025-03-03,ok,ok,False,False,False,False,False,False,False,,,sec_edgar_submissions_api
575,NVDA,NVDA,0001045810,2025-03-01,2025-03-03,ok,ok,True,True,True,False,True,False,True,10-K:2025-02-26;8-K:2025-02-26,10-K:2025-02-26;8-K:2025-02-26;8-K:2025-03-07,sec_edgar_submissions_api
576,PYPL,PYPL,0001633917,2025-03-01,2025-03-03,ok,ok,True,True,True,False,False,True,True,424B2:2025-03-03;424B2:2025-03-05;8-K:2025-02-25;8-K:2025-03-06,424B2:2025-03-03;424B2:2025-03-05;8-K:2025-02-25;8-K:2025-03-06;8-K:2025-03-10,sec_edgar_submissions_api
577,NVDA,NVDA,0001045810,2025-01-30,2025-01-30,ok,ok,False,False,False,False,False,False,False,,,sec_edgar_submissions_api
578,AMZN,AMZN,0001018724,2025-02-04,2025-02-04,ok,ok,True,True,True,False,True,False,True,10-K:2025-02-07;8-K:2025-02-06,10-K:2025-02-07;8-K:2025-02-06,sec_edgar_submissions_api
579,NFLX,NFLX,0001065280,2025-12-15,2025-12-15,ok,ok,False,True,False,False,False,False,True,,8-K:2025-12-22,sec_edgar_submissions_api
580,TSLA,TSLA,0001318605,2025-12-15,2025-12-15,ok,ok,False,False,False,False,False,False,False,,,sec_edgar_submissions_api
581,NVDA,NVDA,0001045810,2025-11-19,2025-11-19,ok,ok,True,True,True,True,False,False,True,10-Q:2025-11-19;8-K:2025-11-19,10-Q:2025-11-19;8-K:2025-11-19,sec_edgar_submissions_api
582,NVDA,NVDA,0001045810,2025-11-19,2025-11-19,ok,ok,True,True,True,True,False,False,True,10-Q:2025-11-19;8-K:2025-11-19,10-Q:2025-11-19;8-K:2025-11-19,sec_edgar_submissions_api
583,NVDA,NVDA,0001045810,2025-11-19,2025-11-19,ok,ok,True,True,True,True,False,False,True,10-Q:2025-11-19;8-K:2025-11-19,10-Q:2025-11-19;8-K:2025-11-19,sec_edgar_submissions_api
584,AAPL,AAPL,0000320193,2025-09-08,2025-09-08,ok,ok,False,False,False,False,False,False,False,,,sec_edgar_submissions_api
585,AMZN,AMZN,0001018724,2026-04-03,2026-04-06,ok,ok,False,True,False,False,False,False,True,,8-K:2026-04-09,sec_edgar_submissions_api
586,UBER,UBER,0001543151,2026-04-03,2026-04-06,ok,ok,False,False,False,False,False,False,False,,,sec_edgar_submissions_api
587,PYPL,PYPL,0001633917,2025-12-11,2025-12-11,ok,ok,False,False,False,False,False,False,False,,,sec_edgar_submissions_api
588,PYPL,PYPL,0001633917,2025-12-11,2025-12-11,ok,ok,False,False,False,False,False,False,False,,,sec_edgar_submissions_api
589,UBER,UBER,0001543151,2025-12-11,2025-12-11,ok,ok,False,False,False,False,False,False,False,,,sec_edgar_submissions_api
590,AAPL,AAPL,0000320193,2025-06-19,2025-06-20,ok,ok,False,False,False,False,False,False,False,,,sec_edgar_submissions_api
591,NVDA,NVDA,0001045810,2024-06-28,2024-06-28,ok,ok,True,True,True,False,False,False,True,8-K:2024-07-02,8-K:2024-07-02,sec_edgar_submissions_api
592,NVDA,NVDA,0001045810,2024-06-28,2024-06-28,ok,ok,True,True,True,False,False,False,True,8-K:2024-07-02,8-K:2024-07-02,sec_edgar_submissions_api
593,TSLA,TSLA,0001318605,2024-06-28,2024-06-28,ok,ok,True,True,True,False,False,False,True,8-K:2024-07-02,8-K:2024-07-02,sec_edgar_submissions_api
594,TSLA,TSLA,0001318605,2024-06-28,2024-06-28,ok,ok,True,True,True,False,False,False,True,8-K:2024-07-02,8-K:2024-07-02,sec_edgar_submissions_api
595,NVDA,NVDA,0001045810,2024-05-22,2024-05-22,ok,ok,True,True,True,False,False,False,True,8-K:2024-05-22,10-Q:2024-05-29;8-K:2024-05-22,sec_edgar_submissions_api
596,NVDA,NVDA,0001045810,2024-05-22,2024-05-22,ok,ok,True,True,True,False,False,False,True,8-K:2024-05-22,10-Q:2024-05-29;8-K:2024-05-22,sec_edgar_submissions_api
597,NVDA,NVDA,0001045810,2024-05-22,2024-05-22,ok,ok,True,True,True,False,False,False,True,8-K:2024-05-22,10-Q:2024-05-29;8-K:2024-05-22,sec_edgar_submissions_api
598,NVDA,NVDA,0001045810,2024-05-22,2024-05-22,ok,ok,True,True,True,False,False,False,True,8-K:2024-05-22,10-Q:2024-05-29;8-K:2024-05-22,sec_edgar_submissions_api
599,AAPL,AAPL,0000320193,2024-05-22,2024-05-22,ok,ok,False,False,False,False,False,False,False,,,sec_edgar_submissions_api
600,AMZN,AMZN,0001018724,2025-02-15,2025-02-18,ok,ok,False,False,False,False,False,False,False,,,sec_edgar_submissions_api
601,AMZN,AMZN,0001018724,2024-05-31,2024-05-31,ok,ok,False,True,False,False,False,False,True,,8-K:2024-05-24,sec_edgar_submissions_api
602,NVDA,NVDA,0001045810,2024-05-31,2024-05-31,ok,ok,True,True,False,True,False,False,True,10-Q:2024-05-29,10-Q:2024-05-29;8-K:2024-06-07,sec_edgar_submissions_api
603,GOOGL,GOOGL,0001652044,2024-05-31,2024-05-31,ok,ok,True,True,True,False,False,False,True,8-K:2024-06-05,8-K:2024-06-05;8-K:2024-06-07,sec_edgar_submissions_api
604,MSFT,MSFT,0000789019,2024-05-31,2024-05-31,ok,ok,False,False,False,False,False,False,False,,,sec_edgar_submissions_api
605,TSLA,TSLA,0001318605,2024-05-31,2024-05-31,ok,ok,False,False,False,False,False,False,False,,,sec_edgar_submissions_api
606,NFLX,NFLX,0001065280,2024-05-17,2024-05-17,ok,ok,False,False,False,False,False,False,False,,,sec_edgar_submissions_api
607,AAPL,AAPL,0000320193,2024-05-17,2024-05-17,ok,ok,False,False,False,False,False,False,False,,,sec_edgar_submissions_api
608,GOOGL,GOOGL,0001652044,2024-05-17,2024-05-17,ok,ok,False,False,False,False,False,False,False,,,sec_edgar_submissions_api
609,TSLA,TSLA,0001318605,2024-05-17,2024-05-17,ok,ok,False,False,False,False,False,False,False,,,sec_edgar_submissions_api
610,TSLA,TSLA,0001318605,2024-05-17,2024-05-17,ok,ok,False,False,False,False,False,False,False,,,sec_edgar_submissions_api
611,NVDA,NVDA,0001045810,2024-06-27,2024-06-27,ok,ok,True,True,True,False,False,False,True,8-K:2024-07-02,8-K:2024-07-02,sec_edgar_submissions_api
612,SOFI,SOFI,0001818874,2025-12-04,2025-12-04,ok,ok,True,True,True,False,False,True,True,424B3:2025-12-05;8-K:2025-12-04;8-K:2025-12-05;8-K:2025-12-08,424B3:2025-12-05;8-K:2025-12-04;8-K:2025-12-05;8-K:2025-12-08,sec_edgar_submissions_api
613,AMD,AMD,0000002488,2025-02-01,2025-02-03,ok,ok,True,True,True,False,True,False,True,10-K:2025-02-05;8-K:2025-02-04,10-K:2025-02-05;8-K:2025-02-04,sec_edgar_submissions_api
614,AAPL,AAPL,0000320193,2025-12-10,2025-12-10,ok,ok,True,True,True,False,False,False,True,8-K:2025-12-05,8-K:2025-12-05,sec_edgar_submissions_api
615,NFLX,NFLX,0001065280,2025-12-10,2025-12-10,ok,ok,True,True,True,False,False,False,True,8-K/A:2025-12-05;8-K:2025-12-05,8-K/A:2025-12-05;8-K:2025-12-05,sec_edgar_submissions_api
616,GOOGL,GOOGL,0001652044,2024-07-05,2024-07-05,ok,ok,False,False,False,False,False,False,False,,,sec_edgar_submissions_api
617,MSFT,MSFT,0000789019,2024-07-05,2024-07-05,ok,ok,False,False,False,False,False,False,False,,,sec_edgar_submissions_api
618,NFLX,NFLX,0001065280,2025-12-08,2025-12-08,ok,ok,True,True,True,False,False,False,True,8-K/A:2025-12-05;8-K:2025-12-05,8-K/A:2025-12-05;8-K:2025-12-05,sec_edgar_submissions_api
619,NFLX,NFLX,0001065280,2025-12-05,2025-12-05,ok,ok,True,True,True,False,False,False,True,8-K/A:2025-12-05;8-K:2025-12-05,8-K/A:2025-12-05;8-K:2025-12-05,sec_edgar_submissions_api
620,NFLX,NFLX,0001065280,2025-12-05,2025-12-05,ok,ok,True,True,True,False,False,False,True,8-K/A:2025-12-05;8-K:2025-12-05,8-K/A:2025-12-05;8-K:2025-12-05,sec_edgar_submissions_api
621,PYPL,PYPL,0001633917,2025-12-05,2025-12-05,ok,ok,False,False,False,False,False,False,False,,,sec_edgar_submissions_api
622,SOFI,SOFI,0001818874,2025-12-05,2025-12-05,ok,ok,True,True,True,False,False,True,True,424B3:2025-12-05;8-K:2025-12-04;8-K:2025-12-05;8-K:2025-12-08,424B3:2025-12-05;8-K:2025-12-04;8-K:2025-12-05;8-K:2025-12-08,sec_edgar_submissions_api
623,AMD,AMD,0000002488,2025-02-11,2025-02-11,ok,ok,False,True,False,False,False,False,True,,10-K:2025-02-05;8-K:2025-02-04,sec_edgar_submissions_api
624,NVDA,NVDA,0001045810,2025-12-10,2025-12-10,ok,ok,False,False,False,False,False,False,False,,,sec_edgar_submissions_api
625,NVDA,NVDA,0001045810,2025-12-10,2025-12-10,ok,ok,False,False,False,False,False,False,False,,,sec_edgar_submissions_api
626,AMD,AMD,0000002488,2025-12-10,2025-12-10,ok,ok,True,True,True,False,False,False,True,8-K:2025-12-15,8-K:2025-12-15,sec_edgar_submissions_api
627,AMD,AMD,0000002488,2025-12-10,2025-12-10,ok,ok,True,True,True,False,False,False,True,8-K:2025-12-15,8-K:2025-12-15,sec_edgar_submissions_api
628,UBER,UBER,0001543151,2025-12-12,2025-12-12,ok,ok,False,False,False,False,False,False,False,,,sec_edgar_submissions_api
629,PYPL,PYPL,0001633917,2025-12-12,2025-12-12,ok,ok,False,False,False,False,False,False,False,,,sec_edgar_submissions_api
630,AMZN,AMZN,0001018724,2025-12-12,2025-12-12,ok,ok,False,False,False,False,False,False,False,,,sec_edgar_submissions_api
631,AAPL,AAPL,0000320193,2024-06-21,2024-06-21,ok,ok,False,False,False,False,False,False,False,,,sec_edgar_submissions_api
632,MSFT,MSFT,0000789019,2025-07-21,2025-07-21,ok,ok,False,False,False,False,False,False,False,,,sec_edgar_submissions_api
633,GOOGL,GOOGL,0001652044,2025-07-23,2025-07-23,ok,ok,True,True,True,True,False,False,True,10-Q:2025-07-24;8-K:2025-07-18;8-K:2025-07-23,10-Q:2025-07-24;8-K:2025-07-18;8-K:2025-07-23,sec_edgar_submissions_api
634,GOOGL,GOOGL,0001652044,2025-06-15,2025-06-16,ok,ok,True,True,True,False,False,False,True,8-K:2025-06-12,8-K:2025-06-12,sec_edgar_submissions_api
635,PYPL,PYPL,0001633917,2024-08-29,2024-08-29,ok,ok,False,False,False,False,False,False,False,,,sec_edgar_submissions_api
636,GOOGL,GOOGL,0001652044,2024-09-06,2024-09-06,ok,ok,False,False,False,False,False,False,False,,,sec_edgar_submissions_api
637,GOOGL,GOOGL,0001652044,2024-09-06,2024-09-06,ok,ok,False,False,False,False,False,False,False,,,sec_edgar_submissions_api
638,PYPL,PYPL,0001633917,2025-12-18,2025-12-18,ok,ok,False,False,False,False,False,False,False,,,sec_edgar_submissions_api
639,NFLX,NFLX,0001065280,2025-12-18,2025-12-18,ok,ok,True,True,True,False,False,False,True,8-K:2025-12-22,8-K:2025-12-22,sec_edgar_submissions_api
640,NVDA,NVDA,0001045810,2026-01-27,2026-01-27,ok,ok,True,True,True,False,False,False,True,8-K:2026-01-23,8-K:2026-01-23,sec_edgar_submissions_api
641,NVDA,NVDA,0001045810,2026-01-27,2026-01-27,ok,ok,True,True,True,False,False,False,True,8-K:2026-01-23,8-K:2026-01-23,sec_edgar_submissions_api
642,AMD,AMD,0000002488,2026-01-27,2026-01-27,ok,ok,False,True,False,False,False,False,True,,8-K:2026-01-20;8-K:2026-02-03,sec_edgar_submissions_api
643,GOOGL,GOOGL,0001652044,2026-01-27,2026-01-27,ok,ok,False,False,False,False,False,False,False,,,sec_edgar_submissions_api
644,AMZN,AMZN,0001018724,2026-01-27,2026-01-27,ok,ok,False,False,False,False,False,False,False,,,sec_edgar_submissions_api
645,MSFT,MSFT,0000789019,2025-03-29,2025-03-31,ok,ok,False,False,False,False,False,False,False,,,sec_edgar_submissions_api
646,GOOGL,GOOGL,0001652044,2025-05-17,2025-05-19,ok,ok,False,False,False,False,False,False,False,,,sec_edgar_submissions_api
647,AMD,AMD,0000002488,2025-05-17,2025-05-19,ok,ok,True,True,True,False,False,False,True,8-K:2025-05-16;8-K:2025-05-19,8-K:2025-05-16;8-K:2025-05-19,sec_edgar_submissions_api
648,AMD,AMD,0000002488,2024-08-02,2024-08-02,ok,ok,True,True,True,True,False,False,True,10-Q:2024-07-31;8-K:2024-07-30,10-Q:2024-07-31;8-K:2024-07-30,sec_edgar_submissions_api
649,MSFT,MSFT,0000789019,2024-08-02,2024-08-02,ok,ok,True,True,True,False,True,False,True,10-K:2024-07-30;8-K:2024-07-30,10-K:2024-07-30;8-K:2024-07-30,sec_edgar_submissions_api
650,TSLA,TSLA,0001318605,2024-08-02,2024-08-02,ok,ok,False,False,False,False,False,False,False,,,sec_edgar_submissions_api
651,SOFI,SOFI,0001818874,2025-04-29,2025-04-29,ok,ok,True,True,True,False,False,False,True,8-K:2025-04-29,10-Q:2025-05-06;8-K:2025-04-29,sec_edgar_submissions_api
652,NVDA,NVDA,0001045810,2026-01-26,2026-01-26,ok,ok,True,True,True,False,False,False,True,8-K:2026-01-23,8-K:2026-01-23,sec_edgar_submissions_api
653,AAPL,AAPL,0000320193,2026-01-26,2026-01-26,ok,ok,True,True,True,True,False,False,True,10-Q:2026-01-30;8-K:2026-01-29,10-Q:2026-01-30;8-K:2026-01-29,sec_edgar_submissions_api
654,META,META,0001326801,2026-01-26,2026-01-26,ok,ok,True,True,True,False,True,False,True,10-K:2026-01-29;8-K:2026-01-28,10-K:2026-01-29;8-K:2026-01-16;8-K:2026-01-28,sec_edgar_submissions_api
655,AMZN,AMZN,0001018724,2025-03-05,2025-03-05,ok,ok,False,False,False,False,False,False,False,,,sec_edgar_submissions_api
656,AMD,AMD,0000002488,2026-01-20,2026-01-20,ok,ok,True,True,True,False,False,False,True,8-K:2026-01-20,8-K:2026-01-20,sec_edgar_submissions_api
657,GOOGL,GOOGL,0001652044,2024-07-23,2024-07-23,ok,ok,True,True,True,True,False,False,True,10-Q:2024-07-24;8-K:2024-07-23,10-Q:2024-07-24;8-K:2024-07-23,sec_edgar_submissions_api
658,PYPL,PYPL,0001633917,2025-12-22,2025-12-22,ok,ok,False,False,False,False,False,False,False,,,sec_edgar_submissions_api
659,TSLA,TSLA,0001318605,2025-12-22,2025-12-22,ok,ok,False,False,False,False,False,False,False,,,sec_edgar_submissions_api
660,AMD,AMD,0000002488,2026-01-23,2026-01-23,ok,ok,True,True,True,False,False,False,True,8-K:2026-01-20,8-K:2026-01-20,sec_edgar_submissions_api
661,MSFT,MSFT,0000789019,2026-01-23,2026-01-23,ok,ok,True,True,True,True,False,False,True,10-Q:2026-01-28;8-K:2026-01-28,10-Q:2026-01-28;8-K:2026-01-28,sec_edgar_submissions_api
662,TSLA,TSLA,0001318605,2026-01-23,2026-01-23,ok,ok,True,True,True,False,False,False,True,8-K:2026-01-28,10-K:2026-01-29;8-K:2026-01-28,sec_edgar_submissions_api
663,AAPL,AAPL,0000320193,2025-09-10,2025-09-10,ok,ok,False,False,False,False,False,False,False,,,sec_edgar_submissions_api
664,AAPL,AAPL,0000320193,2025-09-10,2025-09-10,ok,ok,False,False,False,False,False,False,False,,,sec_edgar_submissions_api
665,AMZN,AMZN,0001018724,2025-09-10,2025-09-10,ok,ok,False,False,False,False,False,False,False,,,sec_edgar_submissions_api
666,AMZN,AMZN,0001018724,2025-03-11,2025-03-11,ok,ok,False,False,False,False,False,False,False,,,sec_edgar_submissions_api
667,AMD,AMD,0000002488,2024-07-30,2024-07-30,ok,ok,True,True,True,True,False,False,True,10-Q:2024-07-31;8-K:2024-07-30,10-Q:2024-07-31;8-K:2024-07-30,sec_edgar_submissions_api
668,GOOGL,GOOGL,0001652044,2024-07-30,2024-07-30,ok,ok,False,True,False,False,False,False,True,,10-Q:2024-07-24;8-K:2024-07-23;8-K:2024-08-06,sec_edgar_submissions_api
669,NFLX,NFLX,0001065280,2024-07-12,2024-07-12,ok,ok,False,True,False,False,False,False,True,,10-Q:2024-07-19;8-K:2024-07-18,sec_edgar_submissions_api
670,MSFT,MSFT,0000789019,2024-07-12,2024-07-12,ok,ok,False,False,False,False,False,False,False,,,sec_edgar_submissions_api
671,TSLA,TSLA,0001318605,2024-07-12,2024-07-12,ok,ok,False,False,False,False,False,False,False,,,sec_edgar_submissions_api
672,AAPL,AAPL,0000320193,2024-08-01,2024-08-01,ok,ok,True,True,True,True,False,False,True,10-Q:2024-08-02;8-K:2024-08-01,10-Q:2024-08-02;8-K:2024-08-01,sec_edgar_submissions_api
673,MSFT,MSFT,0000789019,2024-07-30,2024-07-30,ok,ok,True,True,True,False,True,False,True,10-K:2024-07-30;8-K:2024-07-30,10-K:2024-07-30;8-K:2024-07-30,sec_edgar_submissions_api
674,MSFT,MSFT,0000789019,2024-07-30,2024-07-30,ok,ok,True,True,True,False,True,False,True,10-K:2024-07-30;8-K:2024-07-30,10-K:2024-07-30;8-K:2024-07-30,sec_edgar_submissions_api
675,MSFT,MSFT,0000789019,2024-07-30,2024-07-30,ok,ok,True,True,True,False,True,False,True,10-K:2024-07-30;8-K:2024-07-30,10-K:2024-07-30;8-K:2024-07-30,sec_edgar_submissions_api
676,MSFT,MSFT,0000789019,2024-07-30,2024-07-30,ok,ok,True,True,True,False,True,False,True,10-K:2024-07-30;8-K:2024-07-30,10-K:2024-07-30;8-K:2024-07-30,sec_edgar_submissions_api
677,MSFT,MSFT,0000789019,2024-07-30,2024-07-30,ok,ok,True,True,True,False,True,False,True,10-K:2024-07-30;8-K:2024-07-30,10-K:2024-07-30;8-K:2024-07-30,sec_edgar_submissions_api
678,AMZN,AMZN,0001018724,2025-03-11,2025-03-11,ok,ok,False,False,False,False,False,False,False,,,sec_edgar_submissions_api
679,NVDA,NVDA,0001045810,2025-03-11,2025-03-11,ok,ok,True,True,True,False,False,False,True,8-K:2025-03-07,8-K:2025-03-07,sec_edgar_submissions_api
680,NFLX,NFLX,0001065280,2025-12-24,2025-12-24,ok,ok,True,True,True,False,False,False,True,8-K:2025-12-22,8-K:2025-12-22,sec_edgar_submissions_api
681,TSLA,TSLA,0001318605,2024-07-23,2024-07-23,ok,ok,True,True,True,True,False,False,True,10-Q:2024-07-24;8-K:2024-07-23,10-Q:2024-07-24;8-K:2024-07-23,sec_edgar_submissions_api
682,TSLA,TSLA,0001318605,2024-07-23,2024-07-23,ok,ok,True,True,True,True,False,False,True,10-Q:2024-07-24;8-K:2024-07-23,10-Q:2024-07-24;8-K:2024-07-23,sec_edgar_submissions_api
683,GOOGL,GOOGL,0001652044,2026-01-28,2026-01-28,ok,ok,False,True,False,False,False,False,True,,8-K:2026-02-04,sec_edgar_submissions_api
684,META,META,0001326801,2026-01-28,2026-01-28,ok,ok,True,True,True,False,True,False,True,10-K:2026-01-29;8-K:2026-01-28,10-K:2026-01-29;8-K:2026-01-28,sec_edgar_submissions_api
685,AMZN,AMZN,0001018724,2025-03-15,2025-03-17,ok,ok,False,False,False,False,False,False,False,,,sec_edgar_submissions_api
686,AMZN,AMZN,0001018724,2025-03-15,2025-03-17,ok,ok,False,False,False,False,False,False,False,,,sec_edgar_submissions_api
687,AMZN,AMZN,0001018724,2025-03-15,2025-03-17,ok,ok,False,False,False,False,False,False,False,,,sec_edgar_submissions_api
688,GOOGL,GOOGL,0001652044,2025-03-15,2025-03-17,ok,ok,True,True,True,False,False,False,True,8-K:2025-03-18,8-K:2025-03-18,sec_edgar_submissions_api
689,GOOGL,GOOGL,0001652044,2025-03-15,2025-03-17,ok,ok,True,True,True,False,False,False,True,8-K:2025-03-18,8-K:2025-03-18,sec_edgar_submissions_api
690,MSFT,MSFT,0000789019,2025-03-15,2025-03-17,ok,ok,False,False,False,False,False,False,False,,,sec_edgar_submissions_api
691,SOFI,SOFI,0001818874,2026-01-02,2026-01-02,ok,ok,True,True,True,False,False,False,True,8-K:2026-01-05,8-K:2026-01-05;8-K:2026-01-09,sec_edgar_submissions_api
692,AMD,AMD,0000002488,2026-01-22,2026-01-22,ok,ok,True,True,True,False,False,False,True,8-K:2026-01-20,8-K:2026-01-20,sec_edgar_submissions_api
693,MSFT,MSFT,0000789019,2026-01-22,2026-01-22,ok,ok,False,True,False,False,False,False,True,,10-Q:2026-01-28;8-K:2026-01-28,sec_edgar_submissions_api
694,NVDA,NVDA,0001045810,2024-08-29,2024-08-29,ok,ok,True,True,True,True,False,False,True,10-Q:2024-08-28;8-K:2024-08-28,10-Q:2024-08-28;8-K:2024-08-28,sec_edgar_submissions_api
695,META,META,0001326801,2026-01-28,2026-01-28,ok,ok,True,True,True,False,True,False,True,10-K:2026-01-29;8-K:2026-01-28,10-K:2026-01-29;8-K:2026-01-28,sec_edgar_submissions_api
696,META,META,0001326801,2026-01-28,2026-01-28,ok,ok,True,True,True,False,True,False,True,10-K:2026-01-29;8-K:2026-01-28,10-K:2026-01-29;8-K:2026-01-28,sec_edgar_submissions_api
697,MSFT,MSFT,0000789019,2026-01-28,2026-01-28,ok,ok,True,True,True,True,False,False,True,10-Q:2026-01-28;8-K:2026-01-28,10-Q:2026-01-28;8-K:2026-01-28,sec_edgar_submissions_api
698,MSFT,MSFT,0000789019,2026-01-28,2026-01-28,ok,ok,True,True,True,True,False,False,True,10-Q:2026-01-28;8-K:2026-01-28,10-Q:2026-01-28;8-K:2026-01-28,sec_edgar_submissions_api
699,MSFT,MSFT,0000789019,2026-01-28,2026-01-28,ok,ok,True,True,True,True,False,False,True,10-Q:2026-01-28;8-K:2026-01-28,10-Q:2026-01-28;8-K:2026-01-28,sec_edgar_submissions_api
700,AMD,AMD,0000002488,2026-01-28,2026-01-28,ok,ok,False,True,False,False,False,False,True,,10-K/A:2026-02-04;10-K:2026-02-04;8-K:2026-02-03,sec_edgar_submissions_api
701,AMD,AMD,0000002488,2026-01-28,2026-01-28,ok,ok,False,True,False,False,False,False,True,,10-K/A:2026-02-04;10-K:2026-02-04;8-K:2026-02-03,sec_edgar_submissions_api
702,TSLA,TSLA,0001318605,2026-01-28,2026-01-28,ok,ok,True,True,True,False,True,False,True,10-K:2026-01-29;8-K:2026-01-28,10-K:2026-01-29;8-K:2026-01-28,sec_edgar_submissions_api
703,TSLA,TSLA,0001318605,2026-01-28,2026-01-28,ok,ok,True,True,True,False,True,False,True,10-K:2026-01-29;8-K:2026-01-28,10-K:2026-01-29;8-K:2026-01-28,sec_edgar_submissions_api
704,AMD,AMD,0000002488,2026-01-21,2026-01-21,ok,ok,True,True,True,False,False,False,True,8-K:2026-01-20,8-K:2026-01-20,sec_edgar_submissions_api
705,META,META,0001326801,2026-01-21,2026-01-21,ok,ok,True,True,True,False,False,False,True,8-K:2026-01-16,8-K:2026-01-16;8-K:2026-01-28,sec_edgar_submissions_api
706,NFLX,NFLX,0001065280,2026-04-18,2026-04-20,ok,ok,True,True,True,True,False,False,True,10-Q:2026-04-17;8-K:2026-04-16;8-K:2026-04-23,10-Q:2026-04-17;8-K:2026-04-16;8-K:2026-04-23,sec_edgar_submissions_api
707,GOOGL,GOOGL,0001652044,2026-01-31,2026-02-02,ok,ok,True,True,True,False,True,False,True,10-K:2026-02-05;8-K:2026-02-04,10-K:2026-02-05;424B5:2026-02-09;8-K:2026-02-04,sec_edgar_submissions_api
708,NVDA,NVDA,0001045810,2025-05-28,2025-05-28,ok,ok,True,True,True,True,False,False,True,10-Q:2025-05-28;8-K:2025-05-28,10-Q:2025-05-28;8-K:2025-05-28,sec_edgar_submissions_api
709,PYPL,PYPL,0001633917,2026-02-03,2026-02-03,ok,ok,True,True,True,False,True,False,True,10-K:2026-02-03;8-K:2026-02-03;8-K:2026-02-03,10-K:2026-02-03;8-K:2026-02-03;8-K:2026-02-03,sec_edgar_submissions_api
710,NFLX,NFLX,0001065280,2026-01-11,2026-01-12,ok,ok,False,True,False,False,False,False,True,,8-K:2026-01-20;8-K:2026-01-20,sec_edgar_submissions_api
711,TSLA,TSLA,0001318605,2024-09-20,2024-09-20,ok,ok,False,False,False,False,False,False,False,,,sec_edgar_submissions_api
712,AMZN,AMZN,0001018724,2025-05-02,2025-05-02,ok,ok,True,True,True,True,False,False,True,10-Q:2025-05-02;8-K:2025-05-01,10-Q:2025-05-02;8-K:2025-05-01,sec_edgar_submissions_api
713,GOOGL,GOOGL,0001652044,2025-05-02,2025-05-02,ok,ok,True,True,True,False,False,True,True,424B2:2025-04-30;424B2:2025-05-01;424B5:2025-04-28;424B5:2025-04-29;8-K:2025-05-01;8-K:2025-05-06,10-Q:2025-04-25;424B2:2025-04-30;424B2:2025-05-01;424B5:2025-04-28;424B5:2025-04-29;8-K:2025-05-01;8-K:2025-05-06,sec_edgar_submissions_api
714,GOOGL,GOOGL,0001652044,2025-03-18,2025-03-18,ok,ok,True,True,True,False,False,False,True,8-K:2025-03-18,8-K:2025-03-18,sec_edgar_submissions_api
715,GOOGL,GOOGL,0001652044,2025-03-18,2025-03-18,ok,ok,True,True,True,False,False,False,True,8-K:2025-03-18,8-K:2025-03-18,sec_edgar_submissions_api
716,AMZN,AMZN,0001018724,2025-03-18,2025-03-18,ok,ok,False,False,False,False,False,False,False,,,sec_edgar_submissions_api
717,MSFT,MSFT,0000789019,2026-01-29,2026-01-29,ok,ok,True,True,True,True,False,False,True,10-Q:2026-01-28;8-K:2026-01-28,10-Q:2026-01-28;8-K:2026-01-28,sec_edgar_submissions_api
718,AMD,AMD,0000002488,2026-02-04,2026-02-04,ok,ok,True,True,True,False,True,False,True,10-K/A:2026-02-04;10-K:2026-02-04;8-K:2026-02-03,10-K/A:2026-02-04;10-K:2026-02-04;8-K:2026-02-03,sec_edgar_submissions_api
719,NVDA,NVDA,0001045810,2026-02-04,2026-02-04,ok,ok,False,False,False,False,False,False,False,,,sec_edgar_submissions_api
720,NVDA,NVDA,0001045810,2026-02-04,2026-02-04,ok,ok,False,False,False,False,False,False,False,,,sec_edgar_submissions_api
721,AMD,AMD,0000002488,2026-02-04,2026-02-04,ok,ok,True,True,True,False,True,False,True,10-K/A:2026-02-04;10-K:2026-02-04;8-K:2026-02-03,10-K/A:2026-02-04;10-K:2026-02-04;8-K:2026-02-03,sec_edgar_submissions_api
722,AMD,AMD,0000002488,2026-02-04,2026-02-04,ok,ok,True,True,True,False,True,False,True,10-K/A:2026-02-04;10-K:2026-02-04;8-K:2026-02-03,10-K/A:2026-02-04;10-K:2026-02-04;8-K:2026-02-03,sec_edgar_submissions_api
723,AMD,AMD,0000002488,2026-02-04,2026-02-04,ok,ok,True,True,True,False,True,False,True,10-K/A:2026-02-04;10-K:2026-02-04;8-K:2026-02-03,10-K/A:2026-02-04;10-K:2026-02-04;8-K:2026-02-03,sec_edgar_submissions_api
724,AMD,AMD,0000002488,2026-02-04,2026-02-04,ok,ok,True,True,True,False,True,False,True,10-K/A:2026-02-04;10-K:2026-02-04;8-K:2026-02-03,10-K/A:2026-02-04;10-K:2026-02-04;8-K:2026-02-03,sec_edgar_submissions_api
725,AMD,AMD,0000002488,2026-02-04,2026-02-04,ok,ok,True,True,True,False,True,False,True,10-K/A:2026-02-04;10-K:2026-02-04;8-K:2026-02-03,10-K/A:2026-02-04;10-K:2026-02-04;8-K:2026-02-03,sec_edgar_submissions_api
726,AMD,AMD,0000002488,2026-02-04,2026-02-04,ok,ok,True,True,True,False,True,False,True,10-K/A:2026-02-04;10-K:2026-02-04;8-K:2026-02-03,10-K/A:2026-02-04;10-K:2026-02-04;8-K:2026-02-03,sec_edgar_submissions_api
727,AMD,AMD,0000002488,2026-02-04,2026-02-04,ok,ok,True,True,True,False,True,False,True,10-K/A:2026-02-04;10-K:2026-02-04;8-K:2026-02-03,10-K/A:2026-02-04;10-K:2026-02-04;8-K:2026-02-03,sec_edgar_submissions_api
728,AMD,AMD,0000002488,2026-02-04,2026-02-04,ok,ok,True,True,True,False,True,False,True,10-K/A:2026-02-04;10-K:2026-02-04;8-K:2026-02-03,10-K/A:2026-02-04;10-K:2026-02-04;8-K:2026-02-03,sec_edgar_submissions_api
729,PYPL,PYPL,0001633917,2026-02-04,2026-02-04,ok,ok,True,True,True,False,True,False,True,10-K:2026-02-03;8-K:2026-02-03;8-K:2026-02-03,10-K:2026-02-03;8-K:2026-02-03;8-K:2026-02-03,sec_edgar_submissions_api
730,META,META,0001326801,2026-02-04,2026-02-04,ok,ok,False,True,False,False,False,False,True,,10-K:2026-01-29;8-K:2026-01-28,sec_edgar_submissions_api
731,META,META,0001326801,2026-02-04,2026-02-04,ok,ok,False,True,False,False,False,False,True,,10-K:2026-01-29;8-K:2026-01-28,sec_edgar_submissions_api
732,NVDA,NVDA,0001045810,2025-04-09,2025-04-09,ok,ok,False,True,False,False,False,False,True,,8-K:2025-04-15,sec_edgar_submissions_api
733,PYPL,PYPL,0001633917,2026-01-15,2026-01-15,ok,ok,False,False,False,False,False,False,False,,,sec_edgar_submissions_api
734,MSFT,MSFT,0000789019,2026-01-30,2026-01-30,ok,ok,True,True,True,True,False,False,True,10-Q:2026-01-28;8-K:2026-01-28,10-Q:2026-01-28;8-K:2026-01-28,sec_edgar_submissions_api
735,MSFT,MSFT,0000789019,2026-01-30,2026-01-30,ok,ok,True,True,True,True,False,False,True,10-Q:2026-01-28;8-K:2026-01-28,10-Q:2026-01-28;8-K:2026-01-28,sec_edgar_submissions_api
736,MSFT,MSFT,0000789019,2026-01-30,2026-01-30,ok,ok,True,True,True,True,False,False,True,10-Q:2026-01-28;8-K:2026-01-28,10-Q:2026-01-28;8-K:2026-01-28,sec_edgar_submissions_api
737,NVDA,NVDA,0001045810,2026-01-30,2026-01-30,ok,ok,False,True,False,False,False,False,True,,8-K:2026-01-23,sec_edgar_submissions_api
738,MSFT,MSFT,0000789019,2024-11-01,2024-11-01,ok,ok,True,True,True,True,False,False,True,10-Q:2024-10-30;8-K:2024-10-30,10-Q:2024-10-30;8-K:2024-10-30,sec_edgar_submissions_api
739,NFLX,NFLX,0001065280,2025-10-22,2025-10-22,ok,ok,True,True,True,True,False,False,True,10-Q:2025-10-22;8-K:2025-10-21,10-Q:2025-10-22;8-K:2025-10-21,sec_edgar_submissions_api
740,MSFT,MSFT,0000789019,2026-02-02,2026-02-02,ok,ok,True,True,True,True,False,False,True,10-Q:2026-01-28;8-K:2026-01-28,10-Q:2026-01-28;8-K:2026-01-28,sec_edgar_submissions_api
741,NVDA,NVDA,0001045810,2026-02-02,2026-02-02,ok,ok,False,False,False,False,False,False,False,,,sec_edgar_submissions_api
742,META,META,0001326801,2026-02-02,2026-02-02,ok,ok,True,True,True,False,True,False,True,10-K:2026-01-29;8-K:2026-01-28,10-K:2026-01-29;8-K:2026-01-28,sec_edgar_submissions_api
743,NFLX,NFLX,0001065280,2026-02-02,2026-02-02,ok,ok,False,False,False,False,False,False,False,,,sec_edgar_submissions_api
744,NFLX,NFLX,0001065280,2026-02-02,2026-02-02,ok,ok,False,False,False,False,False,False,False,,,sec_edgar_submissions_api
745,TSLA,TSLA,0001318605,2025-04-22,2025-04-22,ok,ok,True,True,True,True,False,False,True,10-Q:2025-04-23;8-K:2025-04-22,10-Q:2025-04-23;8-K:2025-04-22,sec_edgar_submissions_api
746,TSLA,TSLA,0001318605,2025-04-22,2025-04-22,ok,ok,True,True,True,True,False,False,True,10-Q:2025-04-23;8-K:2025-04-22,10-Q:2025-04-23;8-K:2025-04-22,sec_edgar_submissions_api
747,META,META,0001326801,2026-01-29,2026-01-29,ok,ok,True,True,True,False,True,False,True,10-K:2026-01-29;8-K:2026-01-28,10-K:2026-01-29;8-K:2026-01-28,sec_edgar_submissions_api
748,MSFT,MSFT,0000789019,2026-02-05,2026-02-05,ok,ok,False,False,False,False,False,False,False,,,sec_edgar_submissions_api
749,MSFT,MSFT,0000789019,2026-02-05,2026-02-05,ok,ok,False,False,False,False,False,False,False,,,sec_edgar_submissions_api
750,MSFT,MSFT,0000789019,2026-02-05,2026-02-05,ok,ok,False,False,False,False,False,False,False,,,sec_edgar_submissions_api
751,MSFT,MSFT,0000789019,2026-02-05,2026-02-05,ok,ok,False,False,False,False,False,False,False,,,sec_edgar_submissions_api
752,TSLA,TSLA,0001318605,2026-02-05,2026-02-05,ok,ok,False,True,False,False,False,False,True,,10-K:2026-01-29,sec_edgar_submissions_api
753,AMD,AMD,0000002488,2026-02-05,2026-02-05,ok,ok,True,True,True,False,True,False,True,10-K/A:2026-02-04;10-K:2026-02-04;8-K:2026-02-03,10-K/A:2026-02-04;10-K:2026-02-04;8-K:2026-02-03,sec_edgar_submissions_api
754,AMD,AMD,0000002488,2026-02-05,2026-02-05,ok,ok,True,True,True,False,True,False,True,10-K/A:2026-02-04;10-K:2026-02-04;8-K:2026-02-03,10-K/A:2026-02-04;10-K:2026-02-04;8-K:2026-02-03,sec_edgar_submissions_api
755,NVDA,NVDA,0001045810,2026-02-05,2026-02-05,ok,ok,False,False,False,False,False,False,False,,,sec_edgar_submissions_api
756,NFLX,NFLX,0001065280,2026-02-05,2026-02-05,ok,ok,False,False,False,False,False,False,False,,,sec_edgar_submissions_api
757,GOOGL,GOOGL,0001652044,2025-06-28,2025-06-30,ok,ok,False,False,False,False,False,False,False,,,sec_edgar_submissions_api
758,MSFT,MSFT,0000789019,2025-04-04,2025-04-04,ok,ok,False,False,False,False,False,False,False,,,sec_edgar_submissions_api
759,AMZN,AMZN,0001018724,2025-04-04,2025-04-04,ok,ok,False,True,False,False,False,False,True,,8-K:2025-04-10,sec_edgar_submissions_api
760,MSFT,MSFT,0000789019,2025-10-13,2025-10-13,ok,ok,False,False,False,False,False,False,False,,,sec_edgar_submissions_api
761,NFLX,NFLX,0001065280,2024-10-17,2024-10-17,ok,ok,True,True,True,True,False,False,True,10-Q:2024-10-18;8-K:2024-10-17,10-Q:2024-10-18;8-K:2024-10-17,sec_edgar_submissions_api
762,NFLX,NFLX,0001065280,2024-10-17,2024-10-17,ok,ok,True,True,True,True,False,False,True,10-Q:2024-10-18;8-K:2024-10-17,10-Q:2024-10-18;8-K:2024-10-17,sec_edgar_submissions_api
763,MSFT,MSFT,0000789019,2024-10-30,2024-10-30,ok,ok,True,True,True,True,False,False,True,10-Q:2024-10-30;8-K:2024-10-30,10-Q:2024-10-30;8-K:2024-10-30,sec_edgar_submissions_api
764,GOOGL,GOOGL,0001652044,2024-10-30,2024-10-30,ok,ok,True,True,True,True,False,False,True,10-Q:2024-10-30;8-K:2024-10-29,10-Q:2024-10-30;8-K:2024-10-29,sec_edgar_submissions_api
765,AMD,AMD,0000002488,2025-07-08,2025-07-08,ok,ok,False,True,False,False,False,False,True,,8-K:2025-07-02,sec_edgar_submissions_api
766,PYPL,PYPL,0001633917,2025-07-08,2025-07-08,ok,ok,False,False,False,False,False,False,False,,,sec_edgar_submissions_api
767,GOOGL,GOOGL,0001652044,2025-04-27,2025-04-28,ok,ok,True,True,True,True,False,True,True,10-Q:2025-04-25;424B2:2025-04-30;424B2:2025-05-01;424B5:2025-04-28;424B5:2025-04-29;8-K:2025-04-24;8-K:2025-05-01,10-Q:2025-04-25;424B2:2025-04-30;424B2:2025-05-01;424B5:2025-04-28;424B5:2025-04-29;8-K:2025-04-24;8-K:2025-05-01,sec_edgar_submissions_api
768,AMZN,AMZN,0001018724,2025-03-28,2025-03-28,ok,ok,False,False,False,False,False,False,False,,,sec_edgar_submissions_api
769,AMZN,AMZN,0001018724,2025-03-28,2025-03-28,ok,ok,False,False,False,False,False,False,False,,,sec_edgar_submissions_api
770,NVDA,NVDA,0001045810,2026-02-03,2026-02-03,ok,ok,False,False,False,False,False,False,False,,,sec_edgar_submissions_api
771,AMZN,AMZN,0001018724,2025-04-03,2025-04-03,ok,ok,False,True,False,False,False,False,True,,8-K:2025-04-10,sec_edgar_submissions_api
772,AAPL,AAPL,0000320193,2024-11-01,2024-11-01,ok,ok,True,True,True,False,True,False,True,10-K:2024-11-01;8-K:2024-10-31,10-K:2024-11-01;8-K:2024-10-31,sec_edgar_submissions_api
773,AAPL,AAPL,0000320193,2024-11-01,2024-11-01,ok,ok,True,True,True,False,True,False,True,10-K:2024-11-01;8-K:2024-10-31,10-K:2024-11-01;8-K:2024-10-31,sec_edgar_submissions_api
774,AMD,AMD,0000002488,2026-02-03,2026-02-03,ok,ok,True,True,True,False,True,False,True,10-K/A:2026-02-04;10-K:2026-02-04;8-K:2026-02-03,10-K/A:2026-02-04;10-K:2026-02-04;8-K:2026-02-03,sec_edgar_submissions_api
775,AMD,AMD,0000002488,2026-02-03,2026-02-03,ok,ok,True,True,True,False,True,False,True,10-K/A:2026-02-04;10-K:2026-02-04;8-K:2026-02-03,10-K/A:2026-02-04;10-K:2026-02-04;8-K:2026-02-03,sec_edgar_submissions_api
776,AMD,AMD,0000002488,2026-02-03,2026-02-03,ok,ok,True,True,True,False,True,False,True,10-K/A:2026-02-04;10-K:2026-02-04;8-K:2026-02-03,10-K/A:2026-02-04;10-K:2026-02-04;8-K:2026-02-03,sec_edgar_submissions_api
777,NVDA,NVDA,0001045810,2026-02-03,2026-02-03,ok,ok,False,False,False,False,False,False,False,,,sec_edgar_submissions_api
778,NVDA,NVDA,0001045810,2026-02-03,2026-02-03,ok,ok,False,False,False,False,False,False,False,,,sec_edgar_submissions_api
779,GOOGL,GOOGL,0001652044,2026-02-03,2026-02-03,ok,ok,True,True,True,False,True,False,True,10-K:2026-02-05;8-K:2026-02-04,10-K:2026-02-05;424B5:2026-02-09;424B5:2026-02-10;8-K:2026-02-04,sec_edgar_submissions_api
780,AAPL,AAPL,0000320193,2024-09-27,2024-09-27,ok,ok,False,False,False,False,False,False,False,,,sec_edgar_submissions_api
781,META,META,0001326801,2026-01-28,2026-01-28,ok,ok,True,True,True,False,True,False,True,10-K:2026-01-29;8-K:2026-01-28,10-K:2026-01-29;8-K:2026-01-28,sec_edgar_submissions_api
782,MSFT,MSFT,0000789019,2026-01-28,2026-01-28,ok,ok,True,True,True,True,False,False,True,10-Q:2026-01-28;8-K:2026-01-28,10-Q:2026-01-28;8-K:2026-01-28,sec_edgar_submissions_api
783,MSFT,MSFT,0000789019,2026-01-28,2026-01-28,ok,ok,True,True,True,True,False,False,True,10-Q:2026-01-28;8-K:2026-01-28,10-Q:2026-01-28;8-K:2026-01-28,sec_edgar_submissions_api
784,AMD,AMD,0000002488,2026-01-28,2026-01-28,ok,ok,False,True,False,False,False,False,True,,10-K/A:2026-02-04;10-K:2026-02-04;8-K:2026-02-03,sec_edgar_submissions_api
785,AMD,AMD,0000002488,2026-01-28,2026-01-28,ok,ok,False,True,False,False,False,False,True,,10-K/A:2026-02-04;10-K:2026-02-04;8-K:2026-02-03,sec_edgar_submissions_api
786,NVDA,NVDA,0001045810,2026-02-10,2026-02-10,ok,ok,False,False,False,False,False,False,False,,,sec_edgar_submissions_api
787,AMD,AMD,0000002488,2026-02-26,2026-02-26,ok,ok,True,True,True,False,False,False,True,8-K:2026-02-24,8-K:2026-02-24,sec_edgar_submissions_api
788,AMZN,AMZN,0001018724,2026-03-11,2026-03-11,ok,ok,True,True,True,False,False,True,True,424B5:2026-03-10;424B5:2026-03-11;424B5:2026-03-12;424B5:2026-03-13;8-K:2026-03-13;8-K:2026-03-16,424B5:2026-03-10;424B5:2026-03-11;424B5:2026-03-12;424B5:2026-03-13;8-K:2026-03-13;8-K:2026-03-16,sec_edgar_submissions_api
789,AMD,AMD,0000002488,2022-12-31,2023-01-03,ok,ok,False,False,False,False,False,False,False,,,sec_edgar_submissions_api
790,MSFT,MSFT,0000789019,2025-01-25,2025-01-27,ok,ok,True,True,True,True,False,False,True,10-Q:2025-01-29;8-K:2025-01-22;8-K:2025-01-29,10-Q:2025-01-29;8-K:2025-01-22;8-K:2025-01-29,sec_edgar_submissions_api
791,PYPL,PYPL,0001633917,2026-03-04,2026-03-04,ok,ok,False,False,False,False,False,False,False,,,sec_edgar_submissions_api
792,PYPL,PYPL,0001633917,2026-03-04,2026-03-04,ok,ok,False,False,False,False,False,False,False,,,sec_edgar_submissions_api
793,GOOGL,GOOGL,0001652044,2023-02-26,2023-02-27,ok,ok,False,False,False,False,False,False,False,,,sec_edgar_submissions_api
794,AMD,AMD,0000002488,2026-04-23,2026-04-23,ok,ok,False,False,False,False,False,False,False,,,sec_edgar_submissions_api
795,UBER,UBER,0001543151,2025-10-07,2025-10-07,ok,ok,False,False,False,False,False,False,False,,,sec_edgar_submissions_api
796,AMZN,AMZN,0001018724,2025-10-07,2025-10-07,ok,ok,False,False,False,False,False,False,False,,,sec_edgar_submissions_api
797,GOOGL,GOOGL,0001652044,2025-07-23,2025-07-23,ok,ok,True,True,True,True,False,False,True,10-Q:2025-07-24;8-K:2025-07-18;8-K:2025-07-23,10-Q:2025-07-24;8-K:2025-07-18;8-K:2025-07-23,sec_edgar_submissions_api
798,TSLA,TSLA,0001318605,2025-07-23,2025-07-23,ok,ok,True,True,True,True,False,False,True,10-Q:2025-07-24;8-K:2025-07-23,10-Q:2025-07-24;8-K:2025-07-23,sec_edgar_submissions_api
799,AMZN,AMZN,0001018724,2025-10-17,2025-10-17,ok,ok,False,False,False,False,False,False,False,,,sec_edgar_submissions_api
800,MSFT,MSFT,0000789019,2025-10-17,2025-10-17,ok,ok,False,False,False,False,False,False,False,,,sec_edgar_submissions_api
801,TSLA,TSLA,0001318605,2025-08-29,2025-08-29,ok,ok,False,True,False,False,False,False,True,,8-K:2025-09-05,sec_edgar_submissions_api
802,NVDA,NVDA,0001045810,2026-02-26,2026-02-26,ok,ok,True,True,True,False,True,False,True,10-K:2026-02-25;8-K:2026-02-25,10-K:2026-02-25;8-K:2026-02-25,sec_edgar_submissions_api
803,NVDA,NVDA,0001045810,2026-02-26,2026-02-26,ok,ok,True,True,True,False,True,False,True,10-K:2026-02-25;8-K:2026-02-25,10-K:2026-02-25;8-K:2026-02-25,sec_edgar_submissions_api
804,SOFI,SOFI,0001818874,2026-02-26,2026-02-26,ok,ok,False,False,False,False,False,False,False,,,sec_edgar_submissions_api
805,NVDA,NVDA,0001045810,2026-02-20,2026-02-20,ok,ok,True,True,True,False,True,False,True,10-K:2026-02-25;8-K:2026-02-25,10-K:2026-02-25;8-K:2026-02-25,sec_edgar_submissions_api
806,META,META,0001326801,2026-01-03,2026-01-05,ok,ok,False,False,False,False,False,False,False,,,sec_edgar_submissions_api
807,AMZN,AMZN,0001018724,2022-10-30,2022-10-31,ok,ok,True,True,True,True,False,False,True,10-Q:2022-10-28;8-K:2022-10-27,10-Q:2022-10-28;8-K:2022-10-27,sec_edgar_submissions_api
808,NVDA,NVDA,0001045810,2026-02-24,2026-02-24,ok,ok,True,True,True,False,True,False,True,10-K:2026-02-25;8-K:2026-02-25,10-K:2026-02-25;8-K:2026-02-25,sec_edgar_submissions_api
809,MSFT,MSFT,0000789019,2026-02-12,2026-02-12,ok,ok,False,False,False,False,False,False,False,,,sec_edgar_submissions_api
810,AMZN,AMZN,0001018724,2026-02-12,2026-02-12,ok,ok,False,True,False,False,False,False,True,,10-K:2026-02-06;8-K:2026-02-05,sec_edgar_submissions_api
811,GOOGL,GOOGL,0001652044,2025-07-25,2025-07-25,ok,ok,True,True,True,True,False,False,True,10-Q:2025-07-24;8-K:2025-07-23,10-Q:2025-07-24;8-K:2025-07-18;8-K:2025-07-23,sec_edgar_submissions_api
812,NFLX,NFLX,0001065280,2025-07-25,2025-07-25,ok,ok,False,True,False,False,False,False,True,,10-Q:2025-07-18,sec_edgar_submissions_api
813,TSLA,TSLA,0001318605,2025-07-25,2025-07-25,ok,ok,True,True,True,True,False,False,True,10-Q:2025-07-24;8-K:2025-07-23,10-Q:2025-07-24;8-K:2025-07-23,sec_edgar_submissions_api
814,TSLA,TSLA,0001318605,2025-07-25,2025-07-25,ok,ok,True,True,True,True,False,False,True,10-Q:2025-07-24;8-K:2025-07-23,10-Q:2025-07-24;8-K:2025-07-23,sec_edgar_submissions_api
815,NFLX,NFLX,0001065280,2025-01-21,2025-01-21,ok,ok,True,True,True,False,False,False,True,8-K:2025-01-21,10-K:2025-01-27;8-K:2025-01-21,sec_edgar_submissions_api
816,PYPL,PYPL,0001633917,2026-02-03,2026-02-03,ok,ok,True,True,True,False,True,False,True,10-K:2026-02-03;8-K:2026-02-03;8-K:2026-02-03,10-K:2026-02-03;8-K:2026-02-03;8-K:2026-02-03,sec_edgar_submissions_api
817,GME,GME,0001326380,2026-01-29,2026-01-29,ok,ok,False,False,False,False,False,False,False,,,sec_edgar_submissions_api
818,AMZN,AMZN,0001018724,2026-01-29,2026-01-29,ok,ok,False,True,False,False,False,False,True,,8-K:2026-02-05,sec_edgar_submissions_api
819,MSFT,MSFT,0000789019,2024-06-16,2024-06-17,ok,ok,False,False,False,False,False,False,False,,,sec_edgar_submissions_api
820,AAPL,AAPL,0000320193,2025-01-30,2025-01-30,ok,ok,True,True,True,True,False,False,True,10-Q:2025-01-31;8-K:2025-01-30,10-Q:2025-01-31;8-K:2025-01-30,sec_edgar_submissions_api
821,AAPL,AAPL,0000320193,2025-01-30,2025-01-30,ok,ok,True,True,True,True,False,False,True,10-Q:2025-01-31;8-K:2025-01-30,10-Q:2025-01-31;8-K:2025-01-30,sec_edgar_submissions_api
822,AMD,AMD,0000002488,2026-03-11,2026-03-11,ok,ok,False,False,False,False,False,False,False,,,sec_edgar_submissions_api
823,AMD,AMD,0000002488,2026-03-11,2026-03-11,ok,ok,False,False,False,False,False,False,False,,,sec_edgar_submissions_api
824,META,META,0001326801,2026-03-11,2026-03-11,ok,ok,False,False,False,False,False,False,False,,,sec_edgar_submissions_api
825,AAPL,AAPL,0000320193,2024-11-23,2024-11-25,ok,ok,False,False,False,False,False,False,False,,,sec_edgar_submissions_api
826,GOOGL,GOOGL,0001652044,2024-11-23,2024-11-25,ok,ok,False,False,False,False,False,False,False,,,sec_edgar_submissions_api
827,GOOGL,GOOGL,0001652044,2024-11-23,2024-11-25,ok,ok,False,False,False,False,False,False,False,,,sec_edgar_submissions_api
828,AMZN,AMZN,0001018724,2024-11-23,2024-11-25,ok,ok,False,False,False,False,False,False,False,,,sec_edgar_submissions_api
829,NVDA,NVDA,0001045810,2026-01-05,2026-01-05,ok,ok,False,False,False,False,False,False,False,,,sec_edgar_submissions_api
830,AMZN,AMZN,0001018724,2025-05-24,2025-05-27,ok,ok,True,True,True,False,False,False,True,8-K:2025-05-22,8-K:2025-05-22,sec_edgar_submissions_api
831,NFLX,NFLX,0001065280,2025-05-24,2025-05-27,ok,ok,False,False,False,False,False,False,False,,,sec_edgar_submissions_api
832,NVDA,NVDA,0001045810,2025-11-13,2025-11-13,ok,ok,False,True,False,False,False,False,True,,10-Q:2025-11-19;8-K:2025-11-19,sec_edgar_submissions_api
833,NVDA,NVDA,0001045810,2025-11-13,2025-11-13,ok,ok,False,True,False,False,False,False,True,,10-Q:2025-11-19;8-K:2025-11-19,sec_edgar_submissions_api
834,NVDA,NVDA,0001045810,2026-02-05,2026-02-05,ok,ok,False,False,False,False,False,False,False,,,sec_edgar_submissions_api
835,SOFI,SOFI,0001818874,2026-05-06,2026-05-06,ok,ok,True,True,False,True,False,False,True,10-Q:2026-05-07,10-Q:2026-05-07;8-K:2026-04-29,sec_edgar_submissions_api
836,SOFI,SOFI,0001818874,2026-05-06,2026-05-06,ok,ok,True,True,False,True,False,False,True,10-Q:2026-05-07,10-Q:2026-05-07;8-K:2026-04-29,sec_edgar_submissions_api
837,AMZN,AMZN,0001018724,2026-04-29,2026-04-29,ok,ok,True,True,True,True,False,False,True,10-Q:2026-04-30;8-K:2026-04-29,10-Q:2026-04-30;8-K:2026-04-29,sec_edgar_submissions_api
838,AAPL,AAPL,0000320193,2025-11-22,2025-11-24,ok,ok,False,False,False,False,False,False,False,,,sec_edgar_submissions_api
839,AMZN,AMZN,0001018724,2026-02-09,2026-02-09,ok,ok,True,True,True,False,True,False,True,10-K:2026-02-06;8-K:2026-02-05,10-K:2026-02-06;8-K:2026-02-05,sec_edgar_submissions_api
840,AMZN,AMZN,0001018724,2026-02-09,2026-02-09,ok,ok,True,True,True,False,True,False,True,10-K:2026-02-06;8-K:2026-02-05,10-K:2026-02-06;8-K:2026-02-05,sec_edgar_submissions_api
841,UBER,UBER,0001543151,2026-02-09,2026-02-09,ok,ok,True,True,True,False,True,False,True,10-K:2026-02-13;8-K:2026-02-04;8-K:2026-02-09,10-K:2026-02-13;8-K:2026-02-04;8-K:2026-02-09,sec_edgar_submissions_api
842,GOOGL,GOOGL,0001652044,2026-02-09,2026-02-09,ok,ok,True,True,True,False,True,True,True,10-K:2026-02-05;424B2:2026-02-11;424B2:2026-02-12;424B5:2026-02-09;424B5:2026-02-10;8-K:2026-02-04;8-K:2026-02-13,10-K:2026-02-05;424B2:2026-02-11;424B2:2026-02-12;424B5:2026-02-09;424B5:2026-02-10;8-K:2026-02-04;8-K:2026-02-13,sec_edgar_submissions_api
843,NVDA,NVDA,0001045810,2026-02-09,2026-02-09,ok,ok,False,False,False,False,False,False,False,,,sec_edgar_submissions_api
844,SOFI,SOFI,0001818874,2026-02-09,2026-02-09,ok,ok,False,True,False,False,False,False,True,,10-K:2026-02-17,sec_edgar_submissions_api
845,SOFI,SOFI,0001818874,2026-02-09,2026-02-09,ok,ok,False,True,False,False,False,False,True,,10-K:2026-02-17,sec_edgar_submissions_api
846,NVDA,NVDA,0001045810,2026-02-25,2026-02-25,ok,ok,True,True,True,False,True,False,True,10-K:2026-02-25;8-K:2026-02-25,10-K:2026-02-25;8-K:2026-02-25,sec_edgar_submissions_api
847,NVDA,NVDA,0001045810,2026-02-25,2026-02-25,ok,ok,True,True,True,False,True,False,True,10-K:2026-02-25;8-K:2026-02-25,10-K:2026-02-25;8-K:2026-02-25,sec_edgar_submissions_api
848,AMD,AMD,0000002488,2026-02-25,2026-02-25,ok,ok,True,True,True,False,False,False,True,8-K:2026-02-24,8-K:2026-02-24,sec_edgar_submissions_api
849,SOFI,SOFI,0001818874,2026-04-09,2026-04-09,ok,ok,False,False,False,False,False,False,False,,,sec_edgar_submissions_api
850,SOFI,SOFI,0001818874,2026-04-09,2026-04-09,ok,ok,False,False,False,False,False,False,False,,,sec_edgar_submissions_api
851,SOFI,SOFI,0001818874,2026-04-09,2026-04-09,ok,ok,False,False,False,False,False,False,False,,,sec_edgar_submissions_api
852,SOFI,SOFI,0001818874,2026-04-09,2026-04-09,ok,ok,False,False,False,False,False,False,False,,,sec_edgar_submissions_api
853,AMZN,AMZN,0001018724,2026-05-02,2026-05-04,ok,ok,True,True,True,True,False,False,True,10-Q:2026-04-30;8-K:2026-04-29,10-Q:2026-04-30;8-K:2026-04-29,sec_edgar_submissions_api
854,META,META,0001326801,2026-05-02,2026-05-04,ok,ok,True,True,True,True,False,True,True,10-Q:2026-04-30;424B2:2026-04-30;424B2:2026-05-01;8-K:2026-04-29;8-K:2026-05-04,10-Q:2026-04-30;424B2:2026-04-30;424B2:2026-05-01;8-K:2026-04-29;8-K:2026-05-04,sec_edgar_submissions_api
855,NFLX,NFLX,0001065280,2026-05-02,2026-05-04,ok,ok,False,False,False,False,False,False,False,,,sec_edgar_submissions_api
856,NVDA,NVDA,0001045810,2026-05-02,2026-05-04,ok,ok,True,True,True,False,False,False,True,8-K:2026-04-27,8-K:2026-04-27;8-K:2026-05-08,sec_edgar_submissions_api
857,UBER,UBER,0001543151,2026-05-02,2026-05-04,ok,ok,True,True,True,True,False,False,True,10-Q:2026-05-06;8-K:2026-05-06,10-Q:2026-05-06;8-K:2026-05-06;8-K:2026-05-08;8-K:2026-05-11,sec_edgar_submissions_api
858,MSFT,MSFT,0000789019,2025-04-06,2025-04-07,ok,ok,False,False,False,False,False,False,False,,,sec_edgar_submissions_api
859,AMZN,AMZN,0001018724,2025-07-11,2025-07-11,ok,ok,False,False,False,False,False,False,False,,,sec_edgar_submissions_api
860,NVDA,NVDA,0001045810,2026-02-05,2026-02-05,ok,ok,False,False,False,False,False,False,False,,,sec_edgar_submissions_api
861,AMD,AMD,0000002488,2026-03-01,2026-03-02,ok,ok,True,True,True,False,False,False,True,8-K:2026-02-24,8-K:2026-02-24,sec_edgar_submissions_api
862,MSFT,MSFT,0000789019,2023-01-26,2023-01-26,ok,ok,True,True,True,True,False,False,True,10-Q:2023-01-24;8-K:2023-01-24,10-Q:2023-01-24;8-K:2023-01-24,sec_edgar_submissions_api
863,GOOGL,GOOGL,0001652044,2023-01-26,2023-01-26,ok,ok,True,True,True,False,False,False,True,8-K:2023-01-25,8-K:2023-01-20;8-K:2023-01-25;8-K:2023-02-02,sec_edgar_submissions_api
864,AAPL,AAPL,0000320193,2023-01-26,2023-01-26,ok,ok,False,True,False,False,False,False,True,,8-K:2023-02-02,sec_edgar_submissions_api
865,DIS,DIS,0001744489,2023-01-26,2023-01-26,ok,ok,True,True,False,False,True,False,True,10-K/A:2023-01-24,10-K/A:2023-01-24,sec_edgar_submissions_api
866,DIS,DIS,0001744489,2023-01-26,2023-01-26,ok,ok,True,True,False,False,True,False,True,10-K/A:2023-01-24,10-K/A:2023-01-24,sec_edgar_submissions_api
867,MSFT,MSFT,0000789019,2025-03-16,2025-03-17,ok,ok,False,False,False,False,False,False,False,,,sec_edgar_submissions_api
868,NFLX,NFLX,0001065280,2026-02-15,2026-02-17,ok,ok,False,False,False,False,False,False,False,,,sec_edgar_submissions_api
869,SOFI,SOFI,0001818874,2026-02-15,2026-02-17,ok,ok,True,True,False,False,True,False,True,10-K:2026-02-17,10-K:2026-02-17,sec_edgar_submissions_api
870,TSLA,TSLA,0001318605,2026-04-22,2026-04-22,ok,ok,True,True,True,True,False,False,True,10-Q:2026-04-23;8-K:2026-04-22,10-Q:2026-04-23;8-K:2026-04-22,sec_edgar_submissions_api
871,TSLA,TSLA,0001318605,2026-04-22,2026-04-22,ok,ok,True,True,True,True,False,False,True,10-Q:2026-04-23;8-K:2026-04-22,10-Q:2026-04-23;8-K:2026-04-22,sec_edgar_submissions_api
872,AMD,AMD,0000002488,2026-04-22,2026-04-22,ok,ok,False,False,False,False,False,False,False,,,sec_edgar_submissions_api
873,NVDA,NVDA,0001045810,2026-04-22,2026-04-22,ok,ok,True,True,True,False,False,False,True,8-K:2026-04-27,8-K:2026-04-27,sec_edgar_submissions_api
874,GOOGL,GOOGL,0001652044,2026-04-22,2026-04-22,ok,ok,False,True,False,False,False,False,True,,8-K:2026-04-29,sec_edgar_submissions_api
875,AMZN,AMZN,0001018724,2026-04-22,2026-04-22,ok,ok,False,True,False,False,False,False,True,,8-K:2026-04-29,sec_edgar_submissions_api
876,AMZN,AMZN,0001018724,2026-02-10,2026-02-10,ok,ok,True,True,True,False,True,False,True,10-K:2026-02-06;8-K:2026-02-05,10-K:2026-02-06;8-K:2026-02-05,sec_edgar_submissions_api
877,NVDA,NVDA,0001045810,2026-02-10,2026-02-10,ok,ok,False,False,False,False,False,False,False,,,sec_edgar_submissions_api
878,AMZN,AMZN,0001018724,2026-02-05,2026-02-05,ok,ok,True,True,True,False,True,False,True,10-K:2026-02-06;8-K:2026-02-05,10-K:2026-02-06;8-K:2026-02-05,sec_edgar_submissions_api
879,AMZN,AMZN,0001018724,2026-02-05,2026-02-05,ok,ok,True,True,True,False,True,False,True,10-K:2026-02-06;8-K:2026-02-05,10-K:2026-02-06;8-K:2026-02-05,sec_edgar_submissions_api
880,NVDA,NVDA,0001045810,2026-04-01,2026-04-01,ok,ok,False,False,False,False,False,False,False,,,sec_edgar_submissions_api
881,NVDA,NVDA,0001045810,2026-04-01,2026-04-01,ok,ok,False,False,False,False,False,False,False,,,sec_edgar_submissions_api
882,GOOGL,GOOGL,0001652044,2026-04-29,2026-04-29,ok,ok,True,True,True,True,False,False,True,10-Q:2026-04-30;8-K:2026-04-29,10-Q:2026-04-30;424B5:2026-05-05;424B5:2026-05-05;8-K:2026-04-29,sec_edgar_submissions_api
883,NVDA,NVDA,0001045810,2025-02-01,2025-02-03,ok,ok,False,False,False,False,False,False,False,,,sec_edgar_submissions_api
884,NFLX,NFLX,0001065280,2025-02-01,2025-02-03,ok,ok,True,True,False,False,True,False,True,10-K:2025-01-27,10-K:2025-01-27,sec_edgar_submissions_api
885,MSFT,MSFT,0000789019,2025-02-01,2025-02-03,ok,ok,True,True,True,True,False,False,True,10-Q:2025-01-29;8-K:2025-01-29,10-Q:2025-01-29;8-K:2025-01-29,sec_edgar_submissions_api
886,AAPL,AAPL,0000320193,2020-04-30,2020-04-30,ok,ok,True,True,True,True,False,True,True,10-Q:2020-05-01;424B2:2020-05-04;424B2:2020-05-05;8-K:2020-04-30,10-Q:2020-05-01;424B2:2020-05-04;424B2:2020-05-05;8-K:2020-04-30,sec_edgar_submissions_api
887,META,META,0001326801,2026-01-16,2026-01-16,ok,ok,True,True,True,False,False,False,True,8-K:2026-01-16,8-K:2026-01-16,sec_edgar_submissions_api
888,MSFT,MSFT,0000789019,2022-11-17,2022-11-17,ok,ok,False,False,False,False,False,False,False,,,sec_edgar_submissions_api
889,NVDA,NVDA,0001045810,2025-08-22,2025-08-22,ok,ok,True,True,True,True,False,False,True,10-Q:2025-08-27;8-K:2025-08-27,10-Q:2025-08-27;8-K:2025-08-27,sec_edgar_submissions_api
890,AAPL,AAPL,0000320193,2025-08-22,2025-08-22,ok,ok,False,False,False,False,False,False,False,,,sec_edgar_submissions_api
891,NVDA,NVDA,0001045810,2026-01-24,2026-01-26,ok,ok,True,True,True,False,False,False,True,8-K:2026-01-23,8-K:2026-01-23,sec_edgar_submissions_api
892,NVDA,NVDA,0001045810,2025-08-28,2025-08-28,ok,ok,True,True,True,True,False,False,True,10-Q:2025-08-27;8-K:2025-08-27,10-Q:2025-08-27;8-K:2025-08-27,sec_edgar_submissions_api
893,AAPL,AAPL,0000320193,2025-10-31,2025-10-31,ok,ok,True,True,True,False,True,False,True,10-K:2025-10-31;8-K:2025-10-30,10-K:2025-10-31;8-K:2025-10-30,sec_edgar_submissions_api
894,AMD,AMD,0000002488,2025-02-04,2025-02-04,ok,ok,True,True,True,False,True,False,True,10-K:2025-02-05;8-K:2025-02-04,10-K:2025-02-05;8-K:2025-02-04,sec_edgar_submissions_api
895,GOOGL,GOOGL,0001652044,2025-10-30,2025-10-30,ok,ok,True,True,True,True,False,True,True,10-Q:2025-10-30;424B5:2025-11-03;424B5:2025-11-03;8-K:2025-10-29,10-Q:2025-10-30;424B2:2025-11-05;424B2:2025-11-05;424B5:2025-11-03;424B5:2025-11-03;8-K:2025-10-29;8-K:2025-11-06,sec_edgar_submissions_api
896,PLTR,PLTR,0001321655,2026-04-30,2026-04-30,ok,ok,True,True,True,True,False,False,True,10-Q:2026-05-05;8-K:2026-05-04,10-Q:2026-05-05;8-K:2026-05-04,sec_edgar_submissions_api
897,MSFT,MSFT,0000789019,2025-08-01,2025-08-01,ok,ok,True,True,True,False,True,False,True,10-K:2025-07-30;8-K:2025-07-30,10-K:2025-07-30;8-K:2025-07-30,sec_edgar_submissions_api
898,AMZN,AMZN,0001018724,2026-02-06,2026-02-06,ok,ok,True,True,True,False,True,False,True,10-K:2026-02-06;8-K:2026-02-05,10-K:2026-02-06;8-K:2026-02-05,sec_edgar_submissions_api
899,NVDA,NVDA,0001045810,2026-02-06,2026-02-06,ok,ok,False,False,False,False,False,False,False,,,sec_edgar_submissions_api
900,META,META,0001326801,2026-02-06,2026-02-06,ok,ok,False,False,False,False,False,False,False,,,sec_edgar_submissions_api
901,MSFT,MSFT,0000789019,2026-02-06,2026-02-06,ok,ok,False,False,False,False,False,False,False,,,sec_edgar_submissions_api
902,AMZN,AMZN,0001018724,2025-07-10,2025-07-10,ok,ok,False,False,False,False,False,False,False,,,sec_edgar_submissions_api
903,META,META,0001326801,2025-07-10,2025-07-10,ok,ok,False,False,False,False,False,False,False,,,sec_edgar_submissions_api
904,AAPL,AAPL,0000320193,2023-05-19,2023-05-19,ok,ok,False,False,False,False,False,False,False,,,sec_edgar_submissions_api
905,NVDA,NVDA,0001045810,2026-03-02,2026-03-02,ok,ok,True,True,True,False,True,False,True,10-K:2026-02-25;8-K:2026-02-25;8-K:2026-03-06,10-K:2026-02-25;8-K:2026-02-25;8-K:2026-03-06,sec_edgar_submissions_api
906,NVDA,NVDA,0001045810,2026-03-02,2026-03-02,ok,ok,True,True,True,False,True,False,True,10-K:2026-02-25;8-K:2026-02-25;8-K:2026-03-06,10-K:2026-02-25;8-K:2026-02-25;8-K:2026-03-06,sec_edgar_submissions_api
907,NVDA,NVDA,0001045810,2026-03-02,2026-03-02,ok,ok,True,True,True,False,True,False,True,10-K:2026-02-25;8-K:2026-02-25;8-K:2026-03-06,10-K:2026-02-25;8-K:2026-02-25;8-K:2026-03-06,sec_edgar_submissions_api
908,NVDA,NVDA,0001045810,2026-03-02,2026-03-02,ok,ok,True,True,True,False,True,False,True,10-K:2026-02-25;8-K:2026-02-25;8-K:2026-03-06,10-K:2026-02-25;8-K:2026-02-25;8-K:2026-03-06,sec_edgar_submissions_api
909,AMZN,AMZN,0001018724,2026-03-02,2026-03-02,ok,ok,True,True,True,False,False,False,True,8-K:2026-02-27,8-K:2026-02-27,sec_edgar_submissions_api
910,MSFT,MSFT,0000789019,2026-01-29,2026-01-29,ok,ok,True,True,True,True,False,False,True,10-Q:2026-01-28;8-K:2026-01-28,10-Q:2026-01-28;8-K:2026-01-28,sec_edgar_submissions_api
911,GOOGL,GOOGL,0001652044,2025-11-25,2025-11-25,ok,ok,False,False,False,False,False,False,False,,,sec_edgar_submissions_api
912,GOOGL,GOOGL,0001652044,2025-11-25,2025-11-25,ok,ok,False,False,False,False,False,False,False,,,sec_edgar_submissions_api
913,GOOGL,GOOGL,0001652044,2025-11-25,2025-11-25,ok,ok,False,False,False,False,False,False,False,,,sec_edgar_submissions_api
914,AMZN,AMZN,0001018724,2024-06-04,2024-06-04,ok,ok,False,False,False,False,False,False,False,,,sec_edgar_submissions_api
915,AMZN,AMZN,0001018724,2024-06-04,2024-06-04,ok,ok,False,False,False,False,False,False,False,,,sec_edgar_submissions_api
916,NVDA,NVDA,0001045810,2026-02-27,2026-02-27,ok,ok,True,True,True,False,True,False,True,10-K:2026-02-25;8-K:2026-02-25,10-K:2026-02-25;8-K:2026-02-25;8-K:2026-03-06,sec_edgar_submissions_api
917,SOFI,SOFI,0001818874,2026-03-03,2026-03-03,ok,ok,False,False,False,False,False,False,False,,,sec_edgar_submissions_api
918,AMZN,AMZN,0001018724,2026-03-14,2026-03-16,ok,ok,True,True,True,False,False,True,True,424B5:2026-03-10;424B5:2026-03-11;424B5:2026-03-12;424B5:2026-03-13;8-K:2026-03-13;8-K:2026-03-16,424B5:2026-03-10;424B5:2026-03-11;424B5:2026-03-12;424B5:2026-03-13;8-K:2026-03-13;8-K:2026-03-16,sec_edgar_submissions_api
919,AMZN,AMZN,0001018724,2026-02-28,2026-03-02,ok,ok,True,True,True,False,False,False,True,8-K:2026-02-27,8-K:2026-02-27,sec_edgar_submissions_api
920,MSFT,MSFT,0000789019,2025-08-02,2025-08-04,ok,ok,True,True,True,False,True,False,True,10-K:2025-07-30;8-K:2025-07-30,10-K:2025-07-30;8-K:2025-07-30,sec_edgar_submissions_api
921,AAPL,AAPL,0000320193,2025-02-22,2025-02-24,ok,ok,True,True,True,False,False,False,True,8-K:2025-02-25,8-K:2025-02-25,sec_edgar_submissions_api
922,AAPL,AAPL,0000320193,2025-02-22,2025-02-24,ok,ok,True,True,True,False,False,False,True,8-K:2025-02-25,8-K:2025-02-25,sec_edgar_submissions_api
923,AMZN,AMZN,0001018724,2025-02-22,2025-02-24,ok,ok,False,False,False,False,False,False,False,,,sec_edgar_submissions_api
924,AMZN,AMZN,0001018724,2025-02-22,2025-02-24,ok,ok,False,False,False,False,False,False,False,,,sec_edgar_submissions_api
925,AMZN,AMZN,0001018724,2025-02-22,2025-02-24,ok,ok,False,False,False,False,False,False,False,,,sec_edgar_submissions_api
926,NVDA,NVDA,0001045810,2025-02-22,2025-02-24,ok,ok,True,True,True,False,True,False,True,10-K:2025-02-26;8-K:2025-02-26,10-K:2025-02-26;8-K:2025-02-26,sec_edgar_submissions_api
927,TSLA,TSLA,0001318605,2025-02-22,2025-02-24,ok,ok,False,False,False,False,False,False,False,,,sec_edgar_submissions_api
928,NVDA,NVDA,0001045810,2026-04-28,2026-04-28,ok,ok,True,True,True,False,False,False,True,8-K:2026-04-27,8-K:2026-04-27,sec_edgar_submissions_api
929,AMD,AMD,0000002488,2026-04-28,2026-04-28,ok,ok,False,True,False,False,False,False,True,,8-K:2026-05-05,sec_edgar_submissions_api
930,MSFT,MSFT,0000789019,2025-10-24,2025-10-24,ok,ok,True,True,True,True,False,False,True,10-Q:2025-10-29;8-K:2025-10-29,10-Q:2025-10-29;8-K:2025-10-29,sec_edgar_submissions_api
931,NVDA,NVDA,0001045810,2025-11-29,2025-12-01,ok,ok,False,False,False,False,False,False,False,,,sec_edgar_submissions_api
932,TSLA,TSLA,0001318605,2025-03-07,2025-03-07,ok,ok,False,False,False,False,False,False,False,,,sec_edgar_submissions_api
933,AMD,AMD,0000002488,2026-03-12,2026-03-12,ok,ok,False,False,False,False,False,False,False,,,sec_edgar_submissions_api
934,NVDA,NVDA,0001045810,2026-03-12,2026-03-12,ok,ok,False,True,False,False,False,False,True,,8-K:2026-03-06,sec_edgar_submissions_api
935,TSLA,TSLA,0001318605,2026-03-12,2026-03-12,ok,ok,False,False,False,False,False,False,False,,,sec_edgar_submissions_api
936,NVDA,NVDA,0001045810,2026-03-04,2026-03-04,ok,ok,True,True,True,False,False,False,True,8-K:2026-03-06,10-K:2026-02-25;8-K:2026-02-25;8-K:2026-03-06,sec_edgar_submissions_api
937,NVDA,NVDA,0001045810,2026-03-04,2026-03-04,ok,ok,True,True,True,False,False,False,True,8-K:2026-03-06,10-K:2026-02-25;8-K:2026-02-25;8-K:2026-03-06,sec_edgar_submissions_api
938,SOFI,SOFI,0001818874,2026-03-04,2026-03-04,ok,ok,False,False,False,False,False,False,False,,,sec_edgar_submissions_api
939,META,META,0001326801,2026-03-04,2026-03-04,ok,ok,False,False,False,False,False,False,False,,,sec_edgar_submissions_api
940,META,META,0001326801,2026-03-04,2026-03-04,ok,ok,False,False,False,False,False,False,False,,,sec_edgar_submissions_api
941,AAPL,AAPL,0000320193,2026-03-04,2026-03-04,ok,ok,False,False,False,False,False,False,False,,,sec_edgar_submissions_api
942,DIS,DIS,0001744489,2024-09-23,2024-09-23,ok,ok,False,False,False,False,False,False,False,,,sec_edgar_submissions_api
943,DIS,DIS,0001744489,2024-09-23,2024-09-23,ok,ok,False,False,False,False,False,False,False,,,sec_edgar_submissions_api
944,SOFI,SOFI,0001818874,2026-03-29,2026-03-30,ok,ok,False,False,False,False,False,False,False,,,sec_edgar_submissions_api
945,AMD,AMD,0000002488,2026-04-25,2026-04-27,ok,ok,False,False,False,False,False,False,False,,,sec_edgar_submissions_api
946,AMZN,AMZN,0001018724,2025-11-14,2025-11-14,ok,ok,True,True,False,False,False,True,True,424B5:2025-11-17;424B5:2025-11-19,424B5:2025-11-17;424B5:2025-11-19;8-K:2025-11-20,sec_edgar_submissions_api
947,META,META,0001326801,2026-01-28,2026-01-28,ok,ok,True,True,True,False,True,False,True,10-K:2026-01-29;8-K:2026-01-28,10-K:2026-01-29;8-K:2026-01-28,sec_edgar_submissions_api
948,META,META,0001326801,2026-01-28,2026-01-28,ok,ok,True,True,True,False,True,False,True,10-K:2026-01-29;8-K:2026-01-28,10-K:2026-01-29;8-K:2026-01-28,sec_edgar_submissions_api
949,SOFI,SOFI,0001818874,2026-05-01,2026-05-01,ok,ok,True,True,True,False,False,False,True,8-K:2026-04-29,10-Q:2026-05-07;8-K:2026-04-29,sec_edgar_submissions_api
950,NVDA,NVDA,0001045810,2026-03-04,2026-03-04,ok,ok,True,True,True,False,False,False,True,8-K:2026-03-06,10-K:2026-02-25;8-K:2026-02-25;8-K:2026-03-06,sec_edgar_submissions_api
951,NVDA,NVDA,0001045810,2026-03-04,2026-03-04,ok,ok,True,True,True,False,False,False,True,8-K:2026-03-06,10-K:2026-02-25;8-K:2026-02-25;8-K:2026-03-06,sec_edgar_submissions_api
952,META,META,0001326801,2026-03-04,2026-03-04,ok,ok,False,False,False,False,False,False,False,,,sec_edgar_submissions_api
953,GOOGL,GOOGL,0001652044,2025-07-17,2025-07-17,ok,ok,True,True,True,False,False,False,True,8-K:2025-07-18,10-Q:2025-07-24;8-K:2025-07-18;8-K:2025-07-23,sec_edgar_submissions_api
954,TSLA,TSLA,0001318605,2025-07-17,2025-07-17,ok,ok,False,True,False,False,False,False,True,,10-Q:2025-07-24;8-K:2025-07-10;8-K:2025-07-23,sec_edgar_submissions_api
955,AAPL,AAPL,0000320193,2025-07-17,2025-07-17,ok,ok,False,False,False,False,False,False,False,,,sec_edgar_submissions_api
956,MSFT,MSFT,0000789019,2025-07-17,2025-07-17,ok,ok,False,False,False,False,False,False,False,,,sec_edgar_submissions_api
957,NVDA,NVDA,0001045810,2025-07-17,2025-07-17,ok,ok,False,False,False,False,False,False,False,,,sec_edgar_submissions_api
958,PYPL,PYPL,0001633917,2026-01-16,2026-01-16,ok,ok,False,False,False,False,False,False,False,,,sec_edgar_submissions_api
959,MSFT,MSFT,0000789019,2026-02-05,2026-02-05,ok,ok,False,False,False,False,False,False,False,,,sec_edgar_submissions_api
960,MSFT,MSFT,0000789019,2022-10-17,2022-10-17,ok,ok,False,False,False,False,False,False,False,,,sec_edgar_submissions_api
961,META,META,0001326801,2025-11-21,2025-11-21,ok,ok,False,False,False,False,False,False,False,,,sec_edgar_submissions_api
962,META,META,0001326801,2025-11-21,2025-11-21,ok,ok,False,False,False,False,False,False,False,,,sec_edgar_submissions_api
963,NVDA,NVDA,0001045810,2024-11-21,2024-11-21,ok,ok,True,True,True,True,False,False,True,10-Q:2024-11-20;8-K:2024-11-20,10-Q:2024-11-20;8-K:2024-11-20,sec_edgar_submissions_api
964,NVDA,NVDA,0001045810,2024-11-21,2024-11-21,ok,ok,True,True,True,True,False,False,True,10-Q:2024-11-20;8-K:2024-11-20,10-Q:2024-11-20;8-K:2024-11-20,sec_edgar_submissions_api
965,NVDA,NVDA,0001045810,2024-11-21,2024-11-21,ok,ok,True,True,True,True,False,False,True,10-Q:2024-11-20;8-K:2024-11-20,10-Q:2024-11-20;8-K:2024-11-20,sec_edgar_submissions_api
966,META,META,0001326801,2026-02-12,2026-02-12,ok,ok,False,False,False,False,False,False,False,,,sec_edgar_submissions_api
967,PYPL,PYPL,0001633917,2026-02-17,2026-02-17,ok,ok,False,False,False,False,False,False,False,,,sec_edgar_submissions_api
968,MSFT,MSFT,0000789019,2023-02-14,2023-02-14,ok,ok,False,False,False,False,False,False,False,,,sec_edgar_submissions_api
969,AMZN,AMZN,0001018724,2025-04-18,2025-04-21,ok,ok,False,False,False,False,False,False,False,,,sec_edgar_submissions_api
970,AMZN,AMZN,0001018724,2025-04-18,2025-04-21,ok,ok,False,False,False,False,False,False,False,,,sec_edgar_submissions_api
971,SOFI,SOFI,0001818874,2026-02-17,2026-02-17,ok,ok,True,True,False,False,True,False,True,10-K:2026-02-17,10-K:2026-02-17,sec_edgar_submissions_api
972,SOFI,SOFI,0001818874,2026-05-03,2026-05-04,ok,ok,True,True,True,True,False,False,True,10-Q:2026-05-07;8-K:2026-04-29,10-Q:2026-05-07;8-K:2026-04-29,sec_edgar_submissions_api
973,MSFT,MSFT,0000789019,2025-03-28,2025-03-28,ok,ok,False,False,False,False,False,False,False,,,sec_edgar_submissions_api
974,HOOD,HOOD,0001783879,2026-02-11,2026-02-11,ok,ok,True,True,True,False,False,False,True,8-K:2026-02-10,10-K:2026-02-18;8-K:2026-02-10,sec_edgar_submissions_api
975,AMZN,AMZN,0001018724,2026-02-27,2026-02-27,ok,ok,True,True,True,False,False,False,True,8-K:2026-02-27,8-K:2026-02-27,sec_edgar_submissions_api
976,AMZN,AMZN,0001018724,2026-02-27,2026-02-27,ok,ok,True,True,True,False,False,False,True,8-K:2026-02-27,8-K:2026-02-27,sec_edgar_submissions_api
977,AMZN,AMZN,0001018724,2026-02-27,2026-02-27,ok,ok,True,True,True,False,False,False,True,8-K:2026-02-27,8-K:2026-02-27,sec_edgar_submissions_api
978,AMZN,AMZN,0001018724,2026-02-27,2026-02-27,ok,ok,True,True,True,False,False,False,True,8-K:2026-02-27,8-K:2026-02-27,sec_edgar_submissions_api
979,AAPL,AAPL,0000320193,2025-03-07,2025-03-07,ok,ok,False,False,False,False,False,False,False,,,sec_edgar_submissions_api
980,TSLA,TSLA,0001318605,2025-03-07,2025-03-07,ok,ok,False,False,False,False,False,False,False,,,sec_edgar_submissions_api
981,NFLX,NFLX,0001065280,2025-03-07,2025-03-07,ok,ok,False,False,False,False,False,False,False,,,sec_edgar_submissions_api
982,NVDA,NVDA,0001045810,2026-02-26,2026-02-26,ok,ok,True,True,True,False,True,False,True,10-K:2026-02-25;8-K:2026-02-25,10-K:2026-02-25;8-K:2026-02-25,sec_edgar_submissions_api
983,SOFI,SOFI,0001818874,2026-02-26,2026-02-26,ok,ok,False,False,False,False,False,False,False,,,sec_edgar_submissions_api
984,MSFT,MSFT,0000789019,2026-02-26,2026-02-26,ok,ok,False,False,False,False,False,False,False,,,sec_edgar_submissions_api
985,GOOGL,GOOGL,0001652044,2025-02-05,2025-02-05,ok,ok,True,True,True,False,True,False,True,10-K:2025-02-05;8-K:2025-02-04,10-K:2025-02-05;8-K:2025-02-04,sec_edgar_submissions_api
986,PYPL,PYPL,0001633917,2023-09-25,2023-09-25,ok,ok,False,True,False,False,False,False,True,,8-K:2023-10-02,sec_edgar_submissions_api
987,AMZN,AMZN,0001018724,2022-12-09,2022-12-09,ok,ok,False,False,False,False,False,False,False,,,sec_edgar_submissions_api
988,SOFI,SOFI,0001818874,2026-04-29,2026-04-29,ok,ok,True,True,True,False,False,False,True,8-K:2026-04-29,8-K:2026-04-29,sec_edgar_submissions_api
989,SOFI,SOFI,0001818874,2026-04-29,2026-04-29,ok,ok,True,True,True,False,False,False,True,8-K:2026-04-29,8-K:2026-04-29,sec_edgar_submissions_api
990,META,META,0001326801,2026-04-29,2026-04-29,ok,ok,True,True,True,True,False,True,True,10-Q:2026-04-30;424B2:2026-04-30;424B2:2026-05-01;8-K:2026-04-29;8-K:2026-05-04,10-Q:2026-04-30;424B2:2026-04-30;424B2:2026-05-01;8-K:2026-04-29;8-K:2026-05-04,sec_edgar_submissions_api
991,NVDA,NVDA,0001045810,2026-04-21,2026-04-21,ok,ok,False,True,False,False,False,False,True,,8-K:2026-04-27,sec_edgar_submissions_api
992,PLTR,PLTR,0001321655,2026-04-21,2026-04-21,ok,ok,False,False,False,False,False,False,False,,,sec_edgar_submissions_api
993,NVDA,NVDA,0001045810,2026-04-21,2026-04-21,ok,ok,False,True,False,False,False,False,True,,8-K:2026-04-27,sec_edgar_submissions_api
994,TSLA,TSLA,0001318605,2026-01-31,2026-02-02,ok,ok,True,True,True,False,True,False,True,10-K:2026-01-29;8-K:2026-01-28,10-K:2026-01-29;8-K:2026-01-28,sec_edgar_submissions_api
995,AMD,AMD,0000002488,2025-12-31,2025-12-31,ok,ok,False,False,False,False,False,False,False,,,sec_edgar_submissions_api
996,AMZN,AMZN,0001018724,2026-04-12,2026-04-13,ok,ok,True,True,True,False,False,False,True,8-K:2026-04-09;8-K:2026-04-14,8-K:2026-04-09;8-K:2026-04-14,sec_edgar_submissions_api
997,AMZN,AMZN,0001018724,2026-03-16,2026-03-16,ok,ok,True,True,True,False,False,True,True,424B5:2026-03-11;424B5:2026-03-12;424B5:2026-03-13;8-K:2026-03-13;8-K:2026-03-16,424B5:2026-03-10;424B5:2026-03-11;424B5:2026-03-12;424B5:2026-03-13;8-K:2026-03-13;8-K:2026-03-16,sec_edgar_submissions_api
998,AAPL,AAPL,0000320193,2026-03-16,2026-03-16,ok,ok,False,False,False,False,False,False,False,,,sec_edgar_submissions_api
999,AMD,AMD,0000002488,2026-05-07,2026-05-07,ok,ok,True,False,True,True,False,False,True,10-Q:2026-05-06;8-K:2026-05-05,,sec_edgar_submissions_api
1000,NVDA,NVDA,0001045810,2026-05-05,2026-05-05,ok,ok,True,True,True,False,False,False,True,8-K:2026-05-08,8-K:2026-05-08,sec_edgar_submissions_api
1001,GOOGL,GOOGL,0001652044,2026-05-05,2026-05-05,ok,ok,True,True,False,True,False,True,True,10-Q:2026-04-30;424B2:2026-05-07;424B2:2026-05-07;424B5:2026-05-05;424B5:2026-05-05,10-Q:2026-04-30;424B2:2026-05-07;424B2:2026-05-07;424B5:2026-05-05;424B5:2026-05-05;424B5:2026-05-11;8-K:2026-04-29;8-K:2026-05-11,sec_edgar_submissions_api
1002,META,META,0001326801,2026-05-05,2026-05-05,ok,ok,True,True,True,True,False,True,True,10-Q:2026-04-30;424B2:2026-04-30;424B2:2026-05-01;8-K:2026-05-04,10-Q:2026-04-30;424B2:2026-04-30;424B2:2026-05-01;8-K:2026-04-29;8-K:2026-05-04,sec_edgar_submissions_api
1003,SHOP,SHOP,0001594805,2026-02-18,2026-02-18,ok,ok,False,True,False,False,False,False,True,,10-K:2026-02-11;8-K:2026-02-11,sec_edgar_submissions_api
1004,AMZN,AMZN,0001018724,2026-04-17,2026-04-17,ok,ok,True,True,True,False,False,False,True,8-K:2026-04-14,8-K:2026-04-14,sec_edgar_submissions_api
1005,GOOGL,GOOGL,0001652044,2026-01-12,2026-01-12,ok,ok,False,False,False,False,False,False,False,,,sec_edgar_submissions_api
1006,UBER,UBER,0001543151,2026-05-09,2026-05-11,ok,ok,True,False,True,True,False,False,True,10-Q:2026-05-06;8-K:2026-05-06;8-K:2026-05-08;8-K:2026-05-11,,sec_edgar_submissions_api
1007,PLTR,PLTR,0001321655,2026-01-21,2026-01-21,ok,ok,False,False,False,False,False,False,False,,,sec_edgar_submissions_api
1008,NFLX,NFLX,0001065280,2026-01-04,2026-01-05,ok,ok,False,False,False,False,False,False,False,,,sec_edgar_submissions_api
1009,META,META,0001326801,2026-05-09,2026-05-11,ok,ok,True,False,True,False,False,False,True,8-K:2026-05-04,,sec_edgar_submissions_api
1010,META,META,0001326801,2026-05-09,2026-05-11,ok,ok,True,False,True,False,False,False,True,8-K:2026-05-04,,sec_edgar_submissions_api
1011,META,META,0001326801,2026-05-09,2026-05-11,ok,ok,True,False,True,False,False,False,True,8-K:2026-05-04,,sec_edgar_submissions_api
1012,GOOGL,GOOGL,0001652044,2023-08-25,2023-08-25,ok,ok,False,False,False,False,False,False,False,,,sec_edgar_submissions_api
1013,GOOGL,GOOGL,0001652044,2026-04-30,2026-04-30,ok,ok,True,True,True,True,False,True,True,10-Q:2026-04-30;424B5:2026-05-05;424B5:2026-05-05;8-K:2026-04-29,10-Q:2026-04-30;424B2:2026-05-07;424B2:2026-05-07;424B5:2026-05-05;424B5:2026-05-05;8-K:2026-04-29,sec_edgar_submissions_api
1014,PYPL,PYPL,0001633917,2026-05-05,2026-05-05,ok,ok,True,True,True,True,False,False,True,10-Q:2026-05-05;8-K:2026-04-30;8-K:2026-05-05,10-Q:2026-05-05;424B2:2026-05-12;8-K:2026-04-30;8-K:2026-05-05,sec_edgar_submissions_api
1015,PYPL,PYPL,0001633917,2026-05-05,2026-05-05,ok,ok,True,True,True,True,False,False,True,10-Q:2026-05-05;8-K:2026-04-30;8-K:2026-05-05,10-Q:2026-05-05;424B2:2026-05-12;8-K:2026-04-30;8-K:2026-05-05,sec_edgar_submissions_api
1016,MSFT,MSFT,0000789019,2026-05-05,2026-05-05,ok,ok,False,True,False,False,False,False,True,,10-Q:2026-04-29;8-K:2026-04-29,sec_edgar_submissions_api
1017,SHOP,SHOP,0001594805,2026-05-05,2026-05-05,ok,ok,True,True,True,True,False,False,True,10-Q:2026-05-05;8-K:2026-05-05;8-K:2026-05-08,10-K/A:2026-04-29;10-Q:2026-05-05;8-K:2026-05-05;8-K:2026-05-08,sec_edgar_submissions_api
1018,MSFT,MSFT,0000789019,2026-04-30,2026-04-30,ok,ok,True,True,True,True,False,False,True,10-Q:2026-04-29;8-K:2026-04-29,10-Q:2026-04-29;8-K:2026-04-29,sec_edgar_submissions_api
1019,META,META,0001326801,2026-04-29,2026-04-29,ok,ok,True,True,True,True,False,True,True,10-Q:2026-04-30;424B2:2026-04-30;424B2:2026-05-01;8-K:2026-04-29;8-K:2026-05-04,10-Q:2026-04-30;424B2:2026-04-30;424B2:2026-05-01;8-K:2026-04-29;8-K:2026-05-04,sec_edgar_submissions_api
1020,GOOGL,GOOGL,0001652044,2026-04-29,2026-04-29,ok,ok,True,True,True,True,False,False,True,10-Q:2026-04-30;8-K:2026-04-29,10-Q:2026-04-30;424B5:2026-05-05;424B5:2026-05-05;8-K:2026-04-29,sec_edgar_submissions_api
1021,META,META,0001326801,2026-03-13,2026-03-13,ok,ok,False,False,False,False,False,False,False,,,sec_edgar_submissions_api
1022,SOFI,SOFI,0001818874,2026-04-29,2026-04-29,ok,ok,True,True,True,False,False,False,True,8-K:2026-04-29,8-K:2026-04-29,sec_edgar_submissions_api
1023,NFLX,NFLX,0001065280,2026-04-16,2026-04-16,ok,ok,True,True,True,True,False,False,True,10-Q:2026-04-17;8-K:2026-04-16,10-Q:2026-04-17;8-K:2026-04-16;8-K:2026-04-23,sec_edgar_submissions_api
1024,AMD,AMD,0000002488,2026-05-05,2026-05-05,ok,ok,True,True,True,True,False,False,True,10-Q:2026-05-06;8-K:2026-05-05,10-Q:2026-05-06;8-K:2026-05-05,sec_edgar_submissions_api
1025,NVDA,NVDA,0001045810,2026-05-05,2026-05-05,ok,ok,True,True,True,False,False,False,True,8-K:2026-05-08,8-K:2026-05-08,sec_edgar_submissions_api
1026,GOOGL,GOOGL,0001652044,2026-05-05,2026-05-05,ok,ok,True,True,False,True,False,True,True,10-Q:2026-04-30;424B2:2026-05-07;424B2:2026-05-07;424B5:2026-05-05;424B5:2026-05-05,10-Q:2026-04-30;424B2:2026-05-07;424B2:2026-05-07;424B5:2026-05-05;424B5:2026-05-05;424B5:2026-05-11;8-K:2026-04-29;8-K:2026-05-11,sec_edgar_submissions_api
1027,GOOGL,GOOGL,0001652044,2026-04-29,2026-04-29,ok,ok,True,True,True,True,False,False,True,10-Q:2026-04-30;8-K:2026-04-29,10-Q:2026-04-30;424B5:2026-05-05;424B5:2026-05-05;8-K:2026-04-29,sec_edgar_submissions_api
1028,META,META,0001326801,2026-03-17,2026-03-17,ok,ok,False,False,False,False,False,False,False,,,sec_edgar_submissions_api
1029,META,META,0001326801,2026-03-17,2026-03-17,ok,ok,False,False,False,False,False,False,False,,,sec_edgar_submissions_api
1030,META,META,0001326801,2026-03-17,2026-03-17,ok,ok,False,False,False,False,False,False,False,,,sec_edgar_submissions_api
1031,AAPL,AAPL,0000320193,2025-06-27,2025-06-27,ok,ok,False,False,False,False,False,False,False,,,sec_edgar_submissions_api
1032,TSLA,TSLA,0001318605,2026-05-04,2026-05-04,ok,ok,True,True,False,False,True,False,True,10-K/A:2026-04-30,10-K/A:2026-04-30,sec_edgar_submissions_api
1033,GOOGL,GOOGL,0001652044,2026-02-15,2026-02-17,ok,ok,True,True,True,False,False,True,True,424B2:2026-02-11;424B2:2026-02-12;424B5:2026-02-10;8-K:2026-02-13,424B2:2026-02-11;424B2:2026-02-12;424B5:2026-02-09;424B5:2026-02-10;8-K:2026-02-13,sec_edgar_submissions_api
1034,PLTR,PLTR,0001321655,2026-04-10,2026-04-10,ok,ok,False,False,False,False,False,False,False,,,sec_edgar_submissions_api
1035,META,META,0001326801,2026-05-02,2026-05-04,ok,ok,True,True,True,True,False,True,True,10-Q:2026-04-30;424B2:2026-04-30;424B2:2026-05-01;8-K:2026-04-29;8-K:2026-05-04,10-Q:2026-04-30;424B2:2026-04-30;424B2:2026-05-01;8-K:2026-04-29;8-K:2026-05-04,sec_edgar_submissions_api
1036,META,META,0001326801,2026-05-08,2026-05-08,ok,ok,True,False,True,False,False,False,True,8-K:2026-05-04,,sec_edgar_submissions_api
1037,META,META,0001326801,2026-05-08,2026-05-08,ok,ok,True,False,True,False,False,False,True,8-K:2026-05-04,,sec_edgar_submissions_api
1038,META,META,0001326801,2026-05-08,2026-05-08,ok,ok,True,False,True,False,False,False,True,8-K:2026-05-04,,sec_edgar_submissions_api
1039,SOFI,SOFI,0001818874,2026-05-08,2026-05-08,ok,ok,True,False,False,True,False,False,True,10-Q:2026-05-07,,sec_edgar_submissions_api
1040,NFLX,NFLX,0001065280,2026-05-08,2026-05-08,ok,ok,False,False,False,False,False,False,False,,,sec_edgar_submissions_api
1041,NVDA,NVDA,0001045810,2026-04-27,2026-04-27,ok,ok,True,True,True,False,False,False,True,8-K:2026-04-27,8-K:2026-04-27,sec_edgar_submissions_api
1042,NVDA,NVDA,0001045810,2026-04-27,2026-04-27,ok,ok,True,True,True,False,False,False,True,8-K:2026-04-27,8-K:2026-04-27,sec_edgar_submissions_api
1043,GOOGL,GOOGL,0001652044,2026-05-05,2026-05-05,ok,ok,True,True,False,True,False,True,True,10-Q:2026-04-30;424B2:2026-05-07;424B2:2026-05-07;424B5:2026-05-05;424B5:2026-05-05,10-Q:2026-04-30;424B2:2026-05-07;424B2:2026-05-07;424B5:2026-05-05;424B5:2026-05-05;424B5:2026-05-11;8-K:2026-04-29;8-K:2026-05-11,sec_edgar_submissions_api
1044,TSLA,TSLA,0001318605,2026-03-21,2026-03-23,ok,ok,False,False,False,False,False,False,False,,,sec_edgar_submissions_api
1045,DIS,DIS,0001744489,2025-04-29,2025-04-29,ok,ok,False,False,False,False,False,False,False,,,sec_edgar_submissions_api
1046,DIS,DIS,0001744489,2025-04-29,2025-04-29,ok,ok,False,False,False,False,False,False,False,,,sec_edgar_submissions_api
1047,AMZN,AMZN,0001018724,2025-12-31,2025-12-31,ok,ok,False,False,False,False,False,False,False,,,sec_edgar_submissions_api
1048,AMZN,AMZN,0001018724,2026-04-28,2026-04-28,ok,ok,True,True,True,True,False,False,True,10-Q:2026-04-30;8-K:2026-04-29,10-Q:2026-04-30;8-K:2026-04-29,sec_edgar_submissions_api
1049,NVDA,NVDA,0001045810,2026-04-04,2026-04-06,ok,ok,False,False,False,False,False,False,False,,,sec_edgar_submissions_api
1050,NVDA,NVDA,0001045810,2026-05-11,2026-05-11,ok,ok,True,False,True,False,False,False,True,8-K:2026-05-08,,sec_edgar_submissions_api
1051,AMZN,AMZN,0001018724,2026-05-04,2026-05-04,ok,ok,True,True,True,True,False,False,True,10-Q:2026-04-30;8-K:2026-04-29,10-Q:2026-04-30;8-K:2026-04-29,sec_edgar_submissions_api
1052,AMD,AMD,0000002488,2026-04-30,2026-04-30,ok,ok,True,True,True,False,False,False,True,8-K:2026-05-05,10-Q:2026-05-06;8-K:2026-05-05,sec_edgar_submissions_api
1053,NVDA,NVDA,0001045810,2026-04-30,2026-04-30,ok,ok,True,True,True,False,False,False,True,8-K:2026-04-27,8-K:2026-04-27,sec_edgar_submissions_api
1054,TSLA,TSLA,0001318605,2025-05-14,2025-05-14,ok,ok,True,True,True,False,False,False,True,8-K:2025-05-16;8-K:2025-05-16,8-K:2025-05-16;8-K:2025-05-16,sec_edgar_submissions_api
1055,NVDA,NVDA,0001045810,2025-09-02,2025-09-02,ok,ok,False,True,False,False,False,False,True,,10-Q:2025-08-27;8-K:2025-08-27,sec_edgar_submissions_api
1056,META,META,0001326801,2025-06-26,2025-06-26,ok,ok,False,False,False,False,False,False,False,,,sec_edgar_submissions_api
1057,GOOGL,GOOGL,0001652044,2025-07-04,2025-07-07,ok,ok,False,False,False,False,False,False,False,,,sec_edgar_submissions_api
1058,NVDA,NVDA,0001045810,2025-08-25,2025-08-25,ok,ok,True,True,True,True,False,False,True,10-Q:2025-08-27;8-K:2025-08-27,10-Q:2025-08-27;8-K:2025-08-27,sec_edgar_submissions_api
1059,META,META,0001326801,2025-06-07,2025-06-09,ok,ok,False,False,False,False,False,False,False,,,sec_edgar_submissions_api
1060,TSLA,TSLA,0001318605,2021-05-14,2021-05-14,ok,ok,False,False,False,False,False,False,False,,,sec_edgar_submissions_api
1061,SQ,SQ,0001512673,2020-11-20,,ok,ok,False,False,False,False,False,False,False,,,sec_edgar_submissions_api
1062,AMZN,AMZN,0001018724,2020-07-17,2020-07-17,ok,ok,False,False,False,False,False,False,False,,,sec_edgar_submissions_api
1063,TSLA,TSLA,0001318605,2020-06-22,2020-06-22,ok,ok,False,True,False,False,False,False,True,,8-K:2020-06-16,sec_edgar_submissions_api
1064,TSLA,TSLA,0001318605,2020-06-15,2020-06-15,ok,ok,True,True,True,False,False,False,True,8-K:2020-06-16,8-K:2020-06-16,sec_edgar_submissions_api
1065,TSLA,TSLA,0001318605,2020-06-05,2020-06-05,ok,ok,False,False,False,False,False,False,False,,,sec_edgar_submissions_api
1066,TSLA,TSLA,0001318605,2020-06-01,2020-06-01,ok,ok,False,False,False,False,False,False,False,,,sec_edgar_submissions_api
1067,TSLA,TSLA,0001318605,2020-05-22,2020-05-22,ok,ok,False,False,False,False,False,False,False,,,sec_edgar_submissions_api
1068,GOOGL,GOOGL,0001652044,2023-10-27,2023-10-27,ok,ok,True,True,True,True,False,False,True,10-Q:2023-10-25;8-K:2023-10-24,10-Q:2023-10-25;8-K:2023-10-24,sec_edgar_submissions_api
1069,NVDA,NVDA,0001045810,2024-12-28,2024-12-30,ok,ok,False,False,False,False,False,False,False,,,sec_edgar_submissions_api
1070,NVDA,NVDA,0001045810,2024-12-28,2024-12-30,ok,ok,False,False,False,False,False,False,False,,,sec_edgar_submissions_api
1071,MSFT,MSFT,0000789019,2024-07-14,2024-07-15,ok,ok,False,False,False,False,False,False,False,,,sec_edgar_submissions_api
1072,META,META,0001326801,2026-04-09,2026-04-09,ok,ok,True,True,True,False,False,False,True,8-K:2026-04-14,8-K:2026-04-14,sec_edgar_submissions_api
1073,MSFT,MSFT,0000789019,2025-10-11,2025-10-13,ok,ok,False,False,False,False,False,False,False,,,sec_edgar_submissions_api
1074,AMC,AMC,0001411579,2024-05-31,2024-05-31,ok,ok,False,True,False,False,False,False,True,,8-K:2024-06-07,sec_edgar_submissions_api
1075,AMC,AMC,0001411579,2024-05-31,2024-05-31,ok,ok,False,True,False,False,False,False,True,,8-K:2024-06-07,sec_edgar_submissions_api
1076,DIS,DIS,0001744489,2022-11-18,2022-11-18,ok,ok,True,True,True,False,False,False,True,8-K:2022-11-21,8-K:2022-11-21,sec_edgar_submissions_api
1077,SHOP,SHOP,0001594805,2023-01-08,2023-01-09,ok,ok,False,False,False,False,False,False,False,,,sec_edgar_submissions_api
1078,AAPL,AAPL,0000320193,2023-08-18,2023-08-18,ok,ok,False,False,False,False,False,False,False,,,sec_edgar_submissions_api
1079,TSLA,TSLA,0001318605,2021-08-02,2021-08-02,ok,ok,False,True,False,False,False,False,True,,10-Q:2021-07-27;8-K:2021-07-26,sec_edgar_submissions_api
1080,AMD,AMD,0000002488,2025-11-24,2025-11-24,ok,ok,False,False,False,False,False,False,False,,,sec_edgar_submissions_api
1081,AMD,AMD,0000002488,2025-11-07,2025-11-07,ok,ok,True,True,True,True,False,False,True,10-Q:2025-11-05;8-K:2025-11-04,10-Q:2025-11-05;8-K:2025-11-04,sec_edgar_submissions_api
1082,MSFT,MSFT,0000789019,2024-12-04,2024-12-04,ok,ok,True,True,True,False,False,False,True,8-K:2024-12-03,8-K:2024-12-03;8-K:2024-12-11,sec_edgar_submissions_api
1083,NVDA,NVDA,0001045810,2023-03-21,2023-03-21,ok,ok,False,False,False,False,False,False,False,,,sec_edgar_submissions_api
1084,AMZN,AMZN,0001018724,2022-11-04,2022-11-04,ok,ok,False,True,False,False,False,False,True,,10-Q:2022-10-28,sec_edgar_submissions_api
1085,NVDA,NVDA,0001045810,2023-08-30,2023-08-30,ok,ok,True,True,False,True,False,False,True,10-Q:2023-08-28,10-Q:2023-08-28;8-K:2023-08-23,sec_edgar_submissions_api
1086,MSFT,MSFT,0000789019,2023-08-30,2023-08-30,ok,ok,False,False,False,False,False,False,False,,,sec_edgar_submissions_api
1087,GOOGL,GOOGL,0001652044,2023-12-18,2023-12-18,ok,ok,False,False,False,False,False,False,False,,,sec_edgar_submissions_api
1088,GOOGL,GOOGL,0001652044,2023-12-18,2023-12-18,ok,ok,False,False,False,False,False,False,False,,,sec_edgar_submissions_api
1089,AMD,AMD,0000002488,2023-12-18,2023-12-18,ok,ok,False,False,False,False,False,False,False,,,sec_edgar_submissions_api
1090,TSLA,TSLA,0001318605,2023-12-18,2023-12-18,ok,ok,False,False,False,False,False,False,False,,,sec_edgar_submissions_api
1091,TSLA,TSLA,0001318605,2022-01-20,2022-01-20,ok,ok,False,True,False,False,False,False,True,,8-K:2022-01-26,sec_edgar_submissions_api
1092,AMZN,AMZN,0001018724,2025-01-22,2025-01-22,ok,ok,False,False,False,False,False,False,False,,,sec_edgar_submissions_api
1093,NVDA,NVDA,0001045810,2025-01-22,2025-01-22,ok,ok,True,True,True,False,False,False,True,8-K:2025-01-17,8-K:2025-01-17,sec_edgar_submissions_api
1094,NVDA,NVDA,0001045810,2025-12-12,2025-12-12,ok,ok,False,False,False,False,False,False,False,,,sec_edgar_submissions_api
1095,GOOGL,GOOGL,0001652044,2025-12-31,2025-12-31,ok,ok,False,False,False,False,False,False,False,,,sec_edgar_submissions_api
1096,META,META,0001326801,2026-02-16,2026-02-17,ok,ok,False,False,False,False,False,False,False,,,sec_edgar_submissions_api
1097,PYPL,PYPL,0001633917,2026-02-16,2026-02-17,ok,ok,False,False,False,False,False,False,False,,,sec_edgar_submissions_api
1098,PYPL,PYPL,0001633917,2026-02-16,2026-02-17,ok,ok,False,False,False,False,False,False,False,,,sec_edgar_submissions_api
1099,PYPL,PYPL,0001633917,2026-02-16,2026-02-17,ok,ok,False,False,False,False,False,False,False,,,sec_edgar_submissions_api
1100,PYPL,PYPL,0001633917,2026-02-16,2026-02-17,ok,ok,False,False,False,False,False,False,False,,,sec_edgar_submissions_api
1101,NVDA,NVDA,0001045810,2026-02-16,2026-02-17,ok,ok,False,False,False,False,False,False,False,,,sec_edgar_submissions_api
1102,MSFT,MSFT,0000789019,2026-03-03,2026-03-03,ok,ok,False,False,False,False,False,False,False,,,sec_edgar_submissions_api
1103,MSFT,MSFT,0000789019,2026-03-03,2026-03-03,ok,ok,False,False,False,False,False,False,False,,,sec_edgar_submissions_api
1104,MSFT,MSFT,0000789019,2026-03-26,2026-03-26,ok,ok,False,False,False,False,False,False,False,,,sec_edgar_submissions_api
1105,SOFI,SOFI,0001818874,2026-04-07,2026-04-07,ok,ok,False,False,False,False,False,False,False,,,sec_edgar_submissions_api
1106,AMD,AMD,0000002488,2026-04-15,2026-04-15,ok,ok,False,False,False,False,False,False,False,,,sec_edgar_submissions_api
1107,AMD,AMD,0000002488,2026-04-15,2026-04-15,ok,ok,False,False,False,False,False,False,False,,,sec_edgar_submissions_api
1108,AMD,AMD,0000002488,2026-04-15,2026-04-15,ok,ok,False,False,False,False,False,False,False,,,sec_edgar_submissions_api
1109,AMD,AMD,0000002488,2026-04-22,2026-04-22,ok,ok,False,False,False,False,False,False,False,,,sec_edgar_submissions_api
1110,TSLA,TSLA,0001318605,2025-02-11,2025-02-11,ok,ok,False,False,False,False,False,False,False,,,sec_edgar_submissions_api
1111,TSLA,TSLA,0001318605,2025-02-11,2025-02-11,ok,ok,False,False,False,False,False,False,False,,,sec_edgar_submissions_api
1112,TSLA,TSLA,0001318605,2025-02-11,2025-02-11,ok,ok,False,False,False,False,False,False,False,,,sec_edgar_submissions_api
1113,TSLA,TSLA,0001318605,2025-02-11,2025-02-11,ok,ok,False,False,False,False,False,False,False,,,sec_edgar_submissions_api
1114,TSLA,TSLA,0001318605,2025-02-11,2025-02-11,ok,ok,False,False,False,False,False,False,False,,,sec_edgar_submissions_api
1115,GOOGL,GOOGL,0001652044,2025-10-29,2025-10-29,ok,ok,True,True,True,True,False,True,True,10-Q:2025-10-30;424B5:2025-11-03;424B5:2025-11-03;8-K:2025-10-29,10-Q:2025-10-30;424B2:2025-11-05;424B2:2025-11-05;424B5:2025-11-03;424B5:2025-11-03;8-K:2025-10-29,sec_edgar_submissions_api
1116,GOOGL,GOOGL,0001652044,2025-10-29,2025-10-29,ok,ok,True,True,True,True,False,True,True,10-Q:2025-10-30;424B5:2025-11-03;424B5:2025-11-03;8-K:2025-10-29,10-Q:2025-10-30;424B2:2025-11-05;424B2:2025-11-05;424B5:2025-11-03;424B5:2025-11-03;8-K:2025-10-29,sec_edgar_submissions_api
1117,AAPL,AAPL,0000320193,2025-10-29,2025-10-29,ok,ok,True,True,True,False,True,False,True,10-K:2025-10-31;8-K:2025-10-30,10-K:2025-10-31;8-K:2025-10-30,sec_edgar_submissions_api
1118,AAPL,AAPL,0000320193,2025-10-29,2025-10-29,ok,ok,True,True,True,False,True,False,True,10-K:2025-10-31;8-K:2025-10-30,10-K:2025-10-31;8-K:2025-10-30,sec_edgar_submissions_api
1119,AMZN,AMZN,0001018724,2026-01-31,2026-02-02,ok,ok,True,True,True,False,False,False,True,8-K:2026-02-05,10-K:2026-02-06;8-K:2026-02-05,sec_edgar_submissions_api
1120,NVDA,NVDA,0001045810,2026-03-30,2026-03-30,ok,ok,False,False,False,False,False,False,False,,,sec_edgar_submissions_api
1121,AMZN,AMZN,0001018724,2026-04-22,2026-04-22,ok,ok,False,True,False,False,False,False,True,,8-K:2026-04-29,sec_edgar_submissions_api
1122,AMZN,AMZN,0001018724,2026-04-22,2026-04-22,ok,ok,False,True,False,False,False,False,True,,8-K:2026-04-29,sec_edgar_submissions_api
1123,PYPL,PYPL,0001633917,2024-10-29,2024-10-29,ok,ok,True,True,True,True,False,False,True,10-Q:2024-10-29;8-K:2024-10-29,10-Q:2024-10-29;8-K:2024-10-29,sec_edgar_submissions_api
1124,TSLA,TSLA,0001318605,2025-09-01,2025-09-02,ok,ok,True,True,True,False,False,False,True,8-K:2025-09-05,8-K:2025-09-05,sec_edgar_submissions_api
1125,TSLA,TSLA,0001318605,2025-12-21,2025-12-22,ok,ok,False,False,False,False,False,False,False,,,sec_edgar_submissions_api
1126,TSLA,TSLA,0001318605,2025-12-17,2025-12-17,ok,ok,False,False,False,False,False,False,False,,,sec_edgar_submissions_api
1127,PYPL,PYPL,0001633917,2026-04-30,2026-04-30,ok,ok,True,True,True,True,False,False,True,10-Q:2026-05-05;8-K:2026-04-30;8-K:2026-05-05,10-Q:2026-05-05;8-K:2026-04-30;8-K:2026-05-05,sec_edgar_submissions_api
1128,GOOGL,GOOGL,0001652044,2025-11-09,2025-11-10,ok,ok,True,True,True,False,False,True,True,424B2:2025-11-05;424B2:2025-11-05;8-K:2025-11-06,424B2:2025-11-05;424B2:2025-11-05;424B5:2025-11-03;424B5:2025-11-03;8-K:2025-11-06,sec_edgar_submissions_api
1129,NVDA,NVDA,0001045810,2025-10-30,2025-10-30,ok,ok,False,False,False,False,False,False,False,,,sec_edgar_submissions_api
1130,NVDA,NVDA,0001045810,2025-10-30,2025-10-30,ok,ok,False,False,False,False,False,False,False,,,sec_edgar_submissions_api
1131,AAPL,AAPL,0000320193,2025-10-30,2025-10-30,ok,ok,True,True,True,False,True,False,True,10-K:2025-10-31;8-K:2025-10-30,10-K:2025-10-31;8-K:2025-10-30,sec_edgar_submissions_api
1132,GOOGL,GOOGL,0001652044,2025-10-30,2025-10-30,ok,ok,True,True,True,True,False,True,True,10-Q:2025-10-30;424B5:2025-11-03;424B5:2025-11-03;8-K:2025-10-29,10-Q:2025-10-30;424B2:2025-11-05;424B2:2025-11-05;424B5:2025-11-03;424B5:2025-11-03;8-K:2025-10-29;8-K:2025-11-06,sec_edgar_submissions_api
1133,AMZN,AMZN,0001018724,2025-10-30,2025-10-30,ok,ok,True,True,True,True,False,False,True,10-Q:2025-10-31;8-K:2025-10-30,10-Q:2025-10-31;8-K:2025-10-30,sec_edgar_submissions_api
1134,NVDA,NVDA,0001045810,2026-02-26,2026-02-26,ok,ok,True,True,True,False,True,False,True,10-K:2026-02-25;8-K:2026-02-25,10-K:2026-02-25;8-K:2026-02-25,sec_edgar_submissions_api
1135,NVDA,NVDA,0001045810,2026-02-26,2026-02-26,ok,ok,True,True,True,False,True,False,True,10-K:2026-02-25;8-K:2026-02-25,10-K:2026-02-25;8-K:2026-02-25,sec_edgar_submissions_api
1136,AAPL,AAPL,0000320193,2026-04-21,2026-04-21,ok,ok,True,True,True,False,False,False,True,8-K:2026-04-20,8-K:2026-04-20,sec_edgar_submissions_api
1137,TSLA,TSLA,0001318605,2026-04-23,2026-04-23,ok,ok,True,True,True,True,False,False,True,10-Q:2026-04-23;8-K:2026-04-22,10-K/A:2026-04-30;10-Q:2026-04-23;8-K:2026-04-22,sec_edgar_submissions_api
1138,TSLA,TSLA,0001318605,2024-10-23,2024-10-23,ok,ok,True,True,True,True,False,False,True,10-Q:2024-10-24;8-K:2024-10-23,10-Q:2024-10-24;8-K:2024-10-23,sec_edgar_submissions_api
1139,TSLA,TSLA,0001318605,2024-10-23,2024-10-23,ok,ok,True,True,True,True,False,False,True,10-Q:2024-10-24;8-K:2024-10-23,10-Q:2024-10-24;8-K:2024-10-23,sec_edgar_submissions_api
1140,TSLA,TSLA,0001318605,2024-10-23,2024-10-23,ok,ok,True,True,True,True,False,False,True,10-Q:2024-10-24;8-K:2024-10-23,10-Q:2024-10-24;8-K:2024-10-23,sec_edgar_submissions_api
1141,TSLA,TSLA,0001318605,2024-10-23,2024-10-23,ok,ok,True,True,True,True,False,False,True,10-Q:2024-10-24;8-K:2024-10-23,10-Q:2024-10-24;8-K:2024-10-23,sec_edgar_submissions_api
1142,TSLA,TSLA,0001318605,2024-10-23,2024-10-23,ok,ok,True,True,True,True,False,False,True,10-Q:2024-10-24;8-K:2024-10-23,10-Q:2024-10-24;8-K:2024-10-23,sec_edgar_submissions_api
1143,TSLA,TSLA,0001318605,2024-10-23,2024-10-23,ok,ok,True,True,True,True,False,False,True,10-Q:2024-10-24;8-K:2024-10-23,10-Q:2024-10-24;8-K:2024-10-23,sec_edgar_submissions_api
1144,NVDA,NVDA,0001045810,2024-10-23,2024-10-23,ok,ok,False,False,False,False,False,False,False,,,sec_edgar_submissions_api
1145,NVDA,NVDA,0001045810,2024-10-23,2024-10-23,ok,ok,False,False,False,False,False,False,False,,,sec_edgar_submissions_api
1146,NVDA,NVDA,0001045810,2024-10-23,2024-10-23,ok,ok,False,False,False,False,False,False,False,,,sec_edgar_submissions_api
1147,AAPL,AAPL,0000320193,2024-10-23,2024-10-23,ok,ok,False,False,False,False,False,False,False,,,sec_edgar_submissions_api
1148,AMD,AMD,0000002488,2024-12-10,2024-12-10,ok,ok,False,False,False,False,False,False,False,,,sec_edgar_submissions_api
1149,AMD,AMD,0000002488,2024-12-10,2024-12-10,ok,ok,False,False,False,False,False,False,False,,,sec_edgar_submissions_api
1150,AMD,AMD,0000002488,2024-12-10,2024-12-10,ok,ok,False,False,False,False,False,False,False,,,sec_edgar_submissions_api
1151,AMD,AMD,0000002488,2024-12-10,2024-12-10,ok,ok,False,False,False,False,False,False,False,,,sec_edgar_submissions_api
1152,AMD,AMD,0000002488,2024-12-10,2024-12-10,ok,ok,False,False,False,False,False,False,False,,,sec_edgar_submissions_api
1153,SHOP,SHOP,0001594805,2024-12-10,2024-12-10,ok,ok,False,False,False,False,False,False,False,,,sec_edgar_submissions_api
1154,TSLA,TSLA,0001318605,2024-12-10,2024-12-10,ok,ok,False,False,False,False,False,False,False,,,sec_edgar_submissions_api
1155,PYPL,PYPL,0001633917,2024-12-10,2024-12-10,ok,ok,False,False,False,False,False,False,False,,,sec_edgar_submissions_api
1156,COIN,COIN,0001679788,2025-11-05,2025-11-05,ok,ok,False,True,False,False,False,False,True,,10-Q:2025-10-30;8-K:2025-10-30,sec_edgar_submissions_api
1157,UBER,UBER,0001543151,2025-11-06,2025-11-06,ok,ok,True,True,True,True,False,False,True,10-Q:2025-11-04;8-K:2025-11-04,10-Q:2025-11-04;8-K:2025-11-04,sec_edgar_submissions_api
1158,SOFI,SOFI,0001818874,2026-02-27,2026-02-27,ok,ok,False,False,False,False,False,False,False,,,sec_edgar_submissions_api
1159,AAPL,AAPL,0000320193,2026-04-10,2026-04-10,ok,ok,False,False,False,False,False,False,False,,,sec_edgar_submissions_api
1160,AMD,AMD,0000002488,2025-10-04,2025-10-06,ok,ok,True,True,True,False,False,False,True,8-K:2025-10-06,8-K:2025-10-06,sec_edgar_submissions_api
1161,TSLA,TSLA,0001318605,2024-10-28,2024-10-28,ok,ok,True,True,True,True,False,False,True,10-Q:2024-10-24;8-K:2024-10-23,10-Q:2024-10-24;8-K:2024-10-23,sec_edgar_submissions_api
1162,TSLA,TSLA,0001318605,2024-07-30,2024-07-30,ok,ok,False,True,False,False,False,False,True,,10-Q:2024-07-24;8-K:2024-07-23,sec_edgar_submissions_api
1163,MSFT,MSFT,0000789019,2024-07-30,2024-07-30,ok,ok,True,True,True,False,True,False,True,10-K:2024-07-30;8-K:2024-07-30,10-K:2024-07-30;8-K:2024-07-30,sec_edgar_submissions_api
1164,META,META,0001326801,2026-01-01,2026-01-02,ok,ok,False,False,False,False,False,False,False,,,sec_edgar_submissions_api
1165,TSLA,TSLA,0001318605,2026-01-15,2026-01-15,ok,ok,False,False,False,False,False,False,False,,,sec_edgar_submissions_api
1166,TSLA,TSLA,0001318605,2024-07-06,2024-07-08,ok,ok,True,True,True,False,False,False,True,8-K:2024-07-02,8-K:2024-07-02,sec_edgar_submissions_api
1167,TSLA,TSLA,0001318605,2024-07-06,2024-07-08,ok,ok,True,True,True,False,False,False,True,8-K:2024-07-02,8-K:2024-07-02,sec_edgar_submissions_api
1168,AAPL,AAPL,0000320193,2024-08-24,2024-08-26,ok,ok,True,True,True,False,False,False,True,8-K:2024-08-23;8-K:2024-08-26,8-K:2024-08-23;8-K:2024-08-26,sec_edgar_submissions_api
1169,AAPL,AAPL,0000320193,2024-08-24,2024-08-26,ok,ok,True,True,True,False,False,False,True,8-K:2024-08-23;8-K:2024-08-26,8-K:2024-08-23;8-K:2024-08-26,sec_edgar_submissions_api
1170,AAPL,AAPL,0000320193,2024-08-24,2024-08-26,ok,ok,True,True,True,False,False,False,True,8-K:2024-08-23;8-K:2024-08-26,8-K:2024-08-23;8-K:2024-08-26,sec_edgar_submissions_api
1171,AAPL,AAPL,0000320193,2024-08-24,2024-08-26,ok,ok,True,True,True,False,False,False,True,8-K:2024-08-23;8-K:2024-08-26,8-K:2024-08-23;8-K:2024-08-26,sec_edgar_submissions_api
1172,AAPL,AAPL,0000320193,2024-08-24,2024-08-26,ok,ok,True,True,True,False,False,False,True,8-K:2024-08-23;8-K:2024-08-26,8-K:2024-08-23;8-K:2024-08-26,sec_edgar_submissions_api
1173,TSLA,TSLA,0001318605,2026-02-25,2026-02-25,ok,ok,False,False,False,False,False,False,False,,,sec_edgar_submissions_api
1174,TSLA,TSLA,0001318605,2026-01-30,2026-01-30,ok,ok,True,True,True,False,True,False,True,10-K:2026-01-29;8-K:2026-01-28,10-K:2026-01-29;8-K:2026-01-28,sec_edgar_submissions_api
1175,NVDA,NVDA,0001045810,2024-09-05,2024-09-05,ok,ok,False,True,False,False,False,False,True,,10-Q:2024-08-28;8-K:2024-08-28,sec_edgar_submissions_api
1176,AAPL,AAPL,0000320193,2024-12-29,2024-12-30,ok,ok,True,True,True,False,False,False,True,8-K:2025-01-03,8-K:2025-01-03,sec_edgar_submissions_api
1177,TSLA,TSLA,0001318605,2026-01-28,2026-01-28,ok,ok,True,True,True,False,True,False,True,10-K:2026-01-29;8-K:2026-01-28,10-K:2026-01-29;8-K:2026-01-28,sec_edgar_submissions_api
1178,NVDA,NVDA,0001045810,2026-01-28,2026-01-28,ok,ok,True,True,True,False,False,False,True,8-K:2026-01-23,8-K:2026-01-23,sec_edgar_submissions_api
1179,AAPL,AAPL,0000320193,2026-01-28,2026-01-28,ok,ok,True,True,True,True,False,False,True,10-Q:2026-01-30;8-K:2026-01-29,10-Q:2026-01-30;8-K:2026-01-29,sec_edgar_submissions_api
1180,META,META,0001326801,2026-01-28,2026-01-28,ok,ok,True,True,True,False,True,False,True,10-K:2026-01-29;8-K:2026-01-28,10-K:2026-01-29;8-K:2026-01-28,sec_edgar_submissions_api
1181,TSLA,TSLA,0001318605,2024-07-27,2024-07-29,ok,ok,True,True,True,True,False,False,True,10-Q:2024-07-24;8-K:2024-07-23,10-Q:2024-07-24;8-K:2024-07-23,sec_edgar_submissions_api
1182,TSLA,TSLA,0001318605,2024-07-27,2024-07-29,ok,ok,True,True,True,True,False,False,True,10-Q:2024-07-24;8-K:2024-07-23,10-Q:2024-07-24;8-K:2024-07-23,sec_edgar_submissions_api
1183,GOOGL,GOOGL,0001652044,2024-07-27,2024-07-29,ok,ok,True,True,True,True,False,False,True,10-Q:2024-07-24;8-K:2024-07-23,10-Q:2024-07-24;8-K:2024-07-23,sec_edgar_submissions_api
1184,NVDA,NVDA,0001045810,2024-07-12,2024-07-12,ok,ok,False,False,False,False,False,False,False,,,sec_edgar_submissions_api
1185,NVDA,NVDA,0001045810,2024-07-12,2024-07-12,ok,ok,False,False,False,False,False,False,False,,,sec_edgar_submissions_api
1186,NVDA,NVDA,0001045810,2024-07-12,2024-07-12,ok,ok,False,False,False,False,False,False,False,,,sec_edgar_submissions_api
1187,AMD,AMD,0000002488,2024-07-12,2024-07-12,ok,ok,False,False,False,False,False,False,False,,,sec_edgar_submissions_api
1188,AMD,AMD,0000002488,2024-03-09,2024-03-11,ok,ok,False,False,False,False,False,False,False,,,sec_edgar_submissions_api
1189,NVDA,NVDA,0001045810,2024-03-09,2024-03-11,ok,ok,True,True,True,False,False,False,True,8-K:2024-03-14,8-K:2024-03-14,sec_edgar_submissions_api
1190,AMD,AMD,0000002488,2024-01-22,2024-01-22,ok,ok,False,False,False,False,False,False,False,,,sec_edgar_submissions_api
1191,AMD,AMD,0000002488,2024-01-22,2024-01-22,ok,ok,False,False,False,False,False,False,False,,,sec_edgar_submissions_api
1192,AMD,AMD,0000002488,2024-01-22,2024-01-22,ok,ok,False,False,False,False,False,False,False,,,sec_edgar_submissions_api
1193,NVDA,NVDA,0001045810,2024-01-22,2024-01-22,ok,ok,False,False,False,False,False,False,False,,,sec_edgar_submissions_api
1194,NVDA,NVDA,0001045810,2024-01-22,2024-01-22,ok,ok,False,False,False,False,False,False,False,,,sec_edgar_submissions_api
1195,TSLA,TSLA,0001318605,2024-01-29,2024-01-29,ok,ok,True,True,True,False,True,False,True,10-K:2024-01-29;8-K:2024-01-24,10-K:2024-01-29;8-K:2024-01-24,sec_edgar_submissions_api
1196,TSLA,TSLA,0001318605,2024-01-29,2024-01-29,ok,ok,True,True,True,False,True,False,True,10-K:2024-01-29;8-K:2024-01-24,10-K:2024-01-29;8-K:2024-01-24,sec_edgar_submissions_api
1197,TSLA,TSLA,0001318605,2024-01-29,2024-01-29,ok,ok,True,True,True,False,True,False,True,10-K:2024-01-29;8-K:2024-01-24,10-K:2024-01-29;8-K:2024-01-24,sec_edgar_submissions_api
1198,TSLA,TSLA,0001318605,2024-01-29,2024-01-29,ok,ok,True,True,True,False,True,False,True,10-K:2024-01-29;8-K:2024-01-24,10-K:2024-01-29;8-K:2024-01-24,sec_edgar_submissions_api
1199,TSLA,TSLA,0001318605,2024-01-29,2024-01-29,ok,ok,True,True,True,False,True,False,True,10-K:2024-01-29;8-K:2024-01-24,10-K:2024-01-29;8-K:2024-01-24,sec_edgar_submissions_api
1200,TSLA,TSLA,0001318605,2024-01-29,2024-01-29,ok,ok,True,True,True,False,True,False,True,10-K:2024-01-29;8-K:2024-01-24,10-K:2024-01-29;8-K:2024-01-24,sec_edgar_submissions_api
1201,TSLA,TSLA,0001318605,2024-01-29,2024-01-29,ok,ok,True,True,True,False,True,False,True,10-K:2024-01-29;8-K:2024-01-24,10-K:2024-01-29;8-K:2024-01-24,sec_edgar_submissions_api
1202,TSLA,TSLA,0001318605,2024-01-29,2024-01-29,ok,ok,True,True,True,False,True,False,True,10-K:2024-01-29;8-K:2024-01-24,10-K:2024-01-29;8-K:2024-01-24,sec_edgar_submissions_api
1203,TSLA,TSLA,0001318605,2024-01-29,2024-01-29,ok,ok,True,True,True,False,True,False,True,10-K:2024-01-29;8-K:2024-01-24,10-K:2024-01-29;8-K:2024-01-24,sec_edgar_submissions_api
1204,TSLA,TSLA,0001318605,2022-10-25,2022-10-25,ok,ok,True,True,False,True,False,False,True,10-Q:2022-10-24,10-Q:2022-10-24;8-K:2022-10-19,sec_edgar_submissions_api
1205,TSLA,TSLA,0001318605,2022-10-25,2022-10-25,ok,ok,True,True,False,True,False,False,True,10-Q:2022-10-24,10-Q:2022-10-24;8-K:2022-10-19,sec_edgar_submissions_api
1206,TSLA,TSLA,0001318605,2026-01-12,2026-01-12,ok,ok,False,False,False,False,False,False,False,,,sec_edgar_submissions_api
1207,GOOGL,GOOGL,0001652044,2024-01-31,2024-01-31,ok,ok,True,True,True,False,True,False,True,10-K:2024-01-31;8-K:2024-01-30,10-K:2024-01-31;8-K:2024-01-30,sec_edgar_submissions_api
1208,MSFT,MSFT,0000789019,2024-01-31,2024-01-31,ok,ok,True,True,True,True,False,False,True,10-Q:2024-01-30;8-K:2024-01-30,10-Q:2024-01-30;8-K:2024-01-30,sec_edgar_submissions_api
1209,DIS,DIS,0001744489,2024-01-31,2024-01-31,ok,ok,False,True,False,False,False,False,True,,10-K/A:2024-01-24;10-Q:2024-02-07;8-K:2024-02-07,sec_edgar_submissions_api
1210,TSLA,TSLA,0001318605,2023-12-21,2023-12-21,ok,ok,False,False,False,False,False,False,False,,,sec_edgar_submissions_api
1211,NVDA,NVDA,0001045810,2024-02-22,2024-02-22,ok,ok,True,True,True,False,True,False,True,10-K:2024-02-21;8-K:2024-02-21,10-K:2024-02-21;8-K:2024-02-21,sec_edgar_submissions_api
1212,NVDA,NVDA,0001045810,2024-02-22,2024-02-22,ok,ok,True,True,True,False,True,False,True,10-K:2024-02-21;8-K:2024-02-21,10-K:2024-02-21;8-K:2024-02-21,sec_edgar_submissions_api
1213,TSLA,TSLA,0001318605,2026-04-05,2026-04-06,ok,ok,True,True,True,False,False,False,True,8-K:2026-04-02,8-K:2026-04-02,sec_edgar_submissions_api
1214,MSFT,MSFT,0000789019,2024-08-06,2024-08-06,ok,ok,False,True,False,False,False,False,True,,10-K:2024-07-30;8-K:2024-07-30,sec_edgar_submissions_api
1215,MSFT,MSFT,0000789019,2024-08-06,2024-08-06,ok,ok,False,True,False,False,False,False,True,,10-K:2024-07-30;8-K:2024-07-30,sec_edgar_submissions_api
1216,NVDA,NVDA,0001045810,2024-08-06,2024-08-06,ok,ok,False,False,False,False,False,False,False,,,sec_edgar_submissions_api
1217,NVDA,NVDA,0001045810,2024-08-06,2024-08-06,ok,ok,False,False,False,False,False,False,False,,,sec_edgar_submissions_api
1218,NVDA,NVDA,0001045810,2024-08-06,2024-08-06,ok,ok,False,False,False,False,False,False,False,,,sec_edgar_submissions_api
1219,GOOGL,GOOGL,0001652044,2024-08-06,2024-08-06,ok,ok,True,True,True,False,False,False,True,8-K:2024-08-06,8-K:2024-08-06,sec_edgar_submissions_api
1220,TSLA,TSLA,0001318605,2023-11-28,2023-11-28,ok,ok,False,False,False,False,False,False,False,,,sec_edgar_submissions_api
1221,TSLA,TSLA,0001318605,2026-04-03,2026-04-06,ok,ok,True,True,True,False,False,False,True,8-K:2026-04-02,8-K:2026-04-02,sec_edgar_submissions_api
1222,NVDA,NVDA,0001045810,2024-11-09,2024-11-11,ok,ok,True,True,True,False,False,False,True,8-K:2024-11-07,8-K:2024-11-07,sec_edgar_submissions_api
1223,TSLA,TSLA,0001318605,2023-12-14,2023-12-14,ok,ok,False,False,False,False,False,False,False,,,sec_edgar_submissions_api
1224,TSLA,TSLA,0001318605,2022-12-15,2022-12-15,ok,ok,False,False,False,False,False,False,False,,,sec_edgar_submissions_api
1225,TSLA,TSLA,0001318605,2022-12-15,2022-12-15,ok,ok,False,False,False,False,False,False,False,,,sec_edgar_submissions_api
1226,TSLA,TSLA,0001318605,2022-12-15,2022-12-15,ok,ok,False,False,False,False,False,False,False,,,sec_edgar_submissions_api
1227,TSLA,TSLA,0001318605,2022-12-15,2022-12-15,ok,ok,False,False,False,False,False,False,False,,,sec_edgar_submissions_api
1228,TSLA,TSLA,0001318605,2022-12-15,2022-12-15,ok,ok,False,False,False,False,False,False,False,,,sec_edgar_submissions_api
1229,TSLA,TSLA,0001318605,2022-12-15,2022-12-15,ok,ok,False,False,False,False,False,False,False,,,sec_edgar_submissions_api
1230,TSLA,TSLA,0001318605,2022-12-15,2022-12-15,ok,ok,False,False,False,False,False,False,False,,,sec_edgar_submissions_api
1231,TSLA,TSLA,0001318605,2022-12-15,2022-12-15,ok,ok,False,False,False,False,False,False,False,,,sec_edgar_submissions_api
1232,TSLA,TSLA,0001318605,2022-12-15,2022-12-15,ok,ok,False,False,False,False,False,False,False,,,sec_edgar_submissions_api
1233,TSLA,TSLA,0001318605,2022-12-15,2022-12-15,ok,ok,False,False,False,False,False,False,False,,,sec_edgar_submissions_api
1234,NVDA,NVDA,0001045810,2024-05-20,2024-05-20,ok,ok,True,True,True,False,False,False,True,8-K:2024-05-22,8-K:2024-05-22,sec_edgar_submissions_api
1235,TSLA,TSLA,0001318605,2024-02-14,2024-02-14,ok,ok,False,False,False,False,False,False,False,,,sec_edgar_submissions_api
1236,AAPL,AAPL,0000320193,2024-03-08,2024-03-08,ok,ok,False,False,False,False,False,False,False,,,sec_edgar_submissions_api
1237,AAPL,AAPL,0000320193,2024-03-08,2024-03-08,ok,ok,False,False,False,False,False,False,False,,,sec_edgar_submissions_api
1238,TSLA,TSLA,0001318605,2026-02-28,2026-03-02,ok,ok,False,False,False,False,False,False,False,,,sec_edgar_submissions_api
1239,TSLA,TSLA,0001318605,2024-01-16,2024-01-16,ok,ok,False,False,False,False,False,False,False,,,sec_edgar_submissions_api
1240,AAPL,AAPL,0000320193,2024-01-16,2024-01-16,ok,ok,False,False,False,False,False,False,False,,,sec_edgar_submissions_api
1241,TSLA,TSLA,0001318605,2024-04-18,2024-04-18,ok,ok,True,True,True,False,False,False,True,8-K:2024-04-16;8-K:2024-04-23,10-Q:2024-04-24;8-K:2024-04-16;8-K:2024-04-23,sec_edgar_submissions_api
1242,AMC,AMC,0001411579,2023-08-11,2023-08-11,ok,ok,True,True,True,True,False,False,True,10-Q:2023-08-08;8-K:2023-08-08;8-K:2023-08-14;8-K:2023-08-14,10-Q:2023-08-08;8-K:2023-08-08;8-K:2023-08-14;8-K:2023-08-14,sec_edgar_submissions_api
1243,AMC,AMC,0001411579,2023-08-11,2023-08-11,ok,ok,True,True,True,True,False,False,True,10-Q:2023-08-08;8-K:2023-08-08;8-K:2023-08-14;8-K:2023-08-14,10-Q:2023-08-08;8-K:2023-08-08;8-K:2023-08-14;8-K:2023-08-14,sec_edgar_submissions_api
1244,AMC,AMC,0001411579,2023-08-11,2023-08-11,ok,ok,True,True,True,True,False,False,True,10-Q:2023-08-08;8-K:2023-08-08;8-K:2023-08-14;8-K:2023-08-14,10-Q:2023-08-08;8-K:2023-08-08;8-K:2023-08-14;8-K:2023-08-14,sec_edgar_submissions_api
1245,AMC,AMC,0001411579,2023-08-11,2023-08-11,ok,ok,True,True,True,True,False,False,True,10-Q:2023-08-08;8-K:2023-08-08;8-K:2023-08-14;8-K:2023-08-14,10-Q:2023-08-08;8-K:2023-08-08;8-K:2023-08-14;8-K:2023-08-14,sec_edgar_submissions_api
1246,AMC,AMC,0001411579,2023-08-11,2023-08-11,ok,ok,True,True,True,True,False,False,True,10-Q:2023-08-08;8-K:2023-08-08;8-K:2023-08-14;8-K:2023-08-14,10-Q:2023-08-08;8-K:2023-08-08;8-K:2023-08-14;8-K:2023-08-14,sec_edgar_submissions_api
1247,AMC,AMC,0001411579,2023-08-11,2023-08-11,ok,ok,True,True,True,True,False,False,True,10-Q:2023-08-08;8-K:2023-08-08;8-K:2023-08-14;8-K:2023-08-14,10-Q:2023-08-08;8-K:2023-08-08;8-K:2023-08-14;8-K:2023-08-14,sec_edgar_submissions_api
1248,AMC,AMC,0001411579,2023-08-11,2023-08-11,ok,ok,True,True,True,True,False,False,True,10-Q:2023-08-08;8-K:2023-08-08;8-K:2023-08-14;8-K:2023-08-14,10-Q:2023-08-08;8-K:2023-08-08;8-K:2023-08-14;8-K:2023-08-14,sec_edgar_submissions_api
1249,AMC,AMC,0001411579,2023-08-11,2023-08-11,ok,ok,True,True,True,True,False,False,True,10-Q:2023-08-08;8-K:2023-08-08;8-K:2023-08-14;8-K:2023-08-14,10-Q:2023-08-08;8-K:2023-08-08;8-K:2023-08-14;8-K:2023-08-14,sec_edgar_submissions_api
1250,TSLA,TSLA,0001318605,2024-04-23,2024-04-23,ok,ok,True,True,True,True,False,False,True,10-Q:2024-04-24;8-K:2024-04-23,10-Q:2024-04-24;8-K:2024-04-16;8-K:2024-04-23,sec_edgar_submissions_api
1251,TSLA,TSLA,0001318605,2024-04-23,2024-04-23,ok,ok,True,True,True,True,False,False,True,10-Q:2024-04-24;8-K:2024-04-23,10-Q:2024-04-24;8-K:2024-04-16;8-K:2024-04-23,sec_edgar_submissions_api
1252,TSLA,TSLA,0001318605,2024-04-23,2024-04-23,ok,ok,True,True,True,True,False,False,True,10-Q:2024-04-24;8-K:2024-04-23,10-Q:2024-04-24;8-K:2024-04-16;8-K:2024-04-23,sec_edgar_submissions_api
1253,TSLA,TSLA,0001318605,2024-04-23,2024-04-23,ok,ok,True,True,True,True,False,False,True,10-Q:2024-04-24;8-K:2024-04-23,10-Q:2024-04-24;8-K:2024-04-16;8-K:2024-04-23,sec_edgar_submissions_api
1254,TSLA,TSLA,0001318605,2024-04-23,2024-04-23,ok,ok,True,True,True,True,False,False,True,10-Q:2024-04-24;8-K:2024-04-23,10-Q:2024-04-24;8-K:2024-04-16;8-K:2024-04-23,sec_edgar_submissions_api
1255,TSLA,TSLA,0001318605,2024-04-23,2024-04-23,ok,ok,True,True,True,True,False,False,True,10-Q:2024-04-24;8-K:2024-04-23,10-Q:2024-04-24;8-K:2024-04-16;8-K:2024-04-23,sec_edgar_submissions_api
1256,AMC,AMC,0001411579,2023-08-22,2023-08-22,ok,ok,True,True,True,False,False,True,True,424B5:2023-08-24;8-K:2023-08-24;8-K:2023-08-25,424B5:2023-08-24;8-K:2023-08-24;8-K:2023-08-25,sec_edgar_submissions_api
1257,TSLA,TSLA,0001318605,2024-04-25,2024-04-25,ok,ok,True,True,True,True,False,False,True,10-Q:2024-04-24;8-K:2024-04-23,10-Q:2024-04-24;8-K:2024-04-23,sec_edgar_submissions_api
1258,AMC,AMC,0001411579,2023-08-24,2023-08-24,ok,ok,True,True,True,False,False,True,True,424B5:2023-08-24;8-K:2023-08-24;8-K:2023-08-25,424B5:2023-08-24;8-K:2023-08-24;8-K:2023-08-25,sec_edgar_submissions_api
1259,AMC,AMC,0001411579,2023-08-24,2023-08-24,ok,ok,True,True,True,False,False,True,True,424B5:2023-08-24;8-K:2023-08-24;8-K:2023-08-25,424B5:2023-08-24;8-K:2023-08-24;8-K:2023-08-25,sec_edgar_submissions_api
1260,AMC,AMC,0001411579,2023-08-24,2023-08-24,ok,ok,True,True,True,False,False,True,True,424B5:2023-08-24;8-K:2023-08-24;8-K:2023-08-25,424B5:2023-08-24;8-K:2023-08-24;8-K:2023-08-25,sec_edgar_submissions_api
1261,AMC,AMC,0001411579,2023-08-24,2023-08-24,ok,ok,True,True,True,False,False,True,True,424B5:2023-08-24;8-K:2023-08-24;8-K:2023-08-25,424B5:2023-08-24;8-K:2023-08-24;8-K:2023-08-25,sec_edgar_submissions_api
1262,AMC,AMC,0001411579,2023-08-24,2023-08-24,ok,ok,True,True,True,False,False,True,True,424B5:2023-08-24;8-K:2023-08-24;8-K:2023-08-25,424B5:2023-08-24;8-K:2023-08-24;8-K:2023-08-25,sec_edgar_submissions_api
1263,AMC,AMC,0001411579,2023-08-24,2023-08-24,ok,ok,True,True,True,False,False,True,True,424B5:2023-08-24;8-K:2023-08-24;8-K:2023-08-25,424B5:2023-08-24;8-K:2023-08-24;8-K:2023-08-25,sec_edgar_submissions_api
1264,AMC,AMC,0001411579,2023-08-24,2023-08-24,ok,ok,True,True,True,False,False,True,True,424B5:2023-08-24;8-K:2023-08-24;8-K:2023-08-25,424B5:2023-08-24;8-K:2023-08-24;8-K:2023-08-25,sec_edgar_submissions_api
1265,AMZN,AMZN,0001018724,2024-10-28,2024-10-28,ok,ok,True,True,True,True,False,False,True,10-Q:2024-11-01;8-K:2024-10-31,10-Q:2024-11-01;8-K:2024-10-31,sec_edgar_submissions_api
1266,AMZN,AMZN,0001018724,2024-10-28,2024-10-28,ok,ok,True,True,True,True,False,False,True,10-Q:2024-11-01;8-K:2024-10-31,10-Q:2024-11-01;8-K:2024-10-31,sec_edgar_submissions_api
1267,TSLA,TSLA,0001318605,2024-10-28,2024-10-28,ok,ok,True,True,True,True,False,False,True,10-Q:2024-10-24;8-K:2024-10-23,10-Q:2024-10-24;8-K:2024-10-23,sec_edgar_submissions_api
1268,TSLA,TSLA,0001318605,2023-09-11,2023-09-11,ok,ok,False,False,False,False,False,False,False,,,sec_edgar_submissions_api
1269,TSLA,TSLA,0001318605,2024-02-13,2024-02-13,ok,ok,False,False,False,False,False,False,False,,,sec_edgar_submissions_api
1270,TSLA,TSLA,0001318605,2024-02-13,2024-02-13,ok,ok,False,False,False,False,False,False,False,,,sec_edgar_submissions_api
1271,TSLA,TSLA,0001318605,2024-02-13,2024-02-13,ok,ok,False,False,False,False,False,False,False,,,sec_edgar_submissions_api
1272,TSLA,TSLA,0001318605,2024-02-13,2024-02-13,ok,ok,False,False,False,False,False,False,False,,,sec_edgar_submissions_api
1273,TSLA,TSLA,0001318605,2024-02-13,2024-02-13,ok,ok,False,False,False,False,False,False,False,,,sec_edgar_submissions_api
1274,TSLA,TSLA,0001318605,2024-02-13,2024-02-13,ok,ok,False,False,False,False,False,False,False,,,sec_edgar_submissions_api
1275,TSLA,TSLA,0001318605,2024-02-13,2024-02-13,ok,ok,False,False,False,False,False,False,False,,,sec_edgar_submissions_api
1276,TSLA,TSLA,0001318605,2024-02-13,2024-02-13,ok,ok,False,False,False,False,False,False,False,,,sec_edgar_submissions_api
1277,TSLA,TSLA,0001318605,2024-02-13,2024-02-13,ok,ok,False,False,False,False,False,False,False,,,sec_edgar_submissions_api
1278,TSLA,TSLA,0001318605,2024-02-13,2024-02-13,ok,ok,False,False,False,False,False,False,False,,,sec_edgar_submissions_api
1279,TSLA,TSLA,0001318605,2024-02-13,2024-02-13,ok,ok,False,False,False,False,False,False,False,,,sec_edgar_submissions_api
1280,TSLA,TSLA,0001318605,2024-02-13,2024-02-13,ok,ok,False,False,False,False,False,False,False,,,sec_edgar_submissions_api
1281,TSLA,TSLA,0001318605,2024-02-13,2024-02-13,ok,ok,False,False,False,False,False,False,False,,,sec_edgar_submissions_api
1282,AAPL,AAPL,0000320193,2024-02-13,2024-02-13,ok,ok,False,False,False,False,False,False,False,,,sec_edgar_submissions_api
1283,AAPL,AAPL,0000320193,2024-02-13,2024-02-13,ok,ok,False,False,False,False,False,False,False,,,sec_edgar_submissions_api
1284,AAPL,AAPL,0000320193,2024-02-13,2024-02-13,ok,ok,False,False,False,False,False,False,False,,,sec_edgar_submissions_api
1285,AAPL,AAPL,0000320193,2024-02-13,2024-02-13,ok,ok,False,False,False,False,False,False,False,,,sec_edgar_submissions_api
1286,AAPL,AAPL,0000320193,2024-02-13,2024-02-13,ok,ok,False,False,False,False,False,False,False,,,sec_edgar_submissions_api
1287,MSFT,MSFT,0000789019,2024-02-13,2024-02-13,ok,ok,False,False,False,False,False,False,False,,,sec_edgar_submissions_api
1288,NVDA,NVDA,0001045810,2024-02-13,2024-02-13,ok,ok,False,True,False,False,False,False,True,,10-K:2024-02-21;8-K:2024-02-21,sec_edgar_submissions_api
1289,TSLA,TSLA,0001318605,2024-12-16,2024-12-16,ok,ok,False,False,False,False,False,False,False,,,sec_edgar_submissions_api
1290,AMD,AMD,0000002488,2025-06-13,2025-06-13,ok,ok,False,False,False,False,False,False,False,,,sec_edgar_submissions_api
1291,AMD,AMD,0000002488,2025-06-13,2025-06-13,ok,ok,False,False,False,False,False,False,False,,,sec_edgar_submissions_api
1292,AMD,AMD,0000002488,2025-06-13,2025-06-13,ok,ok,False,False,False,False,False,False,False,,,sec_edgar_submissions_api
1293,AMD,AMD,0000002488,2025-07-29,2025-07-29,ok,ok,False,True,False,False,False,False,True,,8-K:2025-08-05,sec_edgar_submissions_api
1294,SOFI,SOFI,0001818874,2025-07-29,2025-07-29,ok,ok,True,True,True,False,False,True,True,424B3:2025-07-29;424B3:2025-07-31;8-K:2025-07-29;8-K:2025-07-30;8-K:2025-07-31,424B3:2025-07-29;424B3:2025-07-31;8-K:2025-07-29;8-K:2025-07-30;8-K:2025-07-31,sec_edgar_submissions_api
1295,AAPL,AAPL,0000320193,2025-07-29,2025-07-29,ok,ok,True,True,True,True,False,False,True,10-Q:2025-08-01;8-K:2025-07-25;8-K:2025-07-31,10-Q:2025-08-01;8-K:2025-07-25;8-K:2025-07-31,sec_edgar_submissions_api
1296,AAPL,AAPL,0000320193,2024-05-06,2024-05-06,ok,ok,True,True,True,True,False,False,True,10-Q:2024-05-03;8-K:2024-05-02;8-K:2024-05-03,10-Q:2024-05-03;8-K:2024-05-02;8-K:2024-05-03,sec_edgar_submissions_api
1297,AAPL,AAPL,0000320193,2024-05-06,2024-05-06,ok,ok,True,True,True,True,False,False,True,10-Q:2024-05-03;8-K:2024-05-02;8-K:2024-05-03,10-Q:2024-05-03;8-K:2024-05-02;8-K:2024-05-03,sec_edgar_submissions_api
1298,AAPL,AAPL,0000320193,2024-05-06,2024-05-06,ok,ok,True,True,True,True,False,False,True,10-Q:2024-05-03;8-K:2024-05-02;8-K:2024-05-03,10-Q:2024-05-03;8-K:2024-05-02;8-K:2024-05-03,sec_edgar_submissions_api
1299,AAPL,AAPL,0000320193,2024-05-06,2024-05-06,ok,ok,True,True,True,True,False,False,True,10-Q:2024-05-03;8-K:2024-05-02;8-K:2024-05-03,10-Q:2024-05-03;8-K:2024-05-02;8-K:2024-05-03,sec_edgar_submissions_api
1300,DIS,DIS,0001744489,2023-03-07,2023-03-07,ok,ok,True,True,True,False,False,False,True,8-K:2023-03-07,8-K:2023-03-07;8-K:2023-03-13,sec_edgar_submissions_api
1301,MSFT,MSFT,0000789019,2023-03-07,2023-03-07,ok,ok,False,False,False,False,False,False,False,,,sec_edgar_submissions_api
1302,AMZN,AMZN,0001018724,2023-03-07,2023-03-07,ok,ok,False,False,False,False,False,False,False,,,sec_edgar_submissions_api
1303,GOOGL,GOOGL,0001652044,2023-03-07,2023-03-07,ok,ok,False,False,False,False,False,False,False,,,sec_edgar_submissions_api
1304,AMD,AMD,0000002488,2025-08-06,2025-08-06,ok,ok,True,True,True,True,False,False,True,10-Q:2025-08-06;8-K:2025-08-05,10-Q:2025-08-06;8-K:2025-08-05,sec_edgar_submissions_api
1305,NVDA,NVDA,0001045810,2025-08-06,2025-08-06,ok,ok,True,True,True,False,False,False,True,8-K:2025-08-05,8-K:2025-08-05,sec_edgar_submissions_api
1306,AAPL,AAPL,0000320193,2024-08-06,2024-08-06,ok,ok,True,True,True,True,False,False,True,10-Q:2024-08-02;8-K:2024-08-01,10-Q:2024-08-02;8-K:2024-08-01,sec_edgar_submissions_api
1307,AAPL,AAPL,0000320193,2024-08-06,2024-08-06,ok,ok,True,True,True,True,False,False,True,10-Q:2024-08-02;8-K:2024-08-01,10-Q:2024-08-02;8-K:2024-08-01,sec_edgar_submissions_api
1308,AAPL,AAPL,0000320193,2024-08-06,2024-08-06,ok,ok,True,True,True,True,False,False,True,10-Q:2024-08-02;8-K:2024-08-01,10-Q:2024-08-02;8-K:2024-08-01,sec_edgar_submissions_api
1309,MSFT,MSFT,0000789019,2024-02-03,2024-02-05,ok,ok,True,True,True,True,False,False,True,10-Q:2024-01-30;8-K:2024-01-30,10-Q:2024-01-30;8-K:2024-01-30,sec_edgar_submissions_api
1310,AMD,AMD,0000002488,2025-10-20,2025-10-20,ok,ok,False,True,False,False,False,False,True,,8-K:2025-10-27,sec_edgar_submissions_api
1311,AMZN,AMZN,0001018724,2025-10-20,2025-10-20,ok,ok,False,False,False,False,False,False,False,,,sec_edgar_submissions_api
1312,NVDA,NVDA,0001045810,2025-10-20,2025-10-20,ok,ok,False,False,False,False,False,False,False,,,sec_edgar_submissions_api
1313,AAPL,AAPL,0000320193,2024-05-27,2024-05-28,ok,ok,False,False,False,False,False,False,False,,,sec_edgar_submissions_api
1314,MSFT,MSFT,0000789019,2023-05-26,2023-05-26,ok,ok,False,False,False,False,False,False,False,,,sec_edgar_submissions_api
1315,AMZN,AMZN,0001018724,2023-05-26,2023-05-26,ok,ok,True,True,True,False,False,False,True,8-K:2023-05-26,8-K:2023-05-26,sec_edgar_submissions_api
1316,AMZN,AMZN,0001018724,2023-05-26,2023-05-26,ok,ok,True,True,True,False,False,False,True,8-K:2023-05-26,8-K:2023-05-26,sec_edgar_submissions_api
1317,GOOGL,GOOGL,0001652044,2023-05-26,2023-05-26,ok,ok,False,False,False,False,False,False,False,,,sec_edgar_submissions_api
1318,AMD,AMD,0000002488,2025-11-25,2025-11-25,ok,ok,False,False,False,False,False,False,False,,,sec_edgar_submissions_api
1319,AMD,AMD,0000002488,2025-11-25,2025-11-25,ok,ok,False,False,False,False,False,False,False,,,sec_edgar_submissions_api
1320,AMD,AMD,0000002488,2025-11-25,2025-11-25,ok,ok,False,False,False,False,False,False,False,,,sec_edgar_submissions_api
1321,AMD,AMD,0000002488,2025-11-25,2025-11-25,ok,ok,False,False,False,False,False,False,False,,,sec_edgar_submissions_api
1322,AMD,AMD,0000002488,2025-11-25,2025-11-25,ok,ok,False,False,False,False,False,False,False,,,sec_edgar_submissions_api
1323,GOOGL,GOOGL,0001652044,2025-11-25,2025-11-25,ok,ok,False,False,False,False,False,False,False,,,sec_edgar_submissions_api
1324,GOOGL,GOOGL,0001652044,2025-11-25,2025-11-25,ok,ok,False,False,False,False,False,False,False,,,sec_edgar_submissions_api
1325,META,META,0001326801,2025-11-25,2025-11-25,ok,ok,False,False,False,False,False,False,False,,,sec_edgar_submissions_api
1326,META,META,0001326801,2025-11-25,2025-11-25,ok,ok,False,False,False,False,False,False,False,,,sec_edgar_submissions_api
1327,AMD,AMD,0000002488,2025-12-09,2025-12-09,ok,ok,False,True,False,False,False,False,True,,8-K:2025-12-15,sec_edgar_submissions_api
1328,AMD,AMD,0000002488,2025-12-09,2025-12-09,ok,ok,False,True,False,False,False,False,True,,8-K:2025-12-15,sec_edgar_submissions_api
1329,NFLX,NFLX,0001065280,2025-12-09,2025-12-09,ok,ok,True,True,True,False,False,False,True,8-K/A:2025-12-05;8-K:2025-12-05,8-K/A:2025-12-05;8-K:2025-12-05,sec_edgar_submissions_api
1330,NVDA,NVDA,0001045810,2025-12-09,2025-12-09,ok,ok,False,False,False,False,False,False,False,,,sec_edgar_submissions_api
1331,NVDA,NVDA,0001045810,2025-12-09,2025-12-09,ok,ok,False,False,False,False,False,False,False,,,sec_edgar_submissions_api
1332,TSLA,TSLA,0001318605,2021-12-05,2021-12-06,ok,ok,True,True,True,False,False,False,True,8-K:2021-12-01,8-K:2021-12-01,sec_edgar_submissions_api
1333,TSLA,TSLA,0001318605,2021-12-05,2021-12-06,ok,ok,True,True,True,False,False,False,True,8-K:2021-12-01,8-K:2021-12-01,sec_edgar_submissions_api
1334,TSLA,TSLA,0001318605,2021-12-05,2021-12-06,ok,ok,True,True,True,False,False,False,True,8-K:2021-12-01,8-K:2021-12-01,sec_edgar_submissions_api
1335,TSLA,TSLA,0001318605,2021-12-05,2021-12-06,ok,ok,True,True,True,False,False,False,True,8-K:2021-12-01,8-K:2021-12-01,sec_edgar_submissions_api
1336,TSLA,TSLA,0001318605,2021-12-05,2021-12-06,ok,ok,True,True,True,False,False,False,True,8-K:2021-12-01,8-K:2021-12-01,sec_edgar_submissions_api
1337,TSLA,TSLA,0001318605,2021-12-05,2021-12-06,ok,ok,True,True,True,False,False,False,True,8-K:2021-12-01,8-K:2021-12-01,sec_edgar_submissions_api
1338,TSLA,TSLA,0001318605,2021-12-05,2021-12-06,ok,ok,True,True,True,False,False,False,True,8-K:2021-12-01,8-K:2021-12-01,sec_edgar_submissions_api
1339,AMD,AMD,0000002488,2025-12-11,2025-12-11,ok,ok,True,True,True,False,False,False,True,8-K:2025-12-15,8-K:2025-12-15,sec_edgar_submissions_api
1340,AMD,AMD,0000002488,2025-12-11,2025-12-11,ok,ok,True,True,True,False,False,False,True,8-K:2025-12-15,8-K:2025-12-15,sec_edgar_submissions_api
1341,AAPL,AAPL,0000320193,2023-11-18,2023-11-20,ok,ok,False,False,False,False,False,False,False,,,sec_edgar_submissions_api
1342,NVDA,NVDA,0001045810,2024-03-17,2024-03-18,ok,ok,True,True,True,False,False,False,True,8-K:2024-03-14,8-K:2024-03-14,sec_edgar_submissions_api
1343,TSLA,TSLA,0001318605,2024-03-17,2024-03-18,ok,ok,False,False,False,False,False,False,False,,,sec_edgar_submissions_api
1344,TSLA,TSLA,0001318605,2024-03-17,2024-03-18,ok,ok,False,False,False,False,False,False,False,,,sec_edgar_submissions_api
1345,AAPL,AAPL,0000320193,2023-09-13,2023-09-13,ok,ok,False,False,False,False,False,False,False,,,sec_edgar_submissions_api
1346,AAPL,AAPL,0000320193,2023-09-13,2023-09-13,ok,ok,False,False,False,False,False,False,False,,,sec_edgar_submissions_api
1347,AAPL,AAPL,0000320193,2023-09-13,2023-09-13,ok,ok,False,False,False,False,False,False,False,,,sec_edgar_submissions_api
1348,AAPL,AAPL,0000320193,2023-09-13,2023-09-13,ok,ok,False,False,False,False,False,False,False,,,sec_edgar_submissions_api
1349,AAPL,AAPL,0000320193,2023-09-13,2023-09-13,ok,ok,False,False,False,False,False,False,False,,,sec_edgar_submissions_api
1350,AAPL,AAPL,0000320193,2023-09-13,2023-09-13,ok,ok,False,False,False,False,False,False,False,,,sec_edgar_submissions_api
1351,AAPL,AAPL,0000320193,2023-09-13,2023-09-13,ok,ok,False,False,False,False,False,False,False,,,sec_edgar_submissions_api
1352,NVDA,NVDA,0001045810,2024-02-21,2024-02-21,ok,ok,True,True,True,False,True,False,True,10-K:2024-02-21;8-K:2024-02-21,10-K:2024-02-21;8-K:2024-02-21,sec_edgar_submissions_api
1353,MSFT,MSFT,0000789019,2023-11-08,2023-11-08,ok,ok,True,True,True,False,False,False,True,8-K:2023-11-06,8-K:2023-11-06,sec_edgar_submissions_api
1354,MSFT,MSFT,0000789019,2023-11-08,2023-11-08,ok,ok,True,True,True,False,False,False,True,8-K:2023-11-06,8-K:2023-11-06,sec_edgar_submissions_api
1355,NVDA,NVDA,0001045810,2026-05-06,2026-05-06,ok,ok,True,True,True,False,False,False,True,8-K:2026-05-08,8-K:2026-05-08,sec_edgar_submissions_api
1356,NVDA,NVDA,0001045810,2026-05-06,2026-05-06,ok,ok,True,True,True,False,False,False,True,8-K:2026-05-08,8-K:2026-05-08,sec_edgar_submissions_api
1357,UBER,UBER,0001543151,2025-09-12,2025-09-12,ok,ok,True,True,True,False,False,True,True,424B2:2025-09-10;424B3:2025-09-08;8-K:2025-09-11,424B2:2025-09-10;424B3:2025-09-08;8-K:2025-09-11,sec_edgar_submissions_api
1358,NVDA,NVDA,0001045810,2024-02-26,2024-02-26,ok,ok,True,True,True,False,True,False,True,10-K:2024-02-21;8-K:2024-02-21,10-K:2024-02-21;8-K:2024-02-21,sec_edgar_submissions_api
1359,NVDA,NVDA,0001045810,2024-02-26,2024-02-26,ok,ok,True,True,True,False,True,False,True,10-K:2024-02-21;8-K:2024-02-21,10-K:2024-02-21;8-K:2024-02-21,sec_edgar_submissions_api
1360,AMD,AMD,0000002488,2024-02-26,2024-02-26,ok,ok,False,True,False,False,False,False,True,,8-K:2024-02-20,sec_edgar_submissions_api
1361,AMD,AMD,0000002488,2024-02-26,2024-02-26,ok,ok,False,True,False,False,False,False,True,,8-K:2024-02-20,sec_edgar_submissions_api
1362,AMD,AMD,0000002488,2024-02-26,2024-02-26,ok,ok,False,True,False,False,False,False,True,,8-K:2024-02-20,sec_edgar_submissions_api
1363,AAPL,AAPL,0000320193,2023-04-14,2023-04-14,ok,ok,False,False,False,False,False,False,False,,,sec_edgar_submissions_api
1364,AMZN,AMZN,0001018724,2023-04-14,2023-04-14,ok,ok,True,True,True,False,False,False,True,8-K:2023-04-13,8-K:2023-04-13,sec_edgar_submissions_api
1365,NFLX,NFLX,0001065280,2022-10-19,2022-10-19,ok,ok,False,False,False,False,False,False,False,,,sec_edgar_submissions_api
1366,NFLX,NFLX,0001065280,2022-10-19,2022-10-19,ok,ok,False,False,False,False,False,False,False,,,sec_edgar_submissions_api
1367,NVDA,NVDA,0001045810,2024-03-05,2024-03-05,ok,ok,False,False,False,False,False,False,False,,,sec_edgar_submissions_api
1368,NVDA,NVDA,0001045810,2024-03-22,2024-03-22,ok,ok,False,False,False,False,False,False,False,,,sec_edgar_submissions_api
1369,AAPL,AAPL,0000320193,2023-08-08,2023-08-08,ok,ok,True,True,True,True,False,False,True,10-Q:2023-08-04;8-K:2023-08-03,10-Q:2023-08-04;8-K:2023-08-03,sec_edgar_submissions_api
1370,AMD,AMD,0000002488,2022-11-02,2022-11-02,ok,ok,True,True,True,True,False,False,True,10-Q:2022-11-02;8-K:2022-11-01,10-Q:2022-11-02;8-K:2022-11-01;8-K:2022-11-08,sec_edgar_submissions_api
1371,AMD,AMD,0000002488,2022-11-02,2022-11-02,ok,ok,True,True,True,True,False,False,True,10-Q:2022-11-02;8-K:2022-11-01,10-Q:2022-11-02;8-K:2022-11-01;8-K:2022-11-08,sec_edgar_submissions_api
1372,GOOGL,GOOGL,0001652044,2025-11-26,2025-11-26,ok,ok,False,False,False,False,False,False,False,,,sec_edgar_submissions_api
1373,DIS,DIS,0001744489,2023-11-30,2023-11-30,ok,ok,True,True,True,False,False,False,True,8-K:2023-11-29;8-K:2023-11-30,8-K:2023-11-29;8-K:2023-11-30,sec_edgar_submissions_api
1374,DIS,DIS,0001744489,2023-11-30,2023-11-30,ok,ok,True,True,True,False,False,False,True,8-K:2023-11-29;8-K:2023-11-30,8-K:2023-11-29;8-K:2023-11-30,sec_edgar_submissions_api
1375,TSLA,TSLA,0001318605,2023-11-30,2023-11-30,ok,ok,False,False,False,False,False,False,False,,,sec_edgar_submissions_api
1376,NVDA,NVDA,0001045810,2023-08-25,2023-08-25,ok,ok,True,True,True,True,False,False,True,10-Q:2023-08-28;8-K:2023-08-23,10-Q:2023-08-28;8-K:2023-08-23,sec_edgar_submissions_api
1377,NVDA,NVDA,0001045810,2023-08-25,2023-08-25,ok,ok,True,True,True,True,False,False,True,10-Q:2023-08-28;8-K:2023-08-23,10-Q:2023-08-28;8-K:2023-08-23,sec_edgar_submissions_api
1378,DIS,DIS,0001744489,2023-08-25,2023-08-25,ok,ok,False,False,False,False,False,False,False,,,sec_edgar_submissions_api
1379,TSLA,TSLA,0001318605,2022-11-14,2022-11-14,ok,ok,False,False,False,False,False,False,False,,,sec_edgar_submissions_api
1380,TSLA,TSLA,0001318605,2022-11-14,2022-11-14,ok,ok,False,False,False,False,False,False,False,,,sec_edgar_submissions_api
1381,TSLA,TSLA,0001318605,2022-11-14,2022-11-14,ok,ok,False,False,False,False,False,False,False,,,sec_edgar_submissions_api
1382,NVDA,NVDA,0001045810,2024-08-28,2024-08-28,ok,ok,True,True,True,True,False,False,True,10-Q:2024-08-28;8-K:2024-08-28,10-Q:2024-08-28;8-K:2024-08-28,sec_edgar_submissions_api
1383,TSLA,TSLA,0001318605,2023-04-20,2023-04-20,ok,ok,True,True,True,True,False,False,True,10-Q:2023-04-24;8-K:2023-04-19,10-Q:2023-04-24;8-K:2023-04-19,sec_edgar_submissions_api
1384,TSLA,TSLA,0001318605,2023-04-20,2023-04-20,ok,ok,True,True,True,True,False,False,True,10-Q:2023-04-24;8-K:2023-04-19,10-Q:2023-04-24;8-K:2023-04-19,sec_edgar_submissions_api
1385,META,META,0001326801,2026-05-01,2026-05-01,ok,ok,True,True,True,True,False,True,True,10-Q:2026-04-30;424B2:2026-04-30;424B2:2026-05-01;8-K:2026-04-29;8-K:2026-05-04,10-Q:2026-04-30;424B2:2026-04-30;424B2:2026-05-01;8-K:2026-04-29;8-K:2026-05-04,sec_edgar_submissions_api
1386,GOOGL,GOOGL,0001652044,2023-05-12,2023-05-12,ok,ok,False,False,False,False,False,False,False,,,sec_edgar_submissions_api
1387,TSLA,TSLA,0001318605,2022-12-15,2022-12-15,ok,ok,False,False,False,False,False,False,False,,,sec_edgar_submissions_api
1388,TSLA,TSLA,0001318605,2022-12-15,2022-12-15,ok,ok,False,False,False,False,False,False,False,,,sec_edgar_submissions_api
1389,TSLA,TSLA,0001318605,2022-12-15,2022-12-15,ok,ok,False,False,False,False,False,False,False,,,sec_edgar_submissions_api
1390,TSLA,TSLA,0001318605,2024-12-19,2024-12-19,ok,ok,False,False,False,False,False,False,False,,,sec_edgar_submissions_api
1391,AAPL,AAPL,0000320193,2023-09-07,2023-09-07,ok,ok,False,False,False,False,False,False,False,,,sec_edgar_submissions_api
1392,AAPL,AAPL,0000320193,2023-09-07,2023-09-07,ok,ok,False,False,False,False,False,False,False,,,sec_edgar_submissions_api
1393,UBER,UBER,0001543151,2025-07-08,2025-07-08,ok,ok,False,False,False,False,False,False,False,,,sec_edgar_submissions_api
1394,GOOGL,GOOGL,0001652044,2024-08-06,2024-08-06,ok,ok,True,True,True,False,False,False,True,8-K:2024-08-06,8-K:2024-08-06,sec_edgar_submissions_api
1395,NVDA,NVDA,0001045810,2023-08-27,2023-08-28,ok,ok,True,True,True,True,False,False,True,10-Q:2023-08-28;8-K:2023-08-23,10-Q:2023-08-28;8-K:2023-08-23,sec_edgar_submissions_api
1396,GOOGL,GOOGL,0001652044,2023-02-28,2023-02-28,ok,ok,False,False,False,False,False,False,False,,,sec_edgar_submissions_api
1397,NVDA,NVDA,0001045810,2025-07-21,2025-07-21,ok,ok,False,False,False,False,False,False,False,,,sec_edgar_submissions_api
1398,NVDA,NVDA,0001045810,2024-08-22,2024-08-22,ok,ok,False,True,False,False,False,False,True,,10-Q:2024-08-28;8-K:2024-08-28,sec_edgar_submissions_api
1399,NVDA,NVDA,0001045810,2024-08-22,2024-08-22,ok,ok,False,True,False,False,False,False,True,,10-Q:2024-08-28;8-K:2024-08-28,sec_edgar_submissions_api
1400,NVDA,NVDA,0001045810,2024-08-22,2024-08-22,ok,ok,False,True,False,False,False,False,True,,10-Q:2024-08-28;8-K:2024-08-28,sec_edgar_submissions_api
1401,AMZN,AMZN,0001018724,2024-08-22,2024-08-22,ok,ok,False,False,False,False,False,False,False,,,sec_edgar_submissions_api
1402,AMZN,AMZN,0001018724,2022-09-12,2022-09-12,ok,ok,False,False,False,False,False,False,False,,,sec_edgar_submissions_api
1403,GOOGL,GOOGL,0001652044,2022-09-12,2022-09-12,ok,ok,False,False,False,False,False,False,False,,,sec_edgar_submissions_api
1404,NVDA,NVDA,0001045810,2024-08-25,2024-08-26,ok,ok,True,True,True,True,False,False,True,10-Q:2024-08-28;8-K:2024-08-28,10-Q:2024-08-28;8-K:2024-08-28,sec_edgar_submissions_api
1405,NVDA,NVDA,0001045810,2024-06-07,2024-06-07,ok,ok,True,True,True,False,False,False,True,8-K:2024-06-07,8-K:2024-06-07,sec_edgar_submissions_api
1406,NVDA,NVDA,0001045810,2024-06-07,2024-06-07,ok,ok,True,True,True,False,False,False,True,8-K:2024-06-07,8-K:2024-06-07,sec_edgar_submissions_api
1407,NVDA,NVDA,0001045810,2024-06-07,2024-06-07,ok,ok,True,True,True,False,False,False,True,8-K:2024-06-07,8-K:2024-06-07,sec_edgar_submissions_api
1408,TSLA,TSLA,0001318605,2020-02-21,2020-02-21,ok,ok,True,True,True,False,False,False,True,8-K:2020-02-19,10-K:2020-02-13;424B5:2020-02-13;424B5:2020-02-14;8-K:2020-02-19,sec_edgar_submissions_api
1409,TSLA,TSLA,0001318605,2020-02-21,2020-02-21,ok,ok,True,True,True,False,False,False,True,8-K:2020-02-19,10-K:2020-02-13;424B5:2020-02-13;424B5:2020-02-14;8-K:2020-02-19,sec_edgar_submissions_api
1410,MSFT,MSFT,0000789019,2023-05-21,2023-05-22,ok,ok,False,False,False,False,False,False,False,,,sec_edgar_submissions_api
1411,DIS,DIS,0001744489,2022-12-01,2022-12-01,ok,ok,True,True,False,False,True,False,True,10-K:2022-11-29,10-K:2022-11-29,sec_edgar_submissions_api
1412,AMZN,AMZN,0001018724,2022-12-01,2022-12-01,ok,ok,True,True,True,False,False,True,True,424B5:2022-11-29;424B5:2022-11-30;8-K:2022-12-01,424B5:2022-11-29;424B5:2022-11-30;8-K:2022-12-01,sec_edgar_submissions_api
1413,MSFT,MSFT,0000789019,2022-12-01,2022-12-01,ok,ok,False,False,False,False,False,False,False,,,sec_edgar_submissions_api
1414,AAPL,AAPL,0000320193,2022-11-18,2022-11-18,ok,ok,False,False,False,False,False,False,False,,,sec_edgar_submissions_api
1415,AAPL,AAPL,0000320193,2022-11-18,2022-11-18,ok,ok,False,False,False,False,False,False,False,,,sec_edgar_submissions_api
1416,NFLX,NFLX,0001065280,2022-11-18,2022-11-18,ok,ok,False,False,False,False,False,False,False,,,sec_edgar_submissions_api
1417,TSLA,TSLA,0001318605,2024-05-07,2024-05-07,ok,ok,False,False,False,False,False,False,False,,,sec_edgar_submissions_api
1418,SMCI,SMCI,0001375365,2024-03-04,2024-03-04,ok,ok,True,True,True,False,False,False,True,8-K:2024-02-28,8-K:2024-02-28,sec_edgar_submissions_api
1419,TSLA,TSLA,0001318605,2023-12-28,2023-12-28,ok,ok,True,True,True,False,False,False,True,8-K:2024-01-02,8-K:2024-01-02,sec_edgar_submissions_api
1420,NVDA,NVDA,0001045810,2023-12-28,2023-12-28,ok,ok,False,False,False,False,False,False,False,,,sec_edgar_submissions_api
1421,MSFT,MSFT,0000789019,2023-12-28,2023-12-28,ok,ok,False,False,False,False,False,False,False,,,sec_edgar_submissions_api
1422,GOOGL,GOOGL,0001652044,2023-12-28,2023-12-28,ok,ok,False,False,False,False,False,False,False,,,sec_edgar_submissions_api
1423,TSLA,TSLA,0001318605,2024-04-04,2024-04-04,ok,ok,True,True,True,False,False,False,True,8-K:2024-04-02,8-K:2024-04-02,sec_edgar_submissions_api
1424,AAPL,AAPL,0000320193,2026-05-02,2026-05-04,ok,ok,True,True,True,True,False,False,True,10-Q:2026-05-01;8-K:2026-04-30,10-Q:2026-05-01;8-K:2026-04-30,sec_edgar_submissions_api
1425,NVDA,NVDA,0001045810,2023-11-27,2023-11-27,ok,ok,False,True,False,False,False,False,True,,10-Q:2023-11-21;8-K:2023-11-21,sec_edgar_submissions_api
1426,NVDA,NVDA,0001045810,2023-11-27,2023-11-27,ok,ok,False,True,False,False,False,False,True,,10-Q:2023-11-21;8-K:2023-11-21,sec_edgar_submissions_api
1427,NVDA,NVDA,0001045810,2023-11-27,2023-11-27,ok,ok,False,True,False,False,False,False,True,,10-Q:2023-11-21;8-K:2023-11-21,sec_edgar_submissions_api
1428,NVDA,NVDA,0001045810,2023-11-27,2023-11-27,ok,ok,False,True,False,False,False,False,True,,10-Q:2023-11-21;8-K:2023-11-21,sec_edgar_submissions_api
1429,AMD,AMD,0000002488,2023-11-27,2023-11-27,ok,ok,False,False,False,False,False,False,False,,,sec_edgar_submissions_api
1430,AMZN,AMZN,0001018724,2025-06-02,2025-06-02,ok,ok,False,False,False,False,False,False,False,,,sec_edgar_submissions_api
1431,TSLA,TSLA,0001318605,2020-07-06,2020-07-06,ok,ok,True,True,True,False,False,False,True,8-K:2020-07-02,8-K:2020-06-30;8-K:2020-07-02,sec_edgar_submissions_api
1432,NFLX,NFLX,0001065280,2025-10-28,2025-10-28,ok,ok,True,True,True,False,False,False,True,8-K:2025-10-30,10-Q:2025-10-22;8-K:2025-10-21;8-K:2025-10-30;8-K:2025-11-04,sec_edgar_submissions_api
1433,TSLA,TSLA,0001318605,2020-07-13,2020-07-13,ok,ok,False,False,False,False,False,False,False,,,sec_edgar_submissions_api
1434,NVDA,NVDA,0001045810,2025-11-11,2025-11-11,ok,ok,False,False,False,False,False,False,False,,,sec_edgar_submissions_api
1435,NVDA,NVDA,0001045810,2025-11-11,2025-11-11,ok,ok,False,False,False,False,False,False,False,,,sec_edgar_submissions_api
1436,NVDA,NVDA,0001045810,2025-11-11,2025-11-11,ok,ok,False,False,False,False,False,False,False,,,sec_edgar_submissions_api
1437,NVDA,NVDA,0001045810,2025-11-11,2025-11-11,ok,ok,False,False,False,False,False,False,False,,,sec_edgar_submissions_api
1438,TSLA,TSLA,0001318605,2025-02-17,2025-02-18,ok,ok,False,False,False,False,False,False,False,,,sec_edgar_submissions_api
1439,NVDA,NVDA,0001045810,2025-02-17,2025-02-18,ok,ok,False,False,False,False,False,False,False,,,sec_edgar_submissions_api
1440,TSLA,TSLA,0001318605,2021-07-19,2021-07-19,ok,ok,False,True,False,False,False,False,True,,8-K:2021-07-26,sec_edgar_submissions_api
1441,TSLA,TSLA,0001318605,2021-07-19,2021-07-19,ok,ok,False,True,False,False,False,False,True,,8-K:2021-07-26,sec_edgar_submissions_api
1442,TSLA,TSLA,0001318605,2025-03-26,2025-03-26,ok,ok,False,True,False,False,False,False,True,,8-K:2025-04-02,sec_edgar_submissions_api
1443,UBER,UBER,0001543151,2025-08-14,2025-08-14,ok,ok,False,False,False,False,False,False,False,,,sec_edgar_submissions_api
1444,UBER,UBER,0001543151,2025-08-14,2025-08-14,ok,ok,False,False,False,False,False,False,False,,,sec_edgar_submissions_api
1445,AAPL,AAPL,0000320193,2022-11-02,2022-11-02,ok,ok,True,True,True,False,True,False,True,10-K:2022-10-28;8-K:2022-11-07,10-K:2022-10-28;8-K:2022-10-27;8-K:2022-11-07,sec_edgar_submissions_api
1446,AAPL,AAPL,0000320193,2022-11-02,2022-11-02,ok,ok,True,True,True,False,True,False,True,10-K:2022-10-28;8-K:2022-11-07,10-K:2022-10-28;8-K:2022-10-27;8-K:2022-11-07,sec_edgar_submissions_api
1447,AAPL,AAPL,0000320193,2022-11-02,2022-11-02,ok,ok,True,True,True,False,True,False,True,10-K:2022-10-28;8-K:2022-11-07,10-K:2022-10-28;8-K:2022-10-27;8-K:2022-11-07,sec_edgar_submissions_api
1448,AAPL,AAPL,0000320193,2022-11-02,2022-11-02,ok,ok,True,True,True,False,True,False,True,10-K:2022-10-28;8-K:2022-11-07,10-K:2022-10-28;8-K:2022-10-27;8-K:2022-11-07,sec_edgar_submissions_api
1449,AAPL,AAPL,0000320193,2022-11-02,2022-11-02,ok,ok,True,True,True,False,True,False,True,10-K:2022-10-28;8-K:2022-11-07,10-K:2022-10-28;8-K:2022-10-27;8-K:2022-11-07,sec_edgar_submissions_api
1450,SQ,SQ,0001512673,2020-12-07,,ok,ok,False,False,False,False,False,False,False,,,sec_edgar_submissions_api
1451,NVDA,NVDA,0001045810,2025-10-16,2025-10-16,ok,ok,False,False,False,False,False,False,False,,,sec_edgar_submissions_api
1452,AMD,AMD,0000002488,2025-10-16,2025-10-16,ok,ok,False,False,False,False,False,False,False,,,sec_edgar_submissions_api
1453,MSFT,MSFT,0000789019,2022-09-30,2022-09-30,ok,ok,False,False,False,False,False,False,False,,,sec_edgar_submissions_api
1454,DIS,DIS,0001744489,2022-09-30,2022-09-30,ok,ok,True,True,True,False,False,False,True,8-K:2022-09-30,8-K:2022-09-30,sec_edgar_submissions_api
1455,DIS,DIS,0001744489,2022-09-30,2022-09-30,ok,ok,True,True,True,False,False,False,True,8-K:2022-09-30,8-K:2022-09-30,sec_edgar_submissions_api
1456,TSLA,TSLA,0001318605,2021-12-21,2021-12-21,ok,ok,False,False,False,False,False,False,False,,,sec_edgar_submissions_api
1457,TSLA,TSLA,0001318605,2020-06-12,2020-06-12,ok,ok,True,True,True,False,False,False,True,8-K:2020-06-16,8-K:2020-06-16,sec_edgar_submissions_api
1458,NVDA,NVDA,0001045810,2026-05-06,2026-05-06,ok,ok,True,True,True,False,False,False,True,8-K:2026-05-08,8-K:2026-05-08,sec_edgar_submissions_api
1459,AMD,AMD,0000002488,2026-05-07,2026-05-07,ok,ok,True,False,True,True,False,False,True,10-Q:2026-05-06;8-K:2026-05-05,,sec_edgar_submissions_api
1460,AMD,AMD,0000002488,2026-05-07,2026-05-07,ok,ok,True,False,True,True,False,False,True,10-Q:2026-05-06;8-K:2026-05-05,,sec_edgar_submissions_api
1461,TSLA,TSLA,0001318605,2026-04-03,2026-04-06,ok,ok,True,True,True,False,False,False,True,8-K:2026-04-02,8-K:2026-04-02,sec_edgar_submissions_api
1462,NVDA,NVDA,0001045810,2026-04-03,2026-04-06,ok,ok,False,False,False,False,False,False,False,,,sec_edgar_submissions_api
1463,TSLA,TSLA,0001318605,2022-09-20,2022-09-20,ok,ok,False,False,False,False,False,False,False,,,sec_edgar_submissions_api
1464,TSLA,TSLA,0001318605,2022-09-20,2022-09-20,ok,ok,False,False,False,False,False,False,False,,,sec_edgar_submissions_api
1465,GOOGL,GOOGL,0001652044,2022-09-20,2022-09-20,ok,ok,False,False,False,False,False,False,False,,,sec_edgar_submissions_api
1466,GOOGL,GOOGL,0001652044,2022-09-20,2022-09-20,ok,ok,False,False,False,False,False,False,False,,,sec_edgar_submissions_api
1467,AMD,AMD,0000002488,2022-09-20,2022-09-20,ok,ok,False,False,False,False,False,False,False,,,sec_edgar_submissions_api
1468,AMD,AMD,0000002488,2022-09-20,2022-09-20,ok,ok,False,False,False,False,False,False,False,,,sec_edgar_submissions_api
1469,AMD,AMD,0000002488,2022-09-20,2022-09-20,ok,ok,False,False,False,False,False,False,False,,,sec_edgar_submissions_api
1470,GOOGL,GOOGL,0001652044,2023-04-28,2023-04-28,ok,ok,True,True,True,True,False,False,True,10-Q:2023-04-26;8-K:2023-04-25,10-Q:2023-04-26;8-K:2023-04-21;8-K:2023-04-25,sec_edgar_submissions_api
1471,UBER,UBER,0001543151,2025-09-25,2025-09-25,ok,ok,False,False,False,False,False,False,False,,,sec_edgar_submissions_api
1472,GOOGL,GOOGL,0001652044,2025-09-25,2025-09-25,ok,ok,False,False,False,False,False,False,False,,,sec_edgar_submissions_api
1473,NVDA,NVDA,0001045810,2025-11-10,2025-11-10,ok,ok,False,False,False,False,False,False,False,,,sec_edgar_submissions_api
1474,TSLA,TSLA,0001318605,2024-06-13,2024-06-13,ok,ok,True,True,True,False,False,False,True,8-K:2024-06-14,8-K:2024-06-14,sec_edgar_submissions_api
1475,TSLA,TSLA,0001318605,2024-06-13,2024-06-13,ok,ok,True,True,True,False,False,False,True,8-K:2024-06-14,8-K:2024-06-14,sec_edgar_submissions_api
1476,TSLA,TSLA,0001318605,2024-06-13,2024-06-13,ok,ok,True,True,True,False,False,False,True,8-K:2024-06-14,8-K:2024-06-14,sec_edgar_submissions_api
1477,MSFT,MSFT,0000789019,2023-07-26,2023-07-26,ok,ok,True,True,True,False,True,False,True,10-K:2023-07-27;8-K:2023-07-25,10-K:2023-07-27;8-K:2023-07-25,sec_edgar_submissions_api
1478,TSLA,TSLA,0001318605,2025-12-24,2025-12-24,ok,ok,False,True,False,False,False,False,True,,8-K:2026-01-02,sec_edgar_submissions_api
1479,MSFT,MSFT,0000789019,2023-10-25,2023-10-25,ok,ok,True,True,True,True,False,False,True,10-Q:2023-10-24;8-K:2023-10-24;8-K:2023-10-30,10-Q:2023-10-24;8-K:2023-10-24;8-K:2023-10-30,sec_edgar_submissions_api
1480,GOOGL,GOOGL,0001652044,2023-10-25,2023-10-25,ok,ok,True,True,True,True,False,False,True,10-Q:2023-10-25;8-K:2023-10-24,10-Q:2023-10-25;8-K:2023-10-24,sec_edgar_submissions_api
1481,NVDA,NVDA,0001045810,2024-05-21,2024-05-21,ok,ok,True,True,True,False,False,False,True,8-K:2024-05-22,10-Q:2024-05-29;8-K:2024-05-22,sec_edgar_submissions_api
1482,NVDA,NVDA,0001045810,2024-05-21,2024-05-21,ok,ok,True,True,True,False,False,False,True,8-K:2024-05-22,10-Q:2024-05-29;8-K:2024-05-22,sec_edgar_submissions_api
1483,MSFT,MSFT,0000789019,2023-04-26,2023-04-26,ok,ok,True,True,True,True,False,False,True,10-Q:2023-04-25;8-K:2023-04-25,10-Q:2023-04-25;8-K:2023-04-25,sec_edgar_submissions_api
1484,MSFT,MSFT,0000789019,2023-04-26,2023-04-26,ok,ok,True,True,True,True,False,False,True,10-Q:2023-04-25;8-K:2023-04-25,10-Q:2023-04-25;8-K:2023-04-25,sec_edgar_submissions_api
1485,MSFT,MSFT,0000789019,2023-04-26,2023-04-26,ok,ok,True,True,True,True,False,False,True,10-Q:2023-04-25;8-K:2023-04-25,10-Q:2023-04-25;8-K:2023-04-25,sec_edgar_submissions_api
1486,MSFT,MSFT,0000789019,2023-04-26,2023-04-26,ok,ok,True,True,True,True,False,False,True,10-Q:2023-04-25;8-K:2023-04-25,10-Q:2023-04-25;8-K:2023-04-25,sec_edgar_submissions_api
1487,AAPL,AAPL,0000320193,2023-04-26,2023-04-26,ok,ok,False,False,False,False,False,False,False,,,sec_edgar_submissions_api
1488,GOOGL,GOOGL,0001652044,2023-04-26,2023-04-26,ok,ok,True,True,True,True,False,False,True,10-Q:2023-04-26;8-K:2023-04-21;8-K:2023-04-25,10-Q:2023-04-26;8-K:2023-04-20;8-K:2023-04-21;8-K:2023-04-25,sec_edgar_submissions_api
1489,AAPL,AAPL,0000320193,2022-10-12,2022-10-12,ok,ok,False,False,False,False,False,False,False,,,sec_edgar_submissions_api
1490,TSLA,TSLA,0001318605,2021-12-10,2021-12-10,ok,ok,False,False,False,False,False,False,False,,,sec_edgar_submissions_api
1491,AMZN,AMZN,0001018724,2023-06-19,2023-06-20,ok,ok,False,False,False,False,False,False,False,,,sec_edgar_submissions_api
1492,AMZN,AMZN,0001018724,2023-06-19,2023-06-20,ok,ok,False,False,False,False,False,False,False,,,sec_edgar_submissions_api
1493,AMZN,AMZN,0001018724,2023-06-19,2023-06-20,ok,ok,False,False,False,False,False,False,False,,,sec_edgar_submissions_api
1494,GOOGL,GOOGL,0001652044,2025-10-30,2025-10-30,ok,ok,True,True,True,True,False,True,True,10-Q:2025-10-30;424B5:2025-11-03;424B5:2025-11-03;8-K:2025-10-29,10-Q:2025-10-30;424B2:2025-11-05;424B2:2025-11-05;424B5:2025-11-03;424B5:2025-11-03;8-K:2025-10-29;8-K:2025-11-06,sec_edgar_submissions_api
1495,AAPL,AAPL,0000320193,2026-05-04,2026-05-04,ok,ok,True,True,True,True,False,False,True,10-Q:2026-05-01;8-K:2026-04-30,10-Q:2026-05-01;8-K:2026-04-30,sec_edgar_submissions_api
1496,TSLA,TSLA,0001318605,2021-12-31,2021-12-31,ok,ok,True,True,True,False,False,False,True,8-K:2022-01-03,8-K:2022-01-03,sec_edgar_submissions_api
1497,SQ,SQ,0001512673,2021-12-31,,ok,ok,False,False,False,False,False,False,False,,,sec_edgar_submissions_api
1498,TSLA,TSLA,0001318605,2020-05-18,2020-05-18,ok,ok,False,False,False,False,False,False,False,,,sec_edgar_submissions_api
1499,TSLA,TSLA,0001318605,2023-10-31,2023-10-31,ok,ok,False,False,False,False,False,False,False,,,sec_edgar_submissions_api
1500,TSLA,TSLA,0001318605,2021-06-04,2021-06-04,ok,ok,True,True,True,False,False,False,True,8-K:2021-06-07,8-K:2021-06-07,sec_edgar_submissions_api
1501,AMD,AMD,0000002488,2023-02-13,2023-02-13,ok,ok,False,True,False,False,False,False,True,,8-K/A:2023-02-21;8-K:2023-02-21,sec_edgar_submissions_api
1502,AMZN,AMZN,0001018724,2023-02-13,2023-02-13,ok,ok,False,False,False,False,False,False,False,,,sec_edgar_submissions_api
1503,MSFT,MSFT,0000789019,2023-02-13,2023-02-13,ok,ok,False,False,False,False,False,False,False,,,sec_edgar_submissions_api
1504,AMD,AMD,0000002488,2023-05-22,2023-05-22,ok,ok,True,True,True,False,False,False,True,8-K:2023-05-23,8-K:2023-05-23,sec_edgar_submissions_api
1505,AMD,AMD,0000002488,2023-05-22,2023-05-22,ok,ok,True,True,True,False,False,False,True,8-K:2023-05-23,8-K:2023-05-23,sec_edgar_submissions_api
1506,TSLA,TSLA,0001318605,2023-05-22,2023-05-22,ok,ok,True,True,True,False,False,False,True,8-K:2023-05-22,8-K:2023-05-22,sec_edgar_submissions_api
1507,MSFT,MSFT,0000789019,2023-11-20,2023-11-20,ok,ok,False,False,False,False,False,False,False,,,sec_edgar_submissions_api
1508,TSLA,TSLA,0001318605,2020-07-10,2020-07-10,ok,ok,False,True,False,False,False,False,True,,8-K:2020-07-02,sec_edgar_submissions_api
1509,TSLA,TSLA,0001318605,2020-07-10,2020-07-10,ok,ok,False,True,False,False,False,False,True,,8-K:2020-07-02,sec_edgar_submissions_api
1510,TSLA,TSLA,0001318605,2023-01-03,2023-01-03,ok,ok,True,True,True,False,False,False,True,8-K:2023-01-03,8-K:2023-01-03,sec_edgar_submissions_api
1511,TSLA,TSLA,0001318605,2023-03-02,2023-03-02,ok,ok,False,False,False,False,False,False,False,,,sec_edgar_submissions_api
1512,TSLA,TSLA,0001318605,2023-03-02,2023-03-02,ok,ok,False,False,False,False,False,False,False,,,sec_edgar_submissions_api
1513,TSLA,TSLA,0001318605,2023-03-02,2023-03-02,ok,ok,False,False,False,False,False,False,False,,,sec_edgar_submissions_api
1514,TSLA,TSLA,0001318605,2023-03-02,2023-03-02,ok,ok,False,False,False,False,False,False,False,,,sec_edgar_submissions_api
1515,MSFT,MSFT,0000789019,2022-11-09,2022-11-09,ok,ok,False,False,False,False,False,False,False,,,sec_edgar_submissions_api
1516,TSLA,TSLA,0001318605,2020-11-27,2020-11-27,ok,ok,False,False,False,False,False,False,False,,,sec_edgar_submissions_api
1517,NVDA,NVDA,0001045810,2022-11-14,2022-11-14,ok,ok,True,True,True,True,False,False,True,10-Q:2022-11-18;8-K:2022-11-16,10-Q:2022-11-18;8-K:2022-11-16,sec_edgar_submissions_api
1518,AMD,AMD,0000002488,2022-11-14,2022-11-14,ok,ok,True,True,True,False,False,False,True,8-K:2022-11-16,8-K:2022-11-08;8-K:2022-11-16,sec_edgar_submissions_api
1519,AMD,AMD,0000002488,2022-11-14,2022-11-14,ok,ok,True,True,True,False,False,False,True,8-K:2022-11-16,8-K:2022-11-08;8-K:2022-11-16,sec_edgar_submissions_api
1520,GOOGL,GOOGL,0001652044,2023-01-31,2023-01-31,ok,ok,True,True,True,False,True,False,True,10-K:2023-02-03;8-K:2023-02-02,10-K:2023-02-03;8-K:2023-01-25;8-K:2023-02-02,sec_edgar_submissions_api
1521,MSFT,MSFT,0000789019,2023-01-31,2023-01-31,ok,ok,False,True,False,False,False,False,True,,10-Q:2023-01-24;8-K:2023-01-24,sec_edgar_submissions_api
1522,NFLX,NFLX,0001065280,2023-01-31,2023-01-31,ok,ok,False,False,False,False,False,False,False,,,sec_edgar_submissions_api
1523,TSLA,TSLA,0001318605,2023-10-28,2023-10-30,ok,ok,True,True,False,True,False,False,True,10-Q:2023-10-23,10-Q:2023-10-23,sec_edgar_submissions_api
1524,TSLA,TSLA,0001318605,2023-10-28,2023-10-30,ok,ok,True,True,False,True,False,False,True,10-Q:2023-10-23,10-Q:2023-10-23,sec_edgar_submissions_api
1525,TSLA,TSLA,0001318605,2023-10-28,2023-10-30,ok,ok,True,True,False,True,False,False,True,10-Q:2023-10-23,10-Q:2023-10-23,sec_edgar_submissions_api
1526,TSLA,TSLA,0001318605,2024-01-17,2024-01-17,ok,ok,False,True,False,False,False,False,True,,8-K:2024-01-24,sec_edgar_submissions_api
1527,TSLA,TSLA,0001318605,2024-01-17,2024-01-17,ok,ok,False,True,False,False,False,False,True,,8-K:2024-01-24,sec_edgar_submissions_api
1528,TSLA,TSLA,0001318605,2024-01-17,2024-01-17,ok,ok,False,True,False,False,False,False,True,,8-K:2024-01-24,sec_edgar_submissions_api
1529,TSLA,TSLA,0001318605,2024-01-17,2024-01-17,ok,ok,False,True,False,False,False,False,True,,8-K:2024-01-24,sec_edgar_submissions_api
1530,TSLA,TSLA,0001318605,2024-01-17,2024-01-17,ok,ok,False,True,False,False,False,False,True,,8-K:2024-01-24,sec_edgar_submissions_api
1531,TSLA,TSLA,0001318605,2024-01-17,2024-01-17,ok,ok,False,True,False,False,False,False,True,,8-K:2024-01-24,sec_edgar_submissions_api
1532,TSLA,TSLA,0001318605,2024-01-17,2024-01-17,ok,ok,False,True,False,False,False,False,True,,8-K:2024-01-24,sec_edgar_submissions_api
1533,TSLA,TSLA,0001318605,2024-01-17,2024-01-17,ok,ok,False,True,False,False,False,False,True,,8-K:2024-01-24,sec_edgar_submissions_api
1534,TSLA,TSLA,0001318605,2024-01-17,2024-01-17,ok,ok,False,True,False,False,False,False,True,,8-K:2024-01-24,sec_edgar_submissions_api
1535,TSLA,TSLA,0001318605,2024-01-17,2024-01-17,ok,ok,False,True,False,False,False,False,True,,8-K:2024-01-24,sec_edgar_submissions_api
1536,TSLA,TSLA,0001318605,2024-01-17,2024-01-17,ok,ok,False,True,False,False,False,False,True,,8-K:2024-01-24,sec_edgar_submissions_api
1537,NFLX,NFLX,0001065280,2024-01-17,2024-01-17,ok,ok,False,True,False,False,False,False,True,,8-K:2024-01-23,sec_edgar_submissions_api
1538,AMZN,AMZN,0001018724,2024-01-17,2024-01-17,ok,ok,False,False,False,False,False,False,False,,,sec_edgar_submissions_api
1539,MSFT,MSFT,0000789019,2024-01-17,2024-01-17,ok,ok,True,True,True,False,False,False,True,8-K:2024-01-19,8-K:2024-01-19,sec_edgar_submissions_api
1540,MSFT,MSFT,0000789019,2024-01-17,2024-01-17,ok,ok,True,True,True,False,False,False,True,8-K:2024-01-19,8-K:2024-01-19,sec_edgar_submissions_api
1541,AAPL,AAPL,0000320193,2024-01-17,2024-01-17,ok,ok,False,False,False,False,False,False,False,,,sec_edgar_submissions_api
1542,GOOGL,GOOGL,0001652044,2024-04-10,2024-04-10,ok,ok,False,False,False,False,False,False,False,,,sec_edgar_submissions_api
1543,AMD,AMD,0000002488,2024-11-02,2024-11-04,ok,ok,True,True,True,True,False,False,True,10-Q:2024-10-30;8-K:2024-10-29,10-Q:2024-10-30;8-K:2024-10-29,sec_edgar_submissions_api
1544,AMD,AMD,0000002488,2024-11-02,2024-11-04,ok,ok,True,True,True,True,False,False,True,10-Q:2024-10-30;8-K:2024-10-29,10-Q:2024-10-30;8-K:2024-10-29,sec_edgar_submissions_api
1545,AMD,AMD,0000002488,2025-10-09,2025-10-09,ok,ok,True,True,True,False,False,False,True,8-K:2025-10-06,8-K:2025-10-06,sec_edgar_submissions_api
1546,NVDA,NVDA,0001045810,2025-12-04,2025-12-04,ok,ok,False,False,False,False,False,False,False,,,sec_edgar_submissions_api
1547,GOOGL,GOOGL,0001652044,2025-12-04,2025-12-04,ok,ok,False,False,False,False,False,False,False,,,sec_edgar_submissions_api
1548,META,META,0001326801,2025-12-04,2025-12-04,ok,ok,False,False,False,False,False,False,False,,,sec_edgar_submissions_api
1549,MSFT,MSFT,0000789019,2026-01-26,2026-01-26,ok,ok,True,True,True,True,False,False,True,10-Q:2026-01-28;8-K:2026-01-28,10-Q:2026-01-28;8-K:2026-01-28,sec_edgar_submissions_api
1550,AMZN,AMZN,0001018724,2026-03-17,2026-03-17,ok,ok,True,True,True,False,False,True,True,424B5:2026-03-12;424B5:2026-03-13;8-K:2026-03-13;8-K:2026-03-16,424B5:2026-03-10;424B5:2026-03-11;424B5:2026-03-12;424B5:2026-03-13;8-K:2026-03-13;8-K:2026-03-16,sec_edgar_submissions_api
1551,AMZN,AMZN,0001018724,2026-03-17,2026-03-17,ok,ok,True,True,True,False,False,True,True,424B5:2026-03-12;424B5:2026-03-13;8-K:2026-03-13;8-K:2026-03-16,424B5:2026-03-10;424B5:2026-03-11;424B5:2026-03-12;424B5:2026-03-13;8-K:2026-03-13;8-K:2026-03-16,sec_edgar_submissions_api
1552,META,META,0001326801,2026-03-17,2026-03-17,ok,ok,False,False,False,False,False,False,False,,,sec_edgar_submissions_api
1553,SOFI,SOFI,0001818874,2026-04-30,2026-04-30,ok,ok,True,True,True,False,False,False,True,8-K:2026-04-29,10-Q:2026-05-07;8-K:2026-04-29,sec_edgar_submissions_api
1554,SOFI,SOFI,0001818874,2026-05-05,2026-05-05,ok,ok,True,True,False,True,False,False,True,10-Q:2026-05-07,10-Q:2026-05-07;8-K:2026-04-29,sec_edgar_submissions_api
