event_id,ticker,event_date,recommendation_type,top5_flag,yf_snapshot_available,yf_event_time_usable,yf_diagnostic_current_only,yf_provider_status,yf_error_class_safe,yf_recommendation_key_current,yf_recommendation_mean_current,yf_number_of_analysts_current,yf_target_mean_current,yf_target_median_current,yf_target_high_current,yf_target_low_current,yf_target_upside_vs_event_price_current,yf_current_bullish_aligned,yf_current_bearish_aligned,yf_current_neutral_or_mixed,yf_current_contrarian_to_finfluencer,yf_analyst_relay_likely_diagnostic,yf_latest_recommendation_date_pre_event,yf_latest_firm_pre_event,yf_latest_to_grade_pre_event,yf_latest_from_grade_pre_event,yf_latest_recommendation_action_pre_event,yf_recent_upgrade_pre_event,yf_recent_downgrade_pre_event,yf_consensus_bucket_event_time_if_available,yf_event_time_bullish_aligned,yf_event_time_bearish_aligned,yf_event_time_neutral_or_mixed,yf_event_time_contrarian_to_finfluencer,yf_analyst_relay_likely_event_time
1,TSLA,2023-10-13,buy,True,True,True,False,ok,,buy,2.3617,41.0,412.25366,450.0,600.0,123.0,0.6416600351063959,True,False,False,False,True,2023-10-11,Citigroup,,,main,False,False,unknown,False,False,False,False,False
2,GOOGL,2023-10-13,buy,False,True,True,False,ok,,strong_buy,1.39683,52.0,427.88712,430.0,515.0,334.22,2.1408238512028244,True,False,False,False,True,2023-10-13,Keybanc,,,main,False,False,unknown,False,False,False,False,False
3,AMZN,2023-06-23,buy,True,True,True,False,ok,,strong_buy,1.34848,62.0,311.55145,317.0,370.0,207.0,1.408965016539498,True,False,False,False,True,2023-06-22,Morgan Stanley,,,reit,False,False,unknown,False,False,False,False,False
4,NVDA,2023-06-23,buy,True,True,True,False,ok,,strong_buy,1.29508,57.0,272.93738,275.0,380.0,140.0,5.471386357195465,True,False,False,False,True,2023-06-22,Mizuho,,,reit,False,False,unknown,False,False,False,False,False
5,TSLA,2023-06-23,buy,True,True,True,False,ok,,buy,2.3617,41.0,412.25366,450.0,600.0,123.0,0.6066003514968421,True,False,False,False,True,2023-06-23,Morgan Stanley,,,reit,False,False,unknown,False,False,False,False,False
6,PYPL,2026-03-09,buy,False,True,True,False,ok,,hold,2.88636,34.0,52.52618,48.0,147.39,32.0,0.13791551502669241,False,False,True,False,False,2026-03-02,KGI Securities,,,down,False,False,unknown,False,False,False,False,False
7,MSFT,2026-02-06,buy,False,True,True,False,ok,,strong_buy,1.30909,54.0,561.5561,562.5,870.0,400.0,0.40309574189786024,True,False,False,False,True,2026-02-05,Stifel,,,down,False,False,unknown,False,False,False,False,False
8,UBER,2026-02-06,buy,False,True,True,False,ok,,buy,1.51923,50.0,104.9312,107.0,150.0,70.0,0.4033864479212934,True,False,False,False,True,2026-02-06,Citigroup,,,main,False,False,unknown,False,False,False,False,False
9,NVDA,2026-02-06,buy,True,True,True,False,ok,,strong_buy,1.29508,57.0,272.93738,275.0,380.0,140.0,0.4721544439692875,True,False,False,False,True,2026-01-16,Jefferies,,,main,False,False,unknown,False,False,False,False,False
10,NFLX,2026-02-06,buy,False,True,True,False,ok,,buy,1.68,44.0,114.555,115.0,151.4,80.0,0.3936131904254252,True,False,False,False,True,2026-01-27,Freedom Broker,,,up,False,False,unknown,False,False,False,False,False
11,NFLX,2023-02-10,buy,False,True,True,False,ok,,buy,1.68,44.0,114.555,115.0,151.4,80.0,2.2978753972453267,True,False,False,False,True,2023-02-06,Jefferies,,,main,False,False,unknown,False,False,False,False,False
12,AMZN,2023-06-16,sell,True,True,True,False,ok,,strong_buy,1.34848,62.0,311.55145,317.0,370.0,207.0,1.4826795386371479,False,False,False,True,True,2023-06-12,B of A Securities,,,main,False,False,unknown,False,False,False,False,False
13,NFLX,2023-06-16,buy,False,True,True,False,ok,,buy,1.68,44.0,114.555,115.0,151.4,80.0,1.6519817174298006,True,False,False,False,True,2023-06-14,Barclays,,,main,False,False,unknown,False,False,False,False,False
14,NVDA,2023-06-16,sell,True,True,True,False,ok,,strong_buy,1.29508,57.0,272.93738,275.0,380.0,140.0,5.398171511442218,False,False,False,True,True,2023-06-16,Morgan Stanley,,,main,False,False,unknown,False,False,False,False,False
15,TSLA,2023-06-16,sell,True,True,True,False,ok,,buy,2.3617,41.0,412.25366,450.0,600.0,123.0,0.5823046230111715,False,False,False,True,True,2023-06-15,Wedbush,,,reit,False,False,unknown,False,False,False,False,False
16,GOOGL,2024-01-08,buy,False,True,True,False,ok,,strong_buy,1.39683,52.0,427.88712,430.0,515.0,334.22,2.107343864263575,True,False,False,False,True,2023-12-07,Roth MKM,,,main,False,False,unknown,False,False,False,False,False
17,TSLA,2024-01-08,buy,True,True,True,False,ok,,buy,2.3617,41.0,412.25366,450.0,600.0,123.0,0.7145089009451693,True,False,False,False,True,2024-01-02,Oppenheimer,,,reit,False,False,unknown,False,False,False,False,False
18,TSLA,2023-08-18,buy,True,True,True,False,ok,,buy,2.3617,41.0,412.25366,450.0,600.0,123.0,0.9130987493203153,True,False,False,False,True,2023-08-07,Bernstein,,,main,False,False,unknown,False,False,False,False,False
19,AAPL,2023-08-18,buy,True,True,True,False,ok,,buy,1.95833,43.0,308.06512,310.0,400.0,215.0,0.7878543260743007,True,False,False,False,True,2023-08-17,Wedbush,,,reit,False,False,unknown,False,False,False,False,False
20,AMZN,2023-03-03,buy,True,True,True,False,ok,,strong_buy,1.34848,62.0,311.55145,317.0,370.0,207.0,2.282944625823225,True,False,False,False,True,2023-02-14,Loop Capital,,,main,False,False,unknown,False,False,False,False,False
21,NVDA,2025-08-27,buy,True,True,True,False,ok,,strong_buy,1.29508,57.0,272.93738,275.0,380.0,140.0,0.5032089234782375,True,False,False,False,True,2025-08-25,Baird,,,main,False,False,unknown,False,False,False,False,False
22,NVDA,2025-08-27,buy,True,True,True,False,ok,,strong_buy,1.29508,57.0,272.93738,275.0,380.0,140.0,0.5032089234782375,True,False,False,False,True,2025-08-25,Baird,,,main,False,False,unknown,False,False,False,False,False
23,DIS,2023-10-06,buy,False,True,True,False,ok,,strong_buy,1.46667,29.0,130.66553,132.0,164.0,77.0,0.612522551859082,True,False,False,False,True,2023-10-06,Bernstein,,,init,False,False,unknown,False,False,False,False,False
24,AMD,2023-10-06,sell,True,True,True,False,ok,,buy,1.5098,48.0,457.83334,474.0,625.0,225.0,3.2692404804185156,False,False,False,True,True,2023-08-03,Benchmark,,,main,False,False,unknown,False,False,False,False,False
25,MSFT,2023-10-06,sell,False,True,True,False,ok,,strong_buy,1.30909,54.0,561.5561,562.5,870.0,400.0,0.7490346208679441,False,False,False,True,True,2023-10-02,Wells Fargo,,,reit,False,False,unknown,False,False,False,False,False
26,AAPL,2023-10-06,buy,True,True,True,False,ok,,buy,1.95833,43.0,308.06512,310.0,400.0,215.0,0.757635157822653,True,False,False,False,True,2023-10-04,Keybanc,,,down,False,False,unknown,False,False,False,False,False
27,AAPL,2024-12-17,sell,True,True,True,False,ok,,buy,1.95833,43.0,308.06512,310.0,400.0,215.0,0.22310777579204055,False,False,False,True,True,2024-12-13,Morgan Stanley,,,reit,False,False,unknown,False,False,False,False,False
28,NVDA,2023-05-24,buy,True,True,True,False,ok,,strong_buy,1.29508,57.0,272.93738,275.0,380.0,140.0,7.945543746192694,True,False,False,False,True,2023-05-24,Citigroup,,,main,False,False,unknown,False,False,False,False,False
29,NFLX,2023-07-28,buy,False,True,True,False,ok,,buy,1.68,44.0,114.555,115.0,151.4,80.0,1.6904740096081494,True,False,False,False,True,2023-07-26,Needham,,,reit,False,False,unknown,False,False,False,False,False
30,MSFT,2023-07-28,buy,False,True,True,False,ok,,strong_buy,1.30909,54.0,561.5561,562.5,870.0,400.0,0.6951887339887681,True,False,False,False,True,2023-07-28,Oppenheimer,,,reit,False,False,unknown,False,False,False,False,False
31,NFLX,2023-08-25,buy,False,True,True,False,ok,,buy,1.68,44.0,114.555,115.0,151.4,80.0,1.7535273474352642,True,False,False,False,True,2023-08-25,Loop Capital,,,up,False,False,unknown,False,False,False,False,False
32,NFLX,2023-08-25,buy,False,True,True,False,ok,,buy,1.68,44.0,114.555,115.0,151.4,80.0,1.7535273474352642,True,False,False,False,True,2023-08-25,Loop Capital,,,up,False,False,unknown,False,False,False,False,False
33,MSFT,2023-08-25,buy,False,True,True,False,ok,,strong_buy,1.30909,54.0,561.5561,562.5,870.0,400.0,0.7722119920728945,True,False,False,False,True,2023-08-11,Redburn Partners,,,main,False,False,unknown,False,False,False,False,False
34,AAPL,2023-09-08,buy,True,True,True,False,ok,,buy,1.95833,43.0,308.06512,310.0,400.0,215.0,0.7508288695589131,True,False,False,False,True,2023-09-08,JP Morgan,,,main,False,False,unknown,False,False,False,False,False
35,AAPL,2023-09-08,buy,True,True,True,False,ok,,buy,1.95833,43.0,308.06512,310.0,400.0,215.0,0.7508288695589131,True,False,False,False,True,2023-09-08,JP Morgan,,,main,False,False,unknown,False,False,False,False,False
36,AAPL,2023-09-08,buy,True,True,True,False,ok,,buy,1.95833,43.0,308.06512,310.0,400.0,215.0,0.7508288695589131,True,False,False,False,True,2023-09-08,JP Morgan,,,main,False,False,unknown,False,False,False,False,False
37,AAPL,2023-09-08,buy,True,True,True,False,ok,,buy,1.95833,43.0,308.06512,310.0,400.0,215.0,0.7508288695589131,True,False,False,False,True,2023-09-08,JP Morgan,,,main,False,False,unknown,False,False,False,False,False
38,AAPL,2023-09-08,sell,True,True,True,False,ok,,buy,1.95833,43.0,308.06512,310.0,400.0,215.0,0.7508288695589131,False,False,False,True,True,2023-09-08,JP Morgan,,,main,False,False,unknown,False,False,False,False,False
39,AAPL,2023-09-08,buy,True,True,True,False,ok,,buy,1.95833,43.0,308.06512,310.0,400.0,215.0,0.7508288695589131,True,False,False,False,True,2023-09-08,JP Morgan,,,main,False,False,unknown,False,False,False,False,False
40,AMD,2025-07-11,buy,True,True,True,False,ok,,buy,1.5098,48.0,457.83334,474.0,625.0,225.0,2.126849786405088,True,False,False,False,True,2025-07-10,HSBC,,,up,False,False,unknown,False,False,False,False,False
41,AMZN,2023-10-02,buy,True,True,True,False,ok,,strong_buy,1.34848,62.0,311.55145,317.0,370.0,207.0,1.4065459125812634,True,False,False,False,True,2023-10-02,Morgan Stanley,,,reit,False,False,unknown,False,False,False,False,False
42,MSFT,2023-10-02,buy,False,True,True,False,ok,,strong_buy,1.30909,54.0,561.5561,562.5,870.0,400.0,0.7787105644428987,True,False,False,False,True,2023-10-02,Wells Fargo,,,reit,False,False,unknown,False,False,False,False,False
43,MSFT,2023-10-02,buy,False,True,True,False,ok,,strong_buy,1.30909,54.0,561.5561,562.5,870.0,400.0,0.7787105644428987,True,False,False,False,True,2023-10-02,Wells Fargo,,,reit,False,False,unknown,False,False,False,False,False
44,NVDA,2025-10-06,buy,True,True,True,False,ok,,strong_buy,1.29508,57.0,272.93738,275.0,380.0,140.0,0.4712049101685496,True,False,False,False,True,2025-10-03,Cantor Fitzgerald,,,reit,False,False,unknown,False,False,False,False,False
45,MSFT,2023-07-07,buy,False,True,True,False,ok,,strong_buy,1.30909,54.0,561.5561,562.5,870.0,400.0,0.7009695873049973,True,False,False,False,True,2023-07-06,Morgan Stanley,,,main,False,False,unknown,False,False,False,False,False
46,AAPL,2023-11-20,buy,True,True,True,False,ok,,buy,1.95833,43.0,308.06512,310.0,400.0,215.0,0.627329473104036,True,False,False,False,True,2023-11-16,Tigress Financial,,,main,False,False,unknown,False,False,False,False,False
47,AAPL,2023-11-20,buy,True,True,True,False,ok,,buy,1.95833,43.0,308.06512,310.0,400.0,215.0,0.627329473104036,True,False,False,False,True,2023-11-16,Tigress Financial,,,main,False,False,unknown,False,False,False,False,False
48,UBER,2023-11-20,buy,False,True,True,False,ok,,buy,1.51923,50.0,104.9312,107.0,150.0,70.0,0.916551598173516,True,False,False,False,True,2023-11-13,JMP Securities,,,main,False,False,unknown,False,False,False,False,False
49,PYPL,2023-08-07,buy,False,True,True,False,ok,,hold,2.88636,34.0,52.52618,48.0,147.39,32.0,-0.180269898968347,False,False,True,False,False,2023-08-07,Barclays,,,main,False,False,unknown,False,False,False,False,False
50,MSFT,2024-11-01,sell,False,True,True,False,ok,,strong_buy,1.30909,54.0,561.5561,562.5,870.0,400.0,0.3844206724417225,False,False,False,True,True,2024-10-31,Morgan Stanley,,,main,False,False,unknown,False,False,False,False,False
51,MSFT,2024-11-01,buy,False,True,True,False,ok,,strong_buy,1.30909,54.0,561.5561,562.5,870.0,400.0,0.3844206724417225,True,False,False,False,True,2024-10-31,Morgan Stanley,,,main,False,False,unknown,False,False,False,False,False
52,TSLA,2023-04-14,sell,True,True,True,False,ok,,buy,2.3617,41.0,412.25366,450.0,600.0,123.0,1.2283981621621622,False,False,False,True,True,2023-04-11,Baird,,,main,False,False,unknown,False,False,False,False,False
53,MSFT,2023-04-14,buy,False,True,True,False,ok,,strong_buy,1.30909,54.0,561.5561,562.5,870.0,400.0,1.0089985107854562,True,False,False,False,True,2023-04-14,Stifel,,,main,False,False,unknown,False,False,False,False,False
54,NVDA,2024-02-01,sell,True,True,True,False,ok,,strong_buy,1.29508,57.0,272.93738,275.0,380.0,140.0,3.333130948432524,False,False,False,True,True,2024-01-29,Cantor Fitzgerald,,,reit,False,False,unknown,False,False,False,False,False
55,AMZN,2024-02-01,sell,True,True,True,False,ok,,strong_buy,1.34848,62.0,311.55145,317.0,370.0,207.0,0.9559985709925511,False,False,False,True,True,2024-01-24,Telsey Advisory Group,,,main,False,False,unknown,False,False,False,False,False
56,NVDA,2025-08-25,buy,True,True,True,False,ok,,strong_buy,1.29508,57.0,272.93738,275.0,380.0,140.0,0.5181733036452849,True,False,False,False,True,2025-08-25,Baird,,,main,False,False,unknown,False,False,False,False,False
57,NVDA,2025-08-25,buy,True,True,True,False,ok,,strong_buy,1.29508,57.0,272.93738,275.0,380.0,140.0,0.5181733036452849,True,False,False,False,True,2025-08-25,Baird,,,main,False,False,unknown,False,False,False,False,False
58,TSLA,2023-08-07,buy,True,True,True,False,ok,,buy,2.3617,41.0,412.25366,450.0,600.0,123.0,0.6395055279513773,True,False,False,False,True,2023-08-07,Bernstein,,,main,False,False,unknown,False,False,False,False,False
59,AMZN,2023-08-07,buy,True,True,True,False,ok,,strong_buy,1.34848,62.0,311.55145,317.0,370.0,207.0,1.1906303426092721,True,False,False,False,True,2023-08-07,Barclays,,,main,False,False,unknown,False,False,False,False,False
60,NVDA,2025-08-28,buy,True,True,True,False,ok,,strong_buy,1.29508,57.0,272.93738,275.0,380.0,140.0,0.5151398270676801,True,False,False,False,True,2025-08-28,Needham,,,reit,False,False,unknown,False,False,False,False,False
61,GOOGL,2025-08-28,buy,False,True,True,False,ok,,strong_buy,1.39683,52.0,427.88712,430.0,515.0,334.22,1.0263260642521876,True,False,False,False,True,2025-08-21,Needham,,,reit,False,False,unknown,False,False,False,False,False
62,TSLA,2023-07-21,sell,True,True,True,False,ok,,buy,2.3617,41.0,412.25366,450.0,600.0,123.0,0.5854691078320278,False,False,False,True,True,2023-07-21,Morgan Stanley,,,reit,False,False,unknown,False,False,False,False,False
63,MSFT,2023-10-26,buy,False,True,True,False,ok,,strong_buy,1.30909,54.0,561.5561,562.5,870.0,400.0,0.7456739246870896,True,False,False,False,True,2023-10-26,HSBC,,,up,False,False,unknown,False,False,False,False,False
64,GOOGL,2023-10-26,buy,False,True,True,False,ok,,strong_buy,1.39683,52.0,427.88712,430.0,515.0,334.22,2.528161847013815,True,False,False,False,True,2023-10-25,Keybanc,,,main,False,False,unknown,False,False,False,False,False
65,TSLA,2023-10-26,buy,True,True,True,False,ok,,buy,2.3617,41.0,412.25366,450.0,600.0,123.0,1.0035656639089954,True,False,False,False,True,2023-10-19,Deutsche Bank,,,main,False,False,unknown,False,False,False,False,False
66,SOFI,2025-09-12,buy,False,True,True,False,ok,,hold,2.70833,20.0,21.1,18.5,31.0,12.0,-0.20527304684261583,False,False,True,False,False,2025-09-10,Needham,,,main,False,False,unknown,False,False,False,False,False
67,NVDA,2025-09-12,buy,True,True,True,False,ok,,strong_buy,1.29508,57.0,272.93738,275.0,380.0,140.0,0.5350767670952048,True,False,False,False,True,2025-09-11,DA Davidson,,,up,False,False,unknown,False,False,False,False,False
68,NFLX,2026-03-04,sell,False,True,True,False,ok,,buy,1.68,44.0,114.555,115.0,151.4,80.0,0.16110881560807355,False,False,False,True,True,2026-03-02,JP Morgan,,,up,False,False,unknown,False,False,False,False,False
69,NVDA,2025-08-21,buy,True,True,True,False,ok,,strong_buy,1.29508,57.0,272.93738,275.0,380.0,140.0,0.56007977402283,True,False,False,False,True,2025-08-21,Wedbush,,,main,False,False,unknown,False,False,False,False,False
70,MSFT,2025-08-21,buy,False,True,True,False,ok,,strong_buy,1.30909,54.0,561.5561,562.5,870.0,400.0,0.11829936280091435,True,False,False,False,True,2025-08-18,Truist Securities,,,main,False,False,unknown,False,False,False,False,False
71,DIS,2026-02-12,buy,False,True,True,False,ok,,strong_buy,1.46667,29.0,130.66553,132.0,164.0,77.0,0.27627987405164456,True,False,False,False,True,2026-02-03,Jefferies,,,main,False,False,unknown,False,False,False,False,False
72,UBER,2025-07-15,buy,False,True,True,False,ok,,buy,1.51923,50.0,104.9312,107.0,150.0,70.0,0.13795901791381193,True,False,False,False,True,2025-07-14,Needham,,,main,False,False,unknown,False,False,False,False,False
73,NFLX,2023-04-18,buy,False,True,True,False,ok,,buy,1.68,44.0,114.555,115.0,151.4,80.0,2.4328739486576256,True,False,False,False,True,2023-04-18,Rosenblatt,,,reit,False,False,unknown,False,False,False,False,False
74,NFLX,2023-04-18,buy,False,True,True,False,ok,,buy,1.68,44.0,114.555,115.0,151.4,80.0,2.4328739486576256,True,False,False,False,True,2023-04-18,Rosenblatt,,,reit,False,False,unknown,False,False,False,False,False
75,GOOGL,2023-04-18,buy,False,True,True,False,ok,,strong_buy,1.39683,52.0,427.88712,430.0,515.0,334.22,3.1284555922238075,True,False,False,False,True,2023-04-06,UBS,,,main,False,False,unknown,False,False,False,False,False
76,NVDA,2024-02-22,buy,True,True,True,False,ok,,strong_buy,1.29508,57.0,272.93738,275.0,380.0,140.0,2.4773510167931185,True,False,False,False,True,2024-02-22,Wedbush,,,main,False,False,unknown,False,False,False,False,False
77,MSFT,2026-03-06,sell,False,True,True,False,ok,,strong_buy,1.30909,54.0,561.5561,562.5,870.0,400.0,0.3731321198486568,False,False,False,True,True,2026-02-05,Stifel,,,down,False,False,unknown,False,False,False,False,False
78,AMZN,2026-03-06,sell,True,True,True,False,ok,,strong_buy,1.34848,62.0,311.55145,317.0,370.0,207.0,0.4612421565096112,False,False,False,True,True,2026-02-23,Wells Fargo,,,main,False,False,unknown,False,False,False,False,False
79,DIS,2024-08-09,buy,False,True,True,False,ok,,strong_buy,1.46667,29.0,130.66553,132.0,164.0,77.0,0.5392178577751134,True,False,False,False,True,2024-08-08,Needham,,,main,False,False,unknown,False,False,False,False,False
80,PYPL,2025-09-17,buy,False,True,True,False,ok,,hold,2.88636,34.0,52.52618,48.0,147.39,32.0,-0.23044293414618067,False,False,True,False,False,2025-07-30,JMP Securities,,,main,False,False,unknown,False,False,False,False,False
81,META,2025-09-17,buy,False,True,True,False,ok,,strong_buy,1.34921,58.0,826.69104,825.0,1015.0,614.0,0.06821088769078054,True,False,False,False,True,2024-09-30,"Monness, Crespi, Hardt",,,main,False,False,unknown,False,False,False,False,False
82,DIS,2023-09-15,buy,False,True,True,False,ok,,strong_buy,1.46667,29.0,130.66553,132.0,164.0,77.0,0.5627788934291187,True,False,False,False,True,2023-09-15,Rosenblatt,,,reit,False,False,unknown,False,False,False,False,False
83,AAPL,2023-09-15,sell,True,True,True,False,ok,,buy,1.95833,43.0,308.06512,310.0,400.0,215.0,0.782542140218939,False,False,False,True,True,2023-09-15,Credit Suisse,,,reit,False,False,unknown,False,False,False,False,False
84,GOOGL,2025-07-25,buy,False,True,True,False,ok,,strong_buy,1.39683,52.0,427.88712,430.0,515.0,334.22,1.2199589049135633,True,False,False,False,True,2025-07-24,Needham,,,main,False,False,unknown,False,False,False,False,False
85,NVDA,2023-07-24,sell,True,True,True,False,ok,,strong_buy,1.29508,57.0,272.93738,275.0,380.0,140.0,5.1228082740500005,False,False,False,True,True,2023-07-24,Mizuho,,,main,False,False,unknown,False,False,False,False,False
86,NVDA,2023-07-24,sell,True,True,True,False,ok,,strong_buy,1.29508,57.0,272.93738,275.0,380.0,140.0,5.1228082740500005,False,False,False,True,True,2023-07-24,Mizuho,,,main,False,False,unknown,False,False,False,False,False
87,GOOGL,2025-08-20,buy,False,True,True,False,ok,,strong_buy,1.39683,52.0,427.88712,430.0,515.0,334.22,1.1515734935879802,True,False,False,False,True,2025-08-05,Loop Capital,,,main,False,False,unknown,False,False,False,False,False
88,META,2026-02-24,buy,False,True,False,True,ok,,strong_buy,1.34921,58.0,826.69104,825.0,1015.0,614.0,0.2942262408479961,True,False,False,False,True,,,,,,,,,,,,,
89,GOOGL,2023-03-17,buy,False,True,True,False,ok,,strong_buy,1.39683,52.0,427.88712,430.0,515.0,334.22,3.24545964764454,True,False,False,False,True,2023-03-17,Exane BNP Paribas,,,up,False,False,unknown,False,False,False,False,False
90,GOOGL,2023-03-17,buy,False,True,True,False,ok,,strong_buy,1.39683,52.0,427.88712,430.0,515.0,334.22,3.24545964764454,True,False,False,False,True,2023-03-17,Exane BNP Paribas,,,up,False,False,unknown,False,False,False,False,False
91,AAPL,2023-03-17,buy,True,True,True,False,ok,,buy,1.95833,43.0,308.06512,310.0,400.0,215.0,1.0181680611183563,True,False,False,False,True,2023-03-10,Needham,,,reit,False,False,unknown,False,False,False,False,False
92,AAPL,2023-03-17,sell,True,True,True,False,ok,,buy,1.95833,43.0,308.06512,310.0,400.0,215.0,1.0181680611183563,False,False,False,True,True,2023-03-10,Needham,,,reit,False,False,unknown,False,False,False,False,False
93,NFLX,2023-03-17,buy,False,True,True,False,ok,,buy,1.68,44.0,114.555,115.0,151.4,80.0,2.774464532459837,True,False,False,False,True,2023-03-16,Citigroup,,,main,False,False,unknown,False,False,False,False,False
94,NVDA,2023-03-17,buy,True,True,True,False,ok,,strong_buy,1.29508,57.0,272.93738,275.0,380.0,140.0,9.619202016287332,True,False,False,False,True,2023-03-17,Morgan Stanley,,,up,False,False,unknown,False,False,False,False,False
95,MSFT,2023-07-21,buy,False,True,True,False,ok,,strong_buy,1.30909,54.0,561.5561,562.5,870.0,400.0,0.6685601865704496,True,False,False,False,True,2023-07-20,Citigroup,,,main,False,False,unknown,False,False,False,False,False
96,NVDA,2023-07-21,buy,True,True,True,False,ok,,strong_buy,1.29508,57.0,272.93738,275.0,380.0,140.0,5.164679395774558,True,False,False,False,True,2023-07-20,Wolfe Research,,,init,False,False,unknown,False,False,False,False,False
97,NVDA,2023-11-24,buy,True,True,True,False,ok,,strong_buy,1.29508,57.0,272.93738,275.0,380.0,140.0,4.716849813180375,True,False,False,False,True,2023-11-22,Needham,,,reit,False,False,unknown,False,False,False,False,False
98,AAPL,2023-11-24,sell,True,True,True,False,ok,,buy,1.95833,43.0,308.06512,310.0,400.0,215.0,0.6400076929554182,False,False,False,True,True,2023-11-24,Wedbush,,,reit,False,False,unknown,False,False,False,False,False
99,MSFT,2023-11-24,sell,False,True,True,False,ok,,strong_buy,1.30909,54.0,561.5561,562.5,870.0,400.0,0.5134715632190885,False,False,False,True,True,2023-11-24,RBC Capital,,,reit,False,False,unknown,False,False,False,False,False
100,NVDA,2025-08-13,buy,True,True,True,False,ok,,strong_buy,1.29508,57.0,272.93738,275.0,380.0,140.0,0.5032917984748593,True,False,False,False,True,2025-08-13,Piper Sandler,,,main,False,False,unknown,False,False,False,False,False
101,NVDA,2025-08-13,sell,True,True,True,False,ok,,strong_buy,1.29508,57.0,272.93738,275.0,380.0,140.0,0.5032917984748593,False,False,False,True,True,2025-08-13,Piper Sandler,,,main,False,False,unknown,False,False,False,False,False
102,NVDA,2023-02-27,buy,True,True,True,False,ok,,strong_buy,1.29508,57.0,272.93738,275.0,380.0,140.0,10.626118814709063,True,False,False,False,True,2023-02-23,TD Cowen,,,main,False,False,unknown,False,False,False,False,False
103,NFLX,2023-02-27,buy,False,True,True,False,ok,,buy,1.68,44.0,114.555,115.0,151.4,80.0,2.546264898669562,True,False,False,False,True,2023-02-06,Jefferies,,,main,False,False,unknown,False,False,False,False,False
104,MSFT,2023-02-27,buy,False,True,True,False,ok,,strong_buy,1.30909,54.0,561.5561,562.5,870.0,400.0,1.2979487236074396,True,False,False,False,True,2023-02-24,Wedbush,,,main,False,False,unknown,False,False,False,False,False
105,AMZN,2023-02-27,buy,True,True,True,False,ok,,strong_buy,1.34848,62.0,311.55145,317.0,370.0,207.0,2.3228609524488393,True,False,False,False,True,2023-02-14,Loop Capital,,,main,False,False,unknown,False,False,False,False,False
106,GOOGL,2023-02-27,buy,False,True,True,False,ok,,strong_buy,1.39683,52.0,427.88712,430.0,515.0,334.22,3.8005291666996923,True,False,False,False,True,2023-02-10,Jefferies,,,reit,False,False,unknown,False,False,False,False,False
107,TSLA,2023-01-26,buy,True,True,True,False,ok,,buy,2.3617,41.0,412.25366,450.0,600.0,123.0,1.5722446434777892,True,False,False,False,True,2023-01-26,Citigroup,,,main,False,False,unknown,False,False,False,False,False
108,TSLA,2023-01-26,sell,True,True,True,False,ok,,buy,2.3617,41.0,412.25366,450.0,600.0,123.0,1.5722446434777892,False,False,False,True,True,2023-01-26,Citigroup,,,main,False,False,unknown,False,False,False,False,False
109,NVDA,2025-08-07,buy,True,True,True,False,ok,,strong_buy,1.29508,57.0,272.93738,275.0,380.0,140.0,0.510110882107466,True,False,False,False,True,2025-08-07,Goldman Sachs,,,main,False,False,unknown,False,False,False,False,False
110,TSLA,2024-01-25,buy,True,True,True,False,ok,,buy,2.3617,41.0,412.25366,450.0,600.0,123.0,1.2573161527566583,True,False,False,False,True,2024-01-25,KGI Securities,,,down,False,False,unknown,False,False,False,False,False
111,AMZN,2026-02-18,buy,True,True,True,False,ok,,strong_buy,1.34848,62.0,311.55145,317.0,370.0,207.0,0.5213216476095097,True,False,False,False,True,2026-02-09,Citigroup,,,main,False,False,unknown,False,False,False,False,False
112,META,2026-02-18,buy,False,True,False,True,ok,,strong_buy,1.34921,58.0,826.69104,825.0,1015.0,614.0,0.2863388302408634,True,False,False,False,True,,,,,,,,,,,,,
113,MSFT,2024-08-02,buy,False,True,True,False,ok,,strong_buy,1.30909,54.0,561.5561,562.5,870.0,400.0,0.3932988106690498,True,False,False,False,True,2024-07-31,Piper Sandler,,,main,False,False,unknown,False,False,False,False,False
114,NVDA,2025-07-16,sell,True,True,True,False,ok,,strong_buy,1.29508,57.0,272.93738,275.0,380.0,140.0,0.5929435928242475,False,False,False,True,True,2025-07-16,Needham,,,main,False,False,unknown,False,False,False,False,False
115,NVDA,2025-07-16,buy,True,True,True,False,ok,,strong_buy,1.29508,57.0,272.93738,275.0,380.0,140.0,0.5929435928242475,True,False,False,False,True,2025-07-16,Needham,,,main,False,False,unknown,False,False,False,False,False
116,AMD,2025-07-16,buy,True,True,True,False,ok,,buy,1.5098,48.0,457.83334,474.0,625.0,225.0,1.8600283281055208,True,False,False,False,True,2025-07-16,Mizuho,,,main,False,False,unknown,False,False,False,False,False
117,NVDA,2024-02-08,buy,True,True,True,False,ok,,strong_buy,1.29508,57.0,272.93738,275.0,380.0,140.0,2.921601431481688,True,False,False,False,True,2024-02-07,Morgan Stanley,,,main,False,False,unknown,False,False,False,False,False
118,GOOGL,2024-02-08,buy,False,True,True,False,ok,,strong_buy,1.39683,52.0,427.88712,430.0,515.0,334.22,1.9567784871953466,True,False,False,False,True,2024-01-31,Barclays,,,main,False,False,unknown,False,False,False,False,False
119,AMD,2023-01-26,sell,True,True,True,False,ok,,buy,1.5098,48.0,457.83334,474.0,625.0,225.0,5.091449144391259,False,False,False,True,True,2023-01-24,Bernstein,,,down,False,False,unknown,False,False,False,False,False
120,TSLA,2023-07-05,buy,True,True,True,False,ok,,buy,2.3617,41.0,412.25366,450.0,600.0,123.0,0.45940825533298657,True,False,False,False,True,2023-07-05,Needham,,,reit,False,False,unknown,False,False,False,False,False
121,GOOGL,2023-07-05,buy,False,True,True,False,ok,,strong_buy,1.39683,52.0,427.88712,430.0,515.0,334.22,2.5435201978264637,True,False,False,False,True,2023-07-05,Piper Sandler,,,main,False,False,unknown,False,False,False,False,False
122,MSFT,2023-07-07,sell,False,True,True,False,ok,,strong_buy,1.30909,54.0,561.5561,562.5,870.0,400.0,0.7009695873049973,False,False,False,True,True,2023-07-06,Morgan Stanley,,,main,False,False,unknown,False,False,False,False,False
123,AAPL,2023-07-07,buy,True,True,True,False,ok,,buy,1.95833,43.0,308.06512,310.0,400.0,215.0,0.6382629042532577,True,False,False,False,True,2023-07-05,UBS,,,reit,False,False,unknown,False,False,False,False,False
124,AMZN,2023-07-07,buy,True,True,True,False,ok,,strong_buy,1.34848,62.0,311.55145,317.0,370.0,207.0,1.4006122124397815,True,False,False,False,True,2023-07-03,DBS Bank,,,init,False,False,unknown,False,False,False,False,False
125,GOOGL,2023-07-07,sell,False,True,True,False,ok,,strong_buy,1.39683,52.0,427.88712,430.0,515.0,334.22,2.6108431739765976,False,False,False,True,True,2023-07-05,Piper Sandler,,,main,False,False,unknown,False,False,False,False,False
126,GOOGL,2025-08-19,buy,False,True,True,False,ok,,strong_buy,1.39683,52.0,427.88712,430.0,515.0,334.22,1.127556720004018,True,False,False,False,True,2025-08-05,Loop Capital,,,main,False,False,unknown,False,False,False,False,False
127,NVDA,2025-08-28,buy,True,True,True,False,ok,,strong_buy,1.29508,57.0,272.93738,275.0,380.0,140.0,0.5151398270676801,True,False,False,False,True,2025-08-28,Needham,,,reit,False,False,unknown,False,False,False,False,False
128,GOOGL,2025-08-28,buy,False,True,True,False,ok,,strong_buy,1.39683,52.0,427.88712,430.0,515.0,334.22,1.0263260642521876,True,False,False,False,True,2025-08-21,Needham,,,reit,False,False,unknown,False,False,False,False,False
129,GOOGL,2025-09-04,sell,False,True,True,False,ok,,strong_buy,1.39683,52.0,427.88712,430.0,515.0,334.22,0.8461112155079604,False,False,False,True,True,2025-09-04,Canaccord Genuity,,,main,False,False,unknown,False,False,False,False,False
130,AAPL,2023-03-31,buy,True,True,True,False,ok,,buy,1.95833,43.0,308.06512,310.0,400.0,215.0,0.8970044699248954,True,False,False,False,True,2023-03-30,Needham,,,reit,False,False,unknown,False,False,False,False,False
131,AMZN,2023-02-02,sell,True,True,True,False,ok,,strong_buy,1.34848,62.0,311.55145,317.0,370.0,207.0,1.7592900530969624,False,False,False,True,True,2023-02-02,Loop Capital,,,main,False,False,unknown,False,False,False,False,False
132,PYPL,2025-09-03,buy,False,True,True,False,ok,,hold,2.88636,34.0,52.52618,48.0,147.39,32.0,-0.24171440909179032,False,False,True,False,False,2025-07-30,JMP Securities,,,main,False,False,unknown,False,False,False,False,False
133,AAPL,2025-09-03,buy,True,True,True,False,ok,,buy,1.95833,43.0,308.06512,310.0,400.0,215.0,0.29549484537143544,True,False,False,False,True,2025-09-03,Wedbush,,,reit,False,False,unknown,False,False,False,False,False
134,TSLA,2023-11-06,sell,True,True,True,False,ok,,buy,2.3617,41.0,412.25366,450.0,600.0,123.0,0.8801188122737531,False,False,False,True,True,2023-10-19,Deutsche Bank,,,main,False,False,unknown,False,False,False,False,False
135,NVDA,2025-07-16,buy,True,True,True,False,ok,,strong_buy,1.29508,57.0,272.93738,275.0,380.0,140.0,0.5929435928242475,True,False,False,False,True,2025-07-16,Needham,,,main,False,False,unknown,False,False,False,False,False
136,AMD,2026-02-23,buy,True,True,True,False,ok,,buy,1.5098,48.0,457.83334,474.0,625.0,225.0,1.3287554719552626,True,False,False,False,True,2026-02-13,DA Davidson,,,init,False,False,unknown,False,False,False,False,False
137,AMD,2026-02-23,sell,True,True,True,False,ok,,buy,1.5098,48.0,457.83334,474.0,625.0,225.0,1.3287554719552626,False,False,False,True,True,2026-02-13,DA Davidson,,,init,False,False,unknown,False,False,False,False,False
138,PYPL,2025-08-19,buy,False,True,True,False,ok,,hold,2.88636,34.0,52.52618,48.0,147.39,32.0,-0.23523523195559937,False,False,True,False,False,2025-07-30,JMP Securities,,,main,False,False,unknown,False,False,False,False,False
139,PYPL,2025-08-19,buy,False,True,True,False,ok,,hold,2.88636,34.0,52.52618,48.0,147.39,32.0,-0.23523523195559937,False,False,True,False,False,2025-07-30,JMP Securities,,,main,False,False,unknown,False,False,False,False,False
140,SOFI,2025-08-19,buy,False,True,True,False,ok,,hold,2.70833,20.0,21.1,18.5,31.0,12.0,-0.07252747252747249,False,False,True,False,False,2025-08-05,"Keefe, Bruyette & Woods",,,main,False,False,unknown,False,False,False,False,False
141,GOOGL,2025-08-19,buy,False,True,True,False,ok,,strong_buy,1.39683,52.0,427.88712,430.0,515.0,334.22,1.127556720004018,True,False,False,False,True,2025-08-05,Loop Capital,,,main,False,False,unknown,False,False,False,False,False
142,AAPL,2023-09-22,buy,True,True,True,False,ok,,buy,1.95833,43.0,308.06512,310.0,400.0,215.0,0.7847856185995623,True,False,False,False,True,2023-09-22,B of A Securities,,,reit,False,False,unknown,False,False,False,False,False
143,AMZN,2023-09-22,buy,True,True,True,False,ok,,strong_buy,1.34848,62.0,311.55145,317.0,370.0,207.0,1.4128830683213724,True,False,False,False,True,2023-09-22,Telsey Advisory Group,,,reit,False,False,unknown,False,False,False,False,False
144,GOOGL,2023-09-22,buy,False,True,True,False,ok,,strong_buy,1.39683,52.0,427.88712,430.0,515.0,334.22,2.312273277483873,True,False,False,False,True,2023-09-13,Needham,,,reit,False,False,unknown,False,False,False,False,False
145,TSLA,2023-09-22,buy,True,True,True,False,ok,,buy,2.3617,41.0,412.25366,450.0,600.0,123.0,0.6834925342201146,True,False,False,False,True,2023-09-22,Barclays,,,reit,False,False,unknown,False,False,False,False,False
146,TSLA,2023-09-22,buy,True,True,True,False,ok,,buy,2.3617,41.0,412.25366,450.0,600.0,123.0,0.6834925342201146,True,False,False,False,True,2023-09-22,Barclays,,,reit,False,False,unknown,False,False,False,False,False
147,NVDA,2023-02-17,sell,True,True,True,False,ok,,strong_buy,1.29508,57.0,272.93738,275.0,380.0,140.0,11.774705539874436,False,False,False,True,True,2023-02-17,Keybanc,,,main,False,False,unknown,False,False,False,False,False
148,AMD,2026-02-25,buy,True,True,True,False,ok,,buy,1.5098,48.0,457.83334,474.0,625.0,225.0,1.1712669006675704,True,False,False,False,True,2026-02-25,Benchmark,,,reit,False,False,unknown,False,False,False,False,False
149,NVDA,2026-03-12,buy,True,True,True,False,ok,,strong_buy,1.29508,57.0,272.93738,275.0,380.0,140.0,0.49032096161198946,True,False,False,False,True,2026-03-12,Cantor Fitzgerald,,,reit,False,False,unknown,False,False,False,False,False
150,AMD,2025-08-14,buy,True,True,True,False,ok,,buy,1.5098,48.0,457.83334,474.0,625.0,225.0,1.5301649501047287,True,False,False,False,True,2025-08-14,Mizuho,,,main,False,False,unknown,False,False,False,False,False
151,NVDA,2025-08-22,sell,True,True,True,False,ok,,strong_buy,1.29508,57.0,272.93738,275.0,380.0,140.0,0.5336969793038817,False,False,False,True,True,2025-08-22,Evercore ISI Group,,,main,False,False,unknown,False,False,False,False,False
152,MSFT,2024-08-12,sell,False,True,True,False,ok,,strong_buy,1.30909,54.0,561.5561,562.5,870.0,400.0,0.3990528267434683,False,False,False,True,True,2024-07-31,Piper Sandler,,,main,False,False,unknown,False,False,False,False,False
153,MSFT,2024-08-12,buy,False,True,True,False,ok,,strong_buy,1.30909,54.0,561.5561,562.5,870.0,400.0,0.3990528267434683,True,False,False,False,True,2024-07-31,Piper Sandler,,,main,False,False,unknown,False,False,False,False,False
154,MSFT,2024-08-12,sell,False,True,True,False,ok,,strong_buy,1.30909,54.0,561.5561,562.5,870.0,400.0,0.3990528267434683,False,False,False,True,True,2024-07-31,Piper Sandler,,,main,False,False,unknown,False,False,False,False,False
155,MSFT,2024-08-12,buy,False,True,True,False,ok,,strong_buy,1.30909,54.0,561.5561,562.5,870.0,400.0,0.3990528267434683,True,False,False,False,True,2024-07-31,Piper Sandler,,,main,False,False,unknown,False,False,False,False,False
156,MSFT,2024-08-12,buy,False,True,True,False,ok,,strong_buy,1.30909,54.0,561.5561,562.5,870.0,400.0,0.3990528267434683,True,False,False,False,True,2024-07-31,Piper Sandler,,,main,False,False,unknown,False,False,False,False,False
157,MSFT,2024-08-12,buy,False,True,True,False,ok,,strong_buy,1.30909,54.0,561.5561,562.5,870.0,400.0,0.3990528267434683,True,False,False,False,True,2024-07-31,Piper Sandler,,,main,False,False,unknown,False,False,False,False,False
158,TSLA,2025-09-15,buy,True,True,True,False,ok,,buy,2.3617,41.0,412.25366,450.0,600.0,123.0,0.005398623082985443,True,False,False,False,True,2025-09-15,Wedbush,,,reit,False,False,unknown,False,False,False,False,False
159,TSLA,2025-09-15,buy,True,True,True,False,ok,,buy,2.3617,41.0,412.25366,450.0,600.0,123.0,0.005398623082985443,True,False,False,False,True,2025-09-15,Wedbush,,,reit,False,False,unknown,False,False,False,False,False
160,NVDA,2025-09-15,buy,True,True,True,False,ok,,strong_buy,1.29508,57.0,272.93738,275.0,380.0,140.0,0.5356812958800181,True,False,False,False,True,2025-09-11,DA Davidson,,,up,False,False,unknown,False,False,False,False,False
161,NVDA,2025-09-15,sell,True,True,True,False,ok,,strong_buy,1.29508,57.0,272.93738,275.0,380.0,140.0,0.5356812958800181,False,False,False,True,True,2025-09-11,DA Davidson,,,up,False,False,unknown,False,False,False,False,False
162,AMD,2025-08-05,buy,True,True,True,False,ok,,buy,1.5098,48.0,457.83334,474.0,625.0,225.0,1.626546649145014,True,False,False,False,True,2025-07-30,Morgan Stanley,,,main,False,False,unknown,False,False,False,False,False
163,GOOGL,2025-08-05,buy,False,True,True,False,ok,,strong_buy,1.39683,52.0,427.88712,430.0,515.0,334.22,1.2029673898821125,True,False,False,False,True,2025-08-05,Loop Capital,,,main,False,False,unknown,False,False,False,False,False
164,AMZN,2025-08-05,buy,True,True,True,False,ok,,strong_buy,1.34848,62.0,311.55145,317.0,370.0,207.0,0.45755064327485373,True,False,False,False,True,2025-08-04,HSBC,,,reit,False,False,unknown,False,False,False,False,False
165,MSFT,2026-03-09,buy,False,True,True,False,ok,,strong_buy,1.30909,54.0,561.5561,562.5,870.0,400.0,0.3716228108179265,True,False,False,False,True,2026-02-05,Stifel,,,down,False,False,unknown,False,False,False,False,False
166,MSFT,2026-03-09,buy,False,True,True,False,ok,,strong_buy,1.30909,54.0,561.5561,562.5,870.0,400.0,0.3716228108179265,True,False,False,False,True,2026-02-05,Stifel,,,down,False,False,unknown,False,False,False,False,False
167,AMZN,2024-01-05,buy,True,True,True,False,ok,,strong_buy,1.34848,62.0,311.55145,317.0,370.0,207.0,1.1450801309330965,True,False,False,False,True,2023-12-21,Wedbush,,,main,False,False,unknown,False,False,False,False,False
168,MSFT,2024-09-20,buy,False,True,True,False,ok,,strong_buy,1.30909,54.0,561.5561,562.5,870.0,400.0,0.30522363988534273,True,False,False,False,True,2024-09-17,Morgan Stanley,,,main,False,False,unknown,False,False,False,False,False
169,NVDA,2023-12-15,buy,True,True,True,False,ok,,strong_buy,1.29508,57.0,272.93738,275.0,380.0,140.0,4.5860951587615375,True,False,False,False,True,2023-11-22,Needham,,,reit,False,False,unknown,False,False,False,False,False
170,TSLA,2023-08-04,buy,True,True,True,False,ok,,buy,2.3617,41.0,412.25366,450.0,600.0,123.0,0.6239409871930399,True,False,False,False,True,2023-07-25,Morgan Stanley,,,reit,False,False,unknown,False,False,False,False,False
171,NVDA,2023-08-04,buy,True,True,True,False,ok,,strong_buy,1.29508,57.0,272.93738,275.0,380.0,140.0,5.113490219565265,True,False,False,False,True,2023-07-24,Mizuho,,,main,False,False,unknown,False,False,False,False,False
172,AMD,2025-08-05,buy,True,True,True,False,ok,,buy,1.5098,48.0,457.83334,474.0,625.0,225.0,1.626546649145014,True,False,False,False,True,2025-07-30,Morgan Stanley,,,main,False,False,unknown,False,False,False,False,False
173,AMD,2025-08-05,sell,True,True,True,False,ok,,buy,1.5098,48.0,457.83334,474.0,625.0,225.0,1.626546649145014,False,False,False,True,True,2025-07-30,Morgan Stanley,,,main,False,False,unknown,False,False,False,False,False
174,GOOGL,2025-08-05,buy,False,True,True,False,ok,,strong_buy,1.39683,52.0,427.88712,430.0,515.0,334.22,1.2029673898821125,True,False,False,False,True,2025-08-05,Loop Capital,,,main,False,False,unknown,False,False,False,False,False
175,AMZN,2025-08-05,buy,True,True,True,False,ok,,strong_buy,1.34848,62.0,311.55145,317.0,370.0,207.0,0.45755064327485373,True,False,False,False,True,2025-08-04,HSBC,,,reit,False,False,unknown,False,False,False,False,False
176,UBER,2026-03-03,buy,False,True,True,False,ok,,buy,1.51923,50.0,104.9312,107.0,150.0,70.0,0.3741644730392426,True,False,False,False,True,2026-02-23,DA Davidson,,,main,False,False,unknown,False,False,False,False,False
177,MSFT,2023-01-25,buy,False,True,True,False,ok,,strong_buy,1.30909,54.0,561.5561,562.5,870.0,400.0,1.39514016381936,True,False,False,False,True,2023-01-25,Raymond James,,,main,False,False,unknown,False,False,False,False,False
178,NVDA,2025-07-21,sell,True,True,True,False,ok,,strong_buy,1.29508,57.0,272.93738,275.0,380.0,140.0,0.5928505385525198,False,False,False,True,True,2025-07-16,Needham,,,main,False,False,unknown,False,False,False,False,False
179,AMD,2025-08-05,buy,True,True,True,False,ok,,buy,1.5098,48.0,457.83334,474.0,625.0,225.0,1.626546649145014,True,False,False,False,True,2025-07-30,Morgan Stanley,,,main,False,False,unknown,False,False,False,False,False
180,AMD,2025-08-05,buy,True,True,True,False,ok,,buy,1.5098,48.0,457.83334,474.0,625.0,225.0,1.626546649145014,True,False,False,False,True,2025-07-30,Morgan Stanley,,,main,False,False,unknown,False,False,False,False,False
181,NVDA,2025-08-18,buy,True,True,True,False,ok,,strong_buy,1.29508,57.0,272.93738,275.0,380.0,140.0,0.4998227968766311,True,False,False,False,True,2025-08-18,Morgan Stanley,,,main,False,False,unknown,False,False,False,False,False
183,NVDA,2023-08-18,buy,True,True,True,False,ok,,strong_buy,1.29508,57.0,272.93738,275.0,380.0,140.0,5.308477449752269,True,False,False,False,True,2023-08-18,Wedbush,,,reit,False,False,unknown,False,False,False,False,False
184,GOOGL,2023-08-18,buy,False,True,True,False,ok,,strong_buy,1.39683,52.0,427.88712,430.0,515.0,334.22,2.3847765134980015,True,False,False,False,True,2023-08-18,Loop Capital,,,main,False,False,unknown,False,False,False,False,False
185,MSFT,2023-08-18,buy,False,True,True,False,ok,,strong_buy,1.30909,54.0,561.5561,562.5,870.0,400.0,0.8086102616346587,True,False,False,False,True,2023-08-11,Redburn Partners,,,main,False,False,unknown,False,False,False,False,False
186,DIS,2023-02-08,buy,False,True,True,False,ok,,strong_buy,1.46667,29.0,130.66553,132.0,164.0,77.0,0.1964807906476247,True,False,False,False,True,2023-01-31,Macquarie,,,main,False,False,unknown,False,False,False,False,False
187,NVDA,2025-07-25,buy,True,True,True,False,ok,,strong_buy,1.29508,57.0,272.93738,275.0,380.0,140.0,0.5733874990735452,True,False,False,False,True,2025-07-16,Needham,,,main,False,False,unknown,False,False,False,False,False
188,AMZN,2023-04-27,buy,True,True,True,False,ok,,strong_buy,1.34848,62.0,311.55145,317.0,370.0,207.0,1.8369281630464558,True,False,False,False,True,2023-04-25,Credit Suisse,,,main,False,False,unknown,False,False,False,False,False
189,NVDA,2025-07-16,buy,True,True,True,False,ok,,strong_buy,1.29508,57.0,272.93738,275.0,380.0,140.0,0.5929435928242475,True,False,False,False,True,2025-07-16,Needham,,,main,False,False,unknown,False,False,False,False,False
190,MSFT,2026-03-10,sell,False,True,True,False,ok,,strong_buy,1.30909,54.0,561.5561,562.5,870.0,400.0,0.3839611752877419,False,False,False,True,True,2026-02-05,Stifel,,,down,False,False,unknown,False,False,False,False,False
191,MSFT,2026-03-10,sell,False,True,True,False,ok,,strong_buy,1.30909,54.0,561.5561,562.5,870.0,400.0,0.3839611752877419,False,False,False,True,True,2026-02-05,Stifel,,,down,False,False,unknown,False,False,False,False,False
192,MSFT,2023-09-25,buy,False,True,True,False,ok,,strong_buy,1.30909,54.0,561.5561,562.5,870.0,400.0,0.8025731297432346,True,False,False,False,True,2023-09-25,Guggenheim,,,up,False,False,unknown,False,False,False,False,False
193,AMD,2025-08-11,sell,True,True,True,False,ok,,buy,1.5098,48.0,457.83334,474.0,625.0,225.0,1.657495607406624,False,False,False,True,True,2025-08-06,Mizuho,,,main,False,False,unknown,False,False,False,False,False
194,NVDA,2025-08-11,sell,True,True,True,False,ok,,strong_buy,1.29508,57.0,272.93738,275.0,380.0,140.0,0.4994109255433232,False,False,False,True,True,2025-08-11,Wells Fargo,,,main,False,False,unknown,False,False,False,False,False
195,PYPL,2025-08-18,buy,False,True,True,False,ok,,hold,2.88636,34.0,52.52618,48.0,147.39,32.0,-0.24051478322876052,False,False,True,False,False,2025-07-30,JMP Securities,,,main,False,False,unknown,False,False,False,False,False
196,SOFI,2025-08-18,buy,False,True,True,False,ok,,hold,2.70833,20.0,21.1,18.5,31.0,12.0,-0.12917868763390994,False,False,True,False,False,2025-08-05,"Keefe, Bruyette & Woods",,,main,False,False,unknown,False,False,False,False,False
197,GOOGL,2025-08-18,buy,False,True,True,False,ok,,strong_buy,1.39683,52.0,427.88712,430.0,515.0,334.22,1.1073790702750768,True,False,False,False,True,2025-08-05,Loop Capital,,,main,False,False,unknown,False,False,False,False,False
198,AMD,2025-08-11,sell,True,True,True,False,ok,,buy,1.5098,48.0,457.83334,474.0,625.0,225.0,1.657495607406624,False,False,False,True,True,2025-08-06,Mizuho,,,main,False,False,unknown,False,False,False,False,False
199,AMD,2025-08-11,buy,True,True,True,False,ok,,buy,1.5098,48.0,457.83334,474.0,625.0,225.0,1.657495607406624,True,False,False,False,True,2025-08-06,Mizuho,,,main,False,False,unknown,False,False,False,False,False
200,AMD,2025-08-11,sell,True,True,True,False,ok,,buy,1.5098,48.0,457.83334,474.0,625.0,225.0,1.657495607406624,False,False,False,True,True,2025-08-06,Mizuho,,,main,False,False,unknown,False,False,False,False,False
201,AMD,2025-08-11,sell,True,True,True,False,ok,,buy,1.5098,48.0,457.83334,474.0,625.0,225.0,1.657495607406624,False,False,False,True,True,2025-08-06,Mizuho,,,main,False,False,unknown,False,False,False,False,False
202,NVDA,2025-08-11,sell,True,True,True,False,ok,,strong_buy,1.29508,57.0,272.93738,275.0,380.0,140.0,0.4994109255433232,False,False,False,True,True,2025-08-11,Wells Fargo,,,main,False,False,unknown,False,False,False,False,False
203,NVDA,2025-08-11,sell,True,True,True,False,ok,,strong_buy,1.29508,57.0,272.93738,275.0,380.0,140.0,0.4994109255433232,False,False,False,True,True,2025-08-11,Wells Fargo,,,main,False,False,unknown,False,False,False,False,False
204,UBER,2026-03-19,buy,False,True,True,False,ok,,buy,1.51923,50.0,104.9312,107.0,150.0,70.0,0.3927688492231467,True,False,False,False,True,2026-03-17,BTIG,,,reit,False,False,unknown,False,False,False,False,False
205,UBER,2026-03-19,buy,False,True,True,False,ok,,buy,1.51923,50.0,104.9312,107.0,150.0,70.0,0.3927688492231467,True,False,False,False,True,2026-03-17,BTIG,,,reit,False,False,unknown,False,False,False,False,False
206,AAPL,2024-01-18,sell,True,True,True,False,ok,,buy,1.95833,43.0,308.06512,310.0,400.0,215.0,0.6516578915746478,False,False,False,True,True,2024-01-18,B of A Securities,,,up,False,False,unknown,False,False,False,False,False
207,AAPL,2024-01-18,sell,True,True,True,False,ok,,buy,1.95833,43.0,308.06512,310.0,400.0,215.0,0.6516578915746478,False,False,False,True,True,2024-01-18,B of A Securities,,,up,False,False,unknown,False,False,False,False,False
208,NVDA,2024-01-18,buy,True,True,True,False,ok,,strong_buy,1.29508,57.0,272.93738,275.0,380.0,140.0,3.782324772565034,True,False,False,False,True,2024-01-18,Tigress Financial,,,main,False,False,unknown,False,False,False,False,False
209,GOOGL,2024-01-18,buy,False,True,True,False,ok,,strong_buy,1.39683,52.0,427.88712,430.0,515.0,334.22,2.006855256067268,True,False,False,False,True,2024-01-17,Mizuho,,,main,False,False,unknown,False,False,False,False,False
210,PYPL,2023-08-07,buy,False,True,True,False,ok,,hold,2.88636,34.0,52.52618,48.0,147.39,32.0,-0.180269898968347,False,False,True,False,False,2023-08-07,Barclays,,,main,False,False,unknown,False,False,False,False,False
211,AMD,2026-02-09,buy,True,True,True,False,ok,,buy,1.5098,48.0,457.83334,474.0,625.0,225.0,1.1195987962962963,True,False,False,False,True,2026-02-04,Benchmark,,,reit,False,False,unknown,False,False,False,False,False
212,AMD,2026-02-09,buy,True,True,True,False,ok,,buy,1.5098,48.0,457.83334,474.0,625.0,225.0,1.1195987962962963,True,False,False,False,True,2026-02-04,Benchmark,,,reit,False,False,unknown,False,False,False,False,False
213,AMD,2026-02-09,buy,True,True,True,False,ok,,buy,1.5098,48.0,457.83334,474.0,625.0,225.0,1.1195987962962963,True,False,False,False,True,2026-02-04,Benchmark,,,reit,False,False,unknown,False,False,False,False,False
214,NVDA,2026-02-09,buy,True,True,True,False,ok,,strong_buy,1.29508,57.0,272.93738,275.0,380.0,140.0,0.43628794483798394,True,False,False,False,True,2026-01-16,Jefferies,,,main,False,False,unknown,False,False,False,False,False
215,NVDA,2025-08-11,buy,True,True,True,False,ok,,strong_buy,1.29508,57.0,272.93738,275.0,380.0,140.0,0.4994109255433232,True,False,False,False,True,2025-08-11,Wells Fargo,,,main,False,False,unknown,False,False,False,False,False
216,TSLA,2023-04-19,sell,True,True,True,False,ok,,buy,2.3617,41.0,412.25366,450.0,600.0,123.0,1.2828155953259892,False,False,False,True,True,2023-04-19,RBC Capital,,,main,False,False,unknown,False,False,False,False,False
217,NVDA,2023-04-19,buy,True,True,True,False,ok,,strong_buy,1.29508,57.0,272.93738,275.0,380.0,140.0,8.780494773911936,True,False,False,False,True,2023-04-19,B of A Securities,,,main,False,False,unknown,False,False,False,False,False
218,PYPL,2025-08-25,buy,False,True,True,False,ok,,hold,2.88636,34.0,52.52618,48.0,147.39,32.0,-0.2399682125643543,False,False,True,False,False,2025-07-30,JMP Securities,,,main,False,False,unknown,False,False,False,False,False
219,NFLX,2023-03-24,buy,False,True,True,False,ok,,buy,1.68,44.0,114.555,115.0,151.4,80.0,2.488382641112374,True,False,False,False,True,2023-03-21,Benchmark,,,reit,False,False,unknown,False,False,False,False,False
220,AAPL,2023-04-28,buy,True,True,True,False,ok,,buy,1.95833,43.0,308.06512,310.0,400.0,215.0,0.8435649771304812,True,False,False,False,True,2023-04-28,DA Davidson,,,main,False,False,unknown,False,False,False,False,False
221,AAPL,2023-04-28,buy,True,True,True,False,ok,,buy,1.95833,43.0,308.06512,310.0,400.0,215.0,0.8435649771304812,True,False,False,False,True,2023-04-28,DA Davidson,,,main,False,False,unknown,False,False,False,False,False
222,AMZN,2023-04-28,buy,True,True,True,False,ok,,strong_buy,1.34848,62.0,311.55145,317.0,370.0,207.0,1.9544946326828074,True,False,False,False,True,2023-04-28,Telsey Advisory Group,,,reit,False,False,unknown,False,False,False,False,False
223,TSLA,2023-04-28,buy,True,True,True,False,ok,,buy,2.3617,41.0,412.25366,450.0,600.0,123.0,1.508999246092669,True,False,False,False,True,2023-04-28,Morgan Stanley,,,main,False,False,unknown,False,False,False,False,False
224,GOOGL,2025-09-02,sell,False,True,True,False,ok,,strong_buy,1.39683,52.0,427.88712,430.0,515.0,334.22,1.0291062012840486,False,False,False,True,True,2025-09-02,DA Davidson,,,main,False,False,unknown,False,False,False,False,False
225,AAPL,2023-04-10,buy,True,True,True,False,ok,,buy,1.95833,43.0,308.06512,310.0,400.0,215.0,0.9306059096709611,True,False,False,False,True,2023-04-05,B of A Securities,,,main,False,False,unknown,False,False,False,False,False
226,NVDA,2025-08-27,buy,True,True,True,False,ok,,strong_buy,1.29508,57.0,272.93738,275.0,380.0,140.0,0.5032089234782375,True,False,False,False,True,2025-08-25,Baird,,,main,False,False,unknown,False,False,False,False,False
227,NVDA,2025-08-27,buy,True,True,True,False,ok,,strong_buy,1.29508,57.0,272.93738,275.0,380.0,140.0,0.5032089234782375,True,False,False,False,True,2025-08-25,Baird,,,main,False,False,unknown,False,False,False,False,False
228,NVDA,2023-07-14,buy,True,True,True,False,ok,,strong_buy,1.29508,57.0,272.93738,275.0,380.0,140.0,5.007406019397798,True,False,False,False,True,2023-07-14,Truist Securities,,,main,False,False,unknown,False,False,False,False,False
230,META,2023-02-16,sell,False,True,True,False,ok,,strong_buy,1.34921,58.0,826.69104,825.0,1015.0,614.0,3.831700679534192,False,False,False,True,True,2023-02-10,Tigress Financial,,,reit,False,False,unknown,False,False,False,False,False
231,AMZN,2023-02-16,buy,True,True,True,False,ok,,strong_buy,1.34848,62.0,311.55145,317.0,370.0,207.0,2.1742378518237127,True,False,False,False,True,2023-02-14,Loop Capital,,,main,False,False,unknown,False,False,False,False,False
232,MSFT,2026-02-19,sell,False,True,True,False,ok,,strong_buy,1.30909,54.0,561.5561,562.5,870.0,400.0,0.40931614727324295,False,False,False,True,True,2026-02-05,Stifel,,,down,False,False,unknown,False,False,False,False,False
233,GOOGL,2023-04-25,buy,False,True,True,False,ok,,strong_buy,1.39683,52.0,427.88712,430.0,515.0,334.22,3.1542955798026817,True,False,False,False,True,2023-04-24,Oppenheimer,,,main,False,False,unknown,False,False,False,False,False
234,NFLX,2026-03-10,buy,False,True,True,False,ok,,buy,1.68,44.0,114.555,115.0,151.4,80.0,0.18171030652945208,True,False,False,False,True,2026-03-06,B of A Securities,,,main,False,False,unknown,False,False,False,False,False
235,UBER,2026-02-09,buy,False,True,True,False,ok,,buy,1.51923,50.0,104.9312,107.0,150.0,70.0,0.4197158003090984,True,False,False,False,True,2026-02-06,Citigroup,,,main,False,False,unknown,False,False,False,False,False
236,MSFT,2026-02-24,buy,False,True,True,False,ok,,strong_buy,1.30909,54.0,561.5561,562.5,870.0,400.0,0.4435889460154243,True,False,False,False,True,2026-02-05,Stifel,,,down,False,False,unknown,False,False,False,False,False
237,MSFT,2026-02-24,buy,False,True,True,False,ok,,strong_buy,1.30909,54.0,561.5561,562.5,870.0,400.0,0.4435889460154243,True,False,False,False,True,2026-02-05,Stifel,,,down,False,False,unknown,False,False,False,False,False
238,TSLA,2023-04-21,buy,True,True,True,False,ok,,buy,2.3617,41.0,412.25366,450.0,600.0,123.0,1.497296192314721,True,False,False,False,True,2023-04-21,Barclays,,,main,False,False,unknown,False,False,False,False,False
239,TSLA,2023-04-21,buy,True,True,True,False,ok,,buy,2.3617,41.0,412.25366,450.0,600.0,123.0,1.497296192314721,True,False,False,False,True,2023-04-21,Barclays,,,main,False,False,unknown,False,False,False,False,False
240,AMC,2023-03-28,buy,False,True,False,True,ok,,hold,2.71429,6.0,2.03333,2.0,3.0,1.2,-0.9605178640776699,False,False,True,False,False,,,,,,,,,,,,,
241,AMZN,2023-03-28,buy,True,True,True,False,ok,,strong_buy,1.34848,62.0,311.55145,317.0,370.0,207.0,2.203943406461965,True,False,False,False,True,2023-03-20,Needham,,,reit,False,False,unknown,False,False,False,False,False
242,AMZN,2023-03-28,buy,True,True,True,False,ok,,strong_buy,1.34848,62.0,311.55145,317.0,370.0,207.0,2.203943406461965,True,False,False,False,True,2023-03-20,Needham,,,reit,False,False,unknown,False,False,False,False,False
243,AMZN,2023-03-28,buy,True,True,True,False,ok,,strong_buy,1.34848,62.0,311.55145,317.0,370.0,207.0,2.203943406461965,True,False,False,False,True,2023-03-20,Needham,,,reit,False,False,unknown,False,False,False,False,False
244,DIS,2023-11-17,buy,False,True,True,False,ok,,strong_buy,1.46667,29.0,130.66553,132.0,164.0,77.0,0.42052712192795494,True,False,False,False,True,2023-11-10,Raymond James,,,main,False,False,unknown,False,False,False,False,False
245,AAPL,2023-11-17,buy,True,True,True,False,ok,,buy,1.95833,43.0,308.06512,310.0,400.0,215.0,0.6424282701530102,True,False,False,False,True,2023-11-16,Tigress Financial,,,main,False,False,unknown,False,False,False,False,False
246,AAPL,2025-09-15,buy,True,True,True,False,ok,,buy,1.95833,43.0,308.06512,310.0,400.0,215.0,0.3051823667092497,True,False,False,False,True,2025-09-11,Phillip Securities,,,down,False,False,unknown,False,False,False,False,False
247,TSLA,2023-07-19,buy,True,True,True,False,ok,,buy,2.3617,41.0,412.25366,450.0,600.0,123.0,0.4154145649165424,True,False,False,False,True,2023-07-19,CFRA,,,main,False,False,unknown,False,False,False,False,False
248,META,2026-03-09,buy,False,True,False,True,ok,,strong_buy,1.34921,58.0,826.69104,825.0,1015.0,614.0,0.27805318172399396,True,False,False,False,True,,,,,,,,,,,,,
249,MSFT,2024-02-12,buy,False,True,True,False,ok,,strong_buy,1.30909,54.0,561.5561,562.5,870.0,400.0,0.3755950062825153,True,False,False,False,True,2024-01-31,Barclays,,,main,False,False,unknown,False,False,False,False,False
250,MSFT,2023-03-08,buy,False,True,True,False,ok,,strong_buy,1.30909,54.0,561.5561,562.5,870.0,400.0,1.2658840977558832,True,False,False,False,True,2023-02-24,Wedbush,,,main,False,False,unknown,False,False,False,False,False
251,MSFT,2024-10-02,buy,False,True,True,False,ok,,strong_buy,1.30909,54.0,561.5561,562.5,870.0,400.0,0.3619845362164671,True,False,False,False,True,2024-09-27,DA Davidson,,,main,False,False,unknown,False,False,False,False,False
252,NVDA,2025-08-11,buy,True,True,True,False,ok,,strong_buy,1.29508,57.0,272.93738,275.0,380.0,140.0,0.4994109255433232,True,False,False,False,True,2025-08-11,Wells Fargo,,,main,False,False,unknown,False,False,False,False,False
253,PYPL,2025-08-20,buy,False,True,True,False,ok,,hold,2.88636,34.0,52.52618,48.0,147.39,32.0,-0.22433888145317105,False,False,True,False,False,2025-07-30,JMP Securities,,,main,False,False,unknown,False,False,False,False,False
254,NVDA,2025-08-20,buy,True,True,True,False,ok,,strong_buy,1.29508,57.0,272.93738,275.0,380.0,140.0,0.5563440595055957,True,False,False,False,True,2025-08-20,Keybanc,,,main,False,False,unknown,False,False,False,False,False
255,SOFI,2025-08-20,buy,False,True,True,False,ok,,hold,2.70833,20.0,21.1,18.5,31.0,12.0,-0.0630550812122267,False,False,True,False,False,2025-08-20,JP Morgan,,,main,False,False,unknown,False,False,False,False,False
256,AMD,2025-08-20,buy,True,True,True,False,ok,,buy,1.5098,48.0,457.83334,474.0,625.0,225.0,1.7713883078547576,True,False,False,False,True,2025-08-14,Mizuho,,,main,False,False,unknown,False,False,False,False,False
257,AMD,2025-08-27,sell,True,True,True,False,ok,,buy,1.5098,48.0,457.83334,474.0,625.0,225.0,1.739384470915451,False,False,False,True,True,2025-08-26,Truist Securities,,,up,False,False,unknown,False,False,False,False,False
258,NVDA,2025-08-27,buy,True,True,True,False,ok,,strong_buy,1.29508,57.0,272.93738,275.0,380.0,140.0,0.5032089234782375,True,False,False,False,True,2025-08-25,Baird,,,main,False,False,unknown,False,False,False,False,False
259,AAPL,2023-06-09,sell,True,True,True,False,ok,,buy,1.95833,43.0,308.06512,310.0,400.0,215.0,0.72625964152506,False,False,False,True,True,2023-06-07,Wedbush,,,main,False,False,unknown,False,False,False,False,False
260,AAPL,2023-06-09,buy,True,True,True,False,ok,,buy,1.95833,43.0,308.06512,310.0,400.0,215.0,0.72625964152506,True,False,False,False,True,2023-06-07,Wedbush,,,main,False,False,unknown,False,False,False,False,False
261,AMZN,2023-06-09,buy,True,True,True,False,ok,,strong_buy,1.34848,62.0,311.55145,317.0,370.0,207.0,1.5241144716009187,True,False,False,False,True,2023-06-08,Wells Fargo,,,init,False,False,unknown,False,False,False,False,False
262,GOOGL,2023-06-09,buy,False,True,True,False,ok,,strong_buy,1.39683,52.0,427.88712,430.0,515.0,334.22,2.529604899042474,True,False,False,False,True,2023-06-08,Wells Fargo,,,init,False,False,unknown,False,False,False,False,False
263,MSFT,2026-02-23,buy,False,True,True,False,ok,,strong_buy,1.30909,54.0,561.5561,562.5,870.0,400.0,0.4605979613937199,True,False,False,False,True,2026-02-05,Stifel,,,down,False,False,unknown,False,False,False,False,False
264,MSFT,2026-02-23,buy,False,True,True,False,ok,,strong_buy,1.30909,54.0,561.5561,562.5,870.0,400.0,0.4605979613937199,True,False,False,False,True,2026-02-05,Stifel,,,down,False,False,unknown,False,False,False,False,False
265,MSFT,2026-02-23,buy,False,True,True,False,ok,,strong_buy,1.30909,54.0,561.5561,562.5,870.0,400.0,0.4605979613937199,True,False,False,False,True,2026-02-05,Stifel,,,down,False,False,unknown,False,False,False,False,False
266,TSLA,2023-04-28,sell,True,True,True,False,ok,,buy,2.3617,41.0,412.25366,450.0,600.0,123.0,1.508999246092669,False,False,False,True,True,2023-04-28,Morgan Stanley,,,main,False,False,unknown,False,False,False,False,False
267,GOOGL,2023-05-12,buy,False,True,True,False,ok,,strong_buy,1.39683,52.0,427.88712,430.0,515.0,334.22,2.6713779257232937,True,False,False,False,True,2023-05-11,JMP Securities,,,reit,False,False,unknown,False,False,False,False,False
268,MSFT,2023-05-12,buy,False,True,True,False,ok,,strong_buy,1.30909,54.0,561.5561,562.5,870.0,400.0,0.8605526414569706,True,False,False,False,True,2023-05-11,Wedbush,,,main,False,False,unknown,False,False,False,False,False
269,TSLA,2023-05-12,buy,True,True,True,False,ok,,buy,2.3617,41.0,412.25366,450.0,600.0,123.0,1.4541830603964834,True,False,False,False,True,2023-05-12,Wedbush,,,reit,False,False,unknown,False,False,False,False,False
270,TSLA,2023-05-12,buy,True,True,True,False,ok,,buy,2.3617,41.0,412.25366,450.0,600.0,123.0,1.4541830603964834,True,False,False,False,True,2023-05-12,Wedbush,,,reit,False,False,unknown,False,False,False,False,False
271,AAPL,2023-09-14,buy,True,True,True,False,ok,,buy,1.95833,43.0,308.06512,310.0,400.0,215.0,0.775137479009802,True,False,False,False,True,2023-09-14,Keybanc,,,reit,False,False,unknown,False,False,False,False,False
272,AAPL,2023-09-14,buy,True,True,True,False,ok,,buy,1.95833,43.0,308.06512,310.0,400.0,215.0,0.775137479009802,True,False,False,False,True,2023-09-14,Keybanc,,,reit,False,False,unknown,False,False,False,False,False
273,NVDA,2025-08-28,buy,True,True,True,False,ok,,strong_buy,1.29508,57.0,272.93738,275.0,380.0,140.0,0.5151398270676801,True,False,False,False,True,2025-08-28,Needham,,,reit,False,False,unknown,False,False,False,False,False
274,MSFT,2025-01-10,buy,False,True,True,False,ok,,strong_buy,1.30909,54.0,561.5561,562.5,870.0,400.0,0.35335900972832013,True,False,False,False,True,2025-01-06,Piper Sandler,,,main,False,False,unknown,False,False,False,False,False
275,MSFT,2023-05-05,buy,False,True,True,False,ok,,strong_buy,1.30909,54.0,561.5561,562.5,870.0,400.0,0.8504906868712407,True,False,False,False,True,2023-04-26,Jefferies,,,main,False,False,unknown,False,False,False,False,False
276,AAPL,2024-09-06,buy,True,True,True,False,ok,,buy,1.95833,43.0,308.06512,310.0,400.0,215.0,0.4055541352506473,True,False,False,False,True,2024-09-05,B of A Securities,,,main,False,False,unknown,False,False,False,False,False
277,AAPL,2024-09-06,buy,True,True,True,False,ok,,buy,1.95833,43.0,308.06512,310.0,400.0,215.0,0.4055541352506473,True,False,False,False,True,2024-09-05,B of A Securities,,,main,False,False,unknown,False,False,False,False,False
278,UBER,2025-09-12,buy,False,True,True,False,ok,,buy,1.51923,50.0,104.9312,107.0,150.0,70.0,0.0942872110532893,True,False,False,False,True,2025-09-05,Wells Fargo,,,main,False,False,unknown,False,False,False,False,False
279,NFLX,2026-02-24,buy,False,True,True,False,ok,,buy,1.68,44.0,114.555,115.0,151.4,80.0,0.46790105915039026,True,False,False,False,True,2026-02-20,Wedbush,,,reit,False,False,unknown,False,False,False,False,False
280,NVDA,2025-08-21,buy,True,True,True,False,ok,,strong_buy,1.29508,57.0,272.93738,275.0,380.0,140.0,0.56007977402283,True,False,False,False,True,2025-08-21,Wedbush,,,main,False,False,unknown,False,False,False,False,False
281,MSFT,2025-08-21,buy,False,True,True,False,ok,,strong_buy,1.30909,54.0,561.5561,562.5,870.0,400.0,0.11829936280091435,True,False,False,False,True,2025-08-18,Truist Securities,,,main,False,False,unknown,False,False,False,False,False
282,AAPL,2023-08-03,buy,True,True,True,False,ok,,buy,1.95833,43.0,308.06512,310.0,400.0,215.0,0.6340637243936915,True,False,False,False,True,2023-08-02,JP Morgan,,,main,False,False,unknown,False,False,False,False,False
283,AAPL,2023-08-03,buy,True,True,True,False,ok,,buy,1.95833,43.0,308.06512,310.0,400.0,215.0,0.6340637243936915,True,False,False,False,True,2023-08-02,JP Morgan,,,main,False,False,unknown,False,False,False,False,False
284,AAPL,2023-08-03,buy,True,True,True,False,ok,,buy,1.95833,43.0,308.06512,310.0,400.0,215.0,0.6340637243936915,True,False,False,False,True,2023-08-02,JP Morgan,,,main,False,False,unknown,False,False,False,False,False
285,GOOGL,2025-08-08,buy,False,True,True,False,ok,,strong_buy,1.39683,52.0,427.88712,430.0,515.0,334.22,1.129141414383521,True,False,False,False,True,2025-08-05,Loop Capital,,,main,False,False,unknown,False,False,False,False,False
286,NFLX,2023-07-28,buy,False,True,True,False,ok,,buy,1.68,44.0,114.555,115.0,151.4,80.0,1.6904740096081494,True,False,False,False,True,2023-07-26,Needham,,,reit,False,False,unknown,False,False,False,False,False
287,MSFT,2023-07-28,sell,False,True,True,False,ok,,strong_buy,1.30909,54.0,561.5561,562.5,870.0,400.0,0.6951887339887681,False,False,False,True,True,2023-07-28,Oppenheimer,,,reit,False,False,unknown,False,False,False,False,False
288,AMD,2023-08-25,sell,True,True,True,False,ok,,buy,1.5098,48.0,457.83334,474.0,625.0,225.0,3.4775876772616137,False,False,False,True,True,2023-08-03,Benchmark,,,main,False,False,unknown,False,False,False,False,False
289,NVDA,2023-08-25,sell,True,True,True,False,ok,,strong_buy,1.29508,57.0,272.93738,275.0,380.0,140.0,4.935737293632055,False,False,False,True,True,2023-08-24,Keybanc,,,main,False,False,unknown,False,False,False,False,False
290,AMZN,2023-08-25,sell,True,True,True,False,ok,,strong_buy,1.34848,62.0,311.55145,317.0,370.0,207.0,1.33792182832499,False,False,False,True,True,2023-08-23,Loop Capital,,,main,False,False,unknown,False,False,False,False,False
291,NVDA,2023-08-14,buy,True,True,True,False,ok,,strong_buy,1.29508,57.0,272.93738,275.0,380.0,140.0,5.243017641418747,True,False,False,False,True,2023-07-24,Mizuho,,,main,False,False,unknown,False,False,False,False,False
292,AAPL,2023-08-14,buy,True,True,True,False,ok,,buy,1.95833,43.0,308.06512,310.0,400.0,215.0,0.7383410723969406,True,False,False,False,True,2023-08-04,Needham,,,reit,False,False,unknown,False,False,False,False,False
293,GOOGL,2023-08-14,buy,False,True,True,False,ok,,strong_buy,1.39683,52.0,427.88712,430.0,515.0,334.22,2.285034483515147,True,False,False,False,True,2023-08-11,Needham,,,reit,False,False,unknown,False,False,False,False,False
294,MSFT,2023-08-14,buy,False,True,True,False,ok,,strong_buy,1.30909,54.0,561.5561,562.5,870.0,400.0,0.7701545904220775,True,False,False,False,True,2023-08-11,Redburn Partners,,,main,False,False,unknown,False,False,False,False,False
295,TSLA,2023-08-14,buy,True,True,True,False,ok,,buy,2.3617,41.0,412.25366,450.0,600.0,123.0,0.7194430657540161,True,False,False,False,True,2023-08-07,Bernstein,,,main,False,False,unknown,False,False,False,False,False
296,NVDA,2024-02-29,buy,True,True,True,False,ok,,strong_buy,1.29508,57.0,272.93738,275.0,380.0,140.0,2.452121094204651,True,False,False,False,True,2024-02-29,Tigress Financial,,,main,False,False,unknown,False,False,False,False,False
297,NVDA,2024-02-29,sell,True,True,True,False,ok,,strong_buy,1.29508,57.0,272.93738,275.0,380.0,140.0,2.452121094204651,False,False,False,True,True,2024-02-29,Tigress Financial,,,main,False,False,unknown,False,False,False,False,False
298,GOOGL,2025-08-04,buy,False,True,True,False,ok,,strong_buy,1.39683,52.0,427.88712,430.0,515.0,334.22,1.1987882202265703,True,False,False,False,True,2025-07-29,Wells Fargo,,,main,False,False,unknown,False,False,False,False,False
299,MSFT,2025-07-30,buy,False,True,True,False,ok,,strong_buy,1.30909,54.0,561.5561,562.5,870.0,400.0,0.10049535467261084,True,False,False,False,True,2025-07-28,Stifel,,,main,False,False,unknown,False,False,False,False,False
300,GOOGL,2025-07-30,buy,False,True,True,False,ok,,strong_buy,1.39683,52.0,427.88712,430.0,515.0,334.22,1.1821178531771857,True,False,False,False,True,2025-07-29,Wells Fargo,,,main,False,False,unknown,False,False,False,False,False
301,MSFT,2023-06-26,buy,False,True,True,False,ok,,strong_buy,1.30909,54.0,561.5561,562.5,870.0,400.0,0.7455901307038939,True,False,False,False,True,2023-06-15,JP Morgan,,,main,False,False,unknown,False,False,False,False,False
302,PYPL,2025-09-12,buy,False,True,True,False,ok,,hold,2.88636,34.0,52.52618,48.0,147.39,32.0,-0.2105395761044797,False,False,True,False,False,2025-07-30,JMP Securities,,,main,False,False,unknown,False,False,False,False,False
303,AAPL,2023-05-19,buy,True,True,True,False,ok,,buy,1.95833,43.0,308.06512,310.0,400.0,215.0,0.7834204538017968,True,False,False,False,True,2023-05-12,Bernstein,,,main,False,False,unknown,False,False,False,False,False
304,TSLA,2023-05-19,buy,True,True,True,False,ok,,buy,2.3617,41.0,412.25366,450.0,600.0,123.0,1.288518160301991,True,False,False,False,True,2023-05-17,CFRA,,,main,False,False,unknown,False,False,False,False,False
305,META,2026-02-05,buy,False,True,False,True,ok,,strong_buy,1.34921,58.0,826.69104,825.0,1015.0,614.0,0.23453660298552736,True,False,False,False,True,,,,,,,,,,,,,
306,META,2026-02-05,buy,False,True,False,True,ok,,strong_buy,1.34921,58.0,826.69104,825.0,1015.0,614.0,0.23453660298552736,True,False,False,False,True,,,,,,,,,,,,,
307,AMD,2025-08-11,buy,True,True,True,False,ok,,buy,1.5098,48.0,457.83334,474.0,625.0,225.0,1.657495607406624,True,False,False,False,True,2025-08-06,Mizuho,,,main,False,False,unknown,False,False,False,False,False
308,PYPL,2025-09-15,buy,False,True,True,False,ok,,hold,2.88636,34.0,52.52618,48.0,147.39,32.0,-0.21312763102288323,False,False,True,False,False,2025-07-30,JMP Securities,,,main,False,False,unknown,False,False,False,False,False
309,PYPL,2023-08-07,buy,False,True,True,False,ok,,hold,2.88636,34.0,52.52618,48.0,147.39,32.0,-0.180269898968347,False,False,True,False,False,2023-08-07,Barclays,,,main,False,False,unknown,False,False,False,False,False
310,PYPL,2023-08-07,buy,False,True,True,False,ok,,hold,2.88636,34.0,52.52618,48.0,147.39,32.0,-0.180269898968347,False,False,True,False,False,2023-08-07,Barclays,,,main,False,False,unknown,False,False,False,False,False
311,MSFT,2023-07-25,buy,False,True,True,False,ok,,strong_buy,1.30909,54.0,561.5561,562.5,870.0,400.0,0.6342838496052503,True,False,False,False,True,2023-07-24,Raymond James,,,main,False,False,unknown,False,False,False,False,False
312,AAPL,2023-02-03,buy,True,True,True,False,ok,,buy,1.95833,43.0,308.06512,310.0,400.0,215.0,1.0277905261013793,True,False,False,False,True,2023-02-03,Piper Sandler,,,reit,False,False,unknown,False,False,False,False,False
313,NVDA,2026-02-09,buy,True,True,True,False,ok,,strong_buy,1.29508,57.0,272.93738,275.0,380.0,140.0,0.43628794483798394,True,False,False,False,True,2026-01-16,Jefferies,,,main,False,False,unknown,False,False,False,False,False
314,AAPL,2023-10-19,buy,True,True,True,False,ok,,buy,1.95833,43.0,308.06512,310.0,400.0,215.0,0.777970124245241,True,False,False,False,True,2023-10-16,Morgan Stanley,,,main,False,False,unknown,False,False,False,False,False
315,AAPL,2023-10-19,buy,True,True,True,False,ok,,buy,1.95833,43.0,308.06512,310.0,400.0,215.0,0.777970124245241,True,False,False,False,True,2023-10-16,Morgan Stanley,,,main,False,False,unknown,False,False,False,False,False
316,NVDA,2025-07-15,sell,True,True,True,False,ok,,strong_buy,1.29508,57.0,272.93738,275.0,380.0,140.0,0.5991959450184603,False,False,False,True,True,2025-07-15,B of A Securities,,,main,False,False,unknown,False,False,False,False,False
317,NVDA,2023-09-01,buy,True,True,True,False,ok,,strong_buy,1.29508,57.0,272.93738,275.0,380.0,140.0,4.630928870687404,True,False,False,False,True,2023-08-24,Keybanc,,,main,False,False,unknown,False,False,False,False,False
318,NVDA,2023-09-01,buy,True,True,True,False,ok,,strong_buy,1.29508,57.0,272.93738,275.0,380.0,140.0,4.630928870687404,True,False,False,False,True,2023-08-24,Keybanc,,,main,False,False,unknown,False,False,False,False,False
319,NVDA,2026-02-04,buy,True,True,True,False,ok,,strong_buy,1.29508,57.0,272.93738,275.0,380.0,140.0,0.5669794631355771,True,False,False,False,True,2026-01-16,Jefferies,,,main,False,False,unknown,False,False,False,False,False
320,SOFI,2025-09-02,buy,False,True,True,False,ok,,hold,2.70833,20.0,21.1,18.5,31.0,12.0,-0.1529506170514059,False,False,True,False,False,2025-08-20,JP Morgan,,,main,False,False,unknown,False,False,False,False,False
321,PYPL,2025-07-28,buy,False,True,True,False,ok,,hold,2.88636,34.0,52.52618,48.0,147.39,32.0,-0.32489121419064604,False,False,True,False,False,2025-07-18,Barclays,,,main,False,False,unknown,False,False,False,False,False
322,AMD,2025-07-28,buy,True,True,True,False,ok,,buy,1.5098,48.0,457.83334,474.0,625.0,225.0,1.6363775788627026,True,False,False,False,True,2025-07-28,UBS,,,main,False,False,unknown,False,False,False,False,False
323,META,2025-07-28,buy,False,True,True,False,ok,,strong_buy,1.34921,58.0,826.69104,825.0,1015.0,614.0,0.15467930281936182,True,False,False,False,True,2024-09-30,"Monness, Crespi, Hardt",,,main,False,False,unknown,False,False,False,False,False
324,TSLA,2025-07-28,buy,True,True,True,False,ok,,buy,2.3617,41.0,412.25366,450.0,600.0,123.0,0.2661742210659679,True,False,False,False,True,2025-07-25,China Renaissance,,,down,False,False,unknown,False,False,False,False,False
325,NVDA,2023-08-23,sell,True,True,True,False,ok,,strong_buy,1.29508,57.0,272.93738,275.0,380.0,140.0,4.7974089551878905,False,False,False,True,True,2023-08-21,Keybanc,,,main,False,False,unknown,False,False,False,False,False
326,NVDA,2023-08-23,buy,True,True,True,False,ok,,strong_buy,1.29508,57.0,272.93738,275.0,380.0,140.0,4.7974089551878905,True,False,False,False,True,2023-08-21,Keybanc,,,main,False,False,unknown,False,False,False,False,False
327,META,2026-03-05,buy,False,True,False,True,ok,,strong_buy,1.34921,58.0,826.69104,825.0,1015.0,614.0,0.25255279934814956,True,False,False,False,True,,,,,,,,,,,,,
328,META,2026-03-05,buy,False,True,False,True,ok,,strong_buy,1.34921,58.0,826.69104,825.0,1015.0,614.0,0.25255279934814956,True,False,False,False,True,,,,,,,,,,,,,
329,NVDA,2025-08-29,buy,True,True,True,False,ok,,strong_buy,1.29508,57.0,272.93738,275.0,380.0,140.0,0.5672451305286712,True,False,False,False,True,2025-08-28,Needham,,,reit,False,False,unknown,False,False,False,False,False
330,AAPL,2024-08-05,sell,True,True,True,False,ok,,buy,1.95833,43.0,308.06512,310.0,400.0,215.0,0.48484586670659713,False,False,False,True,True,2024-08-05,Needham,,,reit,False,False,unknown,False,False,False,False,False
331,NVDA,2023-10-09,buy,True,True,True,False,ok,,strong_buy,1.29508,57.0,272.93738,275.0,380.0,140.0,5.0329177716832145,True,False,False,False,True,2023-10-03,Keybanc,,,main,False,False,unknown,False,False,False,False,False
332,GOOGL,2024-12-30,buy,False,True,True,False,ok,,strong_buy,1.39683,52.0,427.88712,430.0,515.0,334.22,1.2477794185754587,True,False,False,False,True,2024-12-23,B of A Securities,,,main,False,False,unknown,False,False,False,False,False
333,NVDA,2025-08-12,buy,True,True,True,False,ok,,strong_buy,1.29508,57.0,272.93738,275.0,380.0,140.0,0.49040589873049223,True,False,False,False,True,2025-08-11,Wells Fargo,,,main,False,False,unknown,False,False,False,False,False
334,NVDA,2025-08-12,sell,True,True,True,False,ok,,strong_buy,1.29508,57.0,272.93738,275.0,380.0,140.0,0.49040589873049223,False,False,False,True,True,2025-08-11,Wells Fargo,,,main,False,False,unknown,False,False,False,False,False
335,GOOGL,2023-05-26,buy,False,True,True,False,ok,,strong_buy,1.39683,52.0,427.88712,430.0,515.0,334.22,2.4621907227002557,True,False,False,False,True,2023-05-24,JMP Securities,,,main,False,False,unknown,False,False,False,False,False
336,AMZN,2026-03-05,buy,True,True,True,False,ok,,strong_buy,1.34848,62.0,311.55145,317.0,370.0,207.0,0.42299920766365595,True,False,False,False,True,2026-02-23,Wells Fargo,,,main,False,False,unknown,False,False,False,False,False
337,NVDA,2023-07-14,buy,True,True,True,False,ok,,strong_buy,1.29508,57.0,272.93738,275.0,380.0,140.0,5.007406019397798,True,False,False,False,True,2023-07-14,Truist Securities,,,main,False,False,unknown,False,False,False,False,False
338,PYPL,2025-09-08,buy,False,True,True,False,ok,,hold,2.88636,34.0,52.52618,48.0,147.39,32.0,-0.22796779319390048,False,False,True,False,False,2025-07-30,JMP Securities,,,main,False,False,unknown,False,False,False,False,False
339,PYPL,2025-09-08,buy,False,True,True,False,ok,,hold,2.88636,34.0,52.52618,48.0,147.39,32.0,-0.22796779319390048,False,False,True,False,False,2025-07-30,JMP Securities,,,main,False,False,unknown,False,False,False,False,False
340,NVDA,2026-03-02,sell,True,True,True,False,ok,,strong_buy,1.29508,57.0,272.93738,275.0,380.0,140.0,0.4957921608059701,False,False,False,True,True,2026-02-26,Benchmark,,,reit,False,False,unknown,False,False,False,False,False
341,NVDA,2026-03-02,buy,True,True,True,False,ok,,strong_buy,1.29508,57.0,272.93738,275.0,380.0,140.0,0.4957921608059701,True,False,False,False,True,2026-02-26,Benchmark,,,reit,False,False,unknown,False,False,False,False,False
342,NVDA,2026-03-02,sell,True,True,True,False,ok,,strong_buy,1.29508,57.0,272.93738,275.0,380.0,140.0,0.4957921608059701,False,False,False,True,True,2026-02-26,Benchmark,,,reit,False,False,unknown,False,False,False,False,False
343,NVDA,2026-03-02,buy,True,True,True,False,ok,,strong_buy,1.29508,57.0,272.93738,275.0,380.0,140.0,0.4957921608059701,True,False,False,False,True,2026-02-26,Benchmark,,,reit,False,False,unknown,False,False,False,False,False
344,AMZN,2023-09-13,sell,True,True,True,False,ok,,strong_buy,1.34848,62.0,311.55145,317.0,370.0,207.0,1.1508556221761759,False,False,False,True,True,2023-09-06,DA Davidson,,,main,False,False,unknown,False,False,False,False,False
345,NVDA,2023-02-22,buy,True,True,True,False,ok,,strong_buy,1.29508,57.0,272.93738,275.0,380.0,140.0,12.164948780147945,True,False,False,False,True,2023-02-22,Piper Sandler,,,main,False,False,unknown,False,False,False,False,False
346,PYPL,2025-08-15,sell,False,True,True,False,ok,,hold,2.88636,34.0,52.52618,48.0,147.39,32.0,-0.23722368530685012,False,False,True,False,False,2025-07-30,JMP Securities,,,main,False,False,unknown,False,False,False,False,False
347,AMZN,2025-08-15,buy,True,True,True,False,ok,,strong_buy,1.34848,62.0,311.55145,317.0,370.0,207.0,0.34853244879954026,True,False,False,False,True,2025-08-14,Morgan Stanley,,,main,False,False,unknown,False,False,False,False,False
348,MSFT,2024-02-20,buy,False,True,True,False,ok,,strong_buy,1.30909,54.0,561.5561,562.5,870.0,400.0,0.41556472784043086,True,False,False,False,True,2024-01-31,Barclays,,,main,False,False,unknown,False,False,False,False,False
349,GOOGL,2023-02-03,buy,False,True,True,False,ok,,strong_buy,1.39683,52.0,427.88712,430.0,515.0,334.22,3.117423358509141,True,False,False,False,True,2023-02-03,Needham,,,reit,False,False,unknown,False,False,False,False,False
350,SOFI,2026-02-11,buy,False,True,True,False,ok,,hold,2.70833,20.0,21.1,18.5,31.0,12.0,0.026764028387288974,False,False,True,False,False,2026-02-09,Citizens,,,up,False,False,unknown,False,False,False,False,False
351,SOFI,2026-03-09,buy,False,True,True,False,ok,,hold,2.70833,20.0,21.1,18.5,31.0,12.0,0.12293767812239764,False,False,True,False,False,2026-02-18,Truist Securities,,,main,False,False,unknown,False,False,False,False,False
352,SOFI,2026-03-09,buy,False,True,True,False,ok,,hold,2.70833,20.0,21.1,18.5,31.0,12.0,0.12293767812239764,False,False,True,False,False,2026-02-18,Truist Securities,,,main,False,False,unknown,False,False,False,False,False
353,SOFI,2026-03-09,sell,False,True,True,False,ok,,hold,2.70833,20.0,21.1,18.5,31.0,12.0,0.12293767812239764,False,False,True,False,False,2026-02-18,Truist Securities,,,main,False,False,unknown,False,False,False,False,False
354,SOFI,2026-03-09,sell,False,True,True,False,ok,,hold,2.70833,20.0,21.1,18.5,31.0,12.0,0.12293767812239764,False,False,True,False,False,2026-02-18,Truist Securities,,,main,False,False,unknown,False,False,False,False,False
355,PYPL,2025-08-20,buy,False,True,True,False,ok,,hold,2.88636,34.0,52.52618,48.0,147.39,32.0,-0.22433888145317105,False,False,True,False,False,2025-07-30,JMP Securities,,,main,False,False,unknown,False,False,False,False,False
356,NVDA,2025-08-20,buy,True,True,True,False,ok,,strong_buy,1.29508,57.0,272.93738,275.0,380.0,140.0,0.5563440595055957,True,False,False,False,True,2025-08-20,Keybanc,,,main,False,False,unknown,False,False,False,False,False
357,SOFI,2025-08-20,buy,False,True,True,False,ok,,hold,2.70833,20.0,21.1,18.5,31.0,12.0,-0.0630550812122267,False,False,True,False,False,2025-08-20,JP Morgan,,,main,False,False,unknown,False,False,False,False,False
358,AMD,2025-08-20,buy,True,True,True,False,ok,,buy,1.5098,48.0,457.83334,474.0,625.0,225.0,1.7713883078547576,True,False,False,False,True,2025-08-14,Mizuho,,,main,False,False,unknown,False,False,False,False,False
359,AAPL,2023-08-11,buy,True,True,True,False,ok,,buy,1.95833,43.0,308.06512,310.0,400.0,215.0,0.7546693776104689,True,False,False,False,True,2023-08-04,Needham,,,reit,False,False,unknown,False,False,False,False,False
360,MSFT,2024-10-31,sell,False,True,True,False,ok,,strong_buy,1.30909,54.0,561.5561,562.5,870.0,400.0,0.3981164276647138,False,False,False,True,True,2024-10-31,Morgan Stanley,,,main,False,False,unknown,False,False,False,False,False
361,NVDA,2025-07-17,buy,True,True,True,False,ok,,strong_buy,1.29508,57.0,272.93738,275.0,380.0,140.0,0.5779349235645799,True,False,False,False,True,2025-07-16,Needham,,,main,False,False,unknown,False,False,False,False,False
362,TSLA,2025-07-17,sell,True,True,True,False,ok,,buy,2.3617,41.0,412.25366,450.0,600.0,123.0,0.2906723498745083,False,False,False,True,True,2025-07-11,Goldman Sachs,,,main,False,False,unknown,False,False,False,False,False
363,TSLA,2025-07-17,buy,True,True,True,False,ok,,buy,2.3617,41.0,412.25366,450.0,600.0,123.0,0.2906723498745083,True,False,False,False,True,2025-07-11,Goldman Sachs,,,main,False,False,unknown,False,False,False,False,False
364,TSLA,2025-07-17,buy,True,True,True,False,ok,,buy,2.3617,41.0,412.25366,450.0,600.0,123.0,0.2906723498745083,True,False,False,False,True,2025-07-11,Goldman Sachs,,,main,False,False,unknown,False,False,False,False,False
365,AMZN,2026-03-19,buy,True,True,True,False,ok,,strong_buy,1.34848,62.0,311.55145,317.0,370.0,207.0,0.49239058343526687,True,False,False,False,True,2026-03-17,Needham,,,reit,False,False,unknown,False,False,False,False,False
366,PYPL,2025-10-28,buy,False,True,True,False,ok,,hold,2.88636,34.0,52.52618,48.0,147.39,32.0,-0.27681442732594264,False,False,True,False,False,2025-10-28,RBC Capital,,,main,False,False,unknown,False,False,False,False,False
367,PYPL,2025-10-28,buy,False,True,True,False,ok,,hold,2.88636,34.0,52.52618,48.0,147.39,32.0,-0.27681442732594264,False,False,True,False,False,2025-10-28,RBC Capital,,,main,False,False,unknown,False,False,False,False,False
368,NVDA,2024-01-05,buy,True,True,True,False,ok,,strong_buy,1.29508,57.0,272.93738,275.0,380.0,140.0,4.562543666658322,True,False,False,False,True,2024-01-03,DA Davidson,,,init,False,False,unknown,False,False,False,False,False
369,MSFT,2024-01-05,buy,False,True,True,False,ok,,strong_buy,1.30909,54.0,561.5561,562.5,870.0,400.0,0.5533096769700541,True,False,False,False,True,2024-01-02,Piper Sandler,,,main,False,False,unknown,False,False,False,False,False
370,NVDA,2026-04-06,buy,True,True,True,False,ok,,strong_buy,1.29508,57.0,272.93738,275.0,380.0,140.0,0.5364635270084606,True,False,False,False,True,2026-03-31,Benchmark,,,reit,False,False,unknown,False,False,False,False,False
371,AMD,2026-04-06,buy,True,True,True,False,ok,,buy,1.5098,48.0,457.83334,474.0,625.0,225.0,1.0793594115254939,True,False,False,False,True,2026-04-06,Citigroup,,,main,False,False,unknown,False,False,False,False,False
372,TSLA,2024-01-25,buy,True,True,True,False,ok,,buy,2.3617,41.0,412.25366,450.0,600.0,123.0,1.2573161527566583,True,False,False,False,True,2024-01-25,KGI Securities,,,down,False,False,unknown,False,False,False,False,False
373,TSLA,2024-01-25,buy,True,True,True,False,ok,,buy,2.3617,41.0,412.25366,450.0,600.0,123.0,1.2573161527566583,True,False,False,False,True,2024-01-25,KGI Securities,,,down,False,False,unknown,False,False,False,False,False
374,AMZN,2023-11-17,sell,True,True,True,False,ok,,strong_buy,1.34848,62.0,311.55145,317.0,370.0,207.0,1.1459668392170448,False,False,False,True,True,2023-11-10,Tigress Financial,,,main,False,False,unknown,False,False,False,False,False
375,NFLX,2023-11-17,buy,False,True,True,False,ok,,buy,1.68,44.0,114.555,115.0,151.4,80.0,1.458736686816144,True,False,False,False,True,2023-10-19,Keybanc,,,up,False,False,unknown,False,False,False,False,False
376,AAPL,2023-10-23,buy,True,True,True,False,ok,,buy,1.95833,43.0,308.06512,310.0,400.0,215.0,0.8032525054148425,True,False,False,False,True,2023-10-16,Morgan Stanley,,,main,False,False,unknown,False,False,False,False,False
377,AAPL,2023-10-23,buy,True,True,True,False,ok,,buy,1.95833,43.0,308.06512,310.0,400.0,215.0,0.8032525054148425,True,False,False,False,True,2023-10-16,Morgan Stanley,,,main,False,False,unknown,False,False,False,False,False
378,PYPL,2025-10-10,buy,False,True,True,False,ok,,hold,2.88636,34.0,52.52618,48.0,147.39,32.0,-0.24388590348109318,False,False,True,False,False,2025-10-03,Wolfe Research,,,down,False,False,unknown,False,False,False,False,False
379,PYPL,2025-10-10,buy,False,True,True,False,ok,,hold,2.88636,34.0,52.52618,48.0,147.39,32.0,-0.24388590348109318,False,False,True,False,False,2025-10-03,Wolfe Research,,,down,False,False,unknown,False,False,False,False,False
380,DIS,2024-05-07,sell,False,True,True,False,ok,,strong_buy,1.46667,29.0,130.66553,132.0,164.0,77.0,0.2649033189055441,False,False,False,True,True,2024-05-07,Needham,,,reit,False,False,unknown,False,False,False,False,False
381,AAPL,2024-05-03,sell,True,True,True,False,ok,,buy,1.95833,43.0,308.06512,310.0,400.0,215.0,0.6967781452975894,False,False,False,True,True,2024-05-03,Needham,,,reit,False,False,unknown,False,False,False,False,False
382,AAPL,2024-05-03,sell,True,True,True,False,ok,,buy,1.95833,43.0,308.06512,310.0,400.0,215.0,0.6967781452975894,False,False,False,True,True,2024-05-03,Needham,,,reit,False,False,unknown,False,False,False,False,False
383,NFLX,2023-12-11,buy,False,True,True,False,ok,,buy,1.68,44.0,114.555,115.0,151.4,80.0,1.4909218281084367,True,False,False,False,True,2023-10-19,Keybanc,,,up,False,False,unknown,False,False,False,False,False
384,GOOGL,2023-12-11,buy,False,True,True,False,ok,,strong_buy,1.39683,52.0,427.88712,430.0,515.0,334.22,2.236729385112828,True,False,False,False,True,2023-12-07,Roth MKM,,,main,False,False,unknown,False,False,False,False,False
385,AMZN,2022-07-06,buy,True,True,True,False,ok,,strong_buy,1.34848,62.0,311.55145,317.0,370.0,207.0,1.7250191989009078,True,False,False,False,True,2022-06-30,Goldman Sachs,,,main,False,False,unknown,False,False,False,False,False
386,MSFT,2024-04-26,buy,False,True,True,False,ok,,strong_buy,1.30909,54.0,561.5561,562.5,870.0,400.0,0.403266407123237,True,False,False,False,True,2024-04-26,Piper Sandler,,,reit,False,False,unknown,False,False,False,False,False
387,MSFT,2024-04-26,buy,False,True,True,False,ok,,strong_buy,1.30909,54.0,561.5561,562.5,870.0,400.0,0.403266407123237,True,False,False,False,True,2024-04-26,Piper Sandler,,,reit,False,False,unknown,False,False,False,False,False
388,AMD,2025-09-22,buy,True,True,True,False,ok,,buy,1.5098,48.0,457.83334,474.0,625.0,225.0,1.8652190952919487,True,False,False,False,True,2025-09-09,HSBC,,,main,False,False,unknown,False,False,False,False,False
389,META,2025-09-22,buy,False,True,True,False,ok,,strong_buy,1.34921,58.0,826.69104,825.0,1015.0,614.0,0.08222285250310613,True,False,False,False,True,2024-09-30,"Monness, Crespi, Hardt",,,main,False,False,unknown,False,False,False,False,False
390,AAPL,2025-09-22,buy,True,True,True,False,ok,,buy,1.95833,43.0,308.06512,310.0,400.0,215.0,0.20640689455278838,True,False,False,False,True,2025-09-22,Wedbush,,,main,False,False,unknown,False,False,False,False,False
391,AMD,2023-12-08,sell,True,True,True,False,ok,,buy,1.5098,48.0,457.83334,474.0,625.0,225.0,2.5512980647116117,False,False,False,True,True,2023-12-07,Raymond James,,,main,False,False,unknown,False,False,False,False,False
392,NVDA,2023-12-08,sell,True,True,True,False,ok,,strong_buy,1.29508,57.0,272.93738,275.0,380.0,140.0,4.7488363784198775,False,False,False,True,True,2023-11-22,Needham,,,reit,False,False,unknown,False,False,False,False,False
393,NVDA,2025-12-01,buy,True,True,True,False,ok,,strong_buy,1.29508,57.0,272.93738,275.0,380.0,140.0,0.5171595092257868,True,False,False,False,True,2025-12-01,Morgan Stanley,,,main,False,False,unknown,False,False,False,False,False
394,NVDA,2024-06-06,buy,True,True,True,False,ok,,strong_buy,1.29508,57.0,272.93738,275.0,380.0,140.0,1.2569910719790949,True,False,False,False,True,2024-06-04,Mizuho,,,main,False,False,unknown,False,False,False,False,False
395,AAPL,2024-06-06,buy,True,True,True,False,ok,,buy,1.95833,43.0,308.06512,310.0,400.0,215.0,0.5977670516086522,True,False,False,False,True,2024-06-04,Morgan Stanley,,,main,False,False,unknown,False,False,False,False,False
396,GOOGL,2025-03-03,sell,False,True,True,False,ok,,strong_buy,1.39683,52.0,427.88712,430.0,515.0,334.22,1.5738894056173587,False,False,False,True,True,2025-02-05,Rosenblatt,,,main,False,False,unknown,False,False,False,False,False
397,GOOGL,2025-03-03,buy,False,True,True,False,ok,,strong_buy,1.39683,52.0,427.88712,430.0,515.0,334.22,1.5738894056173587,True,False,False,False,True,2025-02-05,Rosenblatt,,,main,False,False,unknown,False,False,False,False,False
398,NVDA,2025-11-03,buy,True,True,True,False,ok,,strong_buy,1.29508,57.0,272.93738,275.0,380.0,140.0,0.31944775645278,True,False,False,False,True,2025-11-03,Loop Capital,,,main,False,False,unknown,False,False,False,False,False
399,META,2025-11-03,buy,False,True,False,True,ok,,strong_buy,1.34921,58.0,826.69104,825.0,1015.0,614.0,0.2985112544967805,True,False,False,False,True,,,,,,,,,,,,,
400,GOOGL,2022-08-15,buy,False,True,True,False,ok,,strong_buy,1.39683,52.0,427.88712,430.0,515.0,334.22,2.5339418145326467,True,False,False,False,True,2022-08-03,Tigress Financial,,,main,False,False,unknown,False,False,False,False,False
401,AAPL,2023-10-20,sell,True,True,True,False,ok,,buy,1.95833,43.0,308.06512,310.0,400.0,215.0,0.8045040127425822,False,False,False,True,True,2023-10-16,Morgan Stanley,,,main,False,False,unknown,False,False,False,False,False
402,MSFT,2023-10-20,sell,False,True,True,False,ok,,strong_buy,1.30909,54.0,561.5561,562.5,870.0,400.0,0.7521935220221727,False,False,False,True,True,2023-10-19,Citigroup,,,main,False,False,unknown,False,False,False,False,False
403,MSFT,2023-10-20,sell,False,True,True,False,ok,,strong_buy,1.30909,54.0,561.5561,562.5,870.0,400.0,0.7521935220221727,False,False,False,True,True,2023-10-19,Citigroup,,,main,False,False,unknown,False,False,False,False,False
404,NVDA,2023-10-20,buy,True,True,True,False,ok,,strong_buy,1.29508,57.0,272.93738,275.0,380.0,140.0,5.599372311403311,True,False,False,False,True,2023-10-20,Keybanc,,,main,False,False,unknown,False,False,False,False,False
405,GOOGL,2022-08-19,buy,False,True,True,False,ok,,strong_buy,1.39683,52.0,427.88712,430.0,515.0,334.22,2.6807747838169087,True,False,False,False,True,2022-08-03,Tigress Financial,,,main,False,False,unknown,False,False,False,False,False
406,AMZN,2022-08-19,buy,True,True,True,False,ok,,strong_buy,1.34848,62.0,311.55145,317.0,370.0,207.0,1.2538628346201324,True,False,False,False,True,2022-07-31,Evercore ISI Group,,,main,False,False,unknown,False,False,False,False,False
407,AMZN,2022-08-19,buy,True,True,True,False,ok,,strong_buy,1.34848,62.0,311.55145,317.0,370.0,207.0,1.2538628346201324,True,False,False,False,True,2022-07-31,Evercore ISI Group,,,main,False,False,unknown,False,False,False,False,False
408,TSLA,2024-04-12,buy,True,True,True,False,ok,,buy,2.3617,41.0,412.25366,450.0,600.0,123.0,1.4101353560061423,True,False,False,False,True,2024-04-12,Citigroup,,,main,False,False,unknown,False,False,False,False,False
409,AAPL,2023-11-13,buy,True,True,True,False,ok,,buy,1.95833,43.0,308.06512,310.0,400.0,215.0,0.685888753036304,True,False,False,False,True,2023-11-03,Morgan Stanley,,,reit,False,False,unknown,False,False,False,False,False
410,NVDA,2023-11-13,sell,True,True,True,False,ok,,strong_buy,1.29508,57.0,272.93738,275.0,380.0,140.0,4.6176103567500615,False,False,False,True,True,2023-11-09,Bernstein,,,reit,False,False,unknown,False,False,False,False,False
411,GOOGL,2023-11-13,buy,False,True,True,False,ok,,strong_buy,1.39683,52.0,427.88712,430.0,515.0,334.22,2.266133946421772,True,False,False,False,True,2023-10-25,Keybanc,,,main,False,False,unknown,False,False,False,False,False
412,GOOGL,2025-10-16,buy,False,True,True,False,ok,,strong_buy,1.39683,52.0,427.88712,430.0,515.0,334.22,0.7039227393467649,True,False,False,False,True,2025-10-09,BMO Capital,,,main,False,False,unknown,False,False,False,False,False
413,GOOGL,2025-10-16,buy,False,True,True,False,ok,,strong_buy,1.39683,52.0,427.88712,430.0,515.0,334.22,0.7039227393467649,True,False,False,False,True,2025-10-09,BMO Capital,,,main,False,False,unknown,False,False,False,False,False
414,GOOGL,2025-10-16,sell,False,True,True,False,ok,,strong_buy,1.39683,52.0,427.88712,430.0,515.0,334.22,0.7039227393467649,False,False,False,True,True,2025-10-09,BMO Capital,,,main,False,False,unknown,False,False,False,False,False
415,AMZN,2025-10-16,sell,True,True,True,False,ok,,strong_buy,1.34848,62.0,311.55145,317.0,370.0,207.0,0.4526574729646873,False,False,False,True,True,2025-10-03,Goldman Sachs,,,main,False,False,unknown,False,False,False,False,False
416,TSLA,2025-09-19,buy,True,True,True,False,ok,,buy,2.3617,41.0,412.25366,450.0,600.0,123.0,-0.03242741119232351,True,False,False,False,True,2025-09-19,Baird,,,up,False,False,unknown,False,False,False,False,False
417,TSLA,2024-07-25,buy,True,True,True,False,ok,,buy,2.3617,41.0,412.25366,450.0,600.0,123.0,0.8717532803632237,True,False,False,False,True,2024-07-25,Barclays,,,main,False,False,unknown,False,False,False,False,False
418,PYPL,2025-10-08,buy,False,True,True,False,ok,,hold,2.88636,34.0,52.52618,48.0,147.39,32.0,-0.3063574011079604,False,False,True,False,False,2025-10-03,Wolfe Research,,,down,False,False,unknown,False,False,False,False,False
419,NFLX,2026-04-15,buy,False,True,True,False,ok,,buy,1.68,44.0,114.555,115.0,151.4,80.0,0.06355028292367804,True,False,False,False,True,2026-04-15,Citizens,,,reit,False,False,unknown,False,False,False,False,False
420,NFLX,2026-04-15,buy,False,True,True,False,ok,,buy,1.68,44.0,114.555,115.0,151.4,80.0,0.06355028292367804,True,False,False,False,True,2026-04-15,Citizens,,,reit,False,False,unknown,False,False,False,False,False
421,NVDA,2024-07-18,buy,True,True,True,False,ok,,strong_buy,1.29508,57.0,272.93738,275.0,380.0,140.0,1.2550911648521335,True,False,False,False,True,2024-07-15,TD Cowen,,,main,False,False,unknown,False,False,False,False,False
422,NFLX,2021-09-13,buy,False,True,True,False,ok,,buy,1.68,44.0,114.555,115.0,151.4,80.0,0.9439494703611189,True,False,False,False,True,2021-09-13,Goldman Sachs,,,init,False,False,unknown,False,False,False,False,False
423,NFLX,2021-09-13,buy,False,True,True,False,ok,,buy,1.68,44.0,114.555,115.0,151.4,80.0,0.9439494703611189,True,False,False,False,True,2021-09-13,Goldman Sachs,,,init,False,False,unknown,False,False,False,False,False
424,AMZN,2021-09-13,buy,True,True,True,False,ok,,strong_buy,1.34848,62.0,311.55145,317.0,370.0,207.0,0.8023495549216553,True,False,False,False,True,2021-09-13,Goldman Sachs,,,init,False,False,unknown,False,False,False,False,False
425,META,2021-09-13,buy,False,True,True,False,ok,,strong_buy,1.34921,58.0,826.69104,825.0,1015.0,614.0,1.2128985730670374,True,False,False,False,True,2021-05-03,Argus Research,,,main,False,False,unknown,False,False,False,False,False
426,GOOGL,2024-05-09,buy,False,True,True,False,ok,,strong_buy,1.39683,52.0,427.88712,430.0,515.0,334.22,1.5383830768537239,True,False,False,False,True,2024-05-01,Loop Capital,,,main,False,False,unknown,False,False,False,False,False
427,AAPL,2024-05-09,sell,True,True,True,False,ok,,buy,1.95833,43.0,308.06512,310.0,400.0,215.0,0.6858382151822799,False,False,False,True,True,2024-05-03,Needham,,,reit,False,False,unknown,False,False,False,False,False
428,MSFT,2024-05-09,buy,False,True,True,False,ok,,strong_buy,1.30909,54.0,561.5561,562.5,870.0,400.0,0.3828464482527625,True,False,False,False,True,2024-04-26,Piper Sandler,,,reit,False,False,unknown,False,False,False,False,False
429,AMD,2025-11-04,sell,True,True,True,False,ok,,buy,1.5098,48.0,457.83334,474.0,625.0,225.0,0.8309671442204829,False,False,False,True,True,2025-10-30,Wells Fargo,,,main,False,False,unknown,False,False,False,False,False
430,AMD,2025-11-04,buy,True,True,True,False,ok,,buy,1.5098,48.0,457.83334,474.0,625.0,225.0,0.8309671442204829,True,False,False,False,True,2025-10-30,Wells Fargo,,,main,False,False,unknown,False,False,False,False,False
431,AMD,2025-11-04,buy,True,True,True,False,ok,,buy,1.5098,48.0,457.83334,474.0,625.0,225.0,0.8309671442204829,True,False,False,False,True,2025-10-30,Wells Fargo,,,main,False,False,unknown,False,False,False,False,False
432,AMD,2025-11-04,buy,True,True,True,False,ok,,buy,1.5098,48.0,457.83334,474.0,625.0,225.0,0.8309671442204829,True,False,False,False,True,2025-10-30,Wells Fargo,,,main,False,False,unknown,False,False,False,False,False
433,UBER,2026-04-01,buy,False,True,True,False,ok,,buy,1.51923,50.0,104.9312,107.0,150.0,70.0,0.46327152893132206,True,False,False,False,True,2026-03-30,Wells Fargo,,,main,False,False,unknown,False,False,False,False,False
434,META,2025-11-25,sell,False,True,False,True,ok,,strong_buy,1.34921,58.0,826.69104,825.0,1015.0,614.0,0.3015525122667031,False,False,False,True,True,,,,,,,,,,,,,
435,AMZN,2024-03-22,buy,True,True,True,False,ok,,strong_buy,1.34848,62.0,311.55145,317.0,370.0,207.0,0.7417759182913022,True,False,False,False,True,2024-03-22,Truist Securities,,,reit,False,False,unknown,False,False,False,False,False
436,MSFT,2024-03-22,buy,False,True,True,False,ok,,strong_buy,1.30909,54.0,561.5561,562.5,870.0,400.0,0.32988592156239793,True,False,False,False,True,2024-03-21,Keybanc,,,init,False,False,unknown,False,False,False,False,False
437,TSLA,2024-03-22,buy,True,True,True,False,ok,,buy,2.3617,41.0,412.25366,450.0,600.0,123.0,1.4132392178260673,True,False,False,False,True,2024-03-18,Goldman Sachs,,,main,False,False,unknown,False,False,False,False,False
438,AMZN,2024-02-23,buy,True,True,True,False,ok,,strong_buy,1.34848,62.0,311.55145,317.0,370.0,207.0,0.7803956810103116,True,False,False,False,True,2024-02-02,Telsey Advisory Group,,,main,False,False,unknown,False,False,False,False,False
439,MSFT,2024-02-23,buy,False,True,True,False,ok,,strong_buy,1.30909,54.0,561.5561,562.5,870.0,400.0,0.3895190659471188,True,False,False,False,True,2024-01-31,Barclays,,,main,False,False,unknown,False,False,False,False,False
440,TSLA,2024-02-23,buy,True,True,True,False,ok,,buy,2.3617,41.0,412.25366,450.0,600.0,123.0,1.1474900108274846,True,False,False,False,True,2024-02-06,Daiwa Capital,,,down,False,False,unknown,False,False,False,False,False
441,AAPL,2025-03-13,sell,True,True,True,False,ok,,buy,1.95833,43.0,308.06512,310.0,400.0,215.0,0.4769786405773728,False,False,False,True,True,2025-03-12,Morgan Stanley,,,main,False,False,unknown,False,False,False,False,False
442,AAPL,2025-03-13,sell,True,True,True,False,ok,,buy,1.95833,43.0,308.06512,310.0,400.0,215.0,0.4769786405773728,False,False,False,True,True,2025-03-12,Morgan Stanley,,,main,False,False,unknown,False,False,False,False,False
443,NVDA,2024-09-09,sell,True,True,True,False,ok,,strong_buy,1.29508,57.0,272.93738,275.0,380.0,140.0,1.564750335814339,False,False,False,True,True,2024-09-05,B of A Securities,,,reit,False,False,unknown,False,False,False,False,False
444,AMZN,2023-10-27,sell,True,True,True,False,ok,,strong_buy,1.34848,62.0,311.55145,317.0,370.0,207.0,1.4389498607339832,False,False,False,True,True,2023-10-27,Telsey Advisory Group,,,main,False,False,unknown,False,False,False,False,False
445,NVDA,2025-10-08,buy,True,True,True,False,ok,,strong_buy,1.29508,57.0,272.93738,275.0,380.0,140.0,0.4434316279916517,True,False,False,False,True,2025-10-03,Cantor Fitzgerald,,,reit,False,False,unknown,False,False,False,False,False
446,AMZN,2024-05-02,buy,True,True,True,False,ok,,strong_buy,1.34848,62.0,311.55145,317.0,370.0,207.0,0.6866145947441764,True,False,False,False,True,2024-05-02,Argus Research,,,main,False,False,unknown,False,False,False,False,False
447,TSLA,2024-05-02,sell,True,True,True,False,ok,,buy,2.3617,41.0,412.25366,450.0,600.0,123.0,1.2901709492821776,False,False,False,True,True,2024-05-02,Cantor Fitzgerald,,,init,False,False,unknown,False,False,False,False,False
448,NVDA,2025-10-09,buy,True,True,True,False,ok,,strong_buy,1.29508,57.0,272.93738,275.0,380.0,140.0,0.4174967430300087,True,False,False,False,True,2025-10-09,Cantor Fitzgerald,,,main,False,False,unknown,False,False,False,False,False
449,CRM,2025-10-09,buy,False,True,True,False,ok,,buy,1.59524,52.0,267.31577,252.5,475.0,188.0,0.09410543028159335,True,False,False,False,True,2025-10-09,Stifel,,,main,False,False,unknown,False,False,False,False,False
450,TSLA,2025-10-09,buy,True,True,True,False,ok,,buy,2.3617,41.0,412.25366,450.0,600.0,123.0,-0.05346546376466832,True,False,False,False,True,2025-10-08,Stifel,,,main,False,False,unknown,False,False,False,False,False
451,UBER,2025-10-09,buy,False,True,True,False,ok,,buy,1.51923,50.0,104.9312,107.0,150.0,70.0,0.0930333333333333,True,False,False,False,True,2025-10-03,Wells Fargo,,,main,False,False,unknown,False,False,False,False,False
452,AAPL,2024-02-12,buy,True,True,True,False,ok,,buy,1.95833,43.0,308.06512,310.0,400.0,215.0,0.6625979374167952,True,False,False,False,True,2024-02-12,Wedbush,,,reit,False,False,unknown,False,False,False,False,False
453,AMZN,2024-02-12,buy,True,True,True,False,ok,,strong_buy,1.34848,62.0,311.55145,317.0,370.0,207.0,0.8077721748883568,True,False,False,False,True,2024-02-02,Telsey Advisory Group,,,main,False,False,unknown,False,False,False,False,False
454,NVDA,2024-02-12,sell,True,True,True,False,ok,,strong_buy,1.29508,57.0,272.93738,275.0,380.0,140.0,2.780093763764535,False,False,False,True,True,2024-02-12,Cantor Fitzgerald,,,reit,False,False,unknown,False,False,False,False,False
455,TSLA,2024-02-12,buy,True,True,True,False,ok,,buy,2.3617,41.0,412.25366,450.0,600.0,123.0,1.191323283368837,True,False,False,False,True,2024-02-06,Daiwa Capital,,,down,False,False,unknown,False,False,False,False,False
456,TSLA,2024-02-12,buy,True,True,True,False,ok,,buy,2.3617,41.0,412.25366,450.0,600.0,123.0,1.191323283368837,True,False,False,False,True,2024-02-06,Daiwa Capital,,,down,False,False,unknown,False,False,False,False,False
457,AMD,2026-04-14,sell,True,True,True,False,ok,,buy,1.5098,48.0,457.83334,474.0,625.0,225.0,0.79493208473566,False,False,False,True,True,2026-04-06,Citigroup,,,main,False,False,unknown,False,False,False,False,False
458,AMD,2026-04-14,buy,True,True,True,False,ok,,buy,1.5098,48.0,457.83334,474.0,625.0,225.0,0.79493208473566,True,False,False,False,True,2026-04-06,Citigroup,,,main,False,False,unknown,False,False,False,False,False
459,NVDA,2024-06-27,sell,True,True,True,False,ok,,strong_buy,1.29508,57.0,272.93738,275.0,380.0,140.0,1.2023469575414203,False,False,False,True,True,2024-06-27,Truist Securities,,,reit,False,False,unknown,False,False,False,False,False
460,AMZN,2024-08-22,buy,True,True,True,False,ok,,strong_buy,1.34848,62.0,311.55145,317.0,370.0,207.0,0.7688720908586228,True,False,False,False,True,2024-08-06,Morgan Stanley,,,main,False,False,unknown,False,False,False,False,False
461,AMZN,2024-08-22,buy,True,True,True,False,ok,,strong_buy,1.34848,62.0,311.55145,317.0,370.0,207.0,0.7688720908586228,True,False,False,False,True,2024-08-06,Morgan Stanley,,,main,False,False,unknown,False,False,False,False,False
462,AMZN,2024-08-22,buy,True,True,True,False,ok,,strong_buy,1.34848,62.0,311.55145,317.0,370.0,207.0,0.7688720908586228,True,False,False,False,True,2024-08-06,Morgan Stanley,,,main,False,False,unknown,False,False,False,False,False
463,GOOGL,2024-08-22,buy,False,True,True,False,ok,,strong_buy,1.39683,52.0,427.88712,430.0,515.0,334.22,1.6308239439153045,True,False,False,False,True,2024-08-19,Needham,,,reit,False,False,unknown,False,False,False,False,False
464,MSFT,2025-03-18,buy,False,True,True,False,ok,,strong_buy,1.30909,54.0,561.5561,562.5,870.0,400.0,0.4754253957097285,True,False,False,False,True,2025-03-13,DA Davidson,,,up,False,False,unknown,False,False,False,False,False
465,NVDA,2026-03-30,buy,True,True,True,False,ok,,strong_buy,1.29508,57.0,272.93738,275.0,380.0,140.0,0.6524634196630799,True,False,False,False,True,2026-03-23,Cantor Fitzgerald,,,reit,False,False,unknown,False,False,False,False,False
466,NVDA,2024-01-22,sell,True,True,True,False,ok,,strong_buy,1.29508,57.0,272.93738,275.0,380.0,140.0,3.5781369851360862,False,False,False,True,True,2024-01-19,Raymond James,,,main,False,False,unknown,False,False,False,False,False
467,TSLA,2026-04-01,sell,True,True,True,False,ok,,buy,2.3617,41.0,412.25366,450.0,600.0,123.0,0.081292685937421,False,False,False,True,True,2026-03-31,Canaccord Genuity,,,main,False,False,unknown,False,False,False,False,False
468,GOOGL,2025-05-09,buy,False,True,True,False,ok,,strong_buy,1.39683,52.0,427.88712,430.0,515.0,334.22,1.8109380047479795,True,False,False,False,True,2025-05-08,WestPark Capital,,,reit,False,False,unknown,False,False,False,False,False
469,NVDA,2024-08-29,buy,True,True,True,False,ok,,strong_buy,1.29508,57.0,272.93738,275.0,380.0,140.0,1.3222128469820862,True,False,False,False,True,2024-08-29,Mizuho,,,main,False,False,unknown,False,False,False,False,False
470,AMD,2025-10-06,buy,True,True,True,False,ok,,buy,1.5098,48.0,457.83334,474.0,625.0,225.0,1.2474759457598794,True,False,False,False,True,2025-10-06,Cantor Fitzgerald,,,main,False,False,unknown,False,False,False,False,False
471,AMZN,2024-05-13,buy,True,True,True,False,ok,,strong_buy,1.34848,62.0,311.55145,317.0,370.0,207.0,0.6698903241108323,True,False,False,False,True,2024-05-06,Loop Capital,,,main,False,False,unknown,False,False,False,False,False
472,META,2025-11-26,sell,False,True,False,True,ok,,strong_buy,1.34921,58.0,826.69104,825.0,1015.0,614.0,0.3069138310838384,False,False,False,True,True,,,,,,,,,,,,,
473,AMZN,2024-07-22,buy,True,True,True,False,ok,,strong_buy,1.34848,62.0,311.55145,317.0,370.0,207.0,0.706663625262536,True,False,False,False,True,2024-07-22,Truist Securities,,,main,False,False,unknown,False,False,False,False,False
474,AMZN,2024-07-22,buy,True,True,True,False,ok,,strong_buy,1.34848,62.0,311.55145,317.0,370.0,207.0,0.706663625262536,True,False,False,False,True,2024-07-22,Truist Securities,,,main,False,False,unknown,False,False,False,False,False
475,AMZN,2024-06-07,buy,True,True,True,False,ok,,strong_buy,1.34848,62.0,311.55145,317.0,370.0,207.0,0.6904581923013076,True,False,False,False,True,2024-05-30,Tigress Financial,,,main,False,False,unknown,False,False,False,False,False
476,NVDA,2023-11-21,buy,True,True,True,False,ok,,strong_buy,1.29508,57.0,272.93738,275.0,380.0,140.0,4.46869014196801,True,False,False,False,True,2023-11-17,Wedbush,,,reit,False,False,unknown,False,False,False,False,False
477,NVDA,2023-11-21,sell,True,True,True,False,ok,,strong_buy,1.29508,57.0,272.93738,275.0,380.0,140.0,4.46869014196801,False,False,False,True,True,2023-11-17,Wedbush,,,reit,False,False,unknown,False,False,False,False,False
478,META,2022-02-17,buy,False,True,True,False,ok,,strong_buy,1.34921,58.0,826.69104,825.0,1015.0,614.0,3.011258290361279,True,False,False,False,True,2022-02-08,KGI Securities,,,down,False,False,unknown,False,False,False,False,False
479,META,2022-02-17,sell,False,True,True,False,ok,,strong_buy,1.34921,58.0,826.69104,825.0,1015.0,614.0,3.011258290361279,False,False,False,True,True,2022-02-08,KGI Securities,,,down,False,False,unknown,False,False,False,False,False
480,META,2022-02-17,buy,False,True,True,False,ok,,strong_buy,1.34921,58.0,826.69104,825.0,1015.0,614.0,3.011258290361279,True,False,False,False,True,2022-02-08,KGI Securities,,,down,False,False,unknown,False,False,False,False,False
481,META,2022-02-17,buy,False,True,True,False,ok,,strong_buy,1.34921,58.0,826.69104,825.0,1015.0,614.0,3.011258290361279,True,False,False,False,True,2022-02-08,KGI Securities,,,down,False,False,unknown,False,False,False,False,False
482,META,2022-02-17,buy,False,True,True,False,ok,,strong_buy,1.34921,58.0,826.69104,825.0,1015.0,614.0,3.011258290361279,True,False,False,False,True,2022-02-08,KGI Securities,,,down,False,False,unknown,False,False,False,False,False
483,DIS,2023-09-01,buy,False,True,True,False,ok,,strong_buy,1.46667,29.0,130.66553,132.0,164.0,77.0,0.6381996217865935,True,False,False,False,True,2023-08-21,Credit Suisse,,,main,False,False,unknown,False,False,False,False,False
484,DIS,2023-09-01,buy,False,True,True,False,ok,,strong_buy,1.46667,29.0,130.66553,132.0,164.0,77.0,0.6381996217865935,True,False,False,False,True,2023-08-21,Credit Suisse,,,main,False,False,unknown,False,False,False,False,False
485,DIS,2023-09-01,sell,False,True,True,False,ok,,strong_buy,1.46667,29.0,130.66553,132.0,164.0,77.0,0.6381996217865935,False,False,False,True,True,2023-08-21,Credit Suisse,,,main,False,False,unknown,False,False,False,False,False
486,GOOGL,2026-03-27,buy,False,True,True,False,ok,,strong_buy,1.39683,52.0,427.88712,430.0,515.0,334.22,0.5596964559006306,True,False,False,False,True,2026-03-27,Needham,,,reit,False,False,unknown,False,False,False,False,False
487,TSLA,2024-03-01,buy,True,True,True,False,ok,,buy,2.3617,41.0,412.25366,450.0,600.0,123.0,1.0344140408690672,True,False,False,False,True,2024-02-29,RBC Capital,,,reit,False,False,unknown,False,False,False,False,False
488,TSLA,2024-03-01,buy,True,True,True,False,ok,,buy,2.3617,41.0,412.25366,450.0,600.0,123.0,1.0344140408690672,True,False,False,False,True,2024-02-29,RBC Capital,,,reit,False,False,unknown,False,False,False,False,False
489,AAPL,2024-03-01,sell,True,True,True,False,ok,,buy,1.95833,43.0,308.06512,310.0,400.0,215.0,0.731910836799553,False,False,False,True,True,2024-02-28,Wedbush,,,reit,False,False,unknown,False,False,False,False,False
490,NFLX,2024-03-01,buy,False,True,True,False,ok,,buy,1.68,44.0,114.555,115.0,151.4,80.0,0.8496303080644998,True,False,False,False,True,2024-02-27,UBS,,,main,False,False,unknown,False,False,False,False,False
491,CRM,2024-07-29,buy,False,True,True,False,ok,,buy,1.59524,52.0,267.31577,252.5,475.0,188.0,0.04592429814384147,True,False,False,False,True,2024-07-12,Piper Sandler,,,main,False,False,unknown,False,False,False,False,False
492,GOOGL,2025-03-31,buy,False,True,True,False,ok,,strong_buy,1.39683,52.0,427.88712,430.0,515.0,334.22,1.7765829146961005,True,False,False,False,True,2025-03-31,Jefferies,,,main,False,False,unknown,False,False,False,False,False
493,GOOGL,2022-05-26,buy,False,True,True,False,ok,,strong_buy,1.39683,52.0,427.88712,430.0,515.0,334.22,3.0023527546023576,True,False,False,False,True,2022-05-24,Jefferies,,,main,False,False,unknown,False,False,False,False,False
494,GOOGL,2022-05-26,sell,False,True,True,False,ok,,strong_buy,1.39683,52.0,427.88712,430.0,515.0,334.22,3.0023527546023576,False,False,False,True,True,2022-05-24,Jefferies,,,main,False,False,unknown,False,False,False,False,False
495,GOOGL,2022-05-26,buy,False,True,True,False,ok,,strong_buy,1.39683,52.0,427.88712,430.0,515.0,334.22,3.0023527546023576,True,False,False,False,True,2022-05-24,Jefferies,,,main,False,False,unknown,False,False,False,False,False
496,AMZN,2024-01-05,buy,True,True,True,False,ok,,strong_buy,1.34848,62.0,311.55145,317.0,370.0,207.0,1.1450801309330965,True,False,False,False,True,2023-12-21,Wedbush,,,main,False,False,unknown,False,False,False,False,False
497,AAPL,2024-01-16,sell,True,True,True,False,ok,,buy,1.95833,43.0,308.06512,310.0,400.0,215.0,0.696630279213414,False,False,False,True,True,2024-01-10,Redburn Atlantic,,,down,False,False,unknown,False,False,False,False,False
498,MSFT,2024-01-16,buy,False,True,True,False,ok,,strong_buy,1.30909,54.0,561.5561,562.5,870.0,400.0,0.4636781384624209,True,False,False,False,True,2024-01-12,Piper Sandler,,,reit,False,False,unknown,False,False,False,False,False
499,AAPL,2024-05-08,sell,True,True,True,False,ok,,buy,1.95833,43.0,308.06512,310.0,400.0,215.0,0.7027206029122088,False,False,False,True,True,2024-05-03,Needham,,,reit,False,False,unknown,False,False,False,False,False
500,AMD,2025-10-13,buy,True,True,True,False,ok,,buy,1.5098,48.0,457.83334,474.0,625.0,225.0,1.115485370453606,True,False,False,False,True,2025-10-13,Mizuho,,,main,False,False,unknown,False,False,False,False,False
501,AMD,2025-10-13,buy,True,True,True,False,ok,,buy,1.5098,48.0,457.83334,474.0,625.0,225.0,1.115485370453606,True,False,False,False,True,2025-10-13,Mizuho,,,main,False,False,unknown,False,False,False,False,False
502,MSFT,2023-12-22,buy,False,True,True,False,ok,,strong_buy,1.30909,54.0,561.5561,562.5,870.0,400.0,0.5249873105893601,True,False,False,False,True,2023-12-15,Mizuho,,,main,False,False,unknown,False,False,False,False,False
503,NVDA,2023-12-22,buy,True,True,True,False,ok,,strong_buy,1.29508,57.0,272.93738,275.0,380.0,140.0,4.592959074520236,True,False,False,False,True,2023-11-22,Needham,,,reit,False,False,unknown,False,False,False,False,False
504,GOOGL,2024-04-25,buy,False,True,True,False,ok,,strong_buy,1.39683,52.0,427.88712,430.0,515.0,334.22,1.7655357970991767,True,False,False,False,True,2024-04-22,Keybanc,,,main,False,False,unknown,False,False,False,False,False
505,AAPL,2024-05-03,sell,True,True,True,False,ok,,buy,1.95833,43.0,308.06512,310.0,400.0,215.0,0.6967781452975894,False,False,False,True,True,2024-05-03,Needham,,,reit,False,False,unknown,False,False,False,False,False
506,TSLA,2024-05-03,buy,True,True,True,False,ok,,buy,2.3617,41.0,412.25366,450.0,600.0,123.0,1.275256109306118,True,False,False,False,True,2024-05-02,Cantor Fitzgerald,,,init,False,False,unknown,False,False,False,False,False
507,MSFT,2025-10-30,buy,False,True,True,False,ok,,strong_buy,1.30909,54.0,561.5561,562.5,870.0,400.0,0.07252594806944912,True,False,False,False,True,2025-10-30,Piper Sandler,,,reit,False,False,unknown,False,False,False,False,False
508,GOOGL,2025-10-30,buy,False,True,True,False,ok,,strong_buy,1.39683,52.0,427.88712,430.0,515.0,334.22,0.522198308044795,True,False,False,False,True,2025-10-30,B of A Securities,,,main,False,False,unknown,False,False,False,False,False
509,META,2025-10-30,buy,False,True,False,True,ok,,strong_buy,1.34921,58.0,826.69104,825.0,1015.0,614.0,0.24247696099140525,True,False,False,False,True,,,,,,,,,,,,,
510,META,2025-10-30,buy,False,True,False,True,ok,,strong_buy,1.34921,58.0,826.69104,825.0,1015.0,614.0,0.24247696099140525,True,False,False,False,True,,,,,,,,,,,,,
511,NVDA,2025-10-30,buy,True,True,True,False,ok,,strong_buy,1.29508,57.0,272.93738,275.0,380.0,140.0,0.3453957973421715,True,False,False,False,True,2025-10-29,B of A Securities,,,main,False,False,unknown,False,False,False,False,False
512,GOOGL,2021-04-01,sell,False,True,True,False,ok,,strong_buy,1.39683,52.0,427.88712,430.0,515.0,334.22,3.051344406886474,False,False,False,True,True,2021-04-01,Wolfe Research,,,init,False,False,unknown,False,False,False,False,False
513,GOOGL,2021-04-01,sell,False,True,True,False,ok,,strong_buy,1.39683,52.0,427.88712,430.0,515.0,334.22,3.051344406886474,False,False,False,True,True,2021-04-01,Wolfe Research,,,init,False,False,unknown,False,False,False,False,False
514,AAPL,2021-04-01,buy,True,True,True,False,ok,,buy,1.95833,43.0,308.06512,310.0,400.0,215.0,1.5738331493925162,True,False,False,False,True,2021-03-31,UBS,,,up,False,False,unknown,False,False,False,False,False
515,META,2023-10-27,sell,False,True,True,False,ok,,strong_buy,1.34921,58.0,826.69104,825.0,1015.0,614.0,1.8078672903890527,False,False,False,True,True,2023-10-26,Keybanc,,,main,False,False,unknown,False,False,False,False,False
516,AMZN,2023-10-27,buy,True,True,True,False,ok,,strong_buy,1.34848,62.0,311.55145,317.0,370.0,207.0,1.4389498607339832,True,False,False,False,True,2023-10-27,Telsey Advisory Group,,,main,False,False,unknown,False,False,False,False,False
517,AMZN,2023-10-27,buy,True,True,True,False,ok,,strong_buy,1.34848,62.0,311.55145,317.0,370.0,207.0,1.4389498607339832,True,False,False,False,True,2023-10-27,Telsey Advisory Group,,,main,False,False,unknown,False,False,False,False,False
518,AAPL,2025-12-19,sell,True,True,True,False,ok,,buy,1.95833,43.0,308.06512,310.0,400.0,215.0,0.12777234472749321,False,False,False,True,True,2025-12-17,Morgan Stanley,,,main,False,False,unknown,False,False,False,False,False
519,AAPL,2025-12-19,sell,True,True,True,False,ok,,buy,1.95833,43.0,308.06512,310.0,400.0,215.0,0.12777234472749321,False,False,False,True,True,2025-12-17,Morgan Stanley,,,main,False,False,unknown,False,False,False,False,False
520,NVDA,2025-11-04,sell,True,True,True,False,ok,,strong_buy,1.29508,57.0,272.93738,275.0,380.0,140.0,0.37383539095100304,False,False,False,True,True,2025-11-03,Loop Capital,,,main,False,False,unknown,False,False,False,False,False
521,NVDA,2025-11-04,buy,True,True,True,False,ok,,strong_buy,1.29508,57.0,272.93738,275.0,380.0,140.0,0.37383539095100304,True,False,False,False,True,2025-11-03,Loop Capital,,,main,False,False,unknown,False,False,False,False,False
522,META,2025-11-04,sell,False,True,False,True,ok,,strong_buy,1.34921,58.0,826.69104,825.0,1015.0,614.0,0.3200179321752097,False,False,False,True,True,,,,,,,,,,,,,
523,GOOGL,2025-11-04,sell,False,True,True,False,ok,,strong_buy,1.39683,52.0,427.88712,430.0,515.0,334.22,0.5438077046953824,False,False,False,True,True,2025-10-30,B of A Securities,,,main,False,False,unknown,False,False,False,False,False
524,AMD,2025-09-29,buy,True,True,True,False,ok,,buy,1.5098,48.0,457.83334,474.0,625.0,225.0,1.8373409659656947,True,False,False,False,True,2025-09-09,HSBC,,,main,False,False,unknown,False,False,False,False,False
525,AAPL,2024-03-14,buy,True,True,True,False,ok,,buy,1.95833,43.0,308.06512,310.0,400.0,215.0,0.7985849881974671,True,False,False,False,True,2024-03-12,B of A Securities,,,reit,False,False,unknown,False,False,False,False,False
526,NVDA,2024-03-14,buy,True,True,True,False,ok,,strong_buy,1.29508,57.0,272.93738,275.0,380.0,140.0,2.105287965659109,True,False,False,False,True,2024-03-13,B of A Securities,,,main,False,False,unknown,False,False,False,False,False
527,AAPL,2023-11-02,buy,True,True,True,False,ok,,buy,1.95833,43.0,308.06512,310.0,400.0,215.0,0.7568433542142439,True,False,False,False,True,2023-11-01,Wedbush,,,reit,False,False,unknown,False,False,False,False,False
528,AAPL,2023-11-02,buy,True,True,True,False,ok,,buy,1.95833,43.0,308.06512,310.0,400.0,215.0,0.7568433542142439,True,False,False,False,True,2023-11-01,Wedbush,,,reit,False,False,unknown,False,False,False,False,False
529,AAPL,2023-11-02,buy,True,True,True,False,ok,,buy,1.95833,43.0,308.06512,310.0,400.0,215.0,0.7568433542142439,True,False,False,False,True,2023-11-01,Wedbush,,,reit,False,False,unknown,False,False,False,False,False
530,DIS,2023-11-02,buy,False,True,True,False,ok,,strong_buy,1.46667,29.0,130.66553,132.0,164.0,77.0,0.6057463919922097,True,False,False,False,True,2023-10-10,JP Morgan,,,main,False,False,unknown,False,False,False,False,False
531,MSFT,2026-04-13,buy,False,True,True,False,ok,,strong_buy,1.30909,54.0,561.5561,562.5,870.0,400.0,0.46097798250040745,True,False,False,False,True,2026-04-10,BNP Paribas,,,main,False,False,unknown,False,False,False,False,False
533,AAPL,2026-01-02,sell,True,True,True,False,ok,,buy,1.95833,43.0,308.06512,310.0,400.0,215.0,0.13884155215011562,False,False,False,True,True,2025-12-17,Morgan Stanley,,,main,False,False,unknown,False,False,False,False,False
534,AMZN,2024-01-26,buy,True,True,True,False,ok,,strong_buy,1.34848,62.0,311.55145,317.0,370.0,207.0,0.9579654321290729,True,False,False,False,True,2024-01-24,Telsey Advisory Group,,,main,False,False,unknown,False,False,False,False,False
535,NVDA,2024-01-26,buy,True,True,True,False,ok,,strong_buy,1.29508,57.0,272.93738,275.0,380.0,140.0,3.4748441734360025,True,False,False,False,True,2024-01-23,Cantor Fitzgerald,,,init,False,False,unknown,False,False,False,False,False
536,NVDA,2024-01-26,buy,True,True,True,False,ok,,strong_buy,1.29508,57.0,272.93738,275.0,380.0,140.0,3.4748441734360025,True,False,False,False,True,2024-01-23,Cantor Fitzgerald,,,init,False,False,unknown,False,False,False,False,False
537,MSFT,2024-01-26,buy,False,True,True,False,ok,,strong_buy,1.30909,54.0,561.5561,562.5,870.0,400.0,0.41417993246300244,True,False,False,False,True,2024-01-25,Piper Sandler,,,reit,False,False,unknown,False,False,False,False,False
538,AMZN,2026-04-09,buy,True,True,True,False,ok,,strong_buy,1.34848,62.0,311.55145,317.0,370.0,207.0,0.33341090579282806,True,False,False,False,True,2026-04-08,Cantor Fitzgerald,,,main,False,False,unknown,False,False,False,False,False
539,AMD,2025-09-18,buy,True,True,True,False,ok,,buy,1.5098,48.0,457.83334,474.0,625.0,225.0,1.899147323382075,True,False,False,False,True,2025-09-09,HSBC,,,main,False,False,unknown,False,False,False,False,False
540,AMZN,2020-07-13,buy,True,True,True,False,ok,,strong_buy,1.34848,62.0,311.55145,317.0,370.0,207.0,1.0074191760706,True,False,False,False,True,2020-07-13,Mizuho,,,main,False,False,unknown,False,False,False,False,False
541,AMZN,2020-07-13,buy,True,True,True,False,ok,,strong_buy,1.34848,62.0,311.55145,317.0,370.0,207.0,1.0074191760706,True,False,False,False,True,2020-07-13,Mizuho,,,main,False,False,unknown,False,False,False,False,False
542,AMZN,2025-09-29,buy,True,True,True,False,ok,,strong_buy,1.34848,62.0,311.55145,317.0,370.0,207.0,0.40231107965840684,True,False,False,False,True,2025-09-24,Wells Fargo,,,up,False,False,unknown,False,False,False,False,False
543,NVDA,2026-04-16,sell,True,True,True,False,ok,,strong_buy,1.29508,57.0,272.93738,275.0,380.0,140.0,0.37603918125194546,False,False,False,True,True,2026-03-31,Benchmark,,,reit,False,False,unknown,False,False,False,False,False
544,GOOGL,2023-12-07,buy,False,True,True,False,ok,,strong_buy,1.39683,52.0,427.88712,430.0,515.0,334.22,2.1506871349633334,True,False,False,False,True,2023-12-07,Roth MKM,,,main,False,False,unknown,False,False,False,False,False
545,NVDA,2025-10-03,buy,True,True,True,False,ok,,strong_buy,1.29508,57.0,272.93738,275.0,380.0,140.0,0.45489477141430723,True,False,False,False,True,2025-10-03,Cantor Fitzgerald,,,reit,False,False,unknown,False,False,False,False,False
546,AMZN,2023-12-01,buy,True,True,True,False,ok,,strong_buy,1.34848,62.0,311.55145,317.0,370.0,207.0,1.1189651947672408,True,False,False,False,True,2023-12-01,Wedbush,,,reit,False,False,unknown,False,False,False,False,False
547,AAPL,2025-02-20,sell,True,True,True,False,ok,,buy,1.95833,43.0,308.06512,310.0,400.0,215.0,0.25978466818215873,False,False,False,True,True,2025-02-19,Goldman Sachs,,,reit,False,False,unknown,False,False,False,False,False
548,TSLA,2025-11-19,buy,True,True,True,False,ok,,buy,2.3617,41.0,412.25366,450.0,600.0,123.0,0.020455134942404918,True,False,False,False,True,2025-11-17,Stifel,,,main,False,False,unknown,False,False,False,False,False
549,META,2026-04-13,buy,False,True,False,True,ok,,strong_buy,1.34921,58.0,826.69104,825.0,1015.0,614.0,0.30283990013216444,True,False,False,False,True,,,,,,,,,,,,,
550,NVDA,2025-11-24,buy,True,True,True,False,ok,,strong_buy,1.29508,57.0,272.93738,275.0,380.0,140.0,0.49530174469022814,True,False,False,False,True,2025-11-20,Bernstein,,,main,False,False,unknown,False,False,False,False,False
551,NVDA,2025-11-24,buy,True,True,True,False,ok,,strong_buy,1.29508,57.0,272.93738,275.0,380.0,140.0,0.49530174469022814,True,False,False,False,True,2025-11-20,Bernstein,,,main,False,False,unknown,False,False,False,False,False
552,MSFT,2025-11-24,buy,False,True,True,False,ok,,strong_buy,1.30909,54.0,561.5561,562.5,870.0,400.0,0.18742154180042125,True,False,False,False,True,2025-11-18,Rothschild & Co,,,down,False,False,unknown,False,False,False,False,False
553,PYPL,2025-09-17,buy,False,True,True,False,ok,,hold,2.88636,34.0,52.52618,48.0,147.39,32.0,-0.23044293414618067,False,False,True,False,False,2025-07-30,JMP Securities,,,main,False,False,unknown,False,False,False,False,False
554,META,2025-09-17,buy,False,True,True,False,ok,,strong_buy,1.34921,58.0,826.69104,825.0,1015.0,614.0,0.06821088769078054,True,False,False,False,True,2024-09-30,"Monness, Crespi, Hardt",,,main,False,False,unknown,False,False,False,False,False
555,AMZN,2021-04-08,sell,True,True,True,False,ok,,strong_buy,1.34848,62.0,311.55145,317.0,370.0,207.0,0.8885912582440381,False,False,False,True,True,2021-04-07,Piper Sandler,,,main,False,False,unknown,False,False,False,False,False
556,GOOGL,2021-04-08,sell,False,True,True,False,ok,,strong_buy,1.39683,52.0,427.88712,430.0,515.0,334.22,2.8341433879570723,False,False,False,True,True,2021-04-01,Wolfe Research,,,init,False,False,unknown,False,False,False,False,False
557,AAPL,2021-04-08,sell,True,True,True,False,ok,,buy,1.95833,43.0,308.06512,310.0,400.0,215.0,1.4285172724414816,False,False,False,True,True,2021-04-08,UBS,,,main,False,False,unknown,False,False,False,False,False
558,TSLA,2024-07-05,sell,True,True,True,False,ok,,buy,2.3617,41.0,412.25366,450.0,600.0,123.0,0.6390491928960973,False,False,False,True,True,2024-07-03,Goldman Sachs,,,main,False,False,unknown,False,False,False,False,False
559,NVDA,2024-07-05,buy,True,True,True,False,ok,,strong_buy,1.29508,57.0,272.93738,275.0,380.0,140.0,1.1701420172155732,True,False,False,False,True,2024-07-05,New Street Research,,,down,False,False,unknown,False,False,False,False,False
560,AMZN,2024-07-05,buy,True,True,True,False,ok,,strong_buy,1.34848,62.0,311.55145,317.0,370.0,207.0,0.5577572499999999,True,False,False,False,True,2024-07-01,Needham,,,reit,False,False,unknown,False,False,False,False,False
561,AAPL,2024-07-05,buy,True,True,True,False,ok,,buy,1.95833,43.0,308.06512,310.0,400.0,215.0,0.37286259106265796,True,False,False,False,True,2024-07-01,Needham,,,reit,False,False,unknown,False,False,False,False,False
562,HOOD,2026-03-25,buy,False,True,True,False,ok,,buy,1.92593,24.0,98.43792,97.5,155.0,52.0,0.35701569834043334,True,False,False,False,True,2026-03-13,Mizuho,,,main,False,False,unknown,False,False,False,False,False
563,HOOD,2026-03-25,buy,False,True,True,False,ok,,buy,1.92593,24.0,98.43792,97.5,155.0,52.0,0.35701569834043334,True,False,False,False,True,2026-03-13,Mizuho,,,main,False,False,unknown,False,False,False,False,False
564,HOOD,2026-03-25,sell,False,True,True,False,ok,,buy,1.92593,24.0,98.43792,97.5,155.0,52.0,0.35701569834043334,False,False,False,True,True,2026-03-13,Mizuho,,,main,False,False,unknown,False,False,False,False,False
565,GOOGL,2024-01-30,buy,False,True,True,False,ok,,strong_buy,1.39683,52.0,427.88712,430.0,515.0,334.22,1.8484326308976304,True,False,False,False,True,2024-01-29,Keybanc,,,main,False,False,unknown,False,False,False,False,False
566,GOOGL,2024-01-30,buy,False,True,True,False,ok,,strong_buy,1.39683,52.0,427.88712,430.0,515.0,334.22,1.8484326308976304,True,False,False,False,True,2024-01-29,Keybanc,,,main,False,False,unknown,False,False,False,False,False
567,TSLA,2026-04-07,sell,True,True,True,False,ok,,buy,2.3617,41.0,412.25366,450.0,600.0,123.0,0.18925044644052713,False,False,False,True,True,2026-04-06,Baird,,,main,False,False,unknown,False,False,False,False,False
568,AMZN,2021-07-19,buy,True,True,True,False,ok,,strong_buy,1.34848,62.0,311.55145,317.0,370.0,207.0,0.755422101868777,True,False,False,False,True,2021-06-28,Jefferies,,,main,False,False,unknown,False,False,False,False,False
569,PYPL,2025-10-15,buy,False,True,True,False,ok,,hold,2.88636,34.0,52.52618,48.0,147.39,32.0,-0.2231979111824699,False,False,True,False,False,2025-10-13,Goldman Sachs,,,down,False,False,unknown,False,False,False,False,False
570,GOOGL,2025-10-15,buy,False,True,True,False,ok,,strong_buy,1.39683,52.0,427.88712,430.0,515.0,334.22,0.7068414355309085,True,False,False,False,True,2025-10-09,BMO Capital,,,main,False,False,unknown,False,False,False,False,False
571,SOFI,2025-10-15,buy,False,True,True,False,ok,,hold,2.70833,20.0,21.1,18.5,31.0,12.0,-0.24723512368471712,False,False,True,False,False,2025-10-15,"Keefe, Bruyette & Woods",,,main,False,False,unknown,False,False,False,False,False
572,NVDA,2024-02-22,buy,True,True,True,False,ok,,strong_buy,1.29508,57.0,272.93738,275.0,380.0,140.0,2.4773510167931185,True,False,False,False,True,2024-02-22,Wedbush,,,main,False,False,unknown,False,False,False,False,False
573,PYPL,2025-10-29,buy,False,True,True,False,ok,,hold,2.88636,34.0,52.52618,48.0,147.39,32.0,-0.24214970521195,False,False,True,False,False,2025-10-29,UBS,,,main,False,False,unknown,False,False,False,False,False
574,PYPL,2025-10-29,buy,False,True,True,False,ok,,hold,2.88636,34.0,52.52618,48.0,147.39,32.0,-0.24214970521195,False,False,True,False,False,2025-10-29,UBS,,,main,False,False,unknown,False,False,False,False,False
575,PYPL,2025-10-29,buy,False,True,True,False,ok,,hold,2.88636,34.0,52.52618,48.0,147.39,32.0,-0.24214970521195,False,False,True,False,False,2025-10-29,UBS,,,main,False,False,unknown,False,False,False,False,False
576,PYPL,2025-10-29,buy,False,True,True,False,ok,,hold,2.88636,34.0,52.52618,48.0,147.39,32.0,-0.24214970521195,False,False,True,False,False,2025-10-29,UBS,,,main,False,False,unknown,False,False,False,False,False
577,NVDA,2025-10-29,buy,True,True,True,False,ok,,strong_buy,1.29508,57.0,272.93738,275.0,380.0,140.0,0.3184280524599097,True,False,False,False,True,2025-10-29,B of A Securities,,,main,False,False,unknown,False,False,False,False,False
578,MSFT,2023-05-31,buy,False,True,True,False,ok,,strong_buy,1.30909,54.0,561.5561,562.5,870.0,400.0,0.7467064428835535,True,False,False,False,True,2023-05-31,Piper Sandler,,,main,False,False,unknown,False,False,False,False,False
579,GOOGL,2023-05-31,buy,False,True,True,False,ok,,strong_buy,1.39683,52.0,427.88712,430.0,515.0,334.22,2.5112197021800116,True,False,False,False,True,2023-05-24,JMP Securities,,,main,False,False,unknown,False,False,False,False,False
580,PLTR,2026-03-31,buy,False,True,True,False,ok,,buy,1.90323,27.0,183.7289,200.0,255.0,70.0,0.2560083506508979,True,False,False,False,True,2026-03-25,Rosenblatt,,,main,False,False,unknown,False,False,False,False,False
581,AMD,2025-10-13,buy,True,True,True,False,ok,,buy,1.5098,48.0,457.83334,474.0,625.0,225.0,1.115485370453606,True,False,False,False,True,2025-10-13,Mizuho,,,main,False,False,unknown,False,False,False,False,False
582,AMC,2024-04-01,sell,False,True,True,False,ok,,hold,2.71429,6.0,2.03333,2.0,3.0,1.2,-0.3524426967934601,False,False,True,False,False,2024-02-23,Wedbush,,,reit,False,False,unknown,False,False,False,False,False
583,TSLA,2025-09-30,buy,True,True,True,False,ok,,buy,2.3617,41.0,412.25366,450.0,600.0,123.0,-0.07300400506293148,True,False,False,False,True,2025-09-30,Canaccord Genuity,,,main,False,False,unknown,False,False,False,False,False
584,NVDA,2025-09-15,buy,True,True,True,False,ok,,strong_buy,1.29508,57.0,272.93738,275.0,380.0,140.0,0.5356812958800181,True,False,False,False,True,2025-09-11,DA Davidson,,,up,False,False,unknown,False,False,False,False,False
585,MSFT,2023-10-25,buy,False,True,True,False,ok,,strong_buy,1.30909,54.0,561.5561,562.5,870.0,400.0,0.6801865377770708,True,False,False,False,True,2023-10-25,Piper Sandler,,,main,False,False,unknown,False,False,False,False,False
586,MSFT,2023-10-25,buy,False,True,True,False,ok,,strong_buy,1.30909,54.0,561.5561,562.5,870.0,400.0,0.6801865377770708,True,False,False,False,True,2023-10-25,Piper Sandler,,,main,False,False,unknown,False,False,False,False,False
587,NVDA,2025-01-27,buy,True,True,True,False,ok,,strong_buy,1.29508,57.0,272.93738,275.0,380.0,140.0,1.3055803943540991,True,False,False,False,True,2025-01-27,Cantor Fitzgerald,,,reit,False,False,unknown,False,False,False,False,False
588,TSLA,2024-04-26,buy,True,True,True,False,ok,,buy,2.3617,41.0,412.25366,450.0,600.0,123.0,1.4496623474164103,True,False,False,False,True,2024-04-25,Deutsche Bank,,,main,False,False,unknown,False,False,False,False,False
589,AAPL,2024-04-26,buy,True,True,True,False,ok,,buy,1.95833,43.0,308.06512,310.0,400.0,215.0,0.8378924994588102,True,False,False,False,True,2024-04-22,Morgan Stanley,,,main,False,False,unknown,False,False,False,False,False
590,AMZN,2024-04-26,buy,True,True,True,False,ok,,strong_buy,1.34848,62.0,311.55145,317.0,370.0,207.0,0.7345031648438578,True,False,False,False,True,2024-04-25,Telsey Advisory Group,,,main,False,False,unknown,False,False,False,False,False
591,NFLX,2024-04-26,buy,False,True,True,False,ok,,buy,1.68,44.0,114.555,115.0,151.4,80.0,1.0411417379244643,True,False,False,False,True,2024-04-19,Bernstein,,,main,False,False,unknown,False,False,False,False,False
592,NVDA,2024-04-26,sell,True,True,True,False,ok,,strong_buy,1.29508,57.0,272.93738,275.0,380.0,140.0,2.1126845982130003,False,False,False,True,True,2024-04-16,Evercore ISI Group,,,init,False,False,unknown,False,False,False,False,False
593,TSLA,2026-04-16,sell,True,True,True,False,ok,,buy,2.3617,41.0,412.25366,450.0,600.0,123.0,0.0600505694781055,False,False,False,True,True,2026-04-15,TD Cowen,,,main,False,False,unknown,False,False,False,False,False
594,NVDA,2025-11-13,sell,True,True,True,False,ok,,strong_buy,1.29508,57.0,272.93738,275.0,380.0,140.0,0.46081215594780844,False,False,False,True,True,2025-11-13,Oppenheimer,,,main,False,False,unknown,False,False,False,False,False
595,ROKU,2026-04-08,buy,False,True,True,False,ok,,strong_buy,1.48276,27.0,144.74074,150.0,170.0,95.0,0.4332185668054773,True,False,False,False,True,2026-04-06,Baird,,,main,False,False,unknown,False,False,False,False,False
596,MSFT,2025-10-07,buy,False,True,True,False,ok,,strong_buy,1.30909,54.0,561.5561,562.5,870.0,400.0,0.07616943189863723,True,False,False,False,True,2025-10-06,Wells Fargo,,,main,False,False,unknown,False,False,False,False,False
597,PYPL,2025-10-07,buy,False,True,True,False,ok,,hold,2.88636,34.0,52.52618,48.0,147.39,32.0,-0.2922261622925062,False,False,True,False,False,2025-10-03,Wolfe Research,,,down,False,False,unknown,False,False,False,False,False
598,NFLX,2025-10-07,buy,False,True,True,False,ok,,buy,1.68,44.0,114.555,115.0,151.4,80.0,-0.038209684653493614,True,False,False,False,True,2025-10-07,Seaport Global,,,up,False,False,unknown,False,False,False,False,False
599,AMD,2025-10-07,buy,True,True,True,False,ok,,buy,1.5098,48.0,457.83334,474.0,625.0,225.0,1.1645943543589992,True,False,False,False,True,2025-10-07,Jefferies,,,up,False,False,unknown,False,False,False,False,False
600,AMD,2025-10-07,buy,True,True,True,False,ok,,buy,1.5098,48.0,457.83334,474.0,625.0,225.0,1.1645943543589992,True,False,False,False,True,2025-10-07,Jefferies,,,up,False,False,unknown,False,False,False,False,False
601,AMZN,2025-10-07,buy,True,True,True,False,ok,,strong_buy,1.34848,62.0,311.55145,317.0,370.0,207.0,0.40477703902432904,True,False,False,False,True,2025-10-03,Goldman Sachs,,,main,False,False,unknown,False,False,False,False,False
602,AAPL,2024-03-15,buy,True,True,True,False,ok,,buy,1.95833,43.0,308.06512,310.0,400.0,215.0,0.8025444368900034,True,False,False,False,True,2024-03-12,B of A Securities,,,reit,False,False,unknown,False,False,False,False,False
603,AMZN,2025-03-26,buy,True,True,True,False,ok,,strong_buy,1.34848,62.0,311.55145,317.0,370.0,207.0,0.5490053320563684,True,False,False,False,True,2025-03-20,Citizens Capital Markets,,,reit,False,False,unknown,False,False,False,False,False
604,PYPL,2023-11-01,buy,False,True,True,False,ok,,hold,2.88636,34.0,52.52618,48.0,147.39,32.0,0.022202996191410307,False,False,True,False,False,2023-10-31,Wells Fargo,,,init,False,False,unknown,False,False,False,False,False
605,PYPL,2023-11-01,buy,False,True,True,False,ok,,hold,2.88636,34.0,52.52618,48.0,147.39,32.0,0.022202996191410307,False,False,True,False,False,2023-10-31,Wells Fargo,,,init,False,False,unknown,False,False,False,False,False
606,GOOGL,2025-10-07,buy,False,True,True,False,ok,,strong_buy,1.39683,52.0,427.88712,430.0,515.0,334.22,0.7434424960327712,True,False,False,False,True,2025-10-07,HSBC,,,init,False,False,unknown,False,False,False,False,False
607,META,2025-10-07,buy,False,True,False,True,ok,,strong_buy,1.34921,58.0,826.69104,825.0,1015.0,614.0,0.16126330158897817,True,False,False,False,True,,,,,,,,,,,,,
608,AMD,2024-08-01,buy,True,True,True,False,ok,,buy,1.5098,48.0,457.83334,474.0,625.0,225.0,2.4543033287440306,True,False,False,False,True,2024-07-31,Baird,,,main,False,False,unknown,False,False,False,False,False
609,NVDA,2024-08-01,buy,True,True,True,False,ok,,strong_buy,1.29508,57.0,272.93738,275.0,380.0,140.0,1.5004026406727955,True,False,False,False,True,2024-07-22,Piper Sandler,,,main,False,False,unknown,False,False,False,False,False
610,AMZN,2024-07-10,buy,True,True,True,False,ok,,strong_buy,1.34848,62.0,311.55145,317.0,370.0,207.0,0.5593946667479286,True,False,False,False,True,2024-07-10,TD Cowen,,,main,False,False,unknown,False,False,False,False,False
611,GOOGL,2024-07-10,buy,False,True,True,False,ok,,strong_buy,1.39683,52.0,427.88712,430.0,515.0,334.22,1.2540486206452512,True,False,False,False,True,2024-07-08,Wells Fargo,,,main,False,False,unknown,False,False,False,False,False
612,GOOGL,2026-04-16,buy,False,True,True,False,ok,,strong_buy,1.39683,52.0,427.88712,430.0,515.0,334.22,0.27339781557635323,True,False,False,False,True,2026-04-14,Citigroup,,,main,False,False,unknown,False,False,False,False,False
613,AMZN,2024-02-02,sell,True,True,True,False,ok,,strong_buy,1.34848,62.0,311.55145,317.0,370.0,207.0,0.8133487831157735,False,False,False,True,True,2024-02-02,Telsey Advisory Group,,,main,False,False,unknown,False,False,False,False,False
614,AMD,2025-09-22,buy,True,True,True,False,ok,,buy,1.5098,48.0,457.83334,474.0,625.0,225.0,1.8652190952919487,True,False,False,False,True,2025-09-09,HSBC,,,main,False,False,unknown,False,False,False,False,False
615,NVDA,2025-09-22,sell,True,True,True,False,ok,,strong_buy,1.29508,57.0,272.93738,275.0,380.0,140.0,0.4866692755165005,False,False,False,True,True,2025-09-11,DA Davidson,,,up,False,False,unknown,False,False,False,False,False
616,SOFI,2026-04-13,buy,False,True,True,False,ok,,hold,2.70833,20.0,21.1,18.5,31.0,12.0,0.23753671226777628,False,False,True,False,False,2026-04-09,"Keefe, Bruyette & Woods",,,main,False,False,unknown,False,False,False,False,False
617,TSLA,2024-01-19,buy,True,True,True,False,ok,,buy,2.3617,41.0,412.25366,450.0,600.0,123.0,0.942851478659269,True,False,False,False,True,2024-01-18,Barclays,,,main,False,False,unknown,False,False,False,False,False
618,PYPL,2024-01-19,buy,False,True,True,False,ok,,hold,2.88636,34.0,52.52618,48.0,147.39,32.0,-0.19770567243414416,False,False,True,False,False,2024-01-16,Mizuho,,,down,False,False,unknown,False,False,False,False,False
619,TSLA,2024-02-22,sell,True,True,True,False,ok,,buy,2.3617,41.0,412.25366,450.0,600.0,123.0,1.0883119008782405,False,False,False,True,True,2024-02-06,Daiwa Capital,,,down,False,False,unknown,False,False,False,False,False
620,AMD,2025-10-28,sell,True,True,True,False,ok,,buy,1.5098,48.0,457.83334,474.0,625.0,225.0,0.7744789840359043,False,False,False,True,True,2025-10-17,B of A Securities,,,main,False,False,unknown,False,False,False,False,False
621,GOOGL,2023-11-27,buy,False,True,True,False,ok,,strong_buy,1.39683,52.0,427.88712,430.0,515.0,334.22,2.162697539816511,True,False,False,False,True,2023-11-21,Tigress Financial,,,main,False,False,unknown,False,False,False,False,False
622,NVDA,2024-02-02,buy,True,True,True,False,ok,,strong_buy,1.29508,57.0,272.93738,275.0,380.0,140.0,3.127936060297066,True,False,False,False,True,2024-01-29,Cantor Fitzgerald,,,reit,False,False,unknown,False,False,False,False,False
623,AAPL,2024-02-02,buy,True,True,True,False,ok,,buy,1.95833,43.0,308.06512,310.0,400.0,215.0,0.6763637624781613,True,False,False,False,True,2024-02-02,Needham,,,reit,False,False,unknown,False,False,False,False,False
624,AMZN,2024-02-02,buy,True,True,True,False,ok,,strong_buy,1.34848,62.0,311.55145,317.0,370.0,207.0,0.8133487831157735,True,False,False,False,True,2024-02-02,Telsey Advisory Group,,,main,False,False,unknown,False,False,False,False,False
625,AMD,2025-09-25,buy,True,True,True,False,ok,,buy,1.5098,48.0,457.83334,474.0,625.0,225.0,1.8389243372654969,True,False,False,False,True,2025-09-09,HSBC,,,main,False,False,unknown,False,False,False,False,False
626,PYPL,2025-10-01,buy,False,True,True,False,ok,,hold,2.88636,34.0,52.52618,48.0,147.39,32.0,-0.207815687177065,False,False,True,False,False,2025-07-30,JMP Securities,,,main,False,False,unknown,False,False,False,False,False
627,TSLA,2025-09-15,buy,True,True,True,False,ok,,buy,2.3617,41.0,412.25366,450.0,600.0,123.0,0.005398623082985443,True,False,False,False,True,2025-09-15,Wedbush,,,reit,False,False,unknown,False,False,False,False,False
628,TSLA,2025-09-15,buy,True,True,True,False,ok,,buy,2.3617,41.0,412.25366,450.0,600.0,123.0,0.005398623082985443,True,False,False,False,True,2025-09-15,Wedbush,,,reit,False,False,unknown,False,False,False,False,False
629,NVDA,2025-09-15,buy,True,True,True,False,ok,,strong_buy,1.29508,57.0,272.93738,275.0,380.0,140.0,0.5356812958800181,True,False,False,False,True,2025-09-11,DA Davidson,,,up,False,False,unknown,False,False,False,False,False
630,NVDA,2025-09-15,sell,True,True,True,False,ok,,strong_buy,1.29508,57.0,272.93738,275.0,380.0,140.0,0.5356812958800181,False,False,False,True,True,2025-09-11,DA Davidson,,,up,False,False,unknown,False,False,False,False,False
631,NVDA,2025-11-03,sell,True,True,True,False,ok,,strong_buy,1.29508,57.0,272.93738,275.0,380.0,140.0,0.31944775645278,False,False,False,True,True,2025-11-03,Loop Capital,,,main,False,False,unknown,False,False,False,False,False
632,GOOGL,2023-10-27,sell,False,True,True,False,ok,,strong_buy,1.39683,52.0,427.88712,430.0,515.0,334.22,2.5313383872498605,False,False,False,True,True,2023-10-25,Keybanc,,,main,False,False,unknown,False,False,False,False,False
633,AAPL,2023-10-27,buy,True,True,True,False,ok,,buy,1.95833,43.0,308.06512,310.0,400.0,215.0,0.8544921849187037,True,False,False,False,True,2023-10-24,B of A Securities,,,reit,False,False,unknown,False,False,False,False,False
634,DIS,2023-10-27,buy,False,True,True,False,ok,,strong_buy,1.46667,29.0,130.66553,132.0,164.0,77.0,0.6859022797343362,True,False,False,False,True,2023-10-10,JP Morgan,,,main,False,False,unknown,False,False,False,False,False
635,GOOGL,2022-08-23,buy,False,True,True,False,ok,,strong_buy,1.39683,52.0,427.88712,430.0,515.0,334.22,2.7890704229895227,True,False,False,False,True,2022-08-03,Tigress Financial,,,main,False,False,unknown,False,False,False,False,False
636,AMZN,2023-10-27,sell,True,True,True,False,ok,,strong_buy,1.34848,62.0,311.55145,317.0,370.0,207.0,1.4389498607339832,False,False,False,True,True,2023-10-27,Telsey Advisory Group,,,main,False,False,unknown,False,False,False,False,False
637,PYPL,2025-10-03,buy,False,True,True,False,ok,,hold,2.88636,34.0,52.52618,48.0,147.39,32.0,-0.2374439395396738,False,False,True,False,False,2025-10-03,Wolfe Research,,,down,False,False,unknown,False,False,False,False,False
638,NVDA,2025-10-03,buy,True,True,True,False,ok,,strong_buy,1.29508,57.0,272.93738,275.0,380.0,140.0,0.45489477141430723,True,False,False,False,True,2025-10-03,Cantor Fitzgerald,,,reit,False,False,unknown,False,False,False,False,False
639,AAPL,2021-05-04,buy,True,True,True,False,ok,,buy,1.95833,43.0,308.06512,310.0,400.0,215.0,1.4761947735071081,True,False,False,False,True,2021-04-29,Goldman Sachs,,,up,False,False,unknown,False,False,False,False,False
640,SOFI,2025-10-20,sell,False,True,True,False,ok,,hold,2.70833,20.0,21.1,18.5,31.0,12.0,-0.26429568425798944,False,False,True,False,False,2025-10-15,"Keefe, Bruyette & Woods",,,main,False,False,unknown,False,False,False,False,False
641,META,2025-10-20,buy,False,True,False,True,ok,,strong_buy,1.34921,58.0,826.69104,825.0,1015.0,614.0,0.13098550710580414,True,False,False,False,True,,,,,,,,,,,,,
642,PYPL,2025-10-20,buy,False,True,True,False,ok,,hold,2.88636,34.0,52.52618,48.0,147.39,32.0,-0.23689293841340464,False,False,True,False,False,2025-10-13,Goldman Sachs,,,down,False,False,unknown,False,False,False,False,False
643,AMZN,2024-08-12,buy,True,True,True,False,ok,,strong_buy,1.34848,62.0,311.55145,317.0,370.0,207.0,0.8678144142678823,True,False,False,False,True,2024-08-06,Morgan Stanley,,,main,False,False,unknown,False,False,False,False,False
644,GOOGL,2024-08-12,buy,False,True,True,False,ok,,strong_buy,1.39683,52.0,427.88712,430.0,515.0,334.22,1.655302549401989,True,False,False,False,True,2024-08-06,Needham,,,reit,False,False,unknown,False,False,False,False,False
645,AAPL,2024-08-12,buy,True,True,True,False,ok,,buy,1.95833,43.0,308.06512,310.0,400.0,215.0,0.4268122121157254,True,False,False,False,True,2024-08-06,Morgan Stanley,,,main,False,False,unknown,False,False,False,False,False
646,TSLA,2024-08-12,buy,True,True,True,False,ok,,buy,2.3617,41.0,412.25366,450.0,600.0,123.0,1.0874659402157434,True,False,False,False,True,2024-08-08,RBC Capital,,,main,False,False,unknown,False,False,False,False,False
647,NVDA,2025-09-12,buy,True,True,True,False,ok,,strong_buy,1.29508,57.0,272.93738,275.0,380.0,140.0,0.5350767670952048,True,False,False,False,True,2025-09-11,DA Davidson,,,up,False,False,unknown,False,False,False,False,False
648,AMZN,2025-10-23,buy,True,True,True,False,ok,,strong_buy,1.34848,62.0,311.55145,317.0,370.0,207.0,0.40916122466191385,True,False,False,False,True,2025-10-22,Benchmark,,,reit,False,False,unknown,False,False,False,False,False
649,NFLX,2024-01-23,buy,False,True,True,False,ok,,buy,1.68,44.0,114.555,115.0,151.4,80.0,1.3274547609736,True,False,False,False,True,2024-01-19,Benchmark,,,main,False,False,unknown,False,False,False,False,False
650,NFLX,2024-01-23,buy,False,True,True,False,ok,,buy,1.68,44.0,114.555,115.0,151.4,80.0,1.3274547609736,True,False,False,False,True,2024-01-19,Benchmark,,,main,False,False,unknown,False,False,False,False,False
651,GOOGL,2023-12-11,sell,False,True,True,False,ok,,strong_buy,1.39683,52.0,427.88712,430.0,515.0,334.22,2.236729385112828,False,False,False,True,True,2023-12-07,Roth MKM,,,main,False,False,unknown,False,False,False,False,False
652,NVDA,2025-11-03,buy,True,True,True,False,ok,,strong_buy,1.29508,57.0,272.93738,275.0,380.0,140.0,0.31944775645278,True,False,False,False,True,2025-11-03,Loop Capital,,,main,False,False,unknown,False,False,False,False,False
653,NVDA,2025-11-03,buy,True,True,True,False,ok,,strong_buy,1.29508,57.0,272.93738,275.0,380.0,140.0,0.31944775645278,True,False,False,False,True,2025-11-03,Loop Capital,,,main,False,False,unknown,False,False,False,False,False
654,NVDA,2025-11-03,buy,True,True,True,False,ok,,strong_buy,1.29508,57.0,272.93738,275.0,380.0,140.0,0.31944775645278,True,False,False,False,True,2025-11-03,Loop Capital,,,main,False,False,unknown,False,False,False,False,False
655,NVDA,2023-12-04,buy,True,True,True,False,ok,,strong_buy,1.29508,57.0,272.93738,275.0,380.0,140.0,5.001498807710691,True,False,False,False,True,2023-11-22,Needham,,,reit,False,False,unknown,False,False,False,False,False
656,NVDA,2023-12-04,buy,True,True,True,False,ok,,strong_buy,1.29508,57.0,272.93738,275.0,380.0,140.0,5.001498807710691,True,False,False,False,True,2023-11-22,Needham,,,reit,False,False,unknown,False,False,False,False,False
657,NVDA,2023-12-04,buy,True,True,True,False,ok,,strong_buy,1.29508,57.0,272.93738,275.0,380.0,140.0,5.001498807710691,True,False,False,False,True,2023-11-22,Needham,,,reit,False,False,unknown,False,False,False,False,False
658,NVDA,2023-12-04,buy,True,True,True,False,ok,,strong_buy,1.29508,57.0,272.93738,275.0,380.0,140.0,5.001498807710691,True,False,False,False,True,2023-11-22,Needham,,,reit,False,False,unknown,False,False,False,False,False
659,NVDA,2024-04-16,sell,True,True,True,False,ok,,strong_buy,1.29508,57.0,272.93738,275.0,380.0,140.0,2.1240796394856925,False,False,False,True,True,2024-04-16,Evercore ISI Group,,,init,False,False,unknown,False,False,False,False,False
660,NVDA,2025-03-04,sell,True,True,True,False,ok,,strong_buy,1.29508,57.0,272.93738,275.0,380.0,140.0,1.353882243101785,False,False,False,True,True,2025-02-27,Rosenblatt,,,main,False,False,unknown,False,False,False,False,False
661,NVDA,2024-07-01,buy,True,True,True,False,ok,,strong_buy,1.29508,57.0,272.93738,275.0,380.0,140.0,1.196853938208347,True,False,False,False,True,2024-07-01,Morgan Stanley,,,main,False,False,unknown,False,False,False,False,False
662,AMZN,2023-12-15,buy,True,True,True,False,ok,,strong_buy,1.34848,62.0,311.55145,317.0,370.0,207.0,1.0774251347874952,True,False,False,False,True,2023-12-01,Wedbush,,,reit,False,False,unknown,False,False,False,False,False
663,NFLX,2023-12-15,buy,False,True,True,False,ok,,buy,1.68,44.0,114.555,115.0,151.4,80.0,1.426704166622895,True,False,False,False,True,2023-10-19,Keybanc,,,up,False,False,unknown,False,False,False,False,False
664,NFLX,2023-12-15,buy,False,True,True,False,ok,,buy,1.68,44.0,114.555,115.0,151.4,80.0,1.426704166622895,True,False,False,False,True,2023-10-19,Keybanc,,,up,False,False,unknown,False,False,False,False,False
665,PYPL,2023-12-15,buy,False,True,True,False,ok,,hold,2.88636,34.0,52.52618,48.0,147.39,32.0,-0.13798545645269977,False,False,True,False,False,2023-12-07,Evercore ISI Group,,,reit,False,False,unknown,False,False,False,False,False
666,GOOGL,2023-12-15,buy,False,True,True,False,ok,,strong_buy,1.39683,52.0,427.88712,430.0,515.0,334.22,2.253571658122399,True,False,False,False,True,2023-12-07,Roth MKM,,,main,False,False,unknown,False,False,False,False,False
667,TSLA,2023-12-15,buy,True,True,True,False,ok,,buy,2.3617,41.0,412.25366,450.0,600.0,123.0,0.6262471794871796,True,False,False,False,True,2023-12-15,Guggenheim,,,main,False,False,unknown,False,False,False,False,False
668,GOOGL,2025-11-24,buy,False,True,True,False,ok,,strong_buy,1.39683,52.0,427.88712,430.0,515.0,334.22,0.3449320271123464,True,False,False,False,True,2025-11-24,BNP Paribas Exane,,,init,False,False,unknown,False,False,False,False,False
669,META,2022-06-06,buy,False,True,True,False,ok,,strong_buy,1.34921,58.0,826.69104,825.0,1015.0,614.0,3.2892073019442902,True,False,False,False,True,2022-06-02,Piper Sandler,,,main,False,False,unknown,False,False,False,False,False
670,META,2022-06-06,buy,False,True,True,False,ok,,strong_buy,1.34921,58.0,826.69104,825.0,1015.0,614.0,3.2892073019442902,True,False,False,False,True,2022-06-02,Piper Sandler,,,main,False,False,unknown,False,False,False,False,False
671,META,2022-06-06,buy,False,True,True,False,ok,,strong_buy,1.34921,58.0,826.69104,825.0,1015.0,614.0,3.2892073019442902,True,False,False,False,True,2022-06-02,Piper Sandler,,,main,False,False,unknown,False,False,False,False,False
672,MSFT,2022-06-06,buy,False,True,True,False,ok,,strong_buy,1.30909,54.0,561.5561,562.5,870.0,400.0,1.1549603053401145,True,False,False,False,True,2022-05-23,Jefferies,,,main,False,False,unknown,False,False,False,False,False
673,MSFT,2022-06-06,buy,False,True,True,False,ok,,strong_buy,1.30909,54.0,561.5561,562.5,870.0,400.0,1.1549603053401145,True,False,False,False,True,2022-05-23,Jefferies,,,main,False,False,unknown,False,False,False,False,False
674,GOOGL,2022-06-06,buy,False,True,True,False,ok,,strong_buy,1.39683,52.0,427.88712,430.0,515.0,334.22,2.693046875328172,True,False,False,False,True,2022-06-02,Piper Sandler,,,main,False,False,unknown,False,False,False,False,False
675,AMZN,2022-06-06,buy,True,True,True,False,ok,,strong_buy,1.34848,62.0,311.55145,317.0,370.0,207.0,1.496605879592027,True,False,False,False,True,2022-06-06,Morgan Stanley,,,main,False,False,unknown,False,False,False,False,False
676,AMZN,2022-06-06,buy,True,True,True,False,ok,,strong_buy,1.34848,62.0,311.55145,317.0,370.0,207.0,1.496605879592027,True,False,False,False,True,2022-06-06,Morgan Stanley,,,main,False,False,unknown,False,False,False,False,False
677,NVDA,2024-09-16,buy,True,True,True,False,ok,,strong_buy,1.29508,57.0,272.93738,275.0,380.0,140.0,1.3381199207268724,True,False,False,False,True,2024-09-05,B of A Securities,,,reit,False,False,unknown,False,False,False,False,False
678,AAPL,2024-09-16,buy,True,True,True,False,ok,,buy,1.95833,43.0,308.06512,310.0,400.0,215.0,0.43479322607597815,True,False,False,False,True,2024-09-16,Evercore ISI Group,,,reit,False,False,unknown,False,False,False,False,False
679,NFLX,2024-09-16,sell,False,True,True,False,ok,,buy,1.68,44.0,114.555,115.0,151.4,80.0,0.644723582058162,False,False,False,True,True,2024-08-30,Pivotal Research,,,main,False,False,unknown,False,False,False,False,False
680,PYPL,2025-11-24,buy,False,True,True,False,ok,,hold,2.88636,34.0,52.52618,48.0,147.39,32.0,-0.13003282068700595,False,False,True,False,False,2025-11-04,Truist Securities,,,main,False,False,unknown,False,False,False,False,False
681,NVDA,2024-08-09,sell,True,True,True,False,ok,,strong_buy,1.29508,57.0,272.93738,275.0,380.0,140.0,1.606863810405391,False,False,False,True,True,2024-08-06,New Street Research,,,up,False,False,unknown,False,False,False,False,False
682,TSLA,2024-08-09,sell,True,True,True,False,ok,,buy,2.3617,41.0,412.25366,450.0,600.0,123.0,1.0612683,False,False,False,True,True,2024-08-08,RBC Capital,,,main,False,False,unknown,False,False,False,False,False
683,PYPL,2025-11-20,buy,False,True,True,False,ok,,hold,2.88636,34.0,52.52618,48.0,147.39,32.0,-0.0932757468016876,False,False,True,False,False,2025-11-04,Truist Securities,,,main,False,False,unknown,False,False,False,False,False
684,UBER,2024-05-13,buy,False,True,True,False,ok,,buy,1.51923,50.0,104.9312,107.0,150.0,70.0,0.5893851156537457,True,False,False,False,True,2024-05-10,Roth MKM,,,reit,False,False,unknown,False,False,False,False,False
685,NVDA,2025-12-31,buy,True,True,True,False,ok,,strong_buy,1.29508,57.0,272.93738,275.0,380.0,140.0,0.4635503563328587,True,False,False,False,True,2025-12-29,Truist Securities,,,reit,False,False,unknown,False,False,False,False,False
686,AMD,2025-12-22,buy,True,True,True,False,ok,,buy,1.5098,48.0,457.83334,474.0,625.0,225.0,1.1299527634338218,True,False,False,False,True,2025-12-19,Truist Securities,,,main,False,False,unknown,False,False,False,False,False
687,META,2025-11-24,buy,False,True,False,True,ok,,strong_buy,1.34921,58.0,826.69104,825.0,1015.0,614.0,0.35074402326176735,True,False,False,False,True,,,,,,,,,,,,,
688,UBER,2024-11-05,buy,False,True,True,False,ok,,buy,1.51923,50.0,104.9312,107.0,150.0,70.0,0.4151206721604481,True,False,False,False,True,2024-11-01,JMP Securities,,,main,False,False,unknown,False,False,False,False,False
689,SOFI,2025-11-13,buy,False,True,True,False,ok,,hold,2.70833,20.0,21.1,18.5,31.0,12.0,-0.2567805405556478,False,False,True,False,False,2025-11-04,Truist Securities,,,main,False,False,unknown,False,False,False,False,False
690,AMZN,2024-06-14,buy,True,True,True,False,ok,,strong_buy,1.34848,62.0,311.55145,317.0,370.0,207.0,0.6963489262103053,True,False,False,False,True,2024-05-30,Tigress Financial,,,main,False,False,unknown,False,False,False,False,False
691,GOOGL,2024-06-14,buy,False,True,True,False,ok,,strong_buy,1.39683,52.0,427.88712,430.0,515.0,334.22,1.4375191707326738,True,False,False,False,True,2024-06-11,Evercore ISI Group,,,main,False,False,unknown,False,False,False,False,False
692,SOFI,2026-04-20,buy,False,True,True,False,ok,,hold,2.70833,20.0,21.1,18.5,31.0,12.0,0.0820512820512822,False,False,True,False,False,2026-04-15,Argus Research,,,init,False,False,unknown,False,False,False,False,False
693,SOFI,2026-04-20,buy,False,True,True,False,ok,,hold,2.70833,20.0,21.1,18.5,31.0,12.0,0.0820512820512822,False,False,True,False,False,2026-04-15,Argus Research,,,init,False,False,unknown,False,False,False,False,False
694,GOOGL,2025-11-28,sell,False,True,True,False,ok,,strong_buy,1.39683,52.0,427.88712,430.0,515.0,334.22,0.3382111049586234,False,False,False,True,True,2025-11-25,DA Davidson,,,main,False,False,unknown,False,False,False,False,False
695,META,2025-11-28,buy,False,True,False,True,ok,,strong_buy,1.34921,58.0,826.69104,825.0,1015.0,614.0,0.27798999228554666,True,False,False,False,True,,,,,,,,,,,,,
696,NVDA,2025-01-23,buy,True,True,True,False,ok,,strong_buy,1.29508,57.0,272.93738,275.0,380.0,140.0,0.8545496535196813,True,False,False,False,True,2025-01-17,Barclays,,,main,False,False,unknown,False,False,False,False,False
697,NFLX,2025-01-23,sell,False,True,True,False,ok,,buy,1.68,44.0,114.555,115.0,151.4,80.0,0.16316024540550278,False,False,False,True,True,2025-01-23,Wolfe Research,,,up,False,False,unknown,False,False,False,False,False
698,AMZN,2024-10-25,buy,True,True,True,False,ok,,strong_buy,1.34848,62.0,311.55145,317.0,370.0,207.0,0.658688425506313,True,False,False,False,True,2024-10-24,Needham,,,reit,False,False,unknown,False,False,False,False,False
699,AMZN,2024-10-25,buy,True,True,True,False,ok,,strong_buy,1.34848,62.0,311.55145,317.0,370.0,207.0,0.658688425506313,True,False,False,False,True,2024-10-24,Needham,,,reit,False,False,unknown,False,False,False,False,False
700,TSLA,2024-10-25,buy,True,True,True,False,ok,,buy,2.3617,41.0,412.25366,450.0,600.0,123.0,0.5314597728782071,True,False,False,False,True,2024-10-25,Piper Sandler,,,main,False,False,unknown,False,False,False,False,False
701,NVDA,2024-10-31,buy,True,True,True,False,ok,,strong_buy,1.29508,57.0,272.93738,275.0,380.0,140.0,1.0566857357207469,True,False,False,False,True,2024-10-18,B of A Securities,,,main,False,False,unknown,False,False,False,False,False
702,NVDA,2024-10-18,buy,True,True,True,False,ok,,strong_buy,1.29508,57.0,272.93738,275.0,380.0,140.0,0.9785914087577927,True,False,False,False,True,2024-10-18,B of A Securities,,,main,False,False,unknown,False,False,False,False,False
703,MSFT,2025-02-13,buy,False,True,True,False,ok,,strong_buy,1.30909,54.0,561.5561,562.5,870.0,400.0,0.3810828684683647,True,False,False,False,True,2025-01-30,JP Morgan,,,reit,False,False,unknown,False,False,False,False,False
704,MSFT,2025-02-13,buy,False,True,True,False,ok,,strong_buy,1.30909,54.0,561.5561,562.5,870.0,400.0,0.3810828684683647,True,False,False,False,True,2025-01-30,JP Morgan,,,reit,False,False,unknown,False,False,False,False,False
705,AAPL,2025-02-13,sell,True,True,True,False,ok,,buy,1.95833,43.0,308.06512,310.0,400.0,215.0,0.28221277893908137,False,False,False,True,True,2025-01-31,TD Cowen,,,main,False,False,unknown,False,False,False,False,False
706,NVDA,2024-08-30,buy,True,True,True,False,ok,,strong_buy,1.29508,57.0,272.93738,275.0,380.0,140.0,1.287584556175215,True,False,False,False,True,2024-08-29,Mizuho,,,main,False,False,unknown,False,False,False,False,False
707,NVDA,2024-08-30,buy,True,True,True,False,ok,,strong_buy,1.29508,57.0,272.93738,275.0,380.0,140.0,1.287584556175215,True,False,False,False,True,2024-08-29,Mizuho,,,main,False,False,unknown,False,False,False,False,False
708,AMZN,2024-08-30,buy,True,True,True,False,ok,,strong_buy,1.34848,62.0,311.55145,317.0,370.0,207.0,0.7453862745098039,True,False,False,False,True,2024-08-26,Wells Fargo,,,main,False,False,unknown,False,False,False,False,False
709,AMZN,2024-08-30,buy,True,True,True,False,ok,,strong_buy,1.34848,62.0,311.55145,317.0,370.0,207.0,0.7453862745098039,True,False,False,False,True,2024-08-26,Wells Fargo,,,main,False,False,unknown,False,False,False,False,False
710,MSFT,2024-08-30,buy,False,True,True,False,ok,,strong_buy,1.30909,54.0,561.5561,562.5,870.0,400.0,0.36195207634540827,True,False,False,False,True,2024-07-31,Piper Sandler,,,main,False,False,unknown,False,False,False,False,False
711,AMD,2025-12-19,sell,True,True,True,False,ok,,buy,1.5098,48.0,457.83334,474.0,625.0,225.0,1.1451218465601913,False,False,False,True,True,2025-12-19,Truist Securities,,,main,False,False,unknown,False,False,False,False,False
712,AMD,2025-11-14,buy,True,True,True,False,ok,,buy,1.5098,48.0,457.83334,474.0,625.0,225.0,0.8550032191921579,True,False,False,False,True,2025-11-12,Evercore ISI Group,,,main,False,False,unknown,False,False,False,False,False
713,GOOGL,2025-11-14,buy,False,True,True,False,ok,,strong_buy,1.39683,52.0,427.88712,430.0,515.0,334.22,0.5501190585371218,True,False,False,False,True,2025-11-10,Freedom Broker,,,main,False,False,unknown,False,False,False,False,False
714,GOOGL,2025-11-14,buy,False,True,True,False,ok,,strong_buy,1.39683,52.0,427.88712,430.0,515.0,334.22,0.5501190585371218,True,False,False,False,True,2025-11-10,Freedom Broker,,,main,False,False,unknown,False,False,False,False,False
715,UBER,2025-11-14,buy,False,True,True,False,ok,,buy,1.51923,50.0,104.9312,107.0,150.0,70.0,0.145287020894731,True,False,False,False,True,2025-11-05,DA Davidson,,,main,False,False,unknown,False,False,False,False,False
716,META,2025-11-14,buy,False,True,False,True,ok,,strong_buy,1.34921,58.0,826.69104,825.0,1015.0,614.0,0.35870047916477965,True,False,False,False,True,,,,,,,,,,,,,
717,META,2025-11-14,buy,False,True,False,True,ok,,strong_buy,1.34921,58.0,826.69104,825.0,1015.0,614.0,0.35870047916477965,True,False,False,False,True,,,,,,,,,,,,,
718,SOFI,2025-11-14,buy,False,True,True,False,ok,,hold,2.70833,20.0,21.1,18.5,31.0,12.0,-0.2415528313637776,False,False,True,False,False,2025-11-04,Truist Securities,,,main,False,False,unknown,False,False,False,False,False
719,NVDA,2025-11-14,buy,True,True,True,False,ok,,strong_buy,1.29508,57.0,272.93738,275.0,380.0,140.0,0.4353859436719789,True,False,False,False,True,2025-11-14,Morgan Stanley,,,main,False,False,unknown,False,False,False,False,False
720,AMD,2025-01-10,buy,True,True,True,False,ok,,buy,1.5098,48.0,457.83334,474.0,625.0,225.0,2.9454785969304247,True,False,False,False,True,2025-01-10,Goldman Sachs,,,down,False,False,unknown,False,False,False,False,False
721,TSLA,2024-10-11,sell,True,True,True,False,ok,,buy,2.3617,41.0,412.25366,450.0,600.0,123.0,0.8928083297686291,False,False,False,True,True,2024-10-11,Needham,,,reit,False,False,unknown,False,False,False,False,False
722,TSLA,2024-10-11,sell,True,True,True,False,ok,,buy,2.3617,41.0,412.25366,450.0,600.0,123.0,0.8928083297686291,False,False,False,True,True,2024-10-11,Needham,,,reit,False,False,unknown,False,False,False,False,False
723,AAPL,2024-10-11,buy,True,True,True,False,ok,,buy,1.95833,43.0,308.06512,310.0,400.0,215.0,0.36398354440982317,True,False,False,False,True,2024-10-03,B of A Securities,,,reit,False,False,unknown,False,False,False,False,False
724,AMZN,2024-10-11,buy,True,True,True,False,ok,,strong_buy,1.34848,62.0,311.55145,317.0,370.0,207.0,0.6499917271215954,True,False,False,False,True,2024-10-11,Pivotal Research,,,init,False,False,unknown,False,False,False,False,False
725,NVDA,2024-10-11,sell,True,True,True,False,ok,,strong_buy,1.29508,57.0,272.93738,275.0,380.0,140.0,1.0255609217924957,False,False,False,True,True,2024-10-11,Goldman Sachs,,,main,False,False,unknown,False,False,False,False,False
726,GOOGL,2024-10-11,buy,False,True,True,False,ok,,strong_buy,1.39683,52.0,427.88712,430.0,515.0,334.22,1.636350895366184,True,False,False,False,True,2024-10-09,BMO Capital,,,reit,False,False,unknown,False,False,False,False,False
727,GOOGL,2024-10-11,buy,False,True,True,False,ok,,strong_buy,1.39683,52.0,427.88712,430.0,515.0,334.22,1.636350895366184,True,False,False,False,True,2024-10-09,BMO Capital,,,reit,False,False,unknown,False,False,False,False,False
728,NVDA,2024-02-26,buy,True,True,True,False,ok,,strong_buy,1.29508,57.0,272.93738,275.0,380.0,140.0,2.4529937527946517,True,False,False,False,True,2024-02-22,Wedbush,,,main,False,False,unknown,False,False,False,False,False
729,NVDA,2024-02-26,buy,True,True,True,False,ok,,strong_buy,1.29508,57.0,272.93738,275.0,380.0,140.0,2.4529937527946517,True,False,False,False,True,2024-02-22,Wedbush,,,main,False,False,unknown,False,False,False,False,False
730,MSFT,2024-01-31,buy,False,True,True,False,ok,,strong_buy,1.30909,54.0,561.5561,562.5,870.0,400.0,0.4367665672622576,True,False,False,False,True,2024-01-31,Barclays,,,main,False,False,unknown,False,False,False,False,False
731,GOOGL,2024-01-31,buy,False,True,True,False,ok,,strong_buy,1.39683,52.0,427.88712,430.0,515.0,334.22,2.0793978886903823,True,False,False,False,True,2024-01-31,Barclays,,,main,False,False,unknown,False,False,False,False,False
732,GOOGL,2024-01-31,buy,False,True,True,False,ok,,strong_buy,1.39683,52.0,427.88712,430.0,515.0,334.22,2.0793978886903823,True,False,False,False,True,2024-01-31,Barclays,,,main,False,False,unknown,False,False,False,False,False
733,UBER,2025-12-08,buy,False,True,True,False,ok,,buy,1.51923,50.0,104.9312,107.0,150.0,70.0,0.13353354592121636,True,False,False,False,True,2025-12-08,Morgan Stanley,,,main,False,False,unknown,False,False,False,False,False
734,NVDA,2025-11-20,buy,True,True,True,False,ok,,strong_buy,1.29508,57.0,272.93738,275.0,380.0,140.0,0.5111124667438196,True,False,False,False,True,2025-11-20,Bernstein,,,main,False,False,unknown,False,False,False,False,False
735,UBER,2025-11-20,buy,False,True,True,False,ok,,buy,1.51923,50.0,104.9312,107.0,150.0,70.0,0.25877158387364196,True,False,False,False,True,2025-11-05,DA Davidson,,,main,False,False,unknown,False,False,False,False,False
736,AAPL,2024-08-16,buy,True,True,True,False,ok,,buy,1.95833,43.0,308.06512,310.0,400.0,215.0,0.3730345701774991,True,False,False,False,True,2024-08-06,Morgan Stanley,,,main,False,False,unknown,False,False,False,False,False
737,NVDA,2024-08-16,sell,True,True,True,False,ok,,strong_buy,1.29508,57.0,272.93738,275.0,380.0,140.0,1.1919164594210114,False,False,False,True,True,2024-08-06,New Street Research,,,up,False,False,unknown,False,False,False,False,False
738,NVDA,2024-08-16,buy,True,True,True,False,ok,,strong_buy,1.29508,57.0,272.93738,275.0,380.0,140.0,1.1919164594210114,True,False,False,False,True,2024-08-06,New Street Research,,,up,False,False,unknown,False,False,False,False,False
739,GOOGL,2024-08-16,buy,False,True,True,False,ok,,strong_buy,1.39683,52.0,427.88712,430.0,515.0,334.22,1.644385228406545,True,False,False,False,True,2024-08-14,Needham,,,reit,False,False,unknown,False,False,False,False,False
740,AMZN,2024-08-16,buy,True,True,True,False,ok,,strong_buy,1.34848,62.0,311.55145,317.0,370.0,207.0,0.759581239669336,True,False,False,False,True,2024-08-06,Morgan Stanley,,,main,False,False,unknown,False,False,False,False,False
741,AMZN,2024-08-16,buy,True,True,True,False,ok,,strong_buy,1.34848,62.0,311.55145,317.0,370.0,207.0,0.759581239669336,True,False,False,False,True,2024-08-06,Morgan Stanley,,,main,False,False,unknown,False,False,False,False,False
742,MSFT,2024-08-16,buy,False,True,True,False,ok,,strong_buy,1.30909,54.0,561.5561,562.5,870.0,400.0,0.3576235153276741,True,False,False,False,True,2024-07-31,Piper Sandler,,,main,False,False,unknown,False,False,False,False,False
743,AMD,2025-11-26,buy,True,True,True,False,ok,,buy,1.5098,48.0,457.83334,474.0,625.0,225.0,1.137011427656113,True,False,False,False,True,2025-11-12,Evercore ISI Group,,,main,False,False,unknown,False,False,False,False,False
744,NVDA,2025-01-27,sell,True,True,True,False,ok,,strong_buy,1.29508,57.0,272.93738,275.0,380.0,140.0,1.3055803943540991,False,False,False,True,True,2025-01-27,Cantor Fitzgerald,,,reit,False,False,unknown,False,False,False,False,False
745,AAPL,2025-01-27,sell,True,True,True,False,ok,,buy,1.95833,43.0,308.06512,310.0,400.0,215.0,0.34879211806736965,False,False,False,True,True,2025-01-27,Rosenblatt,,,main,False,False,unknown,False,False,False,False,False
746,MSFT,2025-01-27,sell,False,True,True,False,ok,,strong_buy,1.30909,54.0,561.5561,562.5,870.0,400.0,0.30474451856947615,False,False,False,True,True,2025-01-27,Piper Sandler,,,main,False,False,unknown,False,False,False,False,False
747,TSLA,2025-01-27,sell,True,True,True,False,ok,,buy,2.3617,41.0,412.25366,450.0,600.0,123.0,0.038030130519030925,False,False,False,True,True,2025-01-22,Wedbush,,,main,False,False,unknown,False,False,False,False,False
748,PYPL,2024-02-08,buy,False,True,True,False,ok,,hold,2.88636,34.0,52.52618,48.0,147.39,32.0,-0.05920178638079787,False,False,True,False,False,2024-02-08,Wedbush,,,reit,False,False,unknown,False,False,False,False,False
749,AMZN,2024-02-08,buy,True,True,True,False,ok,,strong_buy,1.34848,62.0,311.55145,317.0,370.0,207.0,0.8343821050265421,True,False,False,False,True,2024-02-02,Telsey Advisory Group,,,main,False,False,unknown,False,False,False,False,False
750,NVDA,2025-12-29,buy,True,True,True,False,ok,,strong_buy,1.29508,57.0,272.93738,275.0,380.0,140.0,0.4501761751598239,True,False,False,False,True,2025-12-29,Truist Securities,,,reit,False,False,unknown,False,False,False,False,False
751,AMD,2026-01-07,buy,True,True,True,False,ok,,buy,1.5098,48.0,457.83334,474.0,625.0,225.0,1.1799511031627659,True,False,False,False,True,2025-12-19,Truist Securities,,,main,False,False,unknown,False,False,False,False,False
752,NVDA,2024-07-26,buy,True,True,True,False,ok,,strong_buy,1.29508,57.0,272.93738,275.0,380.0,140.0,1.415257307446507,True,False,False,False,True,2024-07-22,Piper Sandler,,,main,False,False,unknown,False,False,False,False,False
753,AMZN,2024-02-05,buy,True,True,True,False,ok,,strong_buy,1.34848,62.0,311.55145,317.0,370.0,207.0,0.8293197960549161,True,False,False,False,True,2024-02-02,Telsey Advisory Group,,,main,False,False,unknown,False,False,False,False,False
754,AMZN,2024-02-05,buy,True,True,True,False,ok,,strong_buy,1.34848,62.0,311.55145,317.0,370.0,207.0,0.8293197960549161,True,False,False,False,True,2024-02-02,Telsey Advisory Group,,,main,False,False,unknown,False,False,False,False,False
755,NFLX,2025-12-03,buy,False,True,True,False,ok,,buy,1.68,44.0,114.555,115.0,151.4,80.0,0.1019142074724182,True,False,False,False,True,2025-11-28,Rosenblatt,,,main,False,False,unknown,False,False,False,False,False
756,AMZN,2024-02-20,buy,True,True,True,False,ok,,strong_buy,1.34848,62.0,311.55145,317.0,370.0,207.0,0.8646842625428606,True,False,False,False,True,2024-02-02,Telsey Advisory Group,,,main,False,False,unknown,False,False,False,False,False
757,NVDA,2024-07-22,sell,True,True,True,False,ok,,strong_buy,1.29508,57.0,272.93738,275.0,380.0,140.0,1.2103688361646263,False,False,False,True,True,2024-07-22,Piper Sandler,,,main,False,False,unknown,False,False,False,False,False
758,NVDA,2024-07-22,buy,True,True,True,False,ok,,strong_buy,1.29508,57.0,272.93738,275.0,380.0,140.0,1.2103688361646263,True,False,False,False,True,2024-07-22,Piper Sandler,,,main,False,False,unknown,False,False,False,False,False
759,MSFT,2024-07-22,buy,False,True,True,False,ok,,strong_buy,1.30909,54.0,561.5561,562.5,870.0,400.0,0.28493414256199423,True,False,False,False,True,2024-07-18,TD Cowen,,,main,False,False,unknown,False,False,False,False,False
760,MSFT,2024-07-22,buy,False,True,True,False,ok,,strong_buy,1.30909,54.0,561.5561,562.5,870.0,400.0,0.28493414256199423,True,False,False,False,True,2024-07-18,TD Cowen,,,main,False,False,unknown,False,False,False,False,False
761,MSFT,2024-07-22,buy,False,True,True,False,ok,,strong_buy,1.30909,54.0,561.5561,562.5,870.0,400.0,0.28493414256199423,True,False,False,False,True,2024-07-18,TD Cowen,,,main,False,False,unknown,False,False,False,False,False
762,TSLA,2024-07-22,buy,True,True,True,False,ok,,buy,2.3617,41.0,412.25366,450.0,600.0,123.0,0.6391144248893661,True,False,False,False,True,2024-07-22,Cantor Fitzgerald,,,reit,False,False,unknown,False,False,False,False,False
763,TSLA,2024-07-22,buy,True,True,True,False,ok,,buy,2.3617,41.0,412.25366,450.0,600.0,123.0,0.6391144248893661,True,False,False,False,True,2024-07-22,Cantor Fitzgerald,,,reit,False,False,unknown,False,False,False,False,False
764,TSLA,2024-07-22,sell,True,True,True,False,ok,,buy,2.3617,41.0,412.25366,450.0,600.0,123.0,0.6391144248893661,False,False,False,True,True,2024-07-22,Cantor Fitzgerald,,,reit,False,False,unknown,False,False,False,False,False
765,MSFT,2022-10-17,buy,False,True,True,False,ok,,strong_buy,1.30909,54.0,561.5561,562.5,870.0,400.0,1.4330351365768963,True,False,False,False,True,2022-10-17,Mizuho,,,main,False,False,unknown,False,False,False,False,False
766,AAPL,2025-08-18,sell,True,True,True,False,ok,,buy,1.95833,43.0,308.06512,310.0,400.0,215.0,0.33802532204725866,False,False,False,True,True,2025-08-14,Melius Research,,,main,False,False,unknown,False,False,False,False,False
767,AAPL,2025-08-18,sell,True,True,True,False,ok,,buy,1.95833,43.0,308.06512,310.0,400.0,215.0,0.33802532204725866,False,False,False,True,True,2025-08-14,Melius Research,,,main,False,False,unknown,False,False,False,False,False
768,NVDA,2024-05-24,buy,True,True,True,False,ok,,strong_buy,1.29508,57.0,272.93738,275.0,380.0,140.0,1.5649851627469649,True,False,False,False,True,2024-05-23,Wolfe Research,,,main,False,False,unknown,False,False,False,False,False
769,MSFT,2024-05-24,buy,False,True,True,False,ok,,strong_buy,1.30909,54.0,561.5561,562.5,870.0,400.0,0.32310933351165505,True,False,False,False,True,2024-05-24,RBC Capital,,,reit,False,False,unknown,False,False,False,False,False
770,NFLX,2024-05-24,buy,False,True,True,False,ok,,buy,1.68,44.0,114.555,115.0,151.4,80.0,0.7712407359041709,True,False,False,False,True,2024-05-20,Wedbush,,,reit,False,False,unknown,False,False,False,False,False
771,AAPL,2024-08-23,sell,True,True,True,False,ok,,buy,1.95833,43.0,308.06512,310.0,400.0,215.0,0.3682528178381945,False,False,False,True,True,2024-08-19,MoffettNathanson,,,init,False,False,unknown,False,False,False,False,False
772,AAPL,2024-08-23,buy,True,True,True,False,ok,,buy,1.95833,43.0,308.06512,310.0,400.0,215.0,0.3682528178381945,True,False,False,False,True,2024-08-19,MoffettNathanson,,,init,False,False,unknown,False,False,False,False,False
773,TSLA,2024-08-23,buy,True,True,True,False,ok,,buy,2.3617,41.0,412.25366,450.0,600.0,123.0,0.8711585253051275,True,False,False,False,True,2024-08-20,Baird,,,main,False,False,unknown,False,False,False,False,False
774,GOOGL,2024-08-23,buy,False,True,True,False,ok,,strong_buy,1.39683,52.0,427.88712,430.0,515.0,334.22,1.601914171595629,True,False,False,False,True,2024-08-19,Needham,,,reit,False,False,unknown,False,False,False,False,False
775,PYPL,2025-11-21,buy,False,True,True,False,ok,,hold,2.88636,34.0,52.52618,48.0,147.39,32.0,-0.13017642176979816,False,False,True,False,False,2025-11-04,Truist Securities,,,main,False,False,unknown,False,False,False,False,False
776,GOOGL,2025-12-01,buy,False,True,True,False,ok,,strong_buy,1.39683,52.0,427.88712,430.0,515.0,334.22,0.3606923339179102,True,False,False,False,True,2025-12-01,Guggenheim,,,main,False,False,unknown,False,False,False,False,False
777,GOOGL,2026-04-22,buy,False,True,True,False,ok,,strong_buy,1.39683,52.0,427.88712,430.0,515.0,334.22,0.26101352930585,True,False,False,False,True,2026-04-22,BMO Capital,,,main,False,False,unknown,False,False,False,False,False
778,AAPL,2024-02-15,sell,True,True,True,False,ok,,buy,1.95833,43.0,308.06512,310.0,400.0,215.0,0.6923482382352477,False,False,False,True,True,2024-02-12,Wedbush,,,reit,False,False,unknown,False,False,False,False,False
779,MSFT,2024-02-15,sell,False,True,True,False,ok,,strong_buy,1.30909,54.0,561.5561,562.5,870.0,400.0,0.402438293240412,False,False,False,True,True,2024-01-31,Barclays,,,main,False,False,unknown,False,False,False,False,False
780,NVDA,2025-12-09,sell,True,True,True,False,ok,,strong_buy,1.29508,57.0,272.93738,275.0,380.0,140.0,0.4756563181734861,False,False,False,True,True,2025-12-01,Morgan Stanley,,,main,False,False,unknown,False,False,False,False,False
781,PYPL,2025-12-09,buy,False,True,True,False,ok,,hold,2.88636,34.0,52.52618,48.0,147.39,32.0,-0.13318173157007018,False,False,True,False,False,2025-12-09,Wells Fargo,,,main,False,False,unknown,False,False,False,False,False
782,PYPL,2025-12-09,buy,False,True,True,False,ok,,hold,2.88636,34.0,52.52618,48.0,147.39,32.0,-0.13318173157007018,False,False,True,False,False,2025-12-09,Wells Fargo,,,main,False,False,unknown,False,False,False,False,False
784,NFLX,2024-01-26,buy,False,True,True,False,ok,,buy,1.68,44.0,114.555,115.0,151.4,80.0,1.0082570801816706,True,False,False,False,True,2024-01-26,Citigroup,,,main,False,False,unknown,False,False,False,False,False
785,AAPL,2024-02-01,buy,True,True,True,False,ok,,buy,1.95833,43.0,308.06512,310.0,400.0,215.0,0.6673030289330488,True,False,False,False,True,2024-01-31,Wedbush,,,reit,False,False,unknown,False,False,False,False,False
786,AMZN,2024-02-01,buy,True,True,True,False,ok,,strong_buy,1.34848,62.0,311.55145,317.0,370.0,207.0,0.9559985709925511,True,False,False,False,True,2024-01-24,Telsey Advisory Group,,,main,False,False,unknown,False,False,False,False,False
787,MSFT,2025-06-20,buy,False,True,True,False,ok,,strong_buy,1.30909,54.0,561.5561,562.5,870.0,400.0,0.18311324215704228,True,False,False,False,True,2025-06-13,Wells Fargo,,,main,False,False,unknown,False,False,False,False,False
788,NVDA,2024-09-09,buy,True,True,True,False,ok,,strong_buy,1.29508,57.0,272.93738,275.0,380.0,140.0,1.564750335814339,True,False,False,False,True,2024-09-05,B of A Securities,,,reit,False,False,unknown,False,False,False,False,False
789,GOOGL,2024-09-09,buy,False,True,True,False,ok,,strong_buy,1.39683,52.0,427.88712,430.0,515.0,334.22,1.8939409819044646,True,False,False,False,True,2024-09-05,Wedbush,,,reit,False,False,unknown,False,False,False,False,False
790,AAPL,2023-12-26,buy,True,True,True,False,ok,,buy,1.95833,43.0,308.06512,310.0,400.0,215.0,0.6138420189544158,True,False,False,False,True,2023-12-20,Wedbush,,,reit,False,False,unknown,False,False,False,False,False
791,AAPL,2023-12-26,buy,True,True,True,False,ok,,buy,1.95833,43.0,308.06512,310.0,400.0,215.0,0.6138420189544158,True,False,False,False,True,2023-12-20,Wedbush,,,reit,False,False,unknown,False,False,False,False,False
792,HOOD,2026-04-23,buy,False,True,True,False,ok,,buy,1.92593,24.0,98.43792,97.5,155.0,52.0,0.17833276180517288,True,False,False,False,True,2026-04-23,JP Morgan,,,main,False,False,unknown,False,False,False,False,False
793,HOOD,2026-04-23,sell,False,True,True,False,ok,,buy,1.92593,24.0,98.43792,97.5,155.0,52.0,0.17833276180517288,False,False,False,True,True,2026-04-23,JP Morgan,,,main,False,False,unknown,False,False,False,False,False
794,HOOD,2026-04-23,sell,False,True,True,False,ok,,buy,1.92593,24.0,98.43792,97.5,155.0,52.0,0.17833276180517288,False,False,False,True,True,2026-04-23,JP Morgan,,,main,False,False,unknown,False,False,False,False,False
795,MSFT,2024-01-30,sell,False,True,True,False,ok,,strong_buy,1.30909,54.0,561.5561,562.5,870.0,400.0,0.3980509935879537,False,False,False,True,True,2024-01-29,Wedbush,,,reit,False,False,unknown,False,False,False,False,False
796,GOOGL,2024-01-30,sell,False,True,True,False,ok,,strong_buy,1.39683,52.0,427.88712,430.0,515.0,334.22,1.8484326308976304,False,False,False,True,True,2024-01-29,Keybanc,,,main,False,False,unknown,False,False,False,False,False
797,AMZN,2024-08-01,sell,True,True,True,False,ok,,strong_buy,1.34848,62.0,311.55145,317.0,370.0,207.0,0.6925704221396423,False,False,False,True,True,2024-07-31,JMP Securities,,,reit,False,False,unknown,False,False,False,False,False
798,AMZN,2024-08-01,sell,True,True,True,False,ok,,strong_buy,1.34848,62.0,311.55145,317.0,370.0,207.0,0.6925704221396423,False,False,False,True,True,2024-07-31,JMP Securities,,,reit,False,False,unknown,False,False,False,False,False
799,DIS,2022-11-17,sell,False,True,True,False,ok,,strong_buy,1.46667,29.0,130.66553,132.0,164.0,77.0,0.4624670920557292,False,False,False,True,True,2022-11-09,Keybanc,,,main,False,False,unknown,False,False,False,False,False
800,AAPL,2024-06-07,buy,True,True,True,False,ok,,buy,1.95833,43.0,308.06512,310.0,400.0,215.0,0.5782097624433185,True,False,False,False,True,2024-06-04,Morgan Stanley,,,main,False,False,unknown,False,False,False,False,False
801,GOOGL,2024-06-07,buy,False,True,True,False,ok,,strong_buy,1.39683,52.0,427.88712,430.0,515.0,334.22,1.4729084518304205,True,False,False,False,True,2024-05-24,Tigress Financial,,,main,False,False,unknown,False,False,False,False,False
802,AMZN,2024-02-13,buy,True,True,True,False,ok,,strong_buy,1.34848,62.0,311.55145,317.0,370.0,207.0,0.8474350754719218,True,False,False,False,True,2024-02-02,Telsey Advisory Group,,,main,False,False,unknown,False,False,False,False,False
803,AMD,2025-11-12,buy,True,True,True,False,ok,,buy,1.5098,48.0,457.83334,474.0,625.0,225.0,0.7684472714087478,True,False,False,False,True,2025-11-12,Evercore ISI Group,,,main,False,False,unknown,False,False,False,False,False
804,NVDA,2025-12-17,buy,True,True,True,False,ok,,strong_buy,1.29508,57.0,272.93738,275.0,380.0,140.0,0.5967716226235076,True,False,False,False,True,2025-12-01,Morgan Stanley,,,main,False,False,unknown,False,False,False,False,False
805,NFLX,2022-10-11,buy,False,True,True,False,ok,,buy,1.68,44.0,114.555,115.0,151.4,80.0,4.345792870972129,True,False,False,False,True,2022-09-28,Atlantic Equities,,,up,False,False,unknown,False,False,False,False,False
806,UBER,2026-04-17,buy,False,True,True,False,ok,,buy,1.51923,50.0,104.9312,107.0,150.0,70.0,0.360622358181264,True,False,False,False,True,2026-03-30,Wells Fargo,,,main,False,False,unknown,False,False,False,False,False
807,PYPL,2025-12-01,buy,False,True,True,False,ok,,hold,2.88636,34.0,52.52618,48.0,147.39,32.0,-0.15811424300384713,False,False,True,False,False,2025-11-04,Truist Securities,,,main,False,False,unknown,False,False,False,False,False
808,PYPL,2026-02-05,buy,False,True,True,False,ok,,hold,2.88636,34.0,52.52618,48.0,147.39,32.0,0.3204313944733075,False,False,True,False,False,2026-02-04,Canaccord Genuity,,,down,False,False,unknown,False,False,False,False,False
809,AMZN,2024-02-07,buy,True,True,True,False,ok,,strong_buy,1.34848,62.0,311.55145,317.0,370.0,207.0,0.8269597855519586,True,False,False,False,True,2024-02-02,Telsey Advisory Group,,,main,False,False,unknown,False,False,False,False,False
810,AMZN,2026-03-02,buy,True,True,True,False,ok,,strong_buy,1.34848,62.0,311.55145,317.0,370.0,207.0,0.4950403134147521,True,False,False,False,True,2026-02-23,Wells Fargo,,,main,False,False,unknown,False,False,False,False,False
811,PYPL,2025-12-29,sell,False,True,True,False,ok,,hold,2.88636,34.0,52.52618,48.0,147.39,32.0,-0.1143854255871527,False,False,True,False,False,2025-12-22,Mizuho,,,main,False,False,unknown,False,False,False,False,False
812,NVDA,2026-01-05,buy,True,True,True,False,ok,,strong_buy,1.29508,57.0,272.93738,275.0,380.0,140.0,0.45094702456407054,True,False,False,False,True,2025-12-29,Truist Securities,,,reit,False,False,unknown,False,False,False,False,False
813,AMZN,2026-04-27,buy,True,True,True,False,ok,,strong_buy,1.34848,62.0,311.55145,317.0,370.0,207.0,0.19313517090171306,True,False,False,False,True,2026-04-24,Oppenheimer,,,main,False,False,unknown,False,False,False,False,False
814,PYPL,2024-04-29,buy,False,True,True,False,ok,,hold,2.88636,34.0,52.52618,48.0,147.39,32.0,-0.21171809663561847,False,False,True,False,False,2024-04-18,Bernstein,,,main,False,False,unknown,False,False,False,False,False
815,AMD,2024-04-29,sell,True,True,True,False,ok,,buy,1.5098,48.0,457.83334,474.0,625.0,225.0,1.857886071919951,False,False,False,True,True,2024-04-29,Susquehanna,,,main,False,False,unknown,False,False,False,False,False
816,AMZN,2025-04-16,buy,True,True,True,False,ok,,strong_buy,1.34848,62.0,311.55145,317.0,370.0,207.0,0.7871361597410425,True,False,False,False,True,2025-04-16,BMO Capital,,,main,False,False,unknown,False,False,False,False,False
817,AMZN,2025-04-16,buy,True,True,True,False,ok,,strong_buy,1.34848,62.0,311.55145,317.0,370.0,207.0,0.7871361597410425,True,False,False,False,True,2025-04-16,BMO Capital,,,main,False,False,unknown,False,False,False,False,False
818,TSLA,2025-03-19,buy,True,True,True,False,ok,,buy,2.3617,41.0,412.25366,450.0,600.0,123.0,0.747874412503952,True,False,False,False,True,2025-03-19,Cantor Fitzgerald,,,up,False,False,unknown,False,False,False,False,False
819,AMZN,2025-03-19,buy,True,True,True,False,ok,,strong_buy,1.34848,62.0,311.55145,317.0,370.0,207.0,0.5932876173525694,True,False,False,False,True,2025-02-25,Wells Fargo,,,main,False,False,unknown,False,False,False,False,False
820,NVDA,2024-05-22,sell,True,True,True,False,ok,,strong_buy,1.29508,57.0,272.93738,275.0,380.0,140.0,1.876160181427204,False,False,False,True,True,2024-05-20,Baird,,,main,False,False,unknown,False,False,False,False,False
821,NVDA,2024-05-22,sell,True,True,True,False,ok,,strong_buy,1.29508,57.0,272.93738,275.0,380.0,140.0,1.876160181427204,False,False,False,True,True,2024-05-20,Baird,,,main,False,False,unknown,False,False,False,False,False
822,AMZN,2025-01-13,buy,True,True,True,False,ok,,strong_buy,1.34848,62.0,311.55145,317.0,370.0,207.0,0.4261257915645007,True,False,False,False,True,2025-01-13,Morgan Stanley,,,main,False,False,unknown,False,False,False,False,False
823,TSLA,2025-01-13,sell,True,True,True,False,ok,,buy,2.3617,41.0,412.25366,450.0,600.0,123.0,0.02217565271266775,False,False,False,True,True,2025-01-13,Morgan Stanley,,,main,False,False,unknown,False,False,False,False,False
824,TSLA,2025-01-13,sell,True,True,True,False,ok,,buy,2.3617,41.0,412.25366,450.0,600.0,123.0,0.02217565271266775,False,False,False,True,True,2025-01-13,Morgan Stanley,,,main,False,False,unknown,False,False,False,False,False
825,GOOGL,2025-01-13,buy,False,True,True,False,ok,,strong_buy,1.39683,52.0,427.88712,430.0,515.0,334.22,1.2504860425552131,True,False,False,False,True,2025-01-13,Wells Fargo,,,main,False,False,unknown,False,False,False,False,False
826,UBER,2026-04-27,buy,False,True,True,False,ok,,buy,1.51923,50.0,104.9312,107.0,150.0,70.0,0.37578608389173374,True,False,False,False,True,2026-04-27,Guggenheim,,,reit,False,False,unknown,False,False,False,False,False
827,UBER,2026-04-27,buy,False,True,True,False,ok,,buy,1.51923,50.0,104.9312,107.0,150.0,70.0,0.37578608389173374,True,False,False,False,True,2026-04-27,Guggenheim,,,reit,False,False,unknown,False,False,False,False,False
828,MSFT,2024-03-27,sell,False,True,True,False,ok,,strong_buy,1.30909,54.0,561.5561,562.5,870.0,400.0,0.352953618947778,False,False,False,True,True,2024-03-26,Wedbush,,,main,False,False,unknown,False,False,False,False,False
829,AMZN,2024-03-27,buy,True,True,True,False,ok,,strong_buy,1.34848,62.0,311.55145,317.0,370.0,207.0,0.7324776001097635,True,False,False,False,True,2024-03-27,Telsey Advisory Group,,,main,False,False,unknown,False,False,False,False,False
830,GOOGL,2024-03-27,sell,False,True,True,False,ok,,strong_buy,1.39683,52.0,427.88712,430.0,515.0,334.22,1.8595717757983152,False,False,False,True,True,2024-03-22,Wedbush,,,main,False,False,unknown,False,False,False,False,False
831,NVDA,2024-03-27,buy,True,True,True,False,ok,,strong_buy,1.29508,57.0,272.93738,275.0,380.0,140.0,2.0259436074980615,True,False,False,False,True,2024-03-22,UBS,,,main,False,False,unknown,False,False,False,False,False
832,META,2026-01-16,buy,False,True,False,True,ok,,strong_buy,1.34921,58.0,826.69104,825.0,1015.0,614.0,0.33397633101468727,True,False,False,False,True,,,,,,,,,,,,,
833,NVDA,2026-01-29,buy,True,True,True,False,ok,,strong_buy,1.29508,57.0,272.93738,275.0,380.0,140.0,0.4178596663636569,True,False,False,False,True,2026-01-16,Jefferies,,,main,False,False,unknown,False,False,False,False,False
834,GOOGL,2024-04-25,buy,False,True,True,False,ok,,strong_buy,1.39683,52.0,427.88712,430.0,515.0,334.22,1.7655357970991767,True,False,False,False,True,2024-04-22,Keybanc,,,main,False,False,unknown,False,False,False,False,False
835,GOOGL,2024-04-25,sell,False,True,True,False,ok,,strong_buy,1.39683,52.0,427.88712,430.0,515.0,334.22,1.7655357970991767,False,False,False,True,True,2024-04-22,Keybanc,,,main,False,False,unknown,False,False,False,False,False
836,GOOGL,2026-02-04,buy,False,True,True,False,ok,,strong_buy,1.39683,52.0,427.88712,430.0,515.0,334.22,0.28569639201502217,True,False,False,False,True,2026-02-02,Jefferies,,,main,False,False,unknown,False,False,False,False,False
837,NVDA,2025-05-05,buy,True,True,True,False,ok,,strong_buy,1.29508,57.0,272.93738,275.0,380.0,140.0,1.3985389485393998,True,False,False,False,True,2025-04-30,Seaport Global,,,init,False,False,unknown,False,False,False,False,False
838,GOOGL,2025-05-05,buy,False,True,True,False,ok,,strong_buy,1.39683,52.0,427.88712,430.0,515.0,334.22,1.6147664312227725,True,False,False,False,True,2025-04-30,Tigress Financial,,,main,False,False,unknown,False,False,False,False,False
839,AMZN,2025-05-05,buy,True,True,True,False,ok,,strong_buy,1.34848,62.0,311.55145,317.0,370.0,207.0,0.6718617643990641,True,False,False,False,True,2025-05-05,Baird,,,main,False,False,unknown,False,False,False,False,False
840,SOFI,2025-06-11,buy,False,True,True,False,ok,,hold,2.70833,20.0,21.1,18.5,31.0,12.0,0.4010623779608786,False,False,True,False,False,2025-06-02,Truist Securities,,,init,False,False,unknown,False,False,False,False,False
841,SOFI,2025-06-11,buy,False,True,True,False,ok,,hold,2.70833,20.0,21.1,18.5,31.0,12.0,0.4010623779608786,False,False,True,False,False,2025-06-02,Truist Securities,,,init,False,False,unknown,False,False,False,False,False
842,NVDA,2024-12-16,buy,True,True,True,False,ok,,strong_buy,1.29508,57.0,272.93738,275.0,380.0,140.0,1.0683852696181058,True,False,False,False,True,2024-12-16,Truist Securities,,,main,False,False,unknown,False,False,False,False,False
843,GOOGL,2024-12-16,buy,False,True,True,False,ok,,strong_buy,1.39683,52.0,427.88712,430.0,515.0,334.22,1.1858297837960867,True,False,False,False,True,2024-12-12,Goldman Sachs,,,reit,False,False,unknown,False,False,False,False,False
844,MSFT,2024-12-16,buy,False,True,True,False,ok,,strong_buy,1.30909,54.0,561.5561,562.5,870.0,400.0,0.25554096576871155,True,False,False,False,True,2024-12-13,Mizuho,,,main,False,False,unknown,False,False,False,False,False
845,AAPL,2024-05-16,buy,True,True,True,False,ok,,buy,1.95833,43.0,308.06512,310.0,400.0,215.0,0.6368190235994027,True,False,False,False,True,2024-05-13,Wedbush,,,reit,False,False,unknown,False,False,False,False,False
846,AAPL,2024-05-16,buy,True,True,True,False,ok,,buy,1.95833,43.0,308.06512,310.0,400.0,215.0,0.6368190235994027,True,False,False,False,True,2024-05-13,Wedbush,,,reit,False,False,unknown,False,False,False,False,False
847,AMZN,2024-11-29,buy,True,True,True,False,ok,,strong_buy,1.34848,62.0,311.55145,317.0,370.0,207.0,0.49863606193032295,True,False,False,False,True,2024-11-26,Redburn Atlantic,,,main,False,False,unknown,False,False,False,False,False
848,TSLA,2024-11-29,buy,True,True,True,False,ok,,buy,2.3617,41.0,412.25366,450.0,600.0,123.0,0.19438421493230496,True,False,False,False,True,2024-11-25,UBS,,,main,False,False,unknown,False,False,False,False,False
849,AAPL,2024-11-29,buy,True,True,True,False,ok,,buy,1.95833,43.0,308.06512,310.0,400.0,215.0,0.3063386690669383,True,False,False,False,True,2024-11-29,Wedbush,,,reit,False,False,unknown,False,False,False,False,False
850,MSFT,2024-11-29,buy,False,True,True,False,ok,,strong_buy,1.30909,54.0,561.5561,562.5,870.0,400.0,0.33894529444495913,True,False,False,False,True,2024-11-05,RBC Capital,,,reit,False,False,unknown,False,False,False,False,False
851,AMD,2026-01-30,buy,True,True,True,False,ok,,buy,1.5098,48.0,457.83334,474.0,625.0,225.0,0.9339895588345155,True,False,False,False,True,2026-01-30,Wells Fargo,,,reit,False,False,unknown,False,False,False,False,False
852,TSLA,2026-01-29,buy,True,True,True,False,ok,,buy,2.3617,41.0,412.25366,450.0,600.0,123.0,-0.010337856692511638,True,False,False,False,True,2026-01-29,Freedom Broker,,,main,False,False,unknown,False,False,False,False,False
853,TSLA,2026-01-29,buy,True,True,True,False,ok,,buy,2.3617,41.0,412.25366,450.0,600.0,123.0,-0.010337856692511638,True,False,False,False,True,2026-01-29,Freedom Broker,,,main,False,False,unknown,False,False,False,False,False
854,AMZN,2026-01-29,buy,True,True,True,False,ok,,strong_buy,1.34848,62.0,311.55145,317.0,370.0,207.0,0.28884067143722914,True,False,False,False,True,2026-01-29,Wedbush,,,reit,False,False,unknown,False,False,False,False,False
855,MSFT,2026-01-29,buy,False,True,True,False,ok,,strong_buy,1.30909,54.0,561.5561,562.5,870.0,400.0,0.2983571293864631,True,False,False,False,True,2026-01-29,Piper Sandler,,,reit,False,False,unknown,False,False,False,False,False
856,SOFI,2026-01-05,buy,False,True,True,False,ok,,hold,2.70833,20.0,21.1,18.5,31.0,12.0,-0.2793716015989157,False,False,True,False,False,2025-11-25,Truist Securities,,,main,False,False,unknown,False,False,False,False,False
857,GOOGL,2025-04-22,buy,False,True,True,False,ok,,strong_buy,1.39683,52.0,427.88712,430.0,515.0,334.22,1.8346921118640545,True,False,False,False,True,2025-04-17,Truist Securities,,,main,False,False,unknown,False,False,False,False,False
858,META,2026-04-27,buy,False,True,False,True,ok,,strong_buy,1.34921,58.0,826.69104,825.0,1015.0,614.0,0.2181943443285117,True,False,False,False,True,,,,,,,,,,,,,
859,META,2026-04-24,buy,False,True,False,True,ok,,strong_buy,1.34921,58.0,826.69104,825.0,1015.0,614.0,0.2246729836020751,True,False,False,False,True,,,,,,,,,,,,,
860,META,2026-04-24,buy,False,True,False,True,ok,,strong_buy,1.34921,58.0,826.69104,825.0,1015.0,614.0,0.2246729836020751,True,False,False,False,True,,,,,,,,,,,,,
861,GOOGL,2022-11-30,buy,False,True,True,False,ok,,strong_buy,1.39683,52.0,427.88712,430.0,515.0,334.22,3.2719440227036634,True,False,False,False,True,2022-11-30,Mizuho,,,main,False,False,unknown,False,False,False,False,False
862,PYPL,2026-02-17,sell,False,True,True,False,ok,,hold,2.88636,34.0,52.52618,48.0,147.39,32.0,0.2909878083189976,False,False,True,False,False,2026-02-10,Truist Securities,,,main,False,False,unknown,False,False,False,False,False
863,AMZN,2026-04-24,buy,True,True,True,False,ok,,strong_buy,1.34848,62.0,311.55145,317.0,370.0,207.0,0.180163875620432,True,False,False,False,True,2026-04-24,Oppenheimer,,,main,False,False,unknown,False,False,False,False,False
864,AMZN,2026-04-24,buy,True,True,True,False,ok,,strong_buy,1.34848,62.0,311.55145,317.0,370.0,207.0,0.180163875620432,True,False,False,False,True,2026-04-24,Oppenheimer,,,main,False,False,unknown,False,False,False,False,False
865,GOOGL,2024-04-17,buy,False,True,True,False,ok,,strong_buy,1.39683,52.0,427.88712,430.0,515.0,334.22,1.7749637342317608,True,False,False,False,True,2024-04-17,Canaccord Genuity,,,main,False,False,unknown,False,False,False,False,False
866,NVDA,2026-02-25,sell,True,True,True,False,ok,,strong_buy,1.29508,57.0,272.93738,275.0,380.0,140.0,0.3957463888474029,False,False,False,True,True,2026-02-24,HSBC,,,main,False,False,unknown,False,False,False,False,False
867,PYPL,2026-01-05,buy,False,True,True,False,ok,,hold,2.88636,34.0,52.52618,48.0,147.39,32.0,-0.11139799990216581,False,False,True,False,False,2026-01-05,Citigroup,,,main,False,False,unknown,False,False,False,False,False
868,NVDA,2025-12-31,buy,True,True,True,False,ok,,strong_buy,1.29508,57.0,272.93738,275.0,380.0,140.0,0.4635503563328587,True,False,False,False,True,2025-12-29,Truist Securities,,,reit,False,False,unknown,False,False,False,False,False
869,NVDA,2025-12-31,buy,True,True,True,False,ok,,strong_buy,1.29508,57.0,272.93738,275.0,380.0,140.0,0.4635503563328587,True,False,False,False,True,2025-12-29,Truist Securities,,,reit,False,False,unknown,False,False,False,False,False
870,AMD,2025-12-31,buy,True,True,True,False,ok,,buy,1.5098,48.0,457.83334,474.0,625.0,225.0,1.1378097318411795,True,False,False,False,True,2025-12-19,Truist Securities,,,main,False,False,unknown,False,False,False,False,False
871,TSLA,2025-01-21,buy,True,True,True,False,ok,,buy,2.3617,41.0,412.25366,450.0,600.0,123.0,-0.027864142995580043,True,False,False,False,True,2025-01-21,Piper Sandler,,,main,False,False,unknown,False,False,False,False,False
872,AAPL,2025-01-21,buy,True,True,True,False,ok,,buy,1.95833,43.0,308.06512,310.0,400.0,215.0,0.3925322371720168,True,False,False,False,True,2025-01-21,Jefferies,,,down,False,False,unknown,False,False,False,False,False
873,MSFT,2025-01-21,buy,False,True,True,False,ok,,strong_buy,1.30909,54.0,561.5561,562.5,870.0,400.0,0.3231967699769158,True,False,False,False,True,2025-01-17,Evercore ISI Group,,,reit,False,False,unknown,False,False,False,False,False
874,NVDA,2026-01-16,buy,True,True,True,False,ok,,strong_buy,1.29508,57.0,272.93738,275.0,380.0,140.0,0.4656723896314259,True,False,False,False,True,2026-01-16,Jefferies,,,main,False,False,unknown,False,False,False,False,False
875,AMD,2026-01-16,buy,True,True,True,False,ok,,buy,1.5098,48.0,457.83334,474.0,625.0,225.0,0.9748666539443178,True,False,False,False,True,2026-01-15,RBC Capital,,,init,False,False,unknown,False,False,False,False,False
876,MSFT,2024-12-27,buy,False,True,True,False,ok,,strong_buy,1.30909,54.0,561.5561,562.5,870.0,400.0,0.3169576044331368,True,False,False,False,True,2024-12-23,Loop Capital,,,main,False,False,unknown,False,False,False,False,False
877,MSFT,2024-12-27,buy,False,True,True,False,ok,,strong_buy,1.30909,54.0,561.5561,562.5,870.0,400.0,0.3169576044331368,True,False,False,False,True,2024-12-23,Loop Capital,,,main,False,False,unknown,False,False,False,False,False
878,NFLX,2024-12-27,buy,False,True,True,False,ok,,buy,1.68,44.0,114.555,115.0,151.4,80.0,0.2622445426352067,True,False,False,False,True,2024-12-24,Keybanc,,,main,False,False,unknown,False,False,False,False,False
879,TSLA,2025-01-03,buy,True,True,True,False,ok,,buy,2.3617,41.0,412.25366,450.0,600.0,123.0,0.004418812854024123,True,False,False,False,True,2025-01-03,Canaccord Genuity,,,main,False,False,unknown,False,False,False,False,False
880,NFLX,2025-01-03,buy,False,True,True,False,ok,,buy,1.68,44.0,114.555,115.0,151.4,80.0,0.30020992719234574,True,False,False,False,True,2025-01-03,Benchmark,,,main,False,False,unknown,False,False,False,False,False
881,NFLX,2026-01-12,buy,False,True,True,False,ok,,buy,1.68,44.0,114.555,115.0,151.4,80.0,0.2812324718486361,True,False,False,False,True,2026-01-12,HSBC,,,init,False,False,unknown,False,False,False,False,False
882,NFLX,2026-01-12,buy,False,True,True,False,ok,,buy,1.68,44.0,114.555,115.0,151.4,80.0,0.2812324718486361,True,False,False,False,True,2026-01-12,HSBC,,,init,False,False,unknown,False,False,False,False,False
883,MSFT,2026-01-12,buy,False,True,True,False,ok,,strong_buy,1.30909,54.0,561.5561,562.5,870.0,400.0,0.1795084559299096,True,False,False,False,True,2026-01-12,Barclays,,,main,False,False,unknown,False,False,False,False,False
884,AMZN,2026-01-12,buy,True,True,True,False,ok,,strong_buy,1.34848,62.0,311.55145,317.0,370.0,207.0,0.26405423969231556,True,False,False,False,True,2026-01-12,Wells Fargo,,,main,False,False,unknown,False,False,False,False,False
885,AAPL,2024-12-06,buy,True,True,True,False,ok,,buy,1.95833,43.0,308.06512,310.0,400.0,215.0,0.2766981309542018,True,False,False,False,True,2024-12-03,HSBC,,,init,False,False,unknown,False,False,False,False,False
886,GOOGL,2024-12-06,buy,False,True,True,False,ok,,strong_buy,1.39683,52.0,427.88712,430.0,515.0,334.22,1.463270586188262,True,False,False,False,True,2024-11-06,Loop Capital,,,main,False,False,unknown,False,False,False,False,False
887,TSLA,2024-04-22,buy,True,True,True,False,ok,,buy,2.3617,41.0,412.25366,450.0,600.0,123.0,1.902172834517926,True,False,False,False,True,2024-04-22,Piper Sandler,,,main,False,False,unknown,False,False,False,False,False
888,MSFT,2024-04-22,sell,False,True,True,False,ok,,strong_buy,1.30909,54.0,561.5561,562.5,870.0,400.0,0.4220252158937623,False,False,False,True,True,2024-04-22,Stifel,,,main,False,False,unknown,False,False,False,False,False
889,GOOGL,2024-04-22,sell,False,True,True,False,ok,,strong_buy,1.39683,52.0,427.88712,430.0,515.0,334.22,1.7605810878626817,False,False,False,True,True,2024-04-22,Keybanc,,,main,False,False,unknown,False,False,False,False,False
890,GOOGL,2024-04-22,sell,False,True,True,False,ok,,strong_buy,1.39683,52.0,427.88712,430.0,515.0,334.22,1.7605810878626817,False,False,False,True,True,2024-04-22,Keybanc,,,main,False,False,unknown,False,False,False,False,False
891,AMZN,2025-05-14,buy,True,True,True,False,ok,,strong_buy,1.34848,62.0,311.55145,317.0,370.0,207.0,0.48181426872770516,True,False,False,False,True,2025-05-06,Tigress Financial,,,main,False,False,unknown,False,False,False,False,False
892,TSLA,2024-11-11,sell,True,True,True,False,ok,,buy,2.3617,41.0,412.25366,450.0,600.0,123.0,0.17786760000000013,False,False,False,True,True,2024-11-11,Wedbush,,,main,False,False,unknown,False,False,False,False,False
893,AMZN,2024-11-11,buy,True,True,True,False,ok,,strong_buy,1.34848,62.0,311.55145,317.0,370.0,207.0,0.5062437416168504,True,False,False,False,True,2024-11-06,Needham,,,reit,False,False,unknown,False,False,False,False,False
894,MSFT,2024-11-11,buy,False,True,True,False,ok,,strong_buy,1.30909,54.0,561.5561,562.5,870.0,400.0,0.3591174142522502,True,False,False,False,True,2024-11-05,RBC Capital,,,reit,False,False,unknown,False,False,False,False,False
895,NFLX,2024-11-11,buy,False,True,True,False,ok,,buy,1.68,44.0,114.555,115.0,151.4,80.0,0.422266113217284,True,False,False,False,True,2024-10-29,Guggenheim,,,main,False,False,unknown,False,False,False,False,False
896,UBER,2025-12-17,buy,False,True,True,False,ok,,buy,1.51923,50.0,104.9312,107.0,150.0,70.0,0.32589336377635947,True,False,False,False,True,2025-12-08,Morgan Stanley,,,main,False,False,unknown,False,False,False,False,False
897,PYPL,2025-12-17,buy,False,True,True,False,ok,,hold,2.88636,34.0,52.52618,48.0,147.39,32.0,-0.12453951010560271,False,False,True,False,False,2025-12-12,Baird,,,down,False,False,unknown,False,False,False,False,False
898,META,2026-01-26,sell,False,True,False,True,ok,,strong_buy,1.34921,58.0,826.69104,825.0,1015.0,614.0,0.2305890997501301,False,False,False,True,True,,,,,,,,,,,,,
899,AAPL,2024-05-06,sell,True,True,True,False,ok,,buy,1.95833,43.0,308.06512,310.0,400.0,215.0,0.7123722977597484,False,False,False,True,True,2024-05-03,Needham,,,reit,False,False,unknown,False,False,False,False,False
900,AAPL,2024-05-06,sell,True,True,True,False,ok,,buy,1.95833,43.0,308.06512,310.0,400.0,215.0,0.7123722977597484,False,False,False,True,True,2024-05-03,Needham,,,reit,False,False,unknown,False,False,False,False,False
901,AAPL,2024-05-06,sell,True,True,True,False,ok,,buy,1.95833,43.0,308.06512,310.0,400.0,215.0,0.7123722977597484,False,False,False,True,True,2024-05-03,Needham,,,reit,False,False,unknown,False,False,False,False,False
902,AAPL,2024-05-06,sell,True,True,True,False,ok,,buy,1.95833,43.0,308.06512,310.0,400.0,215.0,0.7123722977597484,False,False,False,True,True,2024-05-03,Needham,,,reit,False,False,unknown,False,False,False,False,False
903,AAPL,2024-05-06,sell,True,True,True,False,ok,,buy,1.95833,43.0,308.06512,310.0,400.0,215.0,0.7123722977597484,False,False,False,True,True,2024-05-03,Needham,,,reit,False,False,unknown,False,False,False,False,False
904,AAPL,2024-05-06,sell,True,True,True,False,ok,,buy,1.95833,43.0,308.06512,310.0,400.0,215.0,0.7123722977597484,False,False,False,True,True,2024-05-03,Needham,,,reit,False,False,unknown,False,False,False,False,False
905,AAPL,2024-05-06,buy,True,True,True,False,ok,,buy,1.95833,43.0,308.06512,310.0,400.0,215.0,0.7123722977597484,True,False,False,False,True,2024-05-03,Needham,,,reit,False,False,unknown,False,False,False,False,False
906,AAPL,2024-05-06,sell,True,True,True,False,ok,,buy,1.95833,43.0,308.06512,310.0,400.0,215.0,0.7123722977597484,False,False,False,True,True,2024-05-03,Needham,,,reit,False,False,unknown,False,False,False,False,False
907,AAPL,2024-05-06,sell,True,True,True,False,ok,,buy,1.95833,43.0,308.06512,310.0,400.0,215.0,0.7123722977597484,False,False,False,True,True,2024-05-03,Needham,,,reit,False,False,unknown,False,False,False,False,False
908,NFLX,2024-12-20,buy,False,True,True,False,ok,,buy,1.68,44.0,114.555,115.0,151.4,80.0,0.260161724198706,True,False,False,False,True,2024-12-19,UBS,,,main,False,False,unknown,False,False,False,False,False
909,NVDA,2024-12-20,sell,True,True,True,False,ok,,strong_buy,1.29508,57.0,272.93738,275.0,380.0,140.0,1.0269252501136852,False,False,False,True,True,2024-12-20,Morgan Stanley,,,main,False,False,unknown,False,False,False,False,False
910,NVDA,2024-12-20,buy,True,True,True,False,ok,,strong_buy,1.29508,57.0,272.93738,275.0,380.0,140.0,1.0269252501136852,True,False,False,False,True,2024-12-20,Morgan Stanley,,,main,False,False,unknown,False,False,False,False,False
911,NVDA,2024-12-20,buy,True,True,True,False,ok,,strong_buy,1.29508,57.0,272.93738,275.0,380.0,140.0,1.0269252501136852,True,False,False,False,True,2024-12-20,Morgan Stanley,,,main,False,False,unknown,False,False,False,False,False
912,MSFT,2024-12-20,buy,False,True,True,False,ok,,strong_buy,1.30909,54.0,561.5561,562.5,870.0,400.0,0.298648149548139,True,False,False,False,True,2024-12-18,UBS,,,main,False,False,unknown,False,False,False,False,False
913,GOOGL,2024-12-20,buy,False,True,True,False,ok,,strong_buy,1.39683,52.0,427.88712,430.0,515.0,334.22,1.2457830354563217,True,False,False,False,True,2024-12-18,JP Morgan,,,main,False,False,unknown,False,False,False,False,False
914,AMZN,2024-12-20,buy,True,True,True,False,ok,,strong_buy,1.34848,62.0,311.55145,317.0,370.0,207.0,0.38516562571720603,True,False,False,False,True,2024-12-20,Tigress Financial,,,main,False,False,unknown,False,False,False,False,False
915,AMD,2026-01-20,buy,True,True,True,False,ok,,buy,1.5098,48.0,457.83334,474.0,625.0,225.0,0.9741003087904694,True,False,False,False,True,2026-01-15,RBC Capital,,,init,False,False,unknown,False,False,False,False,False
916,MSFT,2026-01-14,buy,False,True,True,False,ok,,strong_buy,1.30909,54.0,561.5561,562.5,870.0,400.0,0.2252118134710197,True,False,False,False,True,2026-01-12,Barclays,,,main,False,False,unknown,False,False,False,False,False
917,NFLX,2026-01-14,buy,False,True,True,False,ok,,buy,1.68,44.0,114.555,115.0,151.4,80.0,0.29367584474324837,True,False,False,False,True,2026-01-13,TD Cowen,,,main,False,False,unknown,False,False,False,False,False
918,NVDA,2026-01-14,buy,True,True,True,False,ok,,strong_buy,1.29508,57.0,272.93738,275.0,380.0,140.0,0.4904016764813197,True,False,False,False,True,2026-01-09,Mizuho,,,main,False,False,unknown,False,False,False,False,False
919,MSFT,2025-01-30,buy,False,True,True,False,ok,,strong_buy,1.30909,54.0,561.5561,562.5,870.0,400.0,0.3662733279309276,True,False,False,False,True,2025-01-30,JP Morgan,,,reit,False,False,unknown,False,False,False,False,False
920,AAPL,2025-12-15,buy,True,True,True,False,ok,,buy,1.95833,43.0,308.06512,310.0,400.0,215.0,0.12596219882728876,True,False,False,False,True,2025-12-09,Citigroup,,,main,False,False,unknown,False,False,False,False,False
921,AMD,2026-04-28,buy,True,True,True,False,ok,,buy,1.5098,48.0,457.83334,474.0,625.0,225.0,0.41651976146793324,True,False,False,False,True,2026-04-27,Northland Capital Markets,,,down,False,False,unknown,False,False,False,False,False
922,AMD,2026-04-28,sell,True,True,True,False,ok,,buy,1.5098,48.0,457.83334,474.0,625.0,225.0,0.41651976146793324,False,False,False,True,True,2026-04-27,Northland Capital Markets,,,down,False,False,unknown,False,False,False,False,False
923,AMD,2026-04-28,buy,True,True,True,False,ok,,buy,1.5098,48.0,457.83334,474.0,625.0,225.0,0.41651976146793324,True,False,False,False,True,2026-04-27,Northland Capital Markets,,,down,False,False,unknown,False,False,False,False,False
924,DIS,2025-05-21,sell,False,True,True,False,ok,,strong_buy,1.46667,29.0,130.66553,132.0,164.0,77.0,0.19600386429827066,False,False,False,True,True,2025-05-08,Needham,,,reit,False,False,unknown,False,False,False,False,False
925,GOOGL,2025-09-17,sell,False,True,True,False,ok,,strong_buy,1.39683,52.0,427.88712,430.0,515.0,334.22,0.7171018119587445,False,False,False,True,True,2025-09-15,Citigroup,,,main,False,False,unknown,False,False,False,False,False
926,GOOGL,2025-09-17,buy,False,True,True,False,ok,,strong_buy,1.39683,52.0,427.88712,430.0,515.0,334.22,0.7171018119587445,True,False,False,False,True,2025-09-15,Citigroup,,,main,False,False,unknown,False,False,False,False,False
927,AAPL,2025-03-12,buy,True,True,True,False,ok,,buy,1.95833,43.0,308.06512,310.0,400.0,215.0,0.4272876056737305,True,False,False,False,True,2025-03-12,Morgan Stanley,,,main,False,False,unknown,False,False,False,False,False
928,AAPL,2025-03-12,sell,True,True,True,False,ok,,buy,1.95833,43.0,308.06512,310.0,400.0,215.0,0.4272876056737305,False,False,False,True,True,2025-03-12,Morgan Stanley,,,main,False,False,unknown,False,False,False,False,False
929,TSLA,2024-12-30,buy,True,True,True,False,ok,,buy,2.3617,41.0,412.25366,450.0,600.0,123.0,-0.012353186595602916,True,False,False,False,True,2024-12-18,Baird,,,main,False,False,unknown,False,False,False,False,False
930,AAPL,2024-05-03,buy,True,True,True,False,ok,,buy,1.95833,43.0,308.06512,310.0,400.0,215.0,0.6967781452975894,True,False,False,False,True,2024-05-03,Needham,,,reit,False,False,unknown,False,False,False,False,False
931,AMZN,2024-04-11,buy,True,True,True,False,ok,,strong_buy,1.34848,62.0,311.55145,317.0,370.0,207.0,0.6479843690597769,True,False,False,False,True,2024-04-11,MoffettNathanson,,,reit,False,False,unknown,False,False,False,False,False
932,AMZN,2024-04-11,sell,True,True,True,False,ok,,strong_buy,1.34848,62.0,311.55145,317.0,370.0,207.0,0.6479843690597769,False,False,False,True,True,2024-04-11,MoffettNathanson,,,reit,False,False,unknown,False,False,False,False,False
933,AMZN,2024-04-11,buy,True,True,True,False,ok,,strong_buy,1.34848,62.0,311.55145,317.0,370.0,207.0,0.6479843690597769,True,False,False,False,True,2024-04-11,MoffettNathanson,,,reit,False,False,unknown,False,False,False,False,False
934,META,2026-01-13,sell,False,True,False,True,ok,,strong_buy,1.34921,58.0,826.69104,825.0,1015.0,614.0,0.3110630654846891,False,False,False,True,True,,,,,,,,,,,,,
935,AMZN,2026-01-13,buy,True,True,True,False,ok,,strong_buy,1.34848,62.0,311.55145,317.0,370.0,207.0,0.28421864040293254,True,False,False,False,True,2026-01-13,TD Cowen,,,main,False,False,unknown,False,False,False,False,False
936,GOOGL,2025-03-06,buy,False,True,True,False,ok,,strong_buy,1.39683,52.0,427.88712,430.0,515.0,334.22,1.494141349002486,True,False,False,False,True,2025-02-05,Rosenblatt,,,main,False,False,unknown,False,False,False,False,False
937,UBER,2025-03-06,buy,False,True,True,False,ok,,buy,1.51923,50.0,104.9312,107.0,150.0,70.0,0.39982925935941793,True,False,False,False,True,2025-03-06,Truist Securities,,,main,False,False,unknown,False,False,False,False,False
938,UBER,2025-03-06,buy,False,True,True,False,ok,,buy,1.51923,50.0,104.9312,107.0,150.0,70.0,0.39982925935941793,True,False,False,False,True,2025-03-06,Truist Securities,,,main,False,False,unknown,False,False,False,False,False
939,AMD,2025-03-06,buy,True,True,True,False,ok,,buy,1.5098,48.0,457.83334,474.0,625.0,225.0,3.6315968342666256,True,False,False,False,True,2025-02-25,Citigroup,,,down,False,False,unknown,False,False,False,False,False
940,GOOGL,2024-04-24,buy,False,True,True,False,ok,,strong_buy,1.39683,52.0,427.88712,430.0,515.0,334.22,1.7111390140630736,True,False,False,False,True,2024-04-22,Keybanc,,,main,False,False,unknown,False,False,False,False,False
941,NVDA,2026-01-13,sell,True,True,True,False,ok,,strong_buy,1.29508,57.0,272.93738,275.0,380.0,140.0,0.46898528082216817,False,False,False,True,True,2026-01-09,Mizuho,,,main,False,False,unknown,False,False,False,False,False
942,NVDA,2026-01-13,buy,True,True,True,False,ok,,strong_buy,1.29508,57.0,272.93738,275.0,380.0,140.0,0.46898528082216817,True,False,False,False,True,2026-01-09,Mizuho,,,main,False,False,unknown,False,False,False,False,False
943,UBER,2026-01-05,buy,False,True,True,False,ok,,buy,1.51923,50.0,104.9312,107.0,150.0,70.0,0.2996185629958481,True,False,False,False,True,2025-12-19,Wedbush,,,main,False,False,unknown,False,False,False,False,False
944,NFLX,2026-01-05,buy,False,True,True,False,ok,,buy,1.68,44.0,114.555,115.0,151.4,80.0,0.25251477308890813,True,False,False,False,True,2026-01-05,CFRA,,,down,False,False,unknown,False,False,False,False,False
945,AMZN,2025-03-17,buy,True,True,True,False,ok,,strong_buy,1.34848,62.0,311.55145,317.0,370.0,207.0,0.5916595548010264,True,False,False,False,True,2025-02-25,Wells Fargo,,,main,False,False,unknown,False,False,False,False,False
946,AAPL,2026-05-04,buy,True,True,True,False,ok,,buy,1.95833,43.0,308.06512,310.0,400.0,215.0,0.11385677100989033,True,False,False,False,True,2026-05-01,Needham,,,reit,False,False,unknown,False,False,False,False,False
947,AAPL,2026-05-04,buy,True,True,True,False,ok,,buy,1.95833,43.0,308.06512,310.0,400.0,215.0,0.11385677100989033,True,False,False,False,True,2026-05-01,Needham,,,reit,False,False,unknown,False,False,False,False,False
948,AMZN,2026-02-19,buy,True,True,True,False,ok,,strong_buy,1.34848,62.0,311.55145,317.0,370.0,207.0,0.5208017625294166,True,False,False,False,True,2026-02-09,Citigroup,,,main,False,False,unknown,False,False,False,False,False
949,GOOGL,2026-02-19,sell,False,True,True,False,ok,,strong_buy,1.39683,52.0,427.88712,430.0,515.0,334.22,0.41386272156927917,False,False,False,True,True,2026-02-19,Tigress Financial,,,main,False,False,unknown,False,False,False,False,False
950,NVDA,2026-02-19,buy,True,True,True,False,ok,,strong_buy,1.29508,57.0,272.93738,275.0,380.0,140.0,0.45264582845496704,True,False,False,False,True,2026-02-18,Needham,,,reit,False,False,unknown,False,False,False,False,False
951,MSFT,2026-05-05,buy,False,True,True,False,ok,,strong_buy,1.30909,54.0,561.5561,562.5,870.0,400.0,0.3650544346703659,True,False,False,False,True,2026-05-01,Stifel,,,main,False,False,unknown,False,False,False,False,False
952,NFLX,2025-03-21,buy,False,True,True,False,ok,,buy,1.68,44.0,114.555,115.0,151.4,80.0,0.19292089682191071,True,False,False,False,True,2025-03-17,MoffettNathanson,,,up,False,False,unknown,False,False,False,False,False
953,TSLA,2025-03-21,buy,True,True,True,False,ok,,buy,2.3617,41.0,412.25366,450.0,600.0,123.0,0.6575676445310241,True,False,False,False,True,2025-03-21,Morgan Stanley,,,main,False,False,unknown,False,False,False,False,False
954,AMZN,2026-02-20,buy,True,True,True,False,ok,,strong_buy,1.34848,62.0,311.55145,317.0,370.0,207.0,0.4828016234114021,True,False,False,False,True,2026-02-09,Citigroup,,,main,False,False,unknown,False,False,False,False,False
955,GOOGL,2026-03-31,sell,False,True,True,False,ok,,strong_buy,1.39683,52.0,427.88712,430.0,515.0,334.22,0.4879925011573034,False,False,False,True,True,2026-03-27,Needham,,,reit,False,False,unknown,False,False,False,False,False
956,MSFT,2024-09-25,buy,False,True,True,False,ok,,strong_buy,1.30909,54.0,561.5561,562.5,870.0,400.0,0.31476861452597626,True,False,False,False,True,2024-09-23,DA Davidson,,,down,False,False,unknown,False,False,False,False,False
957,MSFT,2024-09-25,buy,False,True,True,False,ok,,strong_buy,1.30909,54.0,561.5561,562.5,870.0,400.0,0.31476861452597626,True,False,False,False,True,2024-09-23,DA Davidson,,,down,False,False,unknown,False,False,False,False,False
958,UBER,2026-02-02,buy,False,True,True,False,ok,,buy,1.51923,50.0,104.9312,107.0,150.0,70.0,0.29801094450096555,True,False,False,False,True,2026-01-27,Stifel,,,main,False,False,unknown,False,False,False,False,False
959,MSFT,2024-10-30,sell,False,True,True,False,ok,,strong_buy,1.30909,54.0,561.5561,562.5,870.0,400.0,0.3134919747667171,False,False,False,True,True,2024-10-28,Truist Securities,,,main,False,False,unknown,False,False,False,False,False
960,NFLX,2026-02-18,buy,False,True,True,False,ok,,buy,1.68,44.0,114.555,115.0,151.4,80.0,0.468842199484363,True,False,False,False,True,2026-01-27,Freedom Broker,,,up,False,False,unknown,False,False,False,False,False
961,GOOGL,2025-12-23,buy,False,True,True,False,ok,,strong_buy,1.39683,52.0,427.88712,430.0,515.0,334.22,0.3621387686895696,True,False,False,False,True,2025-12-22,Citigroup,,,main,False,False,unknown,False,False,False,False,False
962,GOOGL,2025-11-20,buy,False,True,True,False,ok,,strong_buy,1.39683,52.0,427.88712,430.0,515.0,334.22,0.48028471247478044,True,False,False,False,True,2025-11-18,Loop Capital,,,up,False,False,unknown,False,False,False,False,False
963,GOOGL,2025-11-20,buy,False,True,True,False,ok,,strong_buy,1.39683,52.0,427.88712,430.0,515.0,334.22,0.48028471247478044,True,False,False,False,True,2025-11-18,Loop Capital,,,up,False,False,unknown,False,False,False,False,False
964,AAPL,2025-11-20,sell,True,True,True,False,ok,,buy,1.95833,43.0,308.06512,310.0,400.0,215.0,0.15920176072921688,False,False,False,True,True,2025-11-04,Rosenblatt,,,main,False,False,unknown,False,False,False,False,False
965,GOOGL,2024-10-11,buy,False,True,True,False,ok,,strong_buy,1.39683,52.0,427.88712,430.0,515.0,334.22,1.636350895366184,True,False,False,False,True,2024-10-09,BMO Capital,,,reit,False,False,unknown,False,False,False,False,False
966,MSFT,2024-09-30,buy,False,True,True,False,ok,,strong_buy,1.30909,54.0,561.5561,562.5,870.0,400.0,0.32029898187908956,True,False,False,False,True,2024-09-27,DA Davidson,,,main,False,False,unknown,False,False,False,False,False
967,MSFT,2021-03-08,buy,False,True,True,False,ok,,strong_buy,1.30909,54.0,561.5561,562.5,870.0,400.0,1.5736520333640591,True,False,False,False,True,2021-03-05,Morgan Stanley,,,main,False,False,unknown,False,False,False,False,False
968,MSFT,2024-12-06,buy,False,True,True,False,ok,,strong_buy,1.30909,54.0,561.5561,562.5,870.0,400.0,0.27824187811713985,True,False,False,False,True,2024-11-05,RBC Capital,,,reit,False,False,unknown,False,False,False,False,False
969,AAPL,2025-06-25,buy,True,True,True,False,ok,,buy,1.95833,43.0,308.06512,310.0,400.0,215.0,0.5344675052509116,True,False,False,False,True,2025-06-10,Needham,,,reit,False,False,unknown,False,False,False,False,False
970,GOOGL,2025-06-25,buy,False,True,True,False,ok,,strong_buy,1.39683,52.0,427.88712,430.0,515.0,334.22,1.5126062860938374,True,False,False,False,True,2025-06-25,Cantor Fitzgerald,,,reit,False,False,unknown,False,False,False,False,False
971,GOOGL,2025-11-14,buy,False,True,True,False,ok,,strong_buy,1.39683,52.0,427.88712,430.0,515.0,334.22,0.5501190585371218,True,False,False,False,True,2025-11-10,Freedom Broker,,,main,False,False,unknown,False,False,False,False,False
972,HOOD,2026-02-09,sell,False,True,True,False,ok,,buy,1.92593,24.0,98.43792,97.5,155.0,52.0,0.13722184353535716,False,False,False,True,True,2026-02-09,Keybanc,,,main,False,False,unknown,False,False,False,False,False
973,PYPL,2026-02-09,sell,False,True,True,False,ok,,hold,2.88636,34.0,52.52618,48.0,147.39,32.0,0.28032107092513536,False,False,True,False,False,2026-02-09,Cantor Fitzgerald,,,main,False,False,unknown,False,False,False,False,False
974,PYPL,2026-02-09,buy,False,True,True,False,ok,,hold,2.88636,34.0,52.52618,48.0,147.39,32.0,0.28032107092513536,False,False,True,False,False,2026-02-09,Cantor Fitzgerald,,,main,False,False,unknown,False,False,False,False,False
975,AMD,2026-01-26,buy,True,True,True,False,ok,,buy,1.5098,48.0,457.83334,474.0,625.0,225.0,0.8217872127958405,True,False,False,False,True,2026-01-26,Piper Sandler,,,main,False,False,unknown,False,False,False,False,False
976,PYPL,2025-07-29,buy,False,True,True,False,ok,,hold,2.88636,34.0,52.52618,48.0,147.39,32.0,-0.26092362922854484,False,False,True,False,False,2025-07-18,Barclays,,,main,False,False,unknown,False,False,False,False,False
977,AMD,2026-02-19,buy,True,True,True,False,ok,,buy,1.5098,48.0,457.83334,474.0,625.0,225.0,1.2512334709758122,True,False,False,False,True,2026-02-13,DA Davidson,,,init,False,False,unknown,False,False,False,False,False
978,AMD,2026-02-19,buy,True,True,True,False,ok,,buy,1.5098,48.0,457.83334,474.0,625.0,225.0,1.2512334709758122,True,False,False,False,True,2026-02-13,DA Davidson,,,init,False,False,unknown,False,False,False,False,False
979,NVDA,2026-02-19,sell,True,True,True,False,ok,,strong_buy,1.29508,57.0,272.93738,275.0,380.0,140.0,0.45264582845496704,False,False,False,True,True,2026-02-18,Needham,,,reit,False,False,unknown,False,False,False,False,False
980,SOFI,2026-02-19,buy,False,True,True,False,ok,,hold,2.70833,20.0,21.1,18.5,31.0,12.0,0.09326429192199281,False,False,True,False,False,2026-02-18,Truist Securities,,,main,False,False,unknown,False,False,False,False,False
981,AAPL,2026-02-19,sell,True,True,True,False,ok,,buy,1.95833,43.0,308.06512,310.0,400.0,215.0,0.18331789154741762,False,False,False,True,True,2026-02-17,Wedbush,,,reit,False,False,unknown,False,False,False,False,False
982,AAPL,2025-03-28,sell,True,True,True,False,ok,,buy,1.95833,43.0,308.06512,310.0,400.0,215.0,0.4212615478067383,False,False,False,True,True,2025-03-18,Evercore ISI Group,,,main,False,False,unknown,False,False,False,False,False
983,NVDA,2025-03-28,sell,True,True,True,False,ok,,strong_buy,1.29508,57.0,272.93738,275.0,380.0,140.0,1.4893014589765143,False,False,False,True,True,2025-03-20,Benchmark,,,reit,False,False,unknown,False,False,False,False,False
984,AMZN,2025-03-28,buy,True,True,True,False,ok,,strong_buy,1.34848,62.0,311.55145,317.0,370.0,207.0,0.6166015360450885,True,False,False,False,True,2025-03-20,Citizens Capital Markets,,,reit,False,False,unknown,False,False,False,False,False
985,PYPL,2024-08-01,buy,False,True,True,False,ok,,hold,2.88636,34.0,52.52618,48.0,147.39,32.0,-0.191440648321485,False,False,True,False,False,2024-08-01,Barclays,,,main,False,False,unknown,False,False,False,False,False
986,PYPL,2024-08-01,buy,False,True,True,False,ok,,hold,2.88636,34.0,52.52618,48.0,147.39,32.0,-0.191440648321485,False,False,True,False,False,2024-08-01,Barclays,,,main,False,False,unknown,False,False,False,False,False
987,PYPL,2024-08-01,buy,False,True,True,False,ok,,hold,2.88636,34.0,52.52618,48.0,147.39,32.0,-0.191440648321485,False,False,True,False,False,2024-08-01,Barclays,,,main,False,False,unknown,False,False,False,False,False
988,NVDA,2026-03-23,buy,True,True,True,False,ok,,strong_buy,1.29508,57.0,272.93738,275.0,380.0,140.0,0.5539591263292041,True,False,False,False,True,2026-03-23,Cantor Fitzgerald,,,reit,False,False,unknown,False,False,False,False,False
989,GOOGL,2026-01-09,buy,False,True,True,False,ok,,strong_buy,1.39683,52.0,427.88712,430.0,515.0,334.22,0.3031875381224738,True,False,False,False,True,2026-01-09,Mizuho,,,main,False,False,unknown,False,False,False,False,False
990,GOOGL,2026-01-09,buy,False,True,True,False,ok,,strong_buy,1.39683,52.0,427.88712,430.0,515.0,334.22,0.3031875381224738,True,False,False,False,True,2026-01-09,Mizuho,,,main,False,False,unknown,False,False,False,False,False
991,UBER,2026-01-09,buy,False,True,True,False,ok,,buy,1.51923,50.0,104.9312,107.0,150.0,70.0,0.2281273057308324,True,False,False,False,True,2026-01-08,Wells Fargo,,,main,False,False,unknown,False,False,False,False,False
992,AAPL,2026-01-09,sell,True,True,True,False,ok,,buy,1.95833,43.0,308.06512,310.0,400.0,215.0,0.18995056180071956,False,False,False,True,True,2026-01-09,Evercore ISI Group,,,main,False,False,unknown,False,False,False,False,False
993,TSLA,2024-11-05,buy,True,True,True,False,ok,,buy,2.3617,41.0,412.25366,450.0,600.0,123.0,0.6395706967751427,True,False,False,False,True,2024-10-29,Barclays,,,main,False,False,unknown,False,False,False,False,False
994,TSLA,2024-11-05,sell,True,True,True,False,ok,,buy,2.3617,41.0,412.25366,450.0,600.0,123.0,0.6395706967751427,False,False,False,True,True,2024-10-29,Barclays,,,main,False,False,unknown,False,False,False,False,False
995,GOOGL,2025-07-02,buy,False,True,True,False,ok,,strong_buy,1.39683,52.0,427.88712,430.0,515.0,334.22,1.4006471948231236,True,False,False,False,True,2025-07-02,Truist Securities,,,reit,False,False,unknown,False,False,False,False,False
996,AMD,2025-07-09,buy,True,True,True,False,ok,,buy,1.5098,48.0,457.83334,474.0,625.0,225.0,2.307805273365041,True,False,False,False,True,2025-07-07,Citigroup,,,main,False,False,unknown,False,False,False,False,False
997,GOOGL,2025-07-09,buy,False,True,True,False,ok,,strong_buy,1.39683,52.0,427.88712,430.0,515.0,334.22,1.4281033591596661,True,False,False,False,True,2025-07-08,Wells Fargo,,,main,False,False,unknown,False,False,False,False,False
998,AAPL,2022-10-03,buy,True,True,True,False,ok,,buy,1.95833,43.0,308.06512,310.0,400.0,215.0,1.202972078136752,True,False,False,False,True,2022-09-29,B of A Securities,,,down,False,False,unknown,False,False,False,False,False
999,AAPL,2022-10-03,buy,True,True,True,False,ok,,buy,1.95833,43.0,308.06512,310.0,400.0,215.0,1.202972078136752,True,False,False,False,True,2022-09-29,B of A Securities,,,down,False,False,unknown,False,False,False,False,False
1000,AAPL,2022-10-03,sell,True,True,True,False,ok,,buy,1.95833,43.0,308.06512,310.0,400.0,215.0,1.202972078136752,False,False,False,True,True,2022-09-29,B of A Securities,,,down,False,False,unknown,False,False,False,False,False
1001,AAPL,2022-10-03,sell,True,True,True,False,ok,,buy,1.95833,43.0,308.06512,310.0,400.0,215.0,1.202972078136752,False,False,False,True,True,2022-09-29,B of A Securities,,,down,False,False,unknown,False,False,False,False,False
1002,UBER,2025-02-05,buy,False,True,True,False,ok,,buy,1.51923,50.0,104.9312,107.0,150.0,70.0,0.6273448284291483,True,False,False,False,True,2025-02-05,Needham,,,reit,False,False,unknown,False,False,False,False,False
1003,NFLX,2025-02-05,buy,False,True,True,False,ok,,buy,1.68,44.0,114.555,115.0,151.4,80.0,0.13296278279167884,True,False,False,False,True,2025-01-23,Wolfe Research,,,up,False,False,unknown,False,False,False,False,False
1004,AMZN,2024-09-26,buy,True,True,True,False,ok,,strong_buy,1.34848,62.0,311.55145,317.0,370.0,207.0,0.6297941202736748,True,False,False,False,True,2024-09-23,Cantor Fitzgerald,,,reit,False,False,unknown,False,False,False,False,False
1005,NVDA,2026-02-11,sell,True,True,True,False,ok,,strong_buy,1.29508,57.0,272.93738,275.0,380.0,140.0,0.4362122927279848,False,False,False,True,True,2026-01-16,Jefferies,,,main,False,False,unknown,False,False,False,False,False
1006,NVDA,2025-03-07,buy,True,True,True,False,ok,,strong_buy,1.29508,57.0,272.93738,275.0,380.0,140.0,1.422812885551327,True,False,False,False,True,2025-02-27,Rosenblatt,,,main,False,False,unknown,False,False,False,False,False
1007,AMZN,2026-05-04,buy,True,True,True,False,ok,,strong_buy,1.34848,62.0,311.55145,317.0,370.0,207.0,0.14519927946878664,True,False,False,False,True,2026-05-01,Stifel,,,main,False,False,unknown,False,False,False,False,False
1008,AMZN,2025-04-04,buy,True,True,True,False,ok,,strong_buy,1.34848,62.0,311.55145,317.0,370.0,207.0,0.8219383040935673,True,False,False,False,True,2025-04-01,WestPark Capital,,,init,False,False,unknown,False,False,False,False,False
1009,TSLA,2026-01-05,buy,True,True,True,False,ok,,buy,2.3617,41.0,412.25366,450.0,600.0,123.0,-0.08726803253685744,True,False,False,False,True,2026-01-02,Truist Securities,,,main,False,False,unknown,False,False,False,False,False
1010,AMZN,2025-02-28,buy,True,True,True,False,ok,,strong_buy,1.34848,62.0,311.55145,317.0,370.0,207.0,0.4676439221384845,True,False,False,False,True,2025-02-25,Wells Fargo,,,main,False,False,unknown,False,False,False,False,False
1011,TSLA,2025-02-28,buy,True,True,True,False,ok,,buy,2.3617,41.0,412.25366,450.0,600.0,123.0,0.4071050738653901,True,False,False,False,True,2025-02-25,Guggenheim,,,reit,False,False,unknown,False,False,False,False,False
1012,GOOGL,2025-02-28,buy,False,True,True,False,ok,,strong_buy,1.39683,52.0,427.88712,430.0,515.0,334.22,1.524461420489307,True,False,False,False,True,2025-02-05,Rosenblatt,,,main,False,False,unknown,False,False,False,False,False
1013,GOOGL,2025-02-28,buy,False,True,True,False,ok,,strong_buy,1.39683,52.0,427.88712,430.0,515.0,334.22,1.524461420489307,True,False,False,False,True,2025-02-05,Rosenblatt,,,main,False,False,unknown,False,False,False,False,False
1014,AAPL,2025-02-28,buy,True,True,True,False,ok,,buy,1.95833,43.0,308.06512,310.0,400.0,215.0,0.2805692190885367,True,False,False,False,True,2025-02-19,Goldman Sachs,,,reit,False,False,unknown,False,False,False,False,False
1015,NVDA,2025-02-28,buy,True,True,True,False,ok,,strong_buy,1.29508,57.0,272.93738,275.0,380.0,140.0,1.1856132846868288,True,False,False,False,True,2025-02-27,Rosenblatt,,,main,False,False,unknown,False,False,False,False,False
1016,NVDA,2025-02-28,buy,True,True,True,False,ok,,strong_buy,1.29508,57.0,272.93738,275.0,380.0,140.0,1.1856132846868288,True,False,False,False,True,2025-02-27,Rosenblatt,,,main,False,False,unknown,False,False,False,False,False
1017,MSFT,2025-02-28,buy,False,True,True,False,ok,,strong_buy,1.30909,54.0,561.5561,562.5,870.0,400.0,0.42536379402336344,True,False,False,False,True,2025-01-30,JP Morgan,,,reit,False,False,unknown,False,False,False,False,False
1018,MSFT,2025-02-28,buy,False,True,True,False,ok,,strong_buy,1.30909,54.0,561.5561,562.5,870.0,400.0,0.42536379402336344,True,False,False,False,True,2025-01-30,JP Morgan,,,reit,False,False,unknown,False,False,False,False,False
1019,AAPL,2024-11-27,sell,True,True,True,False,ok,,buy,1.95833,43.0,308.06512,310.0,400.0,215.0,0.3196840726057264,False,False,False,True,True,2024-11-25,Morgan Stanley,,,reit,False,False,unknown,False,False,False,False,False
1020,AAPL,2024-11-27,sell,True,True,True,False,ok,,buy,1.95833,43.0,308.06512,310.0,400.0,215.0,0.3196840726057264,False,False,False,True,True,2024-11-25,Morgan Stanley,,,reit,False,False,unknown,False,False,False,False,False
1021,AMZN,2025-02-14,buy,True,True,True,False,ok,,strong_buy,1.34848,62.0,311.55145,317.0,370.0,207.0,0.36239050191729083,True,False,False,False,True,2025-02-12,Loop Capital,,,main,False,False,unknown,False,False,False,False,False
1022,GOOGL,2025-02-14,buy,False,True,True,False,ok,,strong_buy,1.39683,52.0,427.88712,430.0,515.0,334.22,1.3207110513308784,True,False,False,False,True,2025-02-05,Rosenblatt,,,main,False,False,unknown,False,False,False,False,False
1023,TSLA,2025-01-30,buy,True,True,True,False,ok,,buy,2.3617,41.0,412.25366,450.0,600.0,123.0,0.029913213893320467,True,False,False,False,True,2025-01-30,Needham,,,reit,False,False,unknown,False,False,False,False,False
1024,MSFT,2026-02-25,buy,False,True,True,False,ok,,strong_buy,1.30909,54.0,561.5561,562.5,870.0,400.0,0.4017875472894854,True,False,False,False,True,2026-02-05,Stifel,,,down,False,False,unknown,False,False,False,False,False
1025,AMZN,2025-03-17,buy,True,True,True,False,ok,,strong_buy,1.34848,62.0,311.55145,317.0,370.0,207.0,0.5916595548010264,True,False,False,False,True,2025-02-25,Wells Fargo,,,main,False,False,unknown,False,False,False,False,False
1026,TSLA,2025-03-17,buy,True,True,True,False,ok,,buy,2.3617,41.0,412.25366,450.0,600.0,123.0,0.7320854985699334,True,False,False,False,True,2025-03-17,Mizuho,,,main,False,False,unknown,False,False,False,False,False
1027,TSLA,2025-03-17,buy,True,True,True,False,ok,,buy,2.3617,41.0,412.25366,450.0,600.0,123.0,0.7320854985699334,True,False,False,False,True,2025-03-17,Mizuho,,,main,False,False,unknown,False,False,False,False,False
1028,TSLA,2025-03-17,buy,True,True,True,False,ok,,buy,2.3617,41.0,412.25366,450.0,600.0,123.0,0.7320854985699334,True,False,False,False,True,2025-03-17,Mizuho,,,main,False,False,unknown,False,False,False,False,False
1029,NFLX,2025-03-17,buy,False,True,True,False,ok,,buy,1.68,44.0,114.555,115.0,151.4,80.0,0.205816733592449,True,False,False,False,True,2025-03-17,MoffettNathanson,,,up,False,False,unknown,False,False,False,False,False
1030,MSFT,2025-03-17,buy,False,True,True,False,ok,,strong_buy,1.30909,54.0,561.5561,562.5,870.0,400.0,0.45576314060730594,True,False,False,False,True,2025-03-13,DA Davidson,,,up,False,False,unknown,False,False,False,False,False
1031,GOOGL,2025-02-10,buy,False,True,True,False,ok,,strong_buy,1.39683,52.0,427.88712,430.0,515.0,334.22,1.3052785776562996,True,False,False,False,True,2025-02-05,Rosenblatt,,,main,False,False,unknown,False,False,False,False,False
1032,GOOGL,2025-02-10,buy,False,True,True,False,ok,,strong_buy,1.39683,52.0,427.88712,430.0,515.0,334.22,1.3052785776562996,True,False,False,False,True,2025-02-05,Rosenblatt,,,main,False,False,unknown,False,False,False,False,False
1033,GOOGL,2025-02-10,buy,False,True,True,False,ok,,strong_buy,1.39683,52.0,427.88712,430.0,515.0,334.22,1.3052785776562996,True,False,False,False,True,2025-02-05,Rosenblatt,,,main,False,False,unknown,False,False,False,False,False
1034,NVDA,2025-02-10,buy,True,True,True,False,ok,,strong_buy,1.29508,57.0,272.93738,275.0,380.0,140.0,1.0440729068690597,True,False,False,False,True,2025-01-28,Tigress Financial,,,up,False,False,unknown,False,False,False,False,False
1035,TSLA,2025-02-10,buy,True,True,True,False,ok,,buy,2.3617,41.0,412.25366,450.0,600.0,123.0,0.17541598120062263,True,False,False,False,True,2025-02-10,Needham,,,reit,False,False,unknown,False,False,False,False,False
1036,TSLA,2025-02-10,buy,True,True,True,False,ok,,buy,2.3617,41.0,412.25366,450.0,600.0,123.0,0.17541598120062263,True,False,False,False,True,2025-02-10,Needham,,,reit,False,False,unknown,False,False,False,False,False
1037,AMZN,2025-02-10,buy,True,True,True,False,ok,,strong_buy,1.34848,62.0,311.55145,317.0,370.0,207.0,0.336327746485501,True,False,False,False,True,2025-02-10,Bernstein,,,main,False,False,unknown,False,False,False,False,False
1038,MSFT,2025-02-10,buy,False,True,True,False,ok,,strong_buy,1.30909,54.0,561.5561,562.5,870.0,400.0,0.3754542404992849,True,False,False,False,True,2025-01-30,JP Morgan,,,reit,False,False,unknown,False,False,False,False,False
1039,GOOGL,2024-10-08,buy,False,True,True,False,ok,,strong_buy,1.39683,52.0,427.88712,430.0,515.0,334.22,1.6180676755886516,True,False,False,False,True,2024-10-02,Wells Fargo,,,main,False,False,unknown,False,False,False,False,False
1040,GOOGL,2024-10-08,buy,False,True,True,False,ok,,strong_buy,1.39683,52.0,427.88712,430.0,515.0,334.22,1.6180676755886516,True,False,False,False,True,2024-10-02,Wells Fargo,,,main,False,False,unknown,False,False,False,False,False
1041,GOOGL,2024-10-08,buy,False,True,True,False,ok,,strong_buy,1.39683,52.0,427.88712,430.0,515.0,334.22,1.6180676755886516,True,False,False,False,True,2024-10-02,Wells Fargo,,,main,False,False,unknown,False,False,False,False,False
1042,SOFI,2026-02-19,buy,False,True,True,False,ok,,hold,2.70833,20.0,21.1,18.5,31.0,12.0,0.09326429192199281,False,False,True,False,False,2026-02-18,Truist Securities,,,main,False,False,unknown,False,False,False,False,False
1043,CRM,2025-08-13,buy,False,True,True,False,ok,,buy,1.59524,52.0,267.31577,252.5,475.0,188.0,0.134389309097535,True,False,False,False,True,2025-08-13,Stifel,,,main,False,False,unknown,False,False,False,False,False
1044,NVDA,2025-08-13,buy,True,True,True,False,ok,,strong_buy,1.29508,57.0,272.93738,275.0,380.0,140.0,0.5032917984748593,True,False,False,False,True,2025-08-13,Piper Sandler,,,main,False,False,unknown,False,False,False,False,False
1045,AMZN,2024-10-31,buy,True,True,True,False,ok,,strong_buy,1.34848,62.0,311.55145,317.0,370.0,207.0,0.6714134130981646,True,False,False,False,True,2024-10-28,UBS,,,main,False,False,unknown,False,False,False,False,False
1046,MSFT,2024-10-31,buy,False,True,True,False,ok,,strong_buy,1.30909,54.0,561.5561,562.5,870.0,400.0,0.3981164276647138,True,False,False,False,True,2024-10-31,Morgan Stanley,,,main,False,False,unknown,False,False,False,False,False
1047,AMZN,2025-02-06,buy,True,True,True,False,ok,,strong_buy,1.34848,62.0,311.55145,317.0,370.0,207.0,0.30449042252399905,True,False,False,False,True,2025-02-04,Benchmark,,,main,False,False,unknown,False,False,False,False,False
1048,AMZN,2025-02-06,buy,True,True,True,False,ok,,strong_buy,1.34848,62.0,311.55145,317.0,370.0,207.0,0.30449042252399905,True,False,False,False,True,2025-02-04,Benchmark,,,main,False,False,unknown,False,False,False,False,False
1049,NVDA,2026-02-18,buy,True,True,True,False,ok,,strong_buy,1.29508,57.0,272.93738,275.0,380.0,140.0,0.45202768581005115,True,False,False,False,True,2026-02-18,Needham,,,reit,False,False,unknown,False,False,False,False,False
1050,NVDA,2026-02-18,buy,True,True,True,False,ok,,strong_buy,1.29508,57.0,272.93738,275.0,380.0,140.0,0.45202768581005115,True,False,False,False,True,2026-02-18,Needham,,,reit,False,False,unknown,False,False,False,False,False
1051,META,2026-02-18,buy,False,True,False,True,ok,,strong_buy,1.34921,58.0,826.69104,825.0,1015.0,614.0,0.2863388302408634,True,False,False,False,True,,,,,,,,,,,,,
1052,DIS,2025-11-28,buy,False,True,True,False,ok,,strong_buy,1.46667,29.0,130.66553,132.0,164.0,77.0,0.25920928334089033,True,False,False,False,True,2025-11-14,Evercore ISI Group,,,main,False,False,unknown,False,False,False,False,False
1053,AMZN,2026-03-18,buy,True,True,True,False,ok,,strong_buy,1.34848,62.0,311.55145,317.0,370.0,207.0,0.484497342395398,True,False,False,False,True,2026-03-17,Needham,,,reit,False,False,unknown,False,False,False,False,False
1054,NFLX,2026-04-20,buy,False,True,True,False,ok,,buy,1.68,44.0,114.555,115.0,151.4,80.0,0.20800377294188577,True,False,False,False,True,2026-04-17,Guggenheim,,,main,False,False,unknown,False,False,False,False,False
1055,AAPL,2025-12-26,buy,True,True,True,False,ok,,buy,1.95833,43.0,308.06512,310.0,400.0,215.0,0.12888609798216488,True,False,False,False,True,2025-12-17,Morgan Stanley,,,main,False,False,unknown,False,False,False,False,False
1056,AMD,2026-04-15,buy,True,True,True,False,ok,,buy,1.5098,48.0,457.83334,474.0,625.0,225.0,0.7737228756421675,True,False,False,False,True,2026-04-06,Citigroup,,,main,False,False,unknown,False,False,False,False,False
1057,NVDA,2026-04-15,buy,True,True,True,False,ok,,strong_buy,1.29508,57.0,272.93738,275.0,380.0,140.0,0.3724412264362307,True,False,False,False,True,2026-03-31,Benchmark,,,reit,False,False,unknown,False,False,False,False,False
1058,NVDA,2026-03-11,buy,True,True,True,False,ok,,strong_buy,1.29508,57.0,272.93738,275.0,380.0,140.0,0.46716863834315636,True,False,False,False,True,2026-03-05,Tigress Financial,,,main,False,False,unknown,False,False,False,False,False
1060,NVDA,2026-03-03,sell,True,True,True,False,ok,,strong_buy,1.29508,57.0,272.93738,275.0,380.0,140.0,0.5159797652400799,False,False,False,True,True,2026-03-03,Wedbush,,,main,False,False,unknown,False,False,False,False,False
1061,NVDA,2026-03-03,buy,True,True,True,False,ok,,strong_buy,1.29508,57.0,272.93738,275.0,380.0,140.0,0.5159797652400799,True,False,False,False,True,2026-03-03,Wedbush,,,main,False,False,unknown,False,False,False,False,False
1062,NVDA,2026-03-03,sell,True,True,True,False,ok,,strong_buy,1.29508,57.0,272.93738,275.0,380.0,140.0,0.5159797652400799,False,False,False,True,True,2026-03-03,Wedbush,,,main,False,False,unknown,False,False,False,False,False
1063,META,2026-03-16,buy,False,True,False,True,ok,,strong_buy,1.34921,58.0,826.69104,825.0,1015.0,614.0,0.31754087802492204,True,False,False,False,True,,,,,,,,,,,,,
1064,AMZN,2026-04-06,buy,True,True,True,False,ok,,strong_buy,1.34848,62.0,311.55145,317.0,370.0,207.0,0.4641264149158808,True,False,False,False,True,2026-04-02,Wells Fargo,,,main,False,False,unknown,False,False,False,False,False
1065,NVDA,2026-01-23,sell,True,True,True,False,ok,,strong_buy,1.29508,57.0,272.93738,275.0,380.0,140.0,0.45442618988777084,False,False,False,True,True,2026-01-16,Jefferies,,,main,False,False,unknown,False,False,False,False,False
1066,NVDA,2026-01-23,sell,True,True,True,False,ok,,strong_buy,1.29508,57.0,272.93738,275.0,380.0,140.0,0.45442618988777084,False,False,False,True,True,2026-01-16,Jefferies,,,main,False,False,unknown,False,False,False,False,False
1067,AMZN,2026-03-04,buy,True,True,True,False,ok,,strong_buy,1.34848,62.0,311.55145,317.0,370.0,207.0,0.43691282850168855,True,False,False,False,True,2026-02-23,Wells Fargo,,,main,False,False,unknown,False,False,False,False,False
1068,GOOGL,2025-04-11,buy,False,True,True,False,ok,,strong_buy,1.39683,52.0,427.88712,430.0,515.0,334.22,1.7324094310009381,True,False,False,False,True,2025-04-11,Needham,,,main,False,False,unknown,False,False,False,False,False
1069,META,2025-04-11,buy,False,True,True,False,ok,,strong_buy,1.34921,58.0,826.69104,825.0,1015.0,614.0,0.5255995249642578,True,False,False,False,True,2024-09-30,"Monness, Crespi, Hardt",,,main,False,False,unknown,False,False,False,False,False
1070,NFLX,2025-04-11,buy,False,True,True,False,ok,,buy,1.68,44.0,114.555,115.0,151.4,80.0,0.2474817000134013,True,False,False,False,True,2025-04-11,Wedbush,,,reit,False,False,unknown,False,False,False,False,False
1071,MSFT,2025-04-11,buy,False,True,True,False,ok,,strong_buy,1.30909,54.0,561.5561,562.5,870.0,400.0,0.45669995782940576,True,False,False,False,True,2025-04-10,Wedbush,,,main,False,False,unknown,False,False,False,False,False
1072,META,2026-01-02,buy,False,True,False,True,ok,,strong_buy,1.34921,58.0,826.69104,825.0,1015.0,614.0,0.272118935235655,True,False,False,False,True,,,,,,,,,,,,,
1073,NVDA,2025-11-28,sell,True,True,True,False,ok,,strong_buy,1.29508,57.0,272.93738,275.0,380.0,140.0,0.5421884727516206,False,False,False,True,True,2025-11-20,Bernstein,,,main,False,False,unknown,False,False,False,False,False
1074,AAPL,2023-06-26,buy,True,True,True,False,ok,,buy,1.95833,43.0,308.06512,310.0,400.0,215.0,0.6861012140917462,True,False,False,False,True,2023-06-23,Tigress Financial,,,reit,False,False,unknown,False,False,False,False,False
1075,AMZN,2026-02-23,buy,True,True,True,False,ok,,strong_buy,1.34848,62.0,311.55145,317.0,370.0,207.0,0.5177641326809179,True,False,False,False,True,2026-02-23,Wells Fargo,,,main,False,False,unknown,False,False,False,False,False
1076,NVDA,2026-04-17,sell,True,True,True,False,ok,,strong_buy,1.29508,57.0,272.93738,275.0,380.0,140.0,0.35331906937725566,False,False,False,True,True,2026-03-31,Benchmark,,,reit,False,False,unknown,False,False,False,False,False
1077,NVDA,2026-04-17,sell,True,True,True,False,ok,,strong_buy,1.29508,57.0,272.93738,275.0,380.0,140.0,0.35331906937725566,False,False,False,True,True,2026-03-31,Benchmark,,,reit,False,False,unknown,False,False,False,False,False
1078,NVDA,2026-04-17,buy,True,True,True,False,ok,,strong_buy,1.29508,57.0,272.93738,275.0,380.0,140.0,0.35331906937725566,True,False,False,False,True,2026-03-31,Benchmark,,,reit,False,False,unknown,False,False,False,False,False
1079,META,2026-04-17,buy,False,True,False,True,ok,,strong_buy,1.34921,58.0,826.69104,825.0,1015.0,614.0,0.20062603246834576,True,False,False,False,True,,,,,,,,,,,,,
1080,AMZN,2026-04-17,sell,True,True,True,False,ok,,strong_buy,1.34848,62.0,311.55145,317.0,370.0,207.0,0.2434205501105311,False,False,False,True,True,2026-04-17,Truist Securities,,,main,False,False,unknown,False,False,False,False,False
1081,AMZN,2026-04-17,buy,True,True,True,False,ok,,strong_buy,1.34848,62.0,311.55145,317.0,370.0,207.0,0.2434205501105311,True,False,False,False,True,2026-04-17,Truist Securities,,,main,False,False,unknown,False,False,False,False,False
1082,MSFT,2026-02-24,sell,False,True,True,False,ok,,strong_buy,1.30909,54.0,561.5561,562.5,870.0,400.0,0.4435889460154243,False,False,False,True,True,2026-02-05,Stifel,,,down,False,False,unknown,False,False,False,False,False
1083,GOOGL,2026-05-12,sell,False,True,True,False,ok,,strong_buy,1.39683,52.0,427.88712,430.0,515.0,334.22,0.10465241579382134,False,False,False,True,True,2026-05-06,Mizuho,,,main,False,False,unknown,False,False,False,False,False
1084,GOOGL,2026-05-12,buy,False,True,True,False,ok,,strong_buy,1.39683,52.0,427.88712,430.0,515.0,334.22,0.10465241579382134,True,False,False,False,True,2026-05-06,Mizuho,,,main,False,False,unknown,False,False,False,False,False
1085,GOOGL,2026-05-12,buy,False,True,True,False,ok,,strong_buy,1.39683,52.0,427.88712,430.0,515.0,334.22,0.10465241579382134,True,False,False,False,True,2026-05-06,Mizuho,,,main,False,False,unknown,False,False,False,False,False
1086,AMZN,2026-05-12,buy,True,True,True,False,ok,,strong_buy,1.34848,62.0,311.55145,317.0,370.0,207.0,0.1720391295452901,True,False,False,False,True,2026-05-12,TD Cowen,,,reit,False,False,unknown,False,False,False,False,False
1087,SOFI,2026-05-01,buy,False,True,True,False,ok,,hold,2.70833,20.0,21.1,18.5,31.0,12.0,0.28423612952417754,False,False,True,False,False,2026-04-30,Needham,,,main,False,False,unknown,False,False,False,False,False
1088,SOFI,2026-05-01,buy,False,True,True,False,ok,,hold,2.70833,20.0,21.1,18.5,31.0,12.0,0.28423612952417754,False,False,True,False,False,2026-04-30,Needham,,,main,False,False,unknown,False,False,False,False,False
1089,NVDA,2025-11-24,buy,True,True,True,False,ok,,strong_buy,1.29508,57.0,272.93738,275.0,380.0,140.0,0.49530174469022814,True,False,False,False,True,2025-11-20,Bernstein,,,main,False,False,unknown,False,False,False,False,False
1090,NVDA,2025-11-24,buy,True,True,True,False,ok,,strong_buy,1.29508,57.0,272.93738,275.0,380.0,140.0,0.49530174469022814,True,False,False,False,True,2025-11-20,Bernstein,,,main,False,False,unknown,False,False,False,False,False
1091,TSLA,2026-05-11,sell,True,True,True,False,ok,,buy,2.3617,41.0,412.25366,450.0,600.0,123.0,-0.07358728089887634,False,False,False,True,True,2026-04-23,Needham,,,reit,False,False,unknown,False,False,False,False,False
1092,UBER,2025-02-07,buy,False,True,True,False,ok,,buy,1.51923,50.0,104.9312,107.0,150.0,70.0,0.40658447917262186,True,False,False,False,True,2025-02-06,Needham,,,reit,False,False,unknown,False,False,False,False,False
1093,AMZN,2026-03-16,buy,True,True,True,False,ok,,strong_buy,1.34848,62.0,311.55145,317.0,370.0,207.0,0.4713868041816891,True,False,False,False,True,2026-02-23,Wells Fargo,,,main,False,False,unknown,False,False,False,False,False
1094,AMZN,2025-04-30,buy,True,True,True,False,ok,,strong_buy,1.34848,62.0,311.55145,317.0,370.0,207.0,0.6893582750965588,True,False,False,False,True,2025-04-29,UBS,,,main,False,False,unknown,False,False,False,False,False
1095,META,2025-04-30,sell,False,True,True,False,ok,,strong_buy,1.34921,58.0,826.69104,825.0,1015.0,614.0,0.5105101661610632,False,False,False,True,True,2024-09-30,"Monness, Crespi, Hardt",,,main,False,False,unknown,False,False,False,False,False
1096,NVDA,2026-04-24,buy,True,True,True,False,ok,,strong_buy,1.29508,57.0,272.93738,275.0,380.0,140.0,0.3104977884522466,True,False,False,False,True,2026-03-31,Benchmark,,,reit,False,False,unknown,False,False,False,False,False
1097,MSFT,2025-01-16,buy,False,True,True,False,ok,,strong_buy,1.30909,54.0,561.5561,562.5,870.0,400.0,0.3354133328185518,True,False,False,False,True,2025-01-16,Cantor Fitzgerald,,,init,False,False,unknown,False,False,False,False,False
1098,MSFT,2025-01-16,buy,False,True,True,False,ok,,strong_buy,1.30909,54.0,561.5561,562.5,870.0,400.0,0.3354133328185518,True,False,False,False,True,2025-01-16,Cantor Fitzgerald,,,init,False,False,unknown,False,False,False,False,False
1099,MSFT,2025-01-16,buy,False,True,True,False,ok,,strong_buy,1.30909,54.0,561.5561,562.5,870.0,400.0,0.3354133328185518,True,False,False,False,True,2025-01-16,Cantor Fitzgerald,,,init,False,False,unknown,False,False,False,False,False
1100,MSFT,2025-01-16,buy,False,True,True,False,ok,,strong_buy,1.30909,54.0,561.5561,562.5,870.0,400.0,0.3354133328185518,True,False,False,False,True,2025-01-16,Cantor Fitzgerald,,,init,False,False,unknown,False,False,False,False,False
1101,TSLA,2026-04-24,buy,True,True,True,False,ok,,buy,2.3617,41.0,412.25366,450.0,600.0,123.0,0.09554523883432098,True,False,False,False,True,2026-04-23,Needham,,,reit,False,False,unknown,False,False,False,False,False
1102,AMZN,2026-03-02,buy,True,True,True,False,ok,,strong_buy,1.34848,62.0,311.55145,317.0,370.0,207.0,0.4950403134147521,True,False,False,False,True,2026-02-23,Wells Fargo,,,main,False,False,unknown,False,False,False,False,False
1103,MSFT,2026-04-21,buy,False,True,True,False,ok,,strong_buy,1.30909,54.0,561.5561,562.5,870.0,400.0,0.3239251583167704,True,False,False,False,True,2026-04-16,TD Cowen,,,main,False,False,unknown,False,False,False,False,False
1104,UBER,2026-03-12,buy,False,True,True,False,ok,,buy,1.51923,50.0,104.9312,107.0,150.0,70.0,0.43800463539294565,True,False,False,False,True,2026-03-04,BTIG,,,reit,False,False,unknown,False,False,False,False,False
1105,AMD,2025-06-06,sell,True,True,True,False,ok,,buy,1.5098,48.0,457.83334,474.0,625.0,225.0,2.9403849761590455,False,False,False,True,True,2025-05-27,HSBC,,,up,False,False,unknown,False,False,False,False,False
1106,AAPL,2025-08-08,buy,True,True,True,False,ok,,buy,1.95833,43.0,308.06512,310.0,400.0,215.0,0.34853841919669293,True,False,False,False,True,2025-08-08,Melius Research,,,main,False,False,unknown,False,False,False,False,False
1107,MSFT,2026-04-06,buy,False,True,True,False,ok,,strong_buy,1.30909,54.0,561.5561,562.5,870.0,400.0,0.5059968157222161,True,False,False,False,True,2026-03-25,UBS,,,main,False,False,unknown,False,False,False,False,False
1108,AMZN,2026-01-30,buy,True,True,True,False,ok,,strong_buy,1.34848,62.0,311.55145,317.0,370.0,207.0,0.30192831603355663,True,False,False,False,True,2026-01-30,Telsey Advisory Group,,,main,False,False,unknown,False,False,False,False,False
1109,AMZN,2026-01-30,buy,True,True,True,False,ok,,strong_buy,1.34848,62.0,311.55145,317.0,370.0,207.0,0.30192831603355663,True,False,False,False,True,2026-01-30,Telsey Advisory Group,,,main,False,False,unknown,False,False,False,False,False
1110,AMZN,2026-01-30,buy,True,True,True,False,ok,,strong_buy,1.34848,62.0,311.55145,317.0,370.0,207.0,0.30192831603355663,True,False,False,False,True,2026-01-30,Telsey Advisory Group,,,main,False,False,unknown,False,False,False,False,False
1112,TSLA,2026-01-30,buy,True,True,True,False,ok,,buy,2.3617,41.0,412.25366,450.0,600.0,123.0,-0.042183832874764904,True,False,False,False,True,2026-01-29,Freedom Broker,,,main,False,False,unknown,False,False,False,False,False
1113,TSLA,2025-04-23,sell,True,True,True,False,ok,,buy,2.3617,41.0,412.25366,450.0,600.0,123.0,0.6441479260127052,False,False,False,True,True,2025-04-23,Needham,,,reit,False,False,unknown,False,False,False,False,False
1114,AMD,2026-05-06,buy,True,True,True,False,ok,,buy,1.5098,48.0,457.83334,474.0,625.0,225.0,0.08648359971691999,True,False,False,False,True,2026-05-06,Goldman Sachs,,,up,False,False,unknown,False,False,False,False,False
1115,AMD,2026-05-06,sell,True,True,True,False,ok,,buy,1.5098,48.0,457.83334,474.0,625.0,225.0,0.08648359971691999,False,False,False,True,True,2026-05-06,Goldman Sachs,,,up,False,False,unknown,False,False,False,False,False
1116,AMZN,2026-05-06,buy,True,True,True,False,ok,,strong_buy,1.34848,62.0,311.55145,317.0,370.0,207.0,0.1329556022546985,True,False,False,False,True,2026-05-01,Stifel,,,main,False,False,unknown,False,False,False,False,False
1117,NFLX,2026-04-27,buy,False,True,True,False,ok,,buy,1.68,44.0,114.555,115.0,151.4,80.0,0.25374845744201613,True,False,False,False,True,2026-04-17,Guggenheim,,,main,False,False,unknown,False,False,False,False,False
1118,AAPL,2026-04-01,sell,True,True,True,False,ok,,buy,1.95833,43.0,308.06512,310.0,400.0,215.0,0.2062314569942656,False,False,False,True,True,2026-03-31,Wedbush,,,reit,False,False,unknown,False,False,False,False,False
1119,AMD,2026-03-10,sell,True,True,True,False,ok,,buy,1.5098,48.0,457.83334,474.0,625.0,225.0,1.2527842819708352,False,False,False,True,True,2026-02-25,Benchmark,,,reit,False,False,unknown,False,False,False,False,False
1120,GOOGL,2026-05-06,buy,False,True,True,False,ok,,strong_buy,1.39683,52.0,427.88712,430.0,515.0,334.22,0.074985204538075,True,False,False,False,True,2026-05-06,Mizuho,,,main,False,False,unknown,False,False,False,False,False
1121,PYPL,2026-05-05,buy,False,True,True,False,ok,,hold,2.88636,34.0,52.52618,48.0,147.39,32.0,0.12983820399234425,False,False,True,False,False,2026-05-05,Needham,,,reit,False,False,unknown,False,False,False,False,False
1122,SOFI,2026-05-11,buy,False,True,True,False,ok,,hold,2.70833,20.0,21.1,18.5,31.0,12.0,0.29766295836337764,False,False,True,False,False,2026-05-04,Citigroup,,,main,False,False,unknown,False,False,False,False,False
1123,MSFT,2026-01-30,buy,False,True,True,False,ok,,strong_buy,1.30909,54.0,561.5561,562.5,870.0,400.0,0.30804300743110047,True,False,False,False,True,2026-01-30,Citigroup,,,main,False,False,unknown,False,False,False,False,False
1124,UBER,2025-05-22,buy,False,True,True,False,ok,,buy,1.51923,50.0,104.9312,107.0,150.0,70.0,0.19240000000000013,True,False,False,False,True,2025-05-21,Loop Capital,,,main,False,False,unknown,False,False,False,False,False
1125,UBER,2025-05-22,buy,False,True,True,False,ok,,buy,1.51923,50.0,104.9312,107.0,150.0,70.0,0.19240000000000013,True,False,False,False,True,2025-05-21,Loop Capital,,,main,False,False,unknown,False,False,False,False,False
1126,AMZN,2025-05-22,buy,True,True,True,False,ok,,strong_buy,1.34848,62.0,311.55145,317.0,370.0,207.0,0.5339805053536484,True,False,False,False,True,2025-05-06,Tigress Financial,,,main,False,False,unknown,False,False,False,False,False
1127,AMZN,2025-05-22,buy,True,True,True,False,ok,,strong_buy,1.34848,62.0,311.55145,317.0,370.0,207.0,0.5339805053536484,True,False,False,False,True,2025-05-06,Tigress Financial,,,main,False,False,unknown,False,False,False,False,False
1128,AMD,2026-03-03,sell,True,True,True,False,ok,,buy,1.5098,48.0,457.83334,474.0,625.0,225.0,1.3976608919459563,False,False,False,True,True,2026-02-25,Benchmark,,,reit,False,False,unknown,False,False,False,False,False
1129,AMZN,2026-03-03,sell,True,True,True,False,ok,,strong_buy,1.34848,62.0,311.55145,317.0,370.0,207.0,0.4926050705557268,False,False,False,True,True,2026-02-23,Wells Fargo,,,main,False,False,unknown,False,False,False,False,False
1130,UBER,2026-05-08,buy,False,True,True,False,ok,,buy,1.51923,50.0,104.9312,107.0,150.0,70.0,0.3907382934949828,True,False,False,False,True,2026-05-07,Needham,,,reit,False,False,unknown,False,False,False,False,False
1131,UBER,2026-05-08,buy,False,True,True,False,ok,,buy,1.51923,50.0,104.9312,107.0,150.0,70.0,0.3907382934949828,True,False,False,False,True,2026-05-07,Needham,,,reit,False,False,unknown,False,False,False,False,False
1132,MSFT,2023-07-26,buy,False,True,True,False,ok,,strong_buy,1.30909,54.0,561.5561,562.5,870.0,400.0,0.6981998453435994,True,False,False,False,True,2023-07-26,Piper Sandler,,,reit,False,False,unknown,False,False,False,False,False
1133,META,2026-04-09,buy,False,True,False,True,ok,,strong_buy,1.34921,58.0,826.69104,825.0,1015.0,614.0,0.315569981586205,True,False,False,False,True,,,,,,,,,,,,,
1134,MSFT,2026-04-09,buy,False,True,True,False,ok,,strong_buy,1.30909,54.0,561.5561,562.5,870.0,400.0,0.5052298200749659,True,False,False,False,True,2026-03-25,UBS,,,main,False,False,unknown,False,False,False,False,False
1135,NVDA,2026-04-02,sell,True,True,True,False,ok,,strong_buy,1.29508,57.0,272.93738,275.0,380.0,140.0,0.5386289020751145,False,False,False,True,True,2026-03-31,Benchmark,,,reit,False,False,unknown,False,False,False,False,False
1136,MSFT,2026-04-15,buy,False,True,True,False,ok,,strong_buy,1.30909,54.0,561.5561,562.5,870.0,400.0,0.3655855705778548,True,False,False,False,True,2026-04-15,Baird,,,main,False,False,unknown,False,False,False,False,False
1137,AAPL,2025-09-12,buy,True,True,True,False,ok,,buy,1.95833,43.0,308.06512,310.0,400.0,215.0,0.3198472134495087,True,False,False,False,True,2025-09-11,Phillip Securities,,,down,False,False,unknown,False,False,False,False,False
1138,NVDA,2025-09-12,buy,True,True,True,False,ok,,strong_buy,1.29508,57.0,272.93738,275.0,380.0,140.0,0.5350767670952048,True,False,False,False,True,2025-09-11,DA Davidson,,,up,False,False,unknown,False,False,False,False,False
1139,MSFT,2025-09-12,buy,False,True,True,False,ok,,strong_buy,1.30909,54.0,561.5561,562.5,870.0,400.0,0.1058859208476941,True,False,False,False,True,2025-08-29,Barclays,,,main,False,False,unknown,False,False,False,False,False
1140,META,2026-04-02,buy,False,True,False,True,ok,,strong_buy,1.34921,58.0,826.69104,825.0,1015.0,614.0,0.43907497193834266,True,False,False,False,True,,,,,,,,,,,,,
1141,AMZN,2025-12-31,buy,True,True,True,False,ok,,strong_buy,1.34848,62.0,311.55145,317.0,370.0,207.0,0.3497592934497342,True,False,False,False,True,2025-12-16,BMO Capital,,,main,False,False,unknown,False,False,False,False,False
1142,AAPL,2025-04-25,buy,True,True,True,False,ok,,buy,1.95833,43.0,308.06512,310.0,400.0,215.0,0.4798015451937312,True,False,False,False,True,2025-04-24,B of A Securities,,,reit,False,False,unknown,False,False,False,False,False
1143,NFLX,2025-12-05,buy,False,True,True,False,ok,,buy,1.68,44.0,114.555,115.0,151.4,80.0,0.14280728692437905,True,False,False,False,True,2025-11-28,Rosenblatt,,,main,False,False,unknown,False,False,False,False,False
1144,AAPL,2025-12-05,buy,True,True,True,False,ok,,buy,1.95833,43.0,308.06512,310.0,400.0,215.0,0.10710054681874182,True,False,False,False,True,2025-12-05,CLSA,,,main,False,False,unknown,False,False,False,False,False
1145,NVDA,2025-12-05,sell,True,True,True,False,ok,,strong_buy,1.29508,57.0,272.93738,275.0,380.0,140.0,0.4963661383688418,False,False,False,True,True,2025-12-01,Morgan Stanley,,,main,False,False,unknown,False,False,False,False,False
1146,NVDA,2025-12-05,sell,True,True,True,False,ok,,strong_buy,1.29508,57.0,272.93738,275.0,380.0,140.0,0.4963661383688418,False,False,False,True,True,2025-12-01,Morgan Stanley,,,main,False,False,unknown,False,False,False,False,False
1147,NVDA,2025-12-05,sell,True,True,True,False,ok,,strong_buy,1.29508,57.0,272.93738,275.0,380.0,140.0,0.4963661383688418,False,False,False,True,True,2025-12-01,Morgan Stanley,,,main,False,False,unknown,False,False,False,False,False
1148,PLTR,2025-11-13,buy,False,True,True,False,ok,,buy,1.90323,27.0,183.7289,200.0,255.0,70.0,0.06732253195911464,True,False,False,False,True,2025-11-13,Freedom Broker,,,main,False,False,unknown,False,False,False,False,False
1149,GOOGL,2025-05-12,buy,False,True,True,False,ok,,strong_buy,1.39683,52.0,427.88712,430.0,515.0,334.22,1.7096476054742165,True,False,False,False,True,2025-05-08,WestPark Capital,,,reit,False,False,unknown,False,False,False,False,False
1150,META,2026-01-14,buy,False,True,False,True,ok,,strong_buy,1.34921,58.0,826.69104,825.0,1015.0,614.0,0.34422734768862373,True,False,False,False,True,,,,,,,,,,,,,
1151,META,2026-01-14,buy,False,True,False,True,ok,,strong_buy,1.34921,58.0,826.69104,825.0,1015.0,614.0,0.34422734768862373,True,False,False,False,True,,,,,,,,,,,,,
1152,NFLX,2025-10-10,buy,False,True,True,False,ok,,buy,1.68,44.0,114.555,115.0,151.4,80.0,-0.06108618317862613,True,False,False,False,True,2025-10-07,Seaport Global,,,up,False,False,unknown,False,False,False,False,False
1153,AAPL,2026-02-24,sell,True,True,True,False,ok,,buy,1.95833,43.0,308.06512,310.0,400.0,215.0,0.13305254570180547,False,False,False,True,True,2026-02-17,Wedbush,,,reit,False,False,unknown,False,False,False,False,False
1154,AMZN,2025-08-01,buy,True,True,True,False,ok,,strong_buy,1.34848,62.0,311.55145,317.0,370.0,207.0,0.45076344586728756,True,False,False,False,True,2025-08-01,Needham,,,reit,False,False,unknown,False,False,False,False,False
1155,NFLX,2025-08-01,buy,False,True,True,False,ok,,buy,1.68,44.0,114.555,115.0,151.4,80.0,-0.011263599201422392,True,False,False,False,True,2025-07-21,Baird,,,main,False,False,unknown,False,False,False,False,False
1156,TSLA,2025-08-01,sell,True,True,True,False,ok,,buy,2.3617,41.0,412.25366,450.0,600.0,123.0,0.36223657055960823,False,False,False,True,True,2025-07-29,RBC Capital,,,main,False,False,unknown,False,False,False,False,False
1157,TSLA,2025-09-05,sell,True,True,True,False,ok,,buy,2.3617,41.0,412.25366,450.0,600.0,123.0,0.17504749829880417,False,False,False,True,True,2025-08-04,Wedbush,,,reit,False,False,unknown,False,False,False,False,False
1158,NVDA,2025-02-07,buy,True,True,True,False,ok,,strong_buy,1.29508,57.0,272.93738,275.0,380.0,140.0,1.1027945451557333,True,False,False,False,True,2025-01-28,Tigress Financial,,,up,False,False,unknown,False,False,False,False,False
1159,META,2025-07-07,buy,False,True,True,False,ok,,strong_buy,1.34921,58.0,826.69104,825.0,1015.0,614.0,0.1535220539283777,True,False,False,False,True,2024-09-30,"Monness, Crespi, Hardt",,,main,False,False,unknown,False,False,False,False,False
1160,AAPL,2025-09-05,sell,True,True,True,False,ok,,buy,1.95833,43.0,308.06512,310.0,400.0,215.0,0.2889009259583546,False,False,False,True,True,2025-09-04,MoffettNathanson,,,up,False,False,unknown,False,False,False,False,False
1161,AAPL,2025-09-05,sell,True,True,True,False,ok,,buy,1.95833,43.0,308.06512,310.0,400.0,215.0,0.2889009259583546,False,False,False,True,True,2025-09-04,MoffettNathanson,,,up,False,False,unknown,False,False,False,False,False
1162,AAPL,2025-09-05,sell,True,True,True,False,ok,,buy,1.95833,43.0,308.06512,310.0,400.0,215.0,0.2889009259583546,False,False,False,True,True,2025-09-04,MoffettNathanson,,,up,False,False,unknown,False,False,False,False,False
1163,AAPL,2023-07-05,buy,True,True,True,False,ok,,buy,1.95833,43.0,308.06512,310.0,400.0,215.0,0.6326972084046396,True,False,False,False,True,2023-07-05,UBS,,,reit,False,False,unknown,False,False,False,False,False
1164,SOFI,2026-04-10,buy,False,True,True,False,ok,,hold,2.70833,20.0,21.1,18.5,31.0,12.0,0.3008631870056637,False,False,True,False,False,2026-04-09,"Keefe, Bruyette & Woods",,,main,False,False,unknown,False,False,False,False,False
1165,AAPL,2026-01-26,buy,True,True,True,False,ok,,buy,1.95833,43.0,308.06512,310.0,400.0,215.0,0.20840003712821353,True,False,False,False,True,2026-01-26,Jefferies,,,main,False,False,unknown,False,False,False,False,False
1166,GOOGL,2025-12-01,buy,False,True,True,False,ok,,strong_buy,1.39683,52.0,427.88712,430.0,515.0,334.22,0.3606923339179102,True,False,False,False,True,2025-12-01,Guggenheim,,,main,False,False,unknown,False,False,False,False,False
1167,GOOGL,2025-12-01,sell,False,True,True,False,ok,,strong_buy,1.39683,52.0,427.88712,430.0,515.0,334.22,0.3606923339179102,False,False,False,True,True,2025-12-01,Guggenheim,,,main,False,False,unknown,False,False,False,False,False
1168,GOOGL,2025-12-01,buy,False,True,True,False,ok,,strong_buy,1.39683,52.0,427.88712,430.0,515.0,334.22,0.3606923339179102,True,False,False,False,True,2025-12-01,Guggenheim,,,main,False,False,unknown,False,False,False,False,False
1169,TSLA,2026-04-27,sell,True,True,True,False,ok,,buy,2.3617,41.0,412.25366,450.0,600.0,123.0,0.08868842364428398,False,False,False,True,True,2026-04-23,Needham,,,reit,False,False,unknown,False,False,False,False,False
1170,NVDA,2026-04-27,sell,True,True,True,False,ok,,strong_buy,1.29508,57.0,272.93738,275.0,380.0,140.0,0.260040530127567,False,False,False,True,True,2026-03-31,Benchmark,,,reit,False,False,unknown,False,False,False,False,False
1171,PYPL,2025-11-10,sell,False,True,True,False,ok,,hold,2.88636,34.0,52.52618,48.0,147.39,32.0,-0.20291308807189623,False,False,True,False,False,2025-11-04,Truist Securities,,,main,False,False,unknown,False,False,False,False,False
1172,MSFT,2023-10-02,buy,False,True,True,False,ok,,strong_buy,1.30909,54.0,561.5561,562.5,870.0,400.0,0.7787105644428987,True,False,False,False,True,2023-10-02,Wells Fargo,,,reit,False,False,unknown,False,False,False,False,False
1173,TSLA,2023-10-02,buy,True,True,True,False,ok,,buy,2.3617,41.0,412.25366,450.0,600.0,123.0,0.6385280206646211,True,False,False,False,True,2023-10-02,Truist Securities,,,main,False,False,unknown,False,False,False,False,False
1174,TSLA,2023-10-02,buy,True,True,True,False,ok,,buy,2.3617,41.0,412.25366,450.0,600.0,123.0,0.6385280206646211,True,False,False,False,True,2023-10-02,Truist Securities,,,main,False,False,unknown,False,False,False,False,False
1175,NVDA,2025-11-28,buy,True,True,True,False,ok,,strong_buy,1.29508,57.0,272.93738,275.0,380.0,140.0,0.5421884727516206,True,False,False,False,True,2025-11-20,Bernstein,,,main,False,False,unknown,False,False,False,False,False
1176,GOOGL,2025-11-28,sell,False,True,True,False,ok,,strong_buy,1.39683,52.0,427.88712,430.0,515.0,334.22,0.3382111049586234,False,False,False,True,True,2025-11-25,DA Davidson,,,main,False,False,unknown,False,False,False,False,False
1177,META,2025-11-28,sell,False,True,False,True,ok,,strong_buy,1.34921,58.0,826.69104,825.0,1015.0,614.0,0.27798999228554666,False,False,False,True,True,,,,,,,,,,,,,
1178,TSLA,2025-09-26,buy,True,True,True,False,ok,,buy,2.3617,41.0,412.25366,450.0,600.0,123.0,-0.06391084079601539,True,False,False,False,True,2025-09-26,Wedbush,,,main,False,False,unknown,False,False,False,False,False
1179,META,2026-02-10,buy,False,True,False,True,ok,,strong_buy,1.34921,58.0,826.69104,825.0,1015.0,614.0,0.23359808003060212,True,False,False,False,True,,,,,,,,,,,,,
1180,MSFT,2025-07-31,buy,False,True,True,False,ok,,strong_buy,1.30909,54.0,561.5561,562.5,870.0,400.0,0.05870331144284702,True,False,False,False,True,2025-07-31,UBS,,,main,False,False,unknown,False,False,False,False,False
1181,AAPL,2026-03-09,sell,True,True,True,False,ok,,buy,1.95833,43.0,308.06512,310.0,400.0,215.0,0.1865051509319151,False,False,False,True,True,2026-03-05,Rosenblatt,,,main,False,False,unknown,False,False,False,False,False
1182,GOOGL,2025-11-13,buy,False,True,True,False,ok,,strong_buy,1.39683,52.0,427.88712,430.0,515.0,334.22,0.5380995880075445,True,False,False,False,True,2025-11-10,Freedom Broker,,,main,False,False,unknown,False,False,False,False,False
1183,AMZN,2025-11-13,buy,True,True,True,False,ok,,strong_buy,1.34848,62.0,311.55145,317.0,370.0,207.0,0.31135384964575885,True,False,False,False,True,2025-11-04,Mizuho,,,main,False,False,unknown,False,False,False,False,False
1184,META,2026-05-01,buy,False,True,False,True,ok,,strong_buy,1.34921,58.0,826.69104,825.0,1015.0,614.0,0.3580140287474334,True,False,False,False,True,,,,,,,,,,,,,
1185,AAPL,2022-06-24,buy,True,True,True,False,ok,,buy,1.95833,43.0,308.06512,310.0,400.0,215.0,1.2183343221464842,True,False,False,False,True,2022-06-15,Morgan Stanley,,,main,False,False,unknown,False,False,False,False,False
1186,AMZN,2025-08-15,buy,True,True,True,False,ok,,strong_buy,1.34848,62.0,311.55145,317.0,370.0,207.0,0.34853244879954026,True,False,False,False,True,2025-08-14,Morgan Stanley,,,main,False,False,unknown,False,False,False,False,False
1187,GOOGL,2025-08-15,buy,False,True,True,False,ok,,strong_buy,1.39683,52.0,427.88712,430.0,515.0,334.22,1.1032449975998926,True,False,False,False,True,2025-08-05,Loop Capital,,,main,False,False,unknown,False,False,False,False,False
1188,AAPL,2023-07-10,sell,True,True,True,False,ok,,buy,1.95833,43.0,308.06512,310.0,400.0,215.0,0.6562427540611031,False,False,False,True,True,2023-07-05,UBS,,,reit,False,False,unknown,False,False,False,False,False
1189,MSFT,2026-02-13,sell,False,True,True,False,ok,,strong_buy,1.30909,54.0,561.5561,562.5,870.0,400.0,0.4024664050558413,False,False,False,True,True,2026-02-05,Stifel,,,down,False,False,unknown,False,False,False,False,False
1190,AMZN,2026-02-13,sell,True,True,True,False,ok,,strong_buy,1.34848,62.0,311.55145,317.0,370.0,207.0,0.5672390991611005,False,False,False,True,True,2026-02-09,Citigroup,,,main,False,False,unknown,False,False,False,False,False
1191,META,2026-04-22,buy,False,True,False,True,ok,,strong_buy,1.34921,58.0,826.69104,825.0,1015.0,614.0,0.22523576579259408,True,False,False,False,True,,,,,,,,,,,,,
1192,AMZN,2022-10-31,sell,True,True,True,False,ok,,strong_buy,1.34848,62.0,311.55145,317.0,370.0,207.0,2.04130654602631,False,False,False,True,True,2022-10-28,Telsey Advisory Group,,,main,False,False,unknown,False,False,False,False,False
1193,MSFT,2026-03-10,buy,False,True,True,False,ok,,strong_buy,1.30909,54.0,561.5561,562.5,870.0,400.0,0.3839611752877419,True,False,False,False,True,2026-02-05,Stifel,,,down,False,False,unknown,False,False,False,False,False
1194,GOOGL,2026-03-05,buy,False,True,True,False,ok,,strong_buy,1.39683,52.0,427.88712,430.0,515.0,334.22,0.42311999717426385,True,False,False,False,True,2026-02-23,Wells Fargo,,,up,False,False,unknown,False,False,False,False,False
1195,SOFI,2025-12-02,buy,False,True,True,False,ok,,hold,2.70833,20.0,21.1,18.5,31.0,12.0,-0.2849881451593773,False,False,True,False,False,2025-11-25,Truist Securities,,,main,False,False,unknown,False,False,False,False,False
1196,SOFI,2025-12-02,buy,False,True,True,False,ok,,hold,2.70833,20.0,21.1,18.5,31.0,12.0,-0.2849881451593773,False,False,True,False,False,2025-11-25,Truist Securities,,,main,False,False,unknown,False,False,False,False,False
1197,UBER,2025-12-02,buy,False,True,True,False,ok,,buy,1.51923,50.0,104.9312,107.0,150.0,70.0,0.1982551143733977,True,False,False,False,True,2025-11-05,DA Davidson,,,main,False,False,unknown,False,False,False,False,False
1198,NVDA,2025-12-15,buy,True,True,True,False,ok,,strong_buy,1.29508,57.0,272.93738,275.0,380.0,140.0,0.5483133261200224,True,False,False,False,True,2025-12-01,Morgan Stanley,,,main,False,False,unknown,False,False,False,False,False
1199,NVDA,2026-03-20,sell,True,True,True,False,ok,,strong_buy,1.29508,57.0,272.93738,275.0,380.0,140.0,0.5804133458195646,False,False,False,True,True,2026-03-19,Raymond James,,,main,False,False,unknown,False,False,False,False,False
1200,AMD,2026-02-27,buy,True,True,True,False,ok,,buy,1.5098,48.0,457.83334,474.0,625.0,225.0,1.2867655194393888,True,False,False,False,True,2026-02-25,Benchmark,,,reit,False,False,unknown,False,False,False,False,False
1201,NFLX,2026-02-27,sell,False,True,True,False,ok,,buy,1.68,44.0,114.555,115.0,151.4,80.0,0.19030551270539187,False,False,False,True,True,2026-02-27,Rosenblatt,,,main,False,False,unknown,False,False,False,False,False
1202,NFLX,2026-02-27,sell,False,True,True,False,ok,,buy,1.68,44.0,114.555,115.0,151.4,80.0,0.19030551270539187,False,False,False,True,True,2026-02-27,Rosenblatt,,,main,False,False,unknown,False,False,False,False,False
1203,AMZN,2026-02-06,sell,True,True,True,False,ok,,strong_buy,1.34848,62.0,311.55145,317.0,370.0,207.0,0.4813210305747466,False,False,False,True,True,2026-02-06,Needham,,,reit,False,False,unknown,False,False,False,False,False
1204,HOOD,2026-02-06,sell,False,True,True,False,ok,,buy,1.92593,24.0,98.43792,97.5,155.0,52.0,0.18857667668105305,False,False,False,True,True,2026-02-06,Truist Securities,,,main,False,False,unknown,False,False,False,False,False
1205,TSLA,2022-04-01,sell,True,True,True,False,ok,,buy,2.3617,41.0,412.25366,450.0,600.0,123.0,0.14030277263842894,False,False,False,True,True,2022-03-20,Jefferies,,,main,False,False,unknown,False,False,False,False,False
1206,META,2026-03-26,buy,False,True,False,True,ok,,strong_buy,1.34921,58.0,826.69104,825.0,1015.0,614.0,0.5098277261477255,True,False,False,False,True,,,,,,,,,,,,,
1207,NFLX,2026-04-20,buy,False,True,True,False,ok,,buy,1.68,44.0,114.555,115.0,151.4,80.0,0.20800377294188577,True,False,False,False,True,2026-04-17,Guggenheim,,,main,False,False,unknown,False,False,False,False,False
1208,PLTR,2026-05-12,buy,False,True,True,False,ok,,buy,1.90323,27.0,183.7289,200.0,255.0,70.0,0.3509477941176471,True,False,False,False,True,2026-05-06,Argus Research,,,up,False,False,unknown,False,False,False,False,False
1209,PLTR,2026-05-12,buy,False,True,True,False,ok,,buy,1.90323,27.0,183.7289,200.0,255.0,70.0,0.3509477941176471,True,False,False,False,True,2026-05-06,Argus Research,,,up,False,False,unknown,False,False,False,False,False
1210,GOOGL,2026-04-27,sell,False,True,True,False,ok,,strong_buy,1.39683,52.0,427.88712,430.0,515.0,334.22,0.2213481888243154,False,False,False,True,True,2026-04-24,Needham,,,reit,False,False,unknown,False,False,False,False,False
1211,NVDA,2026-04-02,buy,True,True,True,False,ok,,strong_buy,1.29508,57.0,272.93738,275.0,380.0,140.0,0.5386289020751145,True,False,False,False,True,2026-03-31,Benchmark,,,reit,False,False,unknown,False,False,False,False,False
1212,NVDA,2026-04-02,buy,True,True,True,False,ok,,strong_buy,1.29508,57.0,272.93738,275.0,380.0,140.0,0.5386289020751145,True,False,False,False,True,2026-03-31,Benchmark,,,reit,False,False,unknown,False,False,False,False,False
1213,AAPL,2026-04-02,buy,True,True,True,False,ok,,buy,1.95833,43.0,308.06512,310.0,400.0,215.0,0.20486459189325235,True,False,False,False,True,2026-03-31,Wedbush,,,reit,False,False,unknown,False,False,False,False,False
1214,AMZN,2024-08-19,buy,True,True,True,False,ok,,strong_buy,1.34848,62.0,311.55145,317.0,370.0,207.0,0.7481284247898898,True,False,False,False,True,2024-08-06,Morgan Stanley,,,main,False,False,unknown,False,False,False,False,False
1215,AMZN,2024-08-19,buy,True,True,True,False,ok,,strong_buy,1.34848,62.0,311.55145,317.0,370.0,207.0,0.7481284247898898,True,False,False,False,True,2024-08-06,Morgan Stanley,,,main,False,False,unknown,False,False,False,False,False
1216,DIS,2024-08-19,buy,False,True,True,False,ok,,strong_buy,1.46667,29.0,130.66553,132.0,164.0,77.0,0.4610876944908677,True,False,False,False,True,2024-08-12,Macquarie,,,main,False,False,unknown,False,False,False,False,False
1217,AAPL,2024-02-02,buy,True,True,True,False,ok,,buy,1.95833,43.0,308.06512,310.0,400.0,215.0,0.6763637624781613,True,False,False,False,True,2024-02-02,Needham,,,reit,False,False,unknown,False,False,False,False,False
1218,MSFT,2024-10-01,buy,False,True,True,False,ok,,strong_buy,1.30909,54.0,561.5561,562.5,870.0,400.0,0.35045916498921015,True,False,False,False,True,2024-09-27,DA Davidson,,,main,False,False,unknown,False,False,False,False,False
1219,PYPL,2025-11-17,buy,False,True,True,False,ok,,hold,2.88636,34.0,52.52618,48.0,147.39,32.0,-0.1467602871640662,False,False,True,False,False,2025-11-04,Truist Securities,,,main,False,False,unknown,False,False,False,False,False
1220,PYPL,2025-11-17,buy,False,True,True,False,ok,,hold,2.88636,34.0,52.52618,48.0,147.39,32.0,-0.1467602871640662,False,False,True,False,False,2025-11-04,Truist Securities,,,main,False,False,unknown,False,False,False,False,False
1221,AMZN,2025-11-17,sell,True,True,True,False,ok,,strong_buy,1.34848,62.0,311.55145,317.0,370.0,207.0,0.3378771698054852,False,False,False,True,True,2025-11-04,Mizuho,,,main,False,False,unknown,False,False,False,False,False
1222,AAPL,2025-11-17,buy,True,True,True,False,ok,,buy,1.95833,43.0,308.06512,310.0,400.0,215.0,0.15395758377919377,True,False,False,False,True,2025-11-04,Rosenblatt,,,main,False,False,unknown,False,False,False,False,False
1223,NVDA,2024-08-15,buy,True,True,True,False,ok,,strong_buy,1.29508,57.0,272.93738,275.0,380.0,140.0,1.2226026846696016,True,False,False,False,True,2024-08-06,New Street Research,,,up,False,False,unknown,False,False,False,False,False
1224,AAPL,2024-08-15,sell,True,True,True,False,ok,,buy,1.95833,43.0,308.06512,310.0,400.0,215.0,0.38116071582118427,False,False,False,True,True,2024-08-06,Morgan Stanley,,,main,False,False,unknown,False,False,False,False,False
1225,MSFT,2024-04-01,buy,False,True,True,False,ok,,strong_buy,1.30909,54.0,561.5561,562.5,870.0,400.0,0.34294766762898354,True,False,False,False,True,2024-04-01,Jefferies,,,main,False,False,unknown,False,False,False,False,False
1226,AMZN,2024-06-04,buy,True,True,True,False,ok,,strong_buy,1.34848,62.0,311.55145,317.0,370.0,207.0,0.7372111986275087,True,False,False,False,True,2024-05-30,Tigress Financial,,,main,False,False,unknown,False,False,False,False,False
1227,AMZN,2024-05-13,buy,True,True,True,False,ok,,strong_buy,1.34848,62.0,311.55145,317.0,370.0,207.0,0.6698903241108323,True,False,False,False,True,2024-05-06,Loop Capital,,,main,False,False,unknown,False,False,False,False,False
1228,NVDA,2024-02-02,buy,True,True,True,False,ok,,strong_buy,1.29508,57.0,272.93738,275.0,380.0,140.0,3.127936060297066,True,False,False,False,True,2024-01-29,Cantor Fitzgerald,,,reit,False,False,unknown,False,False,False,False,False
1229,GOOGL,2024-02-02,buy,False,True,True,False,ok,,strong_buy,1.39683,52.0,427.88712,430.0,515.0,334.22,2.0300854129265153,True,False,False,False,True,2024-01-31,Barclays,,,main,False,False,unknown,False,False,False,False,False
1230,UBER,2025-11-10,buy,False,True,True,False,ok,,buy,1.51923,50.0,104.9312,107.0,150.0,70.0,0.11510309990980128,True,False,False,False,True,2025-11-05,DA Davidson,,,main,False,False,unknown,False,False,False,False,False
1231,TSLA,2024-02-20,sell,True,True,True,False,ok,,buy,2.3617,41.0,412.25366,450.0,600.0,123.0,1.127651071880349,False,False,False,True,True,2024-02-06,Daiwa Capital,,,down,False,False,unknown,False,False,False,False,False
1232,PYPL,2024-02-07,buy,False,True,True,False,ok,,hold,2.88636,34.0,52.52618,48.0,147.39,32.0,-0.1649745870608088,False,False,True,False,False,2024-01-29,Wells Fargo,,,main,False,False,unknown,False,False,False,False,False
1233,NVDA,2024-02-07,buy,True,True,True,False,ok,,strong_buy,1.29508,57.0,272.93738,275.0,380.0,140.0,2.895978892601425,True,False,False,False,True,2024-02-07,Morgan Stanley,,,main,False,False,unknown,False,False,False,False,False
1234,UBER,2025-03-05,buy,False,True,True,False,ok,,buy,1.51923,50.0,104.9312,107.0,150.0,70.0,0.3720083079793308,True,False,False,False,True,2025-02-18,Piper Sandler,,,reit,False,False,unknown,False,False,False,False,False
1235,DIS,2024-03-15,buy,False,True,True,False,ok,,strong_buy,1.46667,29.0,130.66553,132.0,164.0,77.0,0.19078299013302913,True,False,False,False,True,2024-03-04,Morgan Stanley,,,main,False,False,unknown,False,False,False,False,False
1236,AAPL,2024-03-15,sell,True,True,True,False,ok,,buy,1.95833,43.0,308.06512,310.0,400.0,215.0,0.8025444368900034,False,False,False,True,True,2024-03-12,B of A Securities,,,reit,False,False,unknown,False,False,False,False,False
1237,AMZN,2024-03-15,buy,True,True,True,False,ok,,strong_buy,1.34848,62.0,311.55145,317.0,370.0,207.0,0.786214042372753,True,False,False,False,True,2024-02-02,Telsey Advisory Group,,,main,False,False,unknown,False,False,False,False,False
1238,GOOGL,2024-03-15,buy,False,True,True,False,ok,,strong_buy,1.39683,52.0,427.88712,430.0,515.0,334.22,2.0558409777990105,True,False,False,False,True,2024-01-31,Barclays,,,main,False,False,unknown,False,False,False,False,False
1239,AMZN,2024-10-30,buy,True,True,True,False,ok,,strong_buy,1.34848,62.0,311.55145,317.0,370.0,207.0,0.616517703037974,True,False,False,False,True,2024-10-28,UBS,,,main,False,False,unknown,False,False,False,False,False
1240,GOOGL,2024-10-30,buy,False,True,True,False,ok,,strong_buy,1.39683,52.0,427.88712,430.0,515.0,334.22,1.4668002340582809,True,False,False,False,True,2024-10-30,Needham,,,reit,False,False,unknown,False,False,False,False,False
1241,GOOGL,2024-10-30,buy,False,True,True,False,ok,,strong_buy,1.39683,52.0,427.88712,430.0,515.0,334.22,1.4668002340582809,True,False,False,False,True,2024-10-30,Needham,,,reit,False,False,unknown,False,False,False,False,False
1242,AMD,2025-09-25,buy,True,True,True,False,ok,,buy,1.5098,48.0,457.83334,474.0,625.0,225.0,1.8389243372654969,True,False,False,False,True,2025-09-09,HSBC,,,main,False,False,unknown,False,False,False,False,False
1246,NVDA,2024-03-11,buy,True,True,True,False,ok,,strong_buy,1.29508,57.0,272.93738,275.0,380.0,140.0,2.183847987390789,True,False,False,False,True,2024-03-11,Cantor Fitzgerald,,,main,False,False,unknown,False,False,False,False,False
1247,NVDA,2024-03-11,sell,True,True,True,False,ok,,strong_buy,1.29508,57.0,272.93738,275.0,380.0,140.0,2.183847987390789,False,False,False,True,True,2024-03-11,Cantor Fitzgerald,,,main,False,False,unknown,False,False,False,False,False
1248,TSLA,2024-03-11,buy,True,True,True,False,ok,,buy,2.3617,41.0,412.25366,450.0,600.0,123.0,1.319028239253206,True,False,False,False,True,2024-03-11,Deutsche Bank,,,main,False,False,unknown,False,False,False,False,False
1249,GOOGL,2024-03-11,buy,False,True,True,False,ok,,strong_buy,1.39683,52.0,427.88712,430.0,515.0,334.22,2.1337520343141363,True,False,False,False,True,2024-01-31,Barclays,,,main,False,False,unknown,False,False,False,False,False
1250,AMZN,2024-10-07,buy,True,True,True,False,ok,,strong_buy,1.34848,62.0,311.55145,317.0,370.0,207.0,0.7231827695866344,True,False,False,False,True,2024-10-07,Wells Fargo,,,down,False,False,unknown,False,False,False,False,False
1251,PYPL,2024-10-07,buy,False,True,True,False,ok,,hold,2.88636,34.0,52.52618,48.0,147.39,32.0,-0.3420507255750106,False,False,True,False,False,2024-10-03,BMO Capital,,,main,False,False,unknown,False,False,False,False,False
1252,PYPL,2024-10-07,buy,False,True,True,False,ok,,hold,2.88636,34.0,52.52618,48.0,147.39,32.0,-0.3420507255750106,False,False,True,False,False,2024-10-03,BMO Capital,,,main,False,False,unknown,False,False,False,False,False
1253,NVDA,2025-11-17,sell,True,True,True,False,ok,,strong_buy,1.29508,57.0,272.93738,275.0,380.0,140.0,0.46284752707935084,False,False,False,True,True,2025-11-14,Morgan Stanley,,,main,False,False,unknown,False,False,False,False,False
1254,META,2025-11-07,buy,False,True,False,True,ok,,strong_buy,1.34921,58.0,826.69104,825.0,1015.0,614.0,0.3319291432457716,True,False,False,False,True,,,,,,,,,,,,,
1255,SOFI,2025-11-07,buy,False,True,True,False,ok,,hold,2.70833,20.0,21.1,18.5,31.0,12.0,-0.25203826002199836,False,False,True,False,False,2025-11-04,Truist Securities,,,main,False,False,unknown,False,False,False,False,False
1256,META,2025-02-21,buy,False,True,True,False,ok,,strong_buy,1.34921,58.0,826.69104,825.0,1015.0,614.0,0.21426079161395273,True,False,False,False,True,2024-09-30,"Monness, Crespi, Hardt",,,main,False,False,unknown,False,False,False,False,False
1257,GOOGL,2025-11-14,buy,False,True,True,False,ok,,strong_buy,1.39683,52.0,427.88712,430.0,515.0,334.22,0.5501190585371218,True,False,False,False,True,2025-11-10,Freedom Broker,,,main,False,False,unknown,False,False,False,False,False
1258,GOOGL,2025-11-14,buy,False,True,True,False,ok,,strong_buy,1.39683,52.0,427.88712,430.0,515.0,334.22,0.5501190585371218,True,False,False,False,True,2025-11-10,Freedom Broker,,,main,False,False,unknown,False,False,False,False,False
1259,AMD,2025-11-14,buy,True,True,True,False,ok,,buy,1.5098,48.0,457.83334,474.0,625.0,225.0,0.8550032191921579,True,False,False,False,True,2025-11-12,Evercore ISI Group,,,main,False,False,unknown,False,False,False,False,False
1260,NVDA,2024-02-02,buy,True,True,True,False,ok,,strong_buy,1.29508,57.0,272.93738,275.0,380.0,140.0,3.127936060297066,True,False,False,False,True,2024-01-29,Cantor Fitzgerald,,,reit,False,False,unknown,False,False,False,False,False
1261,GOOGL,2024-02-02,buy,False,True,True,False,ok,,strong_buy,1.39683,52.0,427.88712,430.0,515.0,334.22,2.0300854129265153,True,False,False,False,True,2024-01-31,Barclays,,,main,False,False,unknown,False,False,False,False,False
1262,NVDA,2025-10-03,buy,True,True,True,False,ok,,strong_buy,1.29508,57.0,272.93738,275.0,380.0,140.0,0.45489477141430723,True,False,False,False,True,2025-10-03,Cantor Fitzgerald,,,reit,False,False,unknown,False,False,False,False,False
1263,NVDA,2025-10-03,buy,True,True,True,False,ok,,strong_buy,1.29508,57.0,272.93738,275.0,380.0,140.0,0.45489477141430723,True,False,False,False,True,2025-10-03,Cantor Fitzgerald,,,reit,False,False,unknown,False,False,False,False,False
1264,NVDA,2024-09-04,buy,True,True,True,False,ok,,strong_buy,1.29508,57.0,272.93738,275.0,380.0,140.0,1.5710289241341089,True,False,False,False,True,2024-08-29,Mizuho,,,main,False,False,unknown,False,False,False,False,False
1265,NVDA,2024-09-04,sell,True,True,True,False,ok,,strong_buy,1.29508,57.0,272.93738,275.0,380.0,140.0,1.5710289241341089,False,False,False,True,True,2024-08-29,Mizuho,,,main,False,False,unknown,False,False,False,False,False
1266,AAPL,2024-09-04,sell,True,True,True,False,ok,,buy,1.95833,43.0,308.06512,310.0,400.0,215.0,0.4053630549600109,False,False,False,True,True,2024-09-04,UBS,,,main,False,False,unknown,False,False,False,False,False
1267,NVDA,2024-01-30,buy,True,True,True,False,ok,,strong_buy,1.29508,57.0,272.93738,275.0,380.0,140.0,3.3505941308406486,True,False,False,False,True,2024-01-29,Cantor Fitzgerald,,,reit,False,False,unknown,False,False,False,False,False
1268,PYPL,2025-09-15,buy,False,True,True,False,ok,,hold,2.88636,34.0,52.52618,48.0,147.39,32.0,-0.21312763102288323,False,False,True,False,False,2025-07-30,JMP Securities,,,main,False,False,unknown,False,False,False,False,False
1269,PYPL,2025-09-12,buy,False,True,True,False,ok,,hold,2.88636,34.0,52.52618,48.0,147.39,32.0,-0.2105395761044797,False,False,True,False,False,2025-07-30,JMP Securities,,,main,False,False,unknown,False,False,False,False,False
1270,NVDA,2025-11-19,buy,True,True,True,False,ok,,strong_buy,1.29508,57.0,272.93738,275.0,380.0,140.0,0.463475038002257,True,False,False,False,True,2025-11-18,Stifel,,,main,False,False,unknown,False,False,False,False,False
1271,NVDA,2025-11-19,buy,True,True,True,False,ok,,strong_buy,1.29508,57.0,272.93738,275.0,380.0,140.0,0.463475038002257,True,False,False,False,True,2025-11-18,Stifel,,,main,False,False,unknown,False,False,False,False,False
1272,NVDA,2024-08-09,buy,True,True,True,False,ok,,strong_buy,1.29508,57.0,272.93738,275.0,380.0,140.0,1.606863810405391,True,False,False,False,True,2024-08-06,New Street Research,,,up,False,False,unknown,False,False,False,False,False
1273,AAPL,2024-08-09,buy,True,True,True,False,ok,,buy,1.95833,43.0,308.06512,310.0,400.0,215.0,0.4369852741192044,True,False,False,False,True,2024-08-06,Morgan Stanley,,,main,False,False,unknown,False,False,False,False,False
1274,PYPL,2025-11-26,buy,False,True,True,False,ok,,hold,2.88636,34.0,52.52618,48.0,147.39,32.0,-0.14790211578397716,False,False,True,False,False,2025-11-04,Truist Securities,,,main,False,False,unknown,False,False,False,False,False
1275,TSLA,2025-11-26,buy,True,True,True,False,ok,,buy,2.3617,41.0,412.25366,450.0,600.0,123.0,-0.033584150741302166,True,False,False,False,True,2025-11-25,Mizuho,,,main,False,False,unknown,False,False,False,False,False
1276,GOOGL,2024-07-23,buy,False,True,True,False,ok,,strong_buy,1.39683,52.0,427.88712,430.0,515.0,334.22,1.370477188862937,True,False,False,False,True,2024-07-23,Needham,,,reit,False,False,unknown,False,False,False,False,False
1277,GOOGL,2024-07-23,sell,False,True,True,False,ok,,strong_buy,1.39683,52.0,427.88712,430.0,515.0,334.22,1.370477188862937,False,False,False,True,True,2024-07-23,Needham,,,reit,False,False,unknown,False,False,False,False,False
1278,GOOGL,2024-07-23,buy,False,True,True,False,ok,,strong_buy,1.39683,52.0,427.88712,430.0,515.0,334.22,1.370477188862937,True,False,False,False,True,2024-07-23,Needham,,,reit,False,False,unknown,False,False,False,False,False
1279,AMZN,2024-07-23,buy,True,True,True,False,ok,,strong_buy,1.34848,62.0,311.55145,317.0,370.0,207.0,0.6713236622468213,True,False,False,False,True,2024-07-23,JMP Securities,,,reit,False,False,unknown,False,False,False,False,False
1280,GOOGL,2024-04-24,buy,False,True,True,False,ok,,strong_buy,1.39683,52.0,427.88712,430.0,515.0,334.22,1.7111390140630736,True,False,False,False,True,2024-04-22,Keybanc,,,main,False,False,unknown,False,False,False,False,False
1281,AMZN,2024-04-30,sell,True,True,True,False,ok,,strong_buy,1.34848,62.0,311.55145,317.0,370.0,207.0,0.780294,False,False,False,True,True,2024-04-25,Telsey Advisory Group,,,main,False,False,unknown,False,False,False,False,False
1282,UBER,2024-12-12,buy,False,True,True,False,ok,,buy,1.51923,50.0,104.9312,107.0,150.0,70.0,0.7086989132181529,True,False,False,False,True,2024-12-04,JMP Securities,,,reit,False,False,unknown,False,False,False,False,False
1283,GOOGL,2024-07-18,sell,False,True,True,False,ok,,strong_buy,1.39683,52.0,427.88712,430.0,515.0,334.22,1.425172934374284,False,False,False,True,True,2024-07-17,B of A Securities,,,main,False,False,unknown,False,False,False,False,False
1284,GOOGL,2024-07-18,sell,False,True,True,False,ok,,strong_buy,1.39683,52.0,427.88712,430.0,515.0,334.22,1.425172934374284,False,False,False,True,True,2024-07-17,B of A Securities,,,main,False,False,unknown,False,False,False,False,False
1285,GOOGL,2024-07-18,sell,False,True,True,False,ok,,strong_buy,1.39683,52.0,427.88712,430.0,515.0,334.22,1.425172934374284,False,False,False,True,True,2024-07-17,B of A Securities,,,main,False,False,unknown,False,False,False,False,False
1286,AMD,2024-04-30,buy,True,True,True,False,ok,,buy,1.5098,48.0,457.83334,474.0,625.0,225.0,1.8907268966101944,True,False,False,False,True,2024-04-29,Susquehanna,,,main,False,False,unknown,False,False,False,False,False
1287,CRM,2024-12-30,buy,False,True,True,False,ok,,buy,1.59524,52.0,267.31577,252.5,475.0,188.0,-0.19659907568112134,True,False,False,False,True,2024-12-18,Piper Sandler,,,main,False,False,unknown,False,False,False,False,False
1288,AMD,2024-12-30,buy,True,True,True,False,ok,,buy,1.5098,48.0,457.83334,474.0,625.0,225.0,2.739246413516665,True,False,False,False,True,2024-12-20,Morgan Stanley,,,main,False,False,unknown,False,False,False,False,False
1289,AAPL,2025-01-07,sell,True,True,True,False,ok,,buy,1.95833,43.0,308.06512,310.0,400.0,215.0,0.28001883915133874,False,False,False,True,True,2025-01-07,MoffettNathanson,,,down,False,False,unknown,False,False,False,False,False
1290,NVDA,2025-11-19,buy,True,True,True,False,ok,,strong_buy,1.29508,57.0,272.93738,275.0,380.0,140.0,0.463475038002257,True,False,False,False,True,2025-11-18,Stifel,,,main,False,False,unknown,False,False,False,False,False
1291,TSLA,2024-07-24,sell,True,True,True,False,ok,,buy,2.3617,41.0,412.25366,450.0,600.0,123.0,0.9086700750745969,False,False,False,True,True,2024-07-24,Goldman Sachs,,,main,False,False,unknown,False,False,False,False,False
1292,TSLA,2024-04-24,buy,True,True,True,False,ok,,buy,2.3617,41.0,412.25366,450.0,600.0,123.0,1.5427351359051449,True,False,False,False,True,2024-04-24,Needham,,,reit,False,False,unknown,False,False,False,False,False
1293,GOOGL,2025-11-25,buy,False,True,True,False,ok,,strong_buy,1.39683,52.0,427.88712,430.0,515.0,334.22,0.3247230443770246,True,False,False,False,True,2025-11-25,DA Davidson,,,main,False,False,unknown,False,False,False,False,False
1294,GOOGL,2025-11-25,buy,False,True,True,False,ok,,strong_buy,1.39683,52.0,427.88712,430.0,515.0,334.22,0.3247230443770246,True,False,False,False,True,2025-11-25,DA Davidson,,,main,False,False,unknown,False,False,False,False,False
1295,NVDA,2025-11-25,sell,True,True,True,False,ok,,strong_buy,1.29508,57.0,272.93738,275.0,380.0,140.0,0.5350767670952048,False,False,False,True,True,2025-11-20,Bernstein,,,main,False,False,unknown,False,False,False,False,False
1296,AMD,2025-11-25,buy,True,True,True,False,ok,,buy,1.5098,48.0,457.83334,474.0,625.0,225.0,1.2210902302179831,True,False,False,False,True,2025-11-12,Evercore ISI Group,,,main,False,False,unknown,False,False,False,False,False
1297,AMD,2025-11-25,sell,True,True,True,False,ok,,buy,1.5098,48.0,457.83334,474.0,625.0,225.0,1.2210902302179831,False,False,False,True,True,2025-11-12,Evercore ISI Group,,,main,False,False,unknown,False,False,False,False,False
1298,PYPL,2025-11-25,buy,False,True,True,False,ok,,hold,2.88636,34.0,52.52618,48.0,147.39,32.0,-0.13941176610794015,False,False,True,False,False,2025-11-04,Truist Securities,,,main,False,False,unknown,False,False,False,False,False
1299,MSFT,2025-11-25,buy,False,True,True,False,ok,,strong_buy,1.30909,54.0,561.5561,562.5,870.0,400.0,0.17997831048989732,True,False,False,False,True,2025-11-18,Rothschild & Co,,,down,False,False,unknown,False,False,False,False,False
1300,META,2025-11-25,sell,False,True,False,True,ok,,strong_buy,1.34921,58.0,826.69104,825.0,1015.0,614.0,0.3015525122667031,False,False,False,True,True,,,,,,,,,,,,,
1301,META,2025-11-25,buy,False,True,False,True,ok,,strong_buy,1.34921,58.0,826.69104,825.0,1015.0,614.0,0.3015525122667031,True,False,False,False,True,,,,,,,,,,,,,
1302,MSFT,2025-06-18,buy,False,True,True,False,ok,,strong_buy,1.30909,54.0,561.5561,562.5,870.0,400.0,0.17611662645199622,True,False,False,False,True,2025-06-13,Wells Fargo,,,main,False,False,unknown,False,False,False,False,False
1303,TSLA,2024-11-06,buy,True,True,True,False,ok,,buy,2.3617,41.0,412.25366,450.0,600.0,123.0,0.42880692386978514,True,False,False,False,True,2024-10-29,Barclays,,,main,False,False,unknown,False,False,False,False,False
1304,GOOGL,2025-11-18,buy,False,True,True,False,ok,,strong_buy,1.39683,52.0,427.88712,430.0,515.0,334.22,0.5072056516547061,True,False,False,False,True,2025-11-18,Loop Capital,,,up,False,False,unknown,False,False,False,False,False
1305,PYPL,2025-11-18,buy,False,True,True,False,ok,,hold,2.88636,34.0,52.52618,48.0,147.39,32.0,-0.13003282068700595,False,False,True,False,False,2025-11-04,Truist Securities,,,main,False,False,unknown,False,False,False,False,False
1306,PYPL,2025-11-18,sell,False,True,True,False,ok,,hold,2.88636,34.0,52.52618,48.0,147.39,32.0,-0.13003282068700595,False,False,True,False,False,2025-11-04,Truist Securities,,,main,False,False,unknown,False,False,False,False,False
1307,PYPL,2025-11-18,buy,False,True,True,False,ok,,hold,2.88636,34.0,52.52618,48.0,147.39,32.0,-0.13003282068700595,False,False,True,False,False,2025-11-04,Truist Securities,,,main,False,False,unknown,False,False,False,False,False
1308,META,2025-11-18,buy,False,True,False,True,ok,,strong_buy,1.34921,58.0,826.69104,825.0,1015.0,614.0,0.3854567053650584,True,False,False,False,True,,,,,,,,,,,,,
1309,PYPL,2024-04-30,buy,False,True,True,False,ok,,hold,2.88636,34.0,52.52618,48.0,147.39,32.0,-0.2225116461614577,False,False,True,False,False,2024-04-30,Needham,,,reit,False,False,unknown,False,False,False,False,False
1310,TSLA,2025-04-25,sell,True,True,True,False,ok,,buy,2.3617,41.0,412.25366,450.0,600.0,123.0,0.44675782537070385,False,False,False,True,True,2025-04-24,Stifel,,,main,False,False,unknown,False,False,False,False,False
1311,TSLA,2025-10-22,buy,True,True,True,False,ok,,buy,2.3617,41.0,412.25366,450.0,600.0,123.0,-0.06086142822153984,True,False,False,False,True,2025-10-22,GLJ Research,,,reit,False,False,unknown,False,False,False,False,False
1312,TSLA,2025-10-22,buy,True,True,True,False,ok,,buy,2.3617,41.0,412.25366,450.0,600.0,123.0,-0.06086142822153984,True,False,False,False,True,2025-10-22,GLJ Research,,,reit,False,False,unknown,False,False,False,False,False
1313,TSLA,2025-10-22,buy,True,True,True,False,ok,,buy,2.3617,41.0,412.25366,450.0,600.0,123.0,-0.06086142822153984,True,False,False,False,True,2025-10-22,GLJ Research,,,reit,False,False,unknown,False,False,False,False,False
1314,TSLA,2025-10-22,buy,True,True,True,False,ok,,buy,2.3617,41.0,412.25366,450.0,600.0,123.0,-0.06086142822153984,True,False,False,False,True,2025-10-22,GLJ Research,,,reit,False,False,unknown,False,False,False,False,False
1315,TSLA,2025-10-22,buy,True,True,True,False,ok,,buy,2.3617,41.0,412.25366,450.0,600.0,123.0,-0.06086142822153984,True,False,False,False,True,2025-10-22,GLJ Research,,,reit,False,False,unknown,False,False,False,False,False
1316,TSLA,2025-10-22,buy,True,True,True,False,ok,,buy,2.3617,41.0,412.25366,450.0,600.0,123.0,-0.06086142822153984,True,False,False,False,True,2025-10-22,GLJ Research,,,reit,False,False,unknown,False,False,False,False,False
1317,TSLA,2025-10-22,buy,True,True,True,False,ok,,buy,2.3617,41.0,412.25366,450.0,600.0,123.0,-0.06086142822153984,True,False,False,False,True,2025-10-22,GLJ Research,,,reit,False,False,unknown,False,False,False,False,False
1318,TSLA,2025-10-22,buy,True,True,True,False,ok,,buy,2.3617,41.0,412.25366,450.0,600.0,123.0,-0.06086142822153984,True,False,False,False,True,2025-10-22,GLJ Research,,,reit,False,False,unknown,False,False,False,False,False
1319,NVDA,2025-10-22,buy,True,True,True,False,ok,,strong_buy,1.29508,57.0,272.93738,275.0,380.0,140.0,0.5141299504288854,True,False,False,False,True,2025-10-15,HSBC,,,up,False,False,unknown,False,False,False,False,False
1320,AMZN,2025-10-22,buy,True,True,True,False,ok,,strong_buy,1.34848,62.0,311.55145,317.0,370.0,207.0,0.42946297023342406,True,False,False,False,True,2025-10-22,Benchmark,,,reit,False,False,unknown,False,False,False,False,False
1321,NFLX,2026-03-30,sell,False,True,True,False,ok,,buy,1.68,44.0,114.555,115.0,151.4,80.0,0.23217165210158353,False,False,False,True,True,2026-03-30,Citizens,,,init,False,False,unknown,False,False,False,False,False
1322,NFLX,2026-03-30,buy,False,True,True,False,ok,,buy,1.68,44.0,114.555,115.0,151.4,80.0,0.23217165210158353,True,False,False,False,True,2026-03-30,Citizens,,,init,False,False,unknown,False,False,False,False,False
1323,NVDA,2024-12-16,buy,True,True,True,False,ok,,strong_buy,1.29508,57.0,272.93738,275.0,380.0,140.0,1.0683852696181058,True,False,False,False,True,2024-12-16,Truist Securities,,,main,False,False,unknown,False,False,False,False,False
1324,AMD,2024-12-16,buy,True,True,True,False,ok,,buy,1.5098,48.0,457.83334,474.0,625.0,225.0,2.613807965721262,True,False,False,False,True,2024-12-16,Truist Securities,,,main,False,False,unknown,False,False,False,False,False
1325,AMD,2024-12-16,buy,True,True,True,False,ok,,buy,1.5098,48.0,457.83334,474.0,625.0,225.0,2.613807965721262,True,False,False,False,True,2024-12-16,Truist Securities,,,main,False,False,unknown,False,False,False,False,False
1326,AMZN,2024-12-16,buy,True,True,True,False,ok,,strong_buy,1.34848,62.0,311.55145,317.0,370.0,207.0,0.3375325625569101,True,False,False,False,True,2024-12-16,UBS,,,main,False,False,unknown,False,False,False,False,False
1327,UBER,2024-12-16,buy,False,True,True,False,ok,,buy,1.51923,50.0,104.9312,107.0,150.0,70.0,0.7415966804979255,True,False,False,False,True,2024-12-04,JMP Securities,,,reit,False,False,unknown,False,False,False,False,False
1328,GOOGL,2024-12-16,buy,False,True,True,False,ok,,strong_buy,1.39683,52.0,427.88712,430.0,515.0,334.22,1.1858297837960867,True,False,False,False,True,2024-12-12,Goldman Sachs,,,reit,False,False,unknown,False,False,False,False,False
1329,GOOGL,2024-12-16,buy,False,True,True,False,ok,,strong_buy,1.39683,52.0,427.88712,430.0,515.0,334.22,1.1858297837960867,True,False,False,False,True,2024-12-12,Goldman Sachs,,,reit,False,False,unknown,False,False,False,False,False
1331,MSFT,2024-04-15,buy,False,True,True,False,ok,,strong_buy,1.30909,54.0,561.5561,562.5,870.0,400.0,0.3784336290076282,True,False,False,False,True,2024-04-12,BMO Capital,,,main,False,False,unknown,False,False,False,False,False
1332,MSFT,2024-04-15,buy,False,True,True,False,ok,,strong_buy,1.30909,54.0,561.5561,562.5,870.0,400.0,0.3784336290076282,True,False,False,False,True,2024-04-12,BMO Capital,,,main,False,False,unknown,False,False,False,False,False
1333,AMZN,2024-04-15,buy,True,True,True,False,ok,,strong_buy,1.34848,62.0,311.55145,317.0,370.0,207.0,0.6967185398363931,True,False,False,False,True,2024-04-11,MoffettNathanson,,,reit,False,False,unknown,False,False,False,False,False
1334,TSLA,2024-04-15,buy,True,True,True,False,ok,,buy,2.3617,41.0,412.25366,450.0,600.0,123.0,1.552970466357856,True,False,False,False,True,2024-04-12,Citigroup,,,main,False,False,unknown,False,False,False,False,False
1335,NFLX,2024-04-15,buy,False,True,True,False,ok,,buy,1.68,44.0,114.555,115.0,151.4,80.0,0.8867660333048235,True,False,False,False,True,2024-04-12,Piper Sandler,,,main,False,False,unknown,False,False,False,False,False
1336,NVDA,2024-11-25,sell,True,True,True,False,ok,,strong_buy,1.29508,57.0,272.93738,275.0,380.0,140.0,1.0073931717256377,False,False,False,True,True,2024-11-22,Phillip Securities,,,down,False,False,unknown,False,False,False,False,False
1337,MSFT,2024-11-25,buy,False,True,True,False,ok,,strong_buy,1.30909,54.0,561.5561,562.5,870.0,400.0,0.353876100966501,True,False,False,False,True,2024-11-05,RBC Capital,,,reit,False,False,unknown,False,False,False,False,False
1338,MSFT,2024-11-25,buy,False,True,True,False,ok,,strong_buy,1.30909,54.0,561.5561,562.5,870.0,400.0,0.353876100966501,True,False,False,False,True,2024-11-05,RBC Capital,,,reit,False,False,unknown,False,False,False,False,False
1339,AAPL,2024-11-25,buy,True,True,True,False,ok,,buy,1.95833,43.0,308.06512,310.0,400.0,215.0,0.331358084260313,True,False,False,False,True,2024-11-25,Morgan Stanley,,,reit,False,False,unknown,False,False,False,False,False
1340,AAPL,2024-11-25,buy,True,True,True,False,ok,,buy,1.95833,43.0,308.06512,310.0,400.0,215.0,0.331358084260313,True,False,False,False,True,2024-11-25,Morgan Stanley,,,reit,False,False,unknown,False,False,False,False,False
1341,UBER,2024-11-18,buy,False,True,True,False,ok,,buy,1.51923,50.0,104.9312,107.0,150.0,70.0,0.5135034938510361,True,False,False,False,True,2024-11-06,DA Davidson,,,main,False,False,unknown,False,False,False,False,False
1342,AMD,2025-11-04,sell,True,True,True,False,ok,,buy,1.5098,48.0,457.83334,474.0,625.0,225.0,0.8309671442204829,False,False,False,True,True,2025-10-30,Wells Fargo,,,main,False,False,unknown,False,False,False,False,False
1343,AMD,2025-11-04,buy,True,True,True,False,ok,,buy,1.5098,48.0,457.83334,474.0,625.0,225.0,0.8309671442204829,True,False,False,False,True,2025-10-30,Wells Fargo,,,main,False,False,unknown,False,False,False,False,False
1344,AMD,2025-11-04,buy,True,True,True,False,ok,,buy,1.5098,48.0,457.83334,474.0,625.0,225.0,0.8309671442204829,True,False,False,False,True,2025-10-30,Wells Fargo,,,main,False,False,unknown,False,False,False,False,False
1345,AMD,2025-11-04,buy,True,True,True,False,ok,,buy,1.5098,48.0,457.83334,474.0,625.0,225.0,0.8309671442204829,True,False,False,False,True,2025-10-30,Wells Fargo,,,main,False,False,unknown,False,False,False,False,False
1346,PLTR,2025-11-04,buy,False,True,True,False,ok,,buy,1.90323,27.0,183.7289,200.0,255.0,70.0,-0.036757393788663384,True,False,False,False,True,2025-11-04,B of A Securities,,,main,False,False,unknown,False,False,False,False,False
1347,NVDA,2025-11-04,sell,True,True,True,False,ok,,strong_buy,1.29508,57.0,272.93738,275.0,380.0,140.0,0.37383539095100304,False,False,False,True,True,2025-11-03,Loop Capital,,,main,False,False,unknown,False,False,False,False,False
1348,NVDA,2025-11-04,sell,True,True,True,False,ok,,strong_buy,1.29508,57.0,272.93738,275.0,380.0,140.0,0.37383539095100304,False,False,False,True,True,2025-11-03,Loop Capital,,,main,False,False,unknown,False,False,False,False,False
1349,PLTR,2025-11-04,sell,False,True,True,False,ok,,buy,1.90323,27.0,183.7289,200.0,255.0,70.0,-0.036757393788663384,False,False,False,True,True,2025-11-04,B of A Securities,,,main,False,False,unknown,False,False,False,False,False
1350,PLTR,2025-11-04,buy,False,True,True,False,ok,,buy,1.90323,27.0,183.7289,200.0,255.0,70.0,-0.036757393788663384,True,False,False,False,True,2025-11-04,B of A Securities,,,main,False,False,unknown,False,False,False,False,False
1351,PLTR,2025-11-04,sell,False,True,True,False,ok,,buy,1.90323,27.0,183.7289,200.0,255.0,70.0,-0.036757393788663384,False,False,False,True,True,2025-11-04,B of A Securities,,,main,False,False,unknown,False,False,False,False,False
1352,META,2025-11-04,sell,False,True,False,True,ok,,strong_buy,1.34921,58.0,826.69104,825.0,1015.0,614.0,0.3200179321752097,False,False,False,True,True,,,,,,,,,,,,,
1353,GOOGL,2025-11-04,sell,False,True,True,False,ok,,strong_buy,1.39683,52.0,427.88712,430.0,515.0,334.22,0.5438077046953824,False,False,False,True,True,2025-10-30,B of A Securities,,,main,False,False,unknown,False,False,False,False,False
1354,NVDA,2024-04-19,buy,True,True,True,False,ok,,strong_buy,1.29508,57.0,272.93738,275.0,380.0,140.0,2.58387681084843,True,False,False,False,True,2024-04-16,Evercore ISI Group,,,init,False,False,unknown,False,False,False,False,False
1355,AMZN,2024-07-11,buy,True,True,True,False,ok,,strong_buy,1.34848,62.0,311.55145,317.0,370.0,207.0,0.5972901570133673,True,False,False,False,True,2024-07-10,TD Cowen,,,main,False,False,unknown,False,False,False,False,False
1356,SOFI,2025-12-16,sell,False,True,True,False,ok,,hold,2.70833,20.0,21.1,18.5,31.0,12.0,-0.20617005039261027,False,False,True,False,False,2025-11-25,Truist Securities,,,main,False,False,unknown,False,False,False,False,False
1357,NVDA,2024-06-12,sell,True,True,True,False,ok,,strong_buy,1.29508,57.0,272.93738,275.0,380.0,140.0,1.1810619854487543,False,False,False,True,True,2024-06-11,Goldman Sachs,,,main,False,False,unknown,False,False,False,False,False
1358,CRM,2025-03-03,buy,False,True,True,False,ok,,buy,1.59524,52.0,267.31577,252.5,475.0,188.0,-0.07959510864354813,True,False,False,False,True,2025-02-28,Citigroup,,,main,False,False,unknown,False,False,False,False,False
1359,AMZN,2025-03-03,buy,True,True,True,False,ok,,strong_buy,1.34848,62.0,311.55145,317.0,370.0,207.0,0.5196148839503696,True,False,False,False,True,2025-02-25,Wells Fargo,,,main,False,False,unknown,False,False,False,False,False
1360,AMZN,2025-03-03,sell,True,True,True,False,ok,,strong_buy,1.34848,62.0,311.55145,317.0,370.0,207.0,0.5196148839503696,False,False,False,True,True,2025-02-25,Wells Fargo,,,main,False,False,unknown,False,False,False,False,False
1361,AMZN,2025-03-03,buy,True,True,True,False,ok,,strong_buy,1.34848,62.0,311.55145,317.0,370.0,207.0,0.5196148839503696,True,False,False,False,True,2025-02-25,Wells Fargo,,,main,False,False,unknown,False,False,False,False,False
1362,NVDA,2025-03-03,buy,True,True,True,False,ok,,strong_buy,1.29508,57.0,272.93738,275.0,380.0,140.0,1.393712236314396,True,False,False,False,True,2025-02-27,Rosenblatt,,,main,False,False,unknown,False,False,False,False,False
1363,PYPL,2025-03-03,buy,False,True,True,False,ok,,hold,2.88636,34.0,52.52618,48.0,147.39,32.0,-0.2429103345079987,False,False,True,False,False,2025-02-26,Needham,,,reit,False,False,unknown,False,False,False,False,False
1364,NVDA,2025-01-30,sell,True,True,True,False,ok,,strong_buy,1.29508,57.0,272.93738,275.0,380.0,140.0,1.1903473513660328,False,False,False,True,True,2025-01-28,Tigress Financial,,,up,False,False,unknown,False,False,False,False,False
1365,AMZN,2025-02-04,buy,True,True,True,False,ok,,strong_buy,1.34848,62.0,311.55145,317.0,370.0,207.0,0.2870835873018833,True,False,False,False,True,2025-02-04,Benchmark,,,main,False,False,unknown,False,False,False,False,False
1366,NFLX,2025-12-15,buy,False,True,True,False,ok,,buy,1.68,44.0,114.555,115.0,151.4,80.0,0.22165942306739428,True,False,False,False,True,2025-12-11,Jefferies,,,main,False,False,unknown,False,False,False,False,False
1367,TSLA,2025-12-15,buy,True,True,True,False,ok,,buy,2.3617,41.0,412.25366,450.0,600.0,123.0,-0.13266360455803472,True,False,False,False,True,2025-12-15,Wedbush,,,reit,False,False,unknown,False,False,False,False,False
1368,NVDA,2025-11-19,buy,True,True,True,False,ok,,strong_buy,1.29508,57.0,272.93738,275.0,380.0,140.0,0.463475038002257,True,False,False,False,True,2025-11-18,Stifel,,,main,False,False,unknown,False,False,False,False,False
1369,NVDA,2025-11-19,buy,True,True,True,False,ok,,strong_buy,1.29508,57.0,272.93738,275.0,380.0,140.0,0.463475038002257,True,False,False,False,True,2025-11-18,Stifel,,,main,False,False,unknown,False,False,False,False,False
1370,NVDA,2025-11-19,buy,True,True,True,False,ok,,strong_buy,1.29508,57.0,272.93738,275.0,380.0,140.0,0.463475038002257,True,False,False,False,True,2025-11-18,Stifel,,,main,False,False,unknown,False,False,False,False,False
1371,AAPL,2025-09-08,sell,True,True,True,False,ok,,buy,1.95833,43.0,308.06512,310.0,400.0,215.0,0.2987079729654276,False,False,False,True,True,2025-09-08,Jefferies,,,main,False,False,unknown,False,False,False,False,False
1372,AMZN,2026-04-06,buy,True,True,True,False,ok,,strong_buy,1.34848,62.0,311.55145,317.0,370.0,207.0,0.4641264149158808,True,False,False,False,True,2026-04-02,Wells Fargo,,,main,False,False,unknown,False,False,False,False,False
1373,UBER,2026-04-06,buy,False,True,True,False,ok,,buy,1.51923,50.0,104.9312,107.0,150.0,70.0,0.4539448893203908,True,False,False,False,True,2026-03-30,Wells Fargo,,,main,False,False,unknown,False,False,False,False,False
1374,PYPL,2025-12-11,buy,False,True,True,False,ok,,hold,2.88636,34.0,52.52618,48.0,147.39,32.0,-0.145968322102894,False,False,True,False,False,2025-12-11,B of A Securities,,,down,False,False,unknown,False,False,False,False,False
1375,PYPL,2025-12-11,buy,False,True,True,False,ok,,hold,2.88636,34.0,52.52618,48.0,147.39,32.0,-0.145968322102894,False,False,True,False,False,2025-12-11,B of A Securities,,,down,False,False,unknown,False,False,False,False,False
1376,UBER,2025-12-11,buy,False,True,True,False,ok,,buy,1.51923,50.0,104.9312,107.0,150.0,70.0,0.2281273057308324,True,False,False,False,True,2025-12-08,Morgan Stanley,,,main,False,False,unknown,False,False,False,False,False
1377,AAPL,2025-06-20,sell,True,True,True,False,ok,,buy,1.95833,43.0,308.06512,310.0,400.0,215.0,0.538742622284021,False,False,False,True,True,2025-06-10,Needham,,,reit,False,False,unknown,False,False,False,False,False
1378,NVDA,2024-06-28,buy,True,True,True,False,ok,,strong_buy,1.29508,57.0,272.93738,275.0,380.0,140.0,1.2103688361646263,True,False,False,False,True,2024-06-27,Truist Securities,,,reit,False,False,unknown,False,False,False,False,False
1379,NVDA,2024-06-28,buy,True,True,True,False,ok,,strong_buy,1.29508,57.0,272.93738,275.0,380.0,140.0,1.2103688361646263,True,False,False,False,True,2024-06-27,Truist Securities,,,reit,False,False,unknown,False,False,False,False,False
1380,TSLA,2024-06-28,sell,True,True,True,False,ok,,buy,2.3617,41.0,412.25366,450.0,600.0,123.0,1.083351777983545,False,False,False,True,True,2024-06-26,Stifel,,,init,False,False,unknown,False,False,False,False,False
1381,TSLA,2024-06-28,buy,True,True,True,False,ok,,buy,2.3617,41.0,412.25366,450.0,600.0,123.0,1.083351777983545,True,False,False,False,True,2024-06-26,Stifel,,,init,False,False,unknown,False,False,False,False,False
1382,NVDA,2024-05-22,buy,True,True,True,False,ok,,strong_buy,1.29508,57.0,272.93738,275.0,380.0,140.0,1.876160181427204,True,False,False,False,True,2024-05-20,Baird,,,main,False,False,unknown,False,False,False,False,False
1383,NVDA,2024-05-22,buy,True,True,True,False,ok,,strong_buy,1.29508,57.0,272.93738,275.0,380.0,140.0,1.876160181427204,True,False,False,False,True,2024-05-20,Baird,,,main,False,False,unknown,False,False,False,False,False
1384,NVDA,2024-05-22,buy,True,True,True,False,ok,,strong_buy,1.29508,57.0,272.93738,275.0,380.0,140.0,1.876160181427204,True,False,False,False,True,2024-05-20,Baird,,,main,False,False,unknown,False,False,False,False,False
1385,NVDA,2024-05-22,buy,True,True,True,False,ok,,strong_buy,1.29508,57.0,272.93738,275.0,380.0,140.0,1.876160181427204,True,False,False,False,True,2024-05-20,Baird,,,main,False,False,unknown,False,False,False,False,False
1386,AAPL,2024-05-22,buy,True,True,True,False,ok,,buy,1.95833,43.0,308.06512,310.0,400.0,215.0,0.627730290618387,True,False,False,False,True,2024-05-13,Wedbush,,,reit,False,False,unknown,False,False,False,False,False
1387,AMZN,2025-02-18,buy,True,True,True,False,ok,,strong_buy,1.34848,62.0,311.55145,317.0,370.0,207.0,0.3745928011905961,True,False,False,False,True,2025-02-12,Loop Capital,,,main,False,False,unknown,False,False,False,False,False
1388,AMZN,2024-05-31,buy,True,True,True,False,ok,,strong_buy,1.34848,62.0,311.55145,317.0,370.0,207.0,0.7657642580426893,True,False,False,False,True,2024-05-30,Tigress Financial,,,main,False,False,unknown,False,False,False,False,False
1389,NVDA,2024-05-31,buy,True,True,True,False,ok,,strong_buy,1.29508,57.0,272.93738,275.0,380.0,140.0,1.4909598710348742,True,False,False,False,True,2024-05-23,Wolfe Research,,,main,False,False,unknown,False,False,False,False,False
1390,GOOGL,2024-05-31,buy,False,True,True,False,ok,,strong_buy,1.39683,52.0,427.88712,430.0,515.0,334.22,1.5010062882171002,True,False,False,False,True,2024-05-24,Tigress Financial,,,main,False,False,unknown,False,False,False,False,False
1391,MSFT,2024-05-31,buy,False,True,True,False,ok,,strong_buy,1.30909,54.0,561.5561,562.5,870.0,400.0,0.3710130082790959,True,False,False,False,True,2024-05-24,RBC Capital,,,reit,False,False,unknown,False,False,False,False,False
1392,TSLA,2024-05-31,buy,True,True,True,False,ok,,buy,2.3617,41.0,412.25366,450.0,600.0,123.0,1.3149913283980474,True,False,False,False,True,2024-05-29,GLJ Research,,,reit,False,False,unknown,False,False,False,False,False
1393,NFLX,2024-05-17,buy,False,True,True,False,ok,,buy,1.68,44.0,114.555,115.0,151.4,80.0,0.8443889691559221,True,False,False,False,True,2024-05-17,Needham,,,reit,False,False,unknown,False,False,False,False,False
1394,AAPL,2024-05-17,buy,True,True,True,False,ok,,buy,1.95833,43.0,308.06512,310.0,400.0,215.0,0.6365604274290768,True,False,False,False,True,2024-05-13,Wedbush,,,reit,False,False,unknown,False,False,False,False,False
1395,GOOGL,2024-05-17,buy,False,True,True,False,ok,,strong_buy,1.39683,52.0,427.88712,430.0,515.0,334.22,1.4504351391955352,True,False,False,False,True,2024-05-15,Stifel,,,main,False,False,unknown,False,False,False,False,False
1396,TSLA,2024-05-17,buy,True,True,True,False,ok,,buy,2.3617,41.0,412.25366,450.0,600.0,123.0,1.323079253934151,True,False,False,False,True,2024-05-02,Cantor Fitzgerald,,,init,False,False,unknown,False,False,False,False,False
1397,TSLA,2024-05-17,buy,True,True,True,False,ok,,buy,2.3617,41.0,412.25366,450.0,600.0,123.0,1.323079253934151,True,False,False,False,True,2024-05-02,Cantor Fitzgerald,,,init,False,False,unknown,False,False,False,False,False
1398,NVDA,2024-06-27,buy,True,True,True,False,ok,,strong_buy,1.29508,57.0,272.93738,275.0,380.0,140.0,1.2023469575414203,True,False,False,False,True,2024-06-27,Truist Securities,,,reit,False,False,unknown,False,False,False,False,False
1399,SOFI,2025-12-04,buy,False,True,True,False,ok,,hold,2.70833,20.0,21.1,18.5,31.0,12.0,-0.287162171348853,False,False,True,False,False,2025-11-25,Truist Securities,,,main,False,False,unknown,False,False,False,False,False
1400,AMD,2025-02-03,buy,True,True,True,False,ok,,buy,1.5098,48.0,457.83334,474.0,625.0,225.0,3.0065927491893394,True,False,False,False,True,2025-01-29,Susquehanna,,,main,False,False,unknown,False,False,False,False,False
1401,AAPL,2025-12-10,buy,True,True,True,False,ok,,buy,1.95833,43.0,308.06512,310.0,400.0,215.0,0.10710054681874182,True,False,False,False,True,2025-12-09,Citigroup,,,main,False,False,unknown,False,False,False,False,False
1402,NFLX,2025-12-10,buy,False,True,True,False,ok,,buy,1.68,44.0,114.555,115.0,151.4,80.0,0.2356272368811405,True,False,False,False,True,2025-12-09,Needham,,,reit,False,False,unknown,False,False,False,False,False
1403,GOOGL,2024-07-05,buy,False,True,True,False,ok,,strong_buy,1.39683,52.0,427.88712,430.0,515.0,334.22,1.2609076374434935,True,False,False,False,True,2024-07-03,Needham,,,reit,False,False,unknown,False,False,False,False,False
1404,MSFT,2024-07-05,buy,False,True,True,False,ok,,strong_buy,1.30909,54.0,561.5561,562.5,870.0,400.0,0.2172740379480309,True,False,False,False,True,2024-06-21,Citigroup,,,main,False,False,unknown,False,False,False,False,False
1405,NFLX,2025-12-08,buy,False,True,True,False,ok,,buy,1.68,44.0,114.555,115.0,151.4,80.0,0.1835416769959215,True,False,False,False,True,2025-12-08,Rosenblatt,,,down,False,False,unknown,False,False,False,False,False
1406,NFLX,2025-12-05,buy,False,True,True,False,ok,,buy,1.68,44.0,114.555,115.0,151.4,80.0,0.14280728692437905,True,False,False,False,True,2025-11-28,Rosenblatt,,,main,False,False,unknown,False,False,False,False,False
1407,NFLX,2025-12-05,buy,False,True,True,False,ok,,buy,1.68,44.0,114.555,115.0,151.4,80.0,0.14280728692437905,True,False,False,False,True,2025-11-28,Rosenblatt,,,main,False,False,unknown,False,False,False,False,False
1408,PYPL,2025-12-05,buy,False,True,True,False,ok,,hold,2.88636,34.0,52.52618,48.0,147.39,32.0,-0.15405885503303252,False,False,True,False,False,2025-12-04,JP Morgan,,,down,False,False,unknown,False,False,False,False,False
1409,SOFI,2025-12-05,buy,False,True,True,False,ok,,hold,2.70833,20.0,21.1,18.5,31.0,12.0,-0.24046078191267783,False,False,True,False,False,2025-11-25,Truist Securities,,,main,False,False,unknown,False,False,False,False,False
1410,AMD,2025-02-11,buy,True,True,True,False,ok,,buy,1.5098,48.0,457.83334,474.0,625.0,225.0,3.120912207812899,True,False,False,False,True,2025-02-06,Argus Research,,,main,False,False,unknown,False,False,False,False,False
1411,NVDA,2025-12-10,buy,True,True,True,False,ok,,strong_buy,1.29508,57.0,272.93738,275.0,380.0,140.0,0.48521143639825937,True,False,False,False,True,2025-12-01,Morgan Stanley,,,main,False,False,unknown,False,False,False,False,False
1412,NVDA,2025-12-10,buy,True,True,True,False,ok,,strong_buy,1.29508,57.0,272.93738,275.0,380.0,140.0,0.48521143639825937,True,False,False,False,True,2025-12-01,Morgan Stanley,,,main,False,False,unknown,False,False,False,False,False
1413,AMD,2025-12-10,buy,True,True,True,False,ok,,buy,1.5098,48.0,457.83334,474.0,625.0,225.0,1.067714496369336,True,False,False,False,True,2025-11-12,Evercore ISI Group,,,main,False,False,unknown,False,False,False,False,False
1414,AMD,2025-12-10,buy,True,True,True,False,ok,,buy,1.5098,48.0,457.83334,474.0,625.0,225.0,1.067714496369336,True,False,False,False,True,2025-11-12,Evercore ISI Group,,,main,False,False,unknown,False,False,False,False,False
1415,UBER,2025-12-12,buy,False,True,True,False,ok,,buy,1.51923,50.0,104.9312,107.0,150.0,70.0,0.23288919336745573,True,False,False,False,True,2025-12-08,Morgan Stanley,,,main,False,False,unknown,False,False,False,False,False
1416,PYPL,2025-12-12,buy,False,True,True,False,ok,,hold,2.88636,34.0,52.52618,48.0,147.39,32.0,-0.14555283311556533,False,False,True,False,False,2025-12-12,Baird,,,down,False,False,unknown,False,False,False,False,False
1417,AMZN,2025-12-12,buy,True,True,True,False,ok,,strong_buy,1.34848,62.0,311.55145,317.0,370.0,207.0,0.3773882427925006,True,False,False,False,True,2025-12-11,TD Cowen,,,reit,False,False,unknown,False,False,False,False,False
1418,AAPL,2024-06-21,buy,True,True,True,False,ok,,buy,1.95833,43.0,308.06512,310.0,400.0,215.0,0.49758392499824744,True,False,False,False,True,2024-06-21,Bernstein,,,main,False,False,unknown,False,False,False,False,False
1419,MSFT,2025-07-21,buy,False,True,True,False,ok,,strong_buy,1.30909,54.0,561.5561,562.5,870.0,400.0,0.1073564320547562,True,False,False,False,True,2025-07-21,Barclays,,,main,False,False,unknown,False,False,False,False,False
1420,GOOGL,2025-07-23,buy,False,True,True,False,ok,,strong_buy,1.39683,52.0,427.88712,430.0,515.0,334.22,1.2543847652074644,True,False,False,False,True,2025-07-23,Guggenheim,,,main,False,False,unknown,False,False,False,False,False
1421,GOOGL,2025-06-16,buy,False,True,True,False,ok,,strong_buy,1.39683,52.0,427.88712,430.0,515.0,334.22,1.426043028232133,True,False,False,False,True,2025-05-23,JMP Securities,,,reit,False,False,unknown,False,False,False,False,False
1422,PYPL,2024-08-29,buy,False,True,True,False,ok,,hold,2.88636,34.0,52.52618,48.0,147.39,32.0,-0.2781983637051395,False,False,True,False,False,2024-08-20,JP Morgan,,,main,False,False,unknown,False,False,False,False,False
1423,GOOGL,2024-09-06,buy,False,True,True,False,ok,,strong_buy,1.39683,52.0,427.88712,430.0,515.0,334.22,1.8553474406628734,True,False,False,False,True,2024-09-05,Wedbush,,,reit,False,False,unknown,False,False,False,False,False
1424,GOOGL,2024-09-06,sell,False,True,True,False,ok,,strong_buy,1.39683,52.0,427.88712,430.0,515.0,334.22,1.8553474406628734,False,False,False,True,True,2024-09-05,Wedbush,,,reit,False,False,unknown,False,False,False,False,False
1425,PYPL,2025-12-18,buy,False,True,True,False,ok,,hold,2.88636,34.0,52.52618,48.0,147.39,32.0,-0.1136403825938197,False,False,True,False,False,2025-12-18,Morgan Stanley,,,down,False,False,unknown,False,False,False,False,False
1426,NFLX,2025-12-18,buy,False,True,True,False,ok,,buy,1.68,44.0,114.555,115.0,151.4,80.0,0.21867021276595744,True,False,False,False,True,2025-12-11,Jefferies,,,main,False,False,unknown,False,False,False,False,False
1427,NVDA,2026-01-27,buy,True,True,True,False,ok,,strong_buy,1.29508,57.0,272.93738,275.0,380.0,140.0,0.4478684163106603,True,False,False,False,True,2026-01-16,Jefferies,,,main,False,False,unknown,False,False,False,False,False
1428,NVDA,2026-01-27,sell,True,True,True,False,ok,,strong_buy,1.29508,57.0,272.93738,275.0,380.0,140.0,0.4478684163106603,False,False,False,True,True,2026-01-16,Jefferies,,,main,False,False,unknown,False,False,False,False,False
1429,AMD,2026-01-27,buy,True,True,True,False,ok,,buy,1.5098,48.0,457.83334,474.0,625.0,225.0,0.8165827172063176,True,False,False,False,True,2026-01-26,Piper Sandler,,,main,False,False,unknown,False,False,False,False,False
1430,GOOGL,2026-01-27,buy,False,True,True,False,ok,,strong_buy,1.39683,52.0,427.88712,430.0,515.0,334.22,0.2798934704881557,True,False,False,False,True,2026-01-27,Roth Capital,,,main,False,False,unknown,False,False,False,False,False
1431,AMZN,2026-01-27,buy,True,True,True,False,ok,,strong_buy,1.34848,62.0,311.55145,317.0,370.0,207.0,0.2733016974249638,True,False,False,False,True,2026-01-27,Stifel,,,main,False,False,unknown,False,False,False,False,False
1432,MSFT,2025-03-31,buy,False,True,True,False,ok,,strong_buy,1.30909,54.0,561.5561,562.5,870.0,400.0,0.5073794041528346,True,False,False,False,True,2025-03-31,Jefferies,,,main,False,False,unknown,False,False,False,False,False
1433,GOOGL,2025-05-19,buy,False,True,True,False,ok,,strong_buy,1.39683,52.0,427.88712,430.0,515.0,334.22,1.5781844866130657,True,False,False,False,True,2025-05-08,WestPark Capital,,,reit,False,False,unknown,False,False,False,False,False
1434,AMD,2025-05-19,buy,True,True,True,False,ok,,buy,1.5098,48.0,457.83334,474.0,625.0,225.0,2.9901808307821676,True,False,False,False,True,2025-05-19,Mizuho,,,main,False,False,unknown,False,False,False,False,False
1435,AMD,2024-08-02,buy,True,True,True,False,ok,,buy,1.5098,48.0,457.83334,474.0,625.0,225.0,2.455345962264151,True,False,False,False,True,2024-07-31,Baird,,,main,False,False,unknown,False,False,False,False,False
1436,MSFT,2024-08-02,buy,False,True,True,False,ok,,strong_buy,1.30909,54.0,561.5561,562.5,870.0,400.0,0.3932988106690498,True,False,False,False,True,2024-07-31,Piper Sandler,,,main,False,False,unknown,False,False,False,False,False
1437,TSLA,2024-08-02,buy,True,True,True,False,ok,,buy,2.3617,41.0,412.25366,450.0,600.0,123.0,0.9851382656854468,True,False,False,False,True,2024-08-01,Cantor Fitzgerald,,,reit,False,False,unknown,False,False,False,False,False
1438,SOFI,2025-04-29,buy,False,True,True,False,ok,,hold,2.70833,20.0,21.1,18.5,31.0,12.0,0.5900526957145171,False,False,True,False,False,2025-04-25,JMP Securities,,,init,False,False,unknown,False,False,False,False,False
1439,NVDA,2026-01-26,buy,True,True,True,False,ok,,strong_buy,1.29508,57.0,272.93738,275.0,380.0,140.0,0.4637858210121788,True,False,False,False,True,2026-01-16,Jefferies,,,main,False,False,unknown,False,False,False,False,False
1440,AAPL,2026-01-26,buy,True,True,True,False,ok,,buy,1.95833,43.0,308.06512,310.0,400.0,215.0,0.20840003712821353,True,False,False,False,True,2026-01-26,Jefferies,,,main,False,False,unknown,False,False,False,False,False
1441,META,2026-01-26,buy,False,True,False,True,ok,,strong_buy,1.34921,58.0,826.69104,825.0,1015.0,614.0,0.2305890997501301,True,False,False,False,True,,,,,,,,,,,,,
1442,AMZN,2025-03-05,buy,True,True,True,False,ok,,strong_buy,1.34848,62.0,311.55145,317.0,370.0,207.0,0.4952555629073163,True,False,False,False,True,2025-02-25,Wells Fargo,,,main,False,False,unknown,False,False,False,False,False
1443,AMD,2026-01-20,buy,True,True,True,False,ok,,buy,1.5098,48.0,457.83334,474.0,625.0,225.0,0.9741003087904694,True,False,False,False,True,2026-01-15,RBC Capital,,,init,False,False,unknown,False,False,False,False,False
1444,GOOGL,2024-07-23,buy,False,True,True,False,ok,,strong_buy,1.39683,52.0,427.88712,430.0,515.0,334.22,1.370477188862937,True,False,False,False,True,2024-07-23,Needham,,,reit,False,False,unknown,False,False,False,False,False
1445,PYPL,2025-12-22,buy,False,True,True,False,ok,,hold,2.88636,34.0,52.52618,48.0,147.39,32.0,-0.11985945989577351,False,False,True,False,False,2025-12-22,Mizuho,,,main,False,False,unknown,False,False,False,False,False
1446,TSLA,2025-12-22,buy,True,True,True,False,ok,,buy,2.3617,41.0,412.25366,450.0,600.0,123.0,-0.15647975214779164,True,False,False,False,True,2025-12-19,Truist Securities,,,main,False,False,unknown,False,False,False,False,False
1447,AMD,2026-01-23,buy,True,True,True,False,ok,,buy,1.5098,48.0,457.83334,474.0,625.0,225.0,0.7630674403615667,True,False,False,False,True,2026-01-21,Bernstein,,,main,False,False,unknown,False,False,False,False,False
1448,MSFT,2026-01-23,buy,False,True,True,False,ok,,strong_buy,1.30909,54.0,561.5561,562.5,870.0,400.0,0.20793609108358702,True,False,False,False,True,2026-01-23,UBS,,,main,False,False,unknown,False,False,False,False,False
1449,TSLA,2026-01-23,buy,True,True,True,False,ok,,buy,2.3617,41.0,412.25366,450.0,600.0,123.0,-0.08196307343940423,True,False,False,False,True,2026-01-23,Barclays,,,main,False,False,unknown,False,False,False,False,False
1450,AAPL,2025-09-10,sell,True,True,True,False,ok,,buy,1.95833,43.0,308.06512,310.0,400.0,215.0,0.3622147163368896,False,False,False,True,True,2025-09-10,Evercore ISI Group,,,main,False,False,unknown,False,False,False,False,False
1451,AAPL,2025-09-10,sell,True,True,True,False,ok,,buy,1.95833,43.0,308.06512,310.0,400.0,215.0,0.3622147163368896,False,False,False,True,True,2025-09-10,Evercore ISI Group,,,main,False,False,unknown,False,False,False,False,False
1452,AMZN,2025-09-10,buy,True,True,True,False,ok,,strong_buy,1.34848,62.0,311.55145,317.0,370.0,207.0,0.3526307798517738,True,False,False,False,True,2025-08-14,Morgan Stanley,,,main,False,False,unknown,False,False,False,False,False
1453,AMZN,2025-03-11,buy,True,True,True,False,ok,,strong_buy,1.34848,62.0,311.55145,317.0,370.0,207.0,0.5847777394762166,True,False,False,False,True,2025-02-25,Wells Fargo,,,main,False,False,unknown,False,False,False,False,False
1454,AMD,2024-07-30,buy,True,True,True,False,ok,,buy,1.5098,48.0,457.83334,474.0,625.0,225.0,2.3070884998992596,True,False,False,False,True,2024-07-29,Barclays,,,main,False,False,unknown,False,False,False,False,False
1455,GOOGL,2024-07-30,buy,False,True,True,False,ok,,strong_buy,1.39683,52.0,427.88712,430.0,515.0,334.22,1.5305599424763021,True,False,False,False,True,2024-07-30,JMP Securities,,,reit,False,False,unknown,False,False,False,False,False
1456,NFLX,2024-07-12,buy,False,True,True,False,ok,,buy,1.68,44.0,114.555,115.0,151.4,80.0,0.768915939178318,True,False,False,False,True,2024-07-12,JP Morgan,,,main,False,False,unknown,False,False,False,False,False
1457,MSFT,2024-07-12,buy,False,True,True,False,ok,,strong_buy,1.30909,54.0,561.5561,562.5,870.0,400.0,0.2548752501369882,True,False,False,False,True,2024-07-12,BMO Capital,,,main,False,False,unknown,False,False,False,False,False
1458,TSLA,2024-07-12,buy,True,True,True,False,ok,,buy,2.3617,41.0,412.25366,450.0,600.0,123.0,0.660772940803237,True,False,False,False,True,2024-07-12,Mizuho,,,main,False,False,unknown,False,False,False,False,False
1459,AAPL,2024-08-01,buy,True,True,True,False,ok,,buy,1.95833,43.0,308.06512,310.0,400.0,215.0,0.42303407484679156,True,False,False,False,True,2024-07-29,TD Cowen,,,main,False,False,unknown,False,False,False,False,False
1460,MSFT,2024-07-30,buy,False,True,True,False,ok,,strong_buy,1.30909,54.0,561.5561,562.5,870.0,400.0,0.345759698216314,True,False,False,False,True,2024-07-23,Piper Sandler,,,reit,False,False,unknown,False,False,False,False,False
1461,MSFT,2024-07-30,buy,False,True,True,False,ok,,strong_buy,1.30909,54.0,561.5561,562.5,870.0,400.0,0.345759698216314,True,False,False,False,True,2024-07-23,Piper Sandler,,,reit,False,False,unknown,False,False,False,False,False
1462,MSFT,2024-07-30,sell,False,True,True,False,ok,,strong_buy,1.30909,54.0,561.5561,562.5,870.0,400.0,0.345759698216314,False,False,False,True,True,2024-07-23,Piper Sandler,,,reit,False,False,unknown,False,False,False,False,False
1463,MSFT,2024-07-30,buy,False,True,True,False,ok,,strong_buy,1.30909,54.0,561.5561,562.5,870.0,400.0,0.345759698216314,True,False,False,False,True,2024-07-23,Piper Sandler,,,reit,False,False,unknown,False,False,False,False,False
1464,MSFT,2024-07-30,buy,False,True,True,False,ok,,strong_buy,1.30909,54.0,561.5561,562.5,870.0,400.0,0.345759698216314,True,False,False,False,True,2024-07-23,Piper Sandler,,,reit,False,False,unknown,False,False,False,False,False
1465,AMZN,2025-03-11,sell,True,True,True,False,ok,,strong_buy,1.34848,62.0,311.55145,317.0,370.0,207.0,0.5847777394762166,False,False,False,True,True,2025-02-25,Wells Fargo,,,main,False,False,unknown,False,False,False,False,False
1466,NVDA,2025-03-11,sell,True,True,True,False,ok,,strong_buy,1.29508,57.0,272.93738,275.0,380.0,140.0,1.5103605825529813,False,False,False,True,True,2025-02-27,Rosenblatt,,,main,False,False,unknown,False,False,False,False,False
1467,NFLX,2025-12-24,buy,False,True,True,False,ok,,buy,1.68,44.0,114.555,115.0,151.4,80.0,0.22335541164755335,True,False,False,False,True,2025-12-11,Jefferies,,,main,False,False,unknown,False,False,False,False,False
1468,TSLA,2024-07-23,sell,True,True,True,False,ok,,buy,2.3617,41.0,412.25366,450.0,600.0,123.0,0.6732431683978706,False,False,False,True,True,2024-07-23,Guggenheim,,,reit,False,False,unknown,False,False,False,False,False
1469,TSLA,2024-07-23,buy,True,True,True,False,ok,,buy,2.3617,41.0,412.25366,450.0,600.0,123.0,0.6732431683978706,True,False,False,False,True,2024-07-23,Guggenheim,,,reit,False,False,unknown,False,False,False,False,False
1470,GOOGL,2026-01-28,sell,False,True,True,False,ok,,strong_buy,1.39683,52.0,427.88712,430.0,515.0,334.22,0.27433203459790656,False,False,False,True,True,2026-01-27,Roth Capital,,,main,False,False,unknown,False,False,False,False,False
1471,META,2026-01-28,sell,False,True,False,True,ok,,strong_buy,1.34921,58.0,826.69104,825.0,1015.0,614.0,0.2372689786910669,False,False,False,True,True,,,,,,,,,,,,,
1472,AMZN,2025-03-17,sell,True,True,True,False,ok,,strong_buy,1.34848,62.0,311.55145,317.0,370.0,207.0,0.5916595548010264,False,False,False,True,True,2025-02-25,Wells Fargo,,,main,False,False,unknown,False,False,False,False,False
1473,AMZN,2025-03-17,buy,True,True,True,False,ok,,strong_buy,1.34848,62.0,311.55145,317.0,370.0,207.0,0.5916595548010264,True,False,False,False,True,2025-02-25,Wells Fargo,,,main,False,False,unknown,False,False,False,False,False
1474,AMZN,2025-03-17,buy,True,True,True,False,ok,,strong_buy,1.34848,62.0,311.55145,317.0,370.0,207.0,0.5916595548010264,True,False,False,False,True,2025-02-25,Wells Fargo,,,main,False,False,unknown,False,False,False,False,False
1475,GOOGL,2025-03-17,sell,False,True,True,False,ok,,strong_buy,1.39683,52.0,427.88712,430.0,515.0,334.22,1.6134933728199772,False,False,False,True,True,2025-02-05,Rosenblatt,,,main,False,False,unknown,False,False,False,False,False
1476,GOOGL,2025-03-17,buy,False,True,True,False,ok,,strong_buy,1.39683,52.0,427.88712,430.0,515.0,334.22,1.6134933728199772,True,False,False,False,True,2025-02-05,Rosenblatt,,,main,False,False,unknown,False,False,False,False,False
1477,MSFT,2025-03-17,sell,False,True,True,False,ok,,strong_buy,1.30909,54.0,561.5561,562.5,870.0,400.0,0.45576314060730594,False,False,False,True,True,2025-03-13,DA Davidson,,,up,False,False,unknown,False,False,False,False,False
1478,SOFI,2026-01-02,buy,False,True,True,False,ok,,hold,2.70833,20.0,21.1,18.5,31.0,12.0,-0.23160958836553414,False,False,True,False,False,2025-11-25,Truist Securities,,,main,False,False,unknown,False,False,False,False,False
1479,AMD,2026-01-22,buy,True,True,True,False,ok,,buy,1.5098,48.0,457.83334,474.0,625.0,225.0,0.8044115702095849,True,False,False,False,True,2026-01-21,Bernstein,,,main,False,False,unknown,False,False,False,False,False
1480,MSFT,2026-01-22,sell,False,True,True,False,ok,,strong_buy,1.30909,54.0,561.5561,562.5,870.0,400.0,0.24759015770995374,False,False,False,True,True,2026-01-22,Guggenheim,,,reit,False,False,unknown,False,False,False,False,False
1481,NVDA,2024-08-29,sell,True,True,True,False,ok,,strong_buy,1.29508,57.0,272.93738,275.0,380.0,140.0,1.3222128469820862,False,False,False,True,True,2024-08-29,Mizuho,,,main,False,False,unknown,False,False,False,False,False
1482,META,2026-01-28,buy,False,True,False,True,ok,,strong_buy,1.34921,58.0,826.69104,825.0,1015.0,614.0,0.2372689786910669,True,False,False,False,True,,,,,,,,,,,,,
1483,META,2026-01-28,buy,False,True,False,True,ok,,strong_buy,1.34921,58.0,826.69104,825.0,1015.0,614.0,0.2372689786910669,True,False,False,False,True,,,,,,,,,,,,,
1484,MSFT,2026-01-28,buy,False,True,True,False,ok,,strong_buy,1.30909,54.0,561.5561,562.5,870.0,400.0,0.1686104026695605,True,False,False,False,True,2026-01-26,B of A Securities,,,main,False,False,unknown,False,False,False,False,False
1485,MSFT,2026-01-28,sell,False,True,True,False,ok,,strong_buy,1.30909,54.0,561.5561,562.5,870.0,400.0,0.1686104026695605,False,False,False,True,True,2026-01-26,B of A Securities,,,main,False,False,unknown,False,False,False,False,False
1486,MSFT,2026-01-28,sell,False,True,True,False,ok,,strong_buy,1.30909,54.0,561.5561,562.5,870.0,400.0,0.1686104026695605,False,False,False,True,True,2026-01-26,B of A Securities,,,main,False,False,unknown,False,False,False,False,False
1487,AMD,2026-01-28,buy,True,True,True,False,ok,,buy,1.5098,48.0,457.83334,474.0,625.0,225.0,0.8114795048241115,True,False,False,False,True,2026-01-26,Piper Sandler,,,main,False,False,unknown,False,False,False,False,False
1488,AMD,2026-01-28,buy,True,True,True,False,ok,,buy,1.5098,48.0,457.83334,474.0,625.0,225.0,0.8114795048241115,True,False,False,False,True,2026-01-26,Piper Sandler,,,main,False,False,unknown,False,False,False,False,False
1489,TSLA,2026-01-28,sell,True,True,True,False,ok,,buy,2.3617,41.0,412.25366,450.0,600.0,123.0,-0.04451474490208385,False,False,False,True,True,2026-01-23,Barclays,,,main,False,False,unknown,False,False,False,False,False
1490,TSLA,2026-01-28,sell,True,True,True,False,ok,,buy,2.3617,41.0,412.25366,450.0,600.0,123.0,-0.04451474490208385,False,False,False,True,True,2026-01-23,Barclays,,,main,False,False,unknown,False,False,False,False,False
1491,AMD,2026-01-21,buy,True,True,True,False,ok,,buy,1.5098,48.0,457.83334,474.0,625.0,225.0,0.8327995772887895,True,False,False,False,True,2026-01-21,Bernstein,,,main,False,False,unknown,False,False,False,False,False
1492,META,2026-01-21,buy,False,True,False,True,ok,,strong_buy,1.34921,58.0,826.69104,825.0,1015.0,614.0,0.34984143138439494,True,False,False,False,True,,,,,,,,,,,,,
1493,NFLX,2026-04-20,buy,False,True,True,False,ok,,buy,1.68,44.0,114.555,115.0,151.4,80.0,0.20800377294188577,True,False,False,False,True,2026-04-17,Guggenheim,,,main,False,False,unknown,False,False,False,False,False
1494,GOOGL,2026-02-02,sell,False,True,True,False,ok,,strong_buy,1.39683,52.0,427.88712,430.0,515.0,334.22,0.24585619444341766,False,False,False,True,True,2026-02-02,Jefferies,,,main,False,False,unknown,False,False,False,False,False
1495,NVDA,2025-05-28,sell,True,True,True,False,ok,,strong_buy,1.29508,57.0,272.93738,275.0,380.0,140.0,1.0250848494689189,False,False,False,True,True,2025-05-22,Wedbush,,,reit,False,False,unknown,False,False,False,False,False
1496,PYPL,2026-02-03,buy,False,True,True,False,ok,,hold,2.88636,34.0,52.52618,48.0,147.39,32.0,0.2634343410450406,False,False,True,False,False,2026-02-03,BTIG,,,reit,False,False,unknown,False,False,False,False,False
1497,NFLX,2026-01-12,buy,False,True,True,False,ok,,buy,1.68,44.0,114.555,115.0,151.4,80.0,0.2812324718486361,True,False,False,False,True,2026-01-12,HSBC,,,init,False,False,unknown,False,False,False,False,False
1498,TSLA,2024-09-20,buy,True,True,True,False,ok,,buy,2.3617,41.0,412.25366,450.0,600.0,123.0,0.730340650577125,True,False,False,False,True,2024-09-16,Canaccord Genuity,,,main,False,False,unknown,False,False,False,False,False
1499,AMZN,2025-05-02,buy,True,True,True,False,ok,,strong_buy,1.34848,62.0,311.55145,317.0,370.0,207.0,0.6399171334165801,True,False,False,False,True,2025-05-02,B of A Securities,,,main,False,False,unknown,False,False,False,False,False
1500,GOOGL,2025-05-02,buy,False,True,True,False,ok,,strong_buy,1.39683,52.0,427.88712,430.0,515.0,334.22,1.6176355965751008,True,False,False,False,True,2025-04-30,Tigress Financial,,,main,False,False,unknown,False,False,False,False,False
1501,GOOGL,2025-03-18,buy,False,True,True,False,ok,,strong_buy,1.39683,52.0,427.88712,430.0,515.0,334.22,1.672376950468509,True,False,False,False,True,2025-03-18,Keybanc,,,main,False,False,unknown,False,False,False,False,False
1502,GOOGL,2025-03-18,sell,False,True,True,False,ok,,strong_buy,1.39683,52.0,427.88712,430.0,515.0,334.22,1.672376950468509,False,False,False,True,True,2025-03-18,Keybanc,,,main,False,False,unknown,False,False,False,False,False
1503,AMZN,2025-03-18,buy,True,True,True,False,ok,,strong_buy,1.34848,62.0,311.55145,317.0,370.0,207.0,0.6157630856021041,True,False,False,False,True,2025-02-25,Wells Fargo,,,main,False,False,unknown,False,False,False,False,False
1504,MSFT,2026-01-29,buy,False,True,True,False,ok,,strong_buy,1.30909,54.0,561.5561,562.5,870.0,400.0,0.2983571293864631,True,False,False,False,True,2026-01-29,Piper Sandler,,,reit,False,False,unknown,False,False,False,False,False
1505,AMD,2026-02-04,sell,True,True,True,False,ok,,buy,1.5098,48.0,457.83334,474.0,625.0,225.0,1.286994027756224,False,False,False,True,True,2026-02-04,Benchmark,,,reit,False,False,unknown,False,False,False,False,False
1506,NVDA,2026-02-04,sell,True,True,True,False,ok,,strong_buy,1.29508,57.0,272.93738,275.0,380.0,140.0,0.5669794631355771,False,False,False,True,True,2026-01-16,Jefferies,,,main,False,False,unknown,False,False,False,False,False
1507,NVDA,2026-02-04,sell,True,True,True,False,ok,,strong_buy,1.29508,57.0,272.93738,275.0,380.0,140.0,0.5669794631355771,False,False,False,True,True,2026-01-16,Jefferies,,,main,False,False,unknown,False,False,False,False,False
1508,AMD,2026-02-04,buy,True,True,True,False,ok,,buy,1.5098,48.0,457.83334,474.0,625.0,225.0,1.286994027756224,True,False,False,False,True,2026-02-04,Benchmark,,,reit,False,False,unknown,False,False,False,False,False
1509,AMD,2026-02-04,sell,True,True,True,False,ok,,buy,1.5098,48.0,457.83334,474.0,625.0,225.0,1.286994027756224,False,False,False,True,True,2026-02-04,Benchmark,,,reit,False,False,unknown,False,False,False,False,False
1510,AMD,2026-02-04,buy,True,True,True,False,ok,,buy,1.5098,48.0,457.83334,474.0,625.0,225.0,1.286994027756224,True,False,False,False,True,2026-02-04,Benchmark,,,reit,False,False,unknown,False,False,False,False,False
1511,AMD,2026-02-04,sell,True,True,True,False,ok,,buy,1.5098,48.0,457.83334,474.0,625.0,225.0,1.286994027756224,False,False,False,True,True,2026-02-04,Benchmark,,,reit,False,False,unknown,False,False,False,False,False
1512,AMD,2026-02-04,buy,True,True,True,False,ok,,buy,1.5098,48.0,457.83334,474.0,625.0,225.0,1.286994027756224,True,False,False,False,True,2026-02-04,Benchmark,,,reit,False,False,unknown,False,False,False,False,False
1513,AMD,2026-02-04,buy,True,True,True,False,ok,,buy,1.5098,48.0,457.83334,474.0,625.0,225.0,1.286994027756224,True,False,False,False,True,2026-02-04,Benchmark,,,reit,False,False,unknown,False,False,False,False,False
1514,AMD,2026-02-04,buy,True,True,True,False,ok,,buy,1.5098,48.0,457.83334,474.0,625.0,225.0,1.286994027756224,True,False,False,False,True,2026-02-04,Benchmark,,,reit,False,False,unknown,False,False,False,False,False
1515,AMD,2026-02-04,buy,True,True,True,False,ok,,buy,1.5098,48.0,457.83334,474.0,625.0,225.0,1.286994027756224,True,False,False,False,True,2026-02-04,Benchmark,,,reit,False,False,unknown,False,False,False,False,False
1516,PYPL,2026-02-04,buy,False,True,True,False,ok,,hold,2.88636,34.0,52.52618,48.0,147.39,32.0,0.28406569301001605,False,False,True,False,False,2026-02-04,Canaccord Genuity,,,down,False,False,unknown,False,False,False,False,False
1517,META,2026-02-04,buy,False,True,False,True,ok,,strong_buy,1.34921,58.0,826.69104,825.0,1015.0,614.0,0.2367880287482209,True,False,False,False,True,,,,,,,,,,,,,
1518,META,2026-02-04,buy,False,True,False,True,ok,,strong_buy,1.34921,58.0,826.69104,825.0,1015.0,614.0,0.2367880287482209,True,False,False,False,True,,,,,,,,,,,,,
1519,NVDA,2025-04-09,buy,True,True,True,False,ok,,strong_buy,1.29508,57.0,272.93738,275.0,380.0,140.0,1.3878394503032054,True,False,False,False,True,2025-04-09,TD Cowen,,,main,False,False,unknown,False,False,False,False,False
1520,PYPL,2026-01-15,buy,False,True,True,False,ok,,hold,2.88636,34.0,52.52618,48.0,147.39,32.0,-0.07146261624517602,False,False,True,False,False,2026-01-14,Piper Sandler,,,main,False,False,unknown,False,False,False,False,False
1521,MSFT,2026-01-30,buy,False,True,True,False,ok,,strong_buy,1.30909,54.0,561.5561,562.5,870.0,400.0,0.30804300743110047,True,False,False,False,True,2026-01-30,Citigroup,,,main,False,False,unknown,False,False,False,False,False
1522,MSFT,2026-01-30,buy,False,True,True,False,ok,,strong_buy,1.30909,54.0,561.5561,562.5,870.0,400.0,0.30804300743110047,True,False,False,False,True,2026-01-30,Citigroup,,,main,False,False,unknown,False,False,False,False,False
1523,MSFT,2026-01-30,buy,False,True,True,False,ok,,strong_buy,1.30909,54.0,561.5561,562.5,870.0,400.0,0.30804300743110047,True,False,False,False,True,2026-01-30,Citigroup,,,main,False,False,unknown,False,False,False,False,False
1524,NVDA,2026-01-30,buy,True,True,True,False,ok,,strong_buy,1.29508,57.0,272.93738,275.0,380.0,140.0,0.4280968311832978,True,False,False,False,True,2026-01-16,Jefferies,,,main,False,False,unknown,False,False,False,False,False
1525,MSFT,2024-11-01,buy,False,True,True,False,ok,,strong_buy,1.30909,54.0,561.5561,562.5,870.0,400.0,0.3844206724417225,True,False,False,False,True,2024-10-31,Morgan Stanley,,,main,False,False,unknown,False,False,False,False,False
1526,NFLX,2025-10-22,buy,False,True,True,False,ok,,buy,1.68,44.0,114.555,115.0,151.4,80.0,0.026138277948004163,True,False,False,False,True,2025-10-22,Needham,,,reit,False,False,unknown,False,False,False,False,False
1527,MSFT,2026-02-02,buy,False,True,True,False,ok,,strong_buy,1.30909,54.0,561.5561,562.5,870.0,400.0,0.32942300652333056,True,False,False,False,True,2026-01-30,Citigroup,,,main,False,False,unknown,False,False,False,False,False
1528,NVDA,2026-02-02,buy,True,True,True,False,ok,,strong_buy,1.29508,57.0,272.93738,275.0,380.0,140.0,0.47056809451309123,True,False,False,False,True,2026-01-16,Jefferies,,,main,False,False,unknown,False,False,False,False,False
1529,META,2026-02-02,buy,False,True,False,True,ok,,strong_buy,1.34921,58.0,826.69104,825.0,1015.0,614.0,0.17127289010646907,True,False,False,False,True,,,,,,,,,,,,,
1530,NFLX,2026-02-02,buy,False,True,True,False,ok,,buy,1.68,44.0,114.555,115.0,151.4,80.0,0.38418314455130265,True,False,False,False,True,2026-01-27,Freedom Broker,,,up,False,False,unknown,False,False,False,False,False
1531,NFLX,2026-02-02,buy,False,True,True,False,ok,,buy,1.68,44.0,114.555,115.0,151.4,80.0,0.38418314455130265,True,False,False,False,True,2026-01-27,Freedom Broker,,,up,False,False,unknown,False,False,False,False,False
1532,TSLA,2025-04-22,buy,True,True,True,False,ok,,buy,2.3617,41.0,412.25366,450.0,600.0,123.0,0.732376593206213,True,False,False,False,True,2025-04-22,B of A Securities,,,main,False,False,unknown,False,False,False,False,False
1533,TSLA,2025-04-22,sell,True,True,True,False,ok,,buy,2.3617,41.0,412.25366,450.0,600.0,123.0,0.732376593206213,False,False,False,True,True,2025-04-22,B of A Securities,,,main,False,False,unknown,False,False,False,False,False
1534,META,2026-01-29,buy,False,True,False,True,ok,,strong_buy,1.34921,58.0,826.69104,825.0,1015.0,614.0,0.12066590745104944,True,False,False,False,True,,,,,,,,,,,,,
1535,MSFT,2026-02-05,buy,False,True,True,False,ok,,strong_buy,1.30909,54.0,561.5561,562.5,870.0,400.0,0.42971982188902724,True,False,False,False,True,2026-02-05,Stifel,,,down,False,False,unknown,False,False,False,False,False
1536,MSFT,2026-02-05,buy,False,True,True,False,ok,,strong_buy,1.30909,54.0,561.5561,562.5,870.0,400.0,0.42971982188902724,True,False,False,False,True,2026-02-05,Stifel,,,down,False,False,unknown,False,False,False,False,False
1537,MSFT,2026-02-05,buy,False,True,True,False,ok,,strong_buy,1.30909,54.0,561.5561,562.5,870.0,400.0,0.42971982188902724,True,False,False,False,True,2026-02-05,Stifel,,,down,False,False,unknown,False,False,False,False,False
1538,MSFT,2026-02-05,buy,False,True,True,False,ok,,strong_buy,1.30909,54.0,561.5561,562.5,870.0,400.0,0.42971982188902724,True,False,False,False,True,2026-02-05,Stifel,,,down,False,False,unknown,False,False,False,False,False
1539,TSLA,2026-02-05,sell,True,True,True,False,ok,,buy,2.3617,41.0,412.25366,450.0,600.0,123.0,0.03787333870886078,False,False,False,True,True,2026-01-29,Freedom Broker,,,main,False,False,unknown,False,False,False,False,False
1540,AMD,2026-02-05,buy,True,True,True,False,ok,,buy,1.5098,48.0,457.83334,474.0,625.0,225.0,1.3783550129870132,True,False,False,False,True,2026-02-04,Benchmark,,,reit,False,False,unknown,False,False,False,False,False
1541,AMD,2026-02-05,buy,True,True,True,False,ok,,buy,1.5098,48.0,457.83334,474.0,625.0,225.0,1.3783550129870132,True,False,False,False,True,2026-02-04,Benchmark,,,reit,False,False,unknown,False,False,False,False,False
1542,NVDA,2026-02-05,buy,True,True,True,False,ok,,strong_buy,1.29508,57.0,272.93738,275.0,380.0,140.0,0.5880390591880942,True,False,False,False,True,2026-01-16,Jefferies,,,main,False,False,unknown,False,False,False,False,False
1543,NFLX,2026-02-05,sell,False,True,True,False,ok,,buy,1.68,44.0,114.555,115.0,151.4,80.0,0.41653265870380696,False,False,False,True,True,2026-01-27,Freedom Broker,,,up,False,False,unknown,False,False,False,False,False
1544,GOOGL,2025-06-30,buy,False,True,True,False,ok,,strong_buy,1.39683,52.0,427.88712,430.0,515.0,334.22,1.433476886865495,True,False,False,False,True,2025-06-27,JMP Securities,,,up,False,False,unknown,False,False,False,False,False
1545,MSFT,2025-04-04,buy,False,True,True,False,ok,,strong_buy,1.30909,54.0,561.5561,562.5,870.0,400.0,0.5725186125210495,True,False,False,False,True,2025-04-01,WestPark Capital,,,init,False,False,unknown,False,False,False,False,False
1546,AMZN,2025-04-04,buy,True,True,True,False,ok,,strong_buy,1.34848,62.0,311.55145,317.0,370.0,207.0,0.8219383040935673,True,False,False,False,True,2025-04-01,WestPark Capital,,,init,False,False,unknown,False,False,False,False,False
1547,MSFT,2025-10-13,buy,False,True,True,False,ok,,strong_buy,1.30909,54.0,561.5561,562.5,870.0,400.0,0.09695794798766433,True,False,False,False,True,2025-10-06,Wells Fargo,,,main,False,False,unknown,False,False,False,False,False
1548,NFLX,2024-10-17,buy,False,True,True,False,ok,,buy,1.68,44.0,114.555,115.0,151.4,80.0,0.665891093096477,True,False,False,False,True,2024-10-16,Loop Capital,,,main,False,False,unknown,False,False,False,False,False
1549,NFLX,2024-10-17,buy,False,True,True,False,ok,,buy,1.68,44.0,114.555,115.0,151.4,80.0,0.665891093096477,True,False,False,False,True,2024-10-16,Loop Capital,,,main,False,False,unknown,False,False,False,False,False
1550,MSFT,2024-10-30,buy,False,True,True,False,ok,,strong_buy,1.30909,54.0,561.5561,562.5,870.0,400.0,0.3134919747667171,True,False,False,False,True,2024-10-28,Truist Securities,,,main,False,False,unknown,False,False,False,False,False
1551,GOOGL,2024-10-30,buy,False,True,True,False,ok,,strong_buy,1.39683,52.0,427.88712,430.0,515.0,334.22,1.4668002340582809,True,False,False,False,True,2024-10-30,Needham,,,reit,False,False,unknown,False,False,False,False,False
1552,AMD,2025-07-08,buy,True,True,True,False,ok,,buy,1.5098,48.0,457.83334,474.0,625.0,225.0,2.3219657210070848,True,False,False,False,True,2025-07-07,Citigroup,,,main,False,False,unknown,False,False,False,False,False
1553,PYPL,2025-07-08,buy,False,True,True,False,ok,,hold,2.88636,34.0,52.52618,48.0,147.39,32.0,-0.29618807614327214,False,False,True,False,False,2025-06-26,RBC Capital,,,reit,False,False,unknown,False,False,False,False,False
1554,GOOGL,2025-04-28,buy,False,True,True,False,ok,,strong_buy,1.39683,52.0,427.88712,430.0,515.0,334.22,1.6733756494979102,True,False,False,False,True,2025-04-25,Rosenblatt,,,main,False,False,unknown,False,False,False,False,False
1555,AMZN,2025-03-28,sell,True,True,True,False,ok,,strong_buy,1.34848,62.0,311.55145,317.0,370.0,207.0,0.6166015360450885,False,False,False,True,True,2025-03-20,Citizens Capital Markets,,,reit,False,False,unknown,False,False,False,False,False
1556,AMZN,2025-03-28,buy,True,True,True,False,ok,,strong_buy,1.34848,62.0,311.55145,317.0,370.0,207.0,0.6166015360450885,True,False,False,False,True,2025-03-20,Citizens Capital Markets,,,reit,False,False,unknown,False,False,False,False,False
1557,NVDA,2026-02-03,buy,True,True,True,False,ok,,strong_buy,1.29508,57.0,272.93738,275.0,380.0,140.0,0.5135420107932547,True,False,False,False,True,2026-01-16,Jefferies,,,main,False,False,unknown,False,False,False,False,False
1558,AMZN,2025-04-03,sell,True,True,True,False,ok,,strong_buy,1.34848,62.0,311.55145,317.0,370.0,207.0,0.7462667092930906,False,False,False,True,True,2025-04-01,WestPark Capital,,,init,False,False,unknown,False,False,False,False,False
1559,AAPL,2024-11-01,buy,True,True,True,False,ok,,buy,1.95833,43.0,308.06512,310.0,400.0,215.0,0.392375696628688,True,False,False,False,True,2024-11-01,HSBC,,,reit,False,False,unknown,False,False,False,False,False
1560,AAPL,2024-11-01,buy,True,True,True,False,ok,,buy,1.95833,43.0,308.06512,310.0,400.0,215.0,0.392375696628688,True,False,False,False,True,2024-11-01,HSBC,,,reit,False,False,unknown,False,False,False,False,False
1561,AMD,2026-02-03,buy,True,True,True,False,ok,,buy,1.5098,48.0,457.83334,474.0,625.0,225.0,0.8910137493115395,True,False,False,False,True,2026-01-30,Wells Fargo,,,reit,False,False,unknown,False,False,False,False,False
1562,AMD,2026-02-03,buy,True,True,True,False,ok,,buy,1.5098,48.0,457.83334,474.0,625.0,225.0,0.8910137493115395,True,False,False,False,True,2026-01-30,Wells Fargo,,,reit,False,False,unknown,False,False,False,False,False
1563,AMD,2026-02-03,sell,True,True,True,False,ok,,buy,1.5098,48.0,457.83334,474.0,625.0,225.0,0.8910137493115395,False,False,False,True,True,2026-01-30,Wells Fargo,,,reit,False,False,unknown,False,False,False,False,False
1564,NVDA,2026-02-03,sell,True,True,True,False,ok,,strong_buy,1.29508,57.0,272.93738,275.0,380.0,140.0,0.5135420107932547,False,False,False,True,True,2026-01-16,Jefferies,,,main,False,False,unknown,False,False,False,False,False
1565,NVDA,2026-02-03,sell,True,True,True,False,ok,,strong_buy,1.29508,57.0,272.93738,275.0,380.0,140.0,0.5135420107932547,False,False,False,True,True,2026-01-16,Jefferies,,,main,False,False,unknown,False,False,False,False,False
1566,GOOGL,2026-02-03,buy,False,True,True,False,ok,,strong_buy,1.39683,52.0,427.88712,430.0,515.0,334.22,0.26045261461879976,True,False,False,False,True,2026-02-02,Jefferies,,,main,False,False,unknown,False,False,False,False,False
1567,AAPL,2024-09-27,buy,True,True,True,False,ok,,buy,1.95833,43.0,308.06512,310.0,400.0,215.0,0.36254650483317885,True,False,False,False,True,2024-09-25,New Street Research,,,reit,False,False,unknown,False,False,False,False,False
1568,META,2026-01-28,buy,False,True,False,True,ok,,strong_buy,1.34921,58.0,826.69104,825.0,1015.0,614.0,0.2372689786910669,True,False,False,False,True,,,,,,,,,,,,,
1569,MSFT,2026-01-28,buy,False,True,True,False,ok,,strong_buy,1.30909,54.0,561.5561,562.5,870.0,400.0,0.1686104026695605,True,False,False,False,True,2026-01-26,B of A Securities,,,main,False,False,unknown,False,False,False,False,False
1570,MSFT,2026-01-28,sell,False,True,True,False,ok,,strong_buy,1.30909,54.0,561.5561,562.5,870.0,400.0,0.1686104026695605,False,False,False,True,True,2026-01-26,B of A Securities,,,main,False,False,unknown,False,False,False,False,False
1571,AMD,2026-01-28,buy,True,True,True,False,ok,,buy,1.5098,48.0,457.83334,474.0,625.0,225.0,0.8114795048241115,True,False,False,False,True,2026-01-26,Piper Sandler,,,main,False,False,unknown,False,False,False,False,False
1572,AMD,2026-01-28,buy,True,True,True,False,ok,,buy,1.5098,48.0,457.83334,474.0,625.0,225.0,0.8114795048241115,True,False,False,False,True,2026-01-26,Piper Sandler,,,main,False,False,unknown,False,False,False,False,False
1573,NVDA,2026-02-10,buy,True,True,True,False,ok,,strong_buy,1.29508,57.0,272.93738,275.0,380.0,140.0,0.44771490496207034,True,False,False,False,True,2026-01-16,Jefferies,,,main,False,False,unknown,False,False,False,False,False
1574,AMD,2026-02-26,buy,True,True,True,False,ok,,buy,1.5098,48.0,457.83334,474.0,625.0,225.0,1.2478071311048269,True,False,False,False,True,2026-02-25,Benchmark,,,reit,False,False,unknown,False,False,False,False,False
1575,AMZN,2026-03-11,buy,True,True,True,False,ok,,strong_buy,1.34848,62.0,311.55145,317.0,370.0,207.0,0.4650903312588841,True,False,False,False,True,2026-02-23,Wells Fargo,,,main,False,False,unknown,False,False,False,False,False
1576,AMD,2023-01-03,sell,True,True,True,False,ok,,buy,1.5098,48.0,457.83334,474.0,625.0,225.0,6.1514114965138,False,False,False,True,True,2022-11-14,Baird,,,up,False,False,unknown,False,False,False,False,False
1577,MSFT,2025-01-27,buy,False,True,True,False,ok,,strong_buy,1.30909,54.0,561.5561,562.5,870.0,400.0,0.30474451856947615,True,False,False,False,True,2025-01-27,Piper Sandler,,,main,False,False,unknown,False,False,False,False,False
1578,PYPL,2026-03-04,buy,False,True,True,False,ok,,hold,2.88636,34.0,52.52618,48.0,147.39,32.0,0.12355465240641705,False,False,True,False,False,2026-03-02,KGI Securities,,,down,False,False,unknown,False,False,False,False,False
1579,PYPL,2026-03-04,buy,False,True,True,False,ok,,hold,2.88636,34.0,52.52618,48.0,147.39,32.0,0.12355465240641705,False,False,True,False,False,2026-03-02,KGI Securities,,,down,False,False,unknown,False,False,False,False,False
1580,GOOGL,2023-02-27,buy,False,True,True,False,ok,,strong_buy,1.39683,52.0,427.88712,430.0,515.0,334.22,3.8005291666996923,True,False,False,False,True,2023-02-10,Jefferies,,,reit,False,False,unknown,False,False,False,False,False
1581,AMD,2026-04-23,buy,True,True,True,False,ok,,buy,1.5098,48.0,457.83334,474.0,625.0,225.0,0.4994706060147809,True,False,False,False,True,2026-04-20,Stifel,,,main,False,False,unknown,False,False,False,False,False
1582,UBER,2025-10-07,buy,False,True,True,False,ok,,buy,1.51923,50.0,104.9312,107.0,150.0,70.0,0.07291612193987573,True,False,False,False,True,2025-10-03,Wells Fargo,,,main,False,False,unknown,False,False,False,False,False
1583,AMZN,2025-10-07,buy,True,True,True,False,ok,,strong_buy,1.34848,62.0,311.55145,317.0,370.0,207.0,0.40477703902432904,True,False,False,False,True,2025-10-03,Goldman Sachs,,,main,False,False,unknown,False,False,False,False,False
1584,GOOGL,2025-07-23,buy,False,True,True,False,ok,,strong_buy,1.39683,52.0,427.88712,430.0,515.0,334.22,1.2543847652074644,True,False,False,False,True,2025-07-23,Guggenheim,,,main,False,False,unknown,False,False,False,False,False
1585,TSLA,2025-07-23,buy,True,True,True,False,ok,,buy,2.3617,41.0,412.25366,450.0,600.0,123.0,0.23963694679593872,True,False,False,False,True,2025-07-23,Guggenheim,,,reit,False,False,unknown,False,False,False,False,False
1586,AMZN,2025-10-17,sell,True,True,True,False,ok,,strong_buy,1.34848,62.0,311.55145,317.0,370.0,207.0,0.4624082792828339,False,False,False,True,True,2025-10-03,Goldman Sachs,,,main,False,False,unknown,False,False,False,False,False
1587,MSFT,2025-10-17,buy,False,True,True,False,ok,,strong_buy,1.30909,54.0,561.5561,562.5,870.0,400.0,0.09796181121895375,True,False,False,False,True,2025-10-06,Wells Fargo,,,main,False,False,unknown,False,False,False,False,False
1588,TSLA,2025-08-29,buy,True,True,True,False,ok,,buy,2.3617,41.0,412.25366,450.0,600.0,123.0,0.2347730135357029,True,False,False,False,True,2025-08-04,Wedbush,,,reit,False,False,unknown,False,False,False,False,False
1589,NVDA,2026-02-26,sell,True,True,True,False,ok,,strong_buy,1.29508,57.0,272.93738,275.0,380.0,140.0,0.4762948686607582,False,False,False,True,True,2026-02-26,Benchmark,,,reit,False,False,unknown,False,False,False,False,False
1590,NVDA,2026-02-26,buy,True,True,True,False,ok,,strong_buy,1.29508,57.0,272.93738,275.0,380.0,140.0,0.4762948686607582,True,False,False,False,True,2026-02-26,Benchmark,,,reit,False,False,unknown,False,False,False,False,False
1591,SOFI,2026-02-26,sell,False,True,True,False,ok,,hold,2.70833,20.0,21.1,18.5,31.0,12.0,0.10471201982124656,False,False,True,False,False,2026-02-18,Truist Securities,,,main,False,False,unknown,False,False,False,False,False
1592,NVDA,2026-02-20,sell,True,True,True,False,ok,,strong_buy,1.29508,57.0,272.93738,275.0,380.0,140.0,0.437952460432284,False,False,False,True,True,2026-02-18,Needham,,,reit,False,False,unknown,False,False,False,False,False
1593,META,2026-01-05,buy,False,True,False,True,ok,,strong_buy,1.34921,58.0,826.69104,825.0,1015.0,614.0,0.2559371505349124,True,False,False,False,True,,,,,,,,,,,,,
1594,AMZN,2022-10-31,sell,True,True,True,False,ok,,strong_buy,1.34848,62.0,311.55145,317.0,370.0,207.0,2.04130654602631,False,False,False,True,True,2022-10-28,Telsey Advisory Group,,,main,False,False,unknown,False,False,False,False,False
1595,NVDA,2026-02-24,sell,True,True,True,False,ok,,strong_buy,1.29508,57.0,272.93738,275.0,380.0,140.0,0.41535983141548294,False,False,False,True,True,2026-02-24,HSBC,,,main,False,False,unknown,False,False,False,False,False
1596,MSFT,2026-02-12,buy,False,True,True,False,ok,,strong_buy,1.30909,54.0,561.5561,562.5,870.0,400.0,0.4006516064882022,True,False,False,False,True,2026-02-05,Stifel,,,down,False,False,unknown,False,False,False,False,False
1597,AMZN,2026-02-12,buy,True,True,True,False,ok,,strong_buy,1.34848,62.0,311.55145,317.0,370.0,207.0,0.5608789602863269,True,False,False,False,True,2026-02-09,Citigroup,,,main,False,False,unknown,False,False,False,False,False
1598,GOOGL,2025-07-25,sell,False,True,True,False,ok,,strong_buy,1.39683,52.0,427.88712,430.0,515.0,334.22,1.2199589049135633,False,False,False,True,True,2025-07-24,Needham,,,main,False,False,unknown,False,False,False,False,False
1599,NFLX,2025-07-25,sell,False,True,True,False,ok,,buy,1.68,44.0,114.555,115.0,151.4,80.0,-0.029597908448948718,False,False,False,True,True,2025-07-21,Baird,,,main,False,False,unknown,False,False,False,False,False
1600,TSLA,2025-07-25,buy,True,True,True,False,ok,,buy,2.3617,41.0,412.25366,450.0,600.0,123.0,0.3043525380764869,True,False,False,False,True,2025-07-25,China Renaissance,,,down,False,False,unknown,False,False,False,False,False
1601,TSLA,2025-07-25,buy,True,True,True,False,ok,,buy,2.3617,41.0,412.25366,450.0,600.0,123.0,0.3043525380764869,True,False,False,False,True,2025-07-25,China Renaissance,,,down,False,False,unknown,False,False,False,False,False
1602,NFLX,2025-01-21,buy,False,True,True,False,ok,,buy,1.68,44.0,114.555,115.0,151.4,80.0,0.3172085933326141,True,False,False,False,True,2025-01-16,Seaport Global,,,up,False,False,unknown,False,False,False,False,False
1603,PYPL,2026-02-03,buy,False,True,True,False,ok,,hold,2.88636,34.0,52.52618,48.0,147.39,32.0,0.2634343410450406,False,False,True,False,False,2026-02-03,BTIG,,,reit,False,False,unknown,False,False,False,False,False
1605,AMZN,2026-01-29,sell,True,True,True,False,ok,,strong_buy,1.34848,62.0,311.55145,317.0,370.0,207.0,0.28884067143722914,False,False,False,True,True,2026-01-29,Wedbush,,,reit,False,False,unknown,False,False,False,False,False
1606,MSFT,2024-06-17,sell,False,True,True,False,ok,,strong_buy,1.30909,54.0,561.5561,562.5,870.0,400.0,0.26937278108435514,False,False,False,True,True,2024-06-17,Truist Securities,,,main,False,False,unknown,False,False,False,False,False
1607,AAPL,2025-01-30,sell,True,True,True,False,ok,,buy,1.95833,43.0,308.06512,310.0,400.0,215.0,0.3049092137687246,False,False,False,True,True,2025-01-30,DA Davidson,,,main,False,False,unknown,False,False,False,False,False
1608,AAPL,2025-01-30,buy,True,True,True,False,ok,,buy,1.95833,43.0,308.06512,310.0,400.0,215.0,0.3049092137687246,True,False,False,False,True,2025-01-30,DA Davidson,,,main,False,False,unknown,False,False,False,False,False
1609,AMD,2026-03-11,buy,True,True,True,False,ok,,buy,1.5098,48.0,457.83334,474.0,625.0,225.0,1.2351869155262927,True,False,False,False,True,2026-02-25,Benchmark,,,reit,False,False,unknown,False,False,False,False,False
1610,AMD,2026-03-11,buy,True,True,True,False,ok,,buy,1.5098,48.0,457.83334,474.0,625.0,225.0,1.2351869155262927,True,False,False,False,True,2026-02-25,Benchmark,,,reit,False,False,unknown,False,False,False,False,False
1611,META,2026-03-11,buy,False,True,False,True,ok,,strong_buy,1.34921,58.0,826.69104,825.0,1015.0,614.0,0.2634743799057617,True,False,False,False,True,,,,,,,,,,,,,
1612,AAPL,2024-11-25,sell,True,True,True,False,ok,,buy,1.95833,43.0,308.06512,310.0,400.0,215.0,0.331358084260313,False,False,False,True,True,2024-11-25,Morgan Stanley,,,reit,False,False,unknown,False,False,False,False,False
1613,GOOGL,2024-11-25,buy,False,True,True,False,ok,,strong_buy,1.39683,52.0,427.88712,430.0,515.0,334.22,1.5670025497295916,True,False,False,False,True,2024-11-06,Loop Capital,,,main,False,False,unknown,False,False,False,False,False
1614,GOOGL,2024-11-25,buy,False,True,True,False,ok,,strong_buy,1.39683,52.0,427.88712,430.0,515.0,334.22,1.5670025497295916,True,False,False,False,True,2024-11-06,Loop Capital,,,main,False,False,unknown,False,False,False,False,False
1615,AMZN,2024-11-25,buy,True,True,True,False,ok,,strong_buy,1.34848,62.0,311.55145,317.0,370.0,207.0,0.5465448236271047,True,False,False,False,True,2024-11-20,Wells Fargo,,,main,False,False,unknown,False,False,False,False,False
1616,NVDA,2026-01-05,sell,True,True,True,False,ok,,strong_buy,1.29508,57.0,272.93738,275.0,380.0,140.0,0.45094702456407054,False,False,False,True,True,2025-12-29,Truist Securities,,,reit,False,False,unknown,False,False,False,False,False
1617,AMZN,2025-05-27,sell,True,True,True,False,ok,,strong_buy,1.34848,62.0,311.55145,317.0,370.0,207.0,0.5122388289438824,False,False,False,True,True,2025-05-06,Tigress Financial,,,main,False,False,unknown,False,False,False,False,False
1618,NFLX,2025-05-27,buy,False,True,True,False,ok,,buy,1.68,44.0,114.555,115.0,151.4,80.0,-0.05449126180945052,True,False,False,False,True,2025-05-19,JP Morgan,,,down,False,False,unknown,False,False,False,False,False
1619,NVDA,2025-11-13,buy,True,True,True,False,ok,,strong_buy,1.29508,57.0,272.93738,275.0,380.0,140.0,0.46081215594780844,True,False,False,False,True,2025-11-13,Oppenheimer,,,main,False,False,unknown,False,False,False,False,False
1620,NVDA,2025-11-13,buy,True,True,True,False,ok,,strong_buy,1.29508,57.0,272.93738,275.0,380.0,140.0,0.46081215594780844,True,False,False,False,True,2025-11-13,Oppenheimer,,,main,False,False,unknown,False,False,False,False,False
1621,NVDA,2026-02-05,buy,True,True,True,False,ok,,strong_buy,1.29508,57.0,272.93738,275.0,380.0,140.0,0.5880390591880942,True,False,False,False,True,2026-01-16,Jefferies,,,main,False,False,unknown,False,False,False,False,False
1622,SOFI,2026-05-06,buy,False,True,True,False,ok,,hold,2.70833,20.0,21.1,18.5,31.0,12.0,0.2944785881968581,False,False,True,False,False,2026-05-04,Citigroup,,,main,False,False,unknown,False,False,False,False,False
1623,SOFI,2026-05-06,buy,False,True,True,False,ok,,hold,2.70833,20.0,21.1,18.5,31.0,12.0,0.2944785881968581,False,False,True,False,False,2026-05-04,Citigroup,,,main,False,False,unknown,False,False,False,False,False
1624,AMZN,2026-04-29,buy,True,True,True,False,ok,,strong_buy,1.34848,62.0,311.55145,317.0,370.0,207.0,0.1844260944311571,True,False,False,False,True,2026-04-28,Mizuho,,,main,False,False,unknown,False,False,False,False,False
1625,AAPL,2025-11-24,buy,True,True,True,False,ok,,buy,1.95833,43.0,308.06512,310.0,400.0,215.0,0.11857579339805357,True,False,False,False,True,2025-11-04,Rosenblatt,,,main,False,False,unknown,False,False,False,False,False
1626,AMZN,2026-02-09,buy,True,True,True,False,ok,,strong_buy,1.34848,62.0,311.55145,317.0,370.0,207.0,0.4926765435889473,True,False,False,False,True,2026-02-09,Citigroup,,,main,False,False,unknown,False,False,False,False,False
1627,AMZN,2026-02-09,buy,True,True,True,False,ok,,strong_buy,1.34848,62.0,311.55145,317.0,370.0,207.0,0.4926765435889473,True,False,False,False,True,2026-02-09,Citigroup,,,main,False,False,unknown,False,False,False,False,False
1628,UBER,2026-02-09,buy,False,True,True,False,ok,,buy,1.51923,50.0,104.9312,107.0,150.0,70.0,0.4197158003090984,True,False,False,False,True,2026-02-06,Citigroup,,,main,False,False,unknown,False,False,False,False,False
1629,GOOGL,2026-02-09,buy,False,True,True,False,ok,,strong_buy,1.39683,52.0,427.88712,430.0,515.0,334.22,0.32026494821297713,True,False,False,False,True,2026-02-06,Argus Research,,,main,False,False,unknown,False,False,False,False,False
1630,NVDA,2026-02-09,buy,True,True,True,False,ok,,strong_buy,1.29508,57.0,272.93738,275.0,380.0,140.0,0.43628794483798394,True,False,False,False,True,2026-01-16,Jefferies,,,main,False,False,unknown,False,False,False,False,False
1631,SOFI,2026-02-09,buy,False,True,True,False,ok,,hold,2.70833,20.0,21.1,18.5,31.0,12.0,-0.01170961953174987,False,False,True,False,False,2026-02-09,Citizens,,,up,False,False,unknown,False,False,False,False,False
1632,SOFI,2026-02-09,buy,False,True,True,False,ok,,hold,2.70833,20.0,21.1,18.5,31.0,12.0,-0.01170961953174987,False,False,True,False,False,2026-02-09,Citizens,,,up,False,False,unknown,False,False,False,False,False
1633,NVDA,2026-02-25,buy,True,True,True,False,ok,,strong_buy,1.29508,57.0,272.93738,275.0,380.0,140.0,0.3957463888474029,True,False,False,False,True,2026-02-24,HSBC,,,main,False,False,unknown,False,False,False,False,False
1634,NVDA,2026-02-25,buy,True,True,True,False,ok,,strong_buy,1.29508,57.0,272.93738,275.0,380.0,140.0,0.3957463888474029,True,False,False,False,True,2026-02-24,HSBC,,,main,False,False,unknown,False,False,False,False,False
1635,AMD,2026-02-25,sell,True,True,True,False,ok,,buy,1.5098,48.0,457.83334,474.0,625.0,225.0,1.1712669006675704,False,False,False,True,True,2026-02-25,Benchmark,,,reit,False,False,unknown,False,False,False,False,False
1636,SOFI,2026-04-09,buy,False,True,True,False,ok,,hold,2.70833,20.0,21.1,18.5,31.0,12.0,0.29686535994727437,False,False,True,False,False,2026-04-09,"Keefe, Bruyette & Woods",,,main,False,False,unknown,False,False,False,False,False
1637,SOFI,2026-04-09,buy,False,True,True,False,ok,,hold,2.70833,20.0,21.1,18.5,31.0,12.0,0.29686535994727437,False,False,True,False,False,2026-04-09,"Keefe, Bruyette & Woods",,,main,False,False,unknown,False,False,False,False,False
1638,SOFI,2026-04-09,buy,False,True,True,False,ok,,hold,2.70833,20.0,21.1,18.5,31.0,12.0,0.29686535994727437,False,False,True,False,False,2026-04-09,"Keefe, Bruyette & Woods",,,main,False,False,unknown,False,False,False,False,False
1639,SOFI,2026-04-09,buy,False,True,True,False,ok,,hold,2.70833,20.0,21.1,18.5,31.0,12.0,0.29686535994727437,False,False,True,False,False,2026-04-09,"Keefe, Bruyette & Woods",,,main,False,False,unknown,False,False,False,False,False
1640,AMZN,2026-05-04,buy,True,True,True,False,ok,,strong_buy,1.34848,62.0,311.55145,317.0,370.0,207.0,0.14519927946878664,True,False,False,False,True,2026-05-01,Stifel,,,main,False,False,unknown,False,False,False,False,False
1641,META,2026-05-04,buy,False,True,False,True,ok,,strong_buy,1.34921,58.0,826.69104,825.0,1015.0,614.0,0.3543209914171215,True,False,False,False,True,,,,,,,,,,,,,
1642,NFLX,2026-05-04,buy,False,True,True,False,ok,,buy,1.68,44.0,114.555,115.0,151.4,80.0,0.25856959157256143,True,False,False,False,True,2026-04-17,Guggenheim,,,main,False,False,unknown,False,False,False,False,False
1643,NVDA,2026-05-04,buy,True,True,True,False,ok,,strong_buy,1.29508,57.0,272.93738,275.0,380.0,140.0,0.37513797800898496,True,False,False,False,True,2026-03-31,Benchmark,,,reit,False,False,unknown,False,False,False,False,False
1644,UBER,2026-05-04,sell,False,True,True,False,ok,,buy,1.51923,50.0,104.9312,107.0,150.0,70.0,0.4193317944928219,False,False,False,True,True,2026-05-01,UBS,,,main,False,False,unknown,False,False,False,False,False
1645,MSFT,2025-04-07,buy,False,True,True,False,ok,,strong_buy,1.30909,54.0,561.5561,562.5,870.0,400.0,0.5812193589800216,True,False,False,False,True,2025-04-07,Jefferies,,,main,False,False,unknown,False,False,False,False,False
1646,AMZN,2025-07-11,sell,True,True,True,False,ok,,strong_buy,1.34848,62.0,311.55145,317.0,370.0,207.0,0.3845500137079554,False,False,False,True,True,2025-07-11,JP Morgan,,,main,False,False,unknown,False,False,False,False,False
1647,NVDA,2026-02-05,buy,True,True,True,False,ok,,strong_buy,1.29508,57.0,272.93738,275.0,380.0,140.0,0.5880390591880942,True,False,False,False,True,2026-01-16,Jefferies,,,main,False,False,unknown,False,False,False,False,False
1648,AMD,2026-03-02,buy,True,True,True,False,ok,,buy,1.5098,48.0,457.83334,474.0,625.0,225.0,1.3050717513605536,True,False,False,False,True,2026-02-25,Benchmark,,,reit,False,False,unknown,False,False,False,False,False
1649,MSFT,2023-01-26,buy,False,True,True,False,ok,,strong_buy,1.30909,54.0,561.5561,562.5,870.0,400.0,1.3237691319118166,True,False,False,False,True,2023-01-26,Credit Suisse,,,main,False,False,unknown,False,False,False,False,False
1650,GOOGL,2023-01-26,buy,False,True,True,False,ok,,strong_buy,1.39683,52.0,427.88712,430.0,515.0,334.22,3.423950043288971,True,False,False,False,True,2023-01-26,Oppenheimer,,,main,False,False,unknown,False,False,False,False,False
1651,AAPL,2023-01-26,buy,True,True,True,False,ok,,buy,1.95833,43.0,308.06512,310.0,400.0,215.0,1.1762548578512058,True,False,False,False,True,2023-01-23,Deutsche Bank,,,main,False,False,unknown,False,False,False,False,False
1652,DIS,2023-01-26,buy,False,True,True,False,ok,,strong_buy,1.46667,29.0,130.66553,132.0,164.0,77.0,0.21916700787070864,True,False,False,False,True,2023-01-17,Truist Securities,,,main,False,False,unknown,False,False,False,False,False
1653,DIS,2023-01-26,buy,False,True,True,False,ok,,strong_buy,1.46667,29.0,130.66553,132.0,164.0,77.0,0.21916700787070864,True,False,False,False,True,2023-01-17,Truist Securities,,,main,False,False,unknown,False,False,False,False,False
1654,MSFT,2025-03-17,buy,False,True,True,False,ok,,strong_buy,1.30909,54.0,561.5561,562.5,870.0,400.0,0.45576314060730594,True,False,False,False,True,2025-03-13,DA Davidson,,,up,False,False,unknown,False,False,False,False,False
1655,NFLX,2026-02-17,buy,False,True,True,False,ok,,buy,1.68,44.0,114.555,115.0,151.4,80.0,0.4877272727272728,True,False,False,False,True,2026-01-27,Freedom Broker,,,up,False,False,unknown,False,False,False,False,False
1656,SOFI,2026-02-17,buy,False,True,True,False,ok,,hold,2.70833,20.0,21.1,18.5,31.0,12.0,0.08149665568759934,False,False,True,False,False,2026-02-09,Citizens,,,up,False,False,unknown,False,False,False,False,False
1657,TSLA,2026-04-22,buy,True,True,True,False,ok,,buy,2.3617,41.0,412.25366,450.0,600.0,123.0,0.06385293182320773,True,False,False,False,True,2026-04-22,Cantor Fitzgerald,,,reit,False,False,unknown,False,False,False,False,False
1658,TSLA,2026-04-22,buy,True,True,True,False,ok,,buy,2.3617,41.0,412.25366,450.0,600.0,123.0,0.06385293182320773,True,False,False,False,True,2026-04-22,Cantor Fitzgerald,,,reit,False,False,unknown,False,False,False,False,False
1659,AMD,2026-04-22,buy,True,True,True,False,ok,,buy,1.5098,48.0,457.83334,474.0,625.0,225.0,0.5087107127523074,True,False,False,False,True,2026-04-20,Stifel,,,main,False,False,unknown,False,False,False,False,False
1660,NVDA,2026-04-22,buy,True,True,True,False,ok,,strong_buy,1.29508,57.0,272.93738,275.0,380.0,140.0,0.3478389135802471,True,False,False,False,True,2026-03-31,Benchmark,,,reit,False,False,unknown,False,False,False,False,False
1661,GOOGL,2026-04-22,buy,False,True,True,False,ok,,strong_buy,1.39683,52.0,427.88712,430.0,515.0,334.22,0.26101352930585,True,False,False,False,True,2026-04-22,BMO Capital,,,main,False,False,unknown,False,False,False,False,False
1662,AMZN,2026-04-22,buy,True,True,True,False,ok,,strong_buy,1.34848,62.0,311.55145,317.0,370.0,207.0,0.22004796857511666,True,False,False,False,True,2026-04-21,Cantor Fitzgerald,,,main,False,False,unknown,False,False,False,False,False
1663,AMZN,2026-02-10,buy,True,True,True,False,ok,,strong_buy,1.34848,62.0,311.55145,317.0,370.0,207.0,0.5053703125876674,True,False,False,False,True,2026-02-09,Citigroup,,,main,False,False,unknown,False,False,False,False,False
1664,NVDA,2026-02-10,buy,True,True,True,False,ok,,strong_buy,1.29508,57.0,272.93738,275.0,380.0,140.0,0.44771490496207034,True,False,False,False,True,2026-01-16,Jefferies,,,main,False,False,unknown,False,False,False,False,False
1665,AMZN,2026-02-05,sell,True,True,True,False,ok,,strong_buy,1.34848,62.0,311.55145,317.0,370.0,207.0,0.39903653771782954,False,False,False,True,True,2026-02-03,UBS,,,main,False,False,unknown,False,False,False,False,False
1666,AMZN,2026-02-05,buy,True,True,True,False,ok,,strong_buy,1.34848,62.0,311.55145,317.0,370.0,207.0,0.39903653771782954,True,False,False,False,True,2026-02-03,UBS,,,main,False,False,unknown,False,False,False,False,False
1667,NVDA,2026-04-01,buy,True,True,True,False,ok,,strong_buy,1.29508,57.0,272.93738,275.0,380.0,140.0,0.5529865149359887,True,False,False,False,True,2026-03-31,Benchmark,,,reit,False,False,unknown,False,False,False,False,False
1668,NVDA,2026-04-01,buy,True,True,True,False,ok,,strong_buy,1.29508,57.0,272.93738,275.0,380.0,140.0,0.5529865149359887,True,False,False,False,True,2026-03-31,Benchmark,,,reit,False,False,unknown,False,False,False,False,False
1669,GOOGL,2026-04-29,buy,False,True,True,False,ok,,strong_buy,1.39683,52.0,427.88712,430.0,515.0,334.22,0.22274423333938542,True,False,False,False,True,2026-04-24,Needham,,,reit,False,False,unknown,False,False,False,False,False
1670,NVDA,2025-02-03,buy,True,True,True,False,ok,,strong_buy,1.29508,57.0,272.93738,275.0,380.0,140.0,1.3403633812076685,True,False,False,False,True,2025-01-28,Tigress Financial,,,up,False,False,unknown,False,False,False,False,False
1671,NFLX,2025-02-03,buy,False,True,True,False,ok,,buy,1.68,44.0,114.555,115.0,151.4,80.0,0.17019432534637158,True,False,False,False,True,2025-01-23,Wolfe Research,,,up,False,False,unknown,False,False,False,False,False
1672,MSFT,2025-02-03,buy,False,True,True,False,ok,,strong_buy,1.30909,54.0,561.5561,562.5,870.0,400.0,0.37980565553940626,True,False,False,False,True,2025-01-30,JP Morgan,,,reit,False,False,unknown,False,False,False,False,False
1673,AAPL,2020-04-30,buy,True,True,True,False,ok,,buy,1.95833,43.0,308.06512,310.0,400.0,215.0,3.3435745218570094,True,False,False,False,True,2020-04-27,B of A Securities,,,reit,False,False,unknown,False,False,False,False,False
1674,META,2026-01-16,buy,False,True,False,True,ok,,strong_buy,1.34921,58.0,826.69104,825.0,1015.0,614.0,0.33397633101468727,True,False,False,False,True,,,,,,,,,,,,,
1675,MSFT,2022-11-17,buy,False,True,True,False,ok,,strong_buy,1.30909,54.0,561.5561,562.5,870.0,400.0,1.3845362340047744,True,False,False,False,True,2022-11-02,Macquarie,,,init,False,False,unknown,False,False,False,False,False
1676,NVDA,2025-08-22,sell,True,True,True,False,ok,,strong_buy,1.29508,57.0,272.93738,275.0,380.0,140.0,0.5336969793038817,False,False,False,True,True,2025-08-22,Evercore ISI Group,,,main,False,False,unknown,False,False,False,False,False
1677,AAPL,2025-08-22,buy,True,True,True,False,ok,,buy,1.95833,43.0,308.06512,310.0,400.0,215.0,0.3564132751828444,True,False,False,False,True,2025-08-21,Loop Capital,,,main,False,False,unknown,False,False,False,False,False
1678,NVDA,2026-01-26,buy,True,True,True,False,ok,,strong_buy,1.29508,57.0,272.93738,275.0,380.0,140.0,0.4637858210121788,True,False,False,False,True,2026-01-16,Jefferies,,,main,False,False,unknown,False,False,False,False,False
1679,NVDA,2025-08-28,buy,True,True,True,False,ok,,strong_buy,1.29508,57.0,272.93738,275.0,380.0,140.0,0.5151398270676801,True,False,False,False,True,2025-08-28,Needham,,,reit,False,False,unknown,False,False,False,False,False
1680,AAPL,2025-10-31,buy,True,True,True,False,ok,,buy,1.95833,43.0,308.06512,310.0,400.0,215.0,0.14264409741365935,True,False,False,False,True,2025-10-31,B of A Securities,,,main,False,False,unknown,False,False,False,False,False
1681,AMD,2025-02-04,buy,True,True,True,False,ok,,buy,1.5098,48.0,457.83334,474.0,625.0,225.0,2.8312413389121343,True,False,False,False,True,2025-02-04,Rosenblatt,,,main,False,False,unknown,False,False,False,False,False
1682,GOOGL,2025-10-30,buy,False,True,True,False,ok,,strong_buy,1.39683,52.0,427.88712,430.0,515.0,334.22,0.522198308044795,True,False,False,False,True,2025-10-30,B of A Securities,,,main,False,False,unknown,False,False,False,False,False
1683,PLTR,2026-04-30,buy,False,True,True,False,ok,,buy,1.90323,27.0,183.7289,200.0,255.0,70.0,0.32074544744361266,True,False,False,False,True,2026-04-30,Oppenheimer,,,init,False,False,unknown,False,False,False,False,False
1684,MSFT,2025-08-01,buy,False,True,True,False,ok,,strong_buy,1.30909,54.0,561.5561,562.5,870.0,400.0,0.07767122964388662,True,False,False,False,True,2025-07-31,UBS,,,main,False,False,unknown,False,False,False,False,False
1685,AMZN,2026-02-06,buy,True,True,True,False,ok,,strong_buy,1.34848,62.0,311.55145,317.0,370.0,207.0,0.4813210305747466,True,False,False,False,True,2026-02-06,Needham,,,reit,False,False,unknown,False,False,False,False,False
1686,NVDA,2026-02-06,buy,True,True,True,False,ok,,strong_buy,1.29508,57.0,272.93738,275.0,380.0,140.0,0.4721544439692875,True,False,False,False,True,2026-01-16,Jefferies,,,main,False,False,unknown,False,False,False,False,False
1687,META,2026-02-06,buy,False,True,False,True,ok,,strong_buy,1.34921,58.0,826.69104,825.0,1015.0,614.0,0.25086751212448366,True,False,False,False,True,,,,,,,,,,,,,
1688,MSFT,2026-02-06,buy,False,True,True,False,ok,,strong_buy,1.30909,54.0,561.5561,562.5,870.0,400.0,0.40309574189786024,True,False,False,False,True,2026-02-05,Stifel,,,down,False,False,unknown,False,False,False,False,False
1689,AMZN,2025-07-10,sell,True,True,True,False,ok,,strong_buy,1.34848,62.0,311.55145,317.0,370.0,207.0,0.40174326329526555,False,False,False,True,True,2025-07-10,Telsey Advisory Group,,,main,False,False,unknown,False,False,False,False,False
1690,META,2025-07-10,buy,False,True,True,False,ok,,strong_buy,1.34921,58.0,826.69104,825.0,1015.0,614.0,0.13942110075878378,True,False,False,False,True,2024-09-30,"Monness, Crespi, Hardt",,,main,False,False,unknown,False,False,False,False,False
1691,AAPL,2023-05-19,buy,True,True,True,False,ok,,buy,1.95833,43.0,308.06512,310.0,400.0,215.0,0.7834204538017968,True,False,False,False,True,2023-05-12,Bernstein,,,main,False,False,unknown,False,False,False,False,False
1692,NVDA,2026-03-02,buy,True,True,True,False,ok,,strong_buy,1.29508,57.0,272.93738,275.0,380.0,140.0,0.4957921608059701,True,False,False,False,True,2026-02-26,Benchmark,,,reit,False,False,unknown,False,False,False,False,False
1693,NVDA,2026-03-02,buy,True,True,True,False,ok,,strong_buy,1.29508,57.0,272.93738,275.0,380.0,140.0,0.4957921608059701,True,False,False,False,True,2026-02-26,Benchmark,,,reit,False,False,unknown,False,False,False,False,False
1694,NVDA,2026-03-02,sell,True,True,True,False,ok,,strong_buy,1.29508,57.0,272.93738,275.0,380.0,140.0,0.4957921608059701,False,False,False,True,True,2026-02-26,Benchmark,,,reit,False,False,unknown,False,False,False,False,False
1695,NVDA,2026-03-02,sell,True,True,True,False,ok,,strong_buy,1.29508,57.0,272.93738,275.0,380.0,140.0,0.4957921608059701,False,False,False,True,True,2026-02-26,Benchmark,,,reit,False,False,unknown,False,False,False,False,False
1696,AMZN,2026-03-02,buy,True,True,True,False,ok,,strong_buy,1.34848,62.0,311.55145,317.0,370.0,207.0,0.4950403134147521,True,False,False,False,True,2026-02-23,Wells Fargo,,,main,False,False,unknown,False,False,False,False,False
1697,MSFT,2026-01-29,buy,False,True,True,False,ok,,strong_buy,1.30909,54.0,561.5561,562.5,870.0,400.0,0.2983571293864631,True,False,False,False,True,2026-01-29,Piper Sandler,,,reit,False,False,unknown,False,False,False,False,False
1698,GOOGL,2025-11-25,buy,False,True,True,False,ok,,strong_buy,1.39683,52.0,427.88712,430.0,515.0,334.22,0.3247230443770246,True,False,False,False,True,2025-11-25,DA Davidson,,,main,False,False,unknown,False,False,False,False,False
1699,GOOGL,2025-11-25,buy,False,True,True,False,ok,,strong_buy,1.39683,52.0,427.88712,430.0,515.0,334.22,0.3247230443770246,True,False,False,False,True,2025-11-25,DA Davidson,,,main,False,False,unknown,False,False,False,False,False
1700,GOOGL,2025-11-25,buy,False,True,True,False,ok,,strong_buy,1.39683,52.0,427.88712,430.0,515.0,334.22,0.3247230443770246,True,False,False,False,True,2025-11-25,DA Davidson,,,main,False,False,unknown,False,False,False,False,False
1701,AMZN,2024-06-04,buy,True,True,True,False,ok,,strong_buy,1.34848,62.0,311.55145,317.0,370.0,207.0,0.7372111986275087,True,False,False,False,True,2024-05-30,Tigress Financial,,,main,False,False,unknown,False,False,False,False,False
1702,AMZN,2024-06-04,buy,True,True,True,False,ok,,strong_buy,1.34848,62.0,311.55145,317.0,370.0,207.0,0.7372111986275087,True,False,False,False,True,2024-05-30,Tigress Financial,,,main,False,False,unknown,False,False,False,False,False
1703,NVDA,2026-02-27,sell,True,True,True,False,ok,,strong_buy,1.29508,57.0,272.93738,275.0,380.0,140.0,0.5404488832363508,False,False,False,True,True,2026-02-26,Benchmark,,,reit,False,False,unknown,False,False,False,False,False
1704,SOFI,2026-03-03,buy,False,True,True,False,ok,,hold,2.70833,20.0,21.1,18.5,31.0,12.0,0.13379899559290775,False,False,True,False,False,2026-02-18,Truist Securities,,,main,False,False,unknown,False,False,False,False,False
1705,AMZN,2026-03-16,buy,True,True,True,False,ok,,strong_buy,1.34848,62.0,311.55145,317.0,370.0,207.0,0.4713868041816891,True,False,False,False,True,2026-02-23,Wells Fargo,,,main,False,False,unknown,False,False,False,False,False
1706,AMZN,2026-03-02,buy,True,True,True,False,ok,,strong_buy,1.34848,62.0,311.55145,317.0,370.0,207.0,0.4950403134147521,True,False,False,False,True,2026-02-23,Wells Fargo,,,main,False,False,unknown,False,False,False,False,False
1707,MSFT,2025-08-04,buy,False,True,True,False,ok,,strong_buy,1.30909,54.0,561.5561,562.5,870.0,400.0,0.05447346868699676,True,False,False,False,True,2025-08-04,Stifel,,,reit,False,False,unknown,False,False,False,False,False
1708,AAPL,2025-02-24,buy,True,True,True,False,ok,,buy,1.95833,43.0,308.06512,310.0,400.0,215.0,0.2533097966152851,True,False,False,False,True,2025-02-19,Goldman Sachs,,,reit,False,False,unknown,False,False,False,False,False
1709,AAPL,2025-02-24,buy,True,True,True,False,ok,,buy,1.95833,43.0,308.06512,310.0,400.0,215.0,0.2533097966152851,True,False,False,False,True,2025-02-19,Goldman Sachs,,,reit,False,False,unknown,False,False,False,False,False
1710,AMZN,2025-02-24,buy,True,True,True,False,ok,,strong_buy,1.34848,62.0,311.55145,317.0,370.0,207.0,0.464676978827292,True,False,False,False,True,2025-02-12,Loop Capital,,,main,False,False,unknown,False,False,False,False,False
1711,AMZN,2025-02-24,sell,True,True,True,False,ok,,strong_buy,1.34848,62.0,311.55145,317.0,370.0,207.0,0.464676978827292,False,False,False,True,True,2025-02-12,Loop Capital,,,main,False,False,unknown,False,False,False,False,False
1712,AMZN,2025-02-24,buy,True,True,True,False,ok,,strong_buy,1.34848,62.0,311.55145,317.0,370.0,207.0,0.464676978827292,True,False,False,False,True,2025-02-12,Loop Capital,,,main,False,False,unknown,False,False,False,False,False
1713,NVDA,2025-02-24,buy,True,True,True,False,ok,,strong_buy,1.29508,57.0,272.93738,275.0,380.0,140.0,1.095692295686328,True,False,False,False,True,2025-02-24,Rosenblatt,,,main,False,False,unknown,False,False,False,False,False
1714,TSLA,2025-02-24,buy,True,True,True,False,ok,,buy,2.3617,41.0,412.25366,450.0,600.0,123.0,0.24725036009597456,True,False,False,False,True,2025-02-12,GLJ Research,,,reit,False,False,unknown,False,False,False,False,False
1715,NVDA,2026-04-28,buy,True,True,True,False,ok,,strong_buy,1.29508,57.0,272.93738,275.0,380.0,140.0,0.28037426628716666,True,False,False,False,True,2026-03-31,Benchmark,,,reit,False,False,unknown,False,False,False,False,False
1716,AMD,2026-04-28,buy,True,True,True,False,ok,,buy,1.5098,48.0,457.83334,474.0,625.0,225.0,0.41651976146793324,True,False,False,False,True,2026-04-27,Northland Capital Markets,,,down,False,False,unknown,False,False,False,False,False
1717,MSFT,2025-10-24,buy,False,True,True,False,ok,,strong_buy,1.30909,54.0,561.5561,562.5,870.0,400.0,0.07692989154073948,True,False,False,False,True,2025-10-22,Wedbush,,,reit,False,False,unknown,False,False,False,False,False
1718,NVDA,2025-12-01,sell,True,True,True,False,ok,,strong_buy,1.29508,57.0,272.93738,275.0,380.0,140.0,0.5171595092257868,False,False,False,True,True,2025-12-01,Morgan Stanley,,,main,False,False,unknown,False,False,False,False,False
1719,TSLA,2025-03-07,sell,True,True,True,False,ok,,buy,2.3617,41.0,412.25366,450.0,600.0,123.0,0.56947363203078,False,False,False,True,True,2025-03-07,Wedbush,,,reit,False,False,unknown,False,False,False,False,False
1720,AMD,2026-03-12,buy,True,True,True,False,ok,,buy,1.5098,48.0,457.83334,474.0,625.0,225.0,1.3153298638692892,True,False,False,False,True,2026-02-25,Benchmark,,,reit,False,False,unknown,False,False,False,False,False
1721,NVDA,2026-03-12,buy,True,True,True,False,ok,,strong_buy,1.29508,57.0,272.93738,275.0,380.0,140.0,0.49032096161198946,True,False,False,False,True,2026-03-12,Cantor Fitzgerald,,,reit,False,False,unknown,False,False,False,False,False
1722,TSLA,2026-03-12,buy,True,True,True,False,ok,,buy,2.3617,41.0,412.25366,450.0,600.0,123.0,0.04365370448360628,True,False,False,False,True,2026-03-12,GLJ Research,,,reit,False,False,unknown,False,False,False,False,False
1723,NVDA,2026-03-04,sell,True,True,True,False,ok,,strong_buy,1.29508,57.0,272.93738,275.0,380.0,140.0,0.49121589518351727,False,False,False,True,True,2026-03-03,Wedbush,,,main,False,False,unknown,False,False,False,False,False
1724,NVDA,2026-03-04,buy,True,True,True,False,ok,,strong_buy,1.29508,57.0,272.93738,275.0,380.0,140.0,0.49121589518351727,True,False,False,False,True,2026-03-03,Wedbush,,,main,False,False,unknown,False,False,False,False,False
1725,SOFI,2026-03-04,buy,False,True,True,False,ok,,hold,2.70833,20.0,21.1,18.5,31.0,12.0,0.12834219995418295,False,False,True,False,False,2026-02-18,Truist Securities,,,main,False,False,unknown,False,False,False,False,False
1726,META,2026-03-04,buy,False,True,False,True,ok,,strong_buy,1.34921,58.0,826.69104,825.0,1015.0,614.0,0.23912192858866055,True,False,False,False,True,,,,,,,,,,,,,
1727,META,2026-03-04,buy,False,True,False,True,ok,,strong_buy,1.34921,58.0,826.69104,825.0,1015.0,614.0,0.23912192858866055,True,False,False,False,True,,,,,,,,,,,,,
1728,AAPL,2026-03-04,buy,True,True,True,False,ok,,buy,1.95833,43.0,308.06512,310.0,400.0,215.0,0.17457319304095242,True,False,False,False,True,2026-03-03,Barclays,,,main,False,False,unknown,False,False,False,False,False
1729,DIS,2024-09-23,buy,False,True,True,False,ok,,strong_buy,1.46667,29.0,130.66553,132.0,164.0,77.0,0.42729869339599236,True,False,False,False,True,2024-09-19,Macquarie,,,main,False,False,unknown,False,False,False,False,False
1730,DIS,2024-09-23,buy,False,True,True,False,ok,,strong_buy,1.46667,29.0,130.66553,132.0,164.0,77.0,0.42729869339599236,True,False,False,False,True,2024-09-19,Macquarie,,,main,False,False,unknown,False,False,False,False,False
1731,SOFI,2026-03-30,buy,False,True,True,False,ok,,hold,2.70833,20.0,21.1,18.5,31.0,12.0,0.3927393089958999,False,False,True,False,False,2026-03-19,Wells Fargo,,,init,False,False,unknown,False,False,False,False,False
1732,AMD,2026-04-27,buy,True,True,True,False,ok,,buy,1.5098,48.0,457.83334,474.0,625.0,225.0,0.36817778836160664,True,False,False,False,True,2026-04-27,Northland Capital Markets,,,down,False,False,unknown,False,False,False,False,False
1733,AMZN,2025-11-14,sell,True,True,True,False,ok,,strong_buy,1.34848,62.0,311.55145,317.0,370.0,207.0,0.3275020101368966,False,False,False,True,True,2025-11-04,Mizuho,,,main,False,False,unknown,False,False,False,False,False
1734,META,2026-01-28,buy,False,True,False,True,ok,,strong_buy,1.34921,58.0,826.69104,825.0,1015.0,614.0,0.2372689786910669,True,False,False,False,True,,,,,,,,,,,,,
1735,META,2026-01-28,buy,False,True,False,True,ok,,strong_buy,1.34921,58.0,826.69104,825.0,1015.0,614.0,0.2372689786910669,True,False,False,False,True,,,,,,,,,,,,,
1736,SOFI,2026-05-01,buy,False,True,True,False,ok,,hold,2.70833,20.0,21.1,18.5,31.0,12.0,0.28423612952417754,False,False,True,False,False,2026-04-30,Needham,,,main,False,False,unknown,False,False,False,False,False
1737,NVDA,2026-03-04,sell,True,True,True,False,ok,,strong_buy,1.29508,57.0,272.93738,275.0,380.0,140.0,0.49121589518351727,False,False,False,True,True,2026-03-03,Wedbush,,,main,False,False,unknown,False,False,False,False,False
1738,NVDA,2026-03-04,buy,True,True,True,False,ok,,strong_buy,1.29508,57.0,272.93738,275.0,380.0,140.0,0.49121589518351727,True,False,False,False,True,2026-03-03,Wedbush,,,main,False,False,unknown,False,False,False,False,False
1739,META,2026-03-04,buy,False,True,False,True,ok,,strong_buy,1.34921,58.0,826.69104,825.0,1015.0,614.0,0.23912192858866055,True,False,False,False,True,,,,,,,,,,,,,
1740,GOOGL,2025-07-17,sell,False,True,True,False,ok,,strong_buy,1.39683,52.0,427.88712,430.0,515.0,334.22,1.336047721960273,False,False,False,True,True,2025-07-17,Keybanc,,,main,False,False,unknown,False,False,False,False,False
1741,TSLA,2025-07-17,sell,True,True,True,False,ok,,buy,2.3617,41.0,412.25366,450.0,600.0,123.0,0.2906723498745083,False,False,False,True,True,2025-07-11,Goldman Sachs,,,main,False,False,unknown,False,False,False,False,False
1742,AAPL,2025-07-17,sell,True,True,True,False,ok,,buy,1.95833,43.0,308.06512,310.0,400.0,215.0,0.4726563486731299,False,False,False,True,True,2025-07-17,JP Morgan,,,main,False,False,unknown,False,False,False,False,False
1743,MSFT,2025-07-17,sell,False,True,True,False,ok,,strong_buy,1.30909,54.0,561.5561,562.5,870.0,400.0,0.1038073611150685,False,False,False,True,True,2025-07-16,Mizuho,,,main,False,False,unknown,False,False,False,False,False
1744,NVDA,2025-07-17,sell,True,True,True,False,ok,,strong_buy,1.29508,57.0,272.93738,275.0,380.0,140.0,0.5779349235645799,False,False,False,True,True,2025-07-16,Needham,,,main,False,False,unknown,False,False,False,False,False
1745,PYPL,2026-01-16,buy,False,True,True,False,ok,,hold,2.88636,34.0,52.52618,48.0,147.39,32.0,-0.07391080385691629,False,False,True,False,False,2026-01-14,Piper Sandler,,,main,False,False,unknown,False,False,False,False,False
1746,MSFT,2026-02-05,buy,False,True,True,False,ok,,strong_buy,1.30909,54.0,561.5561,562.5,870.0,400.0,0.42971982188902724,True,False,False,False,True,2026-02-05,Stifel,,,down,False,False,unknown,False,False,False,False,False
1747,MSFT,2022-10-17,buy,False,True,True,False,ok,,strong_buy,1.30909,54.0,561.5561,562.5,870.0,400.0,1.4330351365768963,True,False,False,False,True,2022-10-17,Mizuho,,,main,False,False,unknown,False,False,False,False,False
1748,META,2025-11-21,sell,False,True,False,True,ok,,strong_buy,1.34921,58.0,826.69104,825.0,1015.0,614.0,0.3934768705637568,False,False,False,True,True,,,,,,,,,,,,,
1749,META,2025-11-21,buy,False,True,False,True,ok,,strong_buy,1.34921,58.0,826.69104,825.0,1015.0,614.0,0.3934768705637568,True,False,False,False,True,,,,,,,,,,,,,
1750,NVDA,2024-11-21,sell,True,True,True,False,ok,,strong_buy,1.29508,57.0,272.93738,275.0,380.0,140.0,0.8616323122615683,False,False,False,True,True,2024-11-21,Craig-Hallum,,,main,False,False,unknown,False,False,False,False,False
1751,NVDA,2024-11-21,sell,True,True,True,False,ok,,strong_buy,1.29508,57.0,272.93738,275.0,380.0,140.0,0.8616323122615683,False,False,False,True,True,2024-11-21,Craig-Hallum,,,main,False,False,unknown,False,False,False,False,False
1752,NVDA,2024-11-21,buy,True,True,True,False,ok,,strong_buy,1.29508,57.0,272.93738,275.0,380.0,140.0,0.8616323122615683,True,False,False,False,True,2024-11-21,Craig-Hallum,,,main,False,False,unknown,False,False,False,False,False
1753,META,2026-02-12,buy,False,True,False,True,ok,,strong_buy,1.34921,58.0,826.69104,825.0,1015.0,614.0,0.2732934236964366,True,False,False,False,True,,,,,,,,,,,,,
1754,PYPL,2026-02-17,buy,False,True,True,False,ok,,hold,2.88636,34.0,52.52618,48.0,147.39,32.0,0.2909878083189976,False,False,True,False,False,2026-02-10,Truist Securities,,,main,False,False,unknown,False,False,False,False,False
1755,MSFT,2023-02-14,buy,False,True,True,False,ok,,strong_buy,1.30909,54.0,561.5561,562.5,870.0,400.0,1.1174068665351804,True,False,False,False,True,2023-02-13,Stifel,,,main,False,False,unknown,False,False,False,False,False
1756,AMZN,2025-04-21,buy,True,True,True,False,ok,,strong_buy,1.34848,62.0,311.55145,317.0,370.0,207.0,0.8620095407735764,True,False,False,False,True,2025-04-21,Raymond James,,,down,False,False,unknown,False,False,False,False,False
1757,AMZN,2025-04-21,buy,True,True,True,False,ok,,strong_buy,1.34848,62.0,311.55145,317.0,370.0,207.0,0.8620095407735764,True,False,False,False,True,2025-04-21,Raymond James,,,down,False,False,unknown,False,False,False,False,False
1758,SOFI,2026-02-17,buy,False,True,True,False,ok,,hold,2.70833,20.0,21.1,18.5,31.0,12.0,0.08149665568759934,False,False,True,False,False,2026-02-09,Citizens,,,up,False,False,unknown,False,False,False,False,False
1759,SOFI,2026-05-04,buy,False,True,True,False,ok,,hold,2.70833,20.0,21.1,18.5,31.0,12.0,0.3024690744626517,False,False,True,False,False,2026-05-04,Citigroup,,,main,False,False,unknown,False,False,False,False,False
1760,MSFT,2025-03-28,buy,False,True,True,False,ok,,strong_buy,1.30909,54.0,561.5561,562.5,870.0,400.0,0.4938099212109808,True,False,False,False,True,2025-03-20,Scotiabank,,,init,False,False,unknown,False,False,False,False,False
1761,HOOD,2026-02-11,buy,False,True,True,False,ok,,buy,1.92593,24.0,98.43792,97.5,155.0,52.0,0.26251017646338193,True,False,False,False,True,2026-02-11,Needham,,,main,False,False,unknown,False,False,False,False,False
1762,AMZN,2026-02-27,buy,True,True,True,False,ok,,strong_buy,1.34848,62.0,311.55145,317.0,370.0,207.0,0.4835783333333332,True,False,False,False,True,2026-02-23,Wells Fargo,,,main,False,False,unknown,False,False,False,False,False
1763,AMZN,2026-02-27,buy,True,True,True,False,ok,,strong_buy,1.34848,62.0,311.55145,317.0,370.0,207.0,0.4835783333333332,True,False,False,False,True,2026-02-23,Wells Fargo,,,main,False,False,unknown,False,False,False,False,False
1764,AMZN,2026-02-27,buy,True,True,True,False,ok,,strong_buy,1.34848,62.0,311.55145,317.0,370.0,207.0,0.4835783333333332,True,False,False,False,True,2026-02-23,Wells Fargo,,,main,False,False,unknown,False,False,False,False,False
1765,AMZN,2026-02-27,buy,True,True,True,False,ok,,strong_buy,1.34848,62.0,311.55145,317.0,370.0,207.0,0.4835783333333332,True,False,False,False,True,2026-02-23,Wells Fargo,,,main,False,False,unknown,False,False,False,False,False
1766,AAPL,2025-03-07,buy,True,True,True,False,ok,,buy,1.95833,43.0,308.06512,310.0,400.0,215.0,0.29540665224542395,True,False,False,False,True,2025-03-03,Wedbush,,,reit,False,False,unknown,False,False,False,False,False
1767,TSLA,2025-03-07,buy,True,True,True,False,ok,,buy,2.3617,41.0,412.25366,450.0,600.0,123.0,0.56947363203078,True,False,False,False,True,2025-03-07,Wedbush,,,reit,False,False,unknown,False,False,False,False,False
1768,NFLX,2025-03-07,buy,False,True,True,False,ok,,buy,1.68,44.0,114.555,115.0,151.4,80.0,0.2855315272136705,True,False,False,False,True,2025-02-07,Citigroup,,,main,False,False,unknown,False,False,False,False,False
1769,NVDA,2026-02-26,buy,True,True,True,False,ok,,strong_buy,1.29508,57.0,272.93738,275.0,380.0,140.0,0.4762948686607582,True,False,False,False,True,2026-02-26,Benchmark,,,reit,False,False,unknown,False,False,False,False,False
1770,SOFI,2026-02-26,sell,False,True,True,False,ok,,hold,2.70833,20.0,21.1,18.5,31.0,12.0,0.10471201982124656,False,False,True,False,False,2026-02-18,Truist Securities,,,main,False,False,unknown,False,False,False,False,False
1771,MSFT,2026-02-26,sell,False,True,True,False,ok,,strong_buy,1.30909,54.0,561.5561,562.5,870.0,400.0,0.3978793644668035,False,False,False,True,True,2026-02-05,Stifel,,,down,False,False,unknown,False,False,False,False,False
1772,GOOGL,2025-02-05,buy,False,True,True,False,ok,,strong_buy,1.39683,52.0,427.88712,430.0,515.0,334.22,1.2467220997045256,True,False,False,False,True,2025-02-05,Rosenblatt,,,main,False,False,unknown,False,False,False,False,False
1773,PYPL,2023-09-25,buy,False,True,True,False,ok,,hold,2.88636,34.0,52.52618,48.0,147.39,32.0,-0.10283709979971001,False,False,True,False,False,2023-09-18,MoffettNathanson,,,down,False,False,unknown,False,False,False,False,False
1774,AMZN,2022-12-09,buy,True,True,True,False,ok,,strong_buy,1.34848,62.0,311.55145,317.0,370.0,207.0,2.497041899276573,True,False,False,False,True,2022-12-05,Jefferies,,,main,False,False,unknown,False,False,False,False,False
1775,SOFI,2026-04-29,buy,False,True,True,False,ok,,hold,2.70833,20.0,21.1,18.5,31.0,12.0,0.359098262058283,False,False,True,False,False,2026-04-24,Truist Securities,,,main,False,False,unknown,False,False,False,False,False
1776,SOFI,2026-04-29,sell,False,True,True,False,ok,,hold,2.70833,20.0,21.1,18.5,31.0,12.0,0.359098262058283,False,False,True,False,False,2026-04-24,Truist Securities,,,main,False,False,unknown,False,False,False,False,False
1777,META,2026-04-29,sell,False,True,False,True,ok,,strong_buy,1.34921,58.0,826.69104,825.0,1015.0,614.0,0.2354899659742138,False,False,False,True,True,,,,,,,,,,,,,
1778,NVDA,2026-04-21,sell,True,True,True,False,ok,,strong_buy,1.29508,57.0,272.93738,275.0,380.0,140.0,0.3655061703646658,False,False,False,True,True,2026-03-31,Benchmark,,,reit,False,False,unknown,False,False,False,False,False
1779,PLTR,2026-04-21,sell,False,True,True,False,ok,,buy,1.90323,27.0,183.7289,200.0,255.0,70.0,0.2586757447662573,False,False,False,True,True,2026-04-16,DA Davidson,,,main,False,False,unknown,False,False,False,False,False
1780,NVDA,2026-04-21,sell,True,True,True,False,ok,,strong_buy,1.29508,57.0,272.93738,275.0,380.0,140.0,0.3655061703646658,False,False,False,True,True,2026-03-31,Benchmark,,,reit,False,False,unknown,False,False,False,False,False
1781,TSLA,2026-02-02,sell,True,True,True,False,ok,,buy,2.3617,41.0,412.25366,450.0,600.0,123.0,-0.022655550162170468,False,False,False,True,True,2026-01-29,Freedom Broker,,,main,False,False,unknown,False,False,False,False,False
1782,AMD,2025-12-31,buy,True,True,True,False,ok,,buy,1.5098,48.0,457.83334,474.0,625.0,225.0,1.1378097318411795,True,False,False,False,True,2025-12-19,Truist Securities,,,main,False,False,unknown,False,False,False,False,False
1783,AMZN,2026-04-13,buy,True,True,True,False,ok,,strong_buy,1.34848,62.0,311.55145,317.0,370.0,207.0,0.29872629452115396,True,False,False,False,True,2026-04-13,Stifel,,,main,False,False,unknown,False,False,False,False,False
1784,AMZN,2026-03-16,buy,True,True,True,False,ok,,strong_buy,1.34848,62.0,311.55145,317.0,370.0,207.0,0.4713868041816891,True,False,False,False,True,2026-02-23,Wells Fargo,,,main,False,False,unknown,False,False,False,False,False
1785,AAPL,2026-03-16,buy,True,True,True,False,ok,,buy,1.95833,43.0,308.06512,310.0,400.0,215.0,0.2196382219100772,True,False,False,False,True,2026-03-05,Rosenblatt,,,main,False,False,unknown,False,False,False,False,False
1786,AMD,2026-05-07,buy,True,True,True,False,ok,,buy,1.5098,48.0,457.83334,474.0,625.0,225.0,0.12087682901093122,True,False,False,False,True,2026-05-07,Citigroup,,,main,False,False,unknown,False,False,False,False,False
1787,NVDA,2026-05-05,buy,True,True,True,False,ok,,strong_buy,1.29508,57.0,272.93738,275.0,380.0,140.0,0.3889943002544529,True,False,False,False,True,2026-03-31,Benchmark,,,reit,False,False,unknown,False,False,False,False,False
1788,GOOGL,2026-05-05,sell,False,True,True,False,ok,,strong_buy,1.39683,52.0,427.88712,430.0,515.0,334.22,0.1015810521026197,False,False,False,True,True,2026-05-04,Freedom Broker,,,down,False,False,unknown,False,False,False,False,False
1789,META,2026-05-05,buy,False,True,False,True,ok,,strong_buy,1.34921,58.0,826.69104,825.0,1015.0,614.0,0.36652176999121755,True,False,False,False,True,,,,,,,,,,,,,
1791,AMZN,2026-04-17,buy,True,True,True,False,ok,,strong_buy,1.34848,62.0,311.55145,317.0,370.0,207.0,0.2434205501105311,True,False,False,False,True,2026-04-17,Truist Securities,,,main,False,False,unknown,False,False,False,False,False
1792,GOOGL,2026-01-12,buy,False,True,True,False,ok,,strong_buy,1.39683,52.0,427.88712,430.0,515.0,334.22,0.29026807751875494,True,False,False,False,True,2026-01-12,Wells Fargo,,,main,False,False,unknown,False,False,False,False,False
1793,UBER,2026-05-11,buy,False,True,True,False,ok,,buy,1.51923,50.0,104.9312,107.0,150.0,70.0,0.37795401047155663,True,False,False,False,True,2026-05-07,Needham,,,reit,False,False,unknown,False,False,False,False,False
1794,PLTR,2026-01-21,buy,False,True,True,False,ok,,buy,1.90323,27.0,183.7289,200.0,255.0,70.0,0.11128590071478106,True,False,False,False,True,2026-01-12,Citigroup,,,up,False,False,unknown,False,False,False,False,False
1795,NFLX,2026-01-05,buy,False,True,True,False,ok,,buy,1.68,44.0,114.555,115.0,151.4,80.0,0.25251477308890813,True,False,False,False,True,2026-01-05,CFRA,,,down,False,False,unknown,False,False,False,False,False
1796,META,2026-05-11,buy,False,True,False,True,ok,,strong_buy,1.34921,58.0,826.69104,825.0,1015.0,614.0,0.3804412721192061,True,False,False,False,True,,,,,,,,,,,,,
1797,META,2026-05-11,buy,False,True,False,True,ok,,strong_buy,1.34921,58.0,826.69104,825.0,1015.0,614.0,0.3804412721192061,True,False,False,False,True,,,,,,,,,,,,,
1798,META,2026-05-11,buy,False,True,False,True,ok,,strong_buy,1.34921,58.0,826.69104,825.0,1015.0,614.0,0.3804412721192061,True,False,False,False,True,,,,,,,,,,,,,
1799,GOOGL,2023-08-25,sell,False,True,True,False,ok,,strong_buy,1.39683,52.0,427.88712,430.0,515.0,334.22,2.321709403521091,False,False,False,True,True,2023-08-22,Wedbush,,,init,False,False,unknown,False,False,False,False,False
1800,GOOGL,2026-04-30,sell,False,True,True,False,ok,,strong_buy,1.39683,52.0,427.88712,430.0,515.0,334.22,0.11197280034793833,False,False,False,True,True,2026-04-30,Needham,,,main,False,False,unknown,False,False,False,False,False
1801,PYPL,2026-05-05,buy,False,True,True,False,ok,,hold,2.88636,34.0,52.52618,48.0,147.39,32.0,0.12983820399234425,False,False,True,False,False,2026-05-05,Needham,,,reit,False,False,unknown,False,False,False,False,False
1802,PYPL,2026-05-05,sell,False,True,True,False,ok,,hold,2.88636,34.0,52.52618,48.0,147.39,32.0,0.12983820399234425,False,False,True,False,False,2026-05-05,Needham,,,reit,False,False,unknown,False,False,False,False,False
1803,MSFT,2026-05-05,buy,False,True,True,False,ok,,strong_buy,1.30909,54.0,561.5561,562.5,870.0,400.0,0.3650544346703659,True,False,False,False,True,2026-05-01,Stifel,,,main,False,False,unknown,False,False,False,False,False
1805,MSFT,2026-04-30,buy,False,True,True,False,ok,,strong_buy,1.30909,54.0,561.5561,562.5,870.0,400.0,0.37710555123114675,True,False,False,False,True,2026-04-30,Piper Sandler,,,main,False,False,unknown,False,False,False,False,False
1806,META,2026-04-29,buy,False,True,False,True,ok,,strong_buy,1.34921,58.0,826.69104,825.0,1015.0,614.0,0.2354899659742138,True,False,False,False,True,,,,,,,,,,,,,
1807,GOOGL,2026-04-29,buy,False,True,True,False,ok,,strong_buy,1.39683,52.0,427.88712,430.0,515.0,334.22,0.22274423333938542,True,False,False,False,True,2026-04-24,Needham,,,reit,False,False,unknown,False,False,False,False,False
1808,META,2026-03-13,buy,False,True,False,True,ok,,strong_buy,1.34921,58.0,826.69104,825.0,1015.0,614.0,0.3481918887309443,True,False,False,False,True,,,,,,,,,,,,,
1809,SOFI,2026-04-29,buy,False,True,True,False,ok,,hold,2.70833,20.0,21.1,18.5,31.0,12.0,0.359098262058283,False,False,True,False,False,2026-04-24,Truist Securities,,,main,False,False,unknown,False,False,False,False,False
1810,NFLX,2026-04-16,sell,False,True,True,False,ok,,buy,1.68,44.0,114.555,115.0,151.4,80.0,0.0627609149922379,False,False,False,True,True,2026-04-15,Citizens,,,reit,False,False,unknown,False,False,False,False,False
1811,AMD,2026-05-05,buy,True,True,True,False,ok,,buy,1.5098,48.0,457.83334,474.0,625.0,225.0,0.2887274880785078,True,False,False,False,True,2026-05-04,Wedbush,,,main,False,False,unknown,False,False,False,False,False
1812,NVDA,2026-05-05,buy,True,True,True,False,ok,,strong_buy,1.29508,57.0,272.93738,275.0,380.0,140.0,0.3889943002544529,True,False,False,False,True,2026-03-31,Benchmark,,,reit,False,False,unknown,False,False,False,False,False
1813,GOOGL,2026-05-05,sell,False,True,True,False,ok,,strong_buy,1.39683,52.0,427.88712,430.0,515.0,334.22,0.1015810521026197,False,False,False,True,True,2026-05-04,Freedom Broker,,,down,False,False,unknown,False,False,False,False,False
1814,GOOGL,2026-04-29,buy,False,True,True,False,ok,,strong_buy,1.39683,52.0,427.88712,430.0,515.0,334.22,0.22274423333938542,True,False,False,False,True,2026-04-24,Needham,,,reit,False,False,unknown,False,False,False,False,False
1815,META,2026-03-17,buy,False,True,False,True,ok,,strong_buy,1.34921,58.0,826.69104,825.0,1015.0,614.0,0.32767654202193164,True,False,False,False,True,,,,,,,,,,,,,
1816,META,2026-03-17,buy,False,True,False,True,ok,,strong_buy,1.34921,58.0,826.69104,825.0,1015.0,614.0,0.32767654202193164,True,False,False,False,True,,,,,,,,,,,,,
1817,META,2026-03-17,buy,False,True,False,True,ok,,strong_buy,1.34921,58.0,826.69104,825.0,1015.0,614.0,0.32767654202193164,True,False,False,False,True,,,,,,,,,,,,,
1818,AAPL,2025-06-27,buy,True,True,True,False,ok,,buy,1.95833,43.0,308.06512,310.0,400.0,215.0,0.5381304501434034,True,False,False,False,True,2025-06-26,JP Morgan,,,main,False,False,unknown,False,False,False,False,False
1819,TSLA,2026-05-04,buy,True,True,True,False,ok,,buy,2.3617,41.0,412.25366,450.0,600.0,123.0,0.0503010107848314,True,False,False,False,True,2026-04-23,Needham,,,reit,False,False,unknown,False,False,False,False,False
1820,GOOGL,2026-02-17,buy,False,True,True,False,ok,,strong_buy,1.39683,52.0,427.88712,430.0,515.0,334.22,0.417748345075432,True,False,False,False,True,2026-02-13,Freedom Broker,,,main,False,False,unknown,False,False,False,False,False
1821,PLTR,2026-04-10,sell,False,True,True,False,ok,,buy,1.90323,27.0,183.7289,200.0,255.0,70.0,0.4347095385187323,False,False,False,True,True,2026-04-10,Wedbush,,,reit,False,False,unknown,False,False,False,False,False
1822,META,2026-05-04,buy,False,True,False,True,ok,,strong_buy,1.34921,58.0,826.69104,825.0,1015.0,614.0,0.3543209914171215,True,False,False,False,True,,,,,,,,,,,,,
1823,META,2026-05-08,buy,False,True,False,True,ok,,strong_buy,1.34921,58.0,826.69104,825.0,1015.0,614.0,0.3560537266516477,True,False,False,False,True,,,,,,,,,,,,,
1824,META,2026-05-08,buy,False,True,False,True,ok,,strong_buy,1.34921,58.0,826.69104,825.0,1015.0,614.0,0.3560537266516477,True,False,False,False,True,,,,,,,,,,,,,
1825,META,2026-05-08,buy,False,True,False,True,ok,,strong_buy,1.34921,58.0,826.69104,825.0,1015.0,614.0,0.3560537266516477,True,False,False,False,True,,,,,,,,,,,,,
1826,SOFI,2026-05-08,buy,False,True,True,False,ok,,hold,2.70833,20.0,21.1,18.5,31.0,12.0,0.3396825396825398,False,False,True,False,False,2026-05-04,Citigroup,,,main,False,False,unknown,False,False,False,False,False
1827,NFLX,2026-05-08,buy,False,True,True,False,ok,,buy,1.68,44.0,114.555,115.0,151.4,80.0,0.30934967192905094,True,False,False,False,True,2026-04-17,Guggenheim,,,main,False,False,unknown,False,False,False,False,False
1828,NVDA,2026-04-27,buy,True,True,True,False,ok,,strong_buy,1.29508,57.0,272.93738,275.0,380.0,140.0,0.260040530127567,True,False,False,False,True,2026-03-31,Benchmark,,,reit,False,False,unknown,False,False,False,False,False
1829,NVDA,2026-04-27,buy,True,True,True,False,ok,,strong_buy,1.29508,57.0,272.93738,275.0,380.0,140.0,0.260040530127567,True,False,False,False,True,2026-03-31,Benchmark,,,reit,False,False,unknown,False,False,False,False,False
1830,GOOGL,2026-05-05,buy,False,True,True,False,ok,,strong_buy,1.39683,52.0,427.88712,430.0,515.0,334.22,0.1015810521026197,True,False,False,False,True,2026-05-04,Freedom Broker,,,down,False,False,unknown,False,False,False,False,False
1831,TSLA,2026-03-23,sell,True,True,True,False,ok,,buy,2.3617,41.0,412.25366,450.0,600.0,123.0,0.08245675040884426,False,False,False,True,True,2026-03-12,GLJ Research,,,reit,False,False,unknown,False,False,False,False,False
1832,DIS,2025-04-29,buy,False,True,True,False,ok,,strong_buy,1.46667,29.0,130.66553,132.0,164.0,77.0,0.44905767535394325,True,False,False,False,True,2025-04-22,Needham,,,reit,False,False,unknown,False,False,False,False,False
1833,DIS,2025-04-29,buy,False,True,True,False,ok,,strong_buy,1.46667,29.0,130.66553,132.0,164.0,77.0,0.44905767535394325,True,False,False,False,True,2025-04-22,Needham,,,reit,False,False,unknown,False,False,False,False,False
1834,AMZN,2025-12-31,buy,True,True,True,False,ok,,strong_buy,1.34848,62.0,311.55145,317.0,370.0,207.0,0.3497592934497342,True,False,False,False,True,2025-12-16,BMO Capital,,,main,False,False,unknown,False,False,False,False,False
1835,AMZN,2026-04-28,buy,True,True,True,False,ok,,strong_buy,1.34848,62.0,311.55145,317.0,370.0,207.0,0.19965897326039816,True,False,False,False,True,2026-04-28,Mizuho,,,main,False,False,unknown,False,False,False,False,False
1836,NVDA,2026-04-06,buy,True,True,True,False,ok,,strong_buy,1.29508,57.0,272.93738,275.0,380.0,140.0,0.5364635270084606,True,False,False,False,True,2026-03-31,Benchmark,,,reit,False,False,unknown,False,False,False,False,False
1837,NVDA,2026-05-11,buy,True,True,True,False,ok,,strong_buy,1.29508,57.0,272.93738,275.0,380.0,140.0,0.24379045280442146,True,False,False,False,True,2026-03-31,Benchmark,,,reit,False,False,unknown,False,False,False,False,False
1838,AMZN,2026-05-04,sell,True,True,True,False,ok,,strong_buy,1.34848,62.0,311.55145,317.0,370.0,207.0,0.14519927946878664,False,False,False,True,True,2026-05-01,Stifel,,,main,False,False,unknown,False,False,False,False,False
1839,AMD,2026-04-30,buy,True,True,True,False,ok,,buy,1.5098,48.0,457.83334,474.0,625.0,225.0,0.2915268487476852,True,False,False,False,True,2026-04-29,Susquehanna,,,main,False,False,unknown,False,False,False,False,False
1840,NVDA,2026-04-30,buy,True,True,True,False,ok,,strong_buy,1.29508,57.0,272.93738,275.0,380.0,140.0,0.36762724850027007,True,False,False,False,True,2026-03-31,Benchmark,,,reit,False,False,unknown,False,False,False,False,False
1841,TSLA,2025-05-14,buy,True,True,True,False,ok,,buy,2.3617,41.0,412.25366,450.0,600.0,123.0,0.18572730293524553,True,False,False,False,True,2025-05-06,Goldman Sachs,,,reit,False,False,unknown,False,False,False,False,False
1842,NVDA,2025-09-02,sell,True,True,True,False,ok,,strong_buy,1.29508,57.0,272.93738,275.0,380.0,140.0,0.5984468206239326,False,False,False,True,True,2025-08-28,Needham,,,reit,False,False,unknown,False,False,False,False,False
1843,META,2025-06-26,buy,False,True,True,False,ok,,strong_buy,1.34921,58.0,826.69104,825.0,1015.0,614.0,0.14122560551704333,True,False,False,False,True,2024-09-30,"Monness, Crespi, Hardt",,,main,False,False,unknown,False,False,False,False,False
1844,GOOGL,2025-07-07,buy,False,True,True,False,ok,,strong_buy,1.39683,52.0,427.88712,430.0,515.0,334.22,1.4257687354770319,True,False,False,False,True,2025-07-02,Truist Securities,,,reit,False,False,unknown,False,False,False,False,False
1845,NVDA,2025-08-25,buy,True,True,True,False,ok,,strong_buy,1.29508,57.0,272.93738,275.0,380.0,140.0,0.5181733036452849,True,False,False,False,True,2025-08-25,Baird,,,main,False,False,unknown,False,False,False,False,False
1846,META,2025-06-09,buy,False,True,True,False,ok,,strong_buy,1.34921,58.0,826.69104,825.0,1015.0,614.0,0.19481042570411922,True,False,False,False,True,2024-09-30,"Monness, Crespi, Hardt",,,main,False,False,unknown,False,False,False,False,False
1847,TSLA,2021-05-14,buy,True,True,True,False,ok,,buy,2.3617,41.0,412.25366,450.0,600.0,123.0,1.0971291899483253,True,False,False,False,True,2021-04-27,Goldman Sachs,,,main,False,False,unknown,False,False,False,False,False
1849,AMZN,2020-07-17,sell,True,True,True,False,ok,,strong_buy,1.34848,62.0,311.55145,317.0,370.0,207.0,1.1036773465056862,False,False,False,True,True,2020-07-16,Morgan Stanley,,,main,False,False,unknown,False,False,False,False,False
1850,TSLA,2020-06-22,buy,True,True,True,False,ok,,buy,2.3617,41.0,412.25366,450.0,600.0,123.0,5.219129366909206,True,False,False,False,True,2020-06-19,JP Morgan,,,main,False,False,unknown,False,False,False,False,False
1851,TSLA,2020-06-15,buy,True,True,True,False,ok,,buy,2.3617,41.0,412.25366,450.0,600.0,123.0,5.24059453884085,True,False,False,False,True,2020-06-12,Morgan Stanley,,,down,False,False,unknown,False,False,False,False,False
1852,TSLA,2020-06-05,buy,True,True,True,False,ok,,buy,2.3617,41.0,412.25366,450.0,600.0,123.0,5.982143299052916,True,False,False,False,True,2020-05-29,Daiwa Capital,,,init,False,False,unknown,False,False,False,False,False
1853,TSLA,2020-06-01,buy,True,True,True,False,ok,,buy,2.3617,41.0,412.25366,450.0,600.0,123.0,5.8854302825656,True,False,False,False,True,2020-05-29,Daiwa Capital,,,init,False,False,unknown,False,False,False,False,False
1854,TSLA,2020-05-22,buy,True,True,True,False,ok,,buy,2.3617,41.0,412.25366,450.0,600.0,123.0,6.570028371859847,True,False,False,False,True,2020-05-19,JMP Securities,,,main,False,False,unknown,False,False,False,False,False
1855,GOOGL,2023-10-27,buy,False,True,True,False,ok,,strong_buy,1.39683,52.0,427.88712,430.0,515.0,334.22,2.5313383872498605,True,False,False,False,True,2023-10-25,Keybanc,,,main,False,False,unknown,False,False,False,False,False
1856,NVDA,2024-12-30,buy,True,True,True,False,ok,,strong_buy,1.29508,57.0,272.93738,275.0,380.0,140.0,0.9857942206618595,True,False,False,False,True,2024-12-20,Morgan Stanley,,,main,False,False,unknown,False,False,False,False,False
1857,NVDA,2024-12-30,buy,True,True,True,False,ok,,strong_buy,1.29508,57.0,272.93738,275.0,380.0,140.0,0.9857942206618595,True,False,False,False,True,2024-12-20,Morgan Stanley,,,main,False,False,unknown,False,False,False,False,False
1858,MSFT,2024-07-15,buy,False,True,True,False,ok,,strong_buy,1.30909,54.0,561.5561,562.5,870.0,400.0,0.2537418634875803,True,False,False,False,True,2024-07-12,BMO Capital,,,main,False,False,unknown,False,False,False,False,False
1859,META,2026-04-09,buy,False,True,False,True,ok,,strong_buy,1.34921,58.0,826.69104,825.0,1015.0,614.0,0.315569981586205,True,False,False,False,True,,,,,,,,,,,,,
1860,MSFT,2025-10-13,buy,False,True,True,False,ok,,strong_buy,1.30909,54.0,561.5561,562.5,870.0,400.0,0.09695794798766433,True,False,False,False,True,2025-10-06,Wells Fargo,,,main,False,False,unknown,False,False,False,False,False
1861,AMC,2024-05-31,sell,False,True,True,False,ok,,hold,2.71429,6.0,2.03333,2.0,3.0,1.2,-0.5304087677073978,False,False,True,False,False,2024-05-14,Citigroup,,,main,False,False,unknown,False,False,False,False,False
1862,AMC,2024-05-31,sell,False,True,True,False,ok,,hold,2.71429,6.0,2.03333,2.0,3.0,1.2,-0.5304087677073978,False,False,True,False,False,2024-05-14,Citigroup,,,main,False,False,unknown,False,False,False,False,False
1863,DIS,2022-11-18,buy,False,True,True,False,ok,,strong_buy,1.46667,29.0,130.66553,132.0,164.0,77.0,0.45689120311436926,True,False,False,False,True,2022-11-09,Keybanc,,,main,False,False,unknown,False,False,False,False,False
1865,AAPL,2023-08-18,sell,True,True,True,False,ok,,buy,1.95833,43.0,308.06512,310.0,400.0,215.0,0.7878543260743007,False,False,False,True,True,2023-08-17,Wedbush,,,reit,False,False,unknown,False,False,False,False,False
1866,TSLA,2021-08-02,buy,True,True,True,False,ok,,buy,2.3617,41.0,412.25366,450.0,600.0,123.0,0.7427268400793707,True,False,False,False,True,2021-08-02,KGI Securities,,,init,False,False,unknown,False,False,False,False,False
1867,AMD,2025-11-24,buy,True,True,True,False,ok,,buy,1.5098,48.0,457.83334,474.0,625.0,225.0,1.1289622576280998,True,False,False,False,True,2025-11-12,Evercore ISI Group,,,main,False,False,unknown,False,False,False,False,False
1868,AMD,2025-11-07,buy,True,True,True,False,ok,,buy,1.5098,48.0,457.83334,474.0,625.0,225.0,0.9604065820069771,True,False,False,False,True,2025-11-07,CICC,,,up,False,False,unknown,False,False,False,False,False
1869,MSFT,2024-12-04,buy,False,True,True,False,ok,,strong_buy,1.30909,54.0,561.5561,562.5,870.0,400.0,0.2962136901508141,True,False,False,False,True,2024-11-05,RBC Capital,,,reit,False,False,unknown,False,False,False,False,False
1870,NVDA,2023-03-21,buy,True,True,True,False,ok,,strong_buy,1.29508,57.0,272.93738,275.0,380.0,140.0,9.427078373231186,True,False,False,False,True,2023-03-21,Exane BNP Paribas,,,up,False,False,unknown,False,False,False,False,False
1871,AMZN,2022-11-04,sell,True,True,True,False,ok,,strong_buy,1.34848,62.0,311.55145,317.0,370.0,207.0,2.4243947956092993,False,False,False,True,True,2022-11-02,Tigress Financial,,,main,False,False,unknown,False,False,False,False,False
1872,NVDA,2023-08-30,buy,True,True,True,False,ok,,strong_buy,1.29508,57.0,272.93738,275.0,380.0,140.0,4.54463160509835,True,False,False,False,True,2023-08-24,Keybanc,,,main,False,False,unknown,False,False,False,False,False
1873,MSFT,2023-08-30,buy,False,True,True,False,ok,,strong_buy,1.30909,54.0,561.5561,562.5,870.0,400.0,0.7408954839256576,True,False,False,False,True,2023-08-11,Redburn Partners,,,main,False,False,unknown,False,False,False,False,False
1874,GOOGL,2023-12-18,buy,False,True,True,False,ok,,strong_buy,1.39683,52.0,427.88712,430.0,515.0,334.22,2.176903966077992,True,False,False,False,True,2023-12-07,Roth MKM,,,main,False,False,unknown,False,False,False,False,False
1875,GOOGL,2023-12-18,sell,False,True,True,False,ok,,strong_buy,1.39683,52.0,427.88712,430.0,515.0,334.22,2.176903966077992,False,False,False,True,True,2023-12-07,Roth MKM,,,main,False,False,unknown,False,False,False,False,False
1876,AMD,2023-12-18,sell,True,True,True,False,ok,,buy,1.5098,48.0,457.83334,474.0,625.0,225.0,2.2961365019295945,False,False,False,True,True,2023-12-18,Goldman Sachs,,,main,False,False,unknown,False,False,False,False,False
1877,TSLA,2023-12-18,sell,True,True,True,False,ok,,buy,2.3617,41.0,412.25366,450.0,600.0,123.0,0.6354080331858081,False,False,False,True,True,2023-12-18,RBC Capital,,,main,False,False,unknown,False,False,False,False,False
1878,TSLA,2022-01-20,buy,True,True,True,False,ok,,buy,2.3617,41.0,412.25366,450.0,600.0,123.0,0.24139138349878353,True,False,False,False,True,2022-01-18,Credit Suisse,,,main,False,False,unknown,False,False,False,False,False
1879,AMZN,2025-01-22,buy,True,True,True,False,ok,,strong_buy,1.34848,62.0,311.55145,317.0,370.0,207.0,0.32569446952154046,True,False,False,False,True,2025-01-22,Cantor Fitzgerald,,,reit,False,False,unknown,False,False,False,False,False
1880,NVDA,2025-01-22,buy,True,True,True,False,ok,,strong_buy,1.29508,57.0,272.93738,275.0,380.0,140.0,0.856441115652435,True,False,False,False,True,2025-01-17,Barclays,,,main,False,False,unknown,False,False,False,False,False
1881,NVDA,2025-12-12,sell,True,True,True,False,ok,,strong_buy,1.29508,57.0,272.93738,275.0,380.0,140.0,0.5595483439699587,False,False,False,True,True,2025-12-01,Morgan Stanley,,,main,False,False,unknown,False,False,False,False,False
1882,GOOGL,2025-12-31,buy,False,True,True,False,ok,,strong_buy,1.39683,52.0,427.88712,430.0,515.0,334.22,0.36801385050436775,True,False,False,False,True,2025-12-31,Citizens,,,main,False,False,unknown,False,False,False,False,False
1883,META,2026-02-17,buy,False,True,False,True,ok,,strong_buy,1.34921,58.0,826.69104,825.0,1015.0,614.0,0.29424652271292007,True,False,False,False,True,,,,,,,,,,,,,
1884,PYPL,2026-02-17,buy,False,True,True,False,ok,,hold,2.88636,34.0,52.52618,48.0,147.39,32.0,0.2909878083189976,False,False,True,False,False,2026-02-10,Truist Securities,,,main,False,False,unknown,False,False,False,False,False
1885,PYPL,2026-02-17,buy,False,True,True,False,ok,,hold,2.88636,34.0,52.52618,48.0,147.39,32.0,0.2909878083189976,False,False,True,False,False,2026-02-10,Truist Securities,,,main,False,False,unknown,False,False,False,False,False
1886,PYPL,2026-02-17,buy,False,True,True,False,ok,,hold,2.88636,34.0,52.52618,48.0,147.39,32.0,0.2909878083189976,False,False,True,False,False,2026-02-10,Truist Securities,,,main,False,False,unknown,False,False,False,False,False
1887,PYPL,2026-02-17,buy,False,True,True,False,ok,,hold,2.88636,34.0,52.52618,48.0,147.39,32.0,0.2909878083189976,False,False,True,False,False,2026-02-10,Truist Securities,,,main,False,False,unknown,False,False,False,False,False
1888,NVDA,2026-02-17,buy,True,True,True,False,ok,,strong_buy,1.29508,57.0,272.93738,275.0,380.0,140.0,0.4756563181734861,True,False,False,False,True,2026-01-16,Jefferies,,,main,False,False,unknown,False,False,False,False,False
1889,MSFT,2026-03-03,buy,False,True,True,False,ok,,strong_buy,1.30909,54.0,561.5561,562.5,870.0,400.0,0.3902312533913248,True,False,False,False,True,2026-02-05,Stifel,,,down,False,False,unknown,False,False,False,False,False
1890,MSFT,2026-03-03,sell,False,True,True,False,ok,,strong_buy,1.30909,54.0,561.5561,562.5,870.0,400.0,0.3902312533913248,False,False,False,True,True,2026-02-05,Stifel,,,down,False,False,unknown,False,False,False,False,False
1891,MSFT,2026-03-26,buy,False,True,True,False,ok,,strong_buy,1.30909,54.0,561.5561,562.5,870.0,400.0,0.5344320521543133,True,False,False,False,True,2026-03-25,UBS,,,main,False,False,unknown,False,False,False,False,False
1892,SOFI,2026-04-07,buy,False,True,True,False,ok,,hold,2.70833,20.0,21.1,18.5,31.0,12.0,0.30974545006795906,False,False,True,False,False,2026-04-06,Barclays,,,main,False,False,unknown,False,False,False,False,False
1893,AMD,2026-04-15,buy,True,True,True,False,ok,,buy,1.5098,48.0,457.83334,474.0,625.0,225.0,0.7737228756421675,True,False,False,False,True,2026-04-06,Citigroup,,,main,False,False,unknown,False,False,False,False,False
1894,AMD,2026-04-15,buy,True,True,True,False,ok,,buy,1.5098,48.0,457.83334,474.0,625.0,225.0,0.7737228756421675,True,False,False,False,True,2026-04-06,Citigroup,,,main,False,False,unknown,False,False,False,False,False
1895,AMD,2026-04-15,buy,True,True,True,False,ok,,buy,1.5098,48.0,457.83334,474.0,625.0,225.0,0.7737228756421675,True,False,False,False,True,2026-04-06,Citigroup,,,main,False,False,unknown,False,False,False,False,False
1896,AMD,2026-04-22,buy,True,True,True,False,ok,,buy,1.5098,48.0,457.83334,474.0,625.0,225.0,0.5087107127523074,True,False,False,False,True,2026-04-20,Stifel,,,main,False,False,unknown,False,False,False,False,False
1897,TSLA,2025-02-11,buy,True,True,True,False,ok,,buy,2.3617,41.0,412.25366,450.0,600.0,123.0,0.2549578691019787,True,False,False,False,True,2025-02-10,Needham,,,reit,False,False,unknown,False,False,False,False,False
1898,TSLA,2025-02-11,buy,True,True,True,False,ok,,buy,2.3617,41.0,412.25366,450.0,600.0,123.0,0.2549578691019787,True,False,False,False,True,2025-02-10,Needham,,,reit,False,False,unknown,False,False,False,False,False
1899,TSLA,2025-02-11,sell,True,True,True,False,ok,,buy,2.3617,41.0,412.25366,450.0,600.0,123.0,0.2549578691019787,False,False,False,True,True,2025-02-10,Needham,,,reit,False,False,unknown,False,False,False,False,False
1900,TSLA,2025-02-11,sell,True,True,True,False,ok,,buy,2.3617,41.0,412.25366,450.0,600.0,123.0,0.2549578691019787,False,False,False,True,True,2025-02-10,Needham,,,reit,False,False,unknown,False,False,False,False,False
1901,TSLA,2025-02-11,sell,True,True,True,False,ok,,buy,2.3617,41.0,412.25366,450.0,600.0,123.0,0.2549578691019787,False,False,False,True,True,2025-02-10,Needham,,,reit,False,False,unknown,False,False,False,False,False
1902,GOOGL,2025-10-29,sell,False,True,True,False,ok,,strong_buy,1.39683,52.0,427.88712,430.0,515.0,334.22,0.5605069512328678,False,False,False,True,True,2025-10-27,Keybanc,,,main,False,False,unknown,False,False,False,False,False
1903,GOOGL,2025-10-29,buy,False,True,True,False,ok,,strong_buy,1.39683,52.0,427.88712,430.0,515.0,334.22,0.5605069512328678,True,False,False,False,True,2025-10-27,Keybanc,,,main,False,False,unknown,False,False,False,False,False
1904,AAPL,2025-10-29,buy,True,True,True,False,ok,,buy,1.95833,43.0,308.06512,310.0,400.0,215.0,0.14548262069369322,True,False,False,False,True,2025-10-29,B of A Securities,,,main,False,False,unknown,False,False,False,False,False
1905,AAPL,2025-10-29,sell,True,True,True,False,ok,,buy,1.95833,43.0,308.06512,310.0,400.0,215.0,0.14548262069369322,False,False,False,True,True,2025-10-29,B of A Securities,,,main,False,False,unknown,False,False,False,False,False
1906,AMZN,2026-02-02,buy,True,True,True,False,ok,,strong_buy,1.34848,62.0,311.55145,317.0,370.0,207.0,0.2823157778675591,True,False,False,False,True,2026-02-02,Citizens,,,main,False,False,unknown,False,False,False,False,False
1907,NVDA,2026-03-30,buy,True,True,True,False,ok,,strong_buy,1.29508,57.0,272.93738,275.0,380.0,140.0,0.6524634196630799,True,False,False,False,True,2026-03-23,Cantor Fitzgerald,,,reit,False,False,unknown,False,False,False,False,False
1908,AMZN,2026-04-22,buy,True,True,True,False,ok,,strong_buy,1.34848,62.0,311.55145,317.0,370.0,207.0,0.22004796857511666,True,False,False,False,True,2026-04-21,Cantor Fitzgerald,,,main,False,False,unknown,False,False,False,False,False
1909,AMZN,2026-04-22,buy,True,True,True,False,ok,,strong_buy,1.34848,62.0,311.55145,317.0,370.0,207.0,0.22004796857511666,True,False,False,False,True,2026-04-21,Cantor Fitzgerald,,,main,False,False,unknown,False,False,False,False,False
1910,PYPL,2024-10-29,buy,False,True,True,False,ok,,hold,2.88636,34.0,52.52618,48.0,147.39,32.0,-0.34221460782739144,False,False,True,False,False,2024-10-28,"Monness, Crespi, Hardt",,,main,False,False,unknown,False,False,False,False,False
1911,TSLA,2025-09-02,buy,True,True,True,False,ok,,buy,2.3617,41.0,412.25366,450.0,600.0,123.0,0.2516810734004493,True,False,False,False,True,2025-08-04,Wedbush,,,reit,False,False,unknown,False,False,False,False,False
1912,TSLA,2025-12-22,buy,True,True,True,False,ok,,buy,2.3617,41.0,412.25366,450.0,600.0,123.0,-0.15647975214779164,True,False,False,False,True,2025-12-19,Truist Securities,,,main,False,False,unknown,False,False,False,False,False
1913,TSLA,2025-12-17,buy,True,True,True,False,ok,,buy,2.3617,41.0,412.25366,450.0,600.0,123.0,-0.1177210730985,True,False,False,False,True,2025-12-15,Wedbush,,,reit,False,False,unknown,False,False,False,False,False
1914,PYPL,2026-04-30,sell,False,True,True,False,ok,,hold,2.88636,34.0,52.52618,48.0,147.39,32.0,0.04759035978058246,False,False,True,False,False,2026-04-24,Truist Securities,,,main,False,False,unknown,False,False,False,False,False
1915,GOOGL,2025-11-10,buy,False,True,True,False,ok,,strong_buy,1.39683,52.0,427.88712,430.0,515.0,334.22,0.4769680239500269,True,False,False,False,True,2025-11-10,Freedom Broker,,,main,False,False,unknown,False,False,False,False,False
1916,NVDA,2025-10-30,buy,True,True,True,False,ok,,strong_buy,1.29508,57.0,272.93738,275.0,380.0,140.0,0.3453957973421715,True,False,False,False,True,2025-10-29,B of A Securities,,,main,False,False,unknown,False,False,False,False,False
1917,NVDA,2025-10-30,buy,True,True,True,False,ok,,strong_buy,1.29508,57.0,272.93738,275.0,380.0,140.0,0.3453957973421715,True,False,False,False,True,2025-10-29,B of A Securities,,,main,False,False,unknown,False,False,False,False,False
1918,AAPL,2025-10-30,sell,True,True,True,False,ok,,buy,1.95833,43.0,308.06512,310.0,400.0,215.0,0.138307584489475,False,False,False,True,True,2025-10-29,B of A Securities,,,main,False,False,unknown,False,False,False,False,False
1919,GOOGL,2025-10-30,buy,False,True,True,False,ok,,strong_buy,1.39683,52.0,427.88712,430.0,515.0,334.22,0.522198308044795,True,False,False,False,True,2025-10-30,B of A Securities,,,main,False,False,unknown,False,False,False,False,False
1920,AMZN,2025-10-30,sell,True,True,True,False,ok,,strong_buy,1.34848,62.0,311.55145,317.0,370.0,207.0,0.397969349128364,False,False,False,True,True,2025-10-28,UBS,,,main,False,False,unknown,False,False,False,False,False
1921,NVDA,2026-02-26,sell,True,True,True,False,ok,,strong_buy,1.29508,57.0,272.93738,275.0,380.0,140.0,0.4762948686607582,False,False,False,True,True,2026-02-26,Benchmark,,,reit,False,False,unknown,False,False,False,False,False
1922,NVDA,2026-02-26,buy,True,True,True,False,ok,,strong_buy,1.29508,57.0,272.93738,275.0,380.0,140.0,0.4762948686607582,True,False,False,False,True,2026-02-26,Benchmark,,,reit,False,False,unknown,False,False,False,False,False
1923,AAPL,2026-04-21,buy,True,True,True,False,ok,,buy,1.95833,43.0,308.06512,310.0,400.0,215.0,0.15846610430704922,True,False,False,False,True,2026-04-21,Rosenblatt,,,main,False,False,unknown,False,False,False,False,False
1924,TSLA,2026-04-23,sell,True,True,True,False,ok,,buy,2.3617,41.0,412.25366,450.0,600.0,123.0,0.10310836629945475,False,False,False,True,True,2026-04-23,Needham,,,reit,False,False,unknown,False,False,False,False,False
1925,TSLA,2024-10-23,sell,True,True,True,False,ok,,buy,2.3617,41.0,412.25366,450.0,600.0,123.0,0.9295748737523539,False,False,False,True,True,2024-10-23,Cantor Fitzgerald,,,reit,False,False,unknown,False,False,False,False,False
1926,TSLA,2024-10-23,buy,True,True,True,False,ok,,buy,2.3617,41.0,412.25366,450.0,600.0,123.0,0.9295748737523539,True,False,False,False,True,2024-10-23,Cantor Fitzgerald,,,reit,False,False,unknown,False,False,False,False,False
1927,TSLA,2024-10-23,sell,True,True,True,False,ok,,buy,2.3617,41.0,412.25366,450.0,600.0,123.0,0.9295748737523539,False,False,False,True,True,2024-10-23,Cantor Fitzgerald,,,reit,False,False,unknown,False,False,False,False,False
1928,TSLA,2024-10-23,buy,True,True,True,False,ok,,buy,2.3617,41.0,412.25366,450.0,600.0,123.0,0.9295748737523539,True,False,False,False,True,2024-10-23,Cantor Fitzgerald,,,reit,False,False,unknown,False,False,False,False,False
1929,TSLA,2024-10-23,buy,True,True,True,False,ok,,buy,2.3617,41.0,412.25366,450.0,600.0,123.0,0.9295748737523539,True,False,False,False,True,2024-10-23,Cantor Fitzgerald,,,reit,False,False,unknown,False,False,False,False,False
1930,TSLA,2024-10-23,buy,True,True,True,False,ok,,buy,2.3617,41.0,412.25366,450.0,600.0,123.0,0.9295748737523539,True,False,False,False,True,2024-10-23,Cantor Fitzgerald,,,reit,False,False,unknown,False,False,False,False,False
1931,NVDA,2024-10-23,buy,True,True,True,False,ok,,strong_buy,1.29508,57.0,272.93738,275.0,380.0,140.0,0.9564748734634805,True,False,False,False,True,2024-10-18,B of A Securities,,,main,False,False,unknown,False,False,False,False,False
1932,NVDA,2024-10-23,sell,True,True,True,False,ok,,strong_buy,1.29508,57.0,272.93738,275.0,380.0,140.0,0.9564748734634805,False,False,False,True,True,2024-10-18,B of A Securities,,,main,False,False,unknown,False,False,False,False,False
1933,NVDA,2024-10-23,sell,True,True,True,False,ok,,strong_buy,1.29508,57.0,272.93738,275.0,380.0,140.0,0.9564748734634805,False,False,False,True,True,2024-10-18,B of A Securities,,,main,False,False,unknown,False,False,False,False,False
1934,AAPL,2024-10-23,sell,True,True,True,False,ok,,buy,1.95833,43.0,308.06512,310.0,400.0,215.0,0.3450099805936646,False,False,False,True,True,2024-10-21,CFRA,,,reit,False,False,unknown,False,False,False,False,False
1935,AMD,2024-12-10,buy,True,True,True,False,ok,,buy,1.5098,48.0,457.83334,474.0,625.0,225.0,2.58410323826891,True,False,False,False,True,2024-12-09,B of A Securities,,,down,False,False,unknown,False,False,False,False,False
1936,AMD,2024-12-10,buy,True,True,True,False,ok,,buy,1.5098,48.0,457.83334,474.0,625.0,225.0,2.58410323826891,True,False,False,False,True,2024-12-09,B of A Securities,,,down,False,False,unknown,False,False,False,False,False
1937,AMD,2024-12-10,buy,True,True,True,False,ok,,buy,1.5098,48.0,457.83334,474.0,625.0,225.0,2.58410323826891,True,False,False,False,True,2024-12-09,B of A Securities,,,down,False,False,unknown,False,False,False,False,False
1938,AMD,2024-12-10,buy,True,True,True,False,ok,,buy,1.5098,48.0,457.83334,474.0,625.0,225.0,2.58410323826891,True,False,False,False,True,2024-12-09,B of A Securities,,,down,False,False,unknown,False,False,False,False,False
1939,AMD,2024-12-10,sell,True,True,True,False,ok,,buy,1.5098,48.0,457.83334,474.0,625.0,225.0,2.58410323826891,False,False,False,True,True,2024-12-09,B of A Securities,,,down,False,False,unknown,False,False,False,False,False
1941,TSLA,2024-12-10,buy,True,True,True,False,ok,,buy,2.3617,41.0,412.25366,450.0,600.0,123.0,0.02808965320815493,True,False,False,False,True,2024-12-10,Morgan Stanley,,,main,False,False,unknown,False,False,False,False,False
1942,PYPL,2024-12-10,buy,False,True,True,False,ok,,hold,2.88636,34.0,52.52618,48.0,147.39,32.0,-0.4050584795457274,False,False,True,False,False,2024-12-09,B of A Securities,,,up,False,False,unknown,False,False,False,False,False
1943,COIN,2025-11-05,buy,False,True,True,False,ok,,buy,2.0303,28.0,231.28821,225.0,400.0,107.0,-0.2756397781325153,True,False,False,False,True,2025-11-03,Mizuho,,,main,False,False,unknown,False,False,False,False,False
1944,UBER,2025-11-06,buy,False,True,True,False,ok,,buy,1.51923,50.0,104.9312,107.0,150.0,70.0,0.13907074328537528,True,False,False,False,True,2025-11-05,DA Davidson,,,main,False,False,unknown,False,False,False,False,False
1945,SOFI,2026-02-27,buy,False,True,True,False,ok,,hold,2.70833,20.0,21.1,18.5,31.0,12.0,0.18806304775191163,False,False,True,False,False,2026-02-18,Truist Securities,,,main,False,False,unknown,False,False,False,False,False
1946,AAPL,2026-04-10,sell,True,True,True,False,ok,,buy,1.95833,43.0,308.06512,310.0,400.0,215.0,0.1837720663749689,False,False,False,True,True,2026-03-31,Wedbush,,,reit,False,False,unknown,False,False,False,False,False
1947,AMD,2025-10-06,buy,True,True,True,False,ok,,buy,1.5098,48.0,457.83334,474.0,625.0,225.0,1.2474759457598794,True,False,False,False,True,2025-10-06,Cantor Fitzgerald,,,main,False,False,unknown,False,False,False,False,False
1948,TSLA,2024-10-28,buy,True,True,True,False,ok,,buy,2.3617,41.0,412.25366,450.0,600.0,123.0,0.5704302489953417,True,False,False,False,True,2024-10-28,Canaccord Genuity,,,main,False,False,unknown,False,False,False,False,False
1949,TSLA,2024-07-30,buy,True,True,True,False,ok,,buy,2.3617,41.0,412.25366,450.0,600.0,123.0,0.8518267408234785,True,False,False,False,True,2024-07-29,Morgan Stanley,,,reit,False,False,unknown,False,False,False,False,False
1950,MSFT,2024-07-30,sell,False,True,True,False,ok,,strong_buy,1.30909,54.0,561.5561,562.5,870.0,400.0,0.345759698216314,False,False,False,True,True,2024-07-23,Piper Sandler,,,reit,False,False,unknown,False,False,False,False,False
1951,META,2026-01-02,buy,False,True,False,True,ok,,strong_buy,1.34921,58.0,826.69104,825.0,1015.0,614.0,0.272118935235655,True,False,False,False,True,,,,,,,,,,,,,
1952,TSLA,2026-01-15,sell,True,True,True,False,ok,,buy,2.3617,41.0,412.25366,450.0,600.0,123.0,-0.06000489519285346,False,False,False,True,True,2026-01-14,UBS,,,main,False,False,unknown,False,False,False,False,False
1953,TSLA,2024-07-08,buy,True,True,True,False,ok,,buy,2.3617,41.0,412.25366,450.0,600.0,123.0,0.629847616117972,True,False,False,False,True,2024-07-03,Goldman Sachs,,,main,False,False,unknown,False,False,False,False,False
1954,TSLA,2024-07-08,buy,True,True,True,False,ok,,buy,2.3617,41.0,412.25366,450.0,600.0,123.0,0.629847616117972,True,False,False,False,True,2024-07-03,Goldman Sachs,,,main,False,False,unknown,False,False,False,False,False
1955,AAPL,2024-08-26,buy,True,True,True,False,ok,,buy,1.95833,43.0,308.06512,310.0,400.0,215.0,0.366205117600924,True,False,False,False,True,2024-08-19,MoffettNathanson,,,init,False,False,unknown,False,False,False,False,False
1956,AAPL,2024-08-26,sell,True,True,True,False,ok,,buy,1.95833,43.0,308.06512,310.0,400.0,215.0,0.366205117600924,False,False,False,True,True,2024-08-19,MoffettNathanson,,,init,False,False,unknown,False,False,False,False,False
1957,AAPL,2024-08-26,sell,True,True,True,False,ok,,buy,1.95833,43.0,308.06512,310.0,400.0,215.0,0.366205117600924,False,False,False,True,True,2024-08-19,MoffettNathanson,,,init,False,False,unknown,False,False,False,False,False
1958,AAPL,2024-08-26,sell,True,True,True,False,ok,,buy,1.95833,43.0,308.06512,310.0,400.0,215.0,0.366205117600924,False,False,False,True,True,2024-08-19,MoffettNathanson,,,init,False,False,unknown,False,False,False,False,False
1959,AAPL,2024-08-26,sell,True,True,True,False,ok,,buy,1.95833,43.0,308.06512,310.0,400.0,215.0,0.366205117600924,False,False,False,True,True,2024-08-19,MoffettNathanson,,,init,False,False,unknown,False,False,False,False,False
1960,TSLA,2026-02-25,buy,True,True,True,False,ok,,buy,2.3617,41.0,412.25366,450.0,600.0,123.0,-0.01232950160933799,True,False,False,False,True,2026-02-19,GLJ Research,,,reit,False,False,unknown,False,False,False,False,False
1961,TSLA,2026-01-30,buy,True,True,True,False,ok,,buy,2.3617,41.0,412.25366,450.0,600.0,123.0,-0.042183832874764904,True,False,False,False,True,2026-01-29,Freedom Broker,,,main,False,False,unknown,False,False,False,False,False
1962,NVDA,2024-09-05,sell,True,True,True,False,ok,,strong_buy,1.29508,57.0,272.93738,275.0,380.0,140.0,1.547047470531755,False,False,False,True,True,2024-09-05,B of A Securities,,,reit,False,False,unknown,False,False,False,False,False
1963,AAPL,2024-12-30,sell,True,True,True,False,ok,,buy,1.95833,43.0,308.06512,310.0,400.0,215.0,0.22931542021247786,False,False,False,True,True,2024-12-26,Wedbush,,,main,False,False,unknown,False,False,False,False,False
1964,TSLA,2026-01-28,sell,True,True,True,False,ok,,buy,2.3617,41.0,412.25366,450.0,600.0,123.0,-0.04451474490208385,False,False,False,True,True,2026-01-23,Barclays,,,main,False,False,unknown,False,False,False,False,False
1965,NVDA,2026-01-28,sell,True,True,True,False,ok,,strong_buy,1.29508,57.0,272.93738,275.0,380.0,140.0,0.42518870033852907,False,False,False,True,True,2026-01-16,Jefferies,,,main,False,False,unknown,False,False,False,False,False
1966,AAPL,2026-01-28,buy,True,True,True,False,ok,,buy,1.95833,43.0,308.06512,310.0,400.0,215.0,0.2035465221236077,True,False,False,False,True,2026-01-26,Jefferies,,,main,False,False,unknown,False,False,False,False,False
1967,META,2026-01-28,sell,False,True,False,True,ok,,strong_buy,1.34921,58.0,826.69104,825.0,1015.0,614.0,0.2372689786910669,False,False,False,True,True,,,,,,,,,,,,,
1968,TSLA,2024-07-29,buy,True,True,True,False,ok,,buy,2.3617,41.0,412.25366,450.0,600.0,123.0,0.7761897852606545,True,False,False,False,True,2024-07-29,Morgan Stanley,,,reit,False,False,unknown,False,False,False,False,False
1969,TSLA,2024-07-29,buy,True,True,True,False,ok,,buy,2.3617,41.0,412.25366,450.0,600.0,123.0,0.7761897852606545,True,False,False,False,True,2024-07-29,Morgan Stanley,,,reit,False,False,unknown,False,False,False,False,False
1970,GOOGL,2024-07-29,buy,False,True,True,False,ok,,strong_buy,1.39683,52.0,427.88712,430.0,515.0,334.22,1.5419042208013112,True,False,False,False,True,2024-07-24,Needham,,,reit,False,False,unknown,False,False,False,False,False
1971,NVDA,2024-07-12,buy,True,True,True,False,ok,,strong_buy,1.29508,57.0,272.93738,275.0,380.0,140.0,1.1128822941548417,True,False,False,False,True,2024-07-12,Benchmark,,,main,False,False,unknown,False,False,False,False,False
1972,NVDA,2024-07-12,buy,True,True,True,False,ok,,strong_buy,1.29508,57.0,272.93738,275.0,380.0,140.0,1.1128822941548417,True,False,False,False,True,2024-07-12,Benchmark,,,main,False,False,unknown,False,False,False,False,False
1973,NVDA,2024-07-12,buy,True,True,True,False,ok,,strong_buy,1.29508,57.0,272.93738,275.0,380.0,140.0,1.1128822941548417,True,False,False,False,True,2024-07-12,Benchmark,,,main,False,False,unknown,False,False,False,False,False
1974,AMD,2024-07-12,buy,True,True,True,False,ok,,buy,1.5098,48.0,457.83334,474.0,625.0,225.0,1.5209698720407583,True,False,False,False,True,2024-07-11,Wells Fargo,,,main,False,False,unknown,False,False,False,False,False
1975,AMD,2024-03-11,buy,True,True,True,False,ok,,buy,1.5098,48.0,457.83334,474.0,625.0,225.0,1.3077440466179504,True,False,False,False,True,2024-03-11,Cantor Fitzgerald,,,reit,False,False,unknown,False,False,False,False,False
1976,NVDA,2024-03-11,buy,True,True,True,False,ok,,strong_buy,1.29508,57.0,272.93738,275.0,380.0,140.0,2.183847987390789,True,False,False,False,True,2024-03-11,Cantor Fitzgerald,,,main,False,False,unknown,False,False,False,False,False
1977,AMD,2024-01-22,buy,True,True,True,False,ok,,buy,1.5098,48.0,457.83334,474.0,625.0,225.0,1.7222818405196083,True,False,False,False,True,2024-01-22,Northland Capital Markets,,,down,False,False,unknown,False,False,False,False,False
1978,AMD,2024-01-22,sell,True,True,True,False,ok,,buy,1.5098,48.0,457.83334,474.0,625.0,225.0,1.7222818405196083,False,False,False,True,True,2024-01-22,Northland Capital Markets,,,down,False,False,unknown,False,False,False,False,False
1979,AMD,2024-01-22,buy,True,True,True,False,ok,,buy,1.5098,48.0,457.83334,474.0,625.0,225.0,1.7222818405196083,True,False,False,False,True,2024-01-22,Northland Capital Markets,,,down,False,False,unknown,False,False,False,False,False
1980,NVDA,2024-01-22,buy,True,True,True,False,ok,,strong_buy,1.29508,57.0,272.93738,275.0,380.0,140.0,3.5781369851360862,True,False,False,False,True,2024-01-19,Raymond James,,,main,False,False,unknown,False,False,False,False,False
1981,NVDA,2024-01-22,buy,True,True,True,False,ok,,strong_buy,1.29508,57.0,272.93738,275.0,380.0,140.0,3.5781369851360862,True,False,False,False,True,2024-01-19,Raymond James,,,main,False,False,unknown,False,False,False,False,False
1982,TSLA,2024-01-29,buy,True,True,True,False,ok,,buy,2.3617,41.0,412.25366,450.0,600.0,123.0,1.1591875337262967,True,False,False,False,True,2024-01-26,Goldman Sachs,,,main,False,False,unknown,False,False,False,False,False
1983,TSLA,2024-01-29,buy,True,True,True,False,ok,,buy,2.3617,41.0,412.25366,450.0,600.0,123.0,1.1591875337262967,True,False,False,False,True,2024-01-26,Goldman Sachs,,,main,False,False,unknown,False,False,False,False,False
1984,TSLA,2024-01-29,buy,True,True,True,False,ok,,buy,2.3617,41.0,412.25366,450.0,600.0,123.0,1.1591875337262967,True,False,False,False,True,2024-01-26,Goldman Sachs,,,main,False,False,unknown,False,False,False,False,False
1985,TSLA,2024-01-29,buy,True,True,True,False,ok,,buy,2.3617,41.0,412.25366,450.0,600.0,123.0,1.1591875337262967,True,False,False,False,True,2024-01-26,Goldman Sachs,,,main,False,False,unknown,False,False,False,False,False
1986,TSLA,2024-01-29,buy,True,True,True,False,ok,,buy,2.3617,41.0,412.25366,450.0,600.0,123.0,1.1591875337262967,True,False,False,False,True,2024-01-26,Goldman Sachs,,,main,False,False,unknown,False,False,False,False,False
1987,TSLA,2024-01-29,buy,True,True,True,False,ok,,buy,2.3617,41.0,412.25366,450.0,600.0,123.0,1.1591875337262967,True,False,False,False,True,2024-01-26,Goldman Sachs,,,main,False,False,unknown,False,False,False,False,False
1988,TSLA,2024-01-29,buy,True,True,True,False,ok,,buy,2.3617,41.0,412.25366,450.0,600.0,123.0,1.1591875337262967,True,False,False,False,True,2024-01-26,Goldman Sachs,,,main,False,False,unknown,False,False,False,False,False
1989,TSLA,2024-01-29,buy,True,True,True,False,ok,,buy,2.3617,41.0,412.25366,450.0,600.0,123.0,1.1591875337262967,True,False,False,False,True,2024-01-26,Goldman Sachs,,,main,False,False,unknown,False,False,False,False,False
1990,TSLA,2024-01-29,buy,True,True,True,False,ok,,buy,2.3617,41.0,412.25366,450.0,600.0,123.0,1.1591875337262967,True,False,False,False,True,2024-01-26,Goldman Sachs,,,main,False,False,unknown,False,False,False,False,False
1991,TSLA,2022-10-25,buy,True,True,True,False,ok,,buy,2.3617,41.0,412.25366,450.0,600.0,123.0,0.8534918775013265,True,False,False,False,True,2022-10-25,Morgan Stanley,,,main,False,False,unknown,False,False,False,False,False
1992,TSLA,2022-10-25,sell,True,True,True,False,ok,,buy,2.3617,41.0,412.25366,450.0,600.0,123.0,0.8534918775013265,False,False,False,True,True,2022-10-25,Morgan Stanley,,,main,False,False,unknown,False,False,False,False,False
1993,TSLA,2026-01-12,buy,True,True,True,False,ok,,buy,2.3617,41.0,412.25366,450.0,600.0,123.0,-0.08175858017128201,True,False,False,False,True,2026-01-12,Wells Fargo,,,main,False,False,unknown,False,False,False,False,False
1994,GOOGL,2024-01-31,buy,False,True,True,False,ok,,strong_buy,1.39683,52.0,427.88712,430.0,515.0,334.22,2.0793978886903823,True,False,False,False,True,2024-01-31,Barclays,,,main,False,False,unknown,False,False,False,False,False
1995,MSFT,2024-01-31,buy,False,True,True,False,ok,,strong_buy,1.30909,54.0,561.5561,562.5,870.0,400.0,0.4367665672622576,True,False,False,False,True,2024-01-31,Barclays,,,main,False,False,unknown,False,False,False,False,False
1996,DIS,2024-01-31,buy,False,True,True,False,ok,,strong_buy,1.46667,29.0,130.66553,132.0,164.0,77.0,0.38790377037607837,True,False,False,False,True,2023-12-22,Rosenblatt,,,main,False,False,unknown,False,False,False,False,False
1997,TSLA,2023-12-21,buy,True,True,True,False,ok,,buy,2.3617,41.0,412.25366,450.0,600.0,123.0,0.6198572102161102,True,False,False,False,True,2023-12-18,RBC Capital,,,main,False,False,unknown,False,False,False,False,False
1998,NVDA,2024-02-22,buy,True,True,True,False,ok,,strong_buy,1.29508,57.0,272.93738,275.0,380.0,140.0,2.4773510167931185,True,False,False,False,True,2024-02-22,Wedbush,,,main,False,False,unknown,False,False,False,False,False
1999,NVDA,2024-02-22,buy,True,True,True,False,ok,,strong_buy,1.29508,57.0,272.93738,275.0,380.0,140.0,2.4773510167931185,True,False,False,False,True,2024-02-22,Wedbush,,,main,False,False,unknown,False,False,False,False,False
2000,TSLA,2026-04-06,buy,True,True,True,False,ok,,buy,2.3617,41.0,412.25366,450.0,600.0,123.0,0.168453181344576,True,False,False,False,True,2026-04-06,Baird,,,main,False,False,unknown,False,False,False,False,False
2001,MSFT,2024-08-06,buy,False,True,True,False,ok,,strong_buy,1.30909,54.0,561.5561,562.5,870.0,400.0,0.4242603282512385,True,False,False,False,True,2024-07-31,Piper Sandler,,,main,False,False,unknown,False,False,False,False,False
2002,MSFT,2024-08-06,buy,False,True,True,False,ok,,strong_buy,1.30909,54.0,561.5561,562.5,870.0,400.0,0.4242603282512385,True,False,False,False,True,2024-07-31,Piper Sandler,,,main,False,False,unknown,False,False,False,False,False
2003,NVDA,2024-08-06,buy,True,True,True,False,ok,,strong_buy,1.29508,57.0,272.93738,275.0,380.0,140.0,1.6193666746958542,True,False,False,False,True,2024-08-06,New Street Research,,,up,False,False,unknown,False,False,False,False,False
2004,NVDA,2024-08-06,buy,True,True,True,False,ok,,strong_buy,1.29508,57.0,272.93738,275.0,380.0,140.0,1.6193666746958542,True,False,False,False,True,2024-08-06,New Street Research,,,up,False,False,unknown,False,False,False,False,False
2005,NVDA,2024-08-06,buy,True,True,True,False,ok,,strong_buy,1.29508,57.0,272.93738,275.0,380.0,140.0,1.6193666746958542,True,False,False,False,True,2024-08-06,New Street Research,,,up,False,False,unknown,False,False,False,False,False
2006,GOOGL,2024-08-06,buy,False,True,True,False,ok,,strong_buy,1.39683,52.0,427.88712,430.0,515.0,334.22,1.7224023669145034,True,False,False,False,True,2024-08-06,Needham,,,reit,False,False,unknown,False,False,False,False,False
2007,TSLA,2023-11-28,buy,True,True,True,False,ok,,buy,2.3617,41.0,412.25366,450.0,600.0,123.0,0.6709373296055512,True,False,False,False,True,2023-11-28,Wedbush,,,reit,False,False,unknown,False,False,False,False,False
2008,TSLA,2026-04-06,buy,True,True,True,False,ok,,buy,2.3617,41.0,412.25366,450.0,600.0,123.0,0.168453181344576,True,False,False,False,True,2026-04-06,Baird,,,main,False,False,unknown,False,False,False,False,False
2009,NVDA,2024-11-11,buy,True,True,True,False,ok,,strong_buy,1.29508,57.0,272.93738,275.0,380.0,140.0,0.8797030486474127,True,False,False,False,True,2024-11-11,Morgan Stanley,,,main,False,False,unknown,False,False,False,False,False
2010,TSLA,2023-12-14,buy,True,True,True,False,ok,,buy,2.3617,41.0,412.25366,450.0,600.0,123.0,0.6421177255074864,True,False,False,False,True,2023-12-14,Deutsche Bank,,,main,False,False,unknown,False,False,False,False,False
2011,TSLA,2022-12-15,buy,True,True,True,False,ok,,buy,2.3617,41.0,412.25366,450.0,600.0,123.0,1.6146614117307543,True,False,False,False,True,2022-12-15,RBC Capital,,,main,False,False,unknown,False,False,False,False,False
2012,TSLA,2022-12-15,buy,True,True,True,False,ok,,buy,2.3617,41.0,412.25366,450.0,600.0,123.0,1.6146614117307543,True,False,False,False,True,2022-12-15,RBC Capital,,,main,False,False,unknown,False,False,False,False,False
2013,TSLA,2022-12-15,buy,True,True,True,False,ok,,buy,2.3617,41.0,412.25366,450.0,600.0,123.0,1.6146614117307543,True,False,False,False,True,2022-12-15,RBC Capital,,,main,False,False,unknown,False,False,False,False,False
2014,TSLA,2022-12-15,buy,True,True,True,False,ok,,buy,2.3617,41.0,412.25366,450.0,600.0,123.0,1.6146614117307543,True,False,False,False,True,2022-12-15,RBC Capital,,,main,False,False,unknown,False,False,False,False,False
2015,TSLA,2022-12-15,buy,True,True,True,False,ok,,buy,2.3617,41.0,412.25366,450.0,600.0,123.0,1.6146614117307543,True,False,False,False,True,2022-12-15,RBC Capital,,,main,False,False,unknown,False,False,False,False,False
2016,TSLA,2022-12-15,buy,True,True,True,False,ok,,buy,2.3617,41.0,412.25366,450.0,600.0,123.0,1.6146614117307543,True,False,False,False,True,2022-12-15,RBC Capital,,,main,False,False,unknown,False,False,False,False,False
2017,TSLA,2022-12-15,buy,True,True,True,False,ok,,buy,2.3617,41.0,412.25366,450.0,600.0,123.0,1.6146614117307543,True,False,False,False,True,2022-12-15,RBC Capital,,,main,False,False,unknown,False,False,False,False,False
2018,TSLA,2022-12-15,buy,True,True,True,False,ok,,buy,2.3617,41.0,412.25366,450.0,600.0,123.0,1.6146614117307543,True,False,False,False,True,2022-12-15,RBC Capital,,,main,False,False,unknown,False,False,False,False,False
2019,TSLA,2022-12-15,sell,True,True,True,False,ok,,buy,2.3617,41.0,412.25366,450.0,600.0,123.0,1.6146614117307543,False,False,False,True,True,2022-12-15,RBC Capital,,,main,False,False,unknown,False,False,False,False,False
2020,TSLA,2022-12-15,sell,True,True,True,False,ok,,buy,2.3617,41.0,412.25366,450.0,600.0,123.0,1.6146614117307543,False,False,False,True,True,2022-12-15,RBC Capital,,,main,False,False,unknown,False,False,False,False,False
2021,NVDA,2024-05-20,buy,True,True,True,False,ok,,strong_buy,1.29508,57.0,272.93738,275.0,380.0,140.0,1.8813190170197367,True,False,False,False,True,2024-05-20,Baird,,,main,False,False,unknown,False,False,False,False,False
2022,TSLA,2024-02-14,sell,True,True,True,False,ok,,buy,2.3617,41.0,412.25366,450.0,600.0,123.0,1.184588232382835,False,False,False,True,True,2024-02-06,Daiwa Capital,,,down,False,False,unknown,False,False,False,False,False
2023,AAPL,2024-03-08,buy,True,True,True,False,ok,,buy,1.95833,43.0,308.06512,310.0,400.0,215.0,0.8224984827211428,True,False,False,False,True,2024-03-08,Citigroup,,,main,False,False,unknown,False,False,False,False,False
2024,AAPL,2024-03-08,buy,True,True,True,False,ok,,buy,1.95833,43.0,308.06512,310.0,400.0,215.0,0.8224984827211428,True,False,False,False,True,2024-03-08,Citigroup,,,main,False,False,unknown,False,False,False,False,False
2025,TSLA,2026-03-02,buy,True,True,True,False,ok,,buy,2.3617,41.0,412.25366,450.0,600.0,123.0,0.022150283927272918,True,False,False,False,True,2026-02-19,GLJ Research,,,reit,False,False,unknown,False,False,False,False,False
2026,TSLA,2024-01-16,buy,True,True,True,False,ok,,buy,2.3617,41.0,412.25366,450.0,600.0,123.0,0.8746471426257885,True,False,False,False,True,2024-01-16,Wedbush,,,reit,False,False,unknown,False,False,False,False,False
2027,AAPL,2024-01-16,buy,True,True,True,False,ok,,buy,1.95833,43.0,308.06512,310.0,400.0,215.0,0.696630279213414,True,False,False,False,True,2024-01-10,Redburn Atlantic,,,down,False,False,unknown,False,False,False,False,False
2028,TSLA,2024-04-18,buy,True,True,True,False,ok,,buy,2.3617,41.0,412.25366,450.0,600.0,123.0,1.7496410334087402,True,False,False,False,True,2024-04-18,Deutsche Bank,,,down,False,False,unknown,False,False,False,False,False
2029,AMC,2023-08-11,sell,False,True,False,True,ok,,hold,2.71429,6.0,2.03333,2.0,3.0,1.2,-0.9613435350002836,False,False,True,False,False,,,,,,,,,,,,,
2030,AMC,2023-08-11,sell,False,True,False,True,ok,,hold,2.71429,6.0,2.03333,2.0,3.0,1.2,-0.9613435350002836,False,False,True,False,False,,,,,,,,,,,,,
2031,AMC,2023-08-11,sell,False,True,False,True,ok,,hold,2.71429,6.0,2.03333,2.0,3.0,1.2,-0.9613435350002836,False,False,True,False,False,,,,,,,,,,,,,
2032,AMC,2023-08-11,buy,False,True,False,True,ok,,hold,2.71429,6.0,2.03333,2.0,3.0,1.2,-0.9613435350002836,False,False,True,False,False,,,,,,,,,,,,,
2033,AMC,2023-08-11,sell,False,True,False,True,ok,,hold,2.71429,6.0,2.03333,2.0,3.0,1.2,-0.9613435350002836,False,False,True,False,False,,,,,,,,,,,,,
2034,AMC,2023-08-11,buy,False,True,False,True,ok,,hold,2.71429,6.0,2.03333,2.0,3.0,1.2,-0.9613435350002836,False,False,True,False,False,,,,,,,,,,,,,
2035,AMC,2023-08-11,sell,False,True,False,True,ok,,hold,2.71429,6.0,2.03333,2.0,3.0,1.2,-0.9613435350002836,False,False,True,False,False,,,,,,,,,,,,,
2036,AMC,2023-08-11,sell,False,True,False,True,ok,,hold,2.71429,6.0,2.03333,2.0,3.0,1.2,-0.9613435350002836,False,False,True,False,False,,,,,,,,,,,,,
2037,TSLA,2024-04-23,buy,True,True,True,False,ok,,buy,2.3617,41.0,412.25366,450.0,600.0,123.0,1.849417202583321,True,False,False,False,True,2024-04-23,Guggenheim,,,reit,False,False,unknown,False,False,False,False,False
2038,TSLA,2024-04-23,buy,True,True,True,False,ok,,buy,2.3617,41.0,412.25366,450.0,600.0,123.0,1.849417202583321,True,False,False,False,True,2024-04-23,Guggenheim,,,reit,False,False,unknown,False,False,False,False,False
2039,TSLA,2024-04-23,buy,True,True,True,False,ok,,buy,2.3617,41.0,412.25366,450.0,600.0,123.0,1.849417202583321,True,False,False,False,True,2024-04-23,Guggenheim,,,reit,False,False,unknown,False,False,False,False,False
2040,TSLA,2024-04-23,buy,True,True,True,False,ok,,buy,2.3617,41.0,412.25366,450.0,600.0,123.0,1.849417202583321,True,False,False,False,True,2024-04-23,Guggenheim,,,reit,False,False,unknown,False,False,False,False,False
2041,TSLA,2024-04-23,buy,True,True,True,False,ok,,buy,2.3617,41.0,412.25366,450.0,600.0,123.0,1.849417202583321,True,False,False,False,True,2024-04-23,Guggenheim,,,reit,False,False,unknown,False,False,False,False,False
2042,TSLA,2024-04-23,buy,True,True,True,False,ok,,buy,2.3617,41.0,412.25366,450.0,600.0,123.0,1.849417202583321,True,False,False,False,True,2024-04-23,Guggenheim,,,reit,False,False,unknown,False,False,False,False,False
2043,AMC,2023-08-22,sell,False,True,False,True,ok,,hold,2.71429,6.0,2.03333,2.0,3.0,1.2,-0.920261568627451,False,False,True,False,False,,,,,,,,,,,,,
2044,TSLA,2024-04-25,buy,True,True,True,False,ok,,buy,2.3617,41.0,412.25366,450.0,600.0,123.0,1.422456679648623,True,False,False,False,True,2024-04-25,Deutsche Bank,,,main,False,False,unknown,False,False,False,False,False
2045,AMC,2023-08-24,sell,False,True,True,False,ok,,hold,2.71429,6.0,2.03333,2.0,3.0,1.2,-0.8585017386086854,False,False,True,False,False,2023-08-24,Wedbush,,,up,False,False,unknown,False,False,False,False,False
2046,AMC,2023-08-24,sell,False,True,True,False,ok,,hold,2.71429,6.0,2.03333,2.0,3.0,1.2,-0.8585017386086854,False,False,True,False,False,2023-08-24,Wedbush,,,up,False,False,unknown,False,False,False,False,False
2047,AMC,2023-08-24,sell,False,True,True,False,ok,,hold,2.71429,6.0,2.03333,2.0,3.0,1.2,-0.8585017386086854,False,False,True,False,False,2023-08-24,Wedbush,,,up,False,False,unknown,False,False,False,False,False
2048,AMC,2023-08-24,sell,False,True,True,False,ok,,hold,2.71429,6.0,2.03333,2.0,3.0,1.2,-0.8585017386086854,False,False,True,False,False,2023-08-24,Wedbush,,,up,False,False,unknown,False,False,False,False,False
2049,AMC,2023-08-24,sell,False,True,True,False,ok,,hold,2.71429,6.0,2.03333,2.0,3.0,1.2,-0.8585017386086854,False,False,True,False,False,2023-08-24,Wedbush,,,up,False,False,unknown,False,False,False,False,False
2050,AMC,2023-08-24,sell,False,True,True,False,ok,,hold,2.71429,6.0,2.03333,2.0,3.0,1.2,-0.8585017386086854,False,False,True,False,False,2023-08-24,Wedbush,,,up,False,False,unknown,False,False,False,False,False
2051,AMC,2023-08-24,sell,False,True,True,False,ok,,hold,2.71429,6.0,2.03333,2.0,3.0,1.2,-0.8585017386086854,False,False,True,False,False,2023-08-24,Wedbush,,,up,False,False,unknown,False,False,False,False,False
2052,AMZN,2024-10-28,buy,True,True,True,False,ok,,strong_buy,1.34848,62.0,311.55145,317.0,370.0,207.0,0.653757901212239,True,False,False,False,True,2024-10-28,UBS,,,main,False,False,unknown,False,False,False,False,False
2053,AMZN,2024-10-28,buy,True,True,True,False,ok,,strong_buy,1.34848,62.0,311.55145,317.0,370.0,207.0,0.653757901212239,True,False,False,False,True,2024-10-28,UBS,,,main,False,False,unknown,False,False,False,False,False
2054,TSLA,2024-10-28,buy,True,True,True,False,ok,,buy,2.3617,41.0,412.25366,450.0,600.0,123.0,0.5704302489953417,True,False,False,False,True,2024-10-28,Canaccord Genuity,,,main,False,False,unknown,False,False,False,False,False
2055,TSLA,2023-09-11,sell,True,True,True,False,ok,,buy,2.3617,41.0,412.25366,450.0,600.0,123.0,0.5068852994884698,False,False,False,True,True,2023-09-11,Morgan Stanley,,,up,False,False,unknown,False,False,False,False,False
2056,TSLA,2024-02-13,buy,True,True,True,False,ok,,buy,2.3617,41.0,412.25366,450.0,600.0,123.0,1.240265462604898,True,False,False,False,True,2024-02-06,Daiwa Capital,,,down,False,False,unknown,False,False,False,False,False
2057,TSLA,2024-02-13,buy,True,True,True,False,ok,,buy,2.3617,41.0,412.25366,450.0,600.0,123.0,1.240265462604898,True,False,False,False,True,2024-02-06,Daiwa Capital,,,down,False,False,unknown,False,False,False,False,False
2058,TSLA,2024-02-13,buy,True,True,True,False,ok,,buy,2.3617,41.0,412.25366,450.0,600.0,123.0,1.240265462604898,True,False,False,False,True,2024-02-06,Daiwa Capital,,,down,False,False,unknown,False,False,False,False,False
2059,TSLA,2024-02-13,buy,True,True,True,False,ok,,buy,2.3617,41.0,412.25366,450.0,600.0,123.0,1.240265462604898,True,False,False,False,True,2024-02-06,Daiwa Capital,,,down,False,False,unknown,False,False,False,False,False
2060,TSLA,2024-02-13,buy,True,True,True,False,ok,,buy,2.3617,41.0,412.25366,450.0,600.0,123.0,1.240265462604898,True,False,False,False,True,2024-02-06,Daiwa Capital,,,down,False,False,unknown,False,False,False,False,False
2061,TSLA,2024-02-13,buy,True,True,True,False,ok,,buy,2.3617,41.0,412.25366,450.0,600.0,123.0,1.240265462604898,True,False,False,False,True,2024-02-06,Daiwa Capital,,,down,False,False,unknown,False,False,False,False,False
2062,TSLA,2024-02-13,buy,True,True,True,False,ok,,buy,2.3617,41.0,412.25366,450.0,600.0,123.0,1.240265462604898,True,False,False,False,True,2024-02-06,Daiwa Capital,,,down,False,False,unknown,False,False,False,False,False
2063,TSLA,2024-02-13,buy,True,True,True,False,ok,,buy,2.3617,41.0,412.25366,450.0,600.0,123.0,1.240265462604898,True,False,False,False,True,2024-02-06,Daiwa Capital,,,down,False,False,unknown,False,False,False,False,False
2064,TSLA,2024-02-13,buy,True,True,True,False,ok,,buy,2.3617,41.0,412.25366,450.0,600.0,123.0,1.240265462604898,True,False,False,False,True,2024-02-06,Daiwa Capital,,,down,False,False,unknown,False,False,False,False,False
2065,TSLA,2024-02-13,sell,True,True,True,False,ok,,buy,2.3617,41.0,412.25366,450.0,600.0,123.0,1.240265462604898,False,False,False,True,True,2024-02-06,Daiwa Capital,,,down,False,False,unknown,False,False,False,False,False
2066,TSLA,2024-02-13,sell,True,True,True,False,ok,,buy,2.3617,41.0,412.25366,450.0,600.0,123.0,1.240265462604898,False,False,False,True,True,2024-02-06,Daiwa Capital,,,down,False,False,unknown,False,False,False,False,False
2067,TSLA,2024-02-13,buy,True,True,True,False,ok,,buy,2.3617,41.0,412.25366,450.0,600.0,123.0,1.240265462604898,True,False,False,False,True,2024-02-06,Daiwa Capital,,,down,False,False,unknown,False,False,False,False,False
2068,TSLA,2024-02-13,buy,True,True,True,False,ok,,buy,2.3617,41.0,412.25366,450.0,600.0,123.0,1.240265462604898,True,False,False,False,True,2024-02-06,Daiwa Capital,,,down,False,False,unknown,False,False,False,False,False
2069,AAPL,2024-02-13,buy,True,True,True,False,ok,,buy,1.95833,43.0,308.06512,310.0,400.0,215.0,0.6815564850533258,True,False,False,False,True,2024-02-12,Wedbush,,,reit,False,False,unknown,False,False,False,False,False
2070,AAPL,2024-02-13,buy,True,True,True,False,ok,,buy,1.95833,43.0,308.06512,310.0,400.0,215.0,0.6815564850533258,True,False,False,False,True,2024-02-12,Wedbush,,,reit,False,False,unknown,False,False,False,False,False
2071,AAPL,2024-02-13,buy,True,True,True,False,ok,,buy,1.95833,43.0,308.06512,310.0,400.0,215.0,0.6815564850533258,True,False,False,False,True,2024-02-12,Wedbush,,,reit,False,False,unknown,False,False,False,False,False
2072,AAPL,2024-02-13,sell,True,True,True,False,ok,,buy,1.95833,43.0,308.06512,310.0,400.0,215.0,0.6815564850533258,False,False,False,True,True,2024-02-12,Wedbush,,,reit,False,False,unknown,False,False,False,False,False
2073,AAPL,2024-02-13,buy,True,True,True,False,ok,,buy,1.95833,43.0,308.06512,310.0,400.0,215.0,0.6815564850533258,True,False,False,False,True,2024-02-12,Wedbush,,,reit,False,False,unknown,False,False,False,False,False
2074,MSFT,2024-02-13,buy,False,True,True,False,ok,,strong_buy,1.30909,54.0,561.5561,562.5,870.0,400.0,0.40586134328503043,True,False,False,False,True,2024-01-31,Barclays,,,main,False,False,unknown,False,False,False,False,False
2075,NVDA,2024-02-13,buy,True,True,True,False,ok,,strong_buy,1.29508,57.0,272.93738,275.0,380.0,140.0,2.7863823261923164,True,False,False,False,True,2024-02-13,Mizuho,,,main,False,False,unknown,False,False,False,False,False
2076,TSLA,2024-12-16,buy,True,True,True,False,ok,,buy,2.3617,41.0,412.25366,450.0,600.0,123.0,-0.10964176540588366,True,False,False,False,True,2024-12-16,Truist Securities,,,main,False,False,unknown,False,False,False,False,False
2077,AMD,2025-06-13,buy,True,True,True,False,ok,,buy,1.5098,48.0,457.83334,474.0,625.0,225.0,2.941402596127347,True,False,False,False,True,2025-06-13,Rosenblatt,,,main,False,False,unknown,False,False,False,False,False
2078,AMD,2025-06-13,buy,True,True,True,False,ok,,buy,1.5098,48.0,457.83334,474.0,625.0,225.0,2.941402596127347,True,False,False,False,True,2025-06-13,Rosenblatt,,,main,False,False,unknown,False,False,False,False,False
2079,AMD,2025-06-13,sell,True,True,True,False,ok,,buy,1.5098,48.0,457.83334,474.0,625.0,225.0,2.941402596127347,False,False,False,True,True,2025-06-13,Rosenblatt,,,main,False,False,unknown,False,False,False,False,False
2080,AMD,2025-07-29,buy,True,True,True,False,ok,,buy,1.5098,48.0,457.83334,474.0,625.0,225.0,1.5802149103958927,True,False,False,False,True,2025-07-29,B of A Securities,,,main,False,False,unknown,False,False,False,False,False
2081,SOFI,2025-07-29,buy,False,True,True,False,ok,,hold,2.70833,20.0,21.1,18.5,31.0,12.0,-0.058035698244157774,False,False,True,False,False,2025-07-17,Truist Securities,,,main,False,False,unknown,False,False,False,False,False
2082,AAPL,2025-07-29,buy,True,True,True,False,ok,,buy,1.95833,43.0,308.06512,310.0,400.0,215.0,0.4639432613114072,True,False,False,False,True,2025-07-29,Rosenblatt,,,main,False,False,unknown,False,False,False,False,False
2083,AAPL,2024-05-06,buy,True,True,True,False,ok,,buy,1.95833,43.0,308.06512,310.0,400.0,215.0,0.7123722977597484,True,False,False,False,True,2024-05-03,Needham,,,reit,False,False,unknown,False,False,False,False,False
2084,AAPL,2024-05-06,sell,True,True,True,False,ok,,buy,1.95833,43.0,308.06512,310.0,400.0,215.0,0.7123722977597484,False,False,False,True,True,2024-05-03,Needham,,,reit,False,False,unknown,False,False,False,False,False
2085,AAPL,2024-05-06,sell,True,True,True,False,ok,,buy,1.95833,43.0,308.06512,310.0,400.0,215.0,0.7123722977597484,False,False,False,True,True,2024-05-03,Needham,,,reit,False,False,unknown,False,False,False,False,False
2086,AAPL,2024-05-06,sell,True,True,True,False,ok,,buy,1.95833,43.0,308.06512,310.0,400.0,215.0,0.7123722977597484,False,False,False,True,True,2024-05-03,Needham,,,reit,False,False,unknown,False,False,False,False,False
2087,DIS,2023-03-07,buy,False,True,True,False,ok,,strong_buy,1.46667,29.0,130.66553,132.0,164.0,77.0,0.3501174590069529,True,False,False,False,True,2023-02-13,Citigroup,,,main,False,False,unknown,False,False,False,False,False
2088,MSFT,2023-03-07,buy,False,True,True,False,ok,,strong_buy,1.30909,54.0,561.5561,562.5,870.0,400.0,1.2618723765788626,True,False,False,False,True,2023-02-24,Wedbush,,,main,False,False,unknown,False,False,False,False,False
2089,AMZN,2023-03-07,buy,True,True,True,False,ok,,strong_buy,1.34848,62.0,311.55145,317.0,370.0,207.0,2.3303200410119698,True,False,False,False,True,2023-02-14,Loop Capital,,,main,False,False,unknown,False,False,False,False,False
2090,GOOGL,2023-03-07,buy,False,True,True,False,ok,,strong_buy,1.39683,52.0,427.88712,430.0,515.0,334.22,3.5964586032553836,True,False,False,False,True,2023-02-10,Jefferies,,,reit,False,False,unknown,False,False,False,False,False
2091,AMD,2025-08-06,buy,True,True,True,False,ok,,buy,1.5098,48.0,457.83334,474.0,625.0,225.0,1.8067272787194892,True,False,False,False,True,2025-08-06,Mizuho,,,main,False,False,unknown,False,False,False,False,False
2092,NVDA,2025-08-06,buy,True,True,True,False,ok,,strong_buy,1.29508,57.0,272.93738,275.0,380.0,140.0,0.5214733393084601,True,False,False,False,True,2025-08-04,B of A Securities,,,reit,False,False,unknown,False,False,False,False,False
2093,AAPL,2024-08-06,sell,True,True,True,False,ok,,buy,1.95833,43.0,308.06512,310.0,400.0,215.0,0.49946296897646536,False,False,False,True,True,2024-08-06,Morgan Stanley,,,main,False,False,unknown,False,False,False,False,False
2094,AAPL,2024-08-06,buy,True,True,True,False,ok,,buy,1.95833,43.0,308.06512,310.0,400.0,215.0,0.49946296897646536,True,False,False,False,True,2024-08-06,Morgan Stanley,,,main,False,False,unknown,False,False,False,False,False
2095,AAPL,2024-08-06,sell,True,True,True,False,ok,,buy,1.95833,43.0,308.06512,310.0,400.0,215.0,0.49946296897646536,False,False,False,True,True,2024-08-06,Morgan Stanley,,,main,False,False,unknown,False,False,False,False,False
2096,MSFT,2024-02-05,sell,False,True,True,False,ok,,strong_buy,1.30909,54.0,561.5561,562.5,870.0,400.0,0.4081836027475738,False,False,False,True,True,2024-01-31,Barclays,,,main,False,False,unknown,False,False,False,False,False
2097,AMD,2025-10-20,sell,True,True,True,False,ok,,buy,1.5098,48.0,457.83334,474.0,625.0,225.0,0.9031981403661451,False,False,False,True,True,2025-10-17,B of A Securities,,,main,False,False,unknown,False,False,False,False,False
2098,AMZN,2025-10-20,sell,True,True,True,False,ok,,strong_buy,1.34848,62.0,311.55145,317.0,370.0,207.0,0.4391696976570414,False,False,False,True,True,2025-10-03,Goldman Sachs,,,main,False,False,unknown,False,False,False,False,False
2099,NVDA,2025-10-20,sell,True,True,True,False,ok,,strong_buy,1.29508,57.0,272.93738,275.0,380.0,140.0,0.49456497488465456,False,False,False,True,True,2025-10-15,HSBC,,,up,False,False,unknown,False,False,False,False,False
2100,AAPL,2024-05-28,buy,True,True,True,False,ok,,buy,1.95833,43.0,308.06512,310.0,400.0,215.0,0.6355264618496619,True,False,False,False,True,2024-05-24,Wedbush,,,main,False,False,unknown,False,False,False,False,False
2101,MSFT,2023-05-26,buy,False,True,True,False,ok,,strong_buy,1.30909,54.0,561.5561,562.5,870.0,400.0,0.7230944418828431,True,False,False,False,True,2023-05-25,Oppenheimer,,,reit,False,False,unknown,False,False,False,False,False
2102,AMZN,2023-05-26,buy,True,True,True,False,ok,,strong_buy,1.34848,62.0,311.55145,317.0,370.0,207.0,1.593884342825898,True,False,False,False,True,2023-05-24,Mizuho,,,main,False,False,unknown,False,False,False,False,False
2103,AMZN,2023-05-26,buy,True,True,True,False,ok,,strong_buy,1.34848,62.0,311.55145,317.0,370.0,207.0,1.593884342825898,True,False,False,False,True,2023-05-24,Mizuho,,,main,False,False,unknown,False,False,False,False,False
2104,GOOGL,2023-05-26,sell,False,True,True,False,ok,,strong_buy,1.39683,52.0,427.88712,430.0,515.0,334.22,2.4621907227002557,False,False,False,True,True,2023-05-24,JMP Securities,,,main,False,False,unknown,False,False,False,False,False
2105,AMD,2025-11-25,buy,True,True,True,False,ok,,buy,1.5098,48.0,457.83334,474.0,625.0,225.0,1.2210902302179831,True,False,False,False,True,2025-11-12,Evercore ISI Group,,,main,False,False,unknown,False,False,False,False,False
2106,AMD,2025-11-25,buy,True,True,True,False,ok,,buy,1.5098,48.0,457.83334,474.0,625.0,225.0,1.2210902302179831,True,False,False,False,True,2025-11-12,Evercore ISI Group,,,main,False,False,unknown,False,False,False,False,False
2107,AMD,2025-11-25,buy,True,True,True,False,ok,,buy,1.5098,48.0,457.83334,474.0,625.0,225.0,1.2210902302179831,True,False,False,False,True,2025-11-12,Evercore ISI Group,,,main,False,False,unknown,False,False,False,False,False
2108,AMD,2025-11-25,buy,True,True,True,False,ok,,buy,1.5098,48.0,457.83334,474.0,625.0,225.0,1.2210902302179831,True,False,False,False,True,2025-11-12,Evercore ISI Group,,,main,False,False,unknown,False,False,False,False,False
2109,AMD,2025-11-25,buy,True,True,True,False,ok,,buy,1.5098,48.0,457.83334,474.0,625.0,225.0,1.2210902302179831,True,False,False,False,True,2025-11-12,Evercore ISI Group,,,main,False,False,unknown,False,False,False,False,False
2110,GOOGL,2025-11-25,buy,False,True,True,False,ok,,strong_buy,1.39683,52.0,427.88712,430.0,515.0,334.22,0.3247230443770246,True,False,False,False,True,2025-11-25,DA Davidson,,,main,False,False,unknown,False,False,False,False,False
2111,GOOGL,2025-11-25,buy,False,True,True,False,ok,,strong_buy,1.39683,52.0,427.88712,430.0,515.0,334.22,0.3247230443770246,True,False,False,False,True,2025-11-25,DA Davidson,,,main,False,False,unknown,False,False,False,False,False
2112,META,2025-11-25,buy,False,True,False,True,ok,,strong_buy,1.34921,58.0,826.69104,825.0,1015.0,614.0,0.3015525122667031,True,False,False,False,True,,,,,,,,,,,,,
2113,META,2025-11-25,buy,False,True,False,True,ok,,strong_buy,1.34921,58.0,826.69104,825.0,1015.0,614.0,0.3015525122667031,True,False,False,False,True,,,,,,,,,,,,,
2114,AMD,2025-12-09,buy,True,True,True,False,ok,,buy,1.5098,48.0,457.83334,474.0,625.0,225.0,1.065848524894644,True,False,False,False,True,2025-11-12,Evercore ISI Group,,,main,False,False,unknown,False,False,False,False,False
2115,AMD,2025-12-09,buy,True,True,True,False,ok,,buy,1.5098,48.0,457.83334,474.0,625.0,225.0,1.065848524894644,True,False,False,False,True,2025-11-12,Evercore ISI Group,,,main,False,False,unknown,False,False,False,False,False
2116,NFLX,2025-12-09,buy,False,True,True,False,ok,,buy,1.68,44.0,114.555,115.0,151.4,80.0,0.18452074329915358,True,False,False,False,True,2025-12-09,Needham,,,reit,False,False,unknown,False,False,False,False,False
2117,NVDA,2025-12-09,buy,True,True,True,False,ok,,strong_buy,1.29508,57.0,272.93738,275.0,380.0,140.0,0.4756563181734861,True,False,False,False,True,2025-12-01,Morgan Stanley,,,main,False,False,unknown,False,False,False,False,False
2118,NVDA,2025-12-09,buy,True,True,True,False,ok,,strong_buy,1.29508,57.0,272.93738,275.0,380.0,140.0,0.4756563181734861,True,False,False,False,True,2025-12-01,Morgan Stanley,,,main,False,False,unknown,False,False,False,False,False
2119,TSLA,2021-12-06,buy,True,True,True,False,ok,,buy,2.3617,41.0,412.25366,450.0,600.0,123.0,0.22571725555753175,True,False,False,False,True,2021-11-19,Wedbush,,,main,False,False,unknown,False,False,False,False,False
2120,TSLA,2021-12-06,sell,True,True,True,False,ok,,buy,2.3617,41.0,412.25366,450.0,600.0,123.0,0.22571725555753175,False,False,False,True,True,2021-11-19,Wedbush,,,main,False,False,unknown,False,False,False,False,False
2121,TSLA,2021-12-06,buy,True,True,True,False,ok,,buy,2.3617,41.0,412.25366,450.0,600.0,123.0,0.22571725555753175,True,False,False,False,True,2021-11-19,Wedbush,,,main,False,False,unknown,False,False,False,False,False
2122,TSLA,2021-12-06,sell,True,True,True,False,ok,,buy,2.3617,41.0,412.25366,450.0,600.0,123.0,0.22571725555753175,False,False,False,True,True,2021-11-19,Wedbush,,,main,False,False,unknown,False,False,False,False,False
2123,TSLA,2021-12-06,buy,True,True,True,False,ok,,buy,2.3617,41.0,412.25366,450.0,600.0,123.0,0.22571725555753175,True,False,False,False,True,2021-11-19,Wedbush,,,main,False,False,unknown,False,False,False,False,False
2124,TSLA,2021-12-06,sell,True,True,True,False,ok,,buy,2.3617,41.0,412.25366,450.0,600.0,123.0,0.22571725555753175,False,False,False,True,True,2021-11-19,Wedbush,,,main,False,False,unknown,False,False,False,False,False
2125,TSLA,2021-12-06,sell,True,True,True,False,ok,,buy,2.3617,41.0,412.25366,450.0,600.0,123.0,0.22571725555753175,False,False,False,True,True,2021-11-19,Wedbush,,,main,False,False,unknown,False,False,False,False,False
2126,AMD,2025-12-11,buy,True,True,True,False,ok,,buy,1.5098,48.0,457.83334,474.0,625.0,225.0,1.0676211676092207,True,False,False,False,True,2025-11-12,Evercore ISI Group,,,main,False,False,unknown,False,False,False,False,False
2127,AMD,2025-12-11,buy,True,True,True,False,ok,,buy,1.5098,48.0,457.83334,474.0,625.0,225.0,1.0676211676092207,True,False,False,False,True,2025-11-12,Evercore ISI Group,,,main,False,False,unknown,False,False,False,False,False
2128,AAPL,2023-11-20,buy,True,True,True,False,ok,,buy,1.95833,43.0,308.06512,310.0,400.0,215.0,0.627329473104036,True,False,False,False,True,2023-11-16,Tigress Financial,,,main,False,False,unknown,False,False,False,False,False
2129,NVDA,2024-03-18,sell,True,True,True,False,ok,,strong_buy,1.29508,57.0,272.93738,275.0,380.0,140.0,2.0873483451134787,False,False,False,True,True,2024-03-18,HSBC,,,main,False,False,unknown,False,False,False,False,False
2130,TSLA,2024-03-18,buy,True,True,True,False,ok,,buy,2.3617,41.0,412.25366,450.0,600.0,123.0,1.3720003035743935,True,False,False,False,True,2024-03-18,Goldman Sachs,,,main,False,False,unknown,False,False,False,False,False
2131,TSLA,2024-03-18,buy,True,True,True,False,ok,,buy,2.3617,41.0,412.25366,450.0,600.0,123.0,1.3720003035743935,True,False,False,False,True,2024-03-18,Goldman Sachs,,,main,False,False,unknown,False,False,False,False,False
2132,AAPL,2023-09-13,buy,True,True,True,False,ok,,buy,1.95833,43.0,308.06512,310.0,400.0,215.0,0.7907277349134576,True,False,False,False,True,2023-09-13,Needham,,,reit,False,False,unknown,False,False,False,False,False
2133,AAPL,2023-09-13,buy,True,True,True,False,ok,,buy,1.95833,43.0,308.06512,310.0,400.0,215.0,0.7907277349134576,True,False,False,False,True,2023-09-13,Needham,,,reit,False,False,unknown,False,False,False,False,False
2134,AAPL,2023-09-13,buy,True,True,True,False,ok,,buy,1.95833,43.0,308.06512,310.0,400.0,215.0,0.7907277349134576,True,False,False,False,True,2023-09-13,Needham,,,reit,False,False,unknown,False,False,False,False,False
2135,AAPL,2023-09-13,buy,True,True,True,False,ok,,buy,1.95833,43.0,308.06512,310.0,400.0,215.0,0.7907277349134576,True,False,False,False,True,2023-09-13,Needham,,,reit,False,False,unknown,False,False,False,False,False
2136,AAPL,2023-09-13,buy,True,True,True,False,ok,,buy,1.95833,43.0,308.06512,310.0,400.0,215.0,0.7907277349134576,True,False,False,False,True,2023-09-13,Needham,,,reit,False,False,unknown,False,False,False,False,False
2137,AAPL,2023-09-13,buy,True,True,True,False,ok,,buy,1.95833,43.0,308.06512,310.0,400.0,215.0,0.7907277349134576,True,False,False,False,True,2023-09-13,Needham,,,reit,False,False,unknown,False,False,False,False,False
2138,AAPL,2023-09-13,buy,True,True,True,False,ok,,buy,1.95833,43.0,308.06512,310.0,400.0,215.0,0.7907277349134576,True,False,False,False,True,2023-09-13,Needham,,,reit,False,False,unknown,False,False,False,False,False
2139,NVDA,2024-02-21,buy,True,True,True,False,ok,,strong_buy,1.29508,57.0,272.93738,275.0,380.0,140.0,3.047666722751429,True,False,False,False,True,2024-02-20,Baird,,,main,False,False,unknown,False,False,False,False,False
2140,MSFT,2023-11-08,buy,False,True,True,False,ok,,strong_buy,1.30909,54.0,561.5561,562.5,870.0,400.0,0.5759608592461043,True,False,False,False,True,2023-10-30,Piper Sandler,,,reit,False,False,unknown,False,False,False,False,False
2141,MSFT,2023-11-08,buy,False,True,True,False,ok,,strong_buy,1.30909,54.0,561.5561,562.5,870.0,400.0,0.5759608592461043,True,False,False,False,True,2023-10-30,Piper Sandler,,,reit,False,False,unknown,False,False,False,False,False
2142,NVDA,2026-05-06,buy,True,True,True,False,ok,,strong_buy,1.29508,57.0,272.93738,275.0,380.0,140.0,0.3132722782818971,True,False,False,False,True,2026-03-31,Benchmark,,,reit,False,False,unknown,False,False,False,False,False
2143,NVDA,2026-05-06,buy,True,True,True,False,ok,,strong_buy,1.29508,57.0,272.93738,275.0,380.0,140.0,0.3132722782818971,True,False,False,False,True,2026-03-31,Benchmark,,,reit,False,False,unknown,False,False,False,False,False
2144,UBER,2025-09-12,buy,False,True,True,False,ok,,buy,1.51923,50.0,104.9312,107.0,150.0,70.0,0.0942872110532893,True,False,False,False,True,2025-09-05,Wells Fargo,,,main,False,False,unknown,False,False,False,False,False
2145,NVDA,2024-02-26,buy,True,True,True,False,ok,,strong_buy,1.29508,57.0,272.93738,275.0,380.0,140.0,2.4529937527946517,True,False,False,False,True,2024-02-22,Wedbush,,,main,False,False,unknown,False,False,False,False,False
2146,NVDA,2024-02-26,buy,True,True,True,False,ok,,strong_buy,1.29508,57.0,272.93738,275.0,380.0,140.0,2.4529937527946517,True,False,False,False,True,2024-02-22,Wedbush,,,main,False,False,unknown,False,False,False,False,False
2147,AMD,2024-02-26,buy,True,True,True,False,ok,,buy,1.5098,48.0,457.83334,474.0,625.0,225.0,1.6011780824311006,True,False,False,False,True,2024-02-20,Cantor Fitzgerald,,,reit,False,False,unknown,False,False,False,False,False
2148,AMD,2024-02-26,sell,True,True,True,False,ok,,buy,1.5098,48.0,457.83334,474.0,625.0,225.0,1.6011780824311006,False,False,False,True,True,2024-02-20,Cantor Fitzgerald,,,reit,False,False,unknown,False,False,False,False,False
2149,AMD,2024-02-26,buy,True,True,True,False,ok,,buy,1.5098,48.0,457.83334,474.0,625.0,225.0,1.6011780824311006,True,False,False,False,True,2024-02-20,Cantor Fitzgerald,,,reit,False,False,unknown,False,False,False,False,False
2150,AAPL,2023-04-14,buy,True,True,True,False,ok,,buy,1.95833,43.0,308.06512,310.0,400.0,215.0,0.8934448614186714,True,False,False,False,True,2023-04-13,Credit Suisse,,,main,False,False,unknown,False,False,False,False,False
2151,AMZN,2023-04-14,buy,True,True,True,False,ok,,strong_buy,1.34848,62.0,311.55145,317.0,370.0,207.0,2.039229767900739,True,False,False,False,True,2023-04-12,Needham,,,reit,False,False,unknown,False,False,False,False,False
2152,NFLX,2022-10-19,sell,False,True,True,False,ok,,buy,1.68,44.0,114.555,115.0,151.4,80.0,3.205705130409129,False,False,False,True,True,2022-10-19,JP Morgan,,,up,False,False,unknown,False,False,False,False,False
2153,NFLX,2022-10-19,buy,False,True,True,False,ok,,buy,1.68,44.0,114.555,115.0,151.4,80.0,3.205705130409129,True,False,False,False,True,2022-10-19,JP Morgan,,,up,False,False,unknown,False,False,False,False,False
2154,NVDA,2024-03-05,buy,True,True,True,False,ok,,strong_buy,1.29508,57.0,272.93738,275.0,380.0,140.0,2.1768114206209366,True,False,False,False,True,2024-03-04,Cantor Fitzgerald,,,reit,False,False,unknown,False,False,False,False,False
2155,NVDA,2024-03-22,buy,True,True,True,False,ok,,strong_buy,1.29508,57.0,272.93738,275.0,380.0,140.0,1.896323403508965,True,False,False,False,True,2024-03-22,UBS,,,main,False,False,unknown,False,False,False,False,False
2156,AAPL,2023-08-08,buy,True,True,True,False,ok,,buy,1.95833,43.0,308.06512,310.0,400.0,215.0,0.7373966912439984,True,False,False,False,True,2023-08-04,Needham,,,reit,False,False,unknown,False,False,False,False,False
2157,AMD,2022-11-02,buy,True,True,True,False,ok,,buy,1.5098,48.0,457.83334,474.0,625.0,225.0,6.808857780304282,True,False,False,False,True,2022-11-02,Keybanc,,,main,False,False,unknown,False,False,False,False,False
2158,AMD,2022-11-02,buy,True,True,True,False,ok,,buy,1.5098,48.0,457.83334,474.0,625.0,225.0,6.808857780304282,True,False,False,False,True,2022-11-02,Keybanc,,,main,False,False,unknown,False,False,False,False,False
2159,GOOGL,2025-11-26,buy,False,True,True,False,ok,,strong_buy,1.39683,52.0,427.88712,430.0,515.0,334.22,0.339172913526673,True,False,False,False,True,2025-11-25,DA Davidson,,,main,False,False,unknown,False,False,False,False,False
2160,DIS,2023-11-30,buy,False,True,True,False,ok,,strong_buy,1.46667,29.0,130.66553,132.0,164.0,77.0,0.44290242245720823,True,False,False,False,True,2023-11-10,Raymond James,,,main,False,False,unknown,False,False,False,False,False
2161,DIS,2023-11-30,buy,False,True,True,False,ok,,strong_buy,1.46667,29.0,130.66553,132.0,164.0,77.0,0.44290242245720823,True,False,False,False,True,2023-11-10,Raymond James,,,main,False,False,unknown,False,False,False,False,False
2162,TSLA,2023-11-30,sell,True,True,True,False,ok,,buy,2.3617,41.0,412.25366,450.0,600.0,123.0,0.717151186503675,False,False,False,True,True,2023-11-30,Truist Securities,,,main,False,False,unknown,False,False,False,False,False
2163,NVDA,2023-08-25,buy,True,True,True,False,ok,,strong_buy,1.29508,57.0,272.93738,275.0,380.0,140.0,4.935737293632055,True,False,False,False,True,2023-08-24,Keybanc,,,main,False,False,unknown,False,False,False,False,False
2164,NVDA,2023-08-25,sell,True,True,True,False,ok,,strong_buy,1.29508,57.0,272.93738,275.0,380.0,140.0,4.935737293632055,False,False,False,True,True,2023-08-24,Keybanc,,,main,False,False,unknown,False,False,False,False,False
2165,DIS,2023-08-25,sell,False,True,True,False,ok,,strong_buy,1.46667,29.0,130.66553,132.0,164.0,77.0,0.6043981385428472,False,False,False,True,True,2023-08-21,Credit Suisse,,,main,False,False,unknown,False,False,False,False,False
2166,TSLA,2022-11-14,buy,True,True,True,False,ok,,buy,2.3617,41.0,412.25366,450.0,600.0,123.0,1.158961333273774,True,False,False,False,True,2022-11-14,B of A Securities,,,main,False,False,unknown,False,False,False,False,False
2167,TSLA,2022-11-14,buy,True,True,True,False,ok,,buy,2.3617,41.0,412.25366,450.0,600.0,123.0,1.158961333273774,True,False,False,False,True,2022-11-14,B of A Securities,,,main,False,False,unknown,False,False,False,False,False
2168,TSLA,2022-11-14,buy,True,True,True,False,ok,,buy,2.3617,41.0,412.25366,450.0,600.0,123.0,1.158961333273774,True,False,False,False,True,2022-11-14,B of A Securities,,,main,False,False,unknown,False,False,False,False,False
2169,NVDA,2024-08-28,sell,True,True,True,False,ok,,strong_buy,1.29508,57.0,272.93738,275.0,380.0,140.0,1.1739429261364536,False,False,False,True,True,2024-08-27,Truist Securities,,,main,False,False,unknown,False,False,False,False,False
2170,TSLA,2023-04-20,sell,True,True,True,False,ok,,buy,2.3617,41.0,412.25366,450.0,600.0,123.0,1.5293186459662418,False,False,False,True,True,2023-04-20,Citigroup,,,main,False,False,unknown,False,False,False,False,False
2171,TSLA,2023-04-20,sell,True,True,True,False,ok,,buy,2.3617,41.0,412.25366,450.0,600.0,123.0,1.5293186459662418,False,False,False,True,True,2023-04-20,Citigroup,,,main,False,False,unknown,False,False,False,False,False
2172,META,2026-05-01,sell,False,True,False,True,ok,,strong_buy,1.34921,58.0,826.69104,825.0,1015.0,614.0,0.3580140287474334,False,False,False,True,True,,,,,,,,,,,,,
2173,GOOGL,2023-05-12,buy,False,True,True,False,ok,,strong_buy,1.39683,52.0,427.88712,430.0,515.0,334.22,2.6713779257232937,True,False,False,False,True,2023-05-11,JMP Securities,,,reit,False,False,unknown,False,False,False,False,False
2174,TSLA,2022-12-15,sell,True,True,True,False,ok,,buy,2.3617,41.0,412.25366,450.0,600.0,123.0,1.6146614117307543,False,False,False,True,True,2022-12-15,RBC Capital,,,main,False,False,unknown,False,False,False,False,False
2175,TSLA,2022-12-15,buy,True,True,True,False,ok,,buy,2.3617,41.0,412.25366,450.0,600.0,123.0,1.6146614117307543,True,False,False,False,True,2022-12-15,RBC Capital,,,main,False,False,unknown,False,False,False,False,False
2176,TSLA,2022-12-15,buy,True,True,True,False,ok,,buy,2.3617,41.0,412.25366,450.0,600.0,123.0,1.6146614117307543,True,False,False,False,True,2022-12-15,RBC Capital,,,main,False,False,unknown,False,False,False,False,False
2177,TSLA,2024-12-19,buy,True,True,True,False,ok,,buy,2.3617,41.0,412.25366,450.0,600.0,123.0,-0.054832640235358276,True,False,False,False,True,2024-12-18,Baird,,,main,False,False,unknown,False,False,False,False,False
2178,AAPL,2023-09-07,sell,True,True,True,False,ok,,buy,1.95833,43.0,308.06512,310.0,400.0,215.0,0.7569422715369138,False,False,False,True,True,2023-09-07,Needham,,,reit,False,False,unknown,False,False,False,False,False
2179,AAPL,2023-09-07,sell,True,True,True,False,ok,,buy,1.95833,43.0,308.06512,310.0,400.0,215.0,0.7569422715369138,False,False,False,True,True,2023-09-07,Needham,,,reit,False,False,unknown,False,False,False,False,False
2180,UBER,2025-07-08,buy,False,True,True,False,ok,,buy,1.51923,50.0,104.9312,107.0,150.0,70.0,0.07643820667283974,True,False,False,False,True,2025-07-08,B of A Securities,,,main,False,False,unknown,False,False,False,False,False
2181,GOOGL,2024-08-06,sell,False,True,True,False,ok,,strong_buy,1.39683,52.0,427.88712,430.0,515.0,334.22,1.7224023669145034,False,False,False,True,True,2024-08-06,Needham,,,reit,False,False,unknown,False,False,False,False,False
2182,NVDA,2023-08-28,buy,True,True,True,False,ok,,strong_buy,1.29508,57.0,272.93738,275.0,380.0,140.0,4.832192679276462,True,False,False,False,True,2023-08-24,Keybanc,,,main,False,False,unknown,False,False,False,False,False
2183,GOOGL,2023-02-28,buy,False,True,True,False,ok,,strong_buy,1.39683,52.0,427.88712,430.0,515.0,334.22,3.7904016894897676,True,False,False,False,True,2023-02-10,Jefferies,,,reit,False,False,unknown,False,False,False,False,False
2184,NVDA,2025-07-21,buy,True,True,True,False,ok,,strong_buy,1.29508,57.0,272.93738,275.0,380.0,140.0,0.5928505385525198,True,False,False,False,True,2025-07-16,Needham,,,main,False,False,unknown,False,False,False,False,False
2185,NVDA,2024-08-22,buy,True,True,True,False,ok,,strong_buy,1.29508,57.0,272.93738,275.0,380.0,140.0,1.2067963387256078,True,False,False,False,True,2024-08-22,Rosenblatt,,,main,False,False,unknown,False,False,False,False,False
2186,NVDA,2024-08-22,buy,True,True,True,False,ok,,strong_buy,1.29508,57.0,272.93738,275.0,380.0,140.0,1.2067963387256078,True,False,False,False,True,2024-08-22,Rosenblatt,,,main,False,False,unknown,False,False,False,False,False
2187,NVDA,2024-08-22,buy,True,True,True,False,ok,,strong_buy,1.29508,57.0,272.93738,275.0,380.0,140.0,1.2067963387256078,True,False,False,False,True,2024-08-22,Rosenblatt,,,main,False,False,unknown,False,False,False,False,False
2188,AMZN,2024-08-22,buy,True,True,True,False,ok,,strong_buy,1.34848,62.0,311.55145,317.0,370.0,207.0,0.7688720908586228,True,False,False,False,True,2024-08-06,Morgan Stanley,,,main,False,False,unknown,False,False,False,False,False
2189,AMZN,2022-09-12,buy,True,True,True,False,ok,,strong_buy,1.34848,62.0,311.55145,317.0,370.0,207.0,1.2832646168411186,True,False,False,False,True,2022-09-12,DA Davidson,,,main,False,False,unknown,False,False,False,False,False
2190,GOOGL,2022-09-12,buy,False,True,True,False,ok,,strong_buy,1.39683,52.0,427.88712,430.0,515.0,334.22,2.89160766363044,True,False,False,False,True,2022-09-07,Rosenblatt,,,main,False,False,unknown,False,False,False,False,False
2191,NVDA,2024-08-26,sell,True,True,True,False,ok,,strong_buy,1.29508,57.0,272.93738,275.0,380.0,140.0,1.1593309810412946,False,False,False,True,True,2024-08-26,Loop Capital,,,reit,False,False,unknown,False,False,False,False,False
2192,NVDA,2024-06-07,sell,True,True,True,False,ok,,strong_buy,1.29508,57.0,272.93738,275.0,380.0,140.0,1.2590446705652707,False,False,False,True,True,2024-06-04,Mizuho,,,main,False,False,unknown,False,False,False,False,False
2193,NVDA,2024-06-07,buy,True,True,True,False,ok,,strong_buy,1.29508,57.0,272.93738,275.0,380.0,140.0,1.2590446705652707,True,False,False,False,True,2024-06-04,Mizuho,,,main,False,False,unknown,False,False,False,False,False
2194,NVDA,2024-06-07,buy,True,True,True,False,ok,,strong_buy,1.29508,57.0,272.93738,275.0,380.0,140.0,1.2590446705652707,True,False,False,False,True,2024-06-04,Mizuho,,,main,False,False,unknown,False,False,False,False,False
2195,TSLA,2020-02-21,buy,True,True,True,False,ok,,buy,2.3617,41.0,412.25366,450.0,600.0,123.0,5.8632685956994095,True,False,False,False,True,2020-02-18,Bernstein,,,main,False,False,unknown,False,False,False,False,False
2196,TSLA,2020-02-21,buy,True,True,True,False,ok,,buy,2.3617,41.0,412.25366,450.0,600.0,123.0,5.8632685956994095,True,False,False,False,True,2020-02-18,Bernstein,,,main,False,False,unknown,False,False,False,False,False
2197,MSFT,2023-05-22,buy,False,True,True,False,ok,,strong_buy,1.30909,54.0,561.5561,562.5,870.0,400.0,0.7859172971170372,True,False,False,False,True,2023-05-19,RBC Capital,,,reit,False,False,unknown,False,False,False,False,False
2198,DIS,2022-12-01,buy,False,True,True,False,ok,,strong_buy,1.46667,29.0,130.66553,132.0,164.0,77.0,0.3565537114163677,True,False,False,False,True,2022-11-21,MoffettNathanson,,,up,False,False,unknown,False,False,False,False,False
2199,AMZN,2022-12-01,buy,True,True,True,False,ok,,strong_buy,1.34848,62.0,311.55145,317.0,370.0,207.0,2.2623188481675394,True,False,False,False,True,2022-12-01,Cowen & Co.,,,main,False,False,unknown,False,False,False,False,False
2200,MSFT,2022-12-01,buy,False,True,True,False,ok,,strong_buy,1.30909,54.0,561.5561,562.5,870.0,400.0,1.2627300100107681,True,False,False,False,True,2022-11-02,Macquarie,,,init,False,False,unknown,False,False,False,False,False
2201,AAPL,2022-11-18,buy,True,True,True,False,ok,,buy,1.95833,43.0,308.06512,310.0,400.0,215.0,1.0708155041765854,True,False,False,False,True,2022-11-08,Morgan Stanley,,,main,False,False,unknown,False,False,False,False,False
2202,AAPL,2022-11-18,buy,True,True,True,False,ok,,buy,1.95833,43.0,308.06512,310.0,400.0,215.0,1.0708155041765854,True,False,False,False,True,2022-11-08,Morgan Stanley,,,main,False,False,unknown,False,False,False,False,False
2203,NFLX,2022-11-18,buy,False,True,True,False,ok,,buy,1.68,44.0,114.555,115.0,151.4,80.0,2.977880361992221,True,False,False,False,True,2022-10-25,Daiwa Capital,,,up,False,False,unknown,False,False,False,False,False
2204,TSLA,2024-05-07,buy,True,True,True,False,ok,,buy,2.3617,41.0,412.25366,450.0,600.0,123.0,1.3185066400113414,True,False,False,False,True,2024-05-02,Cantor Fitzgerald,,,init,False,False,unknown,False,False,False,False,False
2206,TSLA,2023-12-28,buy,True,True,True,False,ok,,buy,2.3617,41.0,412.25366,450.0,600.0,123.0,0.6283026776445415,True,False,False,False,True,2023-12-27,Morgan Stanley,,,reit,False,False,unknown,False,False,False,False,False
2207,NVDA,2023-12-28,buy,True,True,True,False,ok,,strong_buy,1.29508,57.0,272.93738,275.0,380.0,140.0,4.514806156601021,True,False,False,False,True,2023-11-22,Needham,,,reit,False,False,unknown,False,False,False,False,False
2208,MSFT,2023-12-28,buy,False,True,True,False,ok,,strong_buy,1.30909,54.0,561.5561,562.5,870.0,400.0,0.5221426853634477,True,False,False,False,True,2023-12-28,Wedbush,,,main,False,False,unknown,False,False,False,False,False
2209,GOOGL,2023-12-28,buy,False,True,True,False,ok,,strong_buy,1.39683,52.0,427.88712,430.0,515.0,334.22,2.0765427466510435,True,False,False,False,True,2023-12-07,Roth MKM,,,main,False,False,unknown,False,False,False,False,False
2210,TSLA,2024-04-04,buy,True,True,True,False,ok,,buy,2.3617,41.0,412.25366,450.0,600.0,123.0,1.4092902725117522,True,False,False,False,True,2024-04-04,Morgan Stanley,,,main,False,False,unknown,False,False,False,False,False
2211,AAPL,2026-05-04,buy,True,True,True,False,ok,,buy,1.95833,43.0,308.06512,310.0,400.0,215.0,0.11385677100989033,True,False,False,False,True,2026-05-01,Needham,,,reit,False,False,unknown,False,False,False,False,False
2212,NVDA,2023-11-27,buy,True,True,True,False,ok,,strong_buy,1.29508,57.0,272.93738,275.0,380.0,140.0,4.661627480113573,True,False,False,False,True,2023-11-22,Needham,,,reit,False,False,unknown,False,False,False,False,False
2213,NVDA,2023-11-27,buy,True,True,True,False,ok,,strong_buy,1.29508,57.0,272.93738,275.0,380.0,140.0,4.661627480113573,True,False,False,False,True,2023-11-22,Needham,,,reit,False,False,unknown,False,False,False,False,False
2214,NVDA,2023-11-27,sell,True,True,True,False,ok,,strong_buy,1.29508,57.0,272.93738,275.0,380.0,140.0,4.661627480113573,False,False,False,True,True,2023-11-22,Needham,,,reit,False,False,unknown,False,False,False,False,False
2215,NVDA,2023-11-27,buy,True,True,True,False,ok,,strong_buy,1.29508,57.0,272.93738,275.0,380.0,140.0,4.661627480113573,True,False,False,False,True,2023-11-22,Needham,,,reit,False,False,unknown,False,False,False,False,False
2216,AMD,2023-11-27,buy,True,True,True,False,ok,,buy,1.5098,48.0,457.83334,474.0,625.0,225.0,2.7328441443467746,True,False,False,False,True,2023-11-14,Roth MKM,,,init,False,False,unknown,False,False,False,False,False
2217,AMZN,2025-06-02,buy,True,True,True,False,ok,,strong_buy,1.34848,62.0,311.55145,317.0,370.0,207.0,0.5076286436091699,True,False,False,False,True,2025-06-02,B of A Securities,,,main,False,False,unknown,False,False,False,False,False
2218,TSLA,2020-07-06,sell,True,True,True,False,ok,,buy,2.3617,41.0,412.25366,450.0,600.0,123.0,3.5085265586748964,False,False,False,True,True,2020-07-06,JP Morgan,,,main,False,False,unknown,False,False,False,False,False
2219,NFLX,2025-10-28,sell,False,True,True,False,ok,,buy,1.68,44.0,114.555,115.0,151.4,80.0,0.03904761904761922,False,False,False,True,True,2025-10-22,Needham,,,reit,False,False,unknown,False,False,False,False,False
2220,TSLA,2020-07-13,buy,True,True,True,False,ok,,buy,2.3617,41.0,412.25366,450.0,600.0,123.0,3.130632604609101,True,False,False,False,True,2020-07-13,Roth Capital,,,up,False,False,unknown,False,False,False,False,False
2221,NVDA,2025-11-11,buy,True,True,True,False,ok,,strong_buy,1.29508,57.0,272.93738,275.0,380.0,140.0,0.4131670516555188,True,False,False,False,True,2025-11-10,Citigroup,,,main,False,False,unknown,False,False,False,False,False
2222,NVDA,2025-11-11,buy,True,True,True,False,ok,,strong_buy,1.29508,57.0,272.93738,275.0,380.0,140.0,0.4131670516555188,True,False,False,False,True,2025-11-10,Citigroup,,,main,False,False,unknown,False,False,False,False,False
2223,NVDA,2025-11-11,buy,True,True,True,False,ok,,strong_buy,1.29508,57.0,272.93738,275.0,380.0,140.0,0.4131670516555188,True,False,False,False,True,2025-11-10,Citigroup,,,main,False,False,unknown,False,False,False,False,False
2224,NVDA,2025-11-11,sell,True,True,True,False,ok,,strong_buy,1.29508,57.0,272.93738,275.0,380.0,140.0,0.4131670516555188,False,False,False,True,True,2025-11-10,Citigroup,,,main,False,False,unknown,False,False,False,False,False
2225,TSLA,2025-02-18,sell,True,True,True,False,ok,,buy,2.3617,41.0,412.25366,450.0,600.0,123.0,0.16419665373376047,False,False,False,True,True,2025-02-12,GLJ Research,,,reit,False,False,unknown,False,False,False,False,False
2226,NVDA,2025-02-18,buy,True,True,True,False,ok,,strong_buy,1.29508,57.0,272.93738,275.0,380.0,140.0,0.9585854361206063,True,False,False,False,True,2025-01-28,Tigress Financial,,,up,False,False,unknown,False,False,False,False,False
2227,TSLA,2021-07-19,sell,True,True,True,False,ok,,buy,2.3617,41.0,412.25366,450.0,600.0,123.0,0.9138389509248177,False,False,False,True,True,2021-07-16,B of A Securities,,,main,False,False,unknown,False,False,False,False,False
2228,TSLA,2021-07-19,buy,True,True,True,False,ok,,buy,2.3617,41.0,412.25366,450.0,600.0,123.0,0.9138389509248177,True,False,False,False,True,2021-07-16,B of A Securities,,,main,False,False,unknown,False,False,False,False,False
2229,TSLA,2025-03-26,buy,True,True,True,False,ok,,buy,2.3617,41.0,412.25366,450.0,600.0,123.0,0.5153042112014747,True,False,False,False,True,2025-03-21,Morgan Stanley,,,main,False,False,unknown,False,False,False,False,False
2230,UBER,2025-08-14,buy,False,True,True,False,ok,,buy,1.51923,50.0,104.9312,107.0,150.0,70.0,0.14804374451011237,True,False,False,False,True,2025-08-08,Evercore ISI Group,,,main,False,False,unknown,False,False,False,False,False
2231,UBER,2025-08-14,buy,False,True,True,False,ok,,buy,1.51923,50.0,104.9312,107.0,150.0,70.0,0.14804374451011237,True,False,False,False,True,2025-08-08,Evercore ISI Group,,,main,False,False,unknown,False,False,False,False,False
2232,AAPL,2022-11-02,buy,True,True,True,False,ok,,buy,1.95833,43.0,308.06512,310.0,400.0,215.0,1.1637824106762866,True,False,False,False,True,2022-10-28,Keybanc,,,main,False,False,unknown,False,False,False,False,False
2233,AAPL,2022-11-02,buy,True,True,True,False,ok,,buy,1.95833,43.0,308.06512,310.0,400.0,215.0,1.1637824106762866,True,False,False,False,True,2022-10-28,Keybanc,,,main,False,False,unknown,False,False,False,False,False
2234,AAPL,2022-11-02,buy,True,True,True,False,ok,,buy,1.95833,43.0,308.06512,310.0,400.0,215.0,1.1637824106762866,True,False,False,False,True,2022-10-28,Keybanc,,,main,False,False,unknown,False,False,False,False,False
2235,AAPL,2022-11-02,buy,True,True,True,False,ok,,buy,1.95833,43.0,308.06512,310.0,400.0,215.0,1.1637824106762866,True,False,False,False,True,2022-10-28,Keybanc,,,main,False,False,unknown,False,False,False,False,False
2236,AAPL,2022-11-02,sell,True,True,True,False,ok,,buy,1.95833,43.0,308.06512,310.0,400.0,215.0,1.1637824106762866,False,False,False,True,True,2022-10-28,Keybanc,,,main,False,False,unknown,False,False,False,False,False
2238,NVDA,2025-10-16,buy,True,True,True,False,ok,,strong_buy,1.29508,57.0,272.93738,275.0,380.0,140.0,0.5013879825734746,True,False,False,False,True,2025-10-15,HSBC,,,up,False,False,unknown,False,False,False,False,False
2239,AMD,2025-10-16,buy,True,True,True,False,ok,,buy,1.5098,48.0,457.83334,474.0,625.0,225.0,0.9518815858003749,True,False,False,False,True,2025-10-15,Wedbush,,,main,False,False,unknown,False,False,False,False,False
2240,MSFT,2022-09-30,buy,False,True,True,False,ok,,strong_buy,1.30909,54.0,561.5561,562.5,870.0,400.0,1.4814034061753683,True,False,False,False,True,2022-09-22,MoffettNathanson,,,init,False,False,unknown,False,False,False,False,False
2241,DIS,2022-09-30,sell,False,True,True,False,ok,,strong_buy,1.46667,29.0,130.66553,132.0,164.0,77.0,0.4178164963990809,False,False,False,True,True,2022-09-30,B of A Securities,,,main,False,False,unknown,False,False,False,False,False
2242,DIS,2022-09-30,buy,False,True,True,False,ok,,strong_buy,1.46667,29.0,130.66553,132.0,164.0,77.0,0.4178164963990809,True,False,False,False,True,2022-09-30,B of A Securities,,,main,False,False,unknown,False,False,False,False,False
2243,TSLA,2021-12-21,buy,True,True,True,False,ok,,buy,2.3617,41.0,412.25366,450.0,600.0,123.0,0.3177639732598465,True,False,False,False,True,2021-12-20,Guggenheim,,,init,False,False,unknown,False,False,False,False,False
2244,TSLA,2020-06-12,sell,True,True,True,False,ok,,buy,2.3617,41.0,412.25366,450.0,600.0,123.0,5.611714975154484,False,False,False,True,True,2020-06-12,Morgan Stanley,,,down,False,False,unknown,False,False,False,False,False
2245,NVDA,2026-05-06,buy,True,True,True,False,ok,,strong_buy,1.29508,57.0,272.93738,275.0,380.0,140.0,0.3132722782818971,True,False,False,False,True,2026-03-31,Benchmark,,,reit,False,False,unknown,False,False,False,False,False
2246,AMD,2026-05-07,buy,True,True,True,False,ok,,buy,1.5098,48.0,457.83334,474.0,625.0,225.0,0.12087682901093122,True,False,False,False,True,2026-05-07,Citigroup,,,main,False,False,unknown,False,False,False,False,False
2247,AMD,2026-05-07,buy,True,True,True,False,ok,,buy,1.5098,48.0,457.83334,474.0,625.0,225.0,0.12087682901093122,True,False,False,False,True,2026-05-07,Citigroup,,,main,False,False,unknown,False,False,False,False,False
2248,TSLA,2026-04-06,sell,True,True,True,False,ok,,buy,2.3617,41.0,412.25366,450.0,600.0,123.0,0.168453181344576,False,False,False,True,True,2026-04-06,Baird,,,main,False,False,unknown,False,False,False,False,False
2249,NVDA,2026-04-06,buy,True,True,True,False,ok,,strong_buy,1.29508,57.0,272.93738,275.0,380.0,140.0,0.5364635270084606,True,False,False,False,True,2026-03-31,Benchmark,,,reit,False,False,unknown,False,False,False,False,False
2250,TSLA,2022-09-20,buy,True,True,True,False,ok,,buy,2.3617,41.0,412.25366,450.0,600.0,123.0,0.33532097732557764,True,False,False,False,True,2022-09-16,Deutsche Bank,,,main,False,False,unknown,False,False,False,False,False
2251,TSLA,2022-09-20,sell,True,True,True,False,ok,,buy,2.3617,41.0,412.25366,450.0,600.0,123.0,0.33532097732557764,False,False,False,True,True,2022-09-16,Deutsche Bank,,,main,False,False,unknown,False,False,False,False,False
2252,GOOGL,2022-09-20,buy,False,True,True,False,ok,,strong_buy,1.39683,52.0,427.88712,430.0,515.0,334.22,3.265607890553322,True,False,False,False,True,2022-09-14,Goldman Sachs,,,main,False,False,unknown,False,False,False,False,False
2253,GOOGL,2022-09-20,buy,False,True,True,False,ok,,strong_buy,1.39683,52.0,427.88712,430.0,515.0,334.22,3.265607890553322,True,False,False,False,True,2022-09-14,Goldman Sachs,,,main,False,False,unknown,False,False,False,False,False
2254,AMD,2022-09-20,buy,True,True,True,False,ok,,buy,1.5098,48.0,457.83334,474.0,625.0,225.0,5.084163986710964,True,False,False,False,True,2022-09-15,Mizuho,,,main,False,False,unknown,False,False,False,False,False
2255,AMD,2022-09-20,sell,True,True,True,False,ok,,buy,1.5098,48.0,457.83334,474.0,625.0,225.0,5.084163986710964,False,False,False,True,True,2022-09-15,Mizuho,,,main,False,False,unknown,False,False,False,False,False
2256,AMD,2022-09-20,buy,True,True,True,False,ok,,buy,1.5098,48.0,457.83334,474.0,625.0,225.0,5.084163986710964,True,False,False,False,True,2022-09-15,Mizuho,,,main,False,False,unknown,False,False,False,False,False
2257,GOOGL,2023-04-28,buy,False,True,True,False,ok,,strong_buy,1.39683,52.0,427.88712,430.0,515.0,334.22,3.019225008267558,True,False,False,False,True,2023-04-26,Keybanc,,,main,False,False,unknown,False,False,False,False,False
2258,UBER,2025-09-25,buy,False,True,True,False,ok,,buy,1.51923,50.0,104.9312,107.0,150.0,70.0,0.07511477090671059,True,False,False,False,True,2025-09-05,Wells Fargo,,,main,False,False,unknown,False,False,False,False,False
2259,GOOGL,2025-09-25,buy,False,True,True,False,ok,,strong_buy,1.39683,52.0,427.88712,430.0,515.0,334.22,0.7432297441508857,True,False,False,False,True,2025-09-25,MoffettNathanson,,,main,False,False,unknown,False,False,False,False,False
2260,NVDA,2025-11-10,sell,True,True,True,False,ok,,strong_buy,1.29508,57.0,272.93738,275.0,380.0,140.0,0.3713506185858424,False,False,False,True,True,2025-11-10,Citigroup,,,main,False,False,unknown,False,False,False,False,False
2261,TSLA,2024-06-13,sell,True,True,True,False,ok,,buy,2.3617,41.0,412.25366,450.0,600.0,123.0,1.259295540319345,False,False,False,True,True,2024-06-12,Morgan Stanley,,,main,False,False,unknown,False,False,False,False,False
2262,TSLA,2024-06-13,buy,True,True,True,False,ok,,buy,2.3617,41.0,412.25366,450.0,600.0,123.0,1.259295540319345,True,False,False,False,True,2024-06-12,Morgan Stanley,,,main,False,False,unknown,False,False,False,False,False
2263,TSLA,2024-06-13,sell,True,True,True,False,ok,,buy,2.3617,41.0,412.25366,450.0,600.0,123.0,1.259295540319345,False,False,False,True,True,2024-06-12,Morgan Stanley,,,main,False,False,unknown,False,False,False,False,False
2264,MSFT,2023-07-26,buy,False,True,True,False,ok,,strong_buy,1.30909,54.0,561.5561,562.5,870.0,400.0,0.6981998453435994,True,False,False,False,True,2023-07-26,Piper Sandler,,,reit,False,False,unknown,False,False,False,False,False
2265,TSLA,2025-12-24,sell,True,True,True,False,ok,,buy,2.3617,41.0,412.25366,450.0,600.0,123.0,-0.15069290238203714,False,False,False,True,True,2025-12-23,Canaccord Genuity,,,main,False,False,unknown,False,False,False,False,False
2266,MSFT,2023-10-25,buy,False,True,True,False,ok,,strong_buy,1.30909,54.0,561.5561,562.5,870.0,400.0,0.6801865377770708,True,False,False,False,True,2023-10-25,Piper Sandler,,,main,False,False,unknown,False,False,False,False,False
2267,GOOGL,2023-10-25,buy,False,True,True,False,ok,,strong_buy,1.39683,52.0,427.88712,430.0,515.0,334.22,2.434627825695335,True,False,False,False,True,2023-10-25,Keybanc,,,main,False,False,unknown,False,False,False,False,False
2268,NVDA,2024-05-21,buy,True,True,True,False,ok,,strong_buy,1.29508,57.0,272.93738,275.0,380.0,140.0,1.8630135734433733,True,False,False,False,True,2024-05-20,Baird,,,main,False,False,unknown,False,False,False,False,False
2269,NVDA,2024-05-21,buy,True,True,True,False,ok,,strong_buy,1.29508,57.0,272.93738,275.0,380.0,140.0,1.8630135734433733,True,False,False,False,True,2024-05-20,Baird,,,main,False,False,unknown,False,False,False,False,False
2270,MSFT,2023-04-26,buy,False,True,True,False,ok,,strong_buy,1.30909,54.0,561.5561,562.5,870.0,400.0,0.9462191798474804,True,False,False,False,True,2023-04-26,Jefferies,,,main,False,False,unknown,False,False,False,False,False
2271,MSFT,2023-04-26,buy,False,True,True,False,ok,,strong_buy,1.30909,54.0,561.5561,562.5,870.0,400.0,0.9462191798474804,True,False,False,False,True,2023-04-26,Jefferies,,,main,False,False,unknown,False,False,False,False,False
2272,MSFT,2023-04-26,buy,False,True,True,False,ok,,strong_buy,1.30909,54.0,561.5561,562.5,870.0,400.0,0.9462191798474804,True,False,False,False,True,2023-04-26,Jefferies,,,main,False,False,unknown,False,False,False,False,False
2273,MSFT,2023-04-26,buy,False,True,True,False,ok,,strong_buy,1.30909,54.0,561.5561,562.5,870.0,400.0,0.9462191798474804,True,False,False,False,True,2023-04-26,Jefferies,,,main,False,False,unknown,False,False,False,False,False
2274,AAPL,2023-04-26,buy,True,True,True,False,ok,,buy,1.95833,43.0,308.06512,310.0,400.0,215.0,0.9102104055877944,True,False,False,False,True,2023-04-26,Barclays,,,main,False,False,unknown,False,False,False,False,False
2275,GOOGL,2023-04-26,buy,False,True,True,False,ok,,strong_buy,1.39683,52.0,427.88712,430.0,515.0,334.22,3.1599036431735,True,False,False,False,True,2023-04-26,Keybanc,,,main,False,False,unknown,False,False,False,False,False
2276,AAPL,2022-10-12,sell,True,True,True,False,ok,,buy,1.95833,43.0,308.06512,310.0,400.0,215.0,1.2684205451439081,False,False,False,True,True,2022-10-11,Barclays,,,main,False,False,unknown,False,False,False,False,False
2277,TSLA,2021-12-10,buy,True,True,True,False,ok,,buy,2.3617,41.0,412.25366,450.0,600.0,123.0,0.21605158586618756,True,False,False,False,True,2021-12-08,New Street Research,,,main,False,False,unknown,False,False,False,False,False
2278,AMZN,2023-06-20,buy,True,True,True,False,ok,,strong_buy,1.34848,62.0,311.55145,317.0,370.0,207.0,1.4769554223535315,True,False,False,False,True,2023-06-20,JP Morgan,,,reit,False,False,unknown,False,False,False,False,False
2279,AMZN,2023-06-20,sell,True,True,True,False,ok,,strong_buy,1.34848,62.0,311.55145,317.0,370.0,207.0,1.4769554223535315,False,False,False,True,True,2023-06-20,JP Morgan,,,reit,False,False,unknown,False,False,False,False,False
2280,AMZN,2023-06-20,buy,True,True,True,False,ok,,strong_buy,1.34848,62.0,311.55145,317.0,370.0,207.0,1.4769554223535315,True,False,False,False,True,2023-06-20,JP Morgan,,,reit,False,False,unknown,False,False,False,False,False
2281,GOOGL,2025-10-30,buy,False,True,True,False,ok,,strong_buy,1.39683,52.0,427.88712,430.0,515.0,334.22,0.522198308044795,True,False,False,False,True,2025-10-30,B of A Securities,,,main,False,False,unknown,False,False,False,False,False
2282,AAPL,2026-05-04,buy,True,True,True,False,ok,,buy,1.95833,43.0,308.06512,310.0,400.0,215.0,0.11385677100989033,True,False,False,False,True,2026-05-01,Needham,,,reit,False,False,unknown,False,False,False,False,False
2283,TSLA,2021-12-31,buy,True,True,True,False,ok,,buy,2.3617,41.0,412.25366,450.0,600.0,123.0,0.17031070394363423,True,False,False,False,True,2021-12-31,Deutsche Bank,,,main,False,False,unknown,False,False,False,False,False
2285,TSLA,2020-05-18,buy,True,True,True,False,ok,,buy,2.3617,41.0,412.25366,450.0,600.0,123.0,6.600266501845566,True,False,False,False,True,2020-05-04,Morgan Stanley,,,main,False,False,unknown,False,False,False,False,False
2286,TSLA,2023-10-31,buy,True,True,True,False,ok,,buy,2.3617,41.0,412.25366,450.0,600.0,123.0,1.0526472192641836,True,False,False,False,True,2023-10-19,Deutsche Bank,,,main,False,False,unknown,False,False,False,False,False
2287,TSLA,2021-06-04,buy,True,True,True,False,ok,,buy,2.3617,41.0,412.25366,450.0,600.0,123.0,1.0645371399708417,True,False,False,False,True,2021-05-28,Morgan Stanley,,,main,False,False,unknown,False,False,False,False,False
2288,AMD,2023-02-13,buy,True,True,True,False,ok,,buy,1.5098,48.0,457.83334,474.0,625.0,225.0,4.50743841124301,True,False,False,False,True,2023-02-02,Citigroup,,,main,False,False,unknown,False,False,False,False,False
2289,AMZN,2023-02-13,buy,True,True,True,False,ok,,strong_buy,1.34848,62.0,311.55145,317.0,370.0,207.0,2.1299120668523197,True,False,False,False,True,2023-02-09,Tigress Financial,,,reit,False,False,unknown,False,False,False,False,False
2290,MSFT,2023-02-13,buy,False,True,True,False,ok,,strong_buy,1.30909,54.0,561.5561,562.5,870.0,400.0,1.124040720663567,True,False,False,False,True,2023-02-13,Stifel,,,main,False,False,unknown,False,False,False,False,False
2291,AMD,2023-05-22,buy,True,True,True,False,ok,,buy,1.5098,48.0,457.83334,474.0,625.0,225.0,3.2391975925925927,True,False,False,False,True,2023-05-10,B of A Securities,,,main,False,False,unknown,False,False,False,False,False
2292,AMD,2023-05-22,buy,True,True,True,False,ok,,buy,1.5098,48.0,457.83334,474.0,625.0,225.0,3.2391975925925927,True,False,False,False,True,2023-05-10,B of A Securities,,,main,False,False,unknown,False,False,False,False,False
2293,TSLA,2023-05-22,buy,True,True,True,False,ok,,buy,2.3617,41.0,412.25366,450.0,600.0,123.0,1.1827377066654257,True,False,False,False,True,2023-05-17,CFRA,,,main,False,False,unknown,False,False,False,False,False
2294,MSFT,2023-11-20,buy,False,True,True,False,ok,,strong_buy,1.30909,54.0,561.5561,562.5,870.0,400.0,0.5134318546045049,True,False,False,False,True,2023-11-20,Wedbush,,,reit,False,False,unknown,False,False,False,False,False
2295,TSLA,2020-07-10,buy,True,True,True,False,ok,,buy,2.3617,41.0,412.25366,450.0,600.0,123.0,3.0033695278379664,True,False,False,False,True,2020-07-07,Morgan Stanley,,,main,False,False,unknown,False,False,False,False,False
2296,TSLA,2020-07-10,buy,True,True,True,False,ok,,buy,2.3617,41.0,412.25366,450.0,600.0,123.0,3.0033695278379664,True,False,False,False,True,2020-07-07,Morgan Stanley,,,main,False,False,unknown,False,False,False,False,False
2297,TSLA,2023-01-03,sell,True,True,True,False,ok,,buy,2.3617,41.0,412.25366,450.0,600.0,123.0,2.8136324312594017,False,False,False,True,True,2023-01-03,Goldman Sachs,,,main,False,False,unknown,False,False,False,False,False
2298,TSLA,2023-03-02,buy,True,True,True,False,ok,,buy,2.3617,41.0,412.25366,450.0,600.0,123.0,1.159526836986411,True,False,False,False,True,2023-03-02,Wedbush,,,reit,False,False,unknown,False,False,False,False,False
2299,TSLA,2023-03-02,buy,True,True,True,False,ok,,buy,2.3617,41.0,412.25366,450.0,600.0,123.0,1.159526836986411,True,False,False,False,True,2023-03-02,Wedbush,,,reit,False,False,unknown,False,False,False,False,False
2300,TSLA,2023-03-02,buy,True,True,True,False,ok,,buy,2.3617,41.0,412.25366,450.0,600.0,123.0,1.159526836986411,True,False,False,False,True,2023-03-02,Wedbush,,,reit,False,False,unknown,False,False,False,False,False
2301,TSLA,2023-03-02,buy,True,True,True,False,ok,,buy,2.3617,41.0,412.25366,450.0,600.0,123.0,1.159526836986411,True,False,False,False,True,2023-03-02,Wedbush,,,reit,False,False,unknown,False,False,False,False,False
2302,MSFT,2022-11-09,buy,False,True,True,False,ok,,strong_buy,1.30909,54.0,561.5561,562.5,870.0,400.0,1.5741337525756451,True,False,False,False,True,2022-11-02,Macquarie,,,init,False,False,unknown,False,False,False,False,False
2303,TSLA,2020-11-27,buy,True,True,True,False,ok,,buy,2.3617,41.0,412.25366,450.0,600.0,123.0,1.1113784208809516,True,False,False,False,True,2020-11-23,Wedbush,,,main,False,False,unknown,False,False,False,False,False
2304,NVDA,2022-11-14,buy,True,True,True,False,ok,,strong_buy,1.29508,57.0,272.93738,275.0,380.0,140.0,15.77173007874396,True,False,False,False,True,2022-11-11,Oppenheimer,,,main,False,False,unknown,False,False,False,False,False
2305,AMD,2022-11-14,buy,True,True,True,False,ok,,buy,1.5098,48.0,457.83334,474.0,625.0,225.0,5.226483715499635,True,False,False,False,True,2022-11-14,Baird,,,up,False,False,unknown,False,False,False,False,False
2306,AMD,2022-11-14,buy,True,True,True,False,ok,,buy,1.5098,48.0,457.83334,474.0,625.0,225.0,5.226483715499635,True,False,False,False,True,2022-11-14,Baird,,,up,False,False,unknown,False,False,False,False,False
2307,GOOGL,2023-01-31,sell,False,True,True,False,ok,,strong_buy,1.39683,52.0,427.88712,430.0,515.0,334.22,3.364868826543847,False,False,False,True,True,2023-01-31,B of A Securities,,,main,False,False,unknown,False,False,False,False,False
2308,MSFT,2023-01-31,buy,False,True,True,False,ok,,strong_buy,1.30909,54.0,561.5561,562.5,870.0,400.0,1.3255507471439887,True,False,False,False,True,2023-01-26,Credit Suisse,,,main,False,False,unknown,False,False,False,False,False
2309,NFLX,2023-01-31,buy,False,True,True,False,ok,,buy,1.68,44.0,114.555,115.0,151.4,80.0,2.2372970910158743,True,False,False,False,True,2023-01-23,Argus Research,,,main,False,False,unknown,False,False,False,False,False
2310,TSLA,2023-10-30,sell,True,True,True,False,ok,,buy,2.3617,41.0,412.25366,450.0,600.0,123.0,1.0888409947561444,False,False,False,True,True,2023-10-19,Deutsche Bank,,,main,False,False,unknown,False,False,False,False,False
2311,TSLA,2023-10-30,sell,True,True,True,False,ok,,buy,2.3617,41.0,412.25366,450.0,600.0,123.0,1.0888409947561444,False,False,False,True,True,2023-10-19,Deutsche Bank,,,main,False,False,unknown,False,False,False,False,False
2312,TSLA,2023-10-30,sell,True,True,True,False,ok,,buy,2.3617,41.0,412.25366,450.0,600.0,123.0,1.0888409947561444,False,False,False,True,True,2023-10-19,Deutsche Bank,,,main,False,False,unknown,False,False,False,False,False
2313,TSLA,2024-01-17,buy,True,True,True,False,ok,,buy,2.3617,41.0,412.25366,450.0,600.0,123.0,0.9125662452484855,True,False,False,False,True,2024-01-16,Wedbush,,,reit,False,False,unknown,False,False,False,False,False
2314,TSLA,2024-01-17,buy,True,True,True,False,ok,,buy,2.3617,41.0,412.25366,450.0,600.0,123.0,0.9125662452484855,True,False,False,False,True,2024-01-16,Wedbush,,,reit,False,False,unknown,False,False,False,False,False
2315,TSLA,2024-01-17,buy,True,True,True,False,ok,,buy,2.3617,41.0,412.25366,450.0,600.0,123.0,0.9125662452484855,True,False,False,False,True,2024-01-16,Wedbush,,,reit,False,False,unknown,False,False,False,False,False
2316,TSLA,2024-01-17,buy,True,True,True,False,ok,,buy,2.3617,41.0,412.25366,450.0,600.0,123.0,0.9125662452484855,True,False,False,False,True,2024-01-16,Wedbush,,,reit,False,False,unknown,False,False,False,False,False
2317,TSLA,2024-01-17,buy,True,True,True,False,ok,,buy,2.3617,41.0,412.25366,450.0,600.0,123.0,0.9125662452484855,True,False,False,False,True,2024-01-16,Wedbush,,,reit,False,False,unknown,False,False,False,False,False
2318,TSLA,2024-01-17,buy,True,True,True,False,ok,,buy,2.3617,41.0,412.25366,450.0,600.0,123.0,0.9125662452484855,True,False,False,False,True,2024-01-16,Wedbush,,,reit,False,False,unknown,False,False,False,False,False
2319,TSLA,2024-01-17,buy,True,True,True,False,ok,,buy,2.3617,41.0,412.25366,450.0,600.0,123.0,0.9125662452484855,True,False,False,False,True,2024-01-16,Wedbush,,,reit,False,False,unknown,False,False,False,False,False
2320,TSLA,2024-01-17,buy,True,True,True,False,ok,,buy,2.3617,41.0,412.25366,450.0,600.0,123.0,0.9125662452484855,True,False,False,False,True,2024-01-16,Wedbush,,,reit,False,False,unknown,False,False,False,False,False
2321,TSLA,2024-01-17,buy,True,True,True,False,ok,,buy,2.3617,41.0,412.25366,450.0,600.0,123.0,0.9125662452484855,True,False,False,False,True,2024-01-16,Wedbush,,,reit,False,False,unknown,False,False,False,False,False
2322,TSLA,2024-01-17,buy,True,True,True,False,ok,,buy,2.3617,41.0,412.25366,450.0,600.0,123.0,0.9125662452484855,True,False,False,False,True,2024-01-16,Wedbush,,,reit,False,False,unknown,False,False,False,False,False
2323,TSLA,2024-01-17,buy,True,True,True,False,ok,,buy,2.3617,41.0,412.25366,450.0,600.0,123.0,0.9125662452484855,True,False,False,False,True,2024-01-16,Wedbush,,,reit,False,False,unknown,False,False,False,False,False
2324,NFLX,2024-01-17,buy,False,True,True,False,ok,,buy,1.68,44.0,114.555,115.0,151.4,80.0,1.3849228185571563,True,False,False,False,True,2024-01-17,Keybanc,,,main,False,False,unknown,False,False,False,False,False
2325,AMZN,2024-01-17,buy,True,True,True,False,ok,,strong_buy,1.34848,62.0,311.55145,317.0,370.0,207.0,1.0535985512649928,True,False,False,False,True,2024-01-09,BMO Capital,,,init,False,False,unknown,False,False,False,False,False
2326,MSFT,2024-01-17,buy,False,True,True,False,ok,,strong_buy,1.30909,54.0,561.5561,562.5,870.0,400.0,0.4666845861292708,True,False,False,False,True,2024-01-12,Piper Sandler,,,reit,False,False,unknown,False,False,False,False,False
2327,MSFT,2024-01-17,buy,False,True,True,False,ok,,strong_buy,1.30909,54.0,561.5561,562.5,870.0,400.0,0.4666845861292708,True,False,False,False,True,2024-01-12,Piper Sandler,,,reit,False,False,unknown,False,False,False,False,False
2328,AAPL,2024-01-17,buy,True,True,True,False,ok,,buy,1.95833,43.0,308.06512,310.0,400.0,215.0,0.705453444139253,True,False,False,False,True,2024-01-10,Redburn Atlantic,,,down,False,False,unknown,False,False,False,False,False
2329,GOOGL,2024-04-10,buy,False,True,True,False,ok,,strong_buy,1.39683,52.0,427.88712,430.0,515.0,334.22,1.7630566296653165,True,False,False,False,True,2024-04-10,Wedbush,,,reit,False,False,unknown,False,False,False,False,False
2330,AMD,2024-11-04,sell,True,True,True,False,ok,,buy,1.5098,48.0,457.83334,474.0,625.0,225.0,2.2537368925793664,False,False,False,True,True,2024-10-31,Benchmark,,,reit,False,False,unknown,False,False,False,False,False
2331,AMD,2024-11-04,sell,True,True,True,False,ok,,buy,1.5098,48.0,457.83334,474.0,625.0,225.0,2.2537368925793664,False,False,False,True,True,2024-10-31,Benchmark,,,reit,False,False,unknown,False,False,False,False,False
2332,AMD,2025-10-09,buy,True,True,True,False,ok,,buy,1.5098,48.0,457.83334,474.0,625.0,225.0,0.9658780591690359,True,False,False,False,True,2025-10-08,Goldman Sachs,,,main,False,False,unknown,False,False,False,False,False
2333,NVDA,2025-12-04,buy,True,True,True,False,ok,,strong_buy,1.29508,57.0,272.93738,275.0,380.0,140.0,0.4884509516064368,True,False,False,False,True,2025-12-01,Morgan Stanley,,,main,False,False,unknown,False,False,False,False,False
2334,GOOGL,2025-12-04,buy,False,True,True,False,ok,,strong_buy,1.39683,52.0,427.88712,430.0,515.0,334.22,0.3489969789406071,True,False,False,False,True,2025-12-01,Guggenheim,,,main,False,False,unknown,False,False,False,False,False
2335,META,2025-12-04,buy,False,True,False,True,ok,,strong_buy,1.34921,58.0,826.69104,825.0,1015.0,614.0,0.25175510871120266,True,False,False,False,True,,,,,,,,,,,,,
2336,MSFT,2026-01-26,sell,False,True,True,False,ok,,strong_buy,1.30909,54.0,561.5561,562.5,870.0,400.0,0.19681431015277884,False,False,False,True,True,2026-01-26,B of A Securities,,,main,False,False,unknown,False,False,False,False,False
2337,AMZN,2026-03-17,buy,True,True,True,False,ok,,strong_buy,1.34848,62.0,311.55145,317.0,370.0,207.0,0.4477298067756539,True,False,False,False,True,2026-03-17,Needham,,,reit,False,False,unknown,False,False,False,False,False
2338,AMZN,2026-03-17,buy,True,True,True,False,ok,,strong_buy,1.34848,62.0,311.55145,317.0,370.0,207.0,0.4477298067756539,True,False,False,False,True,2026-03-17,Needham,,,reit,False,False,unknown,False,False,False,False,False
2339,META,2026-03-17,sell,False,True,False,True,ok,,strong_buy,1.34921,58.0,826.69104,825.0,1015.0,614.0,0.32767654202193164,False,False,False,True,True,,,,,,,,,,,,,
2340,SOFI,2026-04-30,buy,False,True,True,False,ok,,hold,2.70833,20.0,21.1,18.5,31.0,12.0,0.3105589751590949,False,False,True,False,False,2026-04-30,Needham,,,main,False,False,unknown,False,False,False,False,False
2341,SOFI,2026-05-05,buy,False,True,True,False,ok,,hold,2.70833,20.0,21.1,18.5,31.0,12.0,0.3171035828388158,False,False,True,False,False,2026-05-04,Citigroup,,,main,False,False,unknown,False,False,False,False,False
