ticker,event_date,creator,video_id,recommendation_type,event_id,start_date,end_date
TSLA,2020-01-06,Investing with Tom,C7qKLjZUtj4,sell,392,2019-11-07,2020-02-05
TSLA,2020-02-04,Investing with Tom,cSZqcBTEDV8,sell,391,2019-12-06,2020-03-05
TSLA,2020-02-11,Learn to Invest - Investors Grow,uTNZiFgUa_Q,buy,334,2019-12-13,2020-03-12
DIS,2020-02-18,Learn to Invest - Investors Grow,ybe6ZX494Yk,sell,335,2019-12-20,2020-03-19
TSLA,2020-02-21,The Plain Bagel,ilwk1Dm7Yzg,buy,1408,2019-12-23,2020-03-22
TSLA,2020-02-21,The Plain Bagel,ilwk1Dm7Yzg,buy,1409,2019-12-23,2020-03-22
AAPL,2020-02-25,Learn to Invest - Investors Grow,Rbl39DWYFeU,buy,348,2019-12-27,2020-03-26
AMZN,2020-02-25,Learn to Invest - Investors Grow,Rbl39DWYFeU,buy,349,2019-12-27,2020-03-26
MSFT,2020-02-25,Learn to Invest - Investors Grow,Rbl39DWYFeU,buy,347,2019-12-27,2020-03-26
DIS,2020-03-27,Learn to Invest - Investors Grow,_u34sqYCyuQ,buy,339,2020-01-27,2020-04-26
MSFT,2020-03-27,Learn to Invest - Investors Grow,_u34sqYCyuQ,buy,338,2020-01-27,2020-04-26
AAPL,2020-03-31,Investing with Tom,WNj4hHxWj2g,buy,385,2020-01-31,2020-04-30
TSLA,2020-04-06,Investing with Tom,sUve9tzpfdI,buy,384,2020-02-06,2020-05-06
AAPL,2020-04-30,The Swedish Investor,QIAWUXXSoQM,buy,886,2020-03-01,2020-05-30
TSLA,2020-05-18,Chicken Genius Singapore,mOCbunawYrQ,buy,1498,2020-03-19,2020-06-17
TSLA,2020-05-22,Chicken Genius Singapore,vq2OzoJ-xSk,buy,1067,2020-03-23,2020-06-21
TSLA,2020-06-01,Chicken Genius Singapore,lAjQ0a8EFLg,buy,1066,2020-04-02,2020-07-01
HOOD,2020-06-02,Learn to Invest - Investors Grow,z1IIG_2Yq6k,buy,336,2020-04-03,2020-07-02
TSLA,2020-06-05,Chicken Genius Singapore,qSAEtgOMcUc,buy,1065,2020-04-06,2020-07-05
AAPL,2020-06-09,Investing with Tom,PGJw0nprDKY,buy,394,2020-04-10,2020-07-09
TSLA,2020-06-12,Chicken Genius Singapore,M1kBm5mNSW4,sell,1457,2020-04-13,2020-07-12
TSLA,2020-06-15,Chicken Genius Singapore,Zxz4CiEoyeE,buy,1064,2020-04-16,2020-07-15
DIS,2020-06-22,Learn to Invest - Investors Grow,cdtEhfdkbbg,buy,340,2020-04-23,2020-07-22
DIS,2020-06-22,Learn to Invest - Investors Grow,cdtEhfdkbbg,buy,341,2020-04-23,2020-07-22
TSLA,2020-06-22,Chicken Genius Singapore,DgzWuS5_XyI,buy,1063,2020-04-23,2020-07-22
TSLA,2020-07-06,Chicken Genius Singapore,CpYfmgehgis,sell,1431,2020-05-07,2020-08-05
AMZN,2020-07-07,Learn to Invest - Investors Grow,e-U1FCxP2xU,sell,343,2020-05-08,2020-08-06
DIS,2020-07-07,Learn to Invest - Investors Grow,e-U1FCxP2xU,sell,342,2020-05-08,2020-08-06
TSLA,2020-07-10,Chicken Genius Singapore,hJpcuF8JeQM,buy,1508,2020-05-11,2020-08-09
TSLA,2020-07-10,Chicken Genius Singapore,hJpcuF8JeQM,buy,1509,2020-05-11,2020-08-09
TSLA,2020-07-13,Chicken Genius Singapore,iQFuA2Gkxwo,buy,1433,2020-05-14,2020-08-12
AMZN,2020-07-17,Chicken Genius Singapore,2EsN8-iGb9I,sell,1062,2020-05-18,2020-08-16
SQ,2020-11-20,Chicken Genius Singapore,yHaFZjH1po8,sell,1061,2020-09-21,2020-12-20
TSLA,2020-11-27,Chicken Genius Singapore,pweXDkdzqg8,buy,1516,2020-09-28,2020-12-27
SQ,2020-12-07,Chicken Genius Singapore,hdslUPcMz2Y,buy,1450,2020-10-08,2021-01-06
MSFT,2021-03-08,The Swedish Investor,CspT5_OlGik,buy,402,2021-01-07,2021-04-07
TSLA,2021-05-14,Chicken Genius Singapore,1kkYirZWToE,buy,1060,2021-03-15,2021-06-13
TSLA,2021-06-04,Chicken Genius Singapore,QjJxYRv6xkw,buy,1500,2021-04-05,2021-07-04
TSLA,2021-07-19,Chicken Genius Singapore,MqmV9HzTO3M,sell,1440,2021-05-20,2021-08-18
TSLA,2021-07-19,Chicken Genius Singapore,MqmV9HzTO3M,buy,1441,2021-05-20,2021-08-18
TSLA,2021-08-02,Chicken Genius Singapore,5T_EgAUWhhg,buy,1079,2021-06-03,2021-09-01
TSLA,2021-12-06,HyperChange,rcrH-op51Lc,buy,1332,2021-10-07,2022-01-05
TSLA,2021-12-06,HyperChange,rcrH-op51Lc,sell,1333,2021-10-07,2022-01-05
TSLA,2021-12-06,HyperChange,rcrH-op51Lc,buy,1334,2021-10-07,2022-01-05
TSLA,2021-12-06,HyperChange,rcrH-op51Lc,sell,1335,2021-10-07,2022-01-05
TSLA,2021-12-06,HyperChange,rcrH-op51Lc,buy,1336,2021-10-07,2022-01-05
TSLA,2021-12-06,HyperChange,rcrH-op51Lc,sell,1337,2021-10-07,2022-01-05
TSLA,2021-12-06,HyperChange,rcrH-op51Lc,sell,1338,2021-10-07,2022-01-05
TSLA,2021-12-10,Chicken Genius Singapore,OlCltuMxiXE,buy,1490,2021-10-11,2022-01-09
TSLA,2021-12-21,Chicken Genius Singapore,6fMUWOx4db4,buy,1456,2021-10-22,2022-01-20
SQ,2021-12-31,Chicken Genius Singapore,d60Rc8mkuCY,sell,1497,2021-11-01,2022-01-30
TSLA,2021-12-31,Chicken Genius Singapore,d60Rc8mkuCY,buy,1496,2021-11-01,2022-01-30
TSLA,2022-01-20,HyperChange,daw3A_OI1ac,buy,1091,2021-11-21,2022-02-19
TSLA,2022-04-01,The Swedish Investor,uEjKr_Z92mA,sell,401,2022-01-31,2022-05-01
AAPL,2022-06-24,The Swedish Investor,l7cc-nLKaqc,buy,399,2022-04-25,2022-07-24
AMZN,2022-09-12,New Money,bWxoFJQsaww,buy,1402,2022-07-14,2022-10-12
GOOGL,2022-09-12,New Money,bWxoFJQsaww,buy,1403,2022-07-14,2022-10-12
AMD,2022-09-20,Sasha Yanshin,gIjY-GIlres,buy,1467,2022-07-22,2022-10-20
AMD,2022-09-20,Sasha Yanshin,gIjY-GIlres,sell,1468,2022-07-22,2022-10-20
AMD,2022-09-20,Sasha Yanshin,gIjY-GIlres,buy,1469,2022-07-22,2022-10-20
GOOGL,2022-09-20,Sasha Yanshin,gIjY-GIlres,buy,1465,2022-07-22,2022-10-20
GOOGL,2022-09-20,Sasha Yanshin,gIjY-GIlres,buy,1466,2022-07-22,2022-10-20
TSLA,2022-09-20,Sasha Yanshin,gIjY-GIlres,buy,1463,2022-07-22,2022-10-20
TSLA,2022-09-20,Sasha Yanshin,gIjY-GIlres,sell,1464,2022-07-22,2022-10-20
DIS,2022-09-30,Joseph Carlson,OZ0N74Ea0sg,sell,1454,2022-08-01,2022-10-30
DIS,2022-09-30,Joseph Carlson,OZ0N74Ea0sg,buy,1455,2022-08-01,2022-10-30
MSFT,2022-09-30,Joseph Carlson,OZ0N74Ea0sg,buy,1453,2022-08-01,2022-10-30
AAPL,2022-10-03,Investing with Tom,YN4eorNiVkQ,buy,386,2022-08-04,2022-11-02
AAPL,2022-10-03,Investing with Tom,YN4eorNiVkQ,buy,387,2022-08-04,2022-11-02
AAPL,2022-10-03,Investing with Tom,YN4eorNiVkQ,sell,388,2022-08-04,2022-11-02
AAPL,2022-10-03,Investing with Tom,YN4eorNiVkQ,sell,389,2022-08-04,2022-11-02
NFLX,2022-10-11,Learn to Invest - Investors Grow,uQASTitwUrs,buy,333,2022-08-12,2022-11-10
AAPL,2022-10-12,Sasha Yanshin,lh0kD7YuGD4,sell,1489,2022-08-13,2022-11-11
MSFT,2022-10-17,Learn to Invest - Investors Grow,XGt7kO0JSTA,buy,337,2022-08-18,2022-11-16
MSFT,2022-10-17,Learn to Invest - Investors Grow,ntX9bHqygrU,buy,960,2022-08-18,2022-11-16
NFLX,2022-10-19,Sasha Yanshin,-n1OBVi8zTw,sell,1365,2022-08-20,2022-11-18
NFLX,2022-10-19,Sasha Yanshin,-n1OBVi8zTw,buy,1366,2022-08-20,2022-11-18
TSLA,2022-10-25,HyperChange,tZfS0V7i0Do,buy,1204,2022-08-26,2022-11-24
TSLA,2022-10-25,HyperChange,tZfS0V7i0Do,sell,1205,2022-08-26,2022-11-24
AMZN,2022-10-31,"Mark Roussin, CPA",FRzWVtErKgQ,buy,273,2022-09-01,2022-11-30
AMZN,2022-10-31,The Swedish Investor,nUucyfWpL0A,sell,400,2022-09-01,2022-11-30
AMZN,2022-10-31,Investing with Tom,6EDsN7k3VY0,sell,807,2022-09-01,2022-11-30
AAPL,2022-11-02,Joseph Carlson,wP40yOXIb5Y,buy,1445,2022-09-03,2022-12-02
AAPL,2022-11-02,Joseph Carlson,wP40yOXIb5Y,buy,1446,2022-09-03,2022-12-02
AAPL,2022-11-02,Joseph Carlson,wP40yOXIb5Y,buy,1447,2022-09-03,2022-12-02
AAPL,2022-11-02,Joseph Carlson,wP40yOXIb5Y,buy,1448,2022-09-03,2022-12-02
AAPL,2022-11-02,Joseph Carlson,wP40yOXIb5Y,sell,1449,2022-09-03,2022-12-02
AMD,2022-11-02,Sasha Yanshin,FzESKTRUVIg,buy,1370,2022-09-03,2022-12-02
AMD,2022-11-02,Sasha Yanshin,FzESKTRUVIg,buy,1371,2022-09-03,2022-12-02
AMZN,2022-11-04,The Plain Bagel,AqZbO8Ojhmw,sell,1084,2022-09-05,2022-12-04
MSFT,2022-11-09,Joseph Carlson,gyDg8FreQEA,buy,1515,2022-09-10,2022-12-09
AMD,2022-11-14,Ticker Symbol: YOU,ZqqCwJLwR2o,buy,1518,2022-09-15,2022-12-14
AMD,2022-11-14,Ticker Symbol: YOU,ZqqCwJLwR2o,buy,1519,2022-09-15,2022-12-14
NVDA,2022-11-14,Ticker Symbol: YOU,ZqqCwJLwR2o,buy,1517,2022-09-15,2022-12-14
TSLA,2022-11-14,Sasha Yanshin,CBv5L6iiyLY,buy,1379,2022-09-15,2022-12-14
TSLA,2022-11-14,Sasha Yanshin,CBv5L6iiyLY,buy,1380,2022-09-15,2022-12-14
TSLA,2022-11-14,Sasha Yanshin,CBv5L6iiyLY,buy,1381,2022-09-15,2022-12-14
DIS,2022-11-17,Learn to Invest - Investors Grow,o7JOhblet2o,sell,329,2022-09-18,2022-12-17
MSFT,2022-11-17,Investing with Tom,Ro2fVhXze58,buy,888,2022-09-18,2022-12-17
AAPL,2022-11-18,Joseph Carlson,8omvXYV4toQ,buy,1414,2022-09-19,2022-12-18
AAPL,2022-11-18,Joseph Carlson,8omvXYV4toQ,buy,1415,2022-09-19,2022-12-18
DIS,2022-11-18,The Plain Bagel,BL_L4hHBTLc,buy,1076,2022-09-19,2022-12-18
NFLX,2022-11-18,Joseph Carlson,8omvXYV4toQ,buy,1416,2022-09-19,2022-12-18
GOOGL,2022-11-30,Learn to Invest - Investors Grow,Tzra-Zi2dtA,buy,352,2022-10-01,2022-12-30
AMZN,2022-12-01,New Money,4IxS7pfGukM,buy,1412,2022-10-02,2022-12-31
DIS,2022-12-01,New Money,4IxS7pfGukM,buy,1411,2022-10-02,2022-12-31
MSFT,2022-12-01,New Money,4IxS7pfGukM,buy,1413,2022-10-02,2022-12-31
TSLA,2022-12-02,Dividend Bull,nadUdX1qygI,buy,406,2022-10-03,2023-01-01
AMZN,2022-12-09,Investing with Tom,zLyrZKltbdw,buy,987,2022-10-10,2023-01-08
TSLA,2022-12-15,HyperChange,digfWZMG-fw,buy,1224,2022-10-16,2023-01-14
TSLA,2022-12-15,HyperChange,digfWZMG-fw,buy,1225,2022-10-16,2023-01-14
TSLA,2022-12-15,HyperChange,digfWZMG-fw,buy,1226,2022-10-16,2023-01-14
TSLA,2022-12-15,HyperChange,digfWZMG-fw,buy,1227,2022-10-16,2023-01-14
TSLA,2022-12-15,HyperChange,digfWZMG-fw,buy,1228,2022-10-16,2023-01-14
TSLA,2022-12-15,HyperChange,digfWZMG-fw,buy,1229,2022-10-16,2023-01-14
TSLA,2022-12-15,HyperChange,digfWZMG-fw,buy,1230,2022-10-16,2023-01-14
TSLA,2022-12-15,HyperChange,digfWZMG-fw,buy,1231,2022-10-16,2023-01-14
TSLA,2022-12-15,HyperChange,digfWZMG-fw,sell,1232,2022-10-16,2023-01-14
TSLA,2022-12-15,HyperChange,digfWZMG-fw,sell,1233,2022-10-16,2023-01-14
TSLA,2022-12-15,Sasha Yanshin,xHOvgHAqeIc,sell,1387,2022-10-16,2023-01-14
TSLA,2022-12-15,Sasha Yanshin,xHOvgHAqeIc,buy,1388,2022-10-16,2023-01-14
TSLA,2022-12-15,Sasha Yanshin,xHOvgHAqeIc,buy,1389,2022-10-16,2023-01-14
AMD,2023-01-02,Learn to Invest - Investors Grow,05dHr2LWjsU,sell,789,2022-11-03,2023-02-01
TSLA,2023-01-03,Sasha Yanshin,wbX-RwHnF3M,sell,1510,2022-11-04,2023-02-02
SHOP,2023-01-09,Ticker Symbol: YOU,kG6MzOFT9RM,buy,1077,2022-11-10,2023-02-08
AAPL,2023-01-26,Learn to Invest - Investors Grow,Lmdxc9mER4M,buy,864,2022-11-27,2023-02-25
DIS,2023-01-26,Learn to Invest - Investors Grow,Lmdxc9mER4M,buy,865,2022-11-27,2023-02-25
DIS,2023-01-26,Learn to Invest - Investors Grow,Lmdxc9mER4M,buy,866,2022-11-27,2023-02-25
GOOGL,2023-01-26,Learn to Invest - Investors Grow,Lmdxc9mER4M,buy,863,2022-11-27,2023-02-25
MSFT,2023-01-26,Learn to Invest - Investors Grow,Lmdxc9mER4M,buy,862,2022-11-27,2023-02-25
GOOGL,2023-01-31,Ticker Symbol: YOU,mK6OFOtZ3jA,sell,1520,2022-12-02,2023-03-02
MSFT,2023-01-31,Ticker Symbol: YOU,mK6OFOtZ3jA,buy,1521,2022-12-02,2023-03-02
NFLX,2023-01-31,Ticker Symbol: YOU,mK6OFOtZ3jA,buy,1522,2022-12-02,2023-03-02
MSFT,2023-02-08,"Mark Roussin, CPA",6TPShkmYEx4,buy,234,2022-12-10,2023-03-10
MSFT,2023-02-08,"Mark Roussin, CPA",6TPShkmYEx4,buy,235,2022-12-10,2023-03-10
AMD,2023-02-13,Sasha Yanshin,zZSolXGIFvQ,buy,1501,2022-12-15,2023-03-15
AMZN,2023-02-13,Sasha Yanshin,zZSolXGIFvQ,buy,1502,2022-12-15,2023-03-15
MSFT,2023-02-13,Sasha Yanshin,zZSolXGIFvQ,buy,1503,2022-12-15,2023-03-15
MSFT,2023-02-14,Investing with Tom,pEsk8RvuT64,buy,968,2022-12-16,2023-03-16
GOOGL,2023-02-27,Investing with Tom,0OKXg-ufLY4,buy,793,2022-12-29,2023-03-29
GOOGL,2023-02-28,Ticker Symbol: YOU,tSsI3eqxbUA,buy,1396,2022-12-30,2023-03-30
TSLA,2023-03-02,Sasha Yanshin,vzvdXPlN49Y,buy,1511,2023-01-01,2023-04-01
TSLA,2023-03-02,Sasha Yanshin,vzvdXPlN49Y,buy,1512,2023-01-01,2023-04-01
TSLA,2023-03-02,Sasha Yanshin,vzvdXPlN49Y,buy,1513,2023-01-01,2023-04-01
TSLA,2023-03-02,Sasha Yanshin,vzvdXPlN49Y,buy,1514,2023-01-01,2023-04-01
AMZN,2023-03-07,New Money,QlMFDo4pY7c,buy,1302,2023-01-06,2023-04-06
DIS,2023-03-07,New Money,QlMFDo4pY7c,buy,1300,2023-01-06,2023-04-06
GOOGL,2023-03-07,New Money,QlMFDo4pY7c,buy,1303,2023-01-06,2023-04-06
MSFT,2023-03-07,New Money,QlMFDo4pY7c,buy,1301,2023-01-06,2023-04-06
MSFT,2023-03-13,"Mark Roussin, CPA",AgQSfvHnujw,buy,258,2023-01-12,2023-04-12
MSFT,2023-03-13,"Mark Roussin, CPA",AgQSfvHnujw,buy,259,2023-01-12,2023-04-12
NVDA,2023-03-21,Ticker Symbol: YOU,9ykRV2OMPbE,buy,1083,2023-01-20,2023-04-20
AAPL,2023-03-22,"Mark Roussin, CPA",RPHPHwYEXlo,buy,211,2023-01-21,2023-04-21
AAPL,2023-04-14,Joseph Carlson,DicVJpvazRI,buy,1363,2023-02-13,2023-05-14
AMZN,2023-04-14,Joseph Carlson,DicVJpvazRI,buy,1364,2023-02-13,2023-05-14
TSLA,2023-04-20,Joseph Carlson,R78_LcxTAVQ,sell,1383,2023-02-19,2023-05-20
TSLA,2023-04-20,Joseph Carlson,R78_LcxTAVQ,sell,1384,2023-02-19,2023-05-20
AAPL,2023-04-26,Joseph Carlson,dPOOuJK4Ado,buy,1487,2023-02-25,2023-05-26
GOOGL,2023-04-26,Joseph Carlson,dPOOuJK4Ado,buy,1488,2023-02-25,2023-05-26
MSFT,2023-04-26,Joseph Carlson,dPOOuJK4Ado,buy,1483,2023-02-25,2023-05-26
MSFT,2023-04-26,Joseph Carlson,dPOOuJK4Ado,buy,1484,2023-02-25,2023-05-26
MSFT,2023-04-26,Joseph Carlson,dPOOuJK4Ado,buy,1485,2023-02-25,2023-05-26
MSFT,2023-04-26,Joseph Carlson,dPOOuJK4Ado,buy,1486,2023-02-25,2023-05-26
AAPL,2023-04-28,"Mark Roussin, CPA",tXuSit47nm8,buy,154,2023-02-27,2023-05-28
AMZN,2023-04-28,"Mark Roussin, CPA",tXuSit47nm8,buy,153,2023-02-27,2023-05-28
GOOGL,2023-04-28,Ticker Symbol: YOU,YCNFIr6EqKM,buy,1470,2023-02-27,2023-05-28
TSLA,2023-04-28,Dividend Bull,gmr6BqOOPWk,sell,409,2023-02-27,2023-05-28
GOOGL,2023-05-12,Joseph Carlson,pjnSFJZv0JY,buy,1386,2023-03-13,2023-06-11
AAPL,2023-05-19,Investing with Tom,_hiDU8IyEV4,buy,904,2023-03-20,2023-06-18
AMD,2023-05-22,Sasha Yanshin,CN_71w-T9Fw,buy,1504,2023-03-23,2023-06-21
AMD,2023-05-22,Sasha Yanshin,CN_71w-T9Fw,buy,1505,2023-03-23,2023-06-21
MSFT,2023-05-22,Ticker Symbol: YOU,jd4T0FsCEIo,buy,1410,2023-03-23,2023-06-21
TSLA,2023-05-22,Sasha Yanshin,CN_71w-T9Fw,buy,1506,2023-03-23,2023-06-21
MSFT,2023-05-24,"Mark Roussin, CPA",FigCDVTsuGM,buy,274,2023-03-25,2023-06-23
AMZN,2023-05-26,New Money,7l3hyQDvKuw,buy,1315,2023-03-27,2023-06-25
AMZN,2023-05-26,New Money,7l3hyQDvKuw,buy,1316,2023-03-27,2023-06-25
GOOGL,2023-05-26,New Money,7l3hyQDvKuw,sell,1317,2023-03-27,2023-06-25
MSFT,2023-05-26,New Money,7l3hyQDvKuw,buy,1314,2023-03-27,2023-06-25
TSLA,2023-05-26,"Mark Roussin, CPA",qcEgzF9EKk4,buy,186,2023-03-27,2023-06-25
MSFT,2023-06-05,"Mark Roussin, CPA",-eKfyDm9qIM,buy,294,2023-04-06,2023-07-05
AAPL,2023-06-16,"Mark Roussin, CPA",uVOPopewZdM,buy,156,2023-04-17,2023-07-16
AMZN,2023-06-19,Sasha Yanshin,UUuCDQFtjds,buy,1491,2023-04-20,2023-07-19
AMZN,2023-06-19,Sasha Yanshin,UUuCDQFtjds,sell,1492,2023-04-20,2023-07-19
AMZN,2023-06-19,Sasha Yanshin,UUuCDQFtjds,buy,1493,2023-04-20,2023-07-19
AAPL,2023-06-26,Investing with Tom,7M6hoe1HOzY,buy,395,2023-04-27,2023-07-26
MSFT,2023-06-26,"Mark Roussin, CPA",khgEy6N0PYQ,buy,182,2023-04-27,2023-07-26
AAPL,2023-07-04,Investing with Tom,b192yNCfoCc,buy,390,2023-05-05,2023-08-03
GOOGL,2023-07-05,"Mark Roussin, CPA",Kf5IeXjfEV0,buy,198,2023-05-06,2023-08-04
TSLA,2023-07-05,"Mark Roussin, CPA",Kf5IeXjfEV0,buy,197,2023-05-06,2023-08-04
MSFT,2023-07-07,"Mark Roussin, CPA",35o0vzF108U,buy,310,2023-05-08,2023-08-06
AAPL,2023-07-10,Investing with Tom,n5qeSVckVoo,sell,383,2023-05-11,2023-08-09
NVDA,2023-07-14,"Mark Roussin, CPA",u06v5_aHrtw,buy,155,2023-05-15,2023-08-13
MSFT,2023-07-21,"Mark Roussin, CPA",GrVx-TilfBE,buy,281,2023-05-22,2023-08-20
NVDA,2023-07-21,"Mark Roussin, CPA",GrVx-TilfBE,buy,282,2023-05-22,2023-08-20
NVDA,2023-07-24,Dividend Bull,FeENJP2vWA8,sell,410,2023-05-25,2023-08-23
NVDA,2023-07-24,Dividend Bull,FeENJP2vWA8,sell,411,2023-05-25,2023-08-23
MSFT,2023-07-26,Investing with Tom,NLgW8E-HMFw,buy,393,2023-05-27,2023-08-25
MSFT,2023-07-26,Joseph Carlson,sYttjQo12do,buy,1477,2023-05-27,2023-08-25
MSFT,2023-07-28,"Mark Roussin, CPA",2_MQtf3XOUg,buy,303,2023-05-29,2023-08-27
NFLX,2023-07-28,"Mark Roussin, CPA",2_MQtf3XOUg,buy,302,2023-05-29,2023-08-27
AAPL,2023-08-08,Joseph Carlson,a_MZxP6WLdM,buy,1369,2023-06-09,2023-09-07
AAPL,2023-08-11,"Mark Roussin, CPA",yw6r_v-msWQ,buy,165,2023-06-12,2023-09-10
AMC,2023-08-11,ZipTrader,sHK-T2G21o4,sell,1242,2023-06-12,2023-09-10
AMC,2023-08-11,ZipTrader,sHK-T2G21o4,sell,1243,2023-06-12,2023-09-10
AMC,2023-08-11,ZipTrader,sHK-T2G21o4,sell,1244,2023-06-12,2023-09-10
AMC,2023-08-11,ZipTrader,sHK-T2G21o4,buy,1245,2023-06-12,2023-09-10
AMC,2023-08-11,ZipTrader,sHK-T2G21o4,sell,1246,2023-06-12,2023-09-10
AMC,2023-08-11,ZipTrader,sHK-T2G21o4,buy,1247,2023-06-12,2023-09-10
AMC,2023-08-11,ZipTrader,sHK-T2G21o4,sell,1248,2023-06-12,2023-09-10
AMC,2023-08-11,ZipTrader,sHK-T2G21o4,sell,1249,2023-06-12,2023-09-10
AAPL,2023-08-18,"Mark Roussin, CPA",1U8L8x1VUFE,buy,298,2023-06-19,2023-09-17
AAPL,2023-08-18,New Money,gaG787XWIXc,sell,1078,2023-06-19,2023-09-17
TSLA,2023-08-18,"Mark Roussin, CPA",1U8L8x1VUFE,buy,297,2023-06-19,2023-09-17
AMC,2023-08-22,ZipTrader,YzNrg2hlw14,sell,1256,2023-06-23,2023-09-21
AMC,2023-08-24,ZipTrader,hr3usFlFBMU,sell,1258,2023-06-25,2023-09-23
AMC,2023-08-24,ZipTrader,hr3usFlFBMU,sell,1259,2023-06-25,2023-09-23
AMC,2023-08-24,ZipTrader,hr3usFlFBMU,sell,1260,2023-06-25,2023-09-23
AMC,2023-08-24,ZipTrader,hr3usFlFBMU,sell,1261,2023-06-25,2023-09-23
AMC,2023-08-24,ZipTrader,hr3usFlFBMU,sell,1262,2023-06-25,2023-09-23
AMC,2023-08-24,ZipTrader,hr3usFlFBMU,sell,1263,2023-06-25,2023-09-23
AMC,2023-08-24,ZipTrader,hr3usFlFBMU,sell,1264,2023-06-25,2023-09-23
AMD,2023-08-25,"Mark Roussin, CPA",jVEMNgn7Zmo,sell,177,2023-06-26,2023-09-24
AMZN,2023-08-25,"Mark Roussin, CPA",jVEMNgn7Zmo,sell,179,2023-06-26,2023-09-24
DIS,2023-08-25,Joseph Carlson,TAhw6g2KD4c,sell,1378,2023-06-26,2023-09-24
GOOGL,2023-08-25,Investing with Tom,cQ3VZJJDwI4,sell,1012,2023-06-26,2023-09-24
NVDA,2023-08-25,"Mark Roussin, CPA",jVEMNgn7Zmo,sell,178,2023-06-26,2023-09-24
NVDA,2023-08-25,Joseph Carlson,TAhw6g2KD4c,buy,1376,2023-06-26,2023-09-24
NVDA,2023-08-25,Joseph Carlson,TAhw6g2KD4c,sell,1377,2023-06-26,2023-09-24
NVDA,2023-08-28,Ticker Symbol: YOU,npALYUk_cqc,buy,1395,2023-06-29,2023-09-27
MSFT,2023-08-30,Sasha Yanshin,Uf85jlmd5_4,buy,1086,2023-07-01,2023-09-29
NVDA,2023-08-30,Sasha Yanshin,Uf85jlmd5_4,buy,1085,2023-07-01,2023-09-29
AAPL,2023-09-07,Joseph Carlson,NY9jK1cPB-g,sell,1391,2023-07-09,2023-10-07
AAPL,2023-09-07,Joseph Carlson,NY9jK1cPB-g,sell,1392,2023-07-09,2023-10-07
AAPL,2023-09-08,"Mark Roussin, CPA",2hF0_S38gc0,buy,304,2023-07-10,2023-10-08
AAPL,2023-09-08,"Mark Roussin, CPA",2hF0_S38gc0,buy,305,2023-07-10,2023-10-08
AAPL,2023-09-08,"Mark Roussin, CPA",2hF0_S38gc0,buy,306,2023-07-10,2023-10-08
AAPL,2023-09-08,"Mark Roussin, CPA",2hF0_S38gc0,buy,307,2023-07-10,2023-10-08
AAPL,2023-09-08,"Mark Roussin, CPA",2hF0_S38gc0,sell,308,2023-07-10,2023-10-08
AAPL,2023-09-08,"Mark Roussin, CPA",2hF0_S38gc0,buy,309,2023-07-10,2023-10-08
TSLA,2023-09-11,ZipTrader,dJ2x4dsEJzQ,sell,1268,2023-07-13,2023-10-11
AAPL,2023-09-13,Joseph Carlson,p2dAB-GdG-0,buy,1345,2023-07-15,2023-10-13
AAPL,2023-09-13,Joseph Carlson,p2dAB-GdG-0,buy,1346,2023-07-15,2023-10-13
AAPL,2023-09-13,Joseph Carlson,p2dAB-GdG-0,buy,1347,2023-07-15,2023-10-13
AAPL,2023-09-13,Joseph Carlson,p2dAB-GdG-0,buy,1348,2023-07-15,2023-10-13
AAPL,2023-09-13,Joseph Carlson,p2dAB-GdG-0,buy,1349,2023-07-15,2023-10-13
AAPL,2023-09-13,Joseph Carlson,p2dAB-GdG-0,buy,1350,2023-07-15,2023-10-13
AAPL,2023-09-13,Joseph Carlson,p2dAB-GdG-0,buy,1351,2023-07-15,2023-10-13
AMZN,2023-09-13,"Mark Roussin, CPA",vL74flRwikQ,sell,159,2023-07-15,2023-10-13
AAPL,2023-09-15,"Mark Roussin, CPA",EAWKHNBmVtM,sell,267,2023-07-17,2023-10-15
DIS,2023-09-15,"Mark Roussin, CPA",EAWKHNBmVtM,buy,266,2023-07-17,2023-10-15
MSFT,2023-09-25,"Mark Roussin, CPA",WuXwBigWRnM,buy,223,2023-07-27,2023-10-25
PYPL,2023-09-25,Learn to Invest - Investors Grow,z6EJWLrf_1s,buy,986,2023-07-27,2023-10-25
MSFT,2023-10-02,The Swedish Investor,eOYSS02TuqY,buy,396,2023-08-03,2023-11-01
TSLA,2023-10-02,The Swedish Investor,eOYSS02TuqY,buy,397,2023-08-03,2023-11-01
TSLA,2023-10-02,The Swedish Investor,eOYSS02TuqY,buy,398,2023-08-03,2023-11-01
NVDA,2023-10-09,"Mark Roussin, CPA",sY-aTBWbSp0,buy,148,2023-08-10,2023-11-08
GOOGL,2023-10-25,Joseph Carlson,ahTKSUiQKAw,buy,1480,2023-08-26,2023-11-24
MSFT,2023-10-25,Joseph Carlson,ahTKSUiQKAw,buy,1479,2023-08-26,2023-11-24
GOOGL,2023-10-26,"Mark Roussin, CPA",9bK8GPEffqA,buy,251,2023-08-27,2023-11-25
MSFT,2023-10-26,"Mark Roussin, CPA",9bK8GPEffqA,buy,250,2023-08-27,2023-11-25
TSLA,2023-10-26,"Mark Roussin, CPA",9bK8GPEffqA,buy,252,2023-08-27,2023-11-25
GOOGL,2023-10-27,The Plain Bagel,wBjBs0VibaY,buy,1068,2023-08-28,2023-11-26
TSLA,2023-10-30,Ticker Symbol: YOU,THPABU-UGT8,sell,1523,2023-08-31,2023-11-29
TSLA,2023-10-30,Ticker Symbol: YOU,THPABU-UGT8,sell,1524,2023-08-31,2023-11-29
TSLA,2023-10-30,Ticker Symbol: YOU,THPABU-UGT8,sell,1525,2023-08-31,2023-11-29
TSLA,2023-10-31,Sasha Yanshin,jOmqhieG_EI,buy,1499,2023-09-01,2023-11-30
TSLA,2023-11-06,"Mark Roussin, CPA",M591u02m3m4,sell,202,2023-09-07,2023-12-06
MSFT,2023-11-08,Joseph Carlson,WHqzBSjTn8U,buy,1353,2023-09-09,2023-12-08
MSFT,2023-11-08,Joseph Carlson,WHqzBSjTn8U,buy,1354,2023-09-09,2023-12-08
AAPL,2023-11-17,"Mark Roussin, CPA",cPwqjwQUXnY,buy,168,2023-09-18,2023-12-17
DIS,2023-11-17,"Mark Roussin, CPA",cPwqjwQUXnY,buy,167,2023-09-18,2023-12-17
AAPL,2023-11-20,"Mark Roussin, CPA",3SWmWnFfXdY,buy,311,2023-09-21,2023-12-20
AAPL,2023-11-20,"Mark Roussin, CPA",3SWmWnFfXdY,buy,312,2023-09-21,2023-12-20
AAPL,2023-11-20,New Money,L-g2YwTq6RY,buy,1341,2023-09-21,2023-12-20
MSFT,2023-11-20,Sasha Yanshin,yLRYjV8t2qc,buy,1507,2023-09-21,2023-12-20
UBER,2023-11-20,"Mark Roussin, CPA",3SWmWnFfXdY,buy,313,2023-09-21,2023-12-20
AAPL,2023-11-23,"Mark Roussin, CPA",H-yz9DyYa8A,sell,284,2023-09-24,2023-12-23
MSFT,2023-11-23,"Mark Roussin, CPA",H-yz9DyYa8A,sell,285,2023-09-24,2023-12-23
NVDA,2023-11-23,"Mark Roussin, CPA",H-yz9DyYa8A,buy,283,2023-09-24,2023-12-23
AMD,2023-11-27,Ticker Symbol: YOU,hKAapBunwXo,buy,1429,2023-09-28,2023-12-27
NVDA,2023-11-27,Ticker Symbol: YOU,hKAapBunwXo,buy,1425,2023-09-28,2023-12-27
NVDA,2023-11-27,Ticker Symbol: YOU,hKAapBunwXo,buy,1426,2023-09-28,2023-12-27
NVDA,2023-11-27,Ticker Symbol: YOU,hKAapBunwXo,sell,1427,2023-09-28,2023-12-27
NVDA,2023-11-27,Ticker Symbol: YOU,hKAapBunwXo,buy,1428,2023-09-28,2023-12-27
TSLA,2023-11-28,HyperChange,Z31engGgFwA,buy,1220,2023-09-29,2023-12-28
DIS,2023-11-30,Joseph Carlson,Cw9KxezdFM8,buy,1373,2023-10-01,2023-12-30
DIS,2023-11-30,Joseph Carlson,Cw9KxezdFM8,buy,1374,2023-10-01,2023-12-30
TSLA,2023-11-30,Joseph Carlson,Cw9KxezdFM8,sell,1375,2023-10-01,2023-12-30
TSLA,2023-12-14,HyperChange,cCHRhDh7KD4,buy,1223,2023-10-15,2024-01-13
NVDA,2023-12-15,Dividend Bull,RTqgOz5CG4s,buy,412,2023-10-16,2024-01-14
AMD,2023-12-18,Sasha Yanshin,HFxdNdd1BW0,sell,1089,2023-10-19,2024-01-17
GOOGL,2023-12-18,Sasha Yanshin,HFxdNdd1BW0,buy,1087,2023-10-19,2024-01-17
GOOGL,2023-12-18,Sasha Yanshin,HFxdNdd1BW0,sell,1088,2023-10-19,2024-01-17
TSLA,2023-12-18,Sasha Yanshin,HFxdNdd1BW0,sell,1090,2023-10-19,2024-01-17
TSLA,2023-12-21,HyperChange,hewlGP_9TT4,buy,1210,2023-10-22,2024-01-20
GOOGL,2023-12-28,Ticker Symbol: YOU,jG0gBi7Ps4U,buy,1422,2023-10-29,2024-01-27
MSFT,2023-12-28,Ticker Symbol: YOU,jG0gBi7Ps4U,buy,1421,2023-10-29,2024-01-27
NVDA,2023-12-28,Ticker Symbol: YOU,jG0gBi7Ps4U,buy,1420,2023-10-29,2024-01-27
TSLA,2023-12-28,Ticker Symbol: YOU,jG0gBi7Ps4U,buy,1419,2023-10-29,2024-01-27
AMZN,2024-01-05,"Mark Roussin, CPA",PuL8wm2jDU8,buy,206,2023-11-06,2024-02-04
GOOGL,2024-01-08,"Mark Roussin, CPA",10KzfNZryVI,buy,295,2023-11-09,2024-02-07
TSLA,2024-01-08,"Mark Roussin, CPA",10KzfNZryVI,buy,296,2023-11-09,2024-02-07
AAPL,2024-01-16,HyperChange,zIEbL5x23zk,buy,1240,2023-11-17,2024-02-15
TSLA,2024-01-16,HyperChange,zIEbL5x23zk,buy,1239,2023-11-17,2024-02-15
AAPL,2024-01-17,HyperChange,PxlA2qAQxO8,buy,1541,2023-11-18,2024-02-16
AMZN,2024-01-17,HyperChange,PxlA2qAQxO8,buy,1538,2023-11-18,2024-02-16
MSFT,2024-01-17,HyperChange,PxlA2qAQxO8,buy,1539,2023-11-18,2024-02-16
MSFT,2024-01-17,HyperChange,PxlA2qAQxO8,buy,1540,2023-11-18,2024-02-16
NFLX,2024-01-17,HyperChange,PxlA2qAQxO8,buy,1537,2023-11-18,2024-02-16
TSLA,2024-01-17,HyperChange,PxlA2qAQxO8,buy,1526,2023-11-18,2024-02-16
TSLA,2024-01-17,HyperChange,PxlA2qAQxO8,buy,1527,2023-11-18,2024-02-16
TSLA,2024-01-17,HyperChange,PxlA2qAQxO8,buy,1528,2023-11-18,2024-02-16
TSLA,2024-01-17,HyperChange,PxlA2qAQxO8,buy,1529,2023-11-18,2024-02-16
TSLA,2024-01-17,HyperChange,PxlA2qAQxO8,buy,1530,2023-11-18,2024-02-16
TSLA,2024-01-17,HyperChange,PxlA2qAQxO8,buy,1531,2023-11-18,2024-02-16
TSLA,2024-01-17,HyperChange,PxlA2qAQxO8,buy,1532,2023-11-18,2024-02-16
TSLA,2024-01-17,HyperChange,PxlA2qAQxO8,buy,1533,2023-11-18,2024-02-16
TSLA,2024-01-17,HyperChange,PxlA2qAQxO8,buy,1534,2023-11-18,2024-02-16
TSLA,2024-01-17,HyperChange,PxlA2qAQxO8,buy,1535,2023-11-18,2024-02-16
TSLA,2024-01-17,HyperChange,PxlA2qAQxO8,buy,1536,2023-11-18,2024-02-16
AAPL,2024-01-18,"Mark Roussin, CPA",Y4NVOCAnKzI,sell,228,2023-11-19,2024-02-17
AAPL,2024-01-18,"Mark Roussin, CPA",Y4NVOCAnKzI,sell,229,2023-11-19,2024-02-17
GOOGL,2024-01-18,"Mark Roussin, CPA",Y4NVOCAnKzI,buy,231,2023-11-19,2024-02-17
NVDA,2024-01-18,"Mark Roussin, CPA",Y4NVOCAnKzI,buy,230,2023-11-19,2024-02-17
AMD,2024-01-22,Ticker Symbol: YOU,wnCQ4ICBIfc,buy,1190,2023-11-23,2024-02-21
AMD,2024-01-22,Ticker Symbol: YOU,wnCQ4ICBIfc,sell,1191,2023-11-23,2024-02-21
AMD,2024-01-22,Ticker Symbol: YOU,wnCQ4ICBIfc,buy,1192,2023-11-23,2024-02-21
NVDA,2024-01-22,Ticker Symbol: YOU,wnCQ4ICBIfc,buy,1193,2023-11-23,2024-02-21
NVDA,2024-01-22,Ticker Symbol: YOU,wnCQ4ICBIfc,buy,1194,2023-11-23,2024-02-21
TSLA,2024-01-25,"Mark Roussin, CPA",IgGPrrJCmq0,buy,289,2023-11-26,2024-02-24
TSLA,2024-01-29,Ticker Symbol: YOU,wWpApU_SLeY,buy,1195,2023-11-30,2024-02-28
TSLA,2024-01-29,Ticker Symbol: YOU,wWpApU_SLeY,buy,1196,2023-11-30,2024-02-28
TSLA,2024-01-29,Ticker Symbol: YOU,wWpApU_SLeY,buy,1197,2023-11-30,2024-02-28
TSLA,2024-01-29,Ticker Symbol: YOU,wWpApU_SLeY,buy,1198,2023-11-30,2024-02-28
TSLA,2024-01-29,Ticker Symbol: YOU,wWpApU_SLeY,buy,1199,2023-11-30,2024-02-28
TSLA,2024-01-29,Ticker Symbol: YOU,wWpApU_SLeY,buy,1200,2023-11-30,2024-02-28
TSLA,2024-01-29,Ticker Symbol: YOU,wWpApU_SLeY,buy,1201,2023-11-30,2024-02-28
TSLA,2024-01-29,Ticker Symbol: YOU,wWpApU_SLeY,buy,1202,2023-11-30,2024-02-28
TSLA,2024-01-29,Ticker Symbol: YOU,wWpApU_SLeY,buy,1203,2023-11-30,2024-02-28
NVDA,2024-01-30,The Investor Channel,pj-Kxuu8n8Y,buy,480,2023-12-01,2024-02-29
DIS,2024-01-31,Ticker Symbol: YOU,f4djIqbt5ik,buy,1209,2023-12-02,2024-03-01
GOOGL,2024-01-31,Ticker Symbol: YOU,f4djIqbt5ik,buy,1207,2023-12-02,2024-03-01
MSFT,2024-01-31,Ticker Symbol: YOU,f4djIqbt5ik,buy,1208,2023-12-02,2024-03-01
AMZN,2024-02-01,"Mark Roussin, CPA",6748pkSNY3U,sell,317,2023-12-03,2024-03-02
NVDA,2024-02-01,"Mark Roussin, CPA",6748pkSNY3U,sell,316,2023-12-03,2024-03-02
AAPL,2024-02-02,The Investor Channel,0rs5kIomIjI,buy,430,2023-12-04,2024-03-03
GOOGL,2024-02-02,The Investor Channel,EIfUFqfsx8s,buy,442,2023-12-04,2024-03-03
GOOGL,2024-02-02,The Investor Channel,jovyGTDTNfg,buy,474,2023-12-04,2024-03-03
NVDA,2024-02-02,The Investor Channel,EIfUFqfsx8s,buy,441,2023-12-04,2024-03-03
NVDA,2024-02-02,The Investor Channel,jovyGTDTNfg,buy,473,2023-12-04,2024-03-03
MSFT,2024-02-05,New Money,bJxpE2Q1Vgk,sell,1309,2023-12-07,2024-03-06
NVDA,2024-02-07,The Investor Channel,NHjhaF1KmvA,buy,446,2023-12-09,2024-03-08
PYPL,2024-02-07,The Investor Channel,NHjhaF1KmvA,buy,445,2023-12-09,2024-03-08
GOOGL,2024-02-08,"Mark Roussin, CPA",Jr3qnEoyjHQ,buy,196,2023-12-10,2024-03-09
NVDA,2024-02-08,"Mark Roussin, CPA",Jr3qnEoyjHQ,buy,195,2023-12-10,2024-03-09
MSFT,2024-02-12,"Mark Roussin, CPA",dm8n8UDiE1E,buy,170,2023-12-14,2024-03-13
AAPL,2024-02-13,HyperChange,8TkQMAOSeSU,buy,1282,2023-12-15,2024-03-14
AAPL,2024-02-13,HyperChange,8TkQMAOSeSU,buy,1283,2023-12-15,2024-03-14
AAPL,2024-02-13,HyperChange,8TkQMAOSeSU,buy,1284,2023-12-15,2024-03-14
AAPL,2024-02-13,HyperChange,8TkQMAOSeSU,sell,1285,2023-12-15,2024-03-14
AAPL,2024-02-13,HyperChange,8TkQMAOSeSU,buy,1286,2023-12-15,2024-03-14
MSFT,2024-02-13,HyperChange,8TkQMAOSeSU,buy,1287,2023-12-15,2024-03-14
NVDA,2024-02-13,HyperChange,8TkQMAOSeSU,buy,1288,2023-12-15,2024-03-14
TSLA,2024-02-13,HyperChange,8TkQMAOSeSU,buy,1269,2023-12-15,2024-03-14
TSLA,2024-02-13,HyperChange,8TkQMAOSeSU,buy,1270,2023-12-15,2024-03-14
TSLA,2024-02-13,HyperChange,8TkQMAOSeSU,buy,1271,2023-12-15,2024-03-14
TSLA,2024-02-13,HyperChange,8TkQMAOSeSU,buy,1272,2023-12-15,2024-03-14
TSLA,2024-02-13,HyperChange,8TkQMAOSeSU,buy,1273,2023-12-15,2024-03-14
TSLA,2024-02-13,HyperChange,8TkQMAOSeSU,buy,1274,2023-12-15,2024-03-14
TSLA,2024-02-13,HyperChange,8TkQMAOSeSU,buy,1275,2023-12-15,2024-03-14
TSLA,2024-02-13,HyperChange,8TkQMAOSeSU,buy,1276,2023-12-15,2024-03-14
TSLA,2024-02-13,HyperChange,8TkQMAOSeSU,buy,1277,2023-12-15,2024-03-14
TSLA,2024-02-13,HyperChange,8TkQMAOSeSU,sell,1278,2023-12-15,2024-03-14
TSLA,2024-02-13,HyperChange,8TkQMAOSeSU,sell,1279,2023-12-15,2024-03-14
TSLA,2024-02-13,HyperChange,8TkQMAOSeSU,buy,1280,2023-12-15,2024-03-14
TSLA,2024-02-13,HyperChange,8TkQMAOSeSU,buy,1281,2023-12-15,2024-03-14
TSLA,2024-02-14,HyperChange,sgX1hADBm1o,sell,1235,2023-12-16,2024-03-15
MSFT,2024-02-19,"Mark Roussin, CPA",xCy3luLzE8g,buy,163,2023-12-21,2024-03-20
TSLA,2024-02-19,The Investor Channel,ICaYMgaCq_c,sell,444,2023-12-21,2024-03-20
NVDA,2024-02-21,ZipTrader,a39gLDh1qOM,buy,1352,2023-12-23,2024-03-22
NVDA,2024-02-22,"Mark Roussin, CPA",DHwoJCG4ndQ,buy,263,2023-12-24,2024-03-23
NVDA,2024-02-22,Ticker Symbol: YOU,2c-FSmratsw,buy,1211,2023-12-24,2024-03-23
NVDA,2024-02-22,Ticker Symbol: YOU,2c-FSmratsw,buy,1212,2023-12-24,2024-03-23
TSLA,2024-02-22,Dividend Bull,lPn6paBIAoM,sell,405,2023-12-24,2024-03-23
AMD,2024-02-26,ZipTrader,W076zJiNRzc,buy,1360,2023-12-28,2024-03-27
AMD,2024-02-26,ZipTrader,W076zJiNRzc,sell,1361,2023-12-28,2024-03-27
AMD,2024-02-26,ZipTrader,W076zJiNRzc,buy,1362,2023-12-28,2024-03-27
NVDA,2024-02-26,ZipTrader,W076zJiNRzc,buy,1358,2023-12-28,2024-03-27
NVDA,2024-02-26,ZipTrader,W076zJiNRzc,buy,1359,2023-12-28,2024-03-27
NVDA,2024-02-29,"Mark Roussin, CPA",k7V84N-44_0,buy,180,2023-12-31,2024-03-30
NVDA,2024-02-29,"Mark Roussin, CPA",k7V84N-44_0,sell,181,2023-12-31,2024-03-30
SMCI,2024-03-04,Tom Nash,aHzGTH_khbk,buy,1418,2024-01-04,2024-04-03
NVDA,2024-03-05,ZipTrader,UQufws2hsEg,buy,1367,2024-01-05,2024-04-04
AAPL,2024-03-08,HyperChange,xcgzbhFC8cI,buy,1236,2024-01-08,2024-04-07
AAPL,2024-03-08,HyperChange,xcgzbhFC8cI,buy,1237,2024-01-08,2024-04-07
AMD,2024-03-11,Ticker Symbol: YOU,xGytjbBLnWA,buy,1188,2024-01-11,2024-04-10
GOOGL,2024-03-11,The Investor Channel,b2jd57munzA,buy,462,2024-01-11,2024-04-10
NVDA,2024-03-11,The Investor Channel,b2jd57munzA,buy,459,2024-01-11,2024-04-10
NVDA,2024-03-11,The Investor Channel,b2jd57munzA,sell,460,2024-01-11,2024-04-10
NVDA,2024-03-11,Ticker Symbol: YOU,xGytjbBLnWA,buy,1189,2024-01-11,2024-04-10
TSLA,2024-03-11,The Investor Channel,b2jd57munzA,buy,461,2024-01-11,2024-04-10
AAPL,2024-03-14,"Mark Roussin, CPA",QI1-fVa3k0Y,buy,207,2024-01-14,2024-04-13
NVDA,2024-03-14,"Mark Roussin, CPA",QI1-fVa3k0Y,buy,208,2024-01-14,2024-04-13
AAPL,2024-03-15,"Mark Roussin, CPA",fGxKLd_vZiE,buy,171,2024-01-15,2024-04-14
AAPL,2024-03-15,The Investor Channel,Qqyh_M2m8q4,sell,449,2024-01-15,2024-04-14
AMZN,2024-03-15,The Investor Channel,Qqyh_M2m8q4,buy,450,2024-01-15,2024-04-14
DIS,2024-03-15,The Investor Channel,Qqyh_M2m8q4,buy,448,2024-01-15,2024-04-14
GOOGL,2024-03-15,The Investor Channel,Qqyh_M2m8q4,buy,451,2024-01-15,2024-04-14
NVDA,2024-03-18,New Money,idxW9VGdXoA,sell,1342,2024-01-18,2024-04-17
TSLA,2024-03-18,New Money,idxW9VGdXoA,buy,1343,2024-01-18,2024-04-17
TSLA,2024-03-18,New Money,idxW9VGdXoA,buy,1344,2024-01-18,2024-04-17
NVDA,2024-03-22,ZipTrader,CmKN0xbLrZ0,buy,1368,2024-01-22,2024-04-21
AMC,2024-03-29,Dividend Bull,_r-6KPbghHQ,sell,408,2024-01-29,2024-04-28
MSFT,2024-03-29,The Investor Channel,9ph98Km7DlI,buy,438,2024-01-29,2024-04-28
TSLA,2024-04-04,Tom Nash,CDRoV47XNcY,buy,1423,2024-02-04,2024-05-04
GOOGL,2024-04-10,Ticker Symbol: YOU,7qP-8H1OOWI,buy,1542,2024-02-10,2024-05-10
TSLA,2024-04-12,"Mark Roussin, CPA",7xjcq6UCQeg,buy,242,2024-02-12,2024-05-12
AMZN,2024-04-15,The Investor Channel,eggEEC821zU,buy,546,2024-02-15,2024-05-15
MSFT,2024-04-15,The Investor Channel,eggEEC821zU,buy,544,2024-02-15,2024-05-15
MSFT,2024-04-15,The Investor Channel,eggEEC821zU,buy,545,2024-02-15,2024-05-15
NFLX,2024-04-15,The Investor Channel,eggEEC821zU,buy,548,2024-02-15,2024-05-15
TSLA,2024-04-15,The Investor Channel,eggEEC821zU,buy,547,2024-02-15,2024-05-15
NVDA,2024-04-16,Dividend Bull,x1CWG9Nkkms,sell,407,2024-02-16,2024-05-16
TSLA,2024-04-18,HyperChange,v-H-njyqsjk,buy,1241,2024-02-18,2024-05-18
NVDA,2024-04-19,The Investor Channel,qH6EtG6cMdg,buy,567,2024-02-19,2024-05-19
TSLA,2024-04-23,HyperChange,UlV2ZZU3LcM,buy,1250,2024-02-23,2024-05-23
TSLA,2024-04-23,HyperChange,UlV2ZZU3LcM,buy,1251,2024-02-23,2024-05-23
TSLA,2024-04-23,HyperChange,UlV2ZZU3LcM,buy,1252,2024-02-23,2024-05-23
TSLA,2024-04-23,HyperChange,UlV2ZZU3LcM,buy,1253,2024-02-23,2024-05-23
TSLA,2024-04-23,HyperChange,UlV2ZZU3LcM,buy,1254,2024-02-23,2024-05-23
TSLA,2024-04-23,HyperChange,UlV2ZZU3LcM,buy,1255,2024-02-23,2024-05-23
GOOGL,2024-04-24,The Investor Channel,5PLoEQ4HQ6k,buy,493,2024-02-24,2024-05-24
TSLA,2024-04-24,The Investor Channel,JYfll2c5rwk,buy,505,2024-02-24,2024-05-24
TSLA,2024-04-25,HyperChange,CXipshs1kKs,buy,1257,2024-02-25,2024-05-25
MSFT,2024-04-26,"Mark Roussin, CPA",5VeZdJgvV_8,buy,314,2024-02-26,2024-05-26
MSFT,2024-04-26,"Mark Roussin, CPA",5VeZdJgvV_8,buy,315,2024-02-26,2024-05-26
AMD,2024-04-30,The Investor Channel,BWqKW5FhMPU,buy,499,2024-03-01,2024-05-30
AMZN,2024-04-30,The Investor Channel,5zWVlMFDctw,sell,494,2024-03-01,2024-05-30
PYPL,2024-04-30,The Investor Channel,QWuUXX2SotE,buy,522,2024-03-01,2024-05-30
AMZN,2024-05-02,"Mark Roussin, CPA",DZmAGPtKjPo,buy,264,2024-03-03,2024-06-01
TSLA,2024-05-02,"Mark Roussin, CPA",DZmAGPtKjPo,sell,265,2024-03-03,2024-06-01
AAPL,2024-05-06,New Money,Am6p8enFLNE,buy,1296,2024-03-07,2024-06-05
AAPL,2024-05-06,New Money,Am6p8enFLNE,sell,1297,2024-03-07,2024-06-05
AAPL,2024-05-06,New Money,Am6p8enFLNE,sell,1298,2024-03-07,2024-06-05
AAPL,2024-05-06,New Money,Am6p8enFLNE,sell,1299,2024-03-07,2024-06-05
TSLA,2024-05-07,Tom Nash,tbpowoLx-J8,buy,1417,2024-03-08,2024-06-06
AAPL,2024-05-09,"Mark Roussin, CPA",ADryjBZl_7k,sell,256,2024-03-10,2024-06-08
GOOGL,2024-05-09,"Mark Roussin, CPA",ADryjBZl_7k,buy,255,2024-03-10,2024-06-08
MSFT,2024-05-09,"Mark Roussin, CPA",ADryjBZl_7k,buy,257,2024-03-10,2024-06-08
AMZN,2024-05-13,Daniel Pronk,CCgjum72pOI,buy,440,2024-03-14,2024-06-12
SHOP,2024-05-13,Daniel Pronk,aIEQTFt8NZM,buy,456,2024-03-14,2024-06-12
SHOP,2024-05-13,Daniel Pronk,aIEQTFt8NZM,buy,457,2024-03-14,2024-06-12
SHOP,2024-05-13,Daniel Pronk,aIEQTFt8NZM,buy,458,2024-03-14,2024-06-12
AAPL,2024-05-16,Learn to Invest - Investors Grow,Ming72kfHAM,buy,345,2024-03-17,2024-06-15
AAPL,2024-05-16,Learn to Invest - Investors Grow,Ming72kfHAM,buy,346,2024-03-17,2024-06-15
AMC,2024-05-16,"Mark Roussin, CPA",WOjn_TvP4yM,buy,219,2024-03-17,2024-06-15
AMD,2024-05-16,"Mark Roussin, CPA",WOjn_TvP4yM,buy,222,2024-03-17,2024-06-15
AMZN,2024-05-16,"Mark Roussin, CPA",WOjn_TvP4yM,buy,221,2024-03-17,2024-06-15
DIS,2024-05-16,"Mark Roussin, CPA",WOjn_TvP4yM,buy,220,2024-03-17,2024-06-15
AAPL,2024-05-17,The Investor Channel,KO0r8HCnpNA,buy,607,2024-03-18,2024-06-16
GOOGL,2024-05-17,The Investor Channel,KO0r8HCnpNA,buy,608,2024-03-18,2024-06-16
NFLX,2024-05-17,The Investor Channel,KO0r8HCnpNA,buy,606,2024-03-18,2024-06-16
TSLA,2024-05-17,The Investor Channel,KO0r8HCnpNA,buy,609,2024-03-18,2024-06-16
TSLA,2024-05-17,The Investor Channel,KO0r8HCnpNA,buy,610,2024-03-18,2024-06-16
NVDA,2024-05-20,Ticker Symbol: YOU,dBL3Uuddag8,buy,1234,2024-03-21,2024-06-19
NVDA,2024-05-21,Tom Nash,6PuZ7mehLMA,buy,1481,2024-03-22,2024-06-20
NVDA,2024-05-21,Tom Nash,6PuZ7mehLMA,buy,1482,2024-03-22,2024-06-20
AAPL,2024-05-22,The Investor Channel,GSMDAFFGQfY,buy,599,2024-03-23,2024-06-21
NVDA,2024-05-22,The Investor Channel,GSMDAFFGQfY,buy,595,2024-03-23,2024-06-21
NVDA,2024-05-22,The Investor Channel,GSMDAFFGQfY,buy,596,2024-03-23,2024-06-21
NVDA,2024-05-22,The Investor Channel,GSMDAFFGQfY,buy,597,2024-03-23,2024-06-21
NVDA,2024-05-22,The Investor Channel,GSMDAFFGQfY,buy,598,2024-03-23,2024-06-21
AAPL,2024-05-27,New Money,e9SQIJdpip4,buy,1313,2024-03-28,2024-06-26
AMC,2024-05-31,The Plain Bagel,JooqHEF0kBo,sell,1074,2024-04-01,2024-06-30
AMC,2024-05-31,The Plain Bagel,JooqHEF0kBo,sell,1075,2024-04-01,2024-06-30
AMZN,2024-05-31,The Investor Channel,HxRtMnno26U,buy,601,2024-04-01,2024-06-30
GOOGL,2024-05-31,The Investor Channel,HxRtMnno26U,buy,603,2024-04-01,2024-06-30
MSFT,2024-05-31,The Investor Channel,HxRtMnno26U,buy,604,2024-04-01,2024-06-30
NVDA,2024-05-31,The Investor Channel,HxRtMnno26U,buy,602,2024-04-01,2024-06-30
TSLA,2024-05-31,The Investor Channel,HxRtMnno26U,buy,605,2024-04-01,2024-06-30
AMZN,2024-06-04,Daniel Pronk,CBkJYmCLwuk,buy,439,2024-04-05,2024-07-04
AMZN,2024-06-04,Learn to Invest - Investors Grow,bCjiTqdpD0w,buy,914,2024-04-05,2024-07-04
AMZN,2024-06-04,Learn to Invest - Investors Grow,bCjiTqdpD0w,buy,915,2024-04-05,2024-07-04
AAPL,2024-06-06,"Mark Roussin, CPA",69tvwNdEijo,buy,233,2024-04-07,2024-07-06
NVDA,2024-06-06,"Mark Roussin, CPA",69tvwNdEijo,buy,232,2024-04-07,2024-07-06
AMZN,2024-06-07,"Mark Roussin, CPA",H7CX1Oy3jsU,buy,288,2024-04-08,2024-07-07
NVDA,2024-06-07,Tom Nash,VX1kzNPKsdg,sell,1405,2024-04-08,2024-07-07
NVDA,2024-06-07,Tom Nash,VX1kzNPKsdg,buy,1406,2024-04-08,2024-07-07
NVDA,2024-06-07,Tom Nash,VX1kzNPKsdg,buy,1407,2024-04-08,2024-07-07
NVDA,2024-06-12,The Investor Channel,0sKFt_JMcTY,sell,570,2024-04-13,2024-07-12
TSLA,2024-06-13,Tom Nash,0uosLDD-cms,sell,1474,2024-04-14,2024-07-13
TSLA,2024-06-13,Tom Nash,0uosLDD-cms,buy,1475,2024-04-14,2024-07-13
TSLA,2024-06-13,Tom Nash,0uosLDD-cms,sell,1476,2024-04-14,2024-07-13
MSFT,2024-06-17,Learn to Invest - Investors Grow,9VLh8B-euGA,sell,819,2024-04-18,2024-07-17
AAPL,2024-06-21,The Investor Channel,h6HIi6lt54A,buy,631,2024-04-22,2024-07-21
NVDA,2024-06-27,"Mark Roussin, CPA",ElltxVRB1i8,sell,268,2024-04-28,2024-07-27
NVDA,2024-06-27,The Investor Channel,LHgMtd6cQYc,buy,611,2024-04-28,2024-07-27
NVDA,2024-06-28,The Investor Channel,F0AbrBHeBaA,buy,591,2024-04-29,2024-07-28
NVDA,2024-06-28,The Investor Channel,F0AbrBHeBaA,buy,592,2024-04-29,2024-07-28
TSLA,2024-06-28,The Investor Channel,F0AbrBHeBaA,sell,593,2024-04-29,2024-07-28
TSLA,2024-06-28,The Investor Channel,F0AbrBHeBaA,buy,594,2024-04-29,2024-07-28
NVDA,2024-07-01,"Mark Roussin, CPA",yLQATDoXNUU,buy,164,2024-05-02,2024-07-31
AAPL,2024-07-04,"Mark Roussin, CPA",XD_A6QxK6Ys,buy,227,2024-05-05,2024-08-03
AMZN,2024-07-04,"Mark Roussin, CPA",XD_A6QxK6Ys,buy,226,2024-05-05,2024-08-03
NVDA,2024-07-04,"Mark Roussin, CPA",XD_A6QxK6Ys,buy,225,2024-05-05,2024-08-03
TSLA,2024-07-04,"Mark Roussin, CPA",XD_A6QxK6Ys,sell,224,2024-05-05,2024-08-03
GOOGL,2024-07-05,The Investor Channel,V0ywPcUZB9k,buy,616,2024-05-06,2024-08-04
MSFT,2024-07-05,The Investor Channel,V0ywPcUZB9k,buy,617,2024-05-06,2024-08-04
TSLA,2024-07-08,Ale's World of Stocks,nDHhN9YQEMQ,buy,1166,2024-05-09,2024-08-07
TSLA,2024-07-08,Ale's World of Stocks,nDHhN9YQEMQ,buy,1167,2024-05-09,2024-08-07
AMZN,2024-07-10,"Mark Roussin, CPA",iuKfWZeZQXc,buy,175,2024-05-11,2024-08-09
GOOGL,2024-07-10,"Mark Roussin, CPA",iuKfWZeZQXc,buy,176,2024-05-11,2024-08-09
AMZN,2024-07-11,Daniel Pronk,rQOt1FluT8Q,buy,568,2024-05-12,2024-08-10
AMD,2024-07-12,Ticker Symbol: YOU,TWfBbgfxarA,buy,1187,2024-05-13,2024-08-11
MSFT,2024-07-12,The Investor Channel,XrKLFEvv3ss,buy,670,2024-05-13,2024-08-11
NFLX,2024-07-12,The Investor Channel,XrKLFEvv3ss,buy,669,2024-05-13,2024-08-11
NVDA,2024-07-12,Ticker Symbol: YOU,TWfBbgfxarA,buy,1184,2024-05-13,2024-08-11
NVDA,2024-07-12,Ticker Symbol: YOU,TWfBbgfxarA,buy,1185,2024-05-13,2024-08-11
NVDA,2024-07-12,Ticker Symbol: YOU,TWfBbgfxarA,buy,1186,2024-05-13,2024-08-11
TSLA,2024-07-12,The Investor Channel,XrKLFEvv3ss,buy,671,2024-05-13,2024-08-11
MSFT,2024-07-15,New Money,dsVxaGMD2q8,buy,1071,2024-05-16,2024-08-14
GOOGL,2024-07-18,Daniel Pronk,AI6Eg40wiIA,sell,496,2024-05-19,2024-08-17
GOOGL,2024-07-18,Daniel Pronk,AI6Eg40wiIA,sell,497,2024-05-19,2024-08-17
GOOGL,2024-07-18,Daniel Pronk,AI6Eg40wiIA,sell,498,2024-05-19,2024-08-17
NVDA,2024-07-18,"Mark Roussin, CPA",9RAhp7eX9sg,buy,249,2024-05-19,2024-08-17
AMZN,2024-07-22,"Mark Roussin, CPA",H4omu31OkBg,buy,286,2024-05-23,2024-08-21
AMZN,2024-07-22,"Mark Roussin, CPA",H4omu31OkBg,buy,287,2024-05-23,2024-08-21
AMZN,2024-07-23,Daniel Pronk,59HNpkTtKSk,buy,492,2024-05-24,2024-08-22
GOOGL,2024-07-23,Daniel Pronk,59HNpkTtKSk,buy,489,2024-05-24,2024-08-22
GOOGL,2024-07-23,Daniel Pronk,59HNpkTtKSk,sell,490,2024-05-24,2024-08-22
GOOGL,2024-07-23,Daniel Pronk,59HNpkTtKSk,buy,491,2024-05-24,2024-08-22
GOOGL,2024-07-23,The Investor Channel,MTf2pSEkct0,buy,657,2024-05-24,2024-08-22
TSLA,2024-07-23,The Investor Channel,fhilgLVRlis,sell,681,2024-05-24,2024-08-22
TSLA,2024-07-23,The Investor Channel,fhilgLVRlis,buy,682,2024-05-24,2024-08-22
TSLA,2024-07-24,Daniel Pronk,IGq1dbxALWw,sell,504,2024-05-25,2024-08-23
TSLA,2024-07-25,"Mark Roussin, CPA",8uucHSsjrRk,buy,248,2024-05-26,2024-08-24
CRM,2024-07-29,"Mark Roussin, CPA",IncQgF07zCE,buy,290,2024-05-30,2024-08-28
GOOGL,2024-07-29,Ale's World of Stocks,TjnN1HYrORI,buy,1183,2024-05-30,2024-08-28
TSLA,2024-07-29,Ale's World of Stocks,TjnN1HYrORI,buy,1181,2024-05-30,2024-08-28
TSLA,2024-07-29,Ale's World of Stocks,TjnN1HYrORI,buy,1182,2024-05-30,2024-08-28
AMD,2024-07-30,The Investor Channel,XTlUWtaAG3M,buy,667,2024-05-31,2024-08-29
GOOGL,2024-07-30,The Investor Channel,XTlUWtaAG3M,buy,668,2024-05-31,2024-08-29
MSFT,2024-07-30,The Investor Channel,YtXLGN64_Ko,buy,673,2024-05-31,2024-08-29
MSFT,2024-07-30,The Investor Channel,YtXLGN64_Ko,buy,674,2024-05-31,2024-08-29
MSFT,2024-07-30,The Investor Channel,YtXLGN64_Ko,sell,675,2024-05-31,2024-08-29
MSFT,2024-07-30,The Investor Channel,YtXLGN64_Ko,buy,676,2024-05-31,2024-08-29
MSFT,2024-07-30,The Investor Channel,YtXLGN64_Ko,buy,677,2024-05-31,2024-08-29
MSFT,2024-07-30,Sasha Yanshin,9DANrNUHzSM,sell,1163,2024-05-31,2024-08-29
TSLA,2024-07-30,Sasha Yanshin,9DANrNUHzSM,buy,1162,2024-05-31,2024-08-29
AAPL,2024-08-01,The Investor Channel,XvyPcBUIg1o,buy,672,2024-06-02,2024-08-31
AMD,2024-08-01,"Mark Roussin, CPA",iNPfkVVLq2E,buy,173,2024-06-02,2024-08-31
NVDA,2024-08-01,"Mark Roussin, CPA",iNPfkVVLq2E,buy,174,2024-06-02,2024-08-31
AMD,2024-08-02,The Investor Channel,9eKmFGuV38g,buy,648,2024-06-03,2024-09-01
MSFT,2024-08-02,The Investor Channel,9eKmFGuV38g,buy,649,2024-06-03,2024-09-01
TSLA,2024-08-02,The Investor Channel,9eKmFGuV38g,buy,650,2024-06-03,2024-09-01
AAPL,2024-08-06,New Money,zecjFAPHjVg,sell,1306,2024-06-07,2024-09-05
AAPL,2024-08-06,New Money,zecjFAPHjVg,buy,1307,2024-06-07,2024-09-05
AAPL,2024-08-06,New Money,zecjFAPHjVg,sell,1308,2024-06-07,2024-09-05
GOOGL,2024-08-06,Ticker Symbol: YOU,TzVOmTHnUiI,buy,1219,2024-06-07,2024-09-05
GOOGL,2024-08-06,Tom Nash,KVpqcgux86I,sell,1394,2024-06-07,2024-09-05
MSFT,2024-08-06,Ticker Symbol: YOU,TzVOmTHnUiI,buy,1214,2024-06-07,2024-09-05
MSFT,2024-08-06,Ticker Symbol: YOU,TzVOmTHnUiI,buy,1215,2024-06-07,2024-09-05
NVDA,2024-08-06,Ticker Symbol: YOU,TzVOmTHnUiI,buy,1216,2024-06-07,2024-09-05
NVDA,2024-08-06,Ticker Symbol: YOU,TzVOmTHnUiI,buy,1217,2024-06-07,2024-09-05
NVDA,2024-08-06,Ticker Symbol: YOU,TzVOmTHnUiI,buy,1218,2024-06-07,2024-09-05
AAPL,2024-08-09,Daniel Pronk,106DBitSrOw,buy,486,2024-06-10,2024-09-08
NVDA,2024-08-09,Daniel Pronk,106DBitSrOw,buy,485,2024-06-10,2024-09-08
AAPL,2024-08-12,"Mark Roussin, CPA",sUoXl_cnvEw,buy,193,2024-06-13,2024-09-11
AMZN,2024-08-12,"Mark Roussin, CPA",sUoXl_cnvEw,buy,191,2024-06-13,2024-09-11
GOOGL,2024-08-12,"Mark Roussin, CPA",sUoXl_cnvEw,buy,192,2024-06-13,2024-09-11
TSLA,2024-08-12,"Mark Roussin, CPA",sUoXl_cnvEw,buy,194,2024-06-13,2024-09-11
AAPL,2024-08-15,"Mark Roussin, CPA",7NlWCxxhYhA,sell,437,2024-06-16,2024-09-14
NVDA,2024-08-15,"Mark Roussin, CPA",7NlWCxxhYhA,buy,436,2024-06-16,2024-09-14
AMZN,2024-08-19,"Mark Roussin, CPA",0GRyV8uCtNk,buy,427,2024-06-20,2024-09-18
AMZN,2024-08-19,"Mark Roussin, CPA",0GRyV8uCtNk,buy,428,2024-06-20,2024-09-18
DIS,2024-08-19,"Mark Roussin, CPA",0GRyV8uCtNk,buy,429,2024-06-20,2024-09-18
AMZN,2024-08-22,"Mark Roussin, CPA",EtK8NBC96yQ,buy,269,2024-06-23,2024-09-21
AMZN,2024-08-22,"Mark Roussin, CPA",EtK8NBC96yQ,buy,270,2024-06-23,2024-09-21
AMZN,2024-08-22,"Mark Roussin, CPA",EtK8NBC96yQ,buy,271,2024-06-23,2024-09-21
AMZN,2024-08-22,Tom Nash,yZ1vJZZb-08,buy,1401,2024-06-23,2024-09-21
GOOGL,2024-08-22,"Mark Roussin, CPA",EtK8NBC96yQ,buy,272,2024-06-23,2024-09-21
NVDA,2024-08-22,Tom Nash,yZ1vJZZb-08,buy,1398,2024-06-23,2024-09-21
NVDA,2024-08-22,Tom Nash,yZ1vJZZb-08,buy,1399,2024-06-23,2024-09-21
NVDA,2024-08-22,Tom Nash,yZ1vJZZb-08,buy,1400,2024-06-23,2024-09-21
AAPL,2024-08-26,Ale's World of Stocks,oi_sc__iBVM,buy,1168,2024-06-27,2024-09-25
AAPL,2024-08-26,Ale's World of Stocks,oi_sc__iBVM,sell,1169,2024-06-27,2024-09-25
AAPL,2024-08-26,Ale's World of Stocks,oi_sc__iBVM,sell,1170,2024-06-27,2024-09-25
AAPL,2024-08-26,Ale's World of Stocks,oi_sc__iBVM,sell,1171,2024-06-27,2024-09-25
AAPL,2024-08-26,Ale's World of Stocks,oi_sc__iBVM,sell,1172,2024-06-27,2024-09-25
NVDA,2024-08-26,Tom Nash,lsiaZYfs7-U,sell,1404,2024-06-27,2024-09-25
NVDA,2024-08-28,ZipTrader,cH-CrgACU0Q,sell,1382,2024-06-29,2024-09-27
NVDA,2024-08-29,"Mark Roussin, CPA",FyL889Uw5Vs,buy,277,2024-06-30,2024-09-28
NVDA,2024-08-29,The Investor Channel,va6CBbAJmgY,sell,694,2024-06-30,2024-09-28
PYPL,2024-08-29,Daniel Pronk,wNI0xbwJT4g,buy,635,2024-06-30,2024-09-28
AAPL,2024-09-04,"Mark Roussin, CPA",msQ4vtXVREI,sell,479,2024-07-06,2024-10-04
NVDA,2024-09-04,"Mark Roussin, CPA",msQ4vtXVREI,buy,477,2024-07-06,2024-10-04
NVDA,2024-09-04,"Mark Roussin, CPA",msQ4vtXVREI,sell,478,2024-07-06,2024-10-04
NVDA,2024-09-05,Ale's World of Stocks,3yNC-hV4XeQ,sell,1175,2024-07-07,2024-10-05
GOOGL,2024-09-06,Daniel Pronk,zcrNVzQTX5c,buy,636,2024-07-08,2024-10-06
GOOGL,2024-09-06,Daniel Pronk,zcrNVzQTX5c,sell,637,2024-07-08,2024-10-06
NVDA,2024-09-09,"Mark Roussin, CPA",CT2pUJ90wUg,sell,262,2024-07-11,2024-10-09
TSLA,2024-09-20,The Investor Channel,BtM-Yexjpt0,buy,711,2024-07-22,2024-10-20
DIS,2024-09-23,Learn to Invest - Investors Grow,j3cDPUdOZEQ,buy,942,2024-07-25,2024-10-23
DIS,2024-09-23,Learn to Invest - Investors Grow,j3cDPUdOZEQ,buy,943,2024-07-25,2024-10-23
AAPL,2024-09-27,The Investor Channel,ue7nbewrXzM,buy,780,2024-07-29,2024-10-27
MSFT,2024-10-01,"Mark Roussin, CPA",2qrHvyWm1Nk,buy,431,2024-08-02,2024-10-31
AMZN,2024-10-07,"Mark Roussin, CPA",dAsglLC8um8,buy,463,2024-08-08,2024-11-06
PYPL,2024-10-07,"Mark Roussin, CPA",dAsglLC8um8,buy,464,2024-08-08,2024-11-06
PYPL,2024-10-07,"Mark Roussin, CPA",dAsglLC8um8,buy,465,2024-08-08,2024-11-06
GOOGL,2024-10-08,Learn to Invest - Investors Grow,uJi4KdcuHPQ,buy,330,2024-08-09,2024-11-07
GOOGL,2024-10-08,Learn to Invest - Investors Grow,uJi4KdcuHPQ,buy,331,2024-08-09,2024-11-07
GOOGL,2024-10-08,Learn to Invest - Investors Grow,uJi4KdcuHPQ,buy,332,2024-08-09,2024-11-07
TGT,2024-10-08,"Mark Roussin, CPA",QqMTP8BgSWQ,buy,210,2024-08-09,2024-11-07
NFLX,2024-10-17,The Investor Channel,aB-vNHVnZj8,buy,761,2024-08-18,2024-11-16
NFLX,2024-10-17,The Investor Channel,aB-vNHVnZj8,buy,762,2024-08-18,2024-11-16
AAPL,2024-10-23,Financial Education,Bh0WFgMNWS4,sell,1147,2024-08-24,2024-11-22
NVDA,2024-10-23,Financial Education,Bh0WFgMNWS4,buy,1144,2024-08-24,2024-11-22
NVDA,2024-10-23,Financial Education,Bh0WFgMNWS4,sell,1145,2024-08-24,2024-11-22
NVDA,2024-10-23,Financial Education,Bh0WFgMNWS4,sell,1146,2024-08-24,2024-11-22
TSLA,2024-10-23,Financial Education,Bh0WFgMNWS4,sell,1138,2024-08-24,2024-11-22
TSLA,2024-10-23,Financial Education,Bh0WFgMNWS4,buy,1139,2024-08-24,2024-11-22
TSLA,2024-10-23,Financial Education,Bh0WFgMNWS4,sell,1140,2024-08-24,2024-11-22
TSLA,2024-10-23,Financial Education,Bh0WFgMNWS4,buy,1141,2024-08-24,2024-11-22
TSLA,2024-10-23,Financial Education,Bh0WFgMNWS4,buy,1142,2024-08-24,2024-11-22
TSLA,2024-10-23,Financial Education,Bh0WFgMNWS4,buy,1143,2024-08-24,2024-11-22
AMZN,2024-10-28,HyperChange,mwGbJHvTDb8,buy,1265,2024-08-29,2024-11-27
AMZN,2024-10-28,HyperChange,mwGbJHvTDb8,buy,1266,2024-08-29,2024-11-27
TSLA,2024-10-28,Sasha Yanshin,paKnoskDdbk,buy,1161,2024-08-29,2024-11-27
TSLA,2024-10-28,HyperChange,mwGbJHvTDb8,buy,1267,2024-08-29,2024-11-27
PYPL,2024-10-29,Financial Education,I6loWAUoXuE,buy,1123,2024-08-30,2024-11-28
AMZN,2024-10-30,"Mark Roussin, CPA",X2o6D0dnnx0,buy,452,2024-08-31,2024-11-29
GOOGL,2024-10-30,"Mark Roussin, CPA",X2o6D0dnnx0,buy,453,2024-08-31,2024-11-29
GOOGL,2024-10-30,"Mark Roussin, CPA",X2o6D0dnnx0,buy,454,2024-08-31,2024-11-29
GOOGL,2024-10-30,The Investor Channel,m3XqgJCqVIw,buy,764,2024-08-31,2024-11-29
MSFT,2024-10-30,The Investor Channel,m3XqgJCqVIw,buy,763,2024-08-31,2024-11-29
AAPL,2024-11-01,The Investor Channel,syC5FsFwz_I,buy,772,2024-09-02,2024-12-01
AAPL,2024-11-01,The Investor Channel,syC5FsFwz_I,buy,773,2024-09-02,2024-12-01
MSFT,2024-11-01,The Investor Channel,RVeTgcO9X3w,buy,738,2024-09-02,2024-12-01
AMD,2024-11-04,Ticker Symbol: YOU,nkVt_oNlFeA,sell,1543,2024-09-05,2024-12-04
AMD,2024-11-04,Ticker Symbol: YOU,nkVt_oNlFeA,sell,1544,2024-09-05,2024-12-04
TSLA,2024-11-05,Learn to Invest - Investors Grow,SyvKBT4Uv7M,buy,350,2024-09-06,2024-12-05
TSLA,2024-11-05,Learn to Invest - Investors Grow,SyvKBT4Uv7M,sell,351,2024-09-06,2024-12-05
UBER,2024-11-05,"Mark Roussin, CPA",8LCfFVYJ1i8,buy,243,2024-09-06,2024-12-05
TSLA,2024-11-06,"Mark Roussin, CPA",KVZG8lFsusw,buy,516,2024-09-07,2024-12-06
NVDA,2024-11-11,Ticker Symbol: YOU,m-b2tgJRswc,buy,1222,2024-09-12,2024-12-11
UBER,2024-11-18,"Mark Roussin, CPA",mHYihT3g6wE,buy,554,2024-09-19,2024-12-18
NVDA,2024-11-21,The Investor Channel,oY2d8UmUW40,sell,963,2024-09-22,2024-12-21
NVDA,2024-11-21,The Investor Channel,oY2d8UmUW40,sell,964,2024-09-22,2024-12-21
NVDA,2024-11-21,The Investor Channel,oY2d8UmUW40,buy,965,2024-09-22,2024-12-21
AAPL,2024-11-25,"Mark Roussin, CPA",h-e9icfFDRg,buy,552,2024-09-26,2024-12-25
AAPL,2024-11-25,"Mark Roussin, CPA",h-e9icfFDRg,buy,553,2024-09-26,2024-12-25
AAPL,2024-11-25,The Investor Channel,E2T89zidPF4,sell,825,2024-09-26,2024-12-25
AMZN,2024-11-25,The Investor Channel,E2T89zidPF4,buy,828,2024-09-26,2024-12-25
GOOGL,2024-11-25,The Investor Channel,E2T89zidPF4,buy,826,2024-09-26,2024-12-25
GOOGL,2024-11-25,The Investor Channel,E2T89zidPF4,buy,827,2024-09-26,2024-12-25
MSFT,2024-11-25,"Mark Roussin, CPA",h-e9icfFDRg,buy,550,2024-09-26,2024-12-25
MSFT,2024-11-25,"Mark Roussin, CPA",h-e9icfFDRg,buy,551,2024-09-26,2024-12-25
NVDA,2024-11-25,"Mark Roussin, CPA",h-e9icfFDRg,sell,549,2024-09-26,2024-12-25
MSFT,2024-12-04,Tom Nash,kLq9UBVTUYY,buy,1082,2024-10-05,2025-01-03
AMD,2024-12-10,Financial Education,x3Uw6BppRb4,buy,1148,2024-10-11,2025-01-09
AMD,2024-12-10,Financial Education,x3Uw6BppRb4,buy,1149,2024-10-11,2025-01-09
AMD,2024-12-10,Financial Education,x3Uw6BppRb4,buy,1150,2024-10-11,2025-01-09
AMD,2024-12-10,Financial Education,x3Uw6BppRb4,buy,1151,2024-10-11,2025-01-09
AMD,2024-12-10,Financial Education,x3Uw6BppRb4,sell,1152,2024-10-11,2025-01-09
PYPL,2024-12-10,Financial Education,x3Uw6BppRb4,buy,1155,2024-10-11,2025-01-09
SHOP,2024-12-10,Financial Education,x3Uw6BppRb4,buy,1153,2024-10-11,2025-01-09
TSLA,2024-12-10,Financial Education,x3Uw6BppRb4,buy,1154,2024-10-11,2025-01-09
UBER,2024-12-12,"Mark Roussin, CPA",6YvweUV-ajQ,buy,495,2024-10-13,2025-01-11
AMD,2024-12-16,"Mark Roussin, CPA",eNw6yS2Y56s,buy,537,2024-10-17,2025-01-15
AMD,2024-12-16,"Mark Roussin, CPA",eNw6yS2Y56s,buy,538,2024-10-17,2025-01-15
AMZN,2024-12-16,"Mark Roussin, CPA",eNw6yS2Y56s,buy,539,2024-10-17,2025-01-15
GOOGL,2024-12-16,"Mark Roussin, CPA",eNw6yS2Y56s,buy,541,2024-10-17,2025-01-15
GOOGL,2024-12-16,"Mark Roussin, CPA",eNw6yS2Y56s,buy,542,2024-10-17,2025-01-15
NVDA,2024-12-16,"Mark Roussin, CPA",eNw6yS2Y56s,buy,536,2024-10-17,2025-01-15
SQ,2024-12-16,"Mark Roussin, CPA",eNw6yS2Y56s,buy,543,2024-10-17,2025-01-15
TSLA,2024-12-16,HyperChange,4uMukGPVwfs,buy,1289,2024-10-17,2025-01-15
UBER,2024-12-16,"Mark Roussin, CPA",eNw6yS2Y56s,buy,540,2024-10-17,2025-01-15
TSLA,2024-12-19,ZipTrader,HbUvydKt8EI,buy,1390,2024-10-20,2025-01-18
AAPL,2024-12-30,Ale's World of Stocks,iL5_zy2PCsA,sell,1176,2024-10-31,2025-01-29
AMD,2024-12-30,"Mark Roussin, CPA",EBmGIYljxE8,buy,501,2024-10-31,2025-01-29
CRM,2024-12-30,"Mark Roussin, CPA",EBmGIYljxE8,buy,500,2024-10-31,2025-01-29
NVDA,2024-12-30,The Plain Bagel,nKHzfQd4lOo,buy,1069,2024-10-31,2025-01-29
NVDA,2024-12-30,The Plain Bagel,nKHzfQd4lOo,buy,1070,2024-10-31,2025-01-29
AAPL,2025-01-07,"Mark Roussin, CPA",EFs06gRjeng,sell,502,2024-11-08,2025-02-06
AMD,2025-01-09,"Mark Roussin, CPA",MQm_kCp_U1c,buy,203,2024-11-10,2025-02-08
AAPL,2025-01-21,"Value Investing with Sven Carlin, Ph.D.",vDirkgS91VQ,buy,355,2024-11-22,2025-02-20
AAPL,2025-01-21,"Value Investing with Sven Carlin, Ph.D.",vDirkgS91VQ,buy,356,2024-11-22,2025-02-20
NFLX,2025-01-21,The Investor Channel,8gBZgigQuJw,buy,815,2024-11-22,2025-02-20
AMZN,2025-01-22,ZipTrader,HEvRiI2r2lQ,buy,1092,2024-11-23,2025-02-21
NVDA,2025-01-22,ZipTrader,HEvRiI2r2lQ,buy,1093,2024-11-23,2025-02-21
NFLX,2025-01-23,"Mark Roussin, CPA",CHaKoFHkcj4,sell,261,2024-11-24,2025-02-22
NVDA,2025-01-23,"Mark Roussin, CPA",CHaKoFHkcj4,buy,260,2024-11-24,2025-02-22
AAPL,2025-01-27,"Mark Roussin, CPA",T1O1R31FfE8,sell,213,2024-11-28,2025-02-26
MSFT,2025-01-27,"Mark Roussin, CPA",T1O1R31FfE8,sell,214,2024-11-28,2025-02-26
MSFT,2025-01-27,The Investor Channel,06V7SVt3GjI,buy,790,2024-11-28,2025-02-26
NVDA,2025-01-27,"Mark Roussin, CPA",T1O1R31FfE8,sell,212,2024-11-28,2025-02-26
TSLA,2025-01-27,"Mark Roussin, CPA",T1O1R31FfE8,sell,215,2024-11-28,2025-02-26
AAPL,2025-01-30,The Investor Channel,AlCzv5zsmxo,sell,820,2024-12-01,2025-03-01
AAPL,2025-01-30,The Investor Channel,AlCzv5zsmxo,buy,821,2024-12-01,2025-03-01
NVDA,2025-01-30,"Mark Roussin, CPA",1EawsAPK3Dc,sell,577,2024-12-01,2025-03-01
AMD,2025-02-03,"Mark Roussin, CPA",Phjel1okTXY,buy,613,2024-12-05,2025-03-05
MSFT,2025-02-03,The Investor Channel,P3PyYK1o7yw,buy,885,2024-12-05,2025-03-05
NFLX,2025-02-03,The Investor Channel,P3PyYK1o7yw,buy,884,2024-12-05,2025-03-05
NVDA,2025-02-03,The Investor Channel,P3PyYK1o7yw,buy,883,2024-12-05,2025-03-05
AMD,2025-02-04,The Investor Channel,YainaNr8tPw,buy,894,2024-12-06,2025-03-06
AMZN,2025-02-04,"Mark Roussin, CPA",5K5AbqFlvDo,buy,578,2024-12-06,2025-03-06
GOOGL,2025-02-05,The Investor Channel,z0Bm0nDtgKo,buy,985,2024-12-07,2025-03-07
AMD,2025-02-11,"Mark Roussin, CPA",cYm6zLgYueU,buy,623,2024-12-13,2025-03-13
TSLA,2025-02-11,Sasha Yanshin,uydkWBlPHg0,buy,1110,2024-12-13,2025-03-13
TSLA,2025-02-11,Sasha Yanshin,uydkWBlPHg0,buy,1111,2024-12-13,2025-03-13
TSLA,2025-02-11,Sasha Yanshin,uydkWBlPHg0,sell,1112,2024-12-13,2025-03-13
TSLA,2025-02-11,Sasha Yanshin,uydkWBlPHg0,sell,1113,2024-12-13,2025-03-13
TSLA,2025-02-11,Sasha Yanshin,uydkWBlPHg0,sell,1114,2024-12-13,2025-03-13
AAPL,2025-02-13,"Mark Roussin, CPA",G1YjWlbaXPk,sell,280,2024-12-15,2025-03-15
MSFT,2025-02-13,"Mark Roussin, CPA",G1YjWlbaXPk,buy,278,2024-12-15,2025-03-15
MSFT,2025-02-13,"Mark Roussin, CPA",G1YjWlbaXPk,buy,279,2024-12-15,2025-03-15
MSFT,2025-02-14,"Value Investing with Sven Carlin, Ph.D.",YLfeoftJSvw,buy,364,2024-12-16,2025-03-16
AMZN,2025-02-17,"Mark Roussin, CPA",GtCiy06cRBM,buy,600,2024-12-19,2025-03-19
NVDA,2025-02-17,"Value Investing with Sven Carlin, Ph.D.",qVdSw6TQHG8,buy,354,2024-12-19,2025-03-19
NVDA,2025-02-17,Everything Money,k0rpxeieWDA,buy,1439,2024-12-19,2025-03-19
TSLA,2025-02-17,Everything Money,k0rpxeieWDA,sell,1438,2024-12-19,2025-03-19
META,2025-02-21,"Value Investing with Sven Carlin, Ph.D.",fBIC3Nf0hPU,buy,469,2024-12-23,2025-03-23
AAPL,2025-02-24,The Investor Channel,ep5g-IJwkbg,buy,921,2024-12-26,2025-03-26
AAPL,2025-02-24,The Investor Channel,ep5g-IJwkbg,buy,922,2024-12-26,2025-03-26
AMZN,2025-02-24,The Investor Channel,ep5g-IJwkbg,buy,923,2024-12-26,2025-03-26
AMZN,2025-02-24,The Investor Channel,ep5g-IJwkbg,sell,924,2024-12-26,2025-03-26
AMZN,2025-02-24,The Investor Channel,ep5g-IJwkbg,buy,925,2024-12-26,2025-03-26
NVDA,2025-02-24,The Investor Channel,ep5g-IJwkbg,buy,926,2024-12-26,2025-03-26
TSLA,2025-02-24,The Investor Channel,ep5g-IJwkbg,buy,927,2024-12-26,2025-03-26
AMZN,2025-03-03,"Mark Roussin, CPA",0xLoc5ZFIMU,buy,572,2025-01-02,2025-04-02
AMZN,2025-03-03,"Mark Roussin, CPA",0xLoc5ZFIMU,sell,573,2025-01-02,2025-04-02
AMZN,2025-03-03,"Mark Roussin, CPA",0xLoc5ZFIMU,buy,574,2025-01-02,2025-04-02
CRM,2025-03-03,"Mark Roussin, CPA",0xLoc5ZFIMU,buy,571,2025-01-02,2025-04-02
NVDA,2025-03-03,"Mark Roussin, CPA",0xLoc5ZFIMU,buy,575,2025-01-02,2025-04-02
PYPL,2025-03-03,"Mark Roussin, CPA",0xLoc5ZFIMU,buy,576,2025-01-02,2025-04-02
AMZN,2025-03-05,Daniel Pronk,I9TbGxFlLn0,buy,655,2025-01-04,2025-04-04
UBER,2025-03-05,"Value Investing with Sven Carlin, Ph.D.",NwJu_BEmFaw,buy,447,2025-01-04,2025-04-04
AMD,2025-03-06,"Mark Roussin, CPA",tTgdBy6R790,buy,152,2025-01-05,2025-04-05
GOOGL,2025-03-06,"Mark Roussin, CPA",tTgdBy6R790,buy,149,2025-01-05,2025-04-05
UBER,2025-03-06,"Mark Roussin, CPA",tTgdBy6R790,buy,150,2025-01-05,2025-04-05
UBER,2025-03-06,"Mark Roussin, CPA",tTgdBy6R790,buy,151,2025-01-05,2025-04-05
AAPL,2025-03-07,The Investor Channel,y4fA-Io6T0A,buy,979,2025-01-06,2025-04-06
NFLX,2025-03-07,The Investor Channel,y4fA-Io6T0A,buy,981,2025-01-06,2025-04-06
TSLA,2025-03-07,Dividend Bull,fumAfswKdjI,sell,932,2025-01-06,2025-04-06
TSLA,2025-03-07,The Investor Channel,y4fA-Io6T0A,buy,980,2025-01-06,2025-04-06
AMZN,2025-03-11,Daniel Pronk,VPO0PCjRmRY,buy,666,2025-01-10,2025-04-10
AMZN,2025-03-11,"Mark Roussin, CPA",b_hHuv_Phtg,sell,678,2025-01-10,2025-04-10
NVDA,2025-03-11,"Mark Roussin, CPA",b_hHuv_Phtg,sell,679,2025-01-10,2025-04-10
AAPL,2025-03-12,"Mark Roussin, CPA",ntKIeUrxyws,buy,184,2025-01-11,2025-04-11
AAPL,2025-03-12,"Mark Roussin, CPA",ntKIeUrxyws,sell,185,2025-01-11,2025-04-11
AMZN,2025-03-17,"Mark Roussin, CPA",yyyGluuHR8g,buy,166,2025-01-16,2025-04-16
AMZN,2025-03-17,Daniel Pronk,sVOEBCiQQkk,sell,685,2025-01-16,2025-04-16
AMZN,2025-03-17,Daniel Pronk,sVOEBCiQQkk,buy,686,2025-01-16,2025-04-16
AMZN,2025-03-17,Daniel Pronk,sVOEBCiQQkk,buy,687,2025-01-16,2025-04-16
GOOGL,2025-03-17,Daniel Pronk,sVOEBCiQQkk,sell,688,2025-01-16,2025-04-16
GOOGL,2025-03-17,Daniel Pronk,sVOEBCiQQkk,buy,689,2025-01-16,2025-04-16
MSFT,2025-03-17,Daniel Pronk,sVOEBCiQQkk,sell,690,2025-01-16,2025-04-16
MSFT,2025-03-17,Learn to Invest - Investors Grow,MiibryTnAjo,buy,867,2025-01-16,2025-04-16
AMZN,2025-03-18,Daniel Pronk,HdjAR956Q1s,buy,716,2025-01-17,2025-04-17
GOOGL,2025-03-18,Daniel Pronk,HdjAR956Q1s,buy,714,2025-01-17,2025-04-17
GOOGL,2025-03-18,Daniel Pronk,HdjAR956Q1s,sell,715,2025-01-17,2025-04-17
AMZN,2025-03-19,"Mark Roussin, CPA",8WVdvD0wjW8,buy,247,2025-01-18,2025-04-18
TSLA,2025-03-19,"Mark Roussin, CPA",8WVdvD0wjW8,buy,246,2025-01-18,2025-04-18
AMZN,2025-03-26,"Mark Roussin, CPA",grDxXjdWJ4g,buy,172,2025-01-25,2025-04-25
TSLA,2025-03-26,Everything Money,w73gVwZQdZU,buy,1442,2025-01-25,2025-04-25
AAPL,2025-03-27,"Value Investing with Sven Carlin, Ph.D.",AgnNJUoXqdU,buy,382,2025-01-26,2025-04-26
AMZN,2025-03-28,Daniel Pronk,pRVAAb8Pdrg,sell,768,2025-01-27,2025-04-27
AMZN,2025-03-28,Daniel Pronk,pRVAAb8Pdrg,buy,769,2025-01-27,2025-04-27
MSFT,2025-03-28,Learn to Invest - Investors Grow,wyCQuzCkjIc,buy,973,2025-01-27,2025-04-27
MSFT,2025-03-31,"Mark Roussin, CPA",3z4R3WdBgRs,buy,645,2025-01-30,2025-04-30
AMZN,2025-04-03,Daniel Pronk,rCyVqHoh0Uw,sell,771,2025-02-02,2025-05-03
AMZN,2025-04-04,Daniel Pronk,_QxILIyoTpY,buy,759,2025-02-03,2025-05-04
MSFT,2025-04-04,Daniel Pronk,_QxILIyoTpY,buy,758,2025-02-03,2025-05-04
MSFT,2025-04-07,Learn to Invest - Investors Grow,KkwARDjcjjg,buy,858,2025-02-06,2025-05-07
TSLA,2025-04-07,"Value Investing with Sven Carlin, Ph.D.",TTvQdyLU9_4,buy,375,2025-02-06,2025-05-07
NVDA,2025-04-09,Daniel Pronk,QPYF3JyP9gc,buy,732,2025-02-08,2025-05-09
AAPL,2025-04-14,"Value Investing with Sven Carlin, Ph.D.",4tB2ULo8JWs,buy,381,2025-02-13,2025-05-14
AMZN,2025-04-16,"Mark Roussin, CPA",8PNFMVvAfeI,buy,244,2025-02-15,2025-05-16
AMZN,2025-04-16,"Mark Roussin, CPA",8PNFMVvAfeI,buy,245,2025-02-15,2025-05-16
AMZN,2025-04-18,The Investor Channel,tEmA258ybFM,buy,969,2025-02-17,2025-05-18
AMZN,2025-04-18,The Investor Channel,tEmA258ybFM,buy,970,2025-02-17,2025-05-18
AMZN,2025-04-22,Jose Najarro Stocks,TfBPPX3bUrE,buy,28,2025-02-21,2025-05-22
GOOGL,2025-04-22,"Mark Roussin, CPA",QoXefyYRu18,buy,209,2025-02-21,2025-05-22
TSLA,2025-04-22,Jose Najarro Stocks,TfBPPX3bUrE,buy,23,2025-02-21,2025-05-22
TSLA,2025-04-22,Jose Najarro Stocks,TfBPPX3bUrE,sell,24,2025-02-21,2025-05-22
TSLA,2025-04-22,Jose Najarro Stocks,TfBPPX3bUrE,sell,25,2025-02-21,2025-05-22
TSLA,2025-04-22,Jose Najarro Stocks,TfBPPX3bUrE,buy,26,2025-02-21,2025-05-22
TSLA,2025-04-22,Jose Najarro Stocks,TfBPPX3bUrE,buy,27,2025-02-21,2025-05-22
TSLA,2025-04-22,Daniel Pronk,UECqui19X24,buy,745,2025-02-21,2025-05-22
TSLA,2025-04-22,Daniel Pronk,UECqui19X24,sell,746,2025-02-21,2025-05-22
TSLA,2025-04-25,"Value Investing with Sven Carlin, Ph.D.",WSsgV5bChu8,sell,523,2025-02-24,2025-05-25
GOOGL,2025-04-28,Daniel Pronk,oqzd0wkImYc,buy,767,2025-02-27,2025-05-28
DIS,2025-04-29,The Swedish Investor,XR57WlqX4iM,buy,1045,2025-02-28,2025-05-29
DIS,2025-04-29,The Swedish Investor,XR57WlqX4iM,buy,1046,2025-02-28,2025-05-29
SOFI,2025-04-29,"Mark Roussin, CPA",F0jcfe1ChZI,buy,651,2025-02-28,2025-05-29
AMZN,2025-05-02,Daniel Pronk,DRbD9NQo9lA,buy,712,2025-03-03,2025-06-01
GOOGL,2025-05-02,Daniel Pronk,DRbD9NQo9lA,buy,713,2025-03-03,2025-06-01
AMZN,2025-05-05,"Mark Roussin, CPA",Ip8Lpa_0nmI,buy,293,2025-03-06,2025-06-04
GOOGL,2025-05-05,"Mark Roussin, CPA",Ip8Lpa_0nmI,buy,292,2025-03-06,2025-06-04
NVDA,2025-05-05,"Mark Roussin, CPA",Ip8Lpa_0nmI,buy,291,2025-03-06,2025-06-04
AMZN,2025-05-14,"Mark Roussin, CPA",deZJaYmRzh0,buy,169,2025-03-15,2025-06-13
TSLA,2025-05-14,Chris Sain,TWbl-PTpWUY,buy,1054,2025-03-15,2025-06-13
AMD,2025-05-19,"Mark Roussin, CPA",6HzyLo0qD7E,buy,647,2025-03-20,2025-06-18
AMZN,2025-05-19,"Value Investing with Sven Carlin, Ph.D.",YK0B7NkWxEI,buy,363,2025-03-20,2025-06-18
GOOGL,2025-05-19,"Mark Roussin, CPA",6HzyLo0qD7E,buy,646,2025-03-20,2025-06-18
GOOGL,2025-05-20,Jose Najarro Stocks,aT9dTY-LD3A,buy,46,2025-03-21,2025-06-19
NVDA,2025-05-20,Jose Najarro Stocks,aT9dTY-LD3A,buy,47,2025-03-21,2025-06-19
NVDA,2025-05-20,Jose Najarro Stocks,aT9dTY-LD3A,sell,48,2025-03-21,2025-06-19
NVDA,2025-05-20,Jose Najarro Stocks,aT9dTY-LD3A,buy,49,2025-03-21,2025-06-19
DIS,2025-05-21,"Mark Roussin, CPA",lBbrekG9mJc,sell,183,2025-03-22,2025-06-20
NVDA,2025-05-21,Jose Najarro Stocks,gJJsebHnej4,buy,53,2025-03-22,2025-06-20
NVDA,2025-05-21,Jose Najarro Stocks,HgRFFG9IZ2Y,buy,67,2025-03-22,2025-06-20
NVDA,2025-05-22,Jose Najarro Stocks,gVnUKjkA5M0,sell,54,2025-03-23,2025-06-21
AMZN,2025-05-26,The Investor Channel,FXQwVHHbuwo,sell,830,2025-03-27,2025-06-25
NFLX,2025-05-26,The Investor Channel,FXQwVHHbuwo,buy,831,2025-03-27,2025-06-25
NVDA,2025-05-26,Jose Najarro Stocks,B5mWHAX3Z00,buy,132,2025-03-27,2025-06-25
NVDA,2025-05-26,Jose Najarro Stocks,B5mWHAX3Z00,buy,133,2025-03-27,2025-06-25
NVDA,2025-05-28,Jose Najarro Stocks,MH9GaeOCR5c,buy,82,2025-03-29,2025-06-27
NVDA,2025-05-28,Jose Najarro Stocks,MH9GaeOCR5c,sell,83,2025-03-29,2025-06-27
NVDA,2025-05-28,Jose Najarro Stocks,MH9GaeOCR5c,sell,84,2025-03-29,2025-06-27
NVDA,2025-05-28,"Mark Roussin, CPA",3HVmj0ekB3o,sell,708,2025-03-29,2025-06-27
SOFI,2025-05-28,Jose Najarro Stocks,MH9GaeOCR5c,sell,85,2025-03-29,2025-06-27
NVDA,2025-05-29,Jose Najarro Stocks,l1EhVSTa1ok,buy,17,2025-03-30,2025-06-28
AMZN,2025-06-02,Everything Money,J2ysrIiwgZE,buy,1430,2025-04-03,2025-07-02
AAPL,2025-06-05,Jose Najarro Stocks,l7-j07teo3M,buy,18,2025-04-06,2025-07-05
DIS,2025-06-05,Jose Najarro Stocks,l7-j07teo3M,buy,19,2025-04-06,2025-07-05
PYPL,2025-06-05,Jose Najarro Stocks,l7-j07teo3M,buy,20,2025-04-06,2025-07-05
NVDA,2025-06-06,Jose Najarro Stocks,PXtwn6WPQxg,buy,102,2025-04-07,2025-07-06
META,2025-06-09,Chris Sain,zCnBQKLEAmo,buy,1059,2025-04-10,2025-07-09
AMD,2025-06-10,Jose Najarro Stocks,QAc2yhiX6Tc,buy,105,2025-04-11,2025-07-10
SOFI,2025-06-11,"Mark Roussin, CPA",KmdDY5LadsQ,buy,199,2025-04-12,2025-07-11
SOFI,2025-06-11,"Mark Roussin, CPA",KmdDY5LadsQ,buy,200,2025-04-12,2025-07-11
NVDA,2025-06-12,Jose Najarro Stocks,W_PUT886Hsg,buy,40,2025-04-13,2025-07-12
AMD,2025-06-13,Financial Education,VUdL13x5WJ4,buy,1290,2025-04-14,2025-07-13
AMD,2025-06-13,Financial Education,VUdL13x5WJ4,buy,1291,2025-04-14,2025-07-13
AMD,2025-06-13,Financial Education,VUdL13x5WJ4,sell,1292,2025-04-14,2025-07-13
AMD,2025-06-16,Jose Najarro Stocks,3b_rL8xzsSs,buy,118,2025-04-17,2025-07-16
GOOGL,2025-06-16,"Value Investing with Sven Carlin, Ph.D.",w5XLVGMh-Vs,buy,634,2025-04-17,2025-07-16
AAPL,2025-06-17,Jose Najarro Stocks,EPYNXeTbgCg,sell,57,2025-04-18,2025-07-17
META,2025-06-17,Jose Najarro Stocks,EPYNXeTbgCg,buy,59,2025-04-18,2025-07-17
SOFI,2025-06-17,Jose Najarro Stocks,EPYNXeTbgCg,buy,58,2025-04-18,2025-07-17
MSFT,2025-06-18,Dividendology,KFZsdeOBIGo,buy,515,2025-04-19,2025-07-18
AAPL,2025-06-19,"Value Investing with Sven Carlin, Ph.D.",F-rlTnig8kM,sell,590,2025-04-20,2025-07-19
AMD,2025-06-23,Jose Najarro Stocks,_0xgiC5-zkY,buy,45,2025-04-24,2025-07-23
GOOGL,2025-06-23,Jose Najarro Stocks,ViHbN8sqowE,sell,38,2025-04-24,2025-07-23
AMD,2025-06-24,Jose Najarro Stocks,QuRSsgfoN9o,buy,106,2025-04-25,2025-07-24
GOOGL,2025-06-24,Jose Najarro Stocks,DasPTS8i000,buy,56,2025-04-25,2025-07-24
GOOGL,2025-06-24,Jose Najarro Stocks,QuRSsgfoN9o,sell,107,2025-04-25,2025-07-24
AAPL,2025-06-25,"Mark Roussin, CPA",Fr68_uKiwjc,buy,275,2025-04-26,2025-07-25
GOOGL,2025-06-25,Jose Najarro Stocks,DKFqBKs-_kE,buy,55,2025-04-26,2025-07-25
GOOGL,2025-06-25,"Mark Roussin, CPA",Fr68_uKiwjc,buy,276,2025-04-26,2025-07-25
NVDA,2025-06-25,Jose Najarro Stocks,5BvNeo_HMKg,sell,122,2025-04-26,2025-07-25
NVDA,2025-06-25,Jose Najarro Stocks,5BvNeo_HMKg,buy,123,2025-04-26,2025-07-25
META,2025-06-26,Chris Sain,3cZ0meXHFSU,buy,1056,2025-04-27,2025-07-26
AAPL,2025-06-27,The Swedish Investor,37HErhv0PDw,buy,1031,2025-04-28,2025-07-27
GOOGL,2025-06-30,"Mark Roussin, CPA",YImsDJ8hR2A,buy,757,2025-05-01,2025-07-30
GOOGL,2025-07-02,"Mark Roussin, CPA",UTpQ9y4jlJM,buy,216,2025-05-03,2025-08-01
GOOGL,2025-07-04,Chris Sain,OALvs2pdQfY,buy,1057,2025-05-05,2025-08-03
AMD,2025-07-07,Jose Najarro Stocks,3nAQGvu0LFU,buy,119,2025-05-08,2025-08-06
AMD,2025-07-07,Jose Najarro Stocks,3nAQGvu0LFU,buy,120,2025-05-08,2025-08-06
NVDA,2025-07-07,Jose Najarro Stocks,3nAQGvu0LFU,buy,121,2025-05-08,2025-08-06
AMD,2025-07-08,Jose Najarro Stocks,In4uPq-ou6A,buy,69,2025-05-09,2025-08-07
AMD,2025-07-08,"Mark Roussin, CPA",o72YzcjiICw,buy,765,2025-05-09,2025-08-07
PYPL,2025-07-08,"Mark Roussin, CPA",o72YzcjiICw,buy,766,2025-05-09,2025-08-07
UBER,2025-07-08,Chris Sain,ytsNssXX3Ik,buy,1393,2025-05-09,2025-08-07
AMD,2025-07-09,"Mark Roussin, CPA",UWtNR1yleKQ,buy,217,2025-05-10,2025-08-08
GOOGL,2025-07-09,"Mark Roussin, CPA",UWtNR1yleKQ,buy,218,2025-05-10,2025-08-08
AMZN,2025-07-10,Daniel Pronk,_cZhr7MIffI,sell,902,2025-05-11,2025-08-09
META,2025-07-10,Daniel Pronk,_cZhr7MIffI,buy,903,2025-05-11,2025-08-09
AMD,2025-07-11,Jose Najarro Stocks,2uKbBJCs6UA,buy,116,2025-05-12,2025-08-10
AMZN,2025-07-11,The Investor Channel,KqvdR_iAHQs,sell,859,2025-05-12,2025-08-10
UBER,2025-07-15,Jose Najarro Stocks,CG10U8nRJrQ,buy,137,2025-05-16,2025-08-14
AMD,2025-07-16,Jose Najarro Stocks,JJnHO-r1NDU,buy,75,2025-05-17,2025-08-15
NVDA,2025-07-16,Jose Najarro Stocks,WZn7DEvbUSg,buy,39,2025-05-17,2025-08-15
NVDA,2025-07-16,Jose Najarro Stocks,JJnHO-r1NDU,sell,73,2025-05-17,2025-08-15
NVDA,2025-07-16,Jose Najarro Stocks,JJnHO-r1NDU,buy,74,2025-05-17,2025-08-15
NVDA,2025-07-16,Jose Najarro Stocks,MD9aPvypKlU,buy,81,2025-05-17,2025-08-15
AAPL,2025-07-17,Daniel Pronk,lzXp9c353yA,sell,955,2025-05-18,2025-08-16
GOOGL,2025-07-17,Daniel Pronk,lzXp9c353yA,sell,953,2025-05-18,2025-08-16
MSFT,2025-07-17,Daniel Pronk,lzXp9c353yA,sell,956,2025-05-18,2025-08-16
NVDA,2025-07-17,Daniel Pronk,lzXp9c353yA,sell,957,2025-05-18,2025-08-16
TSLA,2025-07-17,Daniel Pronk,lzXp9c353yA,sell,954,2025-05-18,2025-08-16
MSFT,2025-07-21,Dividendology,n8jYsbCxYl0,buy,632,2025-05-22,2025-08-20
NVDA,2025-07-21,Jose Najarro Stocks,SS6iA7rkR0I,sell,108,2025-05-22,2025-08-20
NVDA,2025-07-21,Chris Sain,55fKMiktDC4,buy,1397,2025-05-22,2025-08-20
GOOGL,2025-07-23,Dividendology,oTEK1i5pHPk,buy,633,2025-05-24,2025-08-22
GOOGL,2025-07-23,"Mark Roussin, CPA",2SY-Ut8tnSs,buy,797,2025-05-24,2025-08-22
TSLA,2025-07-23,"Mark Roussin, CPA",2SY-Ut8tnSs,buy,798,2025-05-24,2025-08-22
GOOGL,2025-07-25,Jose Najarro Stocks,FLfvPzUYoPE,buy,60,2025-05-26,2025-08-24
GOOGL,2025-07-25,Daniel Pronk,89lxKPzAWXc,sell,811,2025-05-26,2025-08-24
NFLX,2025-07-25,Daniel Pronk,89lxKPzAWXc,sell,812,2025-05-26,2025-08-24
NVDA,2025-07-25,Jose Najarro Stocks,V2n8fGThJas,buy,32,2025-05-26,2025-08-24
TSLA,2025-07-25,Daniel Pronk,89lxKPzAWXc,buy,813,2025-05-26,2025-08-24
TSLA,2025-07-25,Daniel Pronk,89lxKPzAWXc,buy,814,2025-05-26,2025-08-24
AAPL,2025-07-29,Financial Education,VKqFKUJAGhI,buy,1295,2025-05-30,2025-08-28
AMD,2025-07-29,Financial Education,VKqFKUJAGhI,buy,1293,2025-05-30,2025-08-28
PYPL,2025-07-29,"Mark Roussin, CPA",Ld4zhcEYzSE,buy,201,2025-05-30,2025-08-28
SOFI,2025-07-29,Financial Education,VKqFKUJAGhI,buy,1294,2025-05-30,2025-08-28
GOOGL,2025-07-30,Jose Najarro Stocks,kSzohaLWEDc,buy,13,2025-05-31,2025-08-29
MSFT,2025-07-30,Jose Najarro Stocks,kSzohaLWEDc,buy,12,2025-05-31,2025-08-29
MSFT,2025-07-31,Learn to Invest - Investors Grow,j9OjfCX_uzo,buy,344,2025-06-01,2025-08-30
MSFT,2025-08-01,Daniel Pronk,ZTHRbIdPkOw,buy,897,2025-06-02,2025-08-31
MSFT,2025-08-04,"Mark Roussin, CPA",ebJB5e-7KlU,buy,920,2025-06-05,2025-09-03
AMD,2025-08-05,Jose Najarro Stocks,PQ13EzRF-iU,buy,99,2025-06-06,2025-09-04
AMD,2025-08-05,Jose Najarro Stocks,St89OhMFi08,buy,109,2025-06-06,2025-09-04
AMZN,2025-08-05,Jose Najarro Stocks,PQ13EzRF-iU,buy,101,2025-06-06,2025-09-04
GOOGL,2025-08-05,Jose Najarro Stocks,PQ13EzRF-iU,buy,100,2025-06-06,2025-09-04
AMD,2025-08-06,Financial Education,R3icAh9z77s,buy,1304,2025-06-07,2025-09-05
NVDA,2025-08-06,Financial Education,R3icAh9z77s,buy,1305,2025-06-07,2025-09-05
AMD,2025-08-11,Jose Najarro Stocks,lS5d1IXawe8,buy,21,2025-06-12,2025-09-10
AMD,2025-08-11,Jose Najarro Stocks,XIFBe1sQ154,sell,41,2025-06-12,2025-09-10
NVDA,2025-08-11,Jose Najarro Stocks,XIFBe1sQ154,sell,42,2025-06-12,2025-09-10
NVDA,2025-08-11,Jose Najarro Stocks,fEddj8s8az8,buy,51,2025-06-12,2025-09-10
CRM,2025-08-13,"Mark Roussin, CPA",vRT41fint9A,buy,160,2025-06-14,2025-09-12
NVDA,2025-08-13,Jose Najarro Stocks,H8csy_L4fqg,buy,65,2025-06-14,2025-09-12
NVDA,2025-08-13,Jose Najarro Stocks,H8csy_L4fqg,sell,66,2025-06-14,2025-09-12
NVDA,2025-08-13,"Mark Roussin, CPA",vRT41fint9A,buy,161,2025-06-14,2025-09-12
UBER,2025-08-14,Everything Money,O9H33R9D0KA,buy,1443,2025-06-15,2025-09-13
UBER,2025-08-14,Everything Money,O9H33R9D0KA,buy,1444,2025-06-15,2025-09-13
NVDA,2025-08-18,Jose Najarro Stocks,TjFsAeG7rLM,buy,29,2025-06-19,2025-09-17
GOOGL,2025-08-19,Jose Najarro Stocks,MdBJZubgoCU,buy,89,2025-06-20,2025-09-18
PYPL,2025-08-19,Jose Najarro Stocks,MdBJZubgoCU,buy,86,2025-06-20,2025-09-18
PYPL,2025-08-19,Jose Najarro Stocks,MdBJZubgoCU,buy,87,2025-06-20,2025-09-18
SOFI,2025-08-19,Jose Najarro Stocks,MdBJZubgoCU,buy,88,2025-06-20,2025-09-18
GOOGL,2025-08-20,Jose Najarro Stocks,GIPCWsA3i4Y,buy,62,2025-06-21,2025-09-19
MSFT,2025-08-21,Jose Najarro Stocks,BS-FOYQpQP8,buy,136,2025-06-22,2025-09-20
NVDA,2025-08-21,Jose Najarro Stocks,BS-FOYQpQP8,buy,135,2025-06-22,2025-09-20
AAPL,2025-08-22,The Investor Channel,SmljtuGoV7s,buy,890,2025-06-23,2025-09-21
NVDA,2025-08-22,Jose Najarro Stocks,OiynXzBbo90,sell,98,2025-06-23,2025-09-21
NVDA,2025-08-22,The Investor Channel,SmljtuGoV7s,sell,889,2025-06-23,2025-09-21
NVDA,2025-08-25,Jose Najarro Stocks,6KPwRv_UBi0,buy,128,2025-06-26,2025-09-24
NVDA,2025-08-25,Jose Najarro Stocks,6KPwRv_UBi0,buy,129,2025-06-26,2025-09-24
NVDA,2025-08-25,Best of Us Investors,WQRRgjZvw48,buy,1058,2025-06-26,2025-09-24
NVDA,2025-08-27,Jose Najarro Stocks,1YqWGg78zqk,buy,114,2025-06-28,2025-09-26
NVDA,2025-08-27,Jose Najarro Stocks,1YqWGg78zqk,buy,115,2025-06-28,2025-09-26
GOOGL,2025-08-28,Jose Najarro Stocks,LOS2PyV2pqo,buy,77,2025-06-29,2025-09-27
NVDA,2025-08-28,Jose Najarro Stocks,hp7YC4lmPE0,buy,7,2025-06-29,2025-09-27
NVDA,2025-08-28,Jose Najarro Stocks,LOS2PyV2pqo,buy,76,2025-06-29,2025-09-27
NVDA,2025-08-28,Daniel Pronk,UDnrbOicxiI,buy,892,2025-06-29,2025-09-27
TSLA,2025-08-29,The Investor Channel,2tVhdKZH-Qw,buy,801,2025-06-30,2025-09-28
TSLA,2025-09-01,Graham Stephan,1vMAWsYU0ng,buy,1124,2025-07-03,2025-10-01
NVDA,2025-09-02,Best of Us Investors,3UksR3ghPi4,sell,1055,2025-07-04,2025-10-02
GOOGL,2025-09-04,Jose Najarro Stocks,LSUYcqxepAM,sell,78,2025-07-06,2025-10-04
AAPL,2025-09-08,"Value Investing with Sven Carlin, Ph.D.",5ZPmwYaROH4,sell,584,2025-07-10,2025-10-08
AAPL,2025-09-10,"Value Investing with Sven Carlin, Ph.D.",UTQ26wh6hgQ,sell,663,2025-07-12,2025-10-10
AAPL,2025-09-10,"Value Investing with Sven Carlin, Ph.D.",UTQ26wh6hgQ,sell,664,2025-07-12,2025-10-10
AMZN,2025-09-10,"Value Investing with Sven Carlin, Ph.D.",UTQ26wh6hgQ,buy,665,2025-07-12,2025-10-10
NVDA,2025-09-12,Couch Investor,9kJI7BgxLM8,buy,2,2025-07-14,2025-10-12
PYPL,2025-09-12,Jose Najarro Stocks,yslEPeWGu5I,buy,482,2025-07-14,2025-10-12
SOFI,2025-09-12,Couch Investor,9kJI7BgxLM8,buy,1,2025-07-14,2025-10-12
UBER,2025-09-12,"Value Investing with Sven Carlin, Ph.D.",iTetpxvFy1c,buy,369,2025-07-14,2025-10-12
UBER,2025-09-12,Kenan Grace,h3IyIxsBlWg,buy,1357,2025-07-14,2025-10-12
AAPL,2025-09-15,"Value Investing with Sven Carlin, Ph.D.",dHw6Q5198dc,buy,365,2025-07-17,2025-10-15
NVDA,2025-09-15,Jose Najarro Stocks,cA9G2OXZXVQ,buy,50,2025-07-17,2025-10-15
PYPL,2025-09-15,Jose Najarro Stocks,qf-5Lg2fT5M,buy,481,2025-07-17,2025-10-15
META,2025-09-17,Jose Najarro Stocks,VM6-KSk5TYE,buy,37,2025-07-19,2025-10-17
PYPL,2025-09-17,Jose Najarro Stocks,VM6-KSk5TYE,buy,36,2025-07-19,2025-10-17
AMD,2025-09-22,Jose Najarro Stocks,kh-qIeu-wEA,buy,14,2025-07-24,2025-10-22
NVDA,2025-09-22,Jose Najarro Stocks,kh-qIeu-wEA,sell,15,2025-07-24,2025-10-22
AMD,2025-09-25,Jose Najarro Stocks,Zk0jV8RP_Ak,buy,455,2025-07-27,2025-10-25
GOOGL,2025-09-25,Everything Money,dkit-LtWzMM,buy,1472,2025-07-27,2025-10-25
UBER,2025-09-25,Everything Money,dkit-LtWzMM,buy,1471,2025-07-27,2025-10-25
AMD,2025-09-29,Jose Najarro Stocks,Puu2pYNqcbA,buy,103,2025-07-31,2025-10-29
NVDA,2025-10-03,Jose Najarro Stocks,TZKPxgRqJgg,buy,22,2025-08-04,2025-11-02
NVDA,2025-10-03,Jose Najarro Stocks,m3MQwaywF6w,buy,475,2025-08-04,2025-11-02
NVDA,2025-10-03,Jose Najarro Stocks,m3MQwaywF6w,buy,476,2025-08-04,2025-11-02
AMD,2025-10-06,Jose Najarro Stocks,GZ_5WYJCgAo,buy,63,2025-08-07,2025-11-05
AMD,2025-10-06,Ale's World of Stocks,bYSosJ-t4Rk,buy,1160,2025-08-07,2025-11-05
NVDA,2025-10-06,"Value Investing with Sven Carlin, Ph.D.",34HX-1xNyng,buy,380,2025-08-07,2025-11-05
AMZN,2025-10-07,"Mark Roussin, CPA",22f21hgEU6s,buy,796,2025-08-08,2025-11-06
UBER,2025-10-07,"Mark Roussin, CPA",22f21hgEU6s,buy,795,2025-08-08,2025-11-06
NVDA,2025-10-08,Jose Najarro Stocks,CySDoMyamVU,buy,138,2025-08-09,2025-11-07
AMD,2025-10-09,Ticker Symbol: YOU,fX05yIuHD_4,buy,1545,2025-08-10,2025-11-08
AMD,2025-10-13,Jose Najarro Stocks,LX3ugn9QBCo,buy,79,2025-08-14,2025-11-12
AMD,2025-10-13,Jose Najarro Stocks,LX3ugn9QBCo,buy,80,2025-08-14,2025-11-12
MSFT,2025-10-13,Dividendology,_WK_pxhuz0I,buy,760,2025-08-14,2025-11-12
MSFT,2025-10-13,Everything Money,8ZllCsuVEaM,buy,1073,2025-08-14,2025-11-12
AMD,2025-10-16,Everything Money,20PT-O46nkc,buy,1452,2025-08-17,2025-11-15
NVDA,2025-10-16,Everything Money,20PT-O46nkc,buy,1451,2025-08-17,2025-11-15
AMZN,2025-10-17,The Investor Channel,2khvg8CZC_k,sell,799,2025-08-18,2025-11-16
MSFT,2025-10-17,The Investor Channel,2khvg8CZC_k,buy,800,2025-08-18,2025-11-16
AMD,2025-10-20,Financial Education,XAsQRjjpma4,sell,1310,2025-08-21,2025-11-19
AMZN,2025-10-20,Financial Education,XAsQRjjpma4,sell,1311,2025-08-21,2025-11-19
NVDA,2025-10-20,Financial Education,XAsQRjjpma4,sell,1312,2025-08-21,2025-11-19
AMZN,2025-10-22,Jose Najarro Stocks,X9Uzxwt5qzo,buy,533,2025-08-23,2025-11-21
NFLX,2025-10-22,Daniel Pronk,RwQsEcYrDTo,buy,739,2025-08-23,2025-11-21
NVDA,2025-10-22,Jose Najarro Stocks,X9Uzxwt5qzo,buy,532,2025-08-23,2025-11-21
TSLA,2025-10-22,Jose Najarro Stocks,X9Uzxwt5qzo,buy,524,2025-08-23,2025-11-21
TSLA,2025-10-22,Jose Najarro Stocks,X9Uzxwt5qzo,buy,525,2025-08-23,2025-11-21
TSLA,2025-10-22,Jose Najarro Stocks,X9Uzxwt5qzo,buy,526,2025-08-23,2025-11-21
TSLA,2025-10-22,Jose Najarro Stocks,X9Uzxwt5qzo,buy,527,2025-08-23,2025-11-21
TSLA,2025-10-22,Jose Najarro Stocks,X9Uzxwt5qzo,buy,528,2025-08-23,2025-11-21
TSLA,2025-10-22,Jose Najarro Stocks,X9Uzxwt5qzo,buy,529,2025-08-23,2025-11-21
TSLA,2025-10-22,Jose Najarro Stocks,X9Uzxwt5qzo,buy,530,2025-08-23,2025-11-21
TSLA,2025-10-22,Jose Najarro Stocks,X9Uzxwt5qzo,buy,531,2025-08-23,2025-11-21
MSFT,2025-10-24,The Investor Channel,fc1XQyB5tPM,buy,930,2025-08-25,2025-11-23
NFLX,2025-10-28,Everything Money,MLMUxTWU6cg,sell,1432,2025-08-29,2025-11-27
AAPL,2025-10-29,Dumb Money Live,c_FA16k8i_c,buy,1117,2025-08-30,2025-11-28
AAPL,2025-10-29,Dumb Money Live,c_FA16k8i_c,sell,1118,2025-08-30,2025-11-28
GOOGL,2025-10-29,Dumb Money Live,c_FA16k8i_c,sell,1115,2025-08-30,2025-11-28
GOOGL,2025-10-29,Dumb Money Live,c_FA16k8i_c,buy,1116,2025-08-30,2025-11-28
AAPL,2025-10-30,STOCK UP! with LARRY JONES,c1R83JYNJQ4,sell,1131,2025-08-31,2025-11-29
AMZN,2025-10-30,STOCK UP! with LARRY JONES,c1R83JYNJQ4,sell,1133,2025-08-31,2025-11-29
GOOGL,2025-10-30,Daniel Pronk,ZQeoYO8ZdfY,buy,895,2025-08-31,2025-11-29
GOOGL,2025-10-30,STOCK UP! with LARRY JONES,c1R83JYNJQ4,buy,1132,2025-08-31,2025-11-29
GOOGL,2025-10-30,Chris Sain,7g-IR9gGUD0,buy,1494,2025-08-31,2025-11-29
NVDA,2025-10-30,STOCK UP! with LARRY JONES,c1R83JYNJQ4,buy,1129,2025-08-31,2025-11-29
NVDA,2025-10-30,STOCK UP! with LARRY JONES,c1R83JYNJQ4,buy,1130,2025-08-31,2025-11-29
AAPL,2025-10-31,The Investor Channel,XiAXdtD9Gsg,buy,893,2025-09-01,2025-11-30
AMD,2025-11-04,Jose Najarro Stocks,nGu7J4V2yGQ,sell,555,2025-09-05,2025-12-04
AMD,2025-11-04,Jose Najarro Stocks,nGu7J4V2yGQ,buy,556,2025-09-05,2025-12-04
AMD,2025-11-04,Jose Najarro Stocks,nGu7J4V2yGQ,buy,557,2025-09-05,2025-12-04
AMD,2025-11-04,Jose Najarro Stocks,nGu7J4V2yGQ,buy,558,2025-09-05,2025-12-04
GOOGL,2025-11-04,Jose Najarro Stocks,oixTTXv5JFo,sell,566,2025-09-05,2025-12-04
META,2025-11-04,Jose Najarro Stocks,oixTTXv5JFo,sell,565,2025-09-05,2025-12-04
NVDA,2025-11-04,Jose Najarro Stocks,oixTTXv5JFo,sell,560,2025-09-05,2025-12-04
NVDA,2025-11-04,Jose Najarro Stocks,oixTTXv5JFo,sell,561,2025-09-05,2025-12-04
PLTR,2025-11-04,Jose Najarro Stocks,nGu7J4V2yGQ,buy,559,2025-09-05,2025-12-04
PLTR,2025-11-04,Jose Najarro Stocks,oixTTXv5JFo,sell,562,2025-09-05,2025-12-04
PLTR,2025-11-04,Jose Najarro Stocks,oixTTXv5JFo,buy,563,2025-09-05,2025-12-04
PLTR,2025-11-04,Jose Najarro Stocks,oixTTXv5JFo,sell,564,2025-09-05,2025-12-04
COIN,2025-11-05,STOCK UP! with LARRY JONES,nYWHivR6hdM,buy,1156,2025-09-06,2025-12-05
UBER,2025-11-06,STOCK UP! with LARRY JONES,xiK_zuUwpSc,buy,1157,2025-09-07,2025-12-06
AMD,2025-11-07,The Plain Bagel,fIcWfHikAOo,buy,1081,2025-09-08,2025-12-07
META,2025-11-07,Couch Investor,e_8sMMyMj_U,buy,467,2025-09-08,2025-12-07
SOFI,2025-11-07,Couch Investor,e_8sMMyMj_U,buy,468,2025-09-08,2025-12-07
GOOGL,2025-11-10,Dumb Money Live,KsKKUwxSOI8,buy,1128,2025-09-11,2025-12-10
NVDA,2025-11-10,Everything Money,PdtVTQhwPuI,sell,1473,2025-09-11,2025-12-10
UBER,2025-11-10,Couch Investor,I-ETli5RvXI,buy,443,2025-09-11,2025-12-10
NVDA,2025-11-11,Everything Money,oaqv-LP9ed0,buy,1434,2025-09-12,2025-12-11
NVDA,2025-11-11,Everything Money,oaqv-LP9ed0,buy,1435,2025-09-12,2025-12-11
NVDA,2025-11-11,Everything Money,oaqv-LP9ed0,buy,1436,2025-09-12,2025-12-11
NVDA,2025-11-11,Everything Money,oaqv-LP9ed0,sell,1437,2025-09-12,2025-12-11
NVDA,2025-11-13,"Value Investing with Sven Carlin, Ph.D.",dm1B5DjPP3E,sell,368,2025-09-14,2025-12-13
NVDA,2025-11-13,Daniel Pronk,GKtXZWCwFPQ,buy,832,2025-09-14,2025-12-13
NVDA,2025-11-13,Daniel Pronk,GKtXZWCwFPQ,buy,833,2025-09-14,2025-12-13
PLTR,2025-11-13,Dividend Bull,SbAnIeNGVm0,buy,413,2025-09-14,2025-12-13
AMD,2025-11-14,Couch Investor,hyox8s4fJmo,buy,472,2025-09-15,2025-12-14
AMZN,2025-11-14,The Investor Channel,kT4OdZ-tdnw,sell,946,2025-09-15,2025-12-14
GOOGL,2025-11-14,Couch Investor,hyox8s4fJmo,buy,470,2025-09-15,2025-12-14
GOOGL,2025-11-14,Couch Investor,hyox8s4fJmo,buy,471,2025-09-15,2025-12-14
AAPL,2025-11-17,Couch Investor,67MNSCXuY2I,buy,435,2025-09-18,2025-12-17
AMZN,2025-11-17,Couch Investor,67MNSCXuY2I,sell,434,2025-09-18,2025-12-17
NVDA,2025-11-17,Couch Investor,eAFVLpVL9gQ,sell,466,2025-09-18,2025-12-17
PYPL,2025-11-17,Couch Investor,67MNSCXuY2I,buy,432,2025-09-18,2025-12-17
PYPL,2025-11-17,Couch Investor,67MNSCXuY2I,buy,433,2025-09-18,2025-12-17
GOOGL,2025-11-18,Couch Investor,M0LVn5AuRtE,buy,517,2025-09-19,2025-12-18
META,2025-11-18,Couch Investor,M0LVn5AuRtE,buy,521,2025-09-19,2025-12-18
PYPL,2025-11-18,Couch Investor,M0LVn5AuRtE,buy,518,2025-09-19,2025-12-18
PYPL,2025-11-18,Couch Investor,M0LVn5AuRtE,sell,519,2025-09-19,2025-12-18
PYPL,2025-11-18,Couch Investor,M0LVn5AuRtE,buy,520,2025-09-19,2025-12-18
NVDA,2025-11-19,Couch Investor,-sI2lSNKp60,buy,483,2025-09-20,2025-12-19
NVDA,2025-11-19,Couch Investor,-sI2lSNKp60,buy,484,2025-09-20,2025-12-19
NVDA,2025-11-19,Couch Investor,Ecya2aXzbIQ,buy,503,2025-09-20,2025-12-19
NVDA,2025-11-19,Jose Najarro Stocks,5SwfsZKX0Wk,buy,581,2025-09-20,2025-12-19
NVDA,2025-11-19,Jose Najarro Stocks,5SwfsZKX0Wk,buy,582,2025-09-20,2025-12-19
NVDA,2025-11-19,Jose Najarro Stocks,5SwfsZKX0Wk,buy,583,2025-09-20,2025-12-19
TSLA,2025-11-19,"Value Investing with Sven Carlin, Ph.D.",V0c9kZdpiWo,buy,377,2025-09-20,2025-12-19
META,2025-11-21,Daniel Pronk,oD5dQTzOjlM,sell,961,2025-09-22,2025-12-21
META,2025-11-21,Daniel Pronk,oD5dQTzOjlM,buy,962,2025-09-22,2025-12-21
AAPL,2025-11-24,The Investor Channel,GeqEjvs1vFQ,buy,838,2025-09-25,2025-12-24
AMD,2025-11-24,Meet Kevin,Q91eWzrwLeY,buy,1080,2025-09-25,2025-12-24
GOOGL,2025-11-24,"Value Investing with Sven Carlin, Ph.D.",ycJP5cE1yOE,buy,358,2025-09-25,2025-12-24
MSFT,2025-11-24,Jose Najarro Stocks,VLGOO8yqgzs,buy,35,2025-09-25,2025-12-24
NVDA,2025-11-24,Jose Najarro Stocks,VLGOO8yqgzs,buy,33,2025-09-25,2025-12-24
NVDA,2025-11-24,Jose Najarro Stocks,VLGOO8yqgzs,buy,34,2025-09-25,2025-12-24
NVDA,2025-11-24,"Mark Roussin, CPA",A1th4ZANaIw,buy,253,2025-09-25,2025-12-24
NVDA,2025-11-24,"Mark Roussin, CPA",A1th4ZANaIw,buy,254,2025-09-25,2025-12-24
AMD,2025-11-25,Couch Investor,Jk4AD9iZjPI,buy,509,2025-09-26,2025-12-25
AMD,2025-11-25,Couch Investor,Jk4AD9iZjPI,sell,510,2025-09-26,2025-12-25
AMD,2025-11-25,Financial Education,Ui8wrQFniL0,buy,1318,2025-09-26,2025-12-25
AMD,2025-11-25,Financial Education,Ui8wrQFniL0,buy,1319,2025-09-26,2025-12-25
AMD,2025-11-25,Financial Education,Ui8wrQFniL0,buy,1320,2025-09-26,2025-12-25
AMD,2025-11-25,Financial Education,Ui8wrQFniL0,buy,1321,2025-09-26,2025-12-25
AMD,2025-11-25,Financial Education,Ui8wrQFniL0,buy,1322,2025-09-26,2025-12-25
GOOGL,2025-11-25,Couch Investor,Jk4AD9iZjPI,buy,506,2025-09-26,2025-12-25
GOOGL,2025-11-25,Couch Investor,Jk4AD9iZjPI,buy,507,2025-09-26,2025-12-25
GOOGL,2025-11-25,"Value Investing with Sven Carlin, Ph.D.",b5rO7Fb9Ek0,buy,911,2025-09-26,2025-12-25
GOOGL,2025-11-25,"Value Investing with Sven Carlin, Ph.D.",b5rO7Fb9Ek0,buy,912,2025-09-26,2025-12-25
GOOGL,2025-11-25,"Value Investing with Sven Carlin, Ph.D.",b5rO7Fb9Ek0,buy,913,2025-09-26,2025-12-25
GOOGL,2025-11-25,Financial Education,Ui8wrQFniL0,buy,1323,2025-09-26,2025-12-25
GOOGL,2025-11-25,Financial Education,Ui8wrQFniL0,buy,1324,2025-09-26,2025-12-25
META,2025-11-25,Jose Najarro Stocks,BDQCEz780Tg,sell,134,2025-09-26,2025-12-25
META,2025-11-25,Couch Investor,Jk4AD9iZjPI,sell,513,2025-09-26,2025-12-25
META,2025-11-25,Couch Investor,Jk4AD9iZjPI,buy,514,2025-09-26,2025-12-25
META,2025-11-25,Financial Education,Ui8wrQFniL0,buy,1325,2025-09-26,2025-12-25
META,2025-11-25,Financial Education,Ui8wrQFniL0,buy,1326,2025-09-26,2025-12-25
MSFT,2025-11-25,Couch Investor,Jk4AD9iZjPI,buy,512,2025-09-26,2025-12-25
NVDA,2025-11-25,Couch Investor,Jk4AD9iZjPI,sell,508,2025-09-26,2025-12-25
PYPL,2025-11-25,Couch Investor,Jk4AD9iZjPI,buy,511,2025-09-26,2025-12-25
GOOGL,2025-11-26,Kenan Grace,vBPLZBDXuQ8,buy,1372,2025-09-27,2025-12-26
META,2025-11-26,Jose Najarro Stocks,Gh_Uc-iLTbY,sell,64,2025-09-27,2025-12-26
PYPL,2025-11-26,Couch Investor,3qXTO8cJEQ0,buy,487,2025-09-27,2025-12-26
TSLA,2025-11-26,Couch Investor,3qXTO8cJEQ0,buy,488,2025-09-27,2025-12-26
NVDA,2025-12-01,Jose Najarro Stocks,6-_hF_07leA,buy,125,2025-10-02,2025-12-31
NVDA,2025-12-01,"Mark Roussin, CPA",fiQTZo2ibKA,sell,931,2025-10-02,2025-12-31
SOFI,2025-12-02,"Mark Roussin, CPA",rC9H_yMTdHE,buy,187,2025-10-03,2026-01-01
SOFI,2025-12-02,"Mark Roussin, CPA",rC9H_yMTdHE,buy,188,2025-10-03,2026-01-01
UBER,2025-12-02,"Mark Roussin, CPA",rC9H_yMTdHE,buy,189,2025-10-03,2026-01-01
GOOGL,2025-12-04,Ticker Symbol: YOU,ZZ2nWg1QhR4,buy,1547,2025-10-05,2026-01-03
META,2025-12-04,Ticker Symbol: YOU,ZZ2nWg1QhR4,buy,1548,2025-10-05,2026-01-03
NVDA,2025-12-04,Ticker Symbol: YOU,ZZ2nWg1QhR4,buy,1546,2025-10-05,2026-01-03
SOFI,2025-12-04,Couch Investor,N4DW8bNH20Q,buy,612,2025-10-05,2026-01-03
NFLX,2025-12-05,Couch Investor,aDAwhIDS6dM,buy,619,2025-10-06,2026-01-04
NFLX,2025-12-05,Couch Investor,aDAwhIDS6dM,buy,620,2025-10-06,2026-01-04
PYPL,2025-12-05,Couch Investor,aDAwhIDS6dM,buy,621,2025-10-06,2026-01-04
SOFI,2025-12-05,Couch Investor,aDAwhIDS6dM,buy,622,2025-10-06,2026-01-04
NFLX,2025-12-08,Couch Investor,ZAv7XTbqkGY,buy,618,2025-10-09,2026-01-07
AMD,2025-12-09,Financial Education,uP6u9wkd_sw,buy,1327,2025-10-10,2026-01-08
AMD,2025-12-09,Financial Education,uP6u9wkd_sw,buy,1328,2025-10-10,2026-01-08
NFLX,2025-12-09,Financial Education,uP6u9wkd_sw,buy,1329,2025-10-10,2026-01-08
NVDA,2025-12-09,Financial Education,uP6u9wkd_sw,buy,1330,2025-10-10,2026-01-08
NVDA,2025-12-09,Financial Education,uP6u9wkd_sw,buy,1331,2025-10-10,2026-01-08
AAPL,2025-12-10,Couch Investor,QJhB7VKEn7Q,buy,614,2025-10-11,2026-01-09
AMD,2025-12-10,Couch Investor,ch8lrl5bz5Q,buy,626,2025-10-11,2026-01-09
AMD,2025-12-10,Couch Investor,ch8lrl5bz5Q,buy,627,2025-10-11,2026-01-09
NFLX,2025-12-10,Couch Investor,QJhB7VKEn7Q,buy,615,2025-10-11,2026-01-09
NVDA,2025-12-10,Couch Investor,ch8lrl5bz5Q,buy,624,2025-10-11,2026-01-09
NVDA,2025-12-10,Couch Investor,ch8lrl5bz5Q,buy,625,2025-10-11,2026-01-09
AMD,2025-12-11,Financial Education,_eWsP_5tlp8,buy,1339,2025-10-12,2026-01-10
AMD,2025-12-11,Financial Education,_eWsP_5tlp8,buy,1340,2025-10-12,2026-01-10
PYPL,2025-12-11,Couch Investor,BD1amYah6XY,buy,587,2025-10-12,2026-01-10
PYPL,2025-12-11,Couch Investor,BD1amYah6XY,buy,588,2025-10-12,2026-01-10
UBER,2025-12-11,Couch Investor,BD1amYah6XY,buy,589,2025-10-12,2026-01-10
AMZN,2025-12-12,Couch Investor,f-0l8JyYnRQ,buy,630,2025-10-13,2026-01-11
NVDA,2025-12-12,Meet Kevin,Md0F7Bvwtz4,sell,1094,2025-10-13,2026-01-11
PYPL,2025-12-12,Couch Investor,f-0l8JyYnRQ,buy,629,2025-10-13,2026-01-11
UBER,2025-12-12,Couch Investor,f-0l8JyYnRQ,buy,628,2025-10-13,2026-01-11
NFLX,2025-12-15,Couch Investor,5KczevwSTvA,buy,579,2025-10-16,2026-01-14
NVDA,2025-12-15,"Mark Roussin, CPA",rrs1s-T4qqA,buy,190,2025-10-16,2026-01-14
TSLA,2025-12-15,Couch Investor,5KczevwSTvA,buy,580,2025-10-16,2026-01-14
SOFI,2025-12-16,Couch Investor,-TOHi_Y2UpQ,sell,569,2025-10-17,2026-01-15
TSLA,2025-12-17,Graham Stephan,v_IZ6Z7jFO0,buy,1126,2025-10-18,2026-01-16
NFLX,2025-12-18,Couch Investor,-VwKgl9Gil0,buy,639,2025-10-19,2026-01-17
PYPL,2025-12-18,Couch Investor,-VwKgl9Gil0,buy,638,2025-10-19,2026-01-17
AAPL,2025-12-19,"Value Investing with Sven Carlin, Ph.D.",P6wHevNNmMU,sell,371,2025-10-20,2026-01-18
AAPL,2025-12-19,"Value Investing with Sven Carlin, Ph.D.",P6wHevNNmMU,sell,372,2025-10-20,2026-01-18
AMD,2025-12-19,Jose Najarro Stocks,IQeul6oxymE,sell,68,2025-10-20,2026-01-18
AMD,2025-12-22,Jose Najarro Stocks,64u3Bn_tKiQ,buy,126,2025-10-23,2026-01-21
PYPL,2025-12-22,Couch Investor,PLV20YplFpk,buy,658,2025-10-23,2026-01-21
TSLA,2025-12-22,Couch Investor,PLV20YplFpk,buy,659,2025-10-23,2026-01-21
TSLA,2025-12-22,Graham Stephan,3DZMUqKAc0w,buy,1125,2025-10-23,2026-01-21
NFLX,2025-12-24,Couch Investor,cKjp0N59XwE,buy,680,2025-10-25,2026-01-23
TSLA,2025-12-24,Everything Money,HPQepscELOM,sell,1478,2025-10-25,2026-01-23
NVDA,2025-12-29,Jose Najarro Stocks,ToNE55pOgLY,buy,30,2025-10-30,2026-01-28
AMD,2025-12-31,Financial Education,566DGPT1-yQ,buy,995,2025-11-01,2026-01-30
AMZN,2025-12-31,Meet Kevin,QwEiOQPkrw0,buy,415,2025-11-01,2026-01-30
AMZN,2025-12-31,Meet Kevin,ZdxSfpyE3io,buy,1047,2025-11-01,2026-01-30
GOOGL,2025-12-31,Stock Moe,V-T-k1pK4LY,buy,1095,2025-11-01,2026-01-30
NVDA,2025-12-31,Jose Najarro Stocks,5_wTAu9SGi8,buy,124,2025-11-01,2026-01-30
AAPL,2026-01-01,"Value Investing with Sven Carlin, Ph.D.",QuWT-ExuT-Q,sell,373,2025-11-02,2026-01-31
META,2026-01-01,Meet Kevin,En_k9XZCTQc,buy,1164,2025-11-02,2026-01-31
SOFI,2026-01-02,Couch Investor,tna5Ua3foyI,buy,691,2025-11-03,2026-02-01
META,2026-01-05,Everything Money,61v6t1y3nbA,buy,806,2025-11-06,2026-02-04
NFLX,2026-01-05,Learn to Invest - Investors Grow,ZoNdAG4wL_M,buy,1008,2025-11-06,2026-02-04
NVDA,2026-01-05,Everything Money,FP5G4E07WCM,sell,829,2025-11-06,2026-02-04
TSLA,2026-01-05,Stock Moe,iGSojuWBg20,buy,423,2025-11-06,2026-02-04
AMD,2026-01-07,Jose Najarro Stocks,U4QOkflbLNM,buy,31,2025-11-08,2026-02-06
AAPL,2026-01-09,Stock Moe,Sq4McaiFM3I,sell,419,2025-11-10,2026-02-08
GOOGL,2026-01-09,Stock Moe,Sq4McaiFM3I,buy,416,2025-11-10,2026-02-08
GOOGL,2026-01-09,Stock Moe,Sq4McaiFM3I,buy,417,2025-11-10,2026-02-08
UBER,2026-01-09,Stock Moe,Sq4McaiFM3I,buy,418,2025-11-10,2026-02-08
GOOGL,2026-01-12,Stock Moe,T2II8itYQLY,buy,1005,2025-11-13,2026-02-11
NFLX,2026-01-12,Couch Investor,6nGar-4acY4,buy,710,2025-11-13,2026-02-11
TSLA,2026-01-12,Graham Stephan,AWOZIz8wUzo,buy,1206,2025-11-13,2026-02-11
NVDA,2026-01-13,Jose Najarro Stocks,x7UTYS2-fMU,sell,5,2025-11-14,2026-02-12
NVDA,2026-01-13,Jose Najarro Stocks,x7UTYS2-fMU,buy,6,2025-11-14,2026-02-12
META,2026-01-14,Financial Education,TAoUWYB3l7w,buy,420,2025-11-15,2026-02-13
META,2026-01-14,Financial Education,TAoUWYB3l7w,buy,421,2025-11-15,2026-02-13
MSFT,2026-01-14,Jose Najarro Stocks,jn3unywFg24,buy,9,2025-11-15,2026-02-13
NFLX,2026-01-14,Jose Najarro Stocks,jn3unywFg24,buy,10,2025-11-15,2026-02-13
NVDA,2026-01-14,Jose Najarro Stocks,jn3unywFg24,buy,11,2025-11-15,2026-02-13
PYPL,2026-01-15,Couch Investor,R9dud3MgJZ8,buy,733,2025-11-16,2026-02-14
TSLA,2026-01-15,Meet Kevin,NFFMAJnvop8,sell,1165,2025-11-16,2026-02-14
AMD,2026-01-16,Jose Najarro Stocks,ZoNcukTNJWU,buy,44,2025-11-17,2026-02-15
META,2026-01-16,The Investor Channel,Qh8aI14uZ48,buy,887,2025-11-17,2026-02-15
NVDA,2026-01-16,Jose Najarro Stocks,ZoNcukTNJWU,buy,43,2025-11-17,2026-02-15
PYPL,2026-01-16,Daniel Pronk,nUDXbFXTxLU,buy,958,2025-11-17,2026-02-15
AMD,2026-01-20,Jose Najarro Stocks,jkuQjEyfKwM,buy,8,2025-11-21,2026-02-19
AMD,2026-01-20,Jose Najarro Stocks,KRTyI-VlrgU,buy,656,2025-11-21,2026-02-19
AMD,2026-01-21,Jose Najarro Stocks,zHfdl-0tI-4,buy,704,2025-11-22,2026-02-20
META,2026-01-21,Jose Najarro Stocks,zHfdl-0tI-4,buy,705,2025-11-22,2026-02-20
PLTR,2026-01-21,Financial Education,YnIhU8buVqM,buy,1007,2025-11-22,2026-02-20
AMD,2026-01-22,Jose Najarro Stocks,uix1ZJiwrPs,buy,692,2025-11-23,2026-02-21
MSFT,2026-01-22,Jose Najarro Stocks,uix1ZJiwrPs,sell,693,2025-11-23,2026-02-21
AMD,2026-01-23,Jose Najarro Stocks,QBZPFkWrjY4,buy,660,2025-11-24,2026-02-22
MSFT,2026-01-23,Jose Najarro Stocks,QBZPFkWrjY4,buy,661,2025-11-24,2026-02-22
SMCI,2026-01-23,ZipTrader,2RH3v9msQyk,buy,424,2025-11-24,2026-02-22
TSLA,2026-01-23,Jose Najarro Stocks,QBZPFkWrjY4,buy,662,2025-11-24,2026-02-22
AAPL,2026-01-26,Stock Moe,cM08_4oNLFw,buy,422,2025-11-27,2026-02-25
AAPL,2026-01-26,Jose Najarro Stocks,F50Y0D7RboA,buy,653,2025-11-27,2026-02-25
META,2026-01-26,Jose Najarro Stocks,fOznSynSQEA,sell,52,2025-11-27,2026-02-25
META,2026-01-26,Jose Najarro Stocks,F50Y0D7RboA,buy,654,2025-11-27,2026-02-25
MSFT,2026-01-26,Best of Us Investors,yXteEgwyBic,sell,1549,2025-11-27,2026-02-25
NVDA,2026-01-26,Jose Najarro Stocks,F50Y0D7RboA,buy,652,2025-11-27,2026-02-25
NVDA,2026-01-26,The Investor Channel,SuGaHKOvBPY,buy,891,2025-11-27,2026-02-25
AMD,2026-01-27,Jose Najarro Stocks,061mMhIHwAo,buy,642,2025-11-28,2026-02-26
AMZN,2026-01-27,Jose Najarro Stocks,061mMhIHwAo,buy,644,2025-11-28,2026-02-26
GOOGL,2026-01-27,Jose Najarro Stocks,061mMhIHwAo,buy,643,2025-11-28,2026-02-26
NVDA,2026-01-27,Jose Najarro Stocks,061mMhIHwAo,buy,640,2025-11-28,2026-02-26
NVDA,2026-01-27,Jose Najarro Stocks,061mMhIHwAo,sell,641,2025-11-28,2026-02-26
AAPL,2026-01-28,Meet Kevin,7_8t4ietHaw,buy,1179,2025-11-29,2026-02-27
AMD,2026-01-28,Jose Najarro Stocks,xSI8A133f9Y,buy,700,2025-11-29,2026-02-27
AMD,2026-01-28,Jose Najarro Stocks,xSI8A133f9Y,buy,701,2025-11-29,2026-02-27
AMD,2026-01-28,Couch Investor,wmxIGGwf9KY,buy,784,2025-11-29,2026-02-27
AMD,2026-01-28,Couch Investor,wmxIGGwf9KY,buy,785,2025-11-29,2026-02-27
GOOGL,2026-01-28,Jose Najarro Stocks,pTQXWJvkCoU,sell,683,2025-11-29,2026-02-27
META,2026-01-28,Jose Najarro Stocks,pTQXWJvkCoU,sell,684,2025-11-29,2026-02-27
META,2026-01-28,Jose Najarro Stocks,xSI8A133f9Y,buy,695,2025-11-29,2026-02-27
META,2026-01-28,Jose Najarro Stocks,xSI8A133f9Y,buy,696,2025-11-29,2026-02-27
META,2026-01-28,Couch Investor,wmxIGGwf9KY,buy,781,2025-11-29,2026-02-27
META,2026-01-28,Daniel Pronk,kgsbo09tXeA,buy,947,2025-11-29,2026-02-27
META,2026-01-28,Daniel Pronk,kgsbo09tXeA,buy,948,2025-11-29,2026-02-27
META,2026-01-28,Meet Kevin,7_8t4ietHaw,sell,1180,2025-11-29,2026-02-27
MSFT,2026-01-28,Jose Najarro Stocks,xSI8A133f9Y,buy,697,2025-11-29,2026-02-27
MSFT,2026-01-28,Jose Najarro Stocks,xSI8A133f9Y,sell,698,2025-11-29,2026-02-27
MSFT,2026-01-28,Jose Najarro Stocks,xSI8A133f9Y,sell,699,2025-11-29,2026-02-27
MSFT,2026-01-28,Couch Investor,wmxIGGwf9KY,buy,782,2025-11-29,2026-02-27
MSFT,2026-01-28,Couch Investor,wmxIGGwf9KY,sell,783,2025-11-29,2026-02-27
NVDA,2026-01-28,Meet Kevin,7_8t4ietHaw,sell,1178,2025-11-29,2026-02-27
TSLA,2026-01-28,Jose Najarro Stocks,xSI8A133f9Y,sell,702,2025-11-29,2026-02-27
TSLA,2026-01-28,Jose Najarro Stocks,xSI8A133f9Y,sell,703,2025-11-29,2026-02-27
TSLA,2026-01-28,Meet Kevin,7_8t4ietHaw,sell,1177,2025-11-29,2026-02-27
AMZN,2026-01-29,STOCK UP! with LARRY JONES,QPJ60pzn_EA,buy,145,2025-11-30,2026-02-28
AMZN,2026-01-29,Ale's World of Stocks,9Le2ETJNoqk,sell,818,2025-11-30,2026-02-28
GME,2026-01-29,Ale's World of Stocks,9Le2ETJNoqk,buy,817,2025-11-30,2026-02-28
META,2026-01-29,Jose Najarro Stocks,UWMfqa2i1Jc,buy,747,2025-11-30,2026-02-28
MSFT,2026-01-29,STOCK UP! with LARRY JONES,QPJ60pzn_EA,buy,146,2025-11-30,2026-02-28
MSFT,2026-01-29,Jose Najarro Stocks,J9hz_gf9zkU,buy,717,2025-11-30,2026-02-28
MSFT,2026-01-29,Dividendology,aAdBjx2VV5E,buy,910,2025-11-30,2026-02-28
NVDA,2026-01-29,Jose Najarro Stocks,FtyHVuOfGKo,buy,61,2025-11-30,2026-02-28
TSLA,2026-01-29,STOCK UP! with LARRY JONES,QPJ60pzn_EA,buy,143,2025-11-30,2026-02-28
TSLA,2026-01-29,STOCK UP! with LARRY JONES,QPJ60pzn_EA,buy,144,2025-11-30,2026-02-28
AMD,2026-01-30,Jose Najarro Stocks,Q9SL7uRBHT4,buy,104,2025-12-01,2026-03-01
MSFT,2026-01-30,Jose Najarro Stocks,ROFEegbRrxY,buy,734,2025-12-01,2026-03-01
MSFT,2026-01-30,Jose Najarro Stocks,ROFEegbRrxY,buy,735,2025-12-01,2026-03-01
MSFT,2026-01-30,Jose Najarro Stocks,ROFEegbRrxY,buy,736,2025-12-01,2026-03-01
NVDA,2026-01-30,Jose Najarro Stocks,ROFEegbRrxY,buy,737,2025-12-01,2026-03-01
TSLA,2026-01-30,Meet Kevin,rImoL62xd5M,buy,1174,2025-12-01,2026-03-01
AMZN,2026-02-02,Minority Mindset,RS9uOBSp_iU,buy,1119,2025-12-04,2026-03-04
GOOGL,2026-02-02,Couch Investor,0547qV7-oBY,sell,707,2025-12-04,2026-03-04
META,2026-02-02,Jose Najarro Stocks,UCgPCZTm3CM,buy,742,2025-12-04,2026-03-04
MSFT,2026-02-02,Jose Najarro Stocks,UCgPCZTm3CM,buy,740,2025-12-04,2026-03-04
NFLX,2026-02-02,Jose Najarro Stocks,UCgPCZTm3CM,buy,743,2025-12-04,2026-03-04
NFLX,2026-02-02,Jose Najarro Stocks,UCgPCZTm3CM,buy,744,2025-12-04,2026-03-04
NVDA,2026-02-02,Jose Najarro Stocks,UCgPCZTm3CM,buy,741,2025-12-04,2026-03-04
TSLA,2026-02-02,Stock Moe,4fV6z5xqw0U,sell,994,2025-12-04,2026-03-04
AMD,2026-02-03,Jose Najarro Stocks,tay_WWcsWiE,buy,774,2025-12-05,2026-03-05
AMD,2026-02-03,Jose Najarro Stocks,tay_WWcsWiE,buy,775,2025-12-05,2026-03-05
AMD,2026-02-03,Jose Najarro Stocks,tay_WWcsWiE,sell,776,2025-12-05,2026-03-05
GOOGL,2026-02-03,Jose Najarro Stocks,tay_WWcsWiE,buy,779,2025-12-05,2026-03-05
NVDA,2026-02-03,Jose Najarro Stocks,pTzz8J-XlYQ,buy,770,2025-12-05,2026-03-05
NVDA,2026-02-03,Jose Najarro Stocks,tay_WWcsWiE,sell,777,2025-12-05,2026-03-05
NVDA,2026-02-03,Jose Najarro Stocks,tay_WWcsWiE,sell,778,2025-12-05,2026-03-05
PYPL,2026-02-03,Couch Investor,4jAHbwDbZTU,buy,709,2025-12-05,2026-03-05
PYPL,2026-02-03,Daniel Pronk,9DRBLkEBAEQ,buy,816,2025-12-05,2026-03-05
AMD,2026-02-04,Jose Najarro Stocks,JM26ElOnrOA,sell,718,2025-12-06,2026-03-06
AMD,2026-02-04,Jose Najarro Stocks,Ks5EmUsapoc,buy,721,2025-12-06,2026-03-06
AMD,2026-02-04,Jose Najarro Stocks,Ks5EmUsapoc,sell,722,2025-12-06,2026-03-06
AMD,2026-02-04,Jose Najarro Stocks,Ks5EmUsapoc,buy,723,2025-12-06,2026-03-06
AMD,2026-02-04,Jose Najarro Stocks,Ks5EmUsapoc,sell,724,2025-12-06,2026-03-06
AMD,2026-02-04,Jose Najarro Stocks,Ks5EmUsapoc,buy,725,2025-12-06,2026-03-06
AMD,2026-02-04,Jose Najarro Stocks,Ks5EmUsapoc,buy,726,2025-12-06,2026-03-06
AMD,2026-02-04,Jose Najarro Stocks,Ks5EmUsapoc,buy,727,2025-12-06,2026-03-06
AMD,2026-02-04,Jose Najarro Stocks,Ks5EmUsapoc,buy,728,2025-12-06,2026-03-06
GOOGL,2026-02-04,STOCK UP! with LARRY JONES,GWSEhkOgL5Q,buy,142,2025-12-06,2026-03-06
META,2026-02-04,Jose Najarro Stocks,Ks5EmUsapoc,buy,730,2025-12-06,2026-03-06
META,2026-02-04,Jose Najarro Stocks,Ks5EmUsapoc,buy,731,2025-12-06,2026-03-06
NVDA,2026-02-04,Jose Najarro Stocks,Ks5EmUsapoc,sell,719,2025-12-06,2026-03-06
NVDA,2026-02-04,Jose Najarro Stocks,Ks5EmUsapoc,sell,720,2025-12-06,2026-03-06
PYPL,2026-02-04,Jose Najarro Stocks,Ks5EmUsapoc,buy,729,2025-12-06,2026-03-06
AMD,2026-02-05,Jose Najarro Stocks,Xn1iyswilSQ,buy,753,2025-12-07,2026-03-07
AMD,2026-02-05,Jose Najarro Stocks,Xn1iyswilSQ,buy,754,2025-12-07,2026-03-07
AMZN,2026-02-05,Daniel Pronk,OLLhwiT-fMg,sell,878,2025-12-07,2026-03-07
AMZN,2026-02-05,Daniel Pronk,OLLhwiT-fMg,buy,879,2025-12-07,2026-03-07
MSFT,2026-02-05,Jose Najarro Stocks,Xn1iyswilSQ,buy,748,2025-12-07,2026-03-07
MSFT,2026-02-05,Jose Najarro Stocks,Xn1iyswilSQ,buy,749,2025-12-07,2026-03-07
MSFT,2026-02-05,Jose Najarro Stocks,Xn1iyswilSQ,buy,750,2025-12-07,2026-03-07
MSFT,2026-02-05,Jose Najarro Stocks,Xn1iyswilSQ,buy,751,2025-12-07,2026-03-07
MSFT,2026-02-05,Dividendology,nf7MTvSgpLA,buy,959,2025-12-07,2026-03-07
NFLX,2026-02-05,Jose Najarro Stocks,Xn1iyswilSQ,sell,756,2025-12-07,2026-03-07
NVDA,2026-02-05,Jose Najarro Stocks,Xn1iyswilSQ,buy,755,2025-12-07,2026-03-07
NVDA,2026-02-05,Jose Najarro Stocks,GL4CpYiaUb0,buy,834,2025-12-07,2026-03-07
NVDA,2026-02-05,Couch Investor,Kr-0EQVTWxs,buy,860,2025-12-07,2026-03-07
PYPL,2026-02-05,"Value Investing with Sven Carlin, Ph.D.",xaiENctxhXk,buy,357,2025-12-07,2026-03-07
TSLA,2026-02-05,Jose Najarro Stocks,Xn1iyswilSQ,sell,752,2025-12-07,2026-03-07
AMZN,2026-02-06,Jose Najarro Stocks,ZgzDmoaQPzw,buy,898,2025-12-08,2026-03-08
META,2026-02-06,Jose Najarro Stocks,ZgzDmoaQPzw,buy,900,2025-12-08,2026-03-08
MSFT,2026-02-06,Jose Najarro Stocks,ZgzDmoaQPzw,buy,901,2025-12-08,2026-03-08
NVDA,2026-02-06,Jose Najarro Stocks,ZgzDmoaQPzw,buy,899,2025-12-08,2026-03-08
AMZN,2026-02-09,Jose Najarro Stocks,HaNkGELV_uk,buy,839,2025-12-11,2026-03-11
AMZN,2026-02-09,Jose Najarro Stocks,HaNkGELV_uk,buy,840,2025-12-11,2026-03-11
GOOGL,2026-02-09,Jose Najarro Stocks,HaNkGELV_uk,buy,842,2025-12-11,2026-03-11
NVDA,2026-02-09,Jose Najarro Stocks,HaNkGELV_uk,buy,843,2025-12-11,2026-03-11
SOFI,2026-02-09,Jose Najarro Stocks,HaNkGELV_uk,buy,844,2025-12-11,2026-03-11
SOFI,2026-02-09,Jose Najarro Stocks,HaNkGELV_uk,buy,845,2025-12-11,2026-03-11
UBER,2026-02-09,Jose Najarro Stocks,HaNkGELV_uk,buy,841,2025-12-11,2026-03-11
AMZN,2026-02-10,Jose Najarro Stocks,NLag_b_QXhk,buy,876,2025-12-12,2026-03-12
NVDA,2026-02-10,Couch Investor,-0eJaDGdzv4,buy,786,2025-12-12,2026-03-12
NVDA,2026-02-10,Jose Najarro Stocks,NLag_b_QXhk,buy,877,2025-12-12,2026-03-12
HOOD,2026-02-11,Couch Investor,x0y3hAxpwKw,buy,974,2025-12-13,2026-03-13
NVDA,2026-02-11,STOCK UP! with LARRY JONES,aGMuqlTH0rU,sell,147,2025-12-13,2026-03-13
AMZN,2026-02-12,Ale's World of Stocks,88zPG2RKrT8,buy,810,2025-12-14,2026-03-14
META,2026-02-12,Jose Najarro Stocks,p2AmerL1cDw,buy,966,2025-12-14,2026-03-14
MSFT,2026-02-12,Ale's World of Stocks,88zPG2RKrT8,buy,809,2025-12-14,2026-03-14
TSLA,2026-02-12,Graham Stephan,nXOmkJhytIk,buy,404,2025-12-14,2026-03-14
GOOGL,2026-02-16,Sasha Yanshin,BxDjTZzN_vw,buy,1033,2025-12-18,2026-03-18
META,2026-02-16,Everything Money,y-EbYtfeI5o,buy,1096,2025-12-18,2026-03-18
NFLX,2026-02-16,Couch Investor,MpFapZJ2JMU,buy,868,2025-12-18,2026-03-18
NVDA,2026-02-16,Everything Money,y-EbYtfeI5o,buy,1101,2025-12-18,2026-03-18
PYPL,2026-02-16,"Value Investing with Sven Carlin, Ph.D.",UV9Ys584C6A,sell,376,2025-12-18,2026-03-18
PYPL,2026-02-16,Everything Money,y-EbYtfeI5o,buy,1097,2025-12-18,2026-03-18
PYPL,2026-02-16,Everything Money,y-EbYtfeI5o,buy,1098,2025-12-18,2026-03-18
PYPL,2026-02-16,Everything Money,y-EbYtfeI5o,buy,1099,2025-12-18,2026-03-18
PYPL,2026-02-16,Everything Money,y-EbYtfeI5o,buy,1100,2025-12-18,2026-03-18
SOFI,2026-02-16,Couch Investor,MpFapZJ2JMU,buy,869,2025-12-18,2026-03-18
PYPL,2026-02-17,Everything Money,p71nSCCjeYk,buy,967,2025-12-19,2026-03-19
SOFI,2026-02-17,"Mark Roussin, CPA",uCKILxbFuEE,buy,971,2025-12-19,2026-03-19
SHOP,2026-02-18,Ale's World of Stocks,Msk4jV-NMi4,buy,1003,2025-12-20,2026-03-20
AAPL,2026-02-19,Jose Najarro Stocks,NE7cuy7AxYQ,sell,96,2025-12-21,2026-03-21
AMD,2026-02-19,Jose Najarro Stocks,NE7cuy7AxYQ,buy,92,2025-12-21,2026-03-21
AMD,2026-02-19,Jose Najarro Stocks,NE7cuy7AxYQ,buy,93,2025-12-21,2026-03-21
AMZN,2026-02-19,Jose Najarro Stocks,18A3qOqj3Uw,buy,110,2025-12-21,2026-03-21
GOOGL,2026-02-19,Jose Najarro Stocks,18A3qOqj3Uw,sell,111,2025-12-21,2026-03-21
NVDA,2026-02-19,Jose Najarro Stocks,NE7cuy7AxYQ,sell,94,2025-12-21,2026-03-21
NVDA,2026-02-19,Jose Najarro Stocks,18A3qOqj3Uw,buy,112,2025-12-21,2026-03-21
SOFI,2026-02-19,Jose Najarro Stocks,NE7cuy7AxYQ,buy,95,2025-12-21,2026-03-21
AMZN,2026-02-20,STOCK UP! with LARRY JONES,5c6eH0YNPWE,buy,140,2025-12-22,2026-03-22
NVDA,2026-02-20,Jose Najarro Stocks,5Cwr9rX3VsE,sell,805,2025-12-22,2026-03-22
NVDA,2026-02-24,Jose Najarro Stocks,6XiCCkvYHIc,sell,808,2025-12-26,2026-03-26
AMD,2026-02-25,Jose Najarro Stocks,IZgE6qE8cCs,sell,848,2025-12-27,2026-03-27
MSFT,2026-02-25,STOCK UP! with LARRY JONES,qywRMvAMJnM,buy,139,2025-12-27,2026-03-27
NVDA,2026-02-25,"Value Investing with Sven Carlin, Ph.D.",Va0eNSWGyg4,sell,378,2025-12-27,2026-03-27
NVDA,2026-02-25,Jose Najarro Stocks,IZgE6qE8cCs,buy,846,2025-12-27,2026-03-27
NVDA,2026-02-25,Jose Najarro Stocks,IZgE6qE8cCs,buy,847,2025-12-27,2026-03-27
TSLA,2026-02-25,Meet Kevin,ZhL002qy2lo,buy,1173,2025-12-27,2026-03-27
AMD,2026-02-26,Jose Najarro Stocks,-aJCvv54OuY,buy,787,2025-12-28,2026-03-28
MSFT,2026-02-26,Jose Najarro Stocks,z01g14mnDOs,sell,984,2025-12-28,2026-03-28
NVDA,2026-02-26,Couch Investor,4VeppQ_YKbU,sell,802,2025-12-28,2026-03-28
NVDA,2026-02-26,Couch Investor,4VeppQ_YKbU,buy,803,2025-12-28,2026-03-28
NVDA,2026-02-26,Jose Najarro Stocks,z01g14mnDOs,buy,982,2025-12-28,2026-03-28
NVDA,2026-02-26,STOCK UP! with LARRY JONES,aHQCPfkjsc8,sell,1134,2025-12-28,2026-03-28
NVDA,2026-02-26,STOCK UP! with LARRY JONES,aHQCPfkjsc8,buy,1135,2025-12-28,2026-03-28
SOFI,2026-02-26,Couch Investor,4VeppQ_YKbU,sell,804,2025-12-28,2026-03-28
SOFI,2026-02-26,Jose Najarro Stocks,z01g14mnDOs,sell,983,2025-12-28,2026-03-28
AMZN,2026-02-27,"Value Investing with Sven Carlin, Ph.D.",xJHP43izznA,buy,975,2025-12-29,2026-03-29
AMZN,2026-02-27,"Value Investing with Sven Carlin, Ph.D.",xJHP43izznA,buy,976,2025-12-29,2026-03-29
AMZN,2026-02-27,"Value Investing with Sven Carlin, Ph.D.",xJHP43izznA,buy,977,2025-12-29,2026-03-29
AMZN,2026-02-27,"Value Investing with Sven Carlin, Ph.D.",xJHP43izznA,buy,978,2025-12-29,2026-03-29
MSFT,2026-02-27,Graham Stephan,jhDfq9sj-u8,buy,403,2025-12-29,2026-03-29
NVDA,2026-02-27,Jose Najarro Stocks,bOcxvTxg9b8,sell,916,2025-12-29,2026-03-29
SOFI,2026-02-27,STOCK UP! with LARRY JONES,mC9GZkoXaOk,buy,1158,2025-12-29,2026-03-29
AMD,2026-03-02,Couch Investor,LPOmLXLY7HE,buy,861,2026-01-01,2026-04-01
AMZN,2026-03-02,"Value Investing with Sven Carlin, Ph.D.",-NybGF20r84,buy,379,2026-01-01,2026-04-01
AMZN,2026-03-02,Jose Najarro Stocks,a1ObcmtxzfI,buy,909,2026-01-01,2026-04-01
AMZN,2026-03-02,"Value Investing with Sven Carlin, Ph.D.",eD54PgLZrWM,buy,919,2026-01-01,2026-04-01
NVDA,2026-03-02,Jose Najarro Stocks,a1ObcmtxzfI,buy,905,2026-01-01,2026-04-01
NVDA,2026-03-02,Jose Najarro Stocks,a1ObcmtxzfI,buy,906,2026-01-01,2026-04-01
NVDA,2026-03-02,Jose Najarro Stocks,a1ObcmtxzfI,sell,907,2026-01-01,2026-04-01
NVDA,2026-03-02,Jose Najarro Stocks,a1ObcmtxzfI,sell,908,2026-01-01,2026-04-01
TSLA,2026-03-02,Dumb Money Live,VTbd0_n9qQA,buy,1238,2026-01-01,2026-04-01
AMD,2026-03-03,Jose Najarro Stocks,MtBPLqBR93E,sell,90,2026-01-02,2026-04-02
AMZN,2026-03-03,Jose Najarro Stocks,MtBPLqBR93E,sell,91,2026-01-02,2026-04-02
MSFT,2026-03-03,Everything Money,gpxJkp9Dv0k,buy,1102,2026-01-02,2026-04-02
MSFT,2026-03-03,Everything Money,gpxJkp9Dv0k,sell,1103,2026-01-02,2026-04-02
NVDA,2026-03-03,Best of Us Investors,2ZUCP6Fmrsg,sell,299,2026-01-02,2026-04-02
NVDA,2026-03-03,Best of Us Investors,2ZUCP6Fmrsg,buy,300,2026-01-02,2026-04-02
NVDA,2026-03-03,Best of Us Investors,2ZUCP6Fmrsg,sell,301,2026-01-02,2026-04-02
SOFI,2026-03-03,Couch Investor,bOfvWTYdATQ,buy,917,2026-01-02,2026-04-02
AAPL,2026-03-04,Couch Investor,i3asx63XnMs,buy,941,2026-01-03,2026-04-03
AMZN,2026-03-04,Jose Najarro Stocks,68Ghvl3mV-w,buy,127,2026-01-03,2026-04-03
META,2026-03-04,Couch Investor,i3asx63XnMs,buy,939,2026-01-03,2026-04-03
META,2026-03-04,Couch Investor,i3asx63XnMs,buy,940,2026-01-03,2026-04-03
META,2026-03-04,Jose Najarro Stocks,lii5Ppd0Fvk,buy,952,2026-01-03,2026-04-03
NVDA,2026-03-04,Couch Investor,i3asx63XnMs,sell,936,2026-01-03,2026-04-03
NVDA,2026-03-04,Couch Investor,i3asx63XnMs,buy,937,2026-01-03,2026-04-03
NVDA,2026-03-04,Jose Najarro Stocks,lii5Ppd0Fvk,sell,950,2026-01-03,2026-04-03
NVDA,2026-03-04,Jose Najarro Stocks,lii5Ppd0Fvk,buy,951,2026-01-03,2026-04-03
PYPL,2026-03-04,Couch Investor,0JgKITX4Y8s,buy,791,2026-01-03,2026-04-03
PYPL,2026-03-04,Couch Investor,0JgKITX4Y8s,buy,792,2026-01-03,2026-04-03
SOFI,2026-03-04,Couch Investor,i3asx63XnMs,buy,938,2026-01-03,2026-04-03
AAPL,2026-03-09,Everything Money,kMEFyG4jrTw,sell,319,2026-01-08,2026-04-08
AMD,2026-03-10,Ticker Symbol: YOU,KS_cIBPbE_o,sell,353,2026-01-09,2026-04-09
MSFT,2026-03-10,Everything Money,q04HFOjr40s,buy,320,2026-01-09,2026-04-09
AMD,2026-03-11,Jose Najarro Stocks,BEicjf5naLk,buy,822,2026-01-10,2026-04-10
AMD,2026-03-11,Jose Najarro Stocks,BEicjf5naLk,buy,823,2026-01-10,2026-04-10
AMZN,2026-03-11,"Value Investing with Sven Carlin, Ph.D.",-hsiLDUX5e8,buy,788,2026-01-10,2026-04-10
META,2026-03-11,Jose Najarro Stocks,BEicjf5naLk,buy,824,2026-01-10,2026-04-10
NVDA,2026-03-11,Jose Najarro Stocks,1FXGrKWtIvc,buy,113,2026-01-10,2026-04-10
AMD,2026-03-12,Jose Najarro Stocks,h0y25tnm0us,buy,933,2026-01-11,2026-04-11
NVDA,2026-03-12,Jose Najarro Stocks,h0y25tnm0us,buy,934,2026-01-11,2026-04-11
TSLA,2026-03-12,Jose Najarro Stocks,h0y25tnm0us,buy,935,2026-01-11,2026-04-11
UBER,2026-03-12,Everything Money,EEjUnFgIYuY,buy,318,2026-01-11,2026-04-11
META,2026-03-13,The Investor Channel,xEd3BKPx_5w,buy,1021,2026-01-12,2026-04-12
AAPL,2026-03-16,Best of Us Investors,9LAzdM1JFkE,buy,998,2026-01-15,2026-04-15
AMZN,2026-03-16,"Value Investing with Sven Carlin, Ph.D.",eBn3iqktP1k,buy,918,2026-01-15,2026-04-15
AMZN,2026-03-16,Best of Us Investors,9LAzdM1JFkE,buy,997,2026-01-15,2026-04-15
META,2026-03-16,Jose Najarro Stocks,3bBmJC0f7OU,buy,117,2026-01-15,2026-04-15
AMZN,2026-03-17,Best of Us Investors,KBrtDu1-xBM,buy,1550,2026-01-16,2026-04-16
AMZN,2026-03-17,Best of Us Investors,KBrtDu1-xBM,buy,1551,2026-01-16,2026-04-16
META,2026-03-17,Financial Education,ZT5Y9OWWduo,buy,1028,2026-01-16,2026-04-16
META,2026-03-17,Financial Education,ZT5Y9OWWduo,buy,1029,2026-01-16,2026-04-16
META,2026-03-17,Financial Education,ZT5Y9OWWduo,buy,1030,2026-01-16,2026-04-16
META,2026-03-17,Best of Us Investors,KBrtDu1-xBM,sell,1552,2026-01-16,2026-04-16
AMZN,2026-03-18,"Value Investing with Sven Carlin, Ph.D.",zo5gCbvAFBA,buy,362,2026-01-17,2026-04-17
NVDA,2026-03-23,"Value Investing with Sven Carlin, Ph.D.",S7Y8rTGurSc,buy,374,2026-01-22,2026-04-22
TSLA,2026-03-23,Financial Education,U3eGEycHccU,sell,1044,2026-01-22,2026-04-22
META,2026-03-26,"Mark Roussin, CPA",uoOGvrau7i4,buy,157,2026-01-25,2026-04-25
MSFT,2026-03-26,Financial Education,jkF0tlSV5qk,buy,1104,2026-01-25,2026-04-25
NFLX,2026-03-30,"Parkev Tatevosian, CFA",dGPgChUSbDY,sell,534,2026-01-29,2026-04-29
NFLX,2026-03-30,"Parkev Tatevosian, CFA",dGPgChUSbDY,buy,535,2026-01-29,2026-04-29
NVDA,2026-03-30,Kenan Grace,gV_ofJTp8vA,buy,1120,2026-01-29,2026-04-29
SOFI,2026-03-30,Couch Investor,jknts65JqrQ,buy,944,2026-01-29,2026-04-29
GOOGL,2026-03-31,Jose Najarro Stocks,6TKfI_EMSLc,sell,130,2026-01-30,2026-04-30
AAPL,2026-04-01,"Value Investing with Sven Carlin, Ph.D.",K7Wuf7IRqrA,sell,370,2026-01-31,2026-05-01
NVDA,2026-04-01,Couch Investor,OYDczFnn2BA,buy,880,2026-01-31,2026-05-01
NVDA,2026-04-01,Couch Investor,OYDczFnn2BA,buy,881,2026-01-31,2026-05-01
AAPL,2026-04-02,"Value Investing with Sven Carlin, Ph.D.",zgFYJLNGkAc,buy,361,2026-02-01,2026-05-02
META,2026-04-02,ZipTrader,QgYD0orS2-Q,buy,426,2026-02-01,2026-05-02
NVDA,2026-04-02,Jose Najarro Stocks,OAmRecXyCFA,sell,97,2026-02-01,2026-05-02
NVDA,2026-04-02,"Value Investing with Sven Carlin, Ph.D.",zgFYJLNGkAc,buy,359,2026-02-01,2026-05-02
NVDA,2026-04-02,"Value Investing with Sven Carlin, Ph.D.",zgFYJLNGkAc,buy,360,2026-02-01,2026-05-02
AMZN,2026-04-03,"Parkev Tatevosian, CFA",B0768azDNlg,buy,585,2026-02-02,2026-05-03
NVDA,2026-04-03,Ale's World of Stocks,vKddLsKw1T4,buy,1462,2026-02-02,2026-05-03
TSLA,2026-04-03,Graham Stephan,6IhfL_5jb4c,buy,1221,2026-02-02,2026-05-03
TSLA,2026-04-03,Ale's World of Stocks,vKddLsKw1T4,sell,1461,2026-02-02,2026-05-03
UBER,2026-04-03,"Parkev Tatevosian, CFA",B0768azDNlg,buy,586,2026-02-02,2026-05-03
NVDA,2026-04-06,Learn to Invest - Investors Grow,ha595tW5ZYI,buy,1049,2026-02-05,2026-05-06
TSLA,2026-04-06,Graham Stephan,ThzfDYILLK4,buy,1213,2026-02-05,2026-05-06
SOFI,2026-04-07,Financial Education,MDcoPZ5cAbg,buy,1105,2026-02-06,2026-05-07
META,2026-04-09,"Mark Roussin, CPA",O5tcZQkTvXc,buy,204,2026-02-08,2026-05-09
META,2026-04-09,Kenan Grace,wwIh2NK3GMM,buy,1072,2026-02-08,2026-05-09
MSFT,2026-04-09,"Mark Roussin, CPA",O5tcZQkTvXc,buy,205,2026-02-08,2026-05-09
SOFI,2026-04-09,Couch Investor,K815zINuzYQ,buy,849,2026-02-08,2026-05-09
SOFI,2026-04-09,Couch Investor,K815zINuzYQ,buy,850,2026-02-08,2026-05-09
SOFI,2026-04-09,Couch Investor,K815zINuzYQ,buy,851,2026-02-08,2026-05-09
SOFI,2026-04-09,Couch Investor,K815zINuzYQ,buy,852,2026-02-08,2026-05-09
AAPL,2026-04-10,Ale's World of Stocks,Iz7leDWCmHU,sell,1159,2026-02-09,2026-05-10
PLTR,2026-04-10,Tom Nash,DspkdrYD3mE,sell,1034,2026-02-09,2026-05-10
AMZN,2026-04-13,Daniel Pronk,79-99DvYn88,buy,996,2026-02-12,2026-05-13
AMD,2026-04-15,Financial Education,ljWJDprZM4o,buy,1106,2026-02-14,2026-05-15
AMD,2026-04-15,Financial Education,ljWJDprZM4o,buy,1107,2026-02-14,2026-05-15
AMD,2026-04-15,Financial Education,ljWJDprZM4o,buy,1108,2026-02-14,2026-05-15
MSFT,2026-04-15,ZipTrader,OCbTDPCVBSM,buy,425,2026-02-14,2026-05-15
NFLX,2026-04-16,Daniel Pronk,yyMU6QkRdX4,sell,1023,2026-02-15,2026-05-16
AMZN,2026-04-17,"Mark Roussin, CPA",7mZFoRAuKGI,sell,240,2026-02-16,2026-05-17
AMZN,2026-04-17,"Mark Roussin, CPA",7mZFoRAuKGI,buy,241,2026-02-16,2026-05-17
AMZN,2026-04-17,The Investor Channel,RUuCGXBMBts,buy,1004,2026-02-16,2026-05-17
META,2026-04-17,"Mark Roussin, CPA",7mZFoRAuKGI,buy,239,2026-02-16,2026-05-17
NVDA,2026-04-17,"Mark Roussin, CPA",7mZFoRAuKGI,sell,236,2026-02-16,2026-05-17
NVDA,2026-04-17,"Mark Roussin, CPA",7mZFoRAuKGI,sell,237,2026-02-16,2026-05-17
NVDA,2026-04-17,"Mark Roussin, CPA",7mZFoRAuKGI,buy,238,2026-02-16,2026-05-17
NFLX,2026-04-20,"Mark Roussin, CPA",utPMsa-caTI,buy,158,2026-02-19,2026-05-20
NFLX,2026-04-20,"Parkev Tatevosian, CFA",-bIZUuxNK8Y,buy,706,2026-02-19,2026-05-20
AAPL,2026-04-21,Kenan Grace,MECPdeRM03M,buy,1136,2026-02-20,2026-05-21
NVDA,2026-04-21,"Value Investing with Sven Carlin, Ph.D.",2Y82M282wEE,sell,991,2026-02-20,2026-05-21
NVDA,2026-04-21,"Value Investing with Sven Carlin, Ph.D.",2dJH0dAoBOQ,sell,993,2026-02-20,2026-05-21
PLTR,2026-04-21,"Value Investing with Sven Carlin, Ph.D.",2Y82M282wEE,sell,992,2026-02-20,2026-05-21
AMD,2026-04-22,Jose Najarro Stocks,NAZpNXvK3aE,buy,872,2026-02-21,2026-05-22
AMD,2026-04-22,Financial Education,bsXdpDzDTqk,buy,1109,2026-02-21,2026-05-22
AMZN,2026-04-22,Jose Najarro Stocks,NAZpNXvK3aE,buy,875,2026-02-21,2026-05-22
AMZN,2026-04-22,Kenan Grace,0rYWdlmhOag,buy,1121,2026-02-21,2026-05-22
AMZN,2026-04-22,Kenan Grace,0rYWdlmhOag,buy,1122,2026-02-21,2026-05-22
GOOGL,2026-04-22,Jose Najarro Stocks,NAZpNXvK3aE,buy,874,2026-02-21,2026-05-22
NVDA,2026-04-22,Jose Najarro Stocks,NAZpNXvK3aE,buy,873,2026-02-21,2026-05-22
TSLA,2026-04-22,Jose Najarro Stocks,NAZpNXvK3aE,buy,870,2026-02-21,2026-05-22
TSLA,2026-04-22,Jose Najarro Stocks,NAZpNXvK3aE,buy,871,2026-02-21,2026-05-22
AMD,2026-04-23,Jose Najarro Stocks,0hFQi22v5l0,buy,794,2026-02-22,2026-05-23
TSLA,2026-04-23,Kenan Grace,vljvbEyhsHg,sell,1137,2026-02-22,2026-05-23
TSLA,2026-04-24,STOCK UP! with LARRY JONES,CYSanuPtG6o,buy,141,2026-02-23,2026-05-24
AMD,2026-04-27,Jose Najarro Stocks,9U6aL1emIT8,buy,131,2026-02-26,2026-05-27
AMD,2026-04-27,Couch Investor,jzQc6ic31Kw,buy,945,2026-02-26,2026-05-27
GOOGL,2026-04-27,"Mark Roussin, CPA",w1JAuGqM7hk,sell,162,2026-02-26,2026-05-27
NFLX,2026-04-27,Stock Moe,JURyOwjbd88,buy,414,2026-02-26,2026-05-27
NVDA,2026-04-27,"Value Investing with Sven Carlin, Ph.D.",dIogpK0rmXg,sell,367,2026-02-26,2026-05-27
NVDA,2026-04-27,ZipTrader,JpGyIp6-Icw,buy,1041,2026-02-26,2026-05-27
NVDA,2026-04-27,ZipTrader,JpGyIp6-Icw,buy,1042,2026-02-26,2026-05-27
TSLA,2026-04-27,"Value Investing with Sven Carlin, Ph.D.",dIogpK0rmXg,sell,366,2026-02-26,2026-05-27
AMD,2026-04-28,Jose Najarro Stocks,fX-nv0hZwMM,buy,929,2026-02-27,2026-05-28
AMZN,2026-04-28,Daniel Pronk,_vefC6wbulo,buy,1048,2026-02-27,2026-05-28
NVDA,2026-04-28,Jose Najarro Stocks,fX-nv0hZwMM,buy,928,2026-02-27,2026-05-28
AMZN,2026-04-29,Jose Najarro Stocks,GaK9N1jUFR4,buy,837,2026-02-28,2026-05-29
GOOGL,2026-04-29,Jose Najarro Stocks,OyB-iFndK3M,buy,882,2026-02-28,2026-05-29
GOOGL,2026-04-29,Couch Investor,urKw6UgHy7U,buy,1020,2026-02-28,2026-05-29
GOOGL,2026-04-29,Dividendology,mnJf3yEipI8,buy,1027,2026-02-28,2026-05-29
META,2026-04-29,Couch Investor,-47wA5ldJgU,sell,990,2026-02-28,2026-05-29
META,2026-04-29,Couch Investor,urKw6UgHy7U,buy,1019,2026-02-28,2026-05-29
SOFI,2026-04-29,Couch Investor,-47wA5ldJgU,buy,988,2026-02-28,2026-05-29
SOFI,2026-04-29,Couch Investor,-47wA5ldJgU,sell,989,2026-02-28,2026-05-29
SOFI,2026-04-29,Couch Investor,yMcHC559ms0,buy,1022,2026-02-28,2026-05-29
AMD,2026-04-30,Ticker Symbol: YOU,t07A312EiCo,buy,1052,2026-03-01,2026-05-30
GOOGL,2026-04-30,Jose Najarro Stocks,iE0ya4QEP6M,sell,1013,2026-03-01,2026-05-30
MSFT,2026-04-30,Couch Investor,pqQ-v51DN9U,buy,1018,2026-03-01,2026-05-30
NVDA,2026-04-30,Ticker Symbol: YOU,t07A312EiCo,buy,1053,2026-03-01,2026-05-30
PLTR,2026-04-30,"Parkev Tatevosian, CFA",ZRaTSAxYCBk,buy,896,2026-03-01,2026-05-30
PYPL,2026-04-30,Everything Money,vNkpBE68i5M,sell,1127,2026-03-01,2026-05-30
SOFI,2026-04-30,Financial Education,qblw8m3bE24,buy,1553,2026-03-01,2026-05-30
META,2026-05-01,Jose Najarro Stocks,ktwqd2fBQUc,buy,16,2026-03-02,2026-05-31
META,2026-05-01,Bloomberg Television,EY4uVt71sVY,sell,1385,2026-03-02,2026-05-31
SOFI,2026-05-01,Couch Investor,9ss1GH8SYAw,buy,3,2026-03-02,2026-05-31
SOFI,2026-05-01,Couch Investor,9ss1GH8SYAw,buy,4,2026-03-02,2026-05-31
SOFI,2026-05-01,"Parkev Tatevosian, CFA",l2EnBa-7fdg,buy,949,2026-03-02,2026-05-31
AAPL,2026-05-04,CNBC Television,PqYwy1d81e0,buy,321,2026-03-05,2026-06-03
AAPL,2026-05-04,CNBC Television,PqYwy1d81e0,buy,322,2026-03-05,2026-06-03
AAPL,2026-05-04,CNBC Television,mGbVNMchrmQ,buy,324,2026-03-05,2026-06-03
AAPL,2026-05-04,CNBC Television,4VwLwtiuxVQ,buy,326,2026-03-05,2026-06-03
AAPL,2026-05-04,CNBC Television,6fQzL7fZrIk,buy,327,2026-03-05,2026-06-03
AAPL,2026-05-04,CNBC Television,9X0x0pEWx0E,buy,328,2026-03-05,2026-06-03
AAPL,2026-05-04,CNBC Television,FlYACTA-pkI,buy,1424,2026-03-05,2026-06-03
AAPL,2026-05-04,CNBC Television,i5kzzv916Ss,buy,1495,2026-03-05,2026-06-03
AMD,2026-05-04,CNBC Television,yd5ubeTfIDw,buy,325,2026-03-05,2026-06-03
AMZN,2026-05-04,"Parkev Tatevosian, CFA",KPJ44s9LNfk,buy,853,2026-03-05,2026-06-03
AMZN,2026-05-04,Best of Us Investors,ogRgEob9-pY,sell,1051,2026-03-05,2026-06-03
META,2026-05-04,"Parkev Tatevosian, CFA",KPJ44s9LNfk,buy,854,2026-03-05,2026-06-03
META,2026-05-04,Daniel Pronk,HnhI8RqeZPU,buy,1035,2026-03-05,2026-06-03
NFLX,2026-05-04,"Parkev Tatevosian, CFA",KPJ44s9LNfk,buy,855,2026-03-05,2026-06-03
NVDA,2026-05-04,"Parkev Tatevosian, CFA",KPJ44s9LNfk,buy,856,2026-03-05,2026-06-03
SOFI,2026-05-04,"Parkev Tatevosian, CFA",ubr5rZvkrpY,buy,972,2026-03-05,2026-06-03
TSLA,2026-05-04,Everything Money,8YAO5OMzEqo,buy,1032,2026-03-05,2026-06-03
UBER,2026-05-04,"Parkev Tatevosian, CFA",KPJ44s9LNfk,sell,857,2026-03-05,2026-06-03
AMD,2026-05-05,Couch Investor,VxullUlwyfk,buy,1024,2026-03-06,2026-06-04
AMZN,2026-05-05,CNBC Television,ivnQpDJ-GlA,buy,323,2026-03-06,2026-06-04
GOOGL,2026-05-05,Jose Najarro Stocks,JEQdeEOLX3c,sell,1001,2026-03-06,2026-06-04
GOOGL,2026-05-05,Couch Investor,VxullUlwyfk,sell,1026,2026-03-06,2026-06-04
GOOGL,2026-05-05,Daniel Pronk,N2AKFXEJrmw,buy,1043,2026-03-06,2026-06-04
META,2026-05-05,Jose Najarro Stocks,JEQdeEOLX3c,buy,1002,2026-03-06,2026-06-04
MSFT,2026-05-05,Couch Investor,iOJ34Usmi7c,buy,1016,2026-03-06,2026-06-04
NVDA,2026-05-05,Jose Najarro Stocks,JEQdeEOLX3c,buy,1000,2026-03-06,2026-06-04
NVDA,2026-05-05,Couch Investor,VxullUlwyfk,buy,1025,2026-03-06,2026-06-04
PYPL,2026-05-05,Couch Investor,iOJ34Usmi7c,buy,1014,2026-03-06,2026-06-04
PYPL,2026-05-05,Couch Investor,iOJ34Usmi7c,sell,1015,2026-03-06,2026-06-04
SHOP,2026-05-05,Couch Investor,iOJ34Usmi7c,buy,1017,2026-03-06,2026-06-04
SOFI,2026-05-05,Financial Education,JrRE9eFUDuI,buy,1554,2026-03-06,2026-06-04
AMD,2026-05-06,Jose Najarro Stocks,Iu-LF0kbb-M,buy,70,2026-03-07,2026-06-05
AMD,2026-05-06,Jose Najarro Stocks,Iu-LF0kbb-M,sell,71,2026-03-07,2026-06-05
AMZN,2026-05-06,Jose Najarro Stocks,Iu-LF0kbb-M,buy,72,2026-03-07,2026-06-05
NVDA,2026-05-06,Bloomberg Television,UCNZet0b_LE,buy,1355,2026-03-07,2026-06-05
NVDA,2026-05-06,Bloomberg Television,UCNZet0b_LE,buy,1356,2026-03-07,2026-06-05
NVDA,2026-05-06,CNBC Television,vmN375NZX18,buy,1458,2026-03-07,2026-06-05
SOFI,2026-05-06,"Parkev Tatevosian, CFA",GT3JCVOftkw,buy,835,2026-03-07,2026-06-05
SOFI,2026-05-06,"Parkev Tatevosian, CFA",GT3JCVOftkw,buy,836,2026-03-07,2026-06-05
AMD,2026-05-07,Jose Najarro Stocks,FjvAA4ClBIA,buy,999,2026-03-08,2026-06-06
AMD,2026-05-07,Financial Education,GjWWOR5YQJ0,buy,1459,2026-03-08,2026-06-06
AMD,2026-05-07,Financial Education,GjWWOR5YQJ0,buy,1460,2026-03-08,2026-06-06
META,2026-05-08,Couch Investor,IuqZ4FVA3ck,buy,1036,2026-03-09,2026-06-07
META,2026-05-08,Couch Investor,IuqZ4FVA3ck,buy,1037,2026-03-09,2026-06-07
META,2026-05-08,Couch Investor,IuqZ4FVA3ck,buy,1038,2026-03-09,2026-06-07
NFLX,2026-05-08,Couch Investor,IuqZ4FVA3ck,buy,1040,2026-03-09,2026-06-07
SOFI,2026-05-08,Couch Investor,IuqZ4FVA3ck,buy,1039,2026-03-09,2026-06-07
META,2026-05-11,"Parkev Tatevosian, CFA",b3IcD1Ki3mw,buy,1009,2026-03-12,2026-06-10
META,2026-05-11,"Parkev Tatevosian, CFA",b3IcD1Ki3mw,buy,1010,2026-03-12,2026-06-10
META,2026-05-11,"Parkev Tatevosian, CFA",b3IcD1Ki3mw,buy,1011,2026-03-12,2026-06-10
NVDA,2026-05-11,Couch Investor,j0UlfSd4mj0,buy,1050,2026-03-12,2026-06-10
UBER,2026-05-11,"Parkev Tatevosian, CFA",VkegraEo8N8,buy,1006,2026-03-12,2026-06-10
