locked_sample_version,event_id,source_video_id,video_id,transcript_id,creator,channel_id,ticker,company_name,recommendation_type,event_date,effective_trading_event_date,transcript_source,extraction_source_file,event_return_source_file,in_final_event_study,in_sec_clean_analysis,in_low_lookahead_analysis,in_duplicate_collapsed_analysis,in_factor_analysis,in_free_news_scaffold,notes
locked_artifact_sample_v1_2026-05-16,1,9kJI7BgxLM8,9kJI7BgxLM8,9kJI7BgxLM8,Couch Investor,UC7r4-nZ4icT8SIcnisXFSHQ,SOFI,Tesla,buy,2025-09-12,2025-09-12,external_provider,data/exports/research_grade_analysis/05_event_timeline_dataset.csv,data/exports/final_paper_package/02_event_study_robustness_table.csv (aggregate); event-level canonical return file not committed,True,True,False,True,aggregate_only_no_event_membership_file,True,locked_event_manifest_from_committed_artifacts
locked_artifact_sample_v1_2026-05-16,2,9kJI7BgxLM8,9kJI7BgxLM8,9kJI7BgxLM8,Couch Investor,UC7r4-nZ4icT8SIcnisXFSHQ,NVDA,Alphabet,buy,2025-09-12,2025-09-12,external_provider,data/exports/research_grade_analysis/05_event_timeline_dataset.csv,data/exports/final_paper_package/02_event_study_robustness_table.csv (aggregate); event-level canonical return file not committed,True,True,False,True,aggregate_only_no_event_membership_file,True,locked_event_manifest_from_committed_artifacts
locked_artifact_sample_v1_2026-05-16,3,9ss1GH8SYAw,9ss1GH8SYAw,9ss1GH8SYAw,Couch Investor,UC7r4-nZ4icT8SIcnisXFSHQ,SOFI,Amazon,buy,2026-05-01,2026-05-01,external_provider,data/exports/research_grade_analysis/05_event_timeline_dataset.csv,data/exports/final_paper_package/02_event_study_robustness_table.csv (aggregate); event-level canonical return file not committed,True,False,False,True,aggregate_only_no_event_membership_file,True,recent_intraday_diagnostic_available
locked_artifact_sample_v1_2026-05-16,4,9ss1GH8SYAw,9ss1GH8SYAw,9ss1GH8SYAw,Couch Investor,UC7r4-nZ4icT8SIcnisXFSHQ,SOFI,Nvidia,buy,2026-05-01,2026-05-01,external_provider,data/exports/research_grade_analysis/05_event_timeline_dataset.csv,data/exports/final_paper_package/02_event_study_robustness_table.csv (aggregate); event-level canonical return file not committed,True,False,False,False,aggregate_only_no_event_membership_file,True,recent_intraday_diagnostic_available
locked_artifact_sample_v1_2026-05-16,5,x7UTYS2-fMU,x7UTYS2-fMU,x7UTYS2-fMU,Jose Najarro Stocks,UC7r4-nZ4icT8SIcnisXFSHQ,NVDA,Tesla,sell,2026-01-13,2026-01-13,external_provider,data/exports/research_grade_analysis/05_event_timeline_dataset.csv,data/exports/final_paper_package/02_event_study_robustness_table.csv (aggregate); event-level canonical return file not committed,True,True,False,True,aggregate_only_no_event_membership_file,True,locked_event_manifest_from_committed_artifacts
locked_artifact_sample_v1_2026-05-16,6,x7UTYS2-fMU,x7UTYS2-fMU,x7UTYS2-fMU,Jose Najarro Stocks,UCwKB_00dPL3x5XmHF9IJCrg,NVDA,PayPal,buy,2026-01-13,2026-01-13,external_provider,data/exports/research_grade_analysis/05_event_timeline_dataset.csv,data/exports/final_paper_package/02_event_study_robustness_table.csv (aggregate); event-level canonical return file not committed,True,True,False,False,aggregate_only_no_event_membership_file,True,locked_event_manifest_from_committed_artifacts
locked_artifact_sample_v1_2026-05-16,7,hp7YC4lmPE0,hp7YC4lmPE0,hp7YC4lmPE0,Jose Najarro Stocks,UCwKB_00dPL3x5XmHF9IJCrg,NVDA,Microsoft,buy,2025-08-28,2025-08-28,external_provider,data/exports/research_grade_analysis/05_event_timeline_dataset.csv,data/exports/final_paper_package/02_event_study_robustness_table.csv (aggregate); event-level canonical return file not committed,True,False,False,True,aggregate_only_no_event_membership_file,True,locked_event_manifest_from_committed_artifacts
locked_artifact_sample_v1_2026-05-16,8,jkuQjEyfKwM,jkuQjEyfKwM,jkuQjEyfKwM,Jose Najarro Stocks,UCwKB_00dPL3x5XmHF9IJCrg,AMD,Uber,buy,2026-01-20,2026-01-20,external_provider,data/exports/research_grade_analysis/05_event_timeline_dataset.csv,data/exports/final_paper_package/02_event_study_robustness_table.csv (aggregate); event-level canonical return file not committed,True,False,False,True,aggregate_only_no_event_membership_file,True,locked_event_manifest_from_committed_artifacts
locked_artifact_sample_v1_2026-05-16,9,jn3unywFg24,jn3unywFg24,jn3unywFg24,Jose Najarro Stocks,UCwKB_00dPL3x5XmHF9IJCrg,MSFT,Nvidia,buy,2026-01-14,2026-01-14,external_provider,data/exports/research_grade_analysis/05_event_timeline_dataset.csv,data/exports/final_paper_package/02_event_study_robustness_table.csv (aggregate); event-level canonical return file not committed,True,True,False,True,aggregate_only_no_event_membership_file,True,locked_event_manifest_from_committed_artifacts
locked_artifact_sample_v1_2026-05-16,10,jn3unywFg24,jn3unywFg24,jn3unywFg24,Jose Najarro Stocks,UCwKB_00dPL3x5XmHF9IJCrg,NFLX,Netflix,buy,2026-01-14,2026-01-14,external_provider,data/exports/research_grade_analysis/05_event_timeline_dataset.csv,data/exports/final_paper_package/02_event_study_robustness_table.csv (aggregate); event-level canonical return file not committed,True,False,False,True,aggregate_only_no_event_membership_file,True,locked_event_manifest_from_committed_artifacts
locked_artifact_sample_v1_2026-05-16,11,jn3unywFg24,jn3unywFg24,jn3unywFg24,Jose Najarro Stocks,UC7r4-nZ4icT8SIcnisXFSHQ,NVDA,Netflix,buy,2026-01-14,2026-01-14,external_provider,data/exports/research_grade_analysis/05_event_timeline_dataset.csv,data/exports/final_paper_package/02_event_study_robustness_table.csv (aggregate); event-level canonical return file not committed,True,True,False,True,aggregate_only_no_event_membership_file,True,locked_event_manifest_from_committed_artifacts
locked_artifact_sample_v1_2026-05-16,12,kSzohaLWEDc,kSzohaLWEDc,kSzohaLWEDc,Jose Najarro Stocks,UC7r4-nZ4icT8SIcnisXFSHQ,MSFT,Amazon,buy,2025-07-30,2025-07-30,external_provider,data/exports/research_grade_analysis/05_event_timeline_dataset.csv,data/exports/final_paper_package/02_event_study_robustness_table.csv (aggregate); event-level canonical return file not committed,True,False,False,True,aggregate_only_no_event_membership_file,True,locked_event_manifest_from_committed_artifacts
locked_artifact_sample_v1_2026-05-16,13,kSzohaLWEDc,kSzohaLWEDc,kSzohaLWEDc,Jose Najarro Stocks,UC7r4-nZ4icT8SIcnisXFSHQ,GOOGL,Netflix,buy,2025-07-30,2025-07-30,external_provider,data/exports/research_grade_analysis/05_event_timeline_dataset.csv,data/exports/final_paper_package/02_event_study_robustness_table.csv (aggregate); event-level canonical return file not committed,True,False,False,True,aggregate_only_no_event_membership_file,True,locked_event_manifest_from_committed_artifacts
locked_artifact_sample_v1_2026-05-16,14,kh-qIeu-wEA,kh-qIeu-wEA,kh-qIeu-wEA,Jose Najarro Stocks,UC7r4-nZ4icT8SIcnisXFSHQ,AMD,Nvidia,buy,2025-09-21,2025-09-22,external_provider,data/exports/research_grade_analysis/05_event_timeline_dataset.csv,data/exports/final_paper_package/02_event_study_robustness_table.csv (aggregate); event-level canonical return file not committed,True,True,True,True,aggregate_only_no_event_membership_file,True,locked_event_manifest_from_committed_artifacts
locked_artifact_sample_v1_2026-05-16,15,kh-qIeu-wEA,kh-qIeu-wEA,kh-qIeu-wEA,Jose Najarro Stocks,UC7r4-nZ4icT8SIcnisXFSHQ,NVDA,Tesla,sell,2025-09-21,2025-09-22,external_provider,data/exports/research_grade_analysis/05_event_timeline_dataset.csv,data/exports/final_paper_package/02_event_study_robustness_table.csv (aggregate); event-level canonical return file not committed,True,True,True,True,aggregate_only_no_event_membership_file,True,locked_event_manifest_from_committed_artifacts
locked_artifact_sample_v1_2026-05-16,16,ktwqd2fBQUc,ktwqd2fBQUc,ktwqd2fBQUc,Jose Najarro Stocks,UCC7xhD0o7FBHdKXZxMRFspQ,META,Alphabet,buy,2026-05-01,2026-05-01,external_provider,data/exports/research_grade_analysis/05_event_timeline_dataset.csv,data/exports/final_paper_package/02_event_study_robustness_table.csv (aggregate); event-level canonical return file not committed,True,False,False,True,aggregate_only_no_event_membership_file,True,recent_intraday_diagnostic_available
locked_artifact_sample_v1_2026-05-16,17,l1EhVSTa1ok,l1EhVSTa1ok,l1EhVSTa1ok,Jose Najarro Stocks,UCC7xhD0o7FBHdKXZxMRFspQ,NVDA,Tesla,buy,2025-05-29,2025-05-29,external_provider,data/exports/research_grade_analysis/05_event_timeline_dataset.csv,data/exports/final_paper_package/02_event_study_robustness_table.csv (aggregate); event-level canonical return file not committed,True,False,False,True,aggregate_only_no_event_membership_file,True,locked_event_manifest_from_committed_artifacts
locked_artifact_sample_v1_2026-05-16,18,l7-j07teo3M,l7-j07teo3M,l7-j07teo3M,Jose Najarro Stocks,UCC7xhD0o7FBHdKXZxMRFspQ,AAPL,Tesla,buy,2025-06-05,2025-06-05,external_provider,data/exports/research_grade_analysis/05_event_timeline_dataset.csv,data/exports/final_paper_package/02_event_study_robustness_table.csv (aggregate); event-level canonical return file not committed,True,True,False,True,aggregate_only_no_event_membership_file,True,locked_event_manifest_from_committed_artifacts
locked_artifact_sample_v1_2026-05-16,19,l7-j07teo3M,l7-j07teo3M,l7-j07teo3M,Jose Najarro Stocks,UCC7xhD0o7FBHdKXZxMRFspQ,DIS,Apple,buy,2025-06-05,2025-06-05,external_provider,data/exports/research_grade_analysis/05_event_timeline_dataset.csv,data/exports/final_paper_package/02_event_study_robustness_table.csv (aggregate); event-level canonical return file not committed,True,False,False,True,aggregate_only_no_event_membership_file,True,locked_event_manifest_from_committed_artifacts
locked_artifact_sample_v1_2026-05-16,20,l7-j07teo3M,l7-j07teo3M,l7-j07teo3M,Jose Najarro Stocks,UC7r4-nZ4icT8SIcnisXFSHQ,PYPL,Amazon,buy,2025-06-05,2025-06-05,external_provider,data/exports/research_grade_analysis/05_event_timeline_dataset.csv,data/exports/final_paper_package/02_event_study_robustness_table.csv (aggregate); event-level canonical return file not committed,True,False,False,True,aggregate_only_no_event_membership_file,True,locked_event_manifest_from_committed_artifacts
locked_artifact_sample_v1_2026-05-16,21,lS5d1IXawe8,lS5d1IXawe8,lS5d1IXawe8,Jose Najarro Stocks,UC5cEHfCr6WOE1R1zcohd1IA,AMD,Nvidia,buy,2025-08-11,2025-08-11,external_provider,data/exports/research_grade_analysis/05_event_timeline_dataset.csv,data/exports/final_paper_package/02_event_study_robustness_table.csv (aggregate); event-level canonical return file not committed,True,False,False,True,aggregate_only_no_event_membership_file,True,locked_event_manifest_from_committed_artifacts
locked_artifact_sample_v1_2026-05-16,22,TZKPxgRqJgg,TZKPxgRqJgg,TZKPxgRqJgg,Jose Najarro Stocks,UC5cEHfCr6WOE1R1zcohd1IA,NVDA,Nvidia,buy,2025-10-03,2025-10-03,external_provider,data/exports/research_grade_analysis/05_event_timeline_dataset.csv,data/exports/final_paper_package/02_event_study_robustness_table.csv (aggregate); event-level canonical return file not committed,True,True,False,True,aggregate_only_no_event_membership_file,True,locked_event_manifest_from_committed_artifacts
locked_artifact_sample_v1_2026-05-16,23,TfBPPX3bUrE,TfBPPX3bUrE,TfBPPX3bUrE,Jose Najarro Stocks,UC7r4-nZ4icT8SIcnisXFSHQ,TSLA,Disney,buy,2025-04-22,2025-04-22,external_provider,data/exports/research_grade_analysis/05_event_timeline_dataset.csv,data/exports/final_paper_package/02_event_study_robustness_table.csv (aggregate); event-level canonical return file not committed,True,False,False,True,aggregate_only_no_event_membership_file,True,locked_event_manifest_from_committed_artifacts
locked_artifact_sample_v1_2026-05-16,24,TfBPPX3bUrE,TfBPPX3bUrE,TfBPPX3bUrE,Jose Najarro Stocks,UC7r4-nZ4icT8SIcnisXFSHQ,TSLA,,sell,2025-04-22,2025-04-22,external_provider,data/exports/research_grade_analysis/05_event_timeline_dataset.csv,data/exports/final_paper_package/02_event_study_robustness_table.csv (aggregate); event-level canonical return file not committed,True,False,False,False,aggregate_only_no_event_membership_file,True,locked_event_manifest_from_committed_artifacts
locked_artifact_sample_v1_2026-05-16,25,TfBPPX3bUrE,TfBPPX3bUrE,TfBPPX3bUrE,Jose Najarro Stocks,UC7r4-nZ4icT8SIcnisXFSHQ,TSLA,Microsoft,sell,2025-04-22,2025-04-22,external_provider,data/exports/research_grade_analysis/05_event_timeline_dataset.csv,data/exports/final_paper_package/02_event_study_robustness_table.csv (aggregate); event-level canonical return file not committed,True,False,False,False,aggregate_only_no_event_membership_file,True,locked_event_manifest_from_committed_artifacts
locked_artifact_sample_v1_2026-05-16,26,TfBPPX3bUrE,TfBPPX3bUrE,TfBPPX3bUrE,Jose Najarro Stocks,UC7r4-nZ4icT8SIcnisXFSHQ,TSLA,Apple,buy,2025-04-22,2025-04-22,external_provider,data/exports/research_grade_analysis/05_event_timeline_dataset.csv,data/exports/final_paper_package/02_event_study_robustness_table.csv (aggregate); event-level canonical return file not committed,True,False,False,False,aggregate_only_no_event_membership_file,True,locked_event_manifest_from_committed_artifacts
locked_artifact_sample_v1_2026-05-16,27,TfBPPX3bUrE,TfBPPX3bUrE,TfBPPX3bUrE,Jose Najarro Stocks,UCgCh-2AfEBtWrNBC2OoNQYg,TSLA,Apple,buy,2025-04-22,2025-04-22,external_provider,data/exports/research_grade_analysis/05_event_timeline_dataset.csv,data/exports/final_paper_package/02_event_study_robustness_table.csv (aggregate); event-level canonical return file not committed,True,False,False,False,aggregate_only_no_event_membership_file,True,locked_event_manifest_from_committed_artifacts
locked_artifact_sample_v1_2026-05-16,28,TfBPPX3bUrE,TfBPPX3bUrE,TfBPPX3bUrE,Jose Najarro Stocks,UC7r4-nZ4icT8SIcnisXFSHQ,AMZN,Nvidia,buy,2025-04-22,2025-04-22,external_provider,data/exports/research_grade_analysis/05_event_timeline_dataset.csv,data/exports/final_paper_package/02_event_study_robustness_table.csv (aggregate); event-level canonical return file not committed,True,True,False,True,aggregate_only_no_event_membership_file,True,locked_event_manifest_from_committed_artifacts
locked_artifact_sample_v1_2026-05-16,29,TjFsAeG7rLM,TjFsAeG7rLM,TjFsAeG7rLM,Jose Najarro Stocks,UCC7xhD0o7FBHdKXZxMRFspQ,NVDA,Netflix,buy,2025-08-17,2025-08-18,external_provider,data/exports/research_grade_analysis/05_event_timeline_dataset.csv,data/exports/final_paper_package/02_event_study_robustness_table.csv (aggregate); event-level canonical return file not committed,True,True,True,True,aggregate_only_no_event_membership_file,True,locked_event_manifest_from_committed_artifacts
locked_artifact_sample_v1_2026-05-16,30,ToNE55pOgLY,ToNE55pOgLY,ToNE55pOgLY,Jose Najarro Stocks,UCC7xhD0o7FBHdKXZxMRFspQ,NVDA,Microsoft,buy,2025-12-28,2025-12-29,external_provider,data/exports/research_grade_analysis/05_event_timeline_dataset.csv,data/exports/final_paper_package/02_event_study_robustness_table.csv (aggregate); event-level canonical return file not committed,True,True,True,True,aggregate_only_no_event_membership_file,True,locked_event_manifest_from_committed_artifacts
locked_artifact_sample_v1_2026-05-16,31,U4QOkflbLNM,U4QOkflbLNM,U4QOkflbLNM,Jose Najarro Stocks,UC7r4-nZ4icT8SIcnisXFSHQ,AMD,Netflix,buy,2026-01-07,2026-01-07,external_provider,data/exports/research_grade_analysis/05_event_timeline_dataset.csv,data/exports/final_paper_package/02_event_study_robustness_table.csv (aggregate); event-level canonical return file not committed,True,True,False,True,aggregate_only_no_event_membership_file,True,locked_event_manifest_from_committed_artifacts
locked_artifact_sample_v1_2026-05-16,32,V2n8fGThJas,V2n8fGThJas,V2n8fGThJas,Jose Najarro Stocks,UC7r4-nZ4icT8SIcnisXFSHQ,NVDA,Netflix,buy,2025-07-25,2025-07-25,external_provider,data/exports/research_grade_analysis/05_event_timeline_dataset.csv,data/exports/final_paper_package/02_event_study_robustness_table.csv (aggregate); event-level canonical return file not committed,True,True,False,True,aggregate_only_no_event_membership_file,True,locked_event_manifest_from_committed_artifacts
locked_artifact_sample_v1_2026-05-16,33,VLGOO8yqgzs,VLGOO8yqgzs,VLGOO8yqgzs,Jose Najarro Stocks,UC7r4-nZ4icT8SIcnisXFSHQ,NVDA,Microsoft,buy,2025-11-22,2025-11-24,external_provider,data/exports/research_grade_analysis/05_event_timeline_dataset.csv,data/exports/final_paper_package/02_event_study_robustness_table.csv (aggregate); event-level canonical return file not committed,True,False,True,True,aggregate_only_no_event_membership_file,True,locked_event_manifest_from_committed_artifacts
locked_artifact_sample_v1_2026-05-16,34,VLGOO8yqgzs,VLGOO8yqgzs,VLGOO8yqgzs,Jose Najarro Stocks,UCC7xhD0o7FBHdKXZxMRFspQ,NVDA,Apple,buy,2025-11-22,2025-11-24,external_provider,data/exports/research_grade_analysis/05_event_timeline_dataset.csv,data/exports/final_paper_package/02_event_study_robustness_table.csv (aggregate); event-level canonical return file not committed,True,False,True,False,aggregate_only_no_event_membership_file,True,locked_event_manifest_from_committed_artifacts
locked_artifact_sample_v1_2026-05-16,35,VLGOO8yqgzs,VLGOO8yqgzs,VLGOO8yqgzs,Jose Najarro Stocks,UCC7xhD0o7FBHdKXZxMRFspQ,MSFT,Apple,buy,2025-11-22,2025-11-24,external_provider,data/exports/research_grade_analysis/05_event_timeline_dataset.csv,data/exports/final_paper_package/02_event_study_robustness_table.csv (aggregate); event-level canonical return file not committed,True,True,True,True,aggregate_only_no_event_membership_file,True,locked_event_manifest_from_committed_artifacts
locked_artifact_sample_v1_2026-05-16,36,VM6-KSk5TYE,VM6-KSk5TYE,VM6-KSk5TYE,Jose Najarro Stocks,UCC7xhD0o7FBHdKXZxMRFspQ,PYPL,Apple,buy,2025-09-17,2025-09-17,external_provider,data/exports/research_grade_analysis/05_event_timeline_dataset.csv,data/exports/final_paper_package/02_event_study_robustness_table.csv (aggregate); event-level canonical return file not committed,True,True,True,True,aggregate_only_no_event_membership_file,True,locked_event_manifest_from_committed_artifacts
locked_artifact_sample_v1_2026-05-16,37,VM6-KSk5TYE,VM6-KSk5TYE,VM6-KSk5TYE,Jose Najarro Stocks,UCC7xhD0o7FBHdKXZxMRFspQ,META,Apple,buy,2025-09-17,2025-09-17,external_provider,data/exports/research_grade_analysis/05_event_timeline_dataset.csv,data/exports/final_paper_package/02_event_study_robustness_table.csv (aggregate); event-level canonical return file not committed,True,True,True,True,aggregate_only_no_event_membership_file,True,locked_event_manifest_from_committed_artifacts
locked_artifact_sample_v1_2026-05-16,38,ViHbN8sqowE,ViHbN8sqowE,ViHbN8sqowE,Jose Najarro Stocks,UCC7xhD0o7FBHdKXZxMRFspQ,GOOGL,Apple,sell,2025-06-22,2025-06-23,external_provider,data/exports/research_grade_analysis/05_event_timeline_dataset.csv,data/exports/final_paper_package/02_event_study_robustness_table.csv (aggregate); event-level canonical return file not committed,True,True,True,True,aggregate_only_no_event_membership_file,True,locked_event_manifest_from_committed_artifacts
locked_artifact_sample_v1_2026-05-16,39,WZn7DEvbUSg,WZn7DEvbUSg,WZn7DEvbUSg,Jose Najarro Stocks,UCC7xhD0o7FBHdKXZxMRFspQ,NVDA,Apple,buy,2025-07-16,2025-07-16,external_provider,data/exports/research_grade_analysis/05_event_timeline_dataset.csv,data/exports/final_paper_package/02_event_study_robustness_table.csv (aggregate); event-level canonical return file not committed,True,True,False,True,aggregate_only_no_event_membership_file,True,locked_event_manifest_from_committed_artifacts
locked_artifact_sample_v1_2026-05-16,40,W_PUT886Hsg,W_PUT886Hsg,W_PUT886Hsg,Jose Najarro Stocks,UC5cEHfCr6WOE1R1zcohd1IA,NVDA,,buy,2025-06-12,2025-06-12,external_provider,data/exports/research_grade_analysis/05_event_timeline_dataset.csv,data/exports/final_paper_package/02_event_study_robustness_table.csv (aggregate); event-level canonical return file not committed,True,True,False,True,aggregate_only_no_event_membership_file,True,locked_event_manifest_from_committed_artifacts
locked_artifact_sample_v1_2026-05-16,41,XIFBe1sQ154,XIFBe1sQ154,XIFBe1sQ154,Jose Najarro Stocks,UC7r4-nZ4icT8SIcnisXFSHQ,AMD,Amazon,sell,2025-08-10,2025-08-11,external_provider,data/exports/research_grade_analysis/05_event_timeline_dataset.csv,data/exports/final_paper_package/02_event_study_robustness_table.csv (aggregate); event-level canonical return file not committed,True,False,True,False,aggregate_only_no_event_membership_file,True,locked_event_manifest_from_committed_artifacts
locked_artifact_sample_v1_2026-05-16,42,XIFBe1sQ154,XIFBe1sQ154,XIFBe1sQ154,Jose Najarro Stocks,UC7r4-nZ4icT8SIcnisXFSHQ,NVDA,Microsoft,sell,2025-08-10,2025-08-11,external_provider,data/exports/research_grade_analysis/05_event_timeline_dataset.csv,data/exports/final_paper_package/02_event_study_robustness_table.csv (aggregate); event-level canonical return file not committed,True,False,True,True,aggregate_only_no_event_membership_file,True,locked_event_manifest_from_committed_artifacts
locked_artifact_sample_v1_2026-05-16,43,ZoNcukTNJWU,ZoNcukTNJWU,ZoNcukTNJWU,Jose Najarro Stocks,UC7r4-nZ4icT8SIcnisXFSHQ,NVDA,Microsoft,buy,2026-01-16,2026-01-16,external_provider,data/exports/research_grade_analysis/05_event_timeline_dataset.csv,data/exports/final_paper_package/02_event_study_robustness_table.csv (aggregate); event-level canonical return file not committed,True,False,True,True,aggregate_only_no_event_membership_file,True,locked_event_manifest_from_committed_artifacts
locked_artifact_sample_v1_2026-05-16,44,ZoNcukTNJWU,ZoNcukTNJWU,ZoNcukTNJWU,Jose Najarro Stocks,UCrTTBSUr0zhPU56UQljag5A,AMD,Nvidia,buy,2026-01-16,2026-01-16,external_provider,data/exports/research_grade_analysis/05_event_timeline_dataset.csv,data/exports/final_paper_package/02_event_study_robustness_table.csv (aggregate); event-level canonical return file not committed,True,False,True,True,aggregate_only_no_event_membership_file,True,locked_event_manifest_from_committed_artifacts
locked_artifact_sample_v1_2026-05-16,45,_0xgiC5-zkY,_0xgiC5-zkY,_0xgiC5-zkY,Jose Najarro Stocks,UCC7xhD0o7FBHdKXZxMRFspQ,AMD,Microsoft,buy,2025-06-23,2025-06-23,external_provider,data/exports/research_grade_analysis/05_event_timeline_dataset.csv,data/exports/final_paper_package/02_event_study_robustness_table.csv (aggregate); event-level canonical return file not committed,True,True,False,True,aggregate_only_no_event_membership_file,True,locked_event_manifest_from_committed_artifacts
locked_artifact_sample_v1_2026-05-16,46,aT9dTY-LD3A,aT9dTY-LD3A,aT9dTY-LD3A,Jose Najarro Stocks,UCC7xhD0o7FBHdKXZxMRFspQ,GOOGL,Apple,buy,2025-05-20,2025-05-20,external_provider,data/exports/research_grade_analysis/05_event_timeline_dataset.csv,data/exports/final_paper_package/02_event_study_robustness_table.csv (aggregate); event-level canonical return file not committed,True,True,True,True,aggregate_only_no_event_membership_file,True,locked_event_manifest_from_committed_artifacts
locked_artifact_sample_v1_2026-05-16,47,aT9dTY-LD3A,aT9dTY-LD3A,aT9dTY-LD3A,Jose Najarro Stocks,UCC7xhD0o7FBHdKXZxMRFspQ,NVDA,Apple,buy,2025-05-20,2025-05-20,external_provider,data/exports/research_grade_analysis/05_event_timeline_dataset.csv,data/exports/final_paper_package/02_event_study_robustness_table.csv (aggregate); event-level canonical return file not committed,True,False,True,True,aggregate_only_no_event_membership_file,True,locked_event_manifest_from_committed_artifacts
locked_artifact_sample_v1_2026-05-16,48,aT9dTY-LD3A,aT9dTY-LD3A,aT9dTY-LD3A,Jose Najarro Stocks,UCC7xhD0o7FBHdKXZxMRFspQ,NVDA,Uber,sell,2025-05-20,2025-05-20,external_provider,data/exports/research_grade_analysis/05_event_timeline_dataset.csv,data/exports/final_paper_package/02_event_study_robustness_table.csv (aggregate); event-level canonical return file not committed,True,False,True,False,aggregate_only_no_event_membership_file,True,locked_event_manifest_from_committed_artifacts
locked_artifact_sample_v1_2026-05-16,49,aT9dTY-LD3A,aT9dTY-LD3A,aT9dTY-LD3A,Jose Najarro Stocks,UC7r4-nZ4icT8SIcnisXFSHQ,NVDA,PayPal,buy,2025-05-20,2025-05-20,external_provider,data/exports/research_grade_analysis/05_event_timeline_dataset.csv,data/exports/final_paper_package/02_event_study_robustness_table.csv (aggregate); event-level canonical return file not committed,True,False,True,False,aggregate_only_no_event_membership_file,True,locked_event_manifest_from_committed_artifacts
locked_artifact_sample_v1_2026-05-16,50,cA9G2OXZXVQ,cA9G2OXZXVQ,cA9G2OXZXVQ,Jose Najarro Stocks,UCgCh-2AfEBtWrNBC2OoNQYg,NVDA,Microsoft,buy,2025-09-15,2025-09-15,external_provider,data/exports/research_grade_analysis/05_event_timeline_dataset.csv,data/exports/final_paper_package/02_event_study_robustness_table.csv (aggregate); event-level canonical return file not committed,True,True,False,True,aggregate_only_no_event_membership_file,True,locked_event_manifest_from_committed_artifacts
locked_artifact_sample_v1_2026-05-16,51,fEddj8s8az8,fEddj8s8az8,fEddj8s8az8,Jose Najarro Stocks,UCgCh-2AfEBtWrNBC2OoNQYg,NVDA,Microsoft,buy,2025-08-11,2025-08-11,external_provider,data/exports/research_grade_analysis/05_event_timeline_dataset.csv,data/exports/final_paper_package/02_event_study_robustness_table.csv (aggregate); event-level canonical return file not committed,True,False,True,False,aggregate_only_no_event_membership_file,True,locked_event_manifest_from_committed_artifacts
locked_artifact_sample_v1_2026-05-16,52,fOznSynSQEA,fOznSynSQEA,fOznSynSQEA,Jose Najarro Stocks,UC7r4-nZ4icT8SIcnisXFSHQ,META,Tesla,sell,2026-01-25,2026-01-26,external_provider,data/exports/research_grade_analysis/05_event_timeline_dataset.csv,data/exports/final_paper_package/02_event_study_robustness_table.csv (aggregate); event-level canonical return file not committed,True,False,True,True,aggregate_only_no_event_membership_file,True,locked_event_manifest_from_committed_artifacts
locked_artifact_sample_v1_2026-05-16,53,gJJsebHnej4,gJJsebHnej4,gJJsebHnej4,Jose Najarro Stocks,UC7r4-nZ4icT8SIcnisXFSHQ,NVDA,Microsoft,buy,2025-05-21,2025-05-21,external_provider,data/exports/research_grade_analysis/05_event_timeline_dataset.csv,data/exports/final_paper_package/02_event_study_robustness_table.csv (aggregate); event-level canonical return file not committed,True,False,False,True,aggregate_only_no_event_membership_file,True,locked_event_manifest_from_committed_artifacts
locked_artifact_sample_v1_2026-05-16,54,gVnUKjkA5M0,gVnUKjkA5M0,gVnUKjkA5M0,Jose Najarro Stocks,UCC7xhD0o7FBHdKXZxMRFspQ,NVDA,Nvidia,sell,2025-05-22,2025-05-22,external_provider,data/exports/research_grade_analysis/05_event_timeline_dataset.csv,data/exports/final_paper_package/02_event_study_robustness_table.csv (aggregate); event-level canonical return file not committed,True,False,False,True,aggregate_only_no_event_membership_file,True,locked_event_manifest_from_committed_artifacts
locked_artifact_sample_v1_2026-05-16,55,DKFqBKs-_kE,DKFqBKs-_kE,DKFqBKs-_kE,Jose Najarro Stocks,UCC7xhD0o7FBHdKXZxMRFspQ,GOOGL,Amazon,buy,2025-06-25,2025-06-25,external_provider,data/exports/research_grade_analysis/05_event_timeline_dataset.csv,data/exports/final_paper_package/02_event_study_robustness_table.csv (aggregate); event-level canonical return file not committed,True,True,True,True,aggregate_only_no_event_membership_file,True,locked_event_manifest_from_committed_artifacts
locked_artifact_sample_v1_2026-05-16,56,DasPTS8i000,DasPTS8i000,DasPTS8i000,Jose Najarro Stocks,UC5cEHfCr6WOE1R1zcohd1IA,GOOGL,Nvidia,buy,2025-06-24,2025-06-24,external_provider,data/exports/research_grade_analysis/05_event_timeline_dataset.csv,data/exports/final_paper_package/02_event_study_robustness_table.csv (aggregate); event-level canonical return file not committed,True,True,True,True,aggregate_only_no_event_membership_file,True,locked_event_manifest_from_committed_artifacts
locked_artifact_sample_v1_2026-05-16,57,EPYNXeTbgCg,EPYNXeTbgCg,EPYNXeTbgCg,Jose Najarro Stocks,UC5cEHfCr6WOE1R1zcohd1IA,AAPL,Nvidia,sell,2025-06-17,2025-06-17,external_provider,data/exports/research_grade_analysis/05_event_timeline_dataset.csv,data/exports/final_paper_package/02_event_study_robustness_table.csv (aggregate); event-level canonical return file not committed,True,True,False,True,aggregate_only_no_event_membership_file,True,locked_event_manifest_from_committed_artifacts
locked_artifact_sample_v1_2026-05-16,58,EPYNXeTbgCg,EPYNXeTbgCg,EPYNXeTbgCg,Jose Najarro Stocks,UC7r4-nZ4icT8SIcnisXFSHQ,SOFI,Tesla,buy,2025-06-17,2025-06-17,external_provider,data/exports/research_grade_analysis/05_event_timeline_dataset.csv,data/exports/final_paper_package/02_event_study_robustness_table.csv (aggregate); event-level canonical return file not committed,True,True,False,True,aggregate_only_no_event_membership_file,True,locked_event_manifest_from_committed_artifacts
locked_artifact_sample_v1_2026-05-16,59,EPYNXeTbgCg,EPYNXeTbgCg,EPYNXeTbgCg,Jose Najarro Stocks,UC7r4-nZ4icT8SIcnisXFSHQ,META,Amazon,buy,2025-06-17,2025-06-17,external_provider,data/exports/research_grade_analysis/05_event_timeline_dataset.csv,data/exports/final_paper_package/02_event_study_robustness_table.csv (aggregate); event-level canonical return file not committed,True,True,False,True,aggregate_only_no_event_membership_file,True,locked_event_manifest_from_committed_artifacts
locked_artifact_sample_v1_2026-05-16,60,FLfvPzUYoPE,FLfvPzUYoPE,FLfvPzUYoPE,Jose Najarro Stocks,UCrGLm-Drgv0vbbemwwHeXJw,GOOGL,Nvidia,buy,2025-07-25,2025-07-25,external_provider,data/exports/research_grade_analysis/05_event_timeline_dataset.csv,data/exports/final_paper_package/02_event_study_robustness_table.csv (aggregate); event-level canonical return file not committed,True,False,True,True,aggregate_only_no_event_membership_file,True,locked_event_manifest_from_committed_artifacts
locked_artifact_sample_v1_2026-05-16,61,FtyHVuOfGKo,FtyHVuOfGKo,FtyHVuOfGKo,Jose Najarro Stocks,UCrGLm-Drgv0vbbemwwHeXJw,NVDA,Alphabet,buy,2026-01-29,2026-01-29,external_provider,data/exports/research_grade_analysis/05_event_timeline_dataset.csv,data/exports/final_paper_package/02_event_study_robustness_table.csv (aggregate); event-level canonical return file not committed,True,False,False,True,aggregate_only_no_event_membership_file,True,locked_event_manifest_from_committed_artifacts
locked_artifact_sample_v1_2026-05-16,62,GIPCWsA3i4Y,GIPCWsA3i4Y,GIPCWsA3i4Y,Jose Najarro Stocks,UC7r4-nZ4icT8SIcnisXFSHQ,GOOGL,Tesla,buy,2025-08-20,2025-08-20,external_provider,data/exports/research_grade_analysis/05_event_timeline_dataset.csv,data/exports/final_paper_package/02_event_study_robustness_table.csv (aggregate); event-level canonical return file not committed,True,True,False,True,aggregate_only_no_event_membership_file,True,locked_event_manifest_from_committed_artifacts
locked_artifact_sample_v1_2026-05-16,63,GZ_5WYJCgAo,GZ_5WYJCgAo,GZ_5WYJCgAo,Jose Najarro Stocks,UCC7xhD0o7FBHdKXZxMRFspQ,AMD,Microsoft,buy,2025-10-04,2025-10-06,external_provider,data/exports/research_grade_analysis/05_event_timeline_dataset.csv,data/exports/final_paper_package/02_event_study_robustness_table.csv (aggregate); event-level canonical return file not committed,True,False,True,True,aggregate_only_no_event_membership_file,True,locked_event_manifest_from_committed_artifacts
locked_artifact_sample_v1_2026-05-16,64,Gh_Uc-iLTbY,Gh_Uc-iLTbY,Gh_Uc-iLTbY,Jose Najarro Stocks,UCC7xhD0o7FBHdKXZxMRFspQ,META,Alphabet,sell,2025-11-26,2025-11-26,external_provider,data/exports/research_grade_analysis/05_event_timeline_dataset.csv,data/exports/final_paper_package/02_event_study_robustness_table.csv (aggregate); event-level canonical return file not committed,True,True,False,True,aggregate_only_no_event_membership_file,True,locked_event_manifest_from_committed_artifacts
locked_artifact_sample_v1_2026-05-16,65,H8csy_L4fqg,H8csy_L4fqg,H8csy_L4fqg,Jose Najarro Stocks,UCC7xhD0o7FBHdKXZxMRFspQ,NVDA,Tesla,buy,2025-08-13,2025-08-13,external_provider,data/exports/research_grade_analysis/05_event_timeline_dataset.csv,data/exports/final_paper_package/02_event_study_robustness_table.csv (aggregate); event-level canonical return file not committed,True,True,False,True,aggregate_only_no_event_membership_file,True,locked_event_manifest_from_committed_artifacts
locked_artifact_sample_v1_2026-05-16,66,H8csy_L4fqg,H8csy_L4fqg,H8csy_L4fqg,Jose Najarro Stocks,UCrGLm-Drgv0vbbemwwHeXJw,NVDA,SoFi,sell,2025-08-13,2025-08-13,external_provider,data/exports/research_grade_analysis/05_event_timeline_dataset.csv,data/exports/final_paper_package/02_event_study_robustness_table.csv (aggregate); event-level canonical return file not committed,True,True,False,False,aggregate_only_no_event_membership_file,True,locked_event_manifest_from_committed_artifacts
locked_artifact_sample_v1_2026-05-16,67,HgRFFG9IZ2Y,HgRFFG9IZ2Y,HgRFFG9IZ2Y,Jose Najarro Stocks,UCrGLm-Drgv0vbbemwwHeXJw,NVDA,Nvidia,buy,2025-05-21,2025-05-21,external_provider,data/exports/research_grade_analysis/05_event_timeline_dataset.csv,data/exports/final_paper_package/02_event_study_robustness_table.csv (aggregate); event-level canonical return file not committed,True,False,False,False,aggregate_only_no_event_membership_file,True,locked_event_manifest_from_committed_artifacts
locked_artifact_sample_v1_2026-05-16,68,IQeul6oxymE,IQeul6oxymE,IQeul6oxymE,Jose Najarro Stocks,UCwKB_00dPL3x5XmHF9IJCrg,AMD,Netflix,sell,2025-12-19,2025-12-19,external_provider,data/exports/research_grade_analysis/05_event_timeline_dataset.csv,data/exports/final_paper_package/02_event_study_robustness_table.csv (aggregate); event-level canonical return file not committed,True,False,False,True,aggregate_only_no_event_membership_file,True,locked_event_manifest_from_committed_artifacts
locked_artifact_sample_v1_2026-05-16,69,In4uPq-ou6A,In4uPq-ou6A,In4uPq-ou6A,Jose Najarro Stocks,UC5cEHfCr6WOE1R1zcohd1IA,AMD,Nvidia,buy,2025-07-08,2025-07-08,external_provider,data/exports/research_grade_analysis/05_event_timeline_dataset.csv,data/exports/final_paper_package/02_event_study_robustness_table.csv (aggregate); event-level canonical return file not committed,True,False,False,True,aggregate_only_no_event_membership_file,True,locked_event_manifest_from_committed_artifacts
locked_artifact_sample_v1_2026-05-16,70,Iu-LF0kbb-M,Iu-LF0kbb-M,Iu-LF0kbb-M,Jose Najarro Stocks,UC5cEHfCr6WOE1R1zcohd1IA,AMD,Microsoft,buy,2026-05-06,2026-05-06,external_provider,data/exports/research_grade_analysis/05_event_timeline_dataset.csv,data/exports/final_paper_package/02_event_study_robustness_table.csv (aggregate); event-level canonical return file not committed,True,False,False,True,aggregate_only_no_event_membership_file,True,recent_intraday_diagnostic_available
locked_artifact_sample_v1_2026-05-16,71,Iu-LF0kbb-M,Iu-LF0kbb-M,Iu-LF0kbb-M,Jose Najarro Stocks,UCwKB_00dPL3x5XmHF9IJCrg,AMD,Disney,sell,2026-05-06,2026-05-06,external_provider,data/exports/research_grade_analysis/05_event_timeline_dataset.csv,data/exports/final_paper_package/02_event_study_robustness_table.csv (aggregate); event-level canonical return file not committed,True,False,False,False,aggregate_only_no_event_membership_file,True,recent_intraday_diagnostic_available
locked_artifact_sample_v1_2026-05-16,72,Iu-LF0kbb-M,Iu-LF0kbb-M,Iu-LF0kbb-M,Jose Najarro Stocks,UC5cEHfCr6WOE1R1zcohd1IA,AMZN,Uber,buy,2026-05-06,2026-05-06,external_provider,data/exports/research_grade_analysis/05_event_timeline_dataset.csv,data/exports/final_paper_package/02_event_study_robustness_table.csv (aggregate); event-level canonical return file not committed,True,False,False,True,aggregate_only_no_event_membership_file,True,recent_intraday_diagnostic_available
locked_artifact_sample_v1_2026-05-16,73,JJnHO-r1NDU,JJnHO-r1NDU,JJnHO-r1NDU,Jose Najarro Stocks,UC7r4-nZ4icT8SIcnisXFSHQ,NVDA,Netflix,sell,2025-07-16,2025-07-16,external_provider,data/exports/research_grade_analysis/05_event_timeline_dataset.csv,data/exports/final_paper_package/02_event_study_robustness_table.csv (aggregate); event-level canonical return file not committed,True,True,False,False,aggregate_only_no_event_membership_file,True,locked_event_manifest_from_committed_artifacts
locked_artifact_sample_v1_2026-05-16,74,JJnHO-r1NDU,JJnHO-r1NDU,JJnHO-r1NDU,Jose Najarro Stocks,UC7r4-nZ4icT8SIcnisXFSHQ,NVDA,Netflix,buy,2025-07-16,2025-07-16,external_provider,data/exports/research_grade_analysis/05_event_timeline_dataset.csv,data/exports/final_paper_package/02_event_study_robustness_table.csv (aggregate); event-level canonical return file not committed,True,True,False,False,aggregate_only_no_event_membership_file,True,locked_event_manifest_from_committed_artifacts
locked_artifact_sample_v1_2026-05-16,75,JJnHO-r1NDU,JJnHO-r1NDU,JJnHO-r1NDU,Jose Najarro Stocks,UC7r4-nZ4icT8SIcnisXFSHQ,AMD,Alphabet,buy,2025-07-16,2025-07-16,external_provider,data/exports/research_grade_analysis/05_event_timeline_dataset.csv,data/exports/final_paper_package/02_event_study_robustness_table.csv (aggregate); event-level canonical return file not committed,True,True,False,True,aggregate_only_no_event_membership_file,True,locked_event_manifest_from_committed_artifacts
locked_artifact_sample_v1_2026-05-16,76,LOS2PyV2pqo,LOS2PyV2pqo,LOS2PyV2pqo,Jose Najarro Stocks,UCC7xhD0o7FBHdKXZxMRFspQ,NVDA,Nvidia,buy,2025-08-28,2025-08-28,external_provider,data/exports/research_grade_analysis/05_event_timeline_dataset.csv,data/exports/final_paper_package/02_event_study_robustness_table.csv (aggregate); event-level canonical return file not committed,True,False,True,False,aggregate_only_no_event_membership_file,True,locked_event_manifest_from_committed_artifacts
locked_artifact_sample_v1_2026-05-16,77,LOS2PyV2pqo,LOS2PyV2pqo,LOS2PyV2pqo,Jose Najarro Stocks,UCwKB_00dPL3x5XmHF9IJCrg,GOOGL,Microsoft,buy,2025-08-28,2025-08-28,external_provider,data/exports/research_grade_analysis/05_event_timeline_dataset.csv,data/exports/final_paper_package/02_event_study_robustness_table.csv (aggregate); event-level canonical return file not committed,True,False,True,True,aggregate_only_no_event_membership_file,True,locked_event_manifest_from_committed_artifacts
locked_artifact_sample_v1_2026-05-16,78,LSUYcqxepAM,LSUYcqxepAM,LSUYcqxepAM,Jose Najarro Stocks,UCwKB_00dPL3x5XmHF9IJCrg,GOOGL,Amazon,sell,2025-09-04,2025-09-04,external_provider,data/exports/research_grade_analysis/05_event_timeline_dataset.csv,data/exports/final_paper_package/02_event_study_robustness_table.csv (aggregate); event-level canonical return file not committed,True,False,False,True,aggregate_only_no_event_membership_file,True,locked_event_manifest_from_committed_artifacts
locked_artifact_sample_v1_2026-05-16,79,LX3ugn9QBCo,LX3ugn9QBCo,LX3ugn9QBCo,Jose Najarro Stocks,UCgCh-2AfEBtWrNBC2OoNQYg,AMD,Disney,buy,2025-10-12,2025-10-13,external_provider,data/exports/research_grade_analysis/05_event_timeline_dataset.csv,data/exports/final_paper_package/02_event_study_robustness_table.csv (aggregate); event-level canonical return file not committed,True,False,True,True,aggregate_only_no_event_membership_file,True,locked_event_manifest_from_committed_artifacts
locked_artifact_sample_v1_2026-05-16,80,LX3ugn9QBCo,LX3ugn9QBCo,LX3ugn9QBCo,Jose Najarro Stocks,UCrGLm-Drgv0vbbemwwHeXJw,AMD,PayPal,buy,2025-10-12,2025-10-13,external_provider,data/exports/research_grade_analysis/05_event_timeline_dataset.csv,data/exports/final_paper_package/02_event_study_robustness_table.csv (aggregate); event-level canonical return file not committed,True,False,True,False,aggregate_only_no_event_membership_file,True,locked_event_manifest_from_committed_artifacts
locked_artifact_sample_v1_2026-05-16,81,MD9aPvypKlU,MD9aPvypKlU,MD9aPvypKlU,Jose Najarro Stocks,UCrGLm-Drgv0vbbemwwHeXJw,NVDA,Meta,buy,2025-07-16,2025-07-16,external_provider,data/exports/research_grade_analysis/05_event_timeline_dataset.csv,data/exports/final_paper_package/02_event_study_robustness_table.csv (aggregate); event-level canonical return file not committed,True,True,True,False,aggregate_only_no_event_membership_file,True,locked_event_manifest_from_committed_artifacts
locked_artifact_sample_v1_2026-05-16,82,MH9GaeOCR5c,MH9GaeOCR5c,MH9GaeOCR5c,Jose Najarro Stocks,UCC7xhD0o7FBHdKXZxMRFspQ,NVDA,Disney,buy,2025-05-28,2025-05-28,external_provider,data/exports/research_grade_analysis/05_event_timeline_dataset.csv,data/exports/final_paper_package/02_event_study_robustness_table.csv (aggregate); event-level canonical return file not committed,True,False,False,True,aggregate_only_no_event_membership_file,True,locked_event_manifest_from_committed_artifacts
locked_artifact_sample_v1_2026-05-16,83,MH9GaeOCR5c,MH9GaeOCR5c,MH9GaeOCR5c,Jose Najarro Stocks,UCC7xhD0o7FBHdKXZxMRFspQ,NVDA,Apple,sell,2025-05-28,2025-05-28,external_provider,data/exports/research_grade_analysis/05_event_timeline_dataset.csv,data/exports/final_paper_package/02_event_study_robustness_table.csv (aggregate); event-level canonical return file not committed,True,False,False,False,aggregate_only_no_event_membership_file,True,locked_event_manifest_from_committed_artifacts
locked_artifact_sample_v1_2026-05-16,84,MH9GaeOCR5c,MH9GaeOCR5c,MH9GaeOCR5c,Jose Najarro Stocks,UC5cEHfCr6WOE1R1zcohd1IA,NVDA,Alphabet,sell,2025-05-28,2025-05-28,external_provider,data/exports/research_grade_analysis/05_event_timeline_dataset.csv,data/exports/final_paper_package/02_event_study_robustness_table.csv (aggregate); event-level canonical return file not committed,True,False,False,False,aggregate_only_no_event_membership_file,True,locked_event_manifest_from_committed_artifacts
locked_artifact_sample_v1_2026-05-16,85,MH9GaeOCR5c,MH9GaeOCR5c,MH9GaeOCR5c,Jose Najarro Stocks,UCLxMEPUoHpKq4PEk85RZn9A,SOFI,Nvidia,sell,2025-05-28,2025-05-28,external_provider,data/exports/research_grade_analysis/05_event_timeline_dataset.csv,data/exports/final_paper_package/02_event_study_robustness_table.csv (aggregate); event-level canonical return file not committed,True,False,False,True,aggregate_only_no_event_membership_file,True,locked_event_manifest_from_committed_artifacts
locked_artifact_sample_v1_2026-05-16,86,MdBJZubgoCU,MdBJZubgoCU,MdBJZubgoCU,Jose Najarro Stocks,UCLxMEPUoHpKq4PEk85RZn9A,PYPL,Nvidia,buy,2025-08-19,2025-08-19,external_provider,data/exports/research_grade_analysis/05_event_timeline_dataset.csv,data/exports/final_paper_package/02_event_study_robustness_table.csv (aggregate); event-level canonical return file not committed,True,True,False,True,aggregate_only_no_event_membership_file,True,locked_event_manifest_from_committed_artifacts
locked_artifact_sample_v1_2026-05-16,87,MdBJZubgoCU,MdBJZubgoCU,MdBJZubgoCU,Jose Najarro Stocks,UC5cEHfCr6WOE1R1zcohd1IA,PYPL,Alphabet,buy,2025-08-19,2025-08-19,external_provider,data/exports/research_grade_analysis/05_event_timeline_dataset.csv,data/exports/final_paper_package/02_event_study_robustness_table.csv (aggregate); event-level canonical return file not committed,True,True,False,False,aggregate_only_no_event_membership_file,True,locked_event_manifest_from_committed_artifacts
locked_artifact_sample_v1_2026-05-16,88,MdBJZubgoCU,MdBJZubgoCU,MdBJZubgoCU,Jose Najarro Stocks,UCwKB_00dPL3x5XmHF9IJCrg,SOFI,Meta,buy,2025-08-19,2025-08-19,external_provider,data/exports/research_grade_analysis/05_event_timeline_dataset.csv,data/exports/final_paper_package/02_event_study_robustness_table.csv (aggregate); event-level canonical return file not committed,True,True,False,True,aggregate_only_no_event_membership_file,True,locked_event_manifest_from_committed_artifacts
locked_artifact_sample_v1_2026-05-16,89,MdBJZubgoCU,MdBJZubgoCU,MdBJZubgoCU,Jose Najarro Stocks,UC7r4-nZ4icT8SIcnisXFSHQ,GOOGL,Alphabet,buy,2025-08-19,2025-08-19,external_provider,data/exports/research_grade_analysis/05_event_timeline_dataset.csv,data/exports/final_paper_package/02_event_study_robustness_table.csv (aggregate); event-level canonical return file not committed,True,True,False,True,aggregate_only_no_event_membership_file,True,locked_event_manifest_from_committed_artifacts
locked_artifact_sample_v1_2026-05-16,90,MtBPLqBR93E,MtBPLqBR93E,MtBPLqBR93E,Jose Najarro Stocks,UC7r4-nZ4icT8SIcnisXFSHQ,AMD,Alphabet,sell,2026-03-03,2026-03-03,external_provider,data/exports/research_grade_analysis/05_event_timeline_dataset.csv,data/exports/final_paper_package/02_event_study_robustness_table.csv (aggregate); event-level canonical return file not committed,True,False,False,True,aggregate_only_no_event_membership_file,True,locked_event_manifest_from_committed_artifacts
locked_artifact_sample_v1_2026-05-16,91,MtBPLqBR93E,MtBPLqBR93E,MtBPLqBR93E,Jose Najarro Stocks,UC7r4-nZ4icT8SIcnisXFSHQ,AMZN,Apple,sell,2026-03-03,2026-03-03,external_provider,data/exports/research_grade_analysis/05_event_timeline_dataset.csv,data/exports/final_paper_package/02_event_study_robustness_table.csv (aggregate); event-level canonical return file not committed,True,False,False,True,aggregate_only_no_event_membership_file,True,locked_event_manifest_from_committed_artifacts
locked_artifact_sample_v1_2026-05-16,92,NE7cuy7AxYQ,NE7cuy7AxYQ,NE7cuy7AxYQ,Jose Najarro Stocks,UC7r4-nZ4icT8SIcnisXFSHQ,AMD,Apple,buy,2026-02-19,2026-02-19,external_provider,data/exports/research_grade_analysis/05_event_timeline_dataset.csv,data/exports/final_paper_package/02_event_study_robustness_table.csv (aggregate); event-level canonical return file not committed,True,False,True,True,aggregate_only_no_event_membership_file,True,locked_event_manifest_from_committed_artifacts
locked_artifact_sample_v1_2026-05-16,93,NE7cuy7AxYQ,NE7cuy7AxYQ,NE7cuy7AxYQ,Jose Najarro Stocks,UC7r4-nZ4icT8SIcnisXFSHQ,AMD,Netflix,buy,2026-02-19,2026-02-19,external_provider,data/exports/research_grade_analysis/05_event_timeline_dataset.csv,data/exports/final_paper_package/02_event_study_robustness_table.csv (aggregate); event-level canonical return file not committed,True,False,True,False,aggregate_only_no_event_membership_file,True,locked_event_manifest_from_committed_artifacts
locked_artifact_sample_v1_2026-05-16,94,NE7cuy7AxYQ,NE7cuy7AxYQ,NE7cuy7AxYQ,Jose Najarro Stocks,UC7r4-nZ4icT8SIcnisXFSHQ,NVDA,Nvidia,sell,2026-02-19,2026-02-19,external_provider,data/exports/research_grade_analysis/05_event_timeline_dataset.csv,data/exports/final_paper_package/02_event_study_robustness_table.csv (aggregate); event-level canonical return file not committed,True,False,True,True,aggregate_only_no_event_membership_file,True,locked_event_manifest_from_committed_artifacts
locked_artifact_sample_v1_2026-05-16,95,NE7cuy7AxYQ,NE7cuy7AxYQ,NE7cuy7AxYQ,Jose Najarro Stocks,UCC7xhD0o7FBHdKXZxMRFspQ,SOFI,Microsoft,buy,2026-02-19,2026-02-19,external_provider,data/exports/research_grade_analysis/05_event_timeline_dataset.csv,data/exports/final_paper_package/02_event_study_robustness_table.csv (aggregate); event-level canonical return file not committed,True,False,True,True,aggregate_only_no_event_membership_file,True,locked_event_manifest_from_committed_artifacts
locked_artifact_sample_v1_2026-05-16,96,NE7cuy7AxYQ,NE7cuy7AxYQ,NE7cuy7AxYQ,Jose Najarro Stocks,UCC7xhD0o7FBHdKXZxMRFspQ,AAPL,Nvidia,sell,2026-02-19,2026-02-19,external_provider,data/exports/research_grade_analysis/05_event_timeline_dataset.csv,data/exports/final_paper_package/02_event_study_robustness_table.csv (aggregate); event-level canonical return file not committed,True,False,True,True,aggregate_only_no_event_membership_file,True,locked_event_manifest_from_committed_artifacts
locked_artifact_sample_v1_2026-05-16,97,OAmRecXyCFA,OAmRecXyCFA,OAmRecXyCFA,Jose Najarro Stocks,UCC7xhD0o7FBHdKXZxMRFspQ,NVDA,Nvidia,sell,2026-04-02,2026-04-02,external_provider,data/exports/research_grade_analysis/05_event_timeline_dataset.csv,data/exports/final_paper_package/02_event_study_robustness_table.csv (aggregate); event-level canonical return file not committed,True,True,False,True,aggregate_only_no_event_membership_file,True,recent_intraday_diagnostic_available
locked_artifact_sample_v1_2026-05-16,98,OiynXzBbo90,OiynXzBbo90,OiynXzBbo90,Jose Najarro Stocks,UCC7xhD0o7FBHdKXZxMRFspQ,NVDA,Apple,sell,2025-08-22,2025-08-22,external_provider,data/exports/research_grade_analysis/05_event_timeline_dataset.csv,data/exports/final_paper_package/02_event_study_robustness_table.csv (aggregate); event-level canonical return file not committed,True,False,True,True,aggregate_only_no_event_membership_file,True,locked_event_manifest_from_committed_artifacts
locked_artifact_sample_v1_2026-05-16,99,PQ13EzRF-iU,PQ13EzRF-iU,PQ13EzRF-iU,Jose Najarro Stocks,UCC7xhD0o7FBHdKXZxMRFspQ,AMD,Microsoft,buy,2025-08-05,2025-08-05,external_provider,data/exports/research_grade_analysis/05_event_timeline_dataset.csv,data/exports/final_paper_package/02_event_study_robustness_table.csv (aggregate); event-level canonical return file not committed,True,False,False,True,aggregate_only_no_event_membership_file,True,locked_event_manifest_from_committed_artifacts
locked_artifact_sample_v1_2026-05-16,100,PQ13EzRF-iU,PQ13EzRF-iU,PQ13EzRF-iU,Jose Najarro Stocks,UC5cEHfCr6WOE1R1zcohd1IA,GOOGL,Nvidia,buy,2025-08-05,2025-08-05,external_provider,data/exports/research_grade_analysis/05_event_timeline_dataset.csv,data/exports/final_paper_package/02_event_study_robustness_table.csv (aggregate); event-level canonical return file not committed,True,True,False,True,aggregate_only_no_event_membership_file,True,locked_event_manifest_from_committed_artifacts
locked_artifact_sample_v1_2026-05-16,101,PQ13EzRF-iU,PQ13EzRF-iU,PQ13EzRF-iU,Jose Najarro Stocks,UC5cEHfCr6WOE1R1zcohd1IA,AMZN,Nvidia,buy,2025-08-05,2025-08-05,external_provider,data/exports/research_grade_analysis/05_event_timeline_dataset.csv,data/exports/final_paper_package/02_event_study_robustness_table.csv (aggregate); event-level canonical return file not committed,True,False,False,True,aggregate_only_no_event_membership_file,True,locked_event_manifest_from_committed_artifacts
locked_artifact_sample_v1_2026-05-16,102,PXtwn6WPQxg,PXtwn6WPQxg,PXtwn6WPQxg,Jose Najarro Stocks,UC7r4-nZ4icT8SIcnisXFSHQ,NVDA,Nvidia,buy,2025-06-06,2025-06-06,external_provider,data/exports/research_grade_analysis/05_event_timeline_dataset.csv,data/exports/final_paper_package/02_event_study_robustness_table.csv (aggregate); event-level canonical return file not committed,True,True,False,True,aggregate_only_no_event_membership_file,True,locked_event_manifest_from_committed_artifacts
locked_artifact_sample_v1_2026-05-16,103,Puu2pYNqcbA,Puu2pYNqcbA,Puu2pYNqcbA,Jose Najarro Stocks,UC7r4-nZ4icT8SIcnisXFSHQ,AMD,Netflix,buy,2025-09-27,2025-09-29,external_provider,data/exports/research_grade_analysis/05_event_timeline_dataset.csv,data/exports/final_paper_package/02_event_study_robustness_table.csv (aggregate); event-level canonical return file not committed,True,False,True,True,aggregate_only_no_event_membership_file,True,locked_event_manifest_from_committed_artifacts
locked_artifact_sample_v1_2026-05-16,104,Q9SL7uRBHT4,Q9SL7uRBHT4,Q9SL7uRBHT4,Jose Najarro Stocks,UC7r4-nZ4icT8SIcnisXFSHQ,AMD,Microsoft,buy,2026-01-30,2026-01-30,external_provider,data/exports/research_grade_analysis/05_event_timeline_dataset.csv,data/exports/final_paper_package/02_event_study_robustness_table.csv (aggregate); event-level canonical return file not committed,True,False,False,True,aggregate_only_no_event_membership_file,True,locked_event_manifest_from_committed_artifacts
locked_artifact_sample_v1_2026-05-16,105,QAc2yhiX6Tc,QAc2yhiX6Tc,QAc2yhiX6Tc,Jose Najarro Stocks,UC7r4-nZ4icT8SIcnisXFSHQ,AMD,Amazon,buy,2025-06-10,2025-06-10,external_provider,data/exports/research_grade_analysis/05_event_timeline_dataset.csv,data/exports/final_paper_package/02_event_study_robustness_table.csv (aggregate); event-level canonical return file not committed,True,False,True,True,aggregate_only_no_event_membership_file,True,locked_event_manifest_from_committed_artifacts
locked_artifact_sample_v1_2026-05-16,106,QuRSsgfoN9o,QuRSsgfoN9o,QuRSsgfoN9o,Jose Najarro Stocks,UC7r4-nZ4icT8SIcnisXFSHQ,AMD,Alphabet,buy,2025-06-24,2025-06-24,external_provider,data/exports/research_grade_analysis/05_event_timeline_dataset.csv,data/exports/final_paper_package/02_event_study_robustness_table.csv (aggregate); event-level canonical return file not committed,True,True,False,True,aggregate_only_no_event_membership_file,True,locked_event_manifest_from_committed_artifacts
locked_artifact_sample_v1_2026-05-16,107,QuRSsgfoN9o,QuRSsgfoN9o,QuRSsgfoN9o,Jose Najarro Stocks,UC7r4-nZ4icT8SIcnisXFSHQ,GOOGL,Tesla,sell,2025-06-24,2025-06-24,external_provider,data/exports/research_grade_analysis/05_event_timeline_dataset.csv,data/exports/final_paper_package/02_event_study_robustness_table.csv (aggregate); event-level canonical return file not committed,True,True,False,False,aggregate_only_no_event_membership_file,True,locked_event_manifest_from_committed_artifacts
locked_artifact_sample_v1_2026-05-16,108,SS6iA7rkR0I,SS6iA7rkR0I,SS6iA7rkR0I,Jose Najarro Stocks,UC7r4-nZ4icT8SIcnisXFSHQ,NVDA,Tesla,sell,2025-07-19,2025-07-21,external_provider,data/exports/research_grade_analysis/05_event_timeline_dataset.csv,data/exports/final_paper_package/02_event_study_robustness_table.csv (aggregate); event-level canonical return file not committed,True,True,True,True,aggregate_only_no_event_membership_file,True,locked_event_manifest_from_committed_artifacts
locked_artifact_sample_v1_2026-05-16,109,St89OhMFi08,St89OhMFi08,St89OhMFi08,Jose Najarro Stocks,UCrGLm-Drgv0vbbemwwHeXJw,AMD,Nvidia,buy,2025-08-05,2025-08-05,external_provider,data/exports/research_grade_analysis/05_event_timeline_dataset.csv,data/exports/final_paper_package/02_event_study_robustness_table.csv (aggregate); event-level canonical return file not committed,True,False,True,False,aggregate_only_no_event_membership_file,True,locked_event_manifest_from_committed_artifacts
locked_artifact_sample_v1_2026-05-16,110,18A3qOqj3Uw,18A3qOqj3Uw,18A3qOqj3Uw,Jose Najarro Stocks,UCC7xhD0o7FBHdKXZxMRFspQ,AMZN,Tesla,buy,2026-02-19,2026-02-19,external_provider,data/exports/research_grade_analysis/05_event_timeline_dataset.csv,data/exports/final_paper_package/02_event_study_robustness_table.csv (aggregate); event-level canonical return file not committed,True,True,False,True,aggregate_only_no_event_membership_file,True,locked_event_manifest_from_committed_artifacts
locked_artifact_sample_v1_2026-05-16,111,18A3qOqj3Uw,18A3qOqj3Uw,18A3qOqj3Uw,Jose Najarro Stocks,UCwKB_00dPL3x5XmHF9IJCrg,GOOGL,Amazon,sell,2026-02-19,2026-02-19,external_provider,data/exports/research_grade_analysis/05_event_timeline_dataset.csv,data/exports/final_paper_package/02_event_study_robustness_table.csv (aggregate); event-level canonical return file not committed,True,False,False,True,aggregate_only_no_event_membership_file,True,locked_event_manifest_from_committed_artifacts
locked_artifact_sample_v1_2026-05-16,112,18A3qOqj3Uw,18A3qOqj3Uw,18A3qOqj3Uw,Jose Najarro Stocks,UCwKB_00dPL3x5XmHF9IJCrg,NVDA,Meta,buy,2026-02-19,2026-02-19,external_provider,data/exports/research_grade_analysis/05_event_timeline_dataset.csv,data/exports/final_paper_package/02_event_study_robustness_table.csv (aggregate); event-level canonical return file not committed,True,False,False,False,aggregate_only_no_event_membership_file,True,locked_event_manifest_from_committed_artifacts
locked_artifact_sample_v1_2026-05-16,113,1FXGrKWtIvc,1FXGrKWtIvc,1FXGrKWtIvc,Jose Najarro Stocks,UCgCh-2AfEBtWrNBC2OoNQYg,NVDA,Microsoft,buy,2026-03-11,2026-03-11,external_provider,data/exports/research_grade_analysis/05_event_timeline_dataset.csv,data/exports/final_paper_package/02_event_study_robustness_table.csv (aggregate); event-level canonical return file not committed,True,False,False,True,aggregate_only_no_event_membership_file,True,locked_event_manifest_from_committed_artifacts
locked_artifact_sample_v1_2026-05-16,114,1YqWGg78zqk,1YqWGg78zqk,1YqWGg78zqk,Jose Najarro Stocks,UC5cEHfCr6WOE1R1zcohd1IA,NVDA,Nvidia,buy,2025-08-27,2025-08-27,external_provider,data/exports/research_grade_analysis/05_event_timeline_dataset.csv,data/exports/final_paper_package/02_event_study_robustness_table.csv (aggregate); event-level canonical return file not committed,True,False,False,True,aggregate_only_no_event_membership_file,True,locked_event_manifest_from_committed_artifacts
locked_artifact_sample_v1_2026-05-16,115,1YqWGg78zqk,1YqWGg78zqk,1YqWGg78zqk,Jose Najarro Stocks,UC5cEHfCr6WOE1R1zcohd1IA,NVDA,Nvidia,buy,2025-08-27,2025-08-27,external_provider,data/exports/research_grade_analysis/05_event_timeline_dataset.csv,data/exports/final_paper_package/02_event_study_robustness_table.csv (aggregate); event-level canonical return file not committed,True,False,False,False,aggregate_only_no_event_membership_file,True,locked_event_manifest_from_committed_artifacts
locked_artifact_sample_v1_2026-05-16,116,2uKbBJCs6UA,2uKbBJCs6UA,2uKbBJCs6UA,Jose Najarro Stocks,UC5cEHfCr6WOE1R1zcohd1IA,AMD,,buy,2025-07-11,2025-07-11,external_provider,data/exports/research_grade_analysis/05_event_timeline_dataset.csv,data/exports/final_paper_package/02_event_study_robustness_table.csv (aggregate); event-level canonical return file not committed,True,True,False,True,aggregate_only_no_event_membership_file,True,locked_event_manifest_from_committed_artifacts
locked_artifact_sample_v1_2026-05-16,117,3bBmJC0f7OU,3bBmJC0f7OU,3bBmJC0f7OU,Jose Najarro Stocks,UCC7xhD0o7FBHdKXZxMRFspQ,META,Nvidia,buy,2026-03-14,2026-03-16,external_provider,data/exports/research_grade_analysis/05_event_timeline_dataset.csv,data/exports/final_paper_package/02_event_study_robustness_table.csv (aggregate); event-level canonical return file not committed,True,True,True,True,aggregate_only_no_event_membership_file,True,locked_event_manifest_from_committed_artifacts
locked_artifact_sample_v1_2026-05-16,118,3b_rL8xzsSs,3b_rL8xzsSs,3b_rL8xzsSs,Jose Najarro Stocks,UCC7xhD0o7FBHdKXZxMRFspQ,AMD,Alphabet,buy,2025-06-16,2025-06-16,external_provider,data/exports/research_grade_analysis/05_event_timeline_dataset.csv,data/exports/final_paper_package/02_event_study_robustness_table.csv (aggregate); event-level canonical return file not committed,True,True,False,True,aggregate_only_no_event_membership_file,True,locked_event_manifest_from_committed_artifacts
locked_artifact_sample_v1_2026-05-16,119,3nAQGvu0LFU,3nAQGvu0LFU,3nAQGvu0LFU,Jose Najarro Stocks,UC7r4-nZ4icT8SIcnisXFSHQ,AMD,,buy,2025-07-07,2025-07-07,external_provider,data/exports/research_grade_analysis/05_event_timeline_dataset.csv,data/exports/final_paper_package/02_event_study_robustness_table.csv (aggregate); event-level canonical return file not committed,True,False,True,True,aggregate_only_no_event_membership_file,True,locked_event_manifest_from_committed_artifacts
locked_artifact_sample_v1_2026-05-16,120,3nAQGvu0LFU,3nAQGvu0LFU,3nAQGvu0LFU,Jose Najarro Stocks,UCC7xhD0o7FBHdKXZxMRFspQ,AMD,Tesla,buy,2025-07-07,2025-07-07,external_provider,data/exports/research_grade_analysis/05_event_timeline_dataset.csv,data/exports/final_paper_package/02_event_study_robustness_table.csv (aggregate); event-level canonical return file not committed,True,False,True,False,aggregate_only_no_event_membership_file,True,locked_event_manifest_from_committed_artifacts
locked_artifact_sample_v1_2026-05-16,121,3nAQGvu0LFU,3nAQGvu0LFU,3nAQGvu0LFU,Jose Najarro Stocks,UCC7xhD0o7FBHdKXZxMRFspQ,NVDA,Alphabet,buy,2025-07-07,2025-07-07,external_provider,data/exports/research_grade_analysis/05_event_timeline_dataset.csv,data/exports/final_paper_package/02_event_study_robustness_table.csv (aggregate); event-level canonical return file not committed,True,False,True,True,aggregate_only_no_event_membership_file,True,locked_event_manifest_from_committed_artifacts
locked_artifact_sample_v1_2026-05-16,122,5BvNeo_HMKg,5BvNeo_HMKg,5BvNeo_HMKg,Jose Najarro Stocks,UC7r4-nZ4icT8SIcnisXFSHQ,NVDA,Microsoft,sell,2025-06-25,2025-06-25,external_provider,data/exports/research_grade_analysis/05_event_timeline_dataset.csv,data/exports/final_paper_package/02_event_study_robustness_table.csv (aggregate); event-level canonical return file not committed,True,False,False,True,aggregate_only_no_event_membership_file,True,locked_event_manifest_from_committed_artifacts
locked_artifact_sample_v1_2026-05-16,123,5BvNeo_HMKg,5BvNeo_HMKg,5BvNeo_HMKg,Jose Najarro Stocks,UC7r4-nZ4icT8SIcnisXFSHQ,NVDA,Apple,buy,2025-06-25,2025-06-25,external_provider,data/exports/research_grade_analysis/05_event_timeline_dataset.csv,data/exports/final_paper_package/02_event_study_robustness_table.csv (aggregate); event-level canonical return file not committed,True,False,False,False,aggregate_only_no_event_membership_file,True,locked_event_manifest_from_committed_artifacts
locked_artifact_sample_v1_2026-05-16,124,5_wTAu9SGi8,5_wTAu9SGi8,5_wTAu9SGi8,Jose Najarro Stocks,UC7r4-nZ4icT8SIcnisXFSHQ,NVDA,Amazon,buy,2025-12-31,2025-12-31,external_provider,data/exports/research_grade_analysis/05_event_timeline_dataset.csv,data/exports/final_paper_package/02_event_study_robustness_table.csv (aggregate); event-level canonical return file not committed,True,True,False,True,aggregate_only_no_event_membership_file,True,locked_event_manifest_from_committed_artifacts
locked_artifact_sample_v1_2026-05-16,125,6-_hF_07leA,6-_hF_07leA,6-_hF_07leA,Jose Najarro Stocks,UC7r4-nZ4icT8SIcnisXFSHQ,NVDA,Alphabet,buy,2025-12-01,2025-12-01,external_provider,data/exports/research_grade_analysis/05_event_timeline_dataset.csv,data/exports/final_paper_package/02_event_study_robustness_table.csv (aggregate); event-level canonical return file not committed,True,True,False,True,aggregate_only_no_event_membership_file,True,locked_event_manifest_from_committed_artifacts
locked_artifact_sample_v1_2026-05-16,126,64u3Bn_tKiQ,64u3Bn_tKiQ,64u3Bn_tKiQ,Jose Najarro Stocks,UCrGLm-Drgv0vbbemwwHeXJw,AMD,Alphabet,buy,2025-12-22,2025-12-22,external_provider,data/exports/research_grade_analysis/05_event_timeline_dataset.csv,data/exports/final_paper_package/02_event_study_robustness_table.csv (aggregate); event-level canonical return file not committed,True,False,False,True,aggregate_only_no_event_membership_file,True,locked_event_manifest_from_committed_artifacts
locked_artifact_sample_v1_2026-05-16,127,68Ghvl3mV-w,68Ghvl3mV-w,68Ghvl3mV-w,Jose Najarro Stocks,UC5cEHfCr6WOE1R1zcohd1IA,AMZN,Nvidia,buy,2026-03-04,2026-03-04,external_provider,data/exports/research_grade_analysis/05_event_timeline_dataset.csv,data/exports/final_paper_package/02_event_study_robustness_table.csv (aggregate); event-level canonical return file not committed,True,False,False,True,aggregate_only_no_event_membership_file,True,locked_event_manifest_from_committed_artifacts
locked_artifact_sample_v1_2026-05-16,128,6KPwRv_UBi0,6KPwRv_UBi0,6KPwRv_UBi0,Jose Najarro Stocks,UC5cEHfCr6WOE1R1zcohd1IA,NVDA,Alphabet,buy,2025-08-25,2025-08-25,external_provider,data/exports/research_grade_analysis/05_event_timeline_dataset.csv,data/exports/final_paper_package/02_event_study_robustness_table.csv (aggregate); event-level canonical return file not committed,True,False,False,True,aggregate_only_no_event_membership_file,True,locked_event_manifest_from_committed_artifacts
locked_artifact_sample_v1_2026-05-16,129,6KPwRv_UBi0,6KPwRv_UBi0,6KPwRv_UBi0,Jose Najarro Stocks,UC5cEHfCr6WOE1R1zcohd1IA,NVDA,Alphabet,buy,2025-08-25,2025-08-25,external_provider,data/exports/research_grade_analysis/05_event_timeline_dataset.csv,data/exports/final_paper_package/02_event_study_robustness_table.csv (aggregate); event-level canonical return file not committed,True,False,False,False,aggregate_only_no_event_membership_file,True,locked_event_manifest_from_committed_artifacts
locked_artifact_sample_v1_2026-05-16,130,6TKfI_EMSLc,6TKfI_EMSLc,6TKfI_EMSLc,Jose Najarro Stocks,UC7r4-nZ4icT8SIcnisXFSHQ,GOOGL,Apple,sell,2026-03-31,2026-03-31,external_provider,data/exports/research_grade_analysis/05_event_timeline_dataset.csv,data/exports/final_paper_package/02_event_study_robustness_table.csv (aggregate); event-level canonical return file not committed,True,False,False,True,aggregate_only_no_event_membership_file,True,recent_intraday_diagnostic_available
locked_artifact_sample_v1_2026-05-16,131,9U6aL1emIT8,9U6aL1emIT8,9U6aL1emIT8,Jose Najarro Stocks,UC7r4-nZ4icT8SIcnisXFSHQ,AMD,Amazon,buy,2026-04-26,2026-04-27,external_provider,data/exports/research_grade_analysis/05_event_timeline_dataset.csv,data/exports/final_paper_package/02_event_study_robustness_table.csv (aggregate); event-level canonical return file not committed,True,True,True,True,aggregate_only_no_event_membership_file,True,recent_intraday_diagnostic_available
locked_artifact_sample_v1_2026-05-16,132,B5mWHAX3Z00,B5mWHAX3Z00,B5mWHAX3Z00,Jose Najarro Stocks,UCrGLm-Drgv0vbbemwwHeXJw,NVDA,PayPal,buy,2025-05-25,2025-05-27,external_provider,data/exports/research_grade_analysis/05_event_timeline_dataset.csv,data/exports/final_paper_package/02_event_study_robustness_table.csv (aggregate); event-level canonical return file not committed,True,False,True,True,aggregate_only_no_event_membership_file,True,locked_event_manifest_from_committed_artifacts
locked_artifact_sample_v1_2026-05-16,133,B5mWHAX3Z00,B5mWHAX3Z00,B5mWHAX3Z00,Jose Najarro Stocks,UCrGLm-Drgv0vbbemwwHeXJw,NVDA,Apple,buy,2025-05-25,2025-05-27,external_provider,data/exports/research_grade_analysis/05_event_timeline_dataset.csv,data/exports/final_paper_package/02_event_study_robustness_table.csv (aggregate); event-level canonical return file not committed,True,False,True,False,aggregate_only_no_event_membership_file,True,locked_event_manifest_from_committed_artifacts
locked_artifact_sample_v1_2026-05-16,134,BDQCEz780Tg,BDQCEz780Tg,BDQCEz780Tg,Jose Najarro Stocks,UCC7xhD0o7FBHdKXZxMRFspQ,META,Tesla,sell,2025-11-25,2025-11-25,external_provider,data/exports/research_grade_analysis/05_event_timeline_dataset.csv,data/exports/final_paper_package/02_event_study_robustness_table.csv (aggregate); event-level canonical return file not committed,True,True,False,True,aggregate_only_no_event_membership_file,True,locked_event_manifest_from_committed_artifacts
locked_artifact_sample_v1_2026-05-16,135,BS-FOYQpQP8,BS-FOYQpQP8,BS-FOYQpQP8,Jose Najarro Stocks,UC5cEHfCr6WOE1R1zcohd1IA,NVDA,Nvidia,buy,2025-08-21,2025-08-21,external_provider,data/exports/research_grade_analysis/05_event_timeline_dataset.csv,data/exports/final_paper_package/02_event_study_robustness_table.csv (aggregate); event-level canonical return file not committed,True,False,True,True,aggregate_only_no_event_membership_file,True,locked_event_manifest_from_committed_artifacts
locked_artifact_sample_v1_2026-05-16,136,BS-FOYQpQP8,BS-FOYQpQP8,BS-FOYQpQP8,Jose Najarro Stocks,UCwKB_00dPL3x5XmHF9IJCrg,MSFT,,buy,2025-08-21,2025-08-21,external_provider,data/exports/research_grade_analysis/05_event_timeline_dataset.csv,data/exports/final_paper_package/02_event_study_robustness_table.csv (aggregate); event-level canonical return file not committed,True,True,True,True,aggregate_only_no_event_membership_file,True,locked_event_manifest_from_committed_artifacts
locked_artifact_sample_v1_2026-05-16,137,CG10U8nRJrQ,CG10U8nRJrQ,CG10U8nRJrQ,Jose Najarro Stocks,UCwKB_00dPL3x5XmHF9IJCrg,UBER,,buy,2025-07-15,2025-07-15,external_provider,data/exports/research_grade_analysis/05_event_timeline_dataset.csv,data/exports/final_paper_package/02_event_study_robustness_table.csv (aggregate); event-level canonical return file not committed,True,True,False,True,aggregate_only_no_event_membership_file,True,locked_event_manifest_from_committed_artifacts
locked_artifact_sample_v1_2026-05-16,138,CySDoMyamVU,CySDoMyamVU,CySDoMyamVU,Jose Najarro Stocks,UC5cEHfCr6WOE1R1zcohd1IA,NVDA,PayPal,buy,2025-10-08,2025-10-08,external_provider,data/exports/research_grade_analysis/05_event_timeline_dataset.csv,data/exports/final_paper_package/02_event_study_robustness_table.csv (aggregate); event-level canonical return file not committed,True,True,False,True,aggregate_only_no_event_membership_file,True,locked_event_manifest_from_committed_artifacts
locked_artifact_sample_v1_2026-05-16,139,qywRMvAMJnM,qywRMvAMJnM,qywRMvAMJnM,STOCK UP! with LARRY JONES,UC5cEHfCr6WOE1R1zcohd1IA,MSFT,PayPal,buy,2026-02-25,2026-02-25,external_provider,data/exports/research_grade_analysis/05_event_timeline_dataset.csv,data/exports/final_paper_package/02_event_study_robustness_table.csv (aggregate); event-level canonical return file not committed,True,True,False,True,aggregate_only_no_event_membership_file,True,locked_event_manifest_from_committed_artifacts
locked_artifact_sample_v1_2026-05-16,140,5c6eH0YNPWE,5c6eH0YNPWE,5c6eH0YNPWE,STOCK UP! with LARRY JONES,UC5cEHfCr6WOE1R1zcohd1IA,AMZN,SoFi,buy,2026-02-20,2026-02-20,external_provider,data/exports/research_grade_analysis/05_event_timeline_dataset.csv,data/exports/final_paper_package/02_event_study_robustness_table.csv (aggregate); event-level canonical return file not committed,True,False,False,True,aggregate_only_no_event_membership_file,True,locked_event_manifest_from_committed_artifacts
locked_artifact_sample_v1_2026-05-16,141,CYSanuPtG6o,CYSanuPtG6o,CYSanuPtG6o,STOCK UP! with LARRY JONES,UC5cEHfCr6WOE1R1zcohd1IA,TSLA,Alphabet,buy,2026-04-24,2026-04-24,external_provider,data/exports/research_grade_analysis/05_event_timeline_dataset.csv,data/exports/final_paper_package/02_event_study_robustness_table.csv (aggregate); event-level canonical return file not committed,True,False,False,True,aggregate_only_no_event_membership_file,True,recent_intraday_diagnostic_available
locked_artifact_sample_v1_2026-05-16,142,GWSEhkOgL5Q,GWSEhkOgL5Q,GWSEhkOgL5Q,STOCK UP! with LARRY JONES,UC7r4-nZ4icT8SIcnisXFSHQ,GOOGL,Apple,buy,2026-02-04,2026-02-04,external_provider,data/exports/research_grade_analysis/05_event_timeline_dataset.csv,data/exports/final_paper_package/02_event_study_robustness_table.csv (aggregate); event-level canonical return file not committed,True,False,False,True,aggregate_only_no_event_membership_file,True,locked_event_manifest_from_committed_artifacts
locked_artifact_sample_v1_2026-05-16,143,QPJ60pzn_EA,QPJ60pzn_EA,QPJ60pzn_EA,STOCK UP! with LARRY JONES,UC7r4-nZ4icT8SIcnisXFSHQ,TSLA,Amazon,buy,2026-01-29,2026-01-29,external_provider,data/exports/research_grade_analysis/05_event_timeline_dataset.csv,data/exports/final_paper_package/02_event_study_robustness_table.csv (aggregate); event-level canonical return file not committed,True,False,False,True,aggregate_only_no_event_membership_file,True,locked_event_manifest_from_committed_artifacts
locked_artifact_sample_v1_2026-05-16,144,QPJ60pzn_EA,QPJ60pzn_EA,QPJ60pzn_EA,STOCK UP! with LARRY JONES,UC7r4-nZ4icT8SIcnisXFSHQ,TSLA,Alphabet,buy,2026-01-29,2026-01-29,external_provider,data/exports/research_grade_analysis/05_event_timeline_dataset.csv,data/exports/final_paper_package/02_event_study_robustness_table.csv (aggregate); event-level canonical return file not committed,True,False,False,False,aggregate_only_no_event_membership_file,True,locked_event_manifest_from_committed_artifacts
locked_artifact_sample_v1_2026-05-16,145,QPJ60pzn_EA,QPJ60pzn_EA,QPJ60pzn_EA,STOCK UP! with LARRY JONES,UC7r4-nZ4icT8SIcnisXFSHQ,AMZN,Tesla,buy,2026-01-29,2026-01-29,external_provider,data/exports/research_grade_analysis/05_event_timeline_dataset.csv,data/exports/final_paper_package/02_event_study_robustness_table.csv (aggregate); event-level canonical return file not committed,True,False,False,True,aggregate_only_no_event_membership_file,True,locked_event_manifest_from_committed_artifacts
locked_artifact_sample_v1_2026-05-16,146,QPJ60pzn_EA,QPJ60pzn_EA,QPJ60pzn_EA,STOCK UP! with LARRY JONES,UC7r4-nZ4icT8SIcnisXFSHQ,MSFT,Tesla,buy,2026-01-29,2026-01-29,external_provider,data/exports/research_grade_analysis/05_event_timeline_dataset.csv,data/exports/final_paper_package/02_event_study_robustness_table.csv (aggregate); event-level canonical return file not committed,True,False,False,True,aggregate_only_no_event_membership_file,True,locked_event_manifest_from_committed_artifacts
locked_artifact_sample_v1_2026-05-16,147,aGMuqlTH0rU,aGMuqlTH0rU,aGMuqlTH0rU,STOCK UP! with LARRY JONES,UC7r4-nZ4icT8SIcnisXFSHQ,NVDA,Nvidia,sell,2026-02-11,2026-02-11,external_provider,data/exports/research_grade_analysis/05_event_timeline_dataset.csv,data/exports/final_paper_package/02_event_study_robustness_table.csv (aggregate); event-level canonical return file not committed,True,True,False,True,aggregate_only_no_event_membership_file,True,locked_event_manifest_from_committed_artifacts
locked_artifact_sample_v1_2026-05-16,148,sY-aTBWbSp0,sY-aTBWbSp0,sY-aTBWbSp0,"Mark Roussin, CPA",UCwKB_00dPL3x5XmHF9IJCrg,NVDA,,buy,2023-10-09,2023-10-09,external_provider,data/exports/research_grade_analysis/05_event_timeline_dataset.csv,data/exports/final_paper_package/02_event_study_robustness_table.csv (aggregate); event-level canonical return file not committed,True,True,False,True,aggregate_only_no_event_membership_file,True,locked_event_manifest_from_committed_artifacts
locked_artifact_sample_v1_2026-05-16,149,tTgdBy6R790,tTgdBy6R790,tTgdBy6R790,"Mark Roussin, CPA",UCwKB_00dPL3x5XmHF9IJCrg,GOOGL,Nvidia,buy,2025-03-06,2025-03-06,external_provider,data/exports/research_grade_analysis/05_event_timeline_dataset.csv,data/exports/final_paper_package/02_event_study_robustness_table.csv (aggregate); event-level canonical return file not committed,True,True,False,True,aggregate_only_no_event_membership_file,True,locked_event_manifest_from_committed_artifacts
locked_artifact_sample_v1_2026-05-16,150,tTgdBy6R790,tTgdBy6R790,tTgdBy6R790,"Mark Roussin, CPA",UCrGLm-Drgv0vbbemwwHeXJw,UBER,,buy,2025-03-06,2025-03-06,external_provider,data/exports/research_grade_analysis/05_event_timeline_dataset.csv,data/exports/final_paper_package/02_event_study_robustness_table.csv (aggregate); event-level canonical return file not committed,True,True,False,True,aggregate_only_no_event_membership_file,True,locked_event_manifest_from_committed_artifacts
locked_artifact_sample_v1_2026-05-16,151,tTgdBy6R790,tTgdBy6R790,tTgdBy6R790,"Mark Roussin, CPA",UC5cEHfCr6WOE1R1zcohd1IA,UBER,Nvidia,buy,2025-03-06,2025-03-06,external_provider,data/exports/research_grade_analysis/05_event_timeline_dataset.csv,data/exports/final_paper_package/02_event_study_robustness_table.csv (aggregate); event-level canonical return file not committed,True,True,False,False,aggregate_only_no_event_membership_file,True,locked_event_manifest_from_committed_artifacts
locked_artifact_sample_v1_2026-05-16,152,tTgdBy6R790,tTgdBy6R790,tTgdBy6R790,"Mark Roussin, CPA",UCgCh-2AfEBtWrNBC2OoNQYg,AMD,Microsoft,buy,2025-03-06,2025-03-06,external_provider,data/exports/research_grade_analysis/05_event_timeline_dataset.csv,data/exports/final_paper_package/02_event_study_robustness_table.csv (aggregate); event-level canonical return file not committed,True,False,False,True,aggregate_only_no_event_membership_file,True,locked_event_manifest_from_committed_artifacts
locked_artifact_sample_v1_2026-05-16,153,tXuSit47nm8,tXuSit47nm8,tXuSit47nm8,"Mark Roussin, CPA",UCgCh-2AfEBtWrNBC2OoNQYg,AMZN,Microsoft,buy,2023-04-28,2023-04-28,external_provider,data/exports/research_grade_analysis/05_event_timeline_dataset.csv,data/exports/final_paper_package/02_event_study_robustness_table.csv (aggregate); event-level canonical return file not committed,True,False,True,True,aggregate_only_no_event_membership_file,True,locked_event_manifest_from_committed_artifacts
locked_artifact_sample_v1_2026-05-16,154,tXuSit47nm8,tXuSit47nm8,tXuSit47nm8,"Mark Roussin, CPA",UCgCh-2AfEBtWrNBC2OoNQYg,AAPL,Microsoft,buy,2023-04-28,2023-04-28,external_provider,data/exports/research_grade_analysis/05_event_timeline_dataset.csv,data/exports/final_paper_package/02_event_study_robustness_table.csv (aggregate); event-level canonical return file not committed,True,False,True,True,aggregate_only_no_event_membership_file,True,locked_event_manifest_from_committed_artifacts
locked_artifact_sample_v1_2026-05-16,155,u06v5_aHrtw,u06v5_aHrtw,u06v5_aHrtw,"Mark Roussin, CPA",UCgCh-2AfEBtWrNBC2OoNQYg,NVDA,Microsoft,buy,2023-07-14,2023-07-14,external_provider,data/exports/research_grade_analysis/05_event_timeline_dataset.csv,data/exports/final_paper_package/02_event_study_robustness_table.csv (aggregate); event-level canonical return file not committed,True,True,True,True,aggregate_only_no_event_membership_file,True,locked_event_manifest_from_committed_artifacts
locked_artifact_sample_v1_2026-05-16,156,uVOPopewZdM,uVOPopewZdM,uVOPopewZdM,"Mark Roussin, CPA",UCgCh-2AfEBtWrNBC2OoNQYg,AAPL,Microsoft,buy,2023-06-16,2023-06-16,external_provider,data/exports/research_grade_analysis/05_event_timeline_dataset.csv,data/exports/final_paper_package/02_event_study_robustness_table.csv (aggregate); event-level canonical return file not committed,True,True,True,True,aggregate_only_no_event_membership_file,True,locked_event_manifest_from_committed_artifacts
locked_artifact_sample_v1_2026-05-16,157,uoOGvrau7i4,uoOGvrau7i4,uoOGvrau7i4,"Mark Roussin, CPA",UCgCh-2AfEBtWrNBC2OoNQYg,META,Microsoft,buy,2026-03-26,2026-03-26,external_provider,data/exports/research_grade_analysis/05_event_timeline_dataset.csv,data/exports/final_paper_package/02_event_study_robustness_table.csv (aggregate); event-level canonical return file not committed,True,True,False,True,aggregate_only_no_event_membership_file,True,recent_intraday_diagnostic_available
locked_artifact_sample_v1_2026-05-16,158,utPMsa-caTI,utPMsa-caTI,utPMsa-caTI,"Mark Roussin, CPA",UCrGLm-Drgv0vbbemwwHeXJw,NFLX,Tesla,buy,2026-04-18,2026-04-20,external_provider,data/exports/research_grade_analysis/05_event_timeline_dataset.csv,data/exports/final_paper_package/02_event_study_robustness_table.csv (aggregate); event-level canonical return file not committed,True,False,True,True,aggregate_only_no_event_membership_file,True,recent_intraday_diagnostic_available
locked_artifact_sample_v1_2026-05-16,159,vL74flRwikQ,vL74flRwikQ,vL74flRwikQ,"Mark Roussin, CPA",UCrGLm-Drgv0vbbemwwHeXJw,AMZN,Tesla,sell,2023-09-13,2023-09-13,external_provider,data/exports/research_grade_analysis/05_event_timeline_dataset.csv,data/exports/final_paper_package/02_event_study_robustness_table.csv (aggregate); event-level canonical return file not committed,True,False,False,True,aggregate_only_no_event_membership_file,True,locked_event_manifest_from_committed_artifacts
locked_artifact_sample_v1_2026-05-16,160,vRT41fint9A,vRT41fint9A,vRT41fint9A,"Mark Roussin, CPA",UCrGLm-Drgv0vbbemwwHeXJw,CRM,Nvidia,buy,2025-08-13,2025-08-13,external_provider,data/exports/research_grade_analysis/05_event_timeline_dataset.csv,data/exports/final_paper_package/02_event_study_robustness_table.csv (aggregate); event-level canonical return file not committed,True,True,False,True,aggregate_only_no_event_membership_file,True,locked_event_manifest_from_committed_artifacts
locked_artifact_sample_v1_2026-05-16,161,vRT41fint9A,vRT41fint9A,vRT41fint9A,"Mark Roussin, CPA",UCrGLm-Drgv0vbbemwwHeXJw,NVDA,Nvidia,buy,2025-08-13,2025-08-13,external_provider,data/exports/research_grade_analysis/05_event_timeline_dataset.csv,data/exports/final_paper_package/02_event_study_robustness_table.csv (aggregate); event-level canonical return file not committed,True,True,False,True,aggregate_only_no_event_membership_file,True,locked_event_manifest_from_committed_artifacts
locked_artifact_sample_v1_2026-05-16,162,w1JAuGqM7hk,w1JAuGqM7hk,w1JAuGqM7hk,"Mark Roussin, CPA",UC5cEHfCr6WOE1R1zcohd1IA,GOOGL,,sell,2026-04-25,2026-04-27,external_provider,data/exports/research_grade_analysis/05_event_timeline_dataset.csv,data/exports/final_paper_package/02_event_study_robustness_table.csv (aggregate); event-level canonical return file not committed,True,False,True,True,aggregate_only_no_event_membership_file,True,recent_intraday_diagnostic_available
locked_artifact_sample_v1_2026-05-16,163,xCy3luLzE8g,xCy3luLzE8g,xCy3luLzE8g,"Mark Roussin, CPA",UC5cEHfCr6WOE1R1zcohd1IA,MSFT,Alphabet,buy,2024-02-17,2024-02-20,external_provider,data/exports/research_grade_analysis/05_event_timeline_dataset.csv,data/exports/final_paper_package/02_event_study_robustness_table.csv (aggregate); event-level canonical return file not committed,True,True,True,True,aggregate_only_no_event_membership_file,True,locked_event_manifest_from_committed_artifacts
locked_artifact_sample_v1_2026-05-16,164,yLQATDoXNUU,yLQATDoXNUU,yLQATDoXNUU,"Mark Roussin, CPA",UC5cEHfCr6WOE1R1zcohd1IA,NVDA,Amazon,buy,2024-07-01,2024-07-01,external_provider,data/exports/research_grade_analysis/05_event_timeline_dataset.csv,data/exports/final_paper_package/02_event_study_robustness_table.csv (aggregate); event-level canonical return file not committed,True,False,False,True,aggregate_only_no_event_membership_file,True,locked_event_manifest_from_committed_artifacts
locked_artifact_sample_v1_2026-05-16,165,yw6r_v-msWQ,yw6r_v-msWQ,yw6r_v-msWQ,"Mark Roussin, CPA",UCwKB_00dPL3x5XmHF9IJCrg,AAPL,Microsoft,buy,2023-08-11,2023-08-11,external_provider,data/exports/research_grade_analysis/05_event_timeline_dataset.csv,data/exports/final_paper_package/02_event_study_robustness_table.csv (aggregate); event-level canonical return file not committed,True,False,True,True,aggregate_only_no_event_membership_file,True,locked_event_manifest_from_committed_artifacts
locked_artifact_sample_v1_2026-05-16,166,yyyGluuHR8g,yyyGluuHR8g,yyyGluuHR8g,"Mark Roussin, CPA",UCwKB_00dPL3x5XmHF9IJCrg,AMZN,Microsoft,buy,2025-03-15,2025-03-17,external_provider,data/exports/research_grade_analysis/05_event_timeline_dataset.csv,data/exports/final_paper_package/02_event_study_robustness_table.csv (aggregate); event-level canonical return file not committed,True,True,True,True,aggregate_only_no_event_membership_file,True,locked_event_manifest_from_committed_artifacts
locked_artifact_sample_v1_2026-05-16,167,cPwqjwQUXnY,cPwqjwQUXnY,cPwqjwQUXnY,"Mark Roussin, CPA",UCC7xhD0o7FBHdKXZxMRFspQ,DIS,Amazon,buy,2023-11-17,2023-11-17,external_provider,data/exports/research_grade_analysis/05_event_timeline_dataset.csv,data/exports/final_paper_package/02_event_study_robustness_table.csv (aggregate); event-level canonical return file not committed,True,False,False,True,aggregate_only_no_event_membership_file,True,locked_event_manifest_from_committed_artifacts
locked_artifact_sample_v1_2026-05-16,168,cPwqjwQUXnY,cPwqjwQUXnY,cPwqjwQUXnY,"Mark Roussin, CPA",UCgCh-2AfEBtWrNBC2OoNQYg,AAPL,Microsoft,buy,2023-11-17,2023-11-17,external_provider,data/exports/research_grade_analysis/05_event_timeline_dataset.csv,data/exports/final_paper_package/02_event_study_robustness_table.csv (aggregate); event-level canonical return file not committed,True,True,False,True,aggregate_only_no_event_membership_file,True,locked_event_manifest_from_committed_artifacts
locked_artifact_sample_v1_2026-05-16,169,deZJaYmRzh0,deZJaYmRzh0,deZJaYmRzh0,"Mark Roussin, CPA",UCLxMEPUoHpKq4PEk85RZn9A,AMZN,Nvidia,buy,2025-05-14,2025-05-14,external_provider,data/exports/research_grade_analysis/05_event_timeline_dataset.csv,data/exports/final_paper_package/02_event_study_robustness_table.csv (aggregate); event-level canonical return file not committed,True,True,False,True,aggregate_only_no_event_membership_file,True,locked_event_manifest_from_committed_artifacts
locked_artifact_sample_v1_2026-05-16,170,dm8n8UDiE1E,dm8n8UDiE1E,dm8n8UDiE1E,"Mark Roussin, CPA",UC7r4-nZ4icT8SIcnisXFSHQ,MSFT,Tesla,buy,2024-02-12,2024-02-12,external_provider,data/exports/research_grade_analysis/05_event_timeline_dataset.csv,data/exports/final_paper_package/02_event_study_robustness_table.csv (aggregate); event-level canonical return file not committed,True,True,False,True,aggregate_only_no_event_membership_file,True,locked_event_manifest_from_committed_artifacts
locked_artifact_sample_v1_2026-05-16,171,fGxKLd_vZiE,fGxKLd_vZiE,fGxKLd_vZiE,"Mark Roussin, CPA",UC7r4-nZ4icT8SIcnisXFSHQ,AAPL,Nvidia,buy,2024-03-15,2024-03-15,external_provider,data/exports/research_grade_analysis/05_event_timeline_dataset.csv,data/exports/final_paper_package/02_event_study_robustness_table.csv (aggregate); event-level canonical return file not committed,True,True,False,True,aggregate_only_no_event_membership_file,True,locked_event_manifest_from_committed_artifacts
locked_artifact_sample_v1_2026-05-16,172,grDxXjdWJ4g,grDxXjdWJ4g,grDxXjdWJ4g,"Mark Roussin, CPA",UCrGLm-Drgv0vbbemwwHeXJw,AMZN,,buy,2025-03-26,2025-03-26,external_provider,data/exports/research_grade_analysis/05_event_timeline_dataset.csv,data/exports/final_paper_package/02_event_study_robustness_table.csv (aggregate); event-level canonical return file not committed,True,True,False,True,aggregate_only_no_event_membership_file,True,locked_event_manifest_from_committed_artifacts
locked_artifact_sample_v1_2026-05-16,173,iNPfkVVLq2E,iNPfkVVLq2E,iNPfkVVLq2E,"Mark Roussin, CPA",UCrGLm-Drgv0vbbemwwHeXJw,AMD,,buy,2024-08-01,2024-08-01,external_provider,data/exports/research_grade_analysis/05_event_timeline_dataset.csv,data/exports/final_paper_package/02_event_study_robustness_table.csv (aggregate); event-level canonical return file not committed,True,False,False,True,aggregate_only_no_event_membership_file,True,locked_event_manifest_from_committed_artifacts
locked_artifact_sample_v1_2026-05-16,174,iNPfkVVLq2E,iNPfkVVLq2E,iNPfkVVLq2E,"Mark Roussin, CPA",UCrGLm-Drgv0vbbemwwHeXJw,NVDA,Alphabet,buy,2024-08-01,2024-08-01,external_provider,data/exports/research_grade_analysis/05_event_timeline_dataset.csv,data/exports/final_paper_package/02_event_study_robustness_table.csv (aggregate); event-level canonical return file not committed,True,True,False,True,aggregate_only_no_event_membership_file,True,locked_event_manifest_from_committed_artifacts
locked_artifact_sample_v1_2026-05-16,175,iuKfWZeZQXc,iuKfWZeZQXc,iuKfWZeZQXc,"Mark Roussin, CPA",UCrGLm-Drgv0vbbemwwHeXJw,AMZN,Amazon,buy,2024-07-10,2024-07-10,external_provider,data/exports/research_grade_analysis/05_event_timeline_dataset.csv,data/exports/final_paper_package/02_event_study_robustness_table.csv (aggregate); event-level canonical return file not committed,True,True,False,True,aggregate_only_no_event_membership_file,True,locked_event_manifest_from_committed_artifacts
locked_artifact_sample_v1_2026-05-16,176,iuKfWZeZQXc,iuKfWZeZQXc,iuKfWZeZQXc,"Mark Roussin, CPA",UCwKB_00dPL3x5XmHF9IJCrg,GOOGL,Uber,buy,2024-07-10,2024-07-10,external_provider,data/exports/research_grade_analysis/05_event_timeline_dataset.csv,data/exports/final_paper_package/02_event_study_robustness_table.csv (aggregate); event-level canonical return file not committed,True,True,False,True,aggregate_only_no_event_membership_file,True,locked_event_manifest_from_committed_artifacts
locked_artifact_sample_v1_2026-05-16,177,jVEMNgn7Zmo,jVEMNgn7Zmo,jVEMNgn7Zmo,"Mark Roussin, CPA",UC7r4-nZ4icT8SIcnisXFSHQ,AMD,Microsoft,sell,2023-08-25,2023-08-25,external_provider,data/exports/research_grade_analysis/05_event_timeline_dataset.csv,data/exports/final_paper_package/02_event_study_robustness_table.csv (aggregate); event-level canonical return file not committed,True,True,True,True,aggregate_only_no_event_membership_file,True,locked_event_manifest_from_committed_artifacts
locked_artifact_sample_v1_2026-05-16,178,jVEMNgn7Zmo,jVEMNgn7Zmo,jVEMNgn7Zmo,"Mark Roussin, CPA",UC5cEHfCr6WOE1R1zcohd1IA,NVDA,Nvidia,sell,2023-08-25,2023-08-25,external_provider,data/exports/research_grade_analysis/05_event_timeline_dataset.csv,data/exports/final_paper_package/02_event_study_robustness_table.csv (aggregate); event-level canonical return file not committed,True,False,True,True,aggregate_only_no_event_membership_file,True,locked_event_manifest_from_committed_artifacts
locked_artifact_sample_v1_2026-05-16,179,jVEMNgn7Zmo,jVEMNgn7Zmo,jVEMNgn7Zmo,"Mark Roussin, CPA",UCrGLm-Drgv0vbbemwwHeXJw,AMZN,,sell,2023-08-25,2023-08-25,external_provider,data/exports/research_grade_analysis/05_event_timeline_dataset.csv,data/exports/final_paper_package/02_event_study_robustness_table.csv (aggregate); event-level canonical return file not committed,True,True,True,True,aggregate_only_no_event_membership_file,True,locked_event_manifest_from_committed_artifacts
locked_artifact_sample_v1_2026-05-16,180,k7V84N-44_0,k7V84N-44_0,k7V84N-44_0,"Mark Roussin, CPA",UC5cEHfCr6WOE1R1zcohd1IA,NVDA,,buy,2024-02-29,2024-02-29,external_provider,data/exports/research_grade_analysis/05_event_timeline_dataset.csv,data/exports/final_paper_package/02_event_study_robustness_table.csv (aggregate); event-level canonical return file not committed,True,True,False,True,aggregate_only_no_event_membership_file,True,locked_event_manifest_from_committed_artifacts
locked_artifact_sample_v1_2026-05-16,181,k7V84N-44_0,k7V84N-44_0,k7V84N-44_0,"Mark Roussin, CPA",UC5cEHfCr6WOE1R1zcohd1IA,NVDA,Nvidia,sell,2024-02-29,2024-02-29,external_provider,data/exports/research_grade_analysis/05_event_timeline_dataset.csv,data/exports/final_paper_package/02_event_study_robustness_table.csv (aggregate); event-level canonical return file not committed,True,True,False,False,aggregate_only_no_event_membership_file,True,locked_event_manifest_from_committed_artifacts
locked_artifact_sample_v1_2026-05-16,182,khgEy6N0PYQ,khgEy6N0PYQ,khgEy6N0PYQ,"Mark Roussin, CPA",UC7r4-nZ4icT8SIcnisXFSHQ,MSFT,Shopify,buy,2023-06-26,2023-06-26,external_provider,data/exports/research_grade_analysis/05_event_timeline_dataset.csv,data/exports/final_paper_package/02_event_study_robustness_table.csv (aggregate); event-level canonical return file not committed,True,False,False,True,aggregate_only_no_event_membership_file,True,locked_event_manifest_from_committed_artifacts
locked_artifact_sample_v1_2026-05-16,183,lBbrekG9mJc,lBbrekG9mJc,lBbrekG9mJc,"Mark Roussin, CPA",UC7r4-nZ4icT8SIcnisXFSHQ,DIS,Nvidia,sell,2025-05-21,2025-05-21,external_provider,data/exports/research_grade_analysis/05_event_timeline_dataset.csv,data/exports/final_paper_package/02_event_study_robustness_table.csv (aggregate); event-level canonical return file not committed,True,True,False,True,aggregate_only_no_event_membership_file,True,locked_event_manifest_from_committed_artifacts
locked_artifact_sample_v1_2026-05-16,184,ntKIeUrxyws,ntKIeUrxyws,ntKIeUrxyws,"Mark Roussin, CPA",UC7r4-nZ4icT8SIcnisXFSHQ,AAPL,Alphabet,buy,2025-03-12,2025-03-12,external_provider,data/exports/research_grade_analysis/05_event_timeline_dataset.csv,data/exports/final_paper_package/02_event_study_robustness_table.csv (aggregate); event-level canonical return file not committed,True,True,False,True,aggregate_only_no_event_membership_file,True,locked_event_manifest_from_committed_artifacts
locked_artifact_sample_v1_2026-05-16,185,ntKIeUrxyws,ntKIeUrxyws,ntKIeUrxyws,"Mark Roussin, CPA",UC7r4-nZ4icT8SIcnisXFSHQ,AAPL,Microsoft,sell,2025-03-12,2025-03-12,external_provider,data/exports/research_grade_analysis/05_event_timeline_dataset.csv,data/exports/final_paper_package/02_event_study_robustness_table.csv (aggregate); event-level canonical return file not committed,True,True,False,False,aggregate_only_no_event_membership_file,True,locked_event_manifest_from_committed_artifacts
locked_artifact_sample_v1_2026-05-16,186,qcEgzF9EKk4,qcEgzF9EKk4,qcEgzF9EKk4,"Mark Roussin, CPA",UC7r4-nZ4icT8SIcnisXFSHQ,TSLA,Disney,buy,2023-05-26,2023-05-26,external_provider,data/exports/research_grade_analysis/05_event_timeline_dataset.csv,data/exports/final_paper_package/02_event_study_robustness_table.csv (aggregate); event-level canonical return file not committed,True,False,True,True,aggregate_only_no_event_membership_file,True,locked_event_manifest_from_committed_artifacts
locked_artifact_sample_v1_2026-05-16,187,rC9H_yMTdHE,rC9H_yMTdHE,rC9H_yMTdHE,"Mark Roussin, CPA",UC5cEHfCr6WOE1R1zcohd1IA,SOFI,Nvidia,buy,2025-12-02,2025-12-02,external_provider,data/exports/research_grade_analysis/05_event_timeline_dataset.csv,data/exports/final_paper_package/02_event_study_robustness_table.csv (aggregate); event-level canonical return file not committed,True,False,False,True,aggregate_only_no_event_membership_file,True,locked_event_manifest_from_committed_artifacts
locked_artifact_sample_v1_2026-05-16,188,rC9H_yMTdHE,rC9H_yMTdHE,rC9H_yMTdHE,"Mark Roussin, CPA",UC7r4-nZ4icT8SIcnisXFSHQ,SOFI,Amazon,buy,2025-12-02,2025-12-02,external_provider,data/exports/research_grade_analysis/05_event_timeline_dataset.csv,data/exports/final_paper_package/02_event_study_robustness_table.csv (aggregate); event-level canonical return file not committed,True,False,False,False,aggregate_only_no_event_membership_file,True,locked_event_manifest_from_committed_artifacts
locked_artifact_sample_v1_2026-05-16,189,rC9H_yMTdHE,rC9H_yMTdHE,rC9H_yMTdHE,"Mark Roussin, CPA",UC5cEHfCr6WOE1R1zcohd1IA,UBER,Nvidia,buy,2025-12-02,2025-12-02,external_provider,data/exports/research_grade_analysis/05_event_timeline_dataset.csv,data/exports/final_paper_package/02_event_study_robustness_table.csv (aggregate); event-level canonical return file not committed,True,True,False,True,aggregate_only_no_event_membership_file,True,locked_event_manifest_from_committed_artifacts
locked_artifact_sample_v1_2026-05-16,190,rrs1s-T4qqA,rrs1s-T4qqA,rrs1s-T4qqA,"Mark Roussin, CPA",UCwKB_00dPL3x5XmHF9IJCrg,NVDA,Microsoft,buy,2025-12-13,2025-12-15,external_provider,data/exports/research_grade_analysis/05_event_timeline_dataset.csv,data/exports/final_paper_package/02_event_study_robustness_table.csv (aggregate); event-level canonical return file not committed,True,True,True,True,aggregate_only_no_event_membership_file,True,locked_event_manifest_from_committed_artifacts
locked_artifact_sample_v1_2026-05-16,191,sUoXl_cnvEw,sUoXl_cnvEw,sUoXl_cnvEw,"Mark Roussin, CPA",UCwKB_00dPL3x5XmHF9IJCrg,AMZN,Microsoft,buy,2024-08-10,2024-08-12,external_provider,data/exports/research_grade_analysis/05_event_timeline_dataset.csv,data/exports/final_paper_package/02_event_study_robustness_table.csv (aggregate); event-level canonical return file not committed,True,True,True,True,aggregate_only_no_event_membership_file,True,locked_event_manifest_from_committed_artifacts
locked_artifact_sample_v1_2026-05-16,192,sUoXl_cnvEw,sUoXl_cnvEw,sUoXl_cnvEw,"Mark Roussin, CPA",UCC7xhD0o7FBHdKXZxMRFspQ,GOOGL,Microsoft,buy,2024-08-10,2024-08-12,external_provider,data/exports/research_grade_analysis/05_event_timeline_dataset.csv,data/exports/final_paper_package/02_event_study_robustness_table.csv (aggregate); event-level canonical return file not committed,True,False,True,True,aggregate_only_no_event_membership_file,True,locked_event_manifest_from_committed_artifacts
locked_artifact_sample_v1_2026-05-16,193,sUoXl_cnvEw,sUoXl_cnvEw,sUoXl_cnvEw,"Mark Roussin, CPA",UC5cEHfCr6WOE1R1zcohd1IA,AAPL,,buy,2024-08-10,2024-08-12,external_provider,data/exports/research_grade_analysis/05_event_timeline_dataset.csv,data/exports/final_paper_package/02_event_study_robustness_table.csv (aggregate); event-level canonical return file not committed,True,True,True,True,aggregate_only_no_event_membership_file,True,locked_event_manifest_from_committed_artifacts
locked_artifact_sample_v1_2026-05-16,194,sUoXl_cnvEw,sUoXl_cnvEw,sUoXl_cnvEw,"Mark Roussin, CPA",UC5cEHfCr6WOE1R1zcohd1IA,TSLA,Nvidia,buy,2024-08-10,2024-08-12,external_provider,data/exports/research_grade_analysis/05_event_timeline_dataset.csv,data/exports/final_paper_package/02_event_study_robustness_table.csv (aggregate); event-level canonical return file not committed,True,True,True,True,aggregate_only_no_event_membership_file,True,locked_event_manifest_from_committed_artifacts
locked_artifact_sample_v1_2026-05-16,195,Jr3qnEoyjHQ,Jr3qnEoyjHQ,Jr3qnEoyjHQ,"Mark Roussin, CPA",UCrGLm-Drgv0vbbemwwHeXJw,NVDA,PayPal,buy,2024-02-08,2024-02-08,external_provider,data/exports/research_grade_analysis/05_event_timeline_dataset.csv,data/exports/final_paper_package/02_event_study_robustness_table.csv (aggregate); event-level canonical return file not committed,True,True,True,True,aggregate_only_no_event_membership_file,True,locked_event_manifest_from_committed_artifacts
locked_artifact_sample_v1_2026-05-16,196,Jr3qnEoyjHQ,Jr3qnEoyjHQ,Jr3qnEoyjHQ,"Mark Roussin, CPA",UCrGLm-Drgv0vbbemwwHeXJw,GOOGL,SoFi,buy,2024-02-08,2024-02-08,external_provider,data/exports/research_grade_analysis/05_event_timeline_dataset.csv,data/exports/final_paper_package/02_event_study_robustness_table.csv (aggregate); event-level canonical return file not committed,True,False,True,True,aggregate_only_no_event_membership_file,True,locked_event_manifest_from_committed_artifacts
locked_artifact_sample_v1_2026-05-16,197,Kf5IeXjfEV0,Kf5IeXjfEV0,Kf5IeXjfEV0,"Mark Roussin, CPA",UCrGLm-Drgv0vbbemwwHeXJw,TSLA,Alphabet,buy,2023-07-05,2023-07-05,external_provider,data/exports/research_grade_analysis/05_event_timeline_dataset.csv,data/exports/final_paper_package/02_event_study_robustness_table.csv (aggregate); event-level canonical return file not committed,True,False,False,True,aggregate_only_no_event_membership_file,True,locked_event_manifest_from_committed_artifacts
locked_artifact_sample_v1_2026-05-16,198,Kf5IeXjfEV0,Kf5IeXjfEV0,Kf5IeXjfEV0,"Mark Roussin, CPA",UCrGLm-Drgv0vbbemwwHeXJw,GOOGL,,buy,2023-07-05,2023-07-05,external_provider,data/exports/research_grade_analysis/05_event_timeline_dataset.csv,data/exports/final_paper_package/02_event_study_robustness_table.csv (aggregate); event-level canonical return file not committed,True,True,False,True,aggregate_only_no_event_membership_file,True,locked_event_manifest_from_committed_artifacts
locked_artifact_sample_v1_2026-05-16,199,KmdDY5LadsQ,KmdDY5LadsQ,KmdDY5LadsQ,"Mark Roussin, CPA",UCrGLm-Drgv0vbbemwwHeXJw,SOFI,,buy,2025-06-11,2025-06-11,external_provider,data/exports/research_grade_analysis/05_event_timeline_dataset.csv,data/exports/final_paper_package/02_event_study_robustness_table.csv (aggregate); event-level canonical return file not committed,True,True,False,True,aggregate_only_no_event_membership_file,True,locked_event_manifest_from_committed_artifacts
locked_artifact_sample_v1_2026-05-16,200,KmdDY5LadsQ,KmdDY5LadsQ,KmdDY5LadsQ,"Mark Roussin, CPA",UCrGLm-Drgv0vbbemwwHeXJw,SOFI,,buy,2025-06-11,2025-06-11,external_provider,data/exports/research_grade_analysis/05_event_timeline_dataset.csv,data/exports/final_paper_package/02_event_study_robustness_table.csv (aggregate); event-level canonical return file not committed,True,True,False,False,aggregate_only_no_event_membership_file,True,locked_event_manifest_from_committed_artifacts
locked_artifact_sample_v1_2026-05-16,201,Ld4zhcEYzSE,Ld4zhcEYzSE,Ld4zhcEYzSE,"Mark Roussin, CPA",UCrGLm-Drgv0vbbemwwHeXJw,PYPL,,buy,2025-07-29,2025-07-29,external_provider,data/exports/research_grade_analysis/05_event_timeline_dataset.csv,data/exports/final_paper_package/02_event_study_robustness_table.csv (aggregate); event-level canonical return file not committed,True,False,False,True,aggregate_only_no_event_membership_file,True,locked_event_manifest_from_committed_artifacts
locked_artifact_sample_v1_2026-05-16,202,M591u02m3m4,M591u02m3m4,M591u02m3m4,"Mark Roussin, CPA",UCrGLm-Drgv0vbbemwwHeXJw,TSLA,Nvidia,sell,2023-11-06,2023-11-06,external_provider,data/exports/research_grade_analysis/05_event_timeline_dataset.csv,data/exports/final_paper_package/02_event_study_robustness_table.csv (aggregate); event-level canonical return file not committed,True,True,False,True,aggregate_only_no_event_membership_file,True,locked_event_manifest_from_committed_artifacts
locked_artifact_sample_v1_2026-05-16,203,MQm_kCp_U1c,MQm_kCp_U1c,MQm_kCp_U1c,"Mark Roussin, CPA",UCrGLm-Drgv0vbbemwwHeXJw,AMD,Nvidia,buy,2025-01-09,2025-01-10,external_provider,data/exports/research_grade_analysis/05_event_timeline_dataset.csv,data/exports/final_paper_package/02_event_study_robustness_table.csv (aggregate); event-level canonical return file not committed,True,True,False,True,aggregate_only_no_event_membership_file,True,locked_event_manifest_from_committed_artifacts
locked_artifact_sample_v1_2026-05-16,204,O5tcZQkTvXc,O5tcZQkTvXc,O5tcZQkTvXc,"Mark Roussin, CPA",UCwKB_00dPL3x5XmHF9IJCrg,META,Uber,buy,2026-04-09,2026-04-09,external_provider,data/exports/research_grade_analysis/05_event_timeline_dataset.csv,data/exports/final_paper_package/02_event_study_robustness_table.csv (aggregate); event-level canonical return file not committed,True,False,False,True,aggregate_only_no_event_membership_file,True,recent_intraday_diagnostic_available
locked_artifact_sample_v1_2026-05-16,205,O5tcZQkTvXc,O5tcZQkTvXc,O5tcZQkTvXc,"Mark Roussin, CPA",UCwKB_00dPL3x5XmHF9IJCrg,MSFT,Uber,buy,2026-04-09,2026-04-09,external_provider,data/exports/research_grade_analysis/05_event_timeline_dataset.csv,data/exports/final_paper_package/02_event_study_robustness_table.csv (aggregate); event-level canonical return file not committed,True,True,False,True,aggregate_only_no_event_membership_file,True,recent_intraday_diagnostic_available
locked_artifact_sample_v1_2026-05-16,206,PuL8wm2jDU8,PuL8wm2jDU8,PuL8wm2jDU8,"Mark Roussin, CPA",UCC7xhD0o7FBHdKXZxMRFspQ,AMZN,Apple,buy,2024-01-05,2024-01-05,external_provider,data/exports/research_grade_analysis/05_event_timeline_dataset.csv,data/exports/final_paper_package/02_event_study_robustness_table.csv (aggregate); event-level canonical return file not committed,True,True,False,True,aggregate_only_no_event_membership_file,True,locked_event_manifest_from_committed_artifacts
locked_artifact_sample_v1_2026-05-16,207,QI1-fVa3k0Y,QI1-fVa3k0Y,QI1-fVa3k0Y,"Mark Roussin, CPA",UCC7xhD0o7FBHdKXZxMRFspQ,AAPL,Apple,buy,2024-03-14,2024-03-14,external_provider,data/exports/research_grade_analysis/05_event_timeline_dataset.csv,data/exports/final_paper_package/02_event_study_robustness_table.csv (aggregate); event-level canonical return file not committed,True,True,True,True,aggregate_only_no_event_membership_file,True,locked_event_manifest_from_committed_artifacts
locked_artifact_sample_v1_2026-05-16,208,QI1-fVa3k0Y,QI1-fVa3k0Y,QI1-fVa3k0Y,"Mark Roussin, CPA",UCC7xhD0o7FBHdKXZxMRFspQ,NVDA,Nvidia,buy,2024-03-14,2024-03-14,external_provider,data/exports/research_grade_analysis/05_event_timeline_dataset.csv,data/exports/final_paper_package/02_event_study_robustness_table.csv (aggregate); event-level canonical return file not committed,True,False,True,True,aggregate_only_no_event_membership_file,True,locked_event_manifest_from_committed_artifacts
locked_artifact_sample_v1_2026-05-16,209,QoXefyYRu18,QoXefyYRu18,QoXefyYRu18,"Mark Roussin, CPA",UCC7xhD0o7FBHdKXZxMRFspQ,GOOGL,Alphabet,buy,2025-04-22,2025-04-22,external_provider,data/exports/research_grade_analysis/05_event_timeline_dataset.csv,data/exports/final_paper_package/02_event_study_robustness_table.csv (aggregate); event-level canonical return file not committed,True,False,False,True,aggregate_only_no_event_membership_file,True,locked_event_manifest_from_committed_artifacts
locked_artifact_sample_v1_2026-05-16,210,QqMTP8BgSWQ,QqMTP8BgSWQ,QqMTP8BgSWQ,"Mark Roussin, CPA",UC7r4-nZ4icT8SIcnisXFSHQ,TGT,PayPal,buy,2024-10-08,nan,external_provider,data/exports/research_grade_analysis/05_event_timeline_dataset.csv,data/exports/final_paper_package/02_event_study_robustness_table.csv (aggregate); event-level canonical return file not committed,True,True,False,True,aggregate_only_no_event_membership_file,True,locked_event_manifest_from_committed_artifacts
locked_artifact_sample_v1_2026-05-16,211,RPHPHwYEXlo,RPHPHwYEXlo,RPHPHwYEXlo,"Mark Roussin, CPA",UCwKB_00dPL3x5XmHF9IJCrg,AAPL,,buy,2023-03-22,2023-03-22,external_provider,data/exports/research_grade_analysis/05_event_timeline_dataset.csv,data/exports/final_paper_package/02_event_study_robustness_table.csv (aggregate); event-level canonical return file not committed,True,True,False,True,aggregate_only_no_event_membership_file,True,locked_event_manifest_from_committed_artifacts
locked_artifact_sample_v1_2026-05-16,212,T1O1R31FfE8,T1O1R31FfE8,T1O1R31FfE8,"Mark Roussin, CPA",UCwKB_00dPL3x5XmHF9IJCrg,NVDA,,sell,2025-01-25,2025-01-27,external_provider,data/exports/research_grade_analysis/05_event_timeline_dataset.csv,data/exports/final_paper_package/02_event_study_robustness_table.csv (aggregate); event-level canonical return file not committed,True,False,True,True,aggregate_only_no_event_membership_file,True,locked_event_manifest_from_committed_artifacts
locked_artifact_sample_v1_2026-05-16,213,T1O1R31FfE8,T1O1R31FfE8,T1O1R31FfE8,"Mark Roussin, CPA",UCwKB_00dPL3x5XmHF9IJCrg,AAPL,,sell,2025-01-25,2025-01-27,external_provider,data/exports/research_grade_analysis/05_event_timeline_dataset.csv,data/exports/final_paper_package/02_event_study_robustness_table.csv (aggregate); event-level canonical return file not committed,True,False,True,True,aggregate_only_no_event_membership_file,True,locked_event_manifest_from_committed_artifacts
locked_artifact_sample_v1_2026-05-16,214,T1O1R31FfE8,T1O1R31FfE8,T1O1R31FfE8,"Mark Roussin, CPA",UCwKB_00dPL3x5XmHF9IJCrg,MSFT,Nvidia,sell,2025-01-25,2025-01-27,external_provider,data/exports/research_grade_analysis/05_event_timeline_dataset.csv,data/exports/final_paper_package/02_event_study_robustness_table.csv (aggregate); event-level canonical return file not committed,True,False,True,True,aggregate_only_no_event_membership_file,True,locked_event_manifest_from_committed_artifacts
locked_artifact_sample_v1_2026-05-16,215,T1O1R31FfE8,T1O1R31FfE8,T1O1R31FfE8,"Mark Roussin, CPA",UCrGLm-Drgv0vbbemwwHeXJw,TSLA,Nvidia,sell,2025-01-25,2025-01-27,external_provider,data/exports/research_grade_analysis/05_event_timeline_dataset.csv,data/exports/final_paper_package/02_event_study_robustness_table.csv (aggregate); event-level canonical return file not committed,True,False,True,True,aggregate_only_no_event_membership_file,True,locked_event_manifest_from_committed_artifacts
locked_artifact_sample_v1_2026-05-16,216,UTpQ9y4jlJM,UTpQ9y4jlJM,UTpQ9y4jlJM,"Mark Roussin, CPA",UC7r4-nZ4icT8SIcnisXFSHQ,GOOGL,Tesla,buy,2025-07-02,2025-07-02,external_provider,data/exports/research_grade_analysis/05_event_timeline_dataset.csv,data/exports/final_paper_package/02_event_study_robustness_table.csv (aggregate); event-level canonical return file not committed,True,True,False,True,aggregate_only_no_event_membership_file,True,locked_event_manifest_from_committed_artifacts
locked_artifact_sample_v1_2026-05-16,217,UWtNR1yleKQ,UWtNR1yleKQ,UWtNR1yleKQ,"Mark Roussin, CPA",UC7r4-nZ4icT8SIcnisXFSHQ,AMD,Nvidia,buy,2025-07-09,2025-07-09,external_provider,data/exports/research_grade_analysis/05_event_timeline_dataset.csv,data/exports/final_paper_package/02_event_study_robustness_table.csv (aggregate); event-level canonical return file not committed,True,False,False,True,aggregate_only_no_event_membership_file,True,locked_event_manifest_from_committed_artifacts
locked_artifact_sample_v1_2026-05-16,218,UWtNR1yleKQ,UWtNR1yleKQ,UWtNR1yleKQ,"Mark Roussin, CPA",UCrGLm-Drgv0vbbemwwHeXJw,GOOGL,PayPal,buy,2025-07-09,2025-07-09,external_provider,data/exports/research_grade_analysis/05_event_timeline_dataset.csv,data/exports/final_paper_package/02_event_study_robustness_table.csv (aggregate); event-level canonical return file not committed,True,True,False,True,aggregate_only_no_event_membership_file,True,locked_event_manifest_from_committed_artifacts
locked_artifact_sample_v1_2026-05-16,219,WOjn_TvP4yM,WOjn_TvP4yM,WOjn_TvP4yM,"Mark Roussin, CPA",UC7r4-nZ4icT8SIcnisXFSHQ,AMC,Netflix,buy,2024-05-16,2024-05-16,external_provider,data/exports/research_grade_analysis/05_event_timeline_dataset.csv,data/exports/final_paper_package/02_event_study_robustness_table.csv (aggregate); event-level canonical return file not committed,True,False,False,True,aggregate_only_no_event_membership_file,True,locked_event_manifest_from_committed_artifacts
locked_artifact_sample_v1_2026-05-16,220,WOjn_TvP4yM,WOjn_TvP4yM,WOjn_TvP4yM,"Mark Roussin, CPA",UC7r4-nZ4icT8SIcnisXFSHQ,DIS,Apple,buy,2024-05-16,2024-05-16,external_provider,data/exports/research_grade_analysis/05_event_timeline_dataset.csv,data/exports/final_paper_package/02_event_study_robustness_table.csv (aggregate); event-level canonical return file not committed,True,True,False,True,aggregate_only_no_event_membership_file,True,locked_event_manifest_from_committed_artifacts
locked_artifact_sample_v1_2026-05-16,221,WOjn_TvP4yM,WOjn_TvP4yM,WOjn_TvP4yM,"Mark Roussin, CPA",UC7r4-nZ4icT8SIcnisXFSHQ,AMZN,Apple,buy,2024-05-16,2024-05-16,external_provider,data/exports/research_grade_analysis/05_event_timeline_dataset.csv,data/exports/final_paper_package/02_event_study_robustness_table.csv (aggregate); event-level canonical return file not committed,True,False,False,True,aggregate_only_no_event_membership_file,True,locked_event_manifest_from_committed_artifacts
locked_artifact_sample_v1_2026-05-16,222,WOjn_TvP4yM,WOjn_TvP4yM,WOjn_TvP4yM,"Mark Roussin, CPA",UC7r4-nZ4icT8SIcnisXFSHQ,AMD,Amazon,buy,2024-05-16,2024-05-16,external_provider,data/exports/research_grade_analysis/05_event_timeline_dataset.csv,data/exports/final_paper_package/02_event_study_robustness_table.csv (aggregate); event-level canonical return file not committed,True,False,False,True,aggregate_only_no_event_membership_file,True,locked_event_manifest_from_committed_artifacts
locked_artifact_sample_v1_2026-05-16,223,WuXwBigWRnM,WuXwBigWRnM,WuXwBigWRnM,"Mark Roussin, CPA",UC7r4-nZ4icT8SIcnisXFSHQ,MSFT,Tesla,buy,2023-09-25,2023-09-25,external_provider,data/exports/research_grade_analysis/05_event_timeline_dataset.csv,data/exports/final_paper_package/02_event_study_robustness_table.csv (aggregate); event-level canonical return file not committed,True,True,False,True,aggregate_only_no_event_membership_file,True,locked_event_manifest_from_committed_artifacts
locked_artifact_sample_v1_2026-05-16,224,XD_A6QxK6Ys,XD_A6QxK6Ys,XD_A6QxK6Ys,"Mark Roussin, CPA",UCrGLm-Drgv0vbbemwwHeXJw,TSLA,Alphabet,sell,2024-07-04,2024-07-05,external_provider,data/exports/research_grade_analysis/05_event_timeline_dataset.csv,data/exports/final_paper_package/02_event_study_robustness_table.csv (aggregate); event-level canonical return file not committed,True,False,True,True,aggregate_only_no_event_membership_file,True,locked_event_manifest_from_committed_artifacts
locked_artifact_sample_v1_2026-05-16,225,XD_A6QxK6Ys,XD_A6QxK6Ys,XD_A6QxK6Ys,"Mark Roussin, CPA",UC7r4-nZ4icT8SIcnisXFSHQ,NVDA,Apple,buy,2024-07-04,2024-07-05,external_provider,data/exports/research_grade_analysis/05_event_timeline_dataset.csv,data/exports/final_paper_package/02_event_study_robustness_table.csv (aggregate); event-level canonical return file not committed,True,False,True,True,aggregate_only_no_event_membership_file,True,locked_event_manifest_from_committed_artifacts
locked_artifact_sample_v1_2026-05-16,226,XD_A6QxK6Ys,XD_A6QxK6Ys,XD_A6QxK6Ys,"Mark Roussin, CPA",UCrGLm-Drgv0vbbemwwHeXJw,AMZN,Nvidia,buy,2024-07-04,2024-07-05,external_provider,data/exports/research_grade_analysis/05_event_timeline_dataset.csv,data/exports/final_paper_package/02_event_study_robustness_table.csv (aggregate); event-level canonical return file not committed,True,True,True,True,aggregate_only_no_event_membership_file,True,locked_event_manifest_from_committed_artifacts
locked_artifact_sample_v1_2026-05-16,227,XD_A6QxK6Ys,XD_A6QxK6Ys,XD_A6QxK6Ys,"Mark Roussin, CPA",UCrGLm-Drgv0vbbemwwHeXJw,AAPL,Nvidia,buy,2024-07-04,2024-07-05,external_provider,data/exports/research_grade_analysis/05_event_timeline_dataset.csv,data/exports/final_paper_package/02_event_study_robustness_table.csv (aggregate); event-level canonical return file not committed,True,True,True,True,aggregate_only_no_event_membership_file,True,locked_event_manifest_from_committed_artifacts
locked_artifact_sample_v1_2026-05-16,228,Y4NVOCAnKzI,Y4NVOCAnKzI,Y4NVOCAnKzI,"Mark Roussin, CPA",UC7r4-nZ4icT8SIcnisXFSHQ,AAPL,Nvidia,sell,2024-01-18,2024-01-18,external_provider,data/exports/research_grade_analysis/05_event_timeline_dataset.csv,data/exports/final_paper_package/02_event_study_robustness_table.csv (aggregate); event-level canonical return file not committed,True,True,True,True,aggregate_only_no_event_membership_file,True,locked_event_manifest_from_committed_artifacts
locked_artifact_sample_v1_2026-05-16,229,Y4NVOCAnKzI,Y4NVOCAnKzI,Y4NVOCAnKzI,"Mark Roussin, CPA",UC7r4-nZ4icT8SIcnisXFSHQ,AAPL,Shopify,sell,2024-01-18,2024-01-18,external_provider,data/exports/research_grade_analysis/05_event_timeline_dataset.csv,data/exports/final_paper_package/02_event_study_robustness_table.csv (aggregate); event-level canonical return file not committed,True,True,True,False,aggregate_only_no_event_membership_file,True,locked_event_manifest_from_committed_artifacts
locked_artifact_sample_v1_2026-05-16,230,Y4NVOCAnKzI,Y4NVOCAnKzI,Y4NVOCAnKzI,"Mark Roussin, CPA",UC7r4-nZ4icT8SIcnisXFSHQ,NVDA,Meta,buy,2024-01-18,2024-01-18,external_provider,data/exports/research_grade_analysis/05_event_timeline_dataset.csv,data/exports/final_paper_package/02_event_study_robustness_table.csv (aggregate); event-level canonical return file not committed,True,True,True,True,aggregate_only_no_event_membership_file,True,locked_event_manifest_from_committed_artifacts
locked_artifact_sample_v1_2026-05-16,231,Y4NVOCAnKzI,Y4NVOCAnKzI,Y4NVOCAnKzI,"Mark Roussin, CPA",UC7r4-nZ4icT8SIcnisXFSHQ,GOOGL,Amazon,buy,2024-01-18,2024-01-18,external_provider,data/exports/research_grade_analysis/05_event_timeline_dataset.csv,data/exports/final_paper_package/02_event_study_robustness_table.csv (aggregate); event-level canonical return file not committed,True,True,True,True,aggregate_only_no_event_membership_file,True,locked_event_manifest_from_committed_artifacts
locked_artifact_sample_v1_2026-05-16,232,69tvwNdEijo,69tvwNdEijo,69tvwNdEijo,"Mark Roussin, CPA",UCwKB_00dPL3x5XmHF9IJCrg,NVDA,Microsoft,buy,2024-06-06,2024-06-06,external_provider,data/exports/research_grade_analysis/05_event_timeline_dataset.csv,data/exports/final_paper_package/02_event_study_robustness_table.csv (aggregate); event-level canonical return file not committed,True,False,False,True,aggregate_only_no_event_membership_file,True,locked_event_manifest_from_committed_artifacts
locked_artifact_sample_v1_2026-05-16,233,69tvwNdEijo,69tvwNdEijo,69tvwNdEijo,"Mark Roussin, CPA",UC7r4-nZ4icT8SIcnisXFSHQ,AAPL,Alphabet,buy,2024-06-06,2024-06-06,external_provider,data/exports/research_grade_analysis/05_event_timeline_dataset.csv,data/exports/final_paper_package/02_event_study_robustness_table.csv (aggregate); event-level canonical return file not committed,True,True,False,True,aggregate_only_no_event_membership_file,True,locked_event_manifest_from_committed_artifacts
locked_artifact_sample_v1_2026-05-16,234,6TPShkmYEx4,6TPShkmYEx4,6TPShkmYEx4,"Mark Roussin, CPA",UCwKB_00dPL3x5XmHF9IJCrg,MSFT,Netflix,buy,2023-02-08,2023-02-08,external_provider,data/exports/research_grade_analysis/05_event_timeline_dataset.csv,data/exports/final_paper_package/02_event_study_robustness_table.csv (aggregate); event-level canonical return file not committed,True,True,False,True,aggregate_only_no_event_membership_file,True,locked_event_manifest_from_committed_artifacts
locked_artifact_sample_v1_2026-05-16,235,6TPShkmYEx4,6TPShkmYEx4,6TPShkmYEx4,"Mark Roussin, CPA",UCwKB_00dPL3x5XmHF9IJCrg,MSFT,Uber,buy,2023-02-08,2023-02-08,external_provider,data/exports/research_grade_analysis/05_event_timeline_dataset.csv,data/exports/final_paper_package/02_event_study_robustness_table.csv (aggregate); event-level canonical return file not committed,True,True,False,False,aggregate_only_no_event_membership_file,True,locked_event_manifest_from_committed_artifacts
locked_artifact_sample_v1_2026-05-16,236,7mZFoRAuKGI,7mZFoRAuKGI,7mZFoRAuKGI,"Mark Roussin, CPA",UCwKB_00dPL3x5XmHF9IJCrg,NVDA,Microsoft,sell,2026-04-17,2026-04-17,external_provider,data/exports/research_grade_analysis/05_event_timeline_dataset.csv,data/exports/final_paper_package/02_event_study_robustness_table.csv (aggregate); event-level canonical return file not committed,True,True,False,True,aggregate_only_no_event_membership_file,True,recent_intraday_diagnostic_available
locked_artifact_sample_v1_2026-05-16,237,7mZFoRAuKGI,7mZFoRAuKGI,7mZFoRAuKGI,"Mark Roussin, CPA",UCwKB_00dPL3x5XmHF9IJCrg,NVDA,Microsoft,sell,2026-04-17,2026-04-17,external_provider,data/exports/research_grade_analysis/05_event_timeline_dataset.csv,data/exports/final_paper_package/02_event_study_robustness_table.csv (aggregate); event-level canonical return file not committed,True,True,False,False,aggregate_only_no_event_membership_file,True,recent_intraday_diagnostic_available
locked_artifact_sample_v1_2026-05-16,238,7mZFoRAuKGI,7mZFoRAuKGI,7mZFoRAuKGI,"Mark Roussin, CPA",UC7r4-nZ4icT8SIcnisXFSHQ,NVDA,Tesla,buy,2026-04-17,2026-04-17,external_provider,data/exports/research_grade_analysis/05_event_timeline_dataset.csv,data/exports/final_paper_package/02_event_study_robustness_table.csv (aggregate); event-level canonical return file not committed,True,True,False,False,aggregate_only_no_event_membership_file,True,recent_intraday_diagnostic_available
locked_artifact_sample_v1_2026-05-16,239,7mZFoRAuKGI,7mZFoRAuKGI,7mZFoRAuKGI,"Mark Roussin, CPA",UC7r4-nZ4icT8SIcnisXFSHQ,META,Tesla,buy,2026-04-17,2026-04-17,external_provider,data/exports/research_grade_analysis/05_event_timeline_dataset.csv,data/exports/final_paper_package/02_event_study_robustness_table.csv (aggregate); event-level canonical return file not committed,True,False,False,True,aggregate_only_no_event_membership_file,True,recent_intraday_diagnostic_available
locked_artifact_sample_v1_2026-05-16,240,7mZFoRAuKGI,7mZFoRAuKGI,7mZFoRAuKGI,"Mark Roussin, CPA",UC7r4-nZ4icT8SIcnisXFSHQ,AMZN,,sell,2026-04-17,2026-04-17,external_provider,data/exports/research_grade_analysis/05_event_timeline_dataset.csv,data/exports/final_paper_package/02_event_study_robustness_table.csv (aggregate); event-level canonical return file not committed,True,False,False,True,aggregate_only_no_event_membership_file,True,recent_intraday_diagnostic_available
locked_artifact_sample_v1_2026-05-16,241,7mZFoRAuKGI,7mZFoRAuKGI,7mZFoRAuKGI,"Mark Roussin, CPA",UC7r4-nZ4icT8SIcnisXFSHQ,AMZN,Amazon,buy,2026-04-17,2026-04-17,external_provider,data/exports/research_grade_analysis/05_event_timeline_dataset.csv,data/exports/final_paper_package/02_event_study_robustness_table.csv (aggregate); event-level canonical return file not committed,True,False,False,False,aggregate_only_no_event_membership_file,True,recent_intraday_diagnostic_available
locked_artifact_sample_v1_2026-05-16,242,7xjcq6UCQeg,7xjcq6UCQeg,7xjcq6UCQeg,"Mark Roussin, CPA",UC7r4-nZ4icT8SIcnisXFSHQ,TSLA,Amazon,buy,2024-04-12,2024-04-12,external_provider,data/exports/research_grade_analysis/05_event_timeline_dataset.csv,data/exports/final_paper_package/02_event_study_robustness_table.csv (aggregate); event-level canonical return file not committed,True,False,False,True,aggregate_only_no_event_membership_file,True,locked_event_manifest_from_committed_artifacts
locked_artifact_sample_v1_2026-05-16,243,8LCfFVYJ1i8,8LCfFVYJ1i8,8LCfFVYJ1i8,"Mark Roussin, CPA",UC7r4-nZ4icT8SIcnisXFSHQ,UBER,Amazon,buy,2024-11-05,2024-11-05,external_provider,data/exports/research_grade_analysis/05_event_timeline_dataset.csv,data/exports/final_paper_package/02_event_study_robustness_table.csv (aggregate); event-level canonical return file not committed,True,False,False,True,aggregate_only_no_event_membership_file,True,locked_event_manifest_from_committed_artifacts
locked_artifact_sample_v1_2026-05-16,244,8PNFMVvAfeI,8PNFMVvAfeI,8PNFMVvAfeI,"Mark Roussin, CPA",UCC7xhD0o7FBHdKXZxMRFspQ,AMZN,Disney,buy,2025-04-16,2025-04-16,external_provider,data/exports/research_grade_analysis/05_event_timeline_dataset.csv,data/exports/final_paper_package/02_event_study_robustness_table.csv (aggregate); event-level canonical return file not committed,True,False,False,True,aggregate_only_no_event_membership_file,True,locked_event_manifest_from_committed_artifacts
locked_artifact_sample_v1_2026-05-16,245,8PNFMVvAfeI,8PNFMVvAfeI,8PNFMVvAfeI,"Mark Roussin, CPA",UCC7xhD0o7FBHdKXZxMRFspQ,AMZN,Apple,buy,2025-04-16,2025-04-16,external_provider,data/exports/research_grade_analysis/05_event_timeline_dataset.csv,data/exports/final_paper_package/02_event_study_robustness_table.csv (aggregate); event-level canonical return file not committed,True,False,False,False,aggregate_only_no_event_membership_file,True,locked_event_manifest_from_committed_artifacts
locked_artifact_sample_v1_2026-05-16,246,8WVdvD0wjW8,8WVdvD0wjW8,8WVdvD0wjW8,"Mark Roussin, CPA",UCrTTBSUr0zhPU56UQljag5A,TSLA,Apple,buy,2025-03-19,2025-03-19,external_provider,data/exports/research_grade_analysis/05_event_timeline_dataset.csv,data/exports/final_paper_package/02_event_study_robustness_table.csv (aggregate); event-level canonical return file not committed,True,True,False,True,aggregate_only_no_event_membership_file,True,locked_event_manifest_from_committed_artifacts
locked_artifact_sample_v1_2026-05-16,247,8WVdvD0wjW8,8WVdvD0wjW8,8WVdvD0wjW8,"Mark Roussin, CPA",UC7r4-nZ4icT8SIcnisXFSHQ,AMZN,Tesla,buy,2025-03-19,2025-03-19,external_provider,data/exports/research_grade_analysis/05_event_timeline_dataset.csv,data/exports/final_paper_package/02_event_study_robustness_table.csv (aggregate); event-level canonical return file not committed,True,True,False,True,aggregate_only_no_event_membership_file,True,locked_event_manifest_from_committed_artifacts
locked_artifact_sample_v1_2026-05-16,248,8uucHSsjrRk,8uucHSsjrRk,8uucHSsjrRk,"Mark Roussin, CPA",UCwKB_00dPL3x5XmHF9IJCrg,TSLA,Meta,buy,2024-07-25,2024-07-25,external_provider,data/exports/research_grade_analysis/05_event_timeline_dataset.csv,data/exports/final_paper_package/02_event_study_robustness_table.csv (aggregate); event-level canonical return file not committed,True,False,False,True,aggregate_only_no_event_membership_file,True,locked_event_manifest_from_committed_artifacts
locked_artifact_sample_v1_2026-05-16,249,9RAhp7eX9sg,9RAhp7eX9sg,9RAhp7eX9sg,"Mark Roussin, CPA",UCC7xhD0o7FBHdKXZxMRFspQ,NVDA,Microsoft,buy,2024-07-18,2024-07-18,external_provider,data/exports/research_grade_analysis/05_event_timeline_dataset.csv,data/exports/final_paper_package/02_event_study_robustness_table.csv (aggregate); event-level canonical return file not committed,True,True,False,True,aggregate_only_no_event_membership_file,True,locked_event_manifest_from_committed_artifacts
locked_artifact_sample_v1_2026-05-16,250,9bK8GPEffqA,9bK8GPEffqA,9bK8GPEffqA,"Mark Roussin, CPA",UC7r4-nZ4icT8SIcnisXFSHQ,MSFT,Microsoft,buy,2023-10-26,2023-10-26,external_provider,data/exports/research_grade_analysis/05_event_timeline_dataset.csv,data/exports/final_paper_package/02_event_study_robustness_table.csv (aggregate); event-level canonical return file not committed,True,False,True,True,aggregate_only_no_event_membership_file,True,locked_event_manifest_from_committed_artifacts
locked_artifact_sample_v1_2026-05-16,251,9bK8GPEffqA,9bK8GPEffqA,9bK8GPEffqA,"Mark Roussin, CPA",UCgCh-2AfEBtWrNBC2OoNQYg,GOOGL,Microsoft,buy,2023-10-26,2023-10-26,external_provider,data/exports/research_grade_analysis/05_event_timeline_dataset.csv,data/exports/final_paper_package/02_event_study_robustness_table.csv (aggregate); event-level canonical return file not committed,True,False,True,True,aggregate_only_no_event_membership_file,True,locked_event_manifest_from_committed_artifacts
locked_artifact_sample_v1_2026-05-16,252,9bK8GPEffqA,9bK8GPEffqA,9bK8GPEffqA,"Mark Roussin, CPA",UC5cEHfCr6WOE1R1zcohd1IA,TSLA,Nvidia,buy,2023-10-26,2023-10-26,external_provider,data/exports/research_grade_analysis/05_event_timeline_dataset.csv,data/exports/final_paper_package/02_event_study_robustness_table.csv (aggregate); event-level canonical return file not committed,True,False,True,True,aggregate_only_no_event_membership_file,True,locked_event_manifest_from_committed_artifacts
locked_artifact_sample_v1_2026-05-16,253,A1th4ZANaIw,A1th4ZANaIw,A1th4ZANaIw,"Mark Roussin, CPA",UCrGLm-Drgv0vbbemwwHeXJw,NVDA,PayPal,buy,2025-11-22,2025-11-24,external_provider,data/exports/research_grade_analysis/05_event_timeline_dataset.csv,data/exports/final_paper_package/02_event_study_robustness_table.csv (aggregate); event-level canonical return file not committed,True,False,True,True,aggregate_only_no_event_membership_file,True,locked_event_manifest_from_committed_artifacts
locked_artifact_sample_v1_2026-05-16,254,A1th4ZANaIw,A1th4ZANaIw,A1th4ZANaIw,"Mark Roussin, CPA",UCrGLm-Drgv0vbbemwwHeXJw,NVDA,Nvidia,buy,2025-11-22,2025-11-24,external_provider,data/exports/research_grade_analysis/05_event_timeline_dataset.csv,data/exports/final_paper_package/02_event_study_robustness_table.csv (aggregate); event-level canonical return file not committed,True,False,True,False,aggregate_only_no_event_membership_file,True,locked_event_manifest_from_committed_artifacts
locked_artifact_sample_v1_2026-05-16,255,ADryjBZl_7k,ADryjBZl_7k,ADryjBZl_7k,"Mark Roussin, CPA",UCrGLm-Drgv0vbbemwwHeXJw,GOOGL,SoFi,buy,2024-05-09,2024-05-09,external_provider,data/exports/research_grade_analysis/05_event_timeline_dataset.csv,data/exports/final_paper_package/02_event_study_robustness_table.csv (aggregate); event-level canonical return file not committed,True,True,True,True,aggregate_only_no_event_membership_file,True,locked_event_manifest_from_committed_artifacts
locked_artifact_sample_v1_2026-05-16,256,ADryjBZl_7k,ADryjBZl_7k,ADryjBZl_7k,"Mark Roussin, CPA",UCrGLm-Drgv0vbbemwwHeXJw,AAPL,,sell,2024-05-09,2024-05-09,external_provider,data/exports/research_grade_analysis/05_event_timeline_dataset.csv,data/exports/final_paper_package/02_event_study_robustness_table.csv (aggregate); event-level canonical return file not committed,True,False,True,True,aggregate_only_no_event_membership_file,True,locked_event_manifest_from_committed_artifacts
locked_artifact_sample_v1_2026-05-16,257,ADryjBZl_7k,ADryjBZl_7k,ADryjBZl_7k,"Mark Roussin, CPA",UCrGLm-Drgv0vbbemwwHeXJw,MSFT,,buy,2024-05-09,2024-05-09,external_provider,data/exports/research_grade_analysis/05_event_timeline_dataset.csv,data/exports/final_paper_package/02_event_study_robustness_table.csv (aggregate); event-level canonical return file not committed,True,False,True,True,aggregate_only_no_event_membership_file,True,locked_event_manifest_from_committed_artifacts
locked_artifact_sample_v1_2026-05-16,258,AgQSfvHnujw,AgQSfvHnujw,AgQSfvHnujw,"Mark Roussin, CPA",UCrGLm-Drgv0vbbemwwHeXJw,MSFT,Nvidia,buy,2023-03-13,2023-03-13,external_provider,data/exports/research_grade_analysis/05_event_timeline_dataset.csv,data/exports/final_paper_package/02_event_study_robustness_table.csv (aggregate); event-level canonical return file not committed,True,True,False,True,aggregate_only_no_event_membership_file,True,locked_event_manifest_from_committed_artifacts
locked_artifact_sample_v1_2026-05-16,259,AgQSfvHnujw,AgQSfvHnujw,AgQSfvHnujw,"Mark Roussin, CPA",UC7r4-nZ4icT8SIcnisXFSHQ,MSFT,Apple,buy,2023-03-13,2023-03-13,external_provider,data/exports/research_grade_analysis/05_event_timeline_dataset.csv,data/exports/final_paper_package/02_event_study_robustness_table.csv (aggregate); event-level canonical return file not committed,True,True,False,False,aggregate_only_no_event_membership_file,True,locked_event_manifest_from_committed_artifacts
locked_artifact_sample_v1_2026-05-16,260,CHaKoFHkcj4,CHaKoFHkcj4,CHaKoFHkcj4,"Mark Roussin, CPA",UC7r4-nZ4icT8SIcnisXFSHQ,NVDA,Apple,buy,2025-01-23,2025-01-23,external_provider,data/exports/research_grade_analysis/05_event_timeline_dataset.csv,data/exports/final_paper_package/02_event_study_robustness_table.csv (aggregate); event-level canonical return file not committed,True,False,False,True,aggregate_only_no_event_membership_file,True,locked_event_manifest_from_committed_artifacts
locked_artifact_sample_v1_2026-05-16,261,CHaKoFHkcj4,CHaKoFHkcj4,CHaKoFHkcj4,"Mark Roussin, CPA",UC7r4-nZ4icT8SIcnisXFSHQ,NFLX,Amazon,sell,2025-01-23,2025-01-23,external_provider,data/exports/research_grade_analysis/05_event_timeline_dataset.csv,data/exports/final_paper_package/02_event_study_robustness_table.csv (aggregate); event-level canonical return file not committed,True,False,False,True,aggregate_only_no_event_membership_file,True,locked_event_manifest_from_committed_artifacts
locked_artifact_sample_v1_2026-05-16,262,CT2pUJ90wUg,CT2pUJ90wUg,CT2pUJ90wUg,"Mark Roussin, CPA",UC7r4-nZ4icT8SIcnisXFSHQ,NVDA,Alphabet,sell,2024-09-07,2024-09-09,external_provider,data/exports/research_grade_analysis/05_event_timeline_dataset.csv,data/exports/final_paper_package/02_event_study_robustness_table.csv (aggregate); event-level canonical return file not committed,True,True,True,True,aggregate_only_no_event_membership_file,True,locked_event_manifest_from_committed_artifacts
locked_artifact_sample_v1_2026-05-16,263,DHwoJCG4ndQ,DHwoJCG4ndQ,DHwoJCG4ndQ,"Mark Roussin, CPA",UCwKB_00dPL3x5XmHF9IJCrg,NVDA,Microsoft,buy,2024-02-22,2024-02-22,external_provider,data/exports/research_grade_analysis/05_event_timeline_dataset.csv,data/exports/final_paper_package/02_event_study_robustness_table.csv (aggregate); event-level canonical return file not committed,True,False,True,True,aggregate_only_no_event_membership_file,True,locked_event_manifest_from_committed_artifacts
locked_artifact_sample_v1_2026-05-16,264,DZmAGPtKjPo,DZmAGPtKjPo,DZmAGPtKjPo,"Mark Roussin, CPA",UCwKB_00dPL3x5XmHF9IJCrg,AMZN,Microsoft,buy,2024-05-02,2024-05-02,external_provider,data/exports/research_grade_analysis/05_event_timeline_dataset.csv,data/exports/final_paper_package/02_event_study_robustness_table.csv (aggregate); event-level canonical return file not committed,True,False,False,True,aggregate_only_no_event_membership_file,True,locked_event_manifest_from_committed_artifacts
locked_artifact_sample_v1_2026-05-16,265,DZmAGPtKjPo,DZmAGPtKjPo,DZmAGPtKjPo,"Mark Roussin, CPA",UCwKB_00dPL3x5XmHF9IJCrg,TSLA,Microsoft,sell,2024-05-02,2024-05-02,external_provider,data/exports/research_grade_analysis/05_event_timeline_dataset.csv,data/exports/final_paper_package/02_event_study_robustness_table.csv (aggregate); event-level canonical return file not committed,True,True,False,True,aggregate_only_no_event_membership_file,True,locked_event_manifest_from_committed_artifacts
locked_artifact_sample_v1_2026-05-16,266,EAWKHNBmVtM,EAWKHNBmVtM,EAWKHNBmVtM,"Mark Roussin, CPA",UCLxMEPUoHpKq4PEk85RZn9A,DIS,Tesla,buy,2023-09-15,2023-09-15,external_provider,data/exports/research_grade_analysis/05_event_timeline_dataset.csv,data/exports/final_paper_package/02_event_study_robustness_table.csv (aggregate); event-level canonical return file not committed,True,False,True,True,aggregate_only_no_event_membership_file,True,locked_event_manifest_from_committed_artifacts
locked_artifact_sample_v1_2026-05-16,267,EAWKHNBmVtM,EAWKHNBmVtM,EAWKHNBmVtM,"Mark Roussin, CPA",UC7r4-nZ4icT8SIcnisXFSHQ,AAPL,Alphabet,sell,2023-09-15,2023-09-15,external_provider,data/exports/research_grade_analysis/05_event_timeline_dataset.csv,data/exports/final_paper_package/02_event_study_robustness_table.csv (aggregate); event-level canonical return file not committed,True,True,True,True,aggregate_only_no_event_membership_file,True,locked_event_manifest_from_committed_artifacts
locked_artifact_sample_v1_2026-05-16,268,ElltxVRB1i8,ElltxVRB1i8,ElltxVRB1i8,"Mark Roussin, CPA",UC7r4-nZ4icT8SIcnisXFSHQ,NVDA,Microsoft,sell,2024-06-27,2024-06-27,external_provider,data/exports/research_grade_analysis/05_event_timeline_dataset.csv,data/exports/final_paper_package/02_event_study_robustness_table.csv (aggregate); event-level canonical return file not committed,True,False,True,True,aggregate_only_no_event_membership_file,True,locked_event_manifest_from_committed_artifacts
locked_artifact_sample_v1_2026-05-16,269,EtK8NBC96yQ,EtK8NBC96yQ,EtK8NBC96yQ,"Mark Roussin, CPA",UC7r4-nZ4icT8SIcnisXFSHQ,AMZN,Tesla,buy,2024-08-22,2024-08-22,external_provider,data/exports/research_grade_analysis/05_event_timeline_dataset.csv,data/exports/final_paper_package/02_event_study_robustness_table.csv (aggregate); event-level canonical return file not committed,True,True,False,True,aggregate_only_no_event_membership_file,True,locked_event_manifest_from_committed_artifacts
locked_artifact_sample_v1_2026-05-16,270,EtK8NBC96yQ,EtK8NBC96yQ,EtK8NBC96yQ,"Mark Roussin, CPA",UC7r4-nZ4icT8SIcnisXFSHQ,AMZN,Tesla,buy,2024-08-22,2024-08-22,external_provider,data/exports/research_grade_analysis/05_event_timeline_dataset.csv,data/exports/final_paper_package/02_event_study_robustness_table.csv (aggregate); event-level canonical return file not committed,True,True,False,False,aggregate_only_no_event_membership_file,True,locked_event_manifest_from_committed_artifacts
locked_artifact_sample_v1_2026-05-16,271,EtK8NBC96yQ,EtK8NBC96yQ,EtK8NBC96yQ,"Mark Roussin, CPA",UC7r4-nZ4icT8SIcnisXFSHQ,AMZN,Apple,buy,2024-08-22,2024-08-22,external_provider,data/exports/research_grade_analysis/05_event_timeline_dataset.csv,data/exports/final_paper_package/02_event_study_robustness_table.csv (aggregate); event-level canonical return file not committed,True,True,False,False,aggregate_only_no_event_membership_file,True,locked_event_manifest_from_committed_artifacts
locked_artifact_sample_v1_2026-05-16,272,EtK8NBC96yQ,EtK8NBC96yQ,EtK8NBC96yQ,"Mark Roussin, CPA",UC7r4-nZ4icT8SIcnisXFSHQ,GOOGL,Apple,buy,2024-08-22,2024-08-22,external_provider,data/exports/research_grade_analysis/05_event_timeline_dataset.csv,data/exports/final_paper_package/02_event_study_robustness_table.csv (aggregate); event-level canonical return file not committed,True,True,False,True,aggregate_only_no_event_membership_file,True,locked_event_manifest_from_committed_artifacts
locked_artifact_sample_v1_2026-05-16,273,FRzWVtErKgQ,FRzWVtErKgQ,FRzWVtErKgQ,"Mark Roussin, CPA",UC5cEHfCr6WOE1R1zcohd1IA,AMZN,Nvidia,buy,2022-10-31,2022-10-31,external_provider,data/exports/research_grade_analysis/05_event_timeline_dataset.csv,data/exports/final_paper_package/02_event_study_robustness_table.csv (aggregate); event-level canonical return file not committed,True,False,False,True,aggregate_only_no_event_membership_file,True,locked_event_manifest_from_committed_artifacts
locked_artifact_sample_v1_2026-05-16,274,FigCDVTsuGM,FigCDVTsuGM,FigCDVTsuGM,"Mark Roussin, CPA",UCgCh-2AfEBtWrNBC2OoNQYg,MSFT,Microsoft,buy,2023-05-24,2023-05-24,external_provider,data/exports/research_grade_analysis/05_event_timeline_dataset.csv,data/exports/final_paper_package/02_event_study_robustness_table.csv (aggregate); event-level canonical return file not committed,True,True,False,True,aggregate_only_no_event_membership_file,True,locked_event_manifest_from_committed_artifacts
locked_artifact_sample_v1_2026-05-16,275,Fr68_uKiwjc,Fr68_uKiwjc,Fr68_uKiwjc,"Mark Roussin, CPA",UC7r4-nZ4icT8SIcnisXFSHQ,AAPL,Microsoft,buy,2025-06-25,2025-06-25,external_provider,data/exports/research_grade_analysis/05_event_timeline_dataset.csv,data/exports/final_paper_package/02_event_study_robustness_table.csv (aggregate); event-level canonical return file not committed,True,True,False,True,aggregate_only_no_event_membership_file,True,locked_event_manifest_from_committed_artifacts
locked_artifact_sample_v1_2026-05-16,276,Fr68_uKiwjc,Fr68_uKiwjc,Fr68_uKiwjc,"Mark Roussin, CPA",UCgCh-2AfEBtWrNBC2OoNQYg,GOOGL,Apple,buy,2025-06-25,2025-06-25,external_provider,data/exports/research_grade_analysis/05_event_timeline_dataset.csv,data/exports/final_paper_package/02_event_study_robustness_table.csv (aggregate); event-level canonical return file not committed,True,True,False,True,aggregate_only_no_event_membership_file,True,locked_event_manifest_from_committed_artifacts
locked_artifact_sample_v1_2026-05-16,277,FyL889Uw5Vs,FyL889Uw5Vs,FyL889Uw5Vs,"Mark Roussin, CPA",UCgCh-2AfEBtWrNBC2OoNQYg,NVDA,Apple,buy,2024-08-29,2024-08-29,external_provider,data/exports/research_grade_analysis/05_event_timeline_dataset.csv,data/exports/final_paper_package/02_event_study_robustness_table.csv (aggregate); event-level canonical return file not committed,True,False,False,True,aggregate_only_no_event_membership_file,True,locked_event_manifest_from_committed_artifacts
locked_artifact_sample_v1_2026-05-16,278,G1YjWlbaXPk,G1YjWlbaXPk,G1YjWlbaXPk,"Mark Roussin, CPA",UCrTTBSUr0zhPU56UQljag5A,MSFT,Uber,buy,2025-02-13,2025-02-13,external_provider,data/exports/research_grade_analysis/05_event_timeline_dataset.csv,data/exports/final_paper_package/02_event_study_robustness_table.csv (aggregate); event-level canonical return file not committed,True,True,False,True,aggregate_only_no_event_membership_file,True,locked_event_manifest_from_committed_artifacts
locked_artifact_sample_v1_2026-05-16,279,G1YjWlbaXPk,G1YjWlbaXPk,G1YjWlbaXPk,"Mark Roussin, CPA",UCwKB_00dPL3x5XmHF9IJCrg,MSFT,Netflix,buy,2025-02-13,2025-02-13,external_provider,data/exports/research_grade_analysis/05_event_timeline_dataset.csv,data/exports/final_paper_package/02_event_study_robustness_table.csv (aggregate); event-level canonical return file not committed,True,True,False,False,aggregate_only_no_event_membership_file,True,locked_event_manifest_from_committed_artifacts
locked_artifact_sample_v1_2026-05-16,280,G1YjWlbaXPk,G1YjWlbaXPk,G1YjWlbaXPk,"Mark Roussin, CPA",UCrGLm-Drgv0vbbemwwHeXJw,AAPL,Nvidia,sell,2025-02-13,2025-02-13,external_provider,data/exports/research_grade_analysis/05_event_timeline_dataset.csv,data/exports/final_paper_package/02_event_study_robustness_table.csv (aggregate); event-level canonical return file not committed,True,True,False,True,aggregate_only_no_event_membership_file,True,locked_event_manifest_from_committed_artifacts
locked_artifact_sample_v1_2026-05-16,281,GrVx-TilfBE,GrVx-TilfBE,GrVx-TilfBE,"Mark Roussin, CPA",UCrGLm-Drgv0vbbemwwHeXJw,MSFT,Microsoft,buy,2023-07-21,2023-07-21,external_provider,data/exports/research_grade_analysis/05_event_timeline_dataset.csv,data/exports/final_paper_package/02_event_study_robustness_table.csv (aggregate); event-level canonical return file not committed,True,False,True,True,aggregate_only_no_event_membership_file,True,locked_event_manifest_from_committed_artifacts
locked_artifact_sample_v1_2026-05-16,282,GrVx-TilfBE,GrVx-TilfBE,GrVx-TilfBE,"Mark Roussin, CPA",UC7r4-nZ4icT8SIcnisXFSHQ,NVDA,Apple,buy,2023-07-21,2023-07-21,external_provider,data/exports/research_grade_analysis/05_event_timeline_dataset.csv,data/exports/final_paper_package/02_event_study_robustness_table.csv (aggregate); event-level canonical return file not committed,True,False,True,True,aggregate_only_no_event_membership_file,True,locked_event_manifest_from_committed_artifacts
locked_artifact_sample_v1_2026-05-16,283,H-yz9DyYa8A,H-yz9DyYa8A,H-yz9DyYa8A,"Mark Roussin, CPA",UC7r4-nZ4icT8SIcnisXFSHQ,NVDA,Apple,buy,2023-11-23,2023-11-24,external_provider,data/exports/research_grade_analysis/05_event_timeline_dataset.csv,data/exports/final_paper_package/02_event_study_robustness_table.csv (aggregate); event-level canonical return file not committed,True,False,True,True,aggregate_only_no_event_membership_file,True,locked_event_manifest_from_committed_artifacts
locked_artifact_sample_v1_2026-05-16,284,H-yz9DyYa8A,H-yz9DyYa8A,H-yz9DyYa8A,"Mark Roussin, CPA",UC7r4-nZ4icT8SIcnisXFSHQ,AAPL,Apple,sell,2023-11-23,2023-11-24,external_provider,data/exports/research_grade_analysis/05_event_timeline_dataset.csv,data/exports/final_paper_package/02_event_study_robustness_table.csv (aggregate); event-level canonical return file not committed,True,True,True,True,aggregate_only_no_event_membership_file,True,locked_event_manifest_from_committed_artifacts
locked_artifact_sample_v1_2026-05-16,285,H-yz9DyYa8A,H-yz9DyYa8A,H-yz9DyYa8A,"Mark Roussin, CPA",UCrGLm-Drgv0vbbemwwHeXJw,MSFT,Alphabet,sell,2023-11-23,2023-11-24,external_provider,data/exports/research_grade_analysis/05_event_timeline_dataset.csv,data/exports/final_paper_package/02_event_study_robustness_table.csv (aggregate); event-level canonical return file not committed,True,True,True,True,aggregate_only_no_event_membership_file,True,locked_event_manifest_from_committed_artifacts
locked_artifact_sample_v1_2026-05-16,286,H4omu31OkBg,H4omu31OkBg,H4omu31OkBg,"Mark Roussin, CPA",UC7r4-nZ4icT8SIcnisXFSHQ,AMZN,Netflix,buy,2024-07-22,2024-07-22,external_provider,data/exports/research_grade_analysis/05_event_timeline_dataset.csv,data/exports/final_paper_package/02_event_study_robustness_table.csv (aggregate); event-level canonical return file not committed,True,True,False,True,aggregate_only_no_event_membership_file,True,locked_event_manifest_from_committed_artifacts
locked_artifact_sample_v1_2026-05-16,287,H4omu31OkBg,H4omu31OkBg,H4omu31OkBg,"Mark Roussin, CPA",UC7r4-nZ4icT8SIcnisXFSHQ,AMZN,Microsoft,buy,2024-07-22,2024-07-22,external_provider,data/exports/research_grade_analysis/05_event_timeline_dataset.csv,data/exports/final_paper_package/02_event_study_robustness_table.csv (aggregate); event-level canonical return file not committed,True,True,False,False,aggregate_only_no_event_membership_file,True,locked_event_manifest_from_committed_artifacts
locked_artifact_sample_v1_2026-05-16,288,H7CX1Oy3jsU,H7CX1Oy3jsU,H7CX1Oy3jsU,"Mark Roussin, CPA",UCC7xhD0o7FBHdKXZxMRFspQ,AMZN,,buy,2024-06-07,2024-06-07,external_provider,data/exports/research_grade_analysis/05_event_timeline_dataset.csv,data/exports/final_paper_package/02_event_study_robustness_table.csv (aggregate); event-level canonical return file not committed,True,True,False,True,aggregate_only_no_event_membership_file,True,locked_event_manifest_from_committed_artifacts
locked_artifact_sample_v1_2026-05-16,289,IgGPrrJCmq0,IgGPrrJCmq0,IgGPrrJCmq0,"Mark Roussin, CPA",UCC7xhD0o7FBHdKXZxMRFspQ,TSLA,Nvidia,buy,2024-01-25,2024-01-25,external_provider,data/exports/research_grade_analysis/05_event_timeline_dataset.csv,data/exports/final_paper_package/02_event_study_robustness_table.csv (aggregate); event-level canonical return file not committed,True,False,True,True,aggregate_only_no_event_membership_file,True,locked_event_manifest_from_committed_artifacts
locked_artifact_sample_v1_2026-05-16,290,IncQgF07zCE,IncQgF07zCE,IncQgF07zCE,"Mark Roussin, CPA",UCC7xhD0o7FBHdKXZxMRFspQ,CRM,Amazon,buy,2024-07-27,2024-07-29,external_provider,data/exports/research_grade_analysis/05_event_timeline_dataset.csv,data/exports/final_paper_package/02_event_study_robustness_table.csv (aggregate); event-level canonical return file not committed,True,True,True,True,aggregate_only_no_event_membership_file,True,locked_event_manifest_from_committed_artifacts
locked_artifact_sample_v1_2026-05-16,291,Ip8Lpa_0nmI,Ip8Lpa_0nmI,Ip8Lpa_0nmI,"Mark Roussin, CPA",UC7r4-nZ4icT8SIcnisXFSHQ,NVDA,Nvidia,buy,2025-05-03,2025-05-05,external_provider,data/exports/research_grade_analysis/05_event_timeline_dataset.csv,data/exports/final_paper_package/02_event_study_robustness_table.csv (aggregate); event-level canonical return file not committed,True,True,True,True,aggregate_only_no_event_membership_file,True,locked_event_manifest_from_committed_artifacts
locked_artifact_sample_v1_2026-05-16,292,Ip8Lpa_0nmI,Ip8Lpa_0nmI,Ip8Lpa_0nmI,"Mark Roussin, CPA",UC7r4-nZ4icT8SIcnisXFSHQ,GOOGL,Apple,buy,2025-05-03,2025-05-05,external_provider,data/exports/research_grade_analysis/05_event_timeline_dataset.csv,data/exports/final_paper_package/02_event_study_robustness_table.csv (aggregate); event-level canonical return file not committed,True,False,True,True,aggregate_only_no_event_membership_file,True,locked_event_manifest_from_committed_artifacts
locked_artifact_sample_v1_2026-05-16,293,Ip8Lpa_0nmI,Ip8Lpa_0nmI,Ip8Lpa_0nmI,"Mark Roussin, CPA",UC7r4-nZ4icT8SIcnisXFSHQ,AMZN,Alphabet,buy,2025-05-03,2025-05-05,external_provider,data/exports/research_grade_analysis/05_event_timeline_dataset.csv,data/exports/final_paper_package/02_event_study_robustness_table.csv (aggregate); event-level canonical return file not committed,True,False,True,True,aggregate_only_no_event_membership_file,True,locked_event_manifest_from_committed_artifacts
locked_artifact_sample_v1_2026-05-16,294,-eKfyDm9qIM,-eKfyDm9qIM,-eKfyDm9qIM,"Mark Roussin, CPA",UC7r4-nZ4icT8SIcnisXFSHQ,MSFT,Microsoft,buy,2023-06-05,2023-06-05,external_provider,data/exports/research_grade_analysis/05_event_timeline_dataset.csv,data/exports/final_paper_package/02_event_study_robustness_table.csv (aggregate); event-level canonical return file not committed,True,True,False,True,aggregate_only_no_event_membership_file,True,locked_event_manifest_from_committed_artifacts
locked_artifact_sample_v1_2026-05-16,295,10KzfNZryVI,10KzfNZryVI,10KzfNZryVI,"Mark Roussin, CPA",UC7r4-nZ4icT8SIcnisXFSHQ,GOOGL,Tesla,buy,2024-01-08,2024-01-08,external_provider,data/exports/research_grade_analysis/05_event_timeline_dataset.csv,data/exports/final_paper_package/02_event_study_robustness_table.csv (aggregate); event-level canonical return file not committed,True,True,False,True,aggregate_only_no_event_membership_file,True,locked_event_manifest_from_committed_artifacts
locked_artifact_sample_v1_2026-05-16,296,10KzfNZryVI,10KzfNZryVI,10KzfNZryVI,"Mark Roussin, CPA",UCC7xhD0o7FBHdKXZxMRFspQ,TSLA,Nvidia,buy,2024-01-08,2024-01-08,external_provider,data/exports/research_grade_analysis/05_event_timeline_dataset.csv,data/exports/final_paper_package/02_event_study_robustness_table.csv (aggregate); event-level canonical return file not committed,True,False,False,True,aggregate_only_no_event_membership_file,True,locked_event_manifest_from_committed_artifacts
locked_artifact_sample_v1_2026-05-16,297,1U8L8x1VUFE,1U8L8x1VUFE,1U8L8x1VUFE,"Mark Roussin, CPA",UCC7xhD0o7FBHdKXZxMRFspQ,TSLA,Nvidia,buy,2023-08-18,2023-08-18,external_provider,data/exports/research_grade_analysis/05_event_timeline_dataset.csv,data/exports/final_paper_package/02_event_study_robustness_table.csv (aggregate); event-level canonical return file not committed,True,True,True,True,aggregate_only_no_event_membership_file,True,locked_event_manifest_from_committed_artifacts
locked_artifact_sample_v1_2026-05-16,298,1U8L8x1VUFE,1U8L8x1VUFE,1U8L8x1VUFE,"Mark Roussin, CPA",UCrGLm-Drgv0vbbemwwHeXJw,AAPL,Alphabet,buy,2023-08-18,2023-08-18,external_provider,data/exports/research_grade_analysis/05_event_timeline_dataset.csv,data/exports/final_paper_package/02_event_study_robustness_table.csv (aggregate); event-level canonical return file not committed,True,True,True,True,aggregate_only_no_event_membership_file,True,locked_event_manifest_from_committed_artifacts
locked_artifact_sample_v1_2026-05-16,299,2ZUCP6Fmrsg,2ZUCP6Fmrsg,2ZUCP6Fmrsg,Best of Us Investors,UC5cEHfCr6WOE1R1zcohd1IA,NVDA,Microsoft,sell,2026-03-03,2026-03-03,external_provider,data/exports/research_grade_analysis/05_event_timeline_dataset.csv,data/exports/final_paper_package/02_event_study_robustness_table.csv (aggregate); event-level canonical return file not committed,True,False,True,True,aggregate_only_no_event_membership_file,True,locked_event_manifest_from_committed_artifacts
locked_artifact_sample_v1_2026-05-16,300,2ZUCP6Fmrsg,2ZUCP6Fmrsg,2ZUCP6Fmrsg,Best of Us Investors,UC5cEHfCr6WOE1R1zcohd1IA,NVDA,Alphabet,buy,2026-03-03,2026-03-03,external_provider,data/exports/research_grade_analysis/05_event_timeline_dataset.csv,data/exports/final_paper_package/02_event_study_robustness_table.csv (aggregate); event-level canonical return file not committed,True,False,True,False,aggregate_only_no_event_membership_file,True,locked_event_manifest_from_committed_artifacts
locked_artifact_sample_v1_2026-05-16,301,2ZUCP6Fmrsg,2ZUCP6Fmrsg,2ZUCP6Fmrsg,Best of Us Investors,UCC7xhD0o7FBHdKXZxMRFspQ,NVDA,Microsoft,sell,2026-03-03,2026-03-03,external_provider,data/exports/research_grade_analysis/05_event_timeline_dataset.csv,data/exports/final_paper_package/02_event_study_robustness_table.csv (aggregate); event-level canonical return file not committed,True,False,True,False,aggregate_only_no_event_membership_file,True,locked_event_manifest_from_committed_artifacts
locked_artifact_sample_v1_2026-05-16,302,2_MQtf3XOUg,2_MQtf3XOUg,2_MQtf3XOUg,"Mark Roussin, CPA",UCrGLm-Drgv0vbbemwwHeXJw,NFLX,PayPal,buy,2023-07-28,2023-07-28,external_provider,data/exports/research_grade_analysis/05_event_timeline_dataset.csv,data/exports/final_paper_package/02_event_study_robustness_table.csv (aggregate); event-level canonical return file not committed,True,False,True,True,aggregate_only_no_event_membership_file,True,locked_event_manifest_from_committed_artifacts
locked_artifact_sample_v1_2026-05-16,303,2_MQtf3XOUg,2_MQtf3XOUg,2_MQtf3XOUg,"Mark Roussin, CPA",UC7r4-nZ4icT8SIcnisXFSHQ,MSFT,Apple,buy,2023-07-28,2023-07-28,external_provider,data/exports/research_grade_analysis/05_event_timeline_dataset.csv,data/exports/final_paper_package/02_event_study_robustness_table.csv (aggregate); event-level canonical return file not committed,True,False,True,True,aggregate_only_no_event_membership_file,True,locked_event_manifest_from_committed_artifacts
locked_artifact_sample_v1_2026-05-16,304,2hF0_S38gc0,2hF0_S38gc0,2hF0_S38gc0,"Mark Roussin, CPA",UC7r4-nZ4icT8SIcnisXFSHQ,AAPL,Tesla,buy,2023-09-08,2023-09-08,external_provider,data/exports/research_grade_analysis/05_event_timeline_dataset.csv,data/exports/final_paper_package/02_event_study_robustness_table.csv (aggregate); event-level canonical return file not committed,True,True,True,True,aggregate_only_no_event_membership_file,True,locked_event_manifest_from_committed_artifacts
locked_artifact_sample_v1_2026-05-16,305,2hF0_S38gc0,2hF0_S38gc0,2hF0_S38gc0,"Mark Roussin, CPA",UCwKB_00dPL3x5XmHF9IJCrg,AAPL,Meta,buy,2023-09-08,2023-09-08,external_provider,data/exports/research_grade_analysis/05_event_timeline_dataset.csv,data/exports/final_paper_package/02_event_study_robustness_table.csv (aggregate); event-level canonical return file not committed,True,True,True,False,aggregate_only_no_event_membership_file,True,locked_event_manifest_from_committed_artifacts
locked_artifact_sample_v1_2026-05-16,306,2hF0_S38gc0,2hF0_S38gc0,2hF0_S38gc0,"Mark Roussin, CPA",UCwKB_00dPL3x5XmHF9IJCrg,AAPL,Meta,buy,2023-09-08,2023-09-08,external_provider,data/exports/research_grade_analysis/05_event_timeline_dataset.csv,data/exports/final_paper_package/02_event_study_robustness_table.csv (aggregate); event-level canonical return file not committed,True,True,True,False,aggregate_only_no_event_membership_file,True,locked_event_manifest_from_committed_artifacts
locked_artifact_sample_v1_2026-05-16,307,2hF0_S38gc0,2hF0_S38gc0,2hF0_S38gc0,"Mark Roussin, CPA",UC5cEHfCr6WOE1R1zcohd1IA,AAPL,,buy,2023-09-08,2023-09-08,external_provider,data/exports/research_grade_analysis/05_event_timeline_dataset.csv,data/exports/final_paper_package/02_event_study_robustness_table.csv (aggregate); event-level canonical return file not committed,True,True,True,False,aggregate_only_no_event_membership_file,True,locked_event_manifest_from_committed_artifacts
locked_artifact_sample_v1_2026-05-16,308,2hF0_S38gc0,2hF0_S38gc0,2hF0_S38gc0,"Mark Roussin, CPA",UCrGLm-Drgv0vbbemwwHeXJw,AAPL,PayPal,sell,2023-09-08,2023-09-08,external_provider,data/exports/research_grade_analysis/05_event_timeline_dataset.csv,data/exports/final_paper_package/02_event_study_robustness_table.csv (aggregate); event-level canonical return file not committed,True,True,True,False,aggregate_only_no_event_membership_file,True,locked_event_manifest_from_committed_artifacts
locked_artifact_sample_v1_2026-05-16,309,2hF0_S38gc0,2hF0_S38gc0,2hF0_S38gc0,"Mark Roussin, CPA",UC7r4-nZ4icT8SIcnisXFSHQ,AAPL,PayPal,buy,2023-09-08,2023-09-08,external_provider,data/exports/research_grade_analysis/05_event_timeline_dataset.csv,data/exports/final_paper_package/02_event_study_robustness_table.csv (aggregate); event-level canonical return file not committed,True,True,True,False,aggregate_only_no_event_membership_file,True,locked_event_manifest_from_committed_artifacts
locked_artifact_sample_v1_2026-05-16,310,35o0vzF108U,35o0vzF108U,35o0vzF108U,"Mark Roussin, CPA",UC7r4-nZ4icT8SIcnisXFSHQ,MSFT,PayPal,buy,2023-07-07,2023-07-07,external_provider,data/exports/research_grade_analysis/05_event_timeline_dataset.csv,data/exports/final_paper_package/02_event_study_robustness_table.csv (aggregate); event-level canonical return file not committed,True,False,True,True,aggregate_only_no_event_membership_file,True,locked_event_manifest_from_committed_artifacts
locked_artifact_sample_v1_2026-05-16,311,3SWmWnFfXdY,3SWmWnFfXdY,3SWmWnFfXdY,"Mark Roussin, CPA",UC7r4-nZ4icT8SIcnisXFSHQ,AAPL,Microsoft,buy,2023-11-20,2023-11-20,external_provider,data/exports/research_grade_analysis/05_event_timeline_dataset.csv,data/exports/final_paper_package/02_event_study_robustness_table.csv (aggregate); event-level canonical return file not committed,True,True,False,True,aggregate_only_no_event_membership_file,True,locked_event_manifest_from_committed_artifacts
locked_artifact_sample_v1_2026-05-16,312,3SWmWnFfXdY,3SWmWnFfXdY,3SWmWnFfXdY,"Mark Roussin, CPA",UC7r4-nZ4icT8SIcnisXFSHQ,AAPL,Apple,buy,2023-11-20,2023-11-20,external_provider,data/exports/research_grade_analysis/05_event_timeline_dataset.csv,data/exports/final_paper_package/02_event_study_robustness_table.csv (aggregate); event-level canonical return file not committed,True,True,False,False,aggregate_only_no_event_membership_file,True,locked_event_manifest_from_committed_artifacts
locked_artifact_sample_v1_2026-05-16,313,3SWmWnFfXdY,3SWmWnFfXdY,3SWmWnFfXdY,"Mark Roussin, CPA",UCwKB_00dPL3x5XmHF9IJCrg,UBER,Nvidia,buy,2023-11-20,2023-11-20,external_provider,data/exports/research_grade_analysis/05_event_timeline_dataset.csv,data/exports/final_paper_package/02_event_study_robustness_table.csv (aggregate); event-level canonical return file not committed,True,False,False,True,aggregate_only_no_event_membership_file,True,locked_event_manifest_from_committed_artifacts
locked_artifact_sample_v1_2026-05-16,314,5VeZdJgvV_8,5VeZdJgvV_8,5VeZdJgvV_8,"Mark Roussin, CPA",UCC7xhD0o7FBHdKXZxMRFspQ,MSFT,Apple,buy,2024-04-26,2024-04-26,external_provider,data/exports/research_grade_analysis/05_event_timeline_dataset.csv,data/exports/final_paper_package/02_event_study_robustness_table.csv (aggregate); event-level canonical return file not committed,True,False,False,True,aggregate_only_no_event_membership_file,True,locked_event_manifest_from_committed_artifacts
locked_artifact_sample_v1_2026-05-16,315,5VeZdJgvV_8,5VeZdJgvV_8,5VeZdJgvV_8,"Mark Roussin, CPA",UCC7xhD0o7FBHdKXZxMRFspQ,MSFT,Apple,buy,2024-04-26,2024-04-26,external_provider,data/exports/research_grade_analysis/05_event_timeline_dataset.csv,data/exports/final_paper_package/02_event_study_robustness_table.csv (aggregate); event-level canonical return file not committed,True,False,False,False,aggregate_only_no_event_membership_file,True,locked_event_manifest_from_committed_artifacts
locked_artifact_sample_v1_2026-05-16,316,6748pkSNY3U,6748pkSNY3U,6748pkSNY3U,"Mark Roussin, CPA",UC5cEHfCr6WOE1R1zcohd1IA,NVDA,Nvidia,sell,2024-02-01,2024-02-01,external_provider,data/exports/research_grade_analysis/05_event_timeline_dataset.csv,data/exports/final_paper_package/02_event_study_robustness_table.csv (aggregate); event-level canonical return file not committed,True,True,True,True,aggregate_only_no_event_membership_file,True,locked_event_manifest_from_committed_artifacts
locked_artifact_sample_v1_2026-05-16,317,6748pkSNY3U,6748pkSNY3U,6748pkSNY3U,"Mark Roussin, CPA",UC7r4-nZ4icT8SIcnisXFSHQ,AMZN,Nvidia,sell,2024-02-01,2024-02-01,external_provider,data/exports/research_grade_analysis/05_event_timeline_dataset.csv,data/exports/final_paper_package/02_event_study_robustness_table.csv (aggregate); event-level canonical return file not committed,True,False,True,True,aggregate_only_no_event_membership_file,True,locked_event_manifest_from_committed_artifacts
locked_artifact_sample_v1_2026-05-16,318,EEjUnFgIYuY,EEjUnFgIYuY,EEjUnFgIYuY,Everything Money,UC7r4-nZ4icT8SIcnisXFSHQ,UBER,Nvidia,buy,2026-03-12,2026-03-12,external_provider,data/exports/research_grade_analysis/05_event_timeline_dataset.csv,data/exports/final_paper_package/02_event_study_robustness_table.csv (aggregate); event-level canonical return file not committed,True,True,True,True,aggregate_only_no_event_membership_file,True,locked_event_manifest_from_committed_artifacts
locked_artifact_sample_v1_2026-05-16,319,kMEFyG4jrTw,kMEFyG4jrTw,kMEFyG4jrTw,Everything Money,UCwKB_00dPL3x5XmHF9IJCrg,AAPL,Nvidia,sell,2026-03-07,2026-03-09,external_provider,data/exports/research_grade_analysis/05_event_timeline_dataset.csv,data/exports/final_paper_package/02_event_study_robustness_table.csv (aggregate); event-level canonical return file not committed,True,True,True,True,aggregate_only_no_event_membership_file,True,locked_event_manifest_from_committed_artifacts
locked_artifact_sample_v1_2026-05-16,320,q04HFOjr40s,q04HFOjr40s,q04HFOjr40s,Everything Money,UCrGLm-Drgv0vbbemwwHeXJw,MSFT,SoFi,buy,2026-03-10,2026-03-10,external_provider,data/exports/research_grade_analysis/05_event_timeline_dataset.csv,data/exports/final_paper_package/02_event_study_robustness_table.csv (aggregate); event-level canonical return file not committed,True,True,True,True,aggregate_only_no_event_membership_file,True,locked_event_manifest_from_committed_artifacts
locked_artifact_sample_v1_2026-05-16,321,PqYwy1d81e0,PqYwy1d81e0,PqYwy1d81e0,CNBC Television,UC5cEHfCr6WOE1R1zcohd1IA,AAPL,PayPal,buy,2026-05-02,2026-05-04,external_provider,data/exports/research_grade_analysis/05_event_timeline_dataset.csv,data/exports/final_paper_package/02_event_study_robustness_table.csv (aggregate); event-level canonical return file not committed,True,False,True,True,aggregate_only_no_event_membership_file,True,recent_intraday_diagnostic_available
locked_artifact_sample_v1_2026-05-16,322,PqYwy1d81e0,PqYwy1d81e0,PqYwy1d81e0,CNBC Television,UC5cEHfCr6WOE1R1zcohd1IA,AAPL,,buy,2026-05-02,2026-05-04,external_provider,data/exports/research_grade_analysis/05_event_timeline_dataset.csv,data/exports/final_paper_package/02_event_study_robustness_table.csv (aggregate); event-level canonical return file not committed,True,False,True,False,aggregate_only_no_event_membership_file,True,recent_intraday_diagnostic_available
locked_artifact_sample_v1_2026-05-16,323,ivnQpDJ-GlA,ivnQpDJ-GlA,ivnQpDJ-GlA,CNBC Television,UC5cEHfCr6WOE1R1zcohd1IA,AMZN,Meta,buy,2026-05-05,2026-05-05,external_provider,data/exports/research_grade_analysis/05_event_timeline_dataset.csv,data/exports/final_paper_package/02_event_study_robustness_table.csv (aggregate); event-level canonical return file not committed,True,False,True,True,aggregate_only_no_event_membership_file,True,recent_intraday_diagnostic_available
locked_artifact_sample_v1_2026-05-16,324,mGbVNMchrmQ,mGbVNMchrmQ,mGbVNMchrmQ,CNBC Television,UC5cEHfCr6WOE1R1zcohd1IA,AAPL,Tesla,buy,2026-05-02,2026-05-04,external_provider,data/exports/research_grade_analysis/05_event_timeline_dataset.csv,data/exports/final_paper_package/02_event_study_robustness_table.csv (aggregate); event-level canonical return file not committed,True,False,True,False,aggregate_only_no_event_membership_file,True,recent_intraday_diagnostic_available
locked_artifact_sample_v1_2026-05-16,325,yd5ubeTfIDw,yd5ubeTfIDw,yd5ubeTfIDw,CNBC Television,UC7r4-nZ4icT8SIcnisXFSHQ,AMD,Nvidia,buy,2026-05-02,2026-05-04,external_provider,data/exports/research_grade_analysis/05_event_timeline_dataset.csv,data/exports/final_paper_package/02_event_study_robustness_table.csv (aggregate); event-level canonical return file not committed,True,False,True,True,aggregate_only_no_event_membership_file,True,recent_intraday_diagnostic_available
locked_artifact_sample_v1_2026-05-16,326,4VwLwtiuxVQ,4VwLwtiuxVQ,4VwLwtiuxVQ,CNBC Television,UC7r4-nZ4icT8SIcnisXFSHQ,AAPL,Nvidia,buy,2026-05-02,2026-05-04,external_provider,data/exports/research_grade_analysis/05_event_timeline_dataset.csv,data/exports/final_paper_package/02_event_study_robustness_table.csv (aggregate); event-level canonical return file not committed,True,False,True,False,aggregate_only_no_event_membership_file,True,recent_intraday_diagnostic_available
locked_artifact_sample_v1_2026-05-16,327,6fQzL7fZrIk,6fQzL7fZrIk,6fQzL7fZrIk,CNBC Television,UCwKB_00dPL3x5XmHF9IJCrg,AAPL,Meta,buy,2026-05-03,2026-05-04,external_provider,data/exports/research_grade_analysis/05_event_timeline_dataset.csv,data/exports/final_paper_package/02_event_study_robustness_table.csv (aggregate); event-level canonical return file not committed,True,False,True,False,aggregate_only_no_event_membership_file,True,recent_intraday_diagnostic_available
locked_artifact_sample_v1_2026-05-16,328,9X0x0pEWx0E,9X0x0pEWx0E,9X0x0pEWx0E,CNBC Television,UCwKB_00dPL3x5XmHF9IJCrg,AAPL,Meta,buy,2026-05-02,2026-05-04,external_provider,data/exports/research_grade_analysis/05_event_timeline_dataset.csv,data/exports/final_paper_package/02_event_study_robustness_table.csv (aggregate); event-level canonical return file not committed,True,False,True,False,aggregate_only_no_event_membership_file,True,recent_intraday_diagnostic_available
locked_artifact_sample_v1_2026-05-16,329,o7JOhblet2o,o7JOhblet2o,o7JOhblet2o,Learn to Invest - Investors Grow,UC5cEHfCr6WOE1R1zcohd1IA,DIS,Nvidia,sell,2022-11-17,2022-11-17,external_provider,data/exports/research_grade_analysis/05_event_timeline_dataset.csv,data/exports/final_paper_package/02_event_study_robustness_table.csv (aggregate); event-level canonical return file not committed,True,False,True,True,aggregate_only_no_event_membership_file,True,locked_event_manifest_from_committed_artifacts
locked_artifact_sample_v1_2026-05-16,330,uJi4KdcuHPQ,uJi4KdcuHPQ,uJi4KdcuHPQ,Learn to Invest - Investors Grow,UCgCh-2AfEBtWrNBC2OoNQYg,GOOGL,Apple,buy,2024-10-08,2024-10-08,external_provider,data/exports/research_grade_analysis/05_event_timeline_dataset.csv,data/exports/final_paper_package/02_event_study_robustness_table.csv (aggregate); event-level canonical return file not committed,True,True,True,True,aggregate_only_no_event_membership_file,True,locked_event_manifest_from_committed_artifacts
locked_artifact_sample_v1_2026-05-16,331,uJi4KdcuHPQ,uJi4KdcuHPQ,uJi4KdcuHPQ,Learn to Invest - Investors Grow,UCC7xhD0o7FBHdKXZxMRFspQ,GOOGL,Nvidia,buy,2024-10-08,2024-10-08,external_provider,data/exports/research_grade_analysis/05_event_timeline_dataset.csv,data/exports/final_paper_package/02_event_study_robustness_table.csv (aggregate); event-level canonical return file not committed,True,True,True,False,aggregate_only_no_event_membership_file,True,locked_event_manifest_from_committed_artifacts
locked_artifact_sample_v1_2026-05-16,332,uJi4KdcuHPQ,uJi4KdcuHPQ,uJi4KdcuHPQ,Learn to Invest - Investors Grow,UCgCh-2AfEBtWrNBC2OoNQYg,GOOGL,Alphabet,buy,2024-10-08,2024-10-08,external_provider,data/exports/research_grade_analysis/05_event_timeline_dataset.csv,data/exports/final_paper_package/02_event_study_robustness_table.csv (aggregate); event-level canonical return file not committed,True,True,True,False,aggregate_only_no_event_membership_file,True,locked_event_manifest_from_committed_artifacts
locked_artifact_sample_v1_2026-05-16,333,uQASTitwUrs,uQASTitwUrs,uQASTitwUrs,Learn to Invest - Investors Grow,UCrGLm-Drgv0vbbemwwHeXJw,NFLX,Nvidia,buy,2022-10-11,2022-10-11,external_provider,data/exports/research_grade_analysis/05_event_timeline_dataset.csv,data/exports/final_paper_package/02_event_study_robustness_table.csv (aggregate); event-level canonical return file not committed,True,True,True,True,aggregate_only_no_event_membership_file,True,locked_event_manifest_from_committed_artifacts
locked_artifact_sample_v1_2026-05-16,334,uTNZiFgUa_Q,uTNZiFgUa_Q,uTNZiFgUa_Q,Learn to Invest - Investors Grow,UCrGLm-Drgv0vbbemwwHeXJw,TSLA,Nvidia,buy,2020-02-11,2020-02-11,external_provider,data/exports/research_grade_analysis/05_event_timeline_dataset.csv,data/exports/final_paper_package/02_event_study_robustness_table.csv (aggregate); event-level canonical return file not committed,True,False,False,True,aggregate_only_no_event_membership_file,True,locked_event_manifest_from_committed_artifacts
locked_artifact_sample_v1_2026-05-16,335,ybe6ZX494Yk,ybe6ZX494Yk,ybe6ZX494Yk,Learn to Invest - Investors Grow,UC7r4-nZ4icT8SIcnisXFSHQ,DIS,Alphabet,sell,2020-02-18,2020-02-18,external_provider,data/exports/research_grade_analysis/05_event_timeline_dataset.csv,data/exports/final_paper_package/02_event_study_robustness_table.csv (aggregate); event-level canonical return file not committed,True,False,False,True,aggregate_only_no_event_membership_file,True,locked_event_manifest_from_committed_artifacts
locked_artifact_sample_v1_2026-05-16,336,z1IIG_2Yq6k,z1IIG_2Yq6k,z1IIG_2Yq6k,Learn to Invest - Investors Grow,UCwKB_00dPL3x5XmHF9IJCrg,HOOD,Amazon,buy,2020-06-02,2021-07-29,external_provider,data/exports/research_grade_analysis/05_event_timeline_dataset.csv,data/exports/final_paper_package/02_event_study_robustness_table.csv (aggregate); event-level canonical return file not committed,True,True,False,True,aggregate_only_no_event_membership_file,True,locked_event_manifest_from_committed_artifacts
locked_artifact_sample_v1_2026-05-16,337,XGt7kO0JSTA,XGt7kO0JSTA,XGt7kO0JSTA,Learn to Invest - Investors Grow,UCC7xhD0o7FBHdKXZxMRFspQ,MSFT,Nvidia,buy,2022-10-15,2022-10-17,external_provider,data/exports/research_grade_analysis/05_event_timeline_dataset.csv,data/exports/final_paper_package/02_event_study_robustness_table.csv (aggregate); event-level canonical return file not committed,True,True,True,True,aggregate_only_no_event_membership_file,True,locked_event_manifest_from_committed_artifacts
locked_artifact_sample_v1_2026-05-16,338,_u34sqYCyuQ,_u34sqYCyuQ,_u34sqYCyuQ,Learn to Invest - Investors Grow,UCrGLm-Drgv0vbbemwwHeXJw,MSFT,PayPal,buy,2020-03-27,2020-03-27,external_provider,data/exports/research_grade_analysis/05_event_timeline_dataset.csv,data/exports/final_paper_package/02_event_study_robustness_table.csv (aggregate); event-level canonical return file not committed,True,False,False,True,aggregate_only_no_event_membership_file,True,locked_event_manifest_from_committed_artifacts
locked_artifact_sample_v1_2026-05-16,339,_u34sqYCyuQ,_u34sqYCyuQ,_u34sqYCyuQ,Learn to Invest - Investors Grow,UCrGLm-Drgv0vbbemwwHeXJw,DIS,PayPal,buy,2020-03-27,2020-03-27,external_provider,data/exports/research_grade_analysis/05_event_timeline_dataset.csv,data/exports/final_paper_package/02_event_study_robustness_table.csv (aggregate); event-level canonical return file not committed,True,False,False,True,aggregate_only_no_event_membership_file,True,locked_event_manifest_from_committed_artifacts
locked_artifact_sample_v1_2026-05-16,340,cdtEhfdkbbg,cdtEhfdkbbg,cdtEhfdkbbg,Learn to Invest - Investors Grow,UCwKB_00dPL3x5XmHF9IJCrg,DIS,Nvidia,buy,2020-06-22,2020-06-22,external_provider,data/exports/research_grade_analysis/05_event_timeline_dataset.csv,data/exports/final_paper_package/02_event_study_robustness_table.csv (aggregate); event-level canonical return file not committed,True,True,True,True,aggregate_only_no_event_membership_file,True,locked_event_manifest_from_committed_artifacts
locked_artifact_sample_v1_2026-05-16,341,cdtEhfdkbbg,cdtEhfdkbbg,cdtEhfdkbbg,Learn to Invest - Investors Grow,UCwKB_00dPL3x5XmHF9IJCrg,DIS,Nvidia,buy,2020-06-22,2020-06-22,external_provider,data/exports/research_grade_analysis/05_event_timeline_dataset.csv,data/exports/final_paper_package/02_event_study_robustness_table.csv (aggregate); event-level canonical return file not committed,True,True,True,False,aggregate_only_no_event_membership_file,True,locked_event_manifest_from_committed_artifacts
locked_artifact_sample_v1_2026-05-16,342,e-U1FCxP2xU,e-U1FCxP2xU,e-U1FCxP2xU,Learn to Invest - Investors Grow,UCwKB_00dPL3x5XmHF9IJCrg,DIS,Nvidia,sell,2020-07-07,2020-07-07,external_provider,data/exports/research_grade_analysis/05_event_timeline_dataset.csv,data/exports/final_paper_package/02_event_study_robustness_table.csv (aggregate); event-level canonical return file not committed,True,True,False,True,aggregate_only_no_event_membership_file,True,locked_event_manifest_from_committed_artifacts
locked_artifact_sample_v1_2026-05-16,343,e-U1FCxP2xU,e-U1FCxP2xU,e-U1FCxP2xU,Learn to Invest - Investors Grow,UCwKB_00dPL3x5XmHF9IJCrg,AMZN,Nvidia,sell,2020-07-07,2020-07-07,external_provider,data/exports/research_grade_analysis/05_event_timeline_dataset.csv,data/exports/final_paper_package/02_event_study_robustness_table.csv (aggregate); event-level canonical return file not committed,True,True,False,True,aggregate_only_no_event_membership_file,True,locked_event_manifest_from_committed_artifacts
locked_artifact_sample_v1_2026-05-16,344,j9OjfCX_uzo,j9OjfCX_uzo,j9OjfCX_uzo,Learn to Invest - Investors Grow,UCC7xhD0o7FBHdKXZxMRFspQ,MSFT,Amazon,buy,2025-07-31,2025-07-31,external_provider,data/exports/research_grade_analysis/05_event_timeline_dataset.csv,data/exports/final_paper_package/02_event_study_robustness_table.csv (aggregate); event-level canonical return file not committed,True,False,True,True,aggregate_only_no_event_membership_file,True,locked_event_manifest_from_committed_artifacts
locked_artifact_sample_v1_2026-05-16,345,Ming72kfHAM,Ming72kfHAM,Ming72kfHAM,Learn to Invest - Investors Grow,UC7r4-nZ4icT8SIcnisXFSHQ,AAPL,Nvidia,buy,2024-05-16,2024-05-16,external_provider,data/exports/research_grade_analysis/05_event_timeline_dataset.csv,data/exports/final_paper_package/02_event_study_robustness_table.csv (aggregate); event-level canonical return file not committed,True,True,True,True,aggregate_only_no_event_membership_file,True,locked_event_manifest_from_committed_artifacts
locked_artifact_sample_v1_2026-05-16,346,Ming72kfHAM,Ming72kfHAM,Ming72kfHAM,Learn to Invest - Investors Grow,UCrGLm-Drgv0vbbemwwHeXJw,AAPL,PayPal,buy,2024-05-16,2024-05-16,external_provider,data/exports/research_grade_analysis/05_event_timeline_dataset.csv,data/exports/final_paper_package/02_event_study_robustness_table.csv (aggregate); event-level canonical return file not committed,True,True,True,False,aggregate_only_no_event_membership_file,True,locked_event_manifest_from_committed_artifacts
locked_artifact_sample_v1_2026-05-16,347,Rbl39DWYFeU,Rbl39DWYFeU,Rbl39DWYFeU,Learn to Invest - Investors Grow,UCrGLm-Drgv0vbbemwwHeXJw,MSFT,Amazon,buy,2020-02-25,2020-02-25,external_provider,data/exports/research_grade_analysis/05_event_timeline_dataset.csv,data/exports/final_paper_package/02_event_study_robustness_table.csv (aggregate); event-level canonical return file not committed,True,False,False,True,aggregate_only_no_event_membership_file,True,locked_event_manifest_from_committed_artifacts
locked_artifact_sample_v1_2026-05-16,348,Rbl39DWYFeU,Rbl39DWYFeU,Rbl39DWYFeU,Learn to Invest - Investors Grow,UCC7xhD0o7FBHdKXZxMRFspQ,AAPL,Microsoft,buy,2020-02-25,2020-02-25,external_provider,data/exports/research_grade_analysis/05_event_timeline_dataset.csv,data/exports/final_paper_package/02_event_study_robustness_table.csv (aggregate); event-level canonical return file not committed,True,False,False,True,aggregate_only_no_event_membership_file,True,locked_event_manifest_from_committed_artifacts
locked_artifact_sample_v1_2026-05-16,349,Rbl39DWYFeU,Rbl39DWYFeU,Rbl39DWYFeU,Learn to Invest - Investors Grow,UC7r4-nZ4icT8SIcnisXFSHQ,AMZN,Alphabet,buy,2020-02-25,2020-02-25,external_provider,data/exports/research_grade_analysis/05_event_timeline_dataset.csv,data/exports/final_paper_package/02_event_study_robustness_table.csv (aggregate); event-level canonical return file not committed,True,True,False,True,aggregate_only_no_event_membership_file,True,locked_event_manifest_from_committed_artifacts
locked_artifact_sample_v1_2026-05-16,350,SyvKBT4Uv7M,SyvKBT4Uv7M,SyvKBT4Uv7M,Learn to Invest - Investors Grow,UCwKB_00dPL3x5XmHF9IJCrg,TSLA,SoFi,buy,2024-11-05,2024-11-05,external_provider,data/exports/research_grade_analysis/05_event_timeline_dataset.csv,data/exports/final_paper_package/02_event_study_robustness_table.csv (aggregate); event-level canonical return file not committed,True,True,True,True,aggregate_only_no_event_membership_file,True,locked_event_manifest_from_committed_artifacts
locked_artifact_sample_v1_2026-05-16,351,SyvKBT4Uv7M,SyvKBT4Uv7M,SyvKBT4Uv7M,Learn to Invest - Investors Grow,UCwKB_00dPL3x5XmHF9IJCrg,TSLA,SoFi,sell,2024-11-05,2024-11-05,external_provider,data/exports/research_grade_analysis/05_event_timeline_dataset.csv,data/exports/final_paper_package/02_event_study_robustness_table.csv (aggregate); event-level canonical return file not committed,True,True,True,False,aggregate_only_no_event_membership_file,True,locked_event_manifest_from_committed_artifacts
locked_artifact_sample_v1_2026-05-16,352,Tzra-Zi2dtA,Tzra-Zi2dtA,Tzra-Zi2dtA,Learn to Invest - Investors Grow,UCwKB_00dPL3x5XmHF9IJCrg,GOOGL,SoFi,buy,2022-11-30,2022-11-30,external_provider,data/exports/research_grade_analysis/05_event_timeline_dataset.csv,data/exports/final_paper_package/02_event_study_robustness_table.csv (aggregate); event-level canonical return file not committed,True,True,True,True,aggregate_only_no_event_membership_file,True,locked_event_manifest_from_committed_artifacts
locked_artifact_sample_v1_2026-05-16,353,KS_cIBPbE_o,KS_cIBPbE_o,KS_cIBPbE_o,Ticker Symbol: YOU,UCwKB_00dPL3x5XmHF9IJCrg,AMD,SoFi,sell,2026-03-10,2026-03-10,external_provider,data/exports/research_grade_analysis/05_event_timeline_dataset.csv,data/exports/final_paper_package/02_event_study_robustness_table.csv (aggregate); event-level canonical return file not committed,True,True,False,True,aggregate_only_no_event_membership_file,True,locked_event_manifest_from_committed_artifacts
locked_artifact_sample_v1_2026-05-16,354,qVdSw6TQHG8,qVdSw6TQHG8,qVdSw6TQHG8,"Value Investing with Sven Carlin, Ph.D.",UCwKB_00dPL3x5XmHF9IJCrg,NVDA,SoFi,buy,2025-02-16,2025-02-18,external_provider,data/exports/research_grade_analysis/05_event_timeline_dataset.csv,data/exports/final_paper_package/02_event_study_robustness_table.csv (aggregate); event-level canonical return file not committed,True,True,True,True,aggregate_only_no_event_membership_file,True,locked_event_manifest_from_committed_artifacts
locked_artifact_sample_v1_2026-05-16,355,vDirkgS91VQ,vDirkgS91VQ,vDirkgS91VQ,"Value Investing with Sven Carlin, Ph.D.",UC5cEHfCr6WOE1R1zcohd1IA,AAPL,PayPal,buy,2025-01-21,2025-01-21,external_provider,data/exports/research_grade_analysis/05_event_timeline_dataset.csv,data/exports/final_paper_package/02_event_study_robustness_table.csv (aggregate); event-level canonical return file not committed,True,True,True,True,aggregate_only_no_event_membership_file,True,locked_event_manifest_from_committed_artifacts
locked_artifact_sample_v1_2026-05-16,356,vDirkgS91VQ,vDirkgS91VQ,vDirkgS91VQ,"Value Investing with Sven Carlin, Ph.D.",UC5cEHfCr6WOE1R1zcohd1IA,AAPL,Nvidia,buy,2025-01-21,2025-01-21,external_provider,data/exports/research_grade_analysis/05_event_timeline_dataset.csv,data/exports/final_paper_package/02_event_study_robustness_table.csv (aggregate); event-level canonical return file not committed,True,True,True,False,aggregate_only_no_event_membership_file,True,locked_event_manifest_from_committed_artifacts
locked_artifact_sample_v1_2026-05-16,357,xaiENctxhXk,xaiENctxhXk,xaiENctxhXk,"Value Investing with Sven Carlin, Ph.D.",UC5cEHfCr6WOE1R1zcohd1IA,PYPL,SoFi,buy,2026-02-05,2026-02-05,external_provider,data/exports/research_grade_analysis/05_event_timeline_dataset.csv,data/exports/final_paper_package/02_event_study_robustness_table.csv (aggregate); event-level canonical return file not committed,True,False,True,True,aggregate_only_no_event_membership_file,True,locked_event_manifest_from_committed_artifacts
locked_artifact_sample_v1_2026-05-16,358,ycJP5cE1yOE,ycJP5cE1yOE,ycJP5cE1yOE,"Value Investing with Sven Carlin, Ph.D.",UC5cEHfCr6WOE1R1zcohd1IA,GOOGL,,buy,2025-11-24,2025-11-24,external_provider,data/exports/research_grade_analysis/05_event_timeline_dataset.csv,data/exports/final_paper_package/02_event_study_robustness_table.csv (aggregate); event-level canonical return file not committed,True,True,True,True,aggregate_only_no_event_membership_file,True,locked_event_manifest_from_committed_artifacts
locked_artifact_sample_v1_2026-05-16,359,zgFYJLNGkAc,zgFYJLNGkAc,zgFYJLNGkAc,"Value Investing with Sven Carlin, Ph.D.",UCC7xhD0o7FBHdKXZxMRFspQ,NVDA,Apple,buy,2026-04-02,2026-04-02,external_provider,data/exports/research_grade_analysis/05_event_timeline_dataset.csv,data/exports/final_paper_package/02_event_study_robustness_table.csv (aggregate); event-level canonical return file not committed,True,True,True,True,aggregate_only_no_event_membership_file,True,recent_intraday_diagnostic_available
locked_artifact_sample_v1_2026-05-16,360,zgFYJLNGkAc,zgFYJLNGkAc,zgFYJLNGkAc,"Value Investing with Sven Carlin, Ph.D.",UCgCh-2AfEBtWrNBC2OoNQYg,NVDA,Microsoft,buy,2026-04-02,2026-04-02,external_provider,data/exports/research_grade_analysis/05_event_timeline_dataset.csv,data/exports/final_paper_package/02_event_study_robustness_table.csv (aggregate); event-level canonical return file not committed,True,True,True,False,aggregate_only_no_event_membership_file,True,recent_intraday_diagnostic_available
locked_artifact_sample_v1_2026-05-16,361,zgFYJLNGkAc,zgFYJLNGkAc,zgFYJLNGkAc,"Value Investing with Sven Carlin, Ph.D.",UC5cEHfCr6WOE1R1zcohd1IA,AAPL,Nvidia,buy,2026-04-02,2026-04-02,external_provider,data/exports/research_grade_analysis/05_event_timeline_dataset.csv,data/exports/final_paper_package/02_event_study_robustness_table.csv (aggregate); event-level canonical return file not committed,True,True,True,True,aggregate_only_no_event_membership_file,True,recent_intraday_diagnostic_available
locked_artifact_sample_v1_2026-05-16,362,zo5gCbvAFBA,zo5gCbvAFBA,zo5gCbvAFBA,"Value Investing with Sven Carlin, Ph.D.",UC5cEHfCr6WOE1R1zcohd1IA,AMZN,Tesla,buy,2026-03-18,2026-03-18,external_provider,data/exports/research_grade_analysis/05_event_timeline_dataset.csv,data/exports/final_paper_package/02_event_study_robustness_table.csv (aggregate); event-level canonical return file not committed,True,False,True,True,aggregate_only_no_event_membership_file,True,recent_intraday_diagnostic_available
locked_artifact_sample_v1_2026-05-16,363,YK0B7NkWxEI,YK0B7NkWxEI,YK0B7NkWxEI,"Value Investing with Sven Carlin, Ph.D.",UC5cEHfCr6WOE1R1zcohd1IA,AMZN,Tesla,buy,2025-05-17,2025-05-19,external_provider,data/exports/research_grade_analysis/05_event_timeline_dataset.csv,data/exports/final_paper_package/02_event_study_robustness_table.csv (aggregate); event-level canonical return file not committed,True,False,True,True,aggregate_only_no_event_membership_file,True,locked_event_manifest_from_committed_artifacts
locked_artifact_sample_v1_2026-05-16,364,YLfeoftJSvw,YLfeoftJSvw,YLfeoftJSvw,"Value Investing with Sven Carlin, Ph.D.",UC5cEHfCr6WOE1R1zcohd1IA,MSFT,Tesla,buy,2025-02-14,2025-02-14,external_provider,data/exports/research_grade_analysis/05_event_timeline_dataset.csv,data/exports/final_paper_package/02_event_study_robustness_table.csv (aggregate); event-level canonical return file not committed,True,True,True,True,aggregate_only_no_event_membership_file,True,locked_event_manifest_from_committed_artifacts
locked_artifact_sample_v1_2026-05-16,365,dHw6Q5198dc,dHw6Q5198dc,dHw6Q5198dc,"Value Investing with Sven Carlin, Ph.D.",UCwKB_00dPL3x5XmHF9IJCrg,AAPL,Amazon,buy,2025-09-13,2025-09-15,external_provider,data/exports/research_grade_analysis/05_event_timeline_dataset.csv,data/exports/final_paper_package/02_event_study_robustness_table.csv (aggregate); event-level canonical return file not committed,True,True,True,True,aggregate_only_no_event_membership_file,True,locked_event_manifest_from_committed_artifacts
locked_artifact_sample_v1_2026-05-16,366,dIogpK0rmXg,dIogpK0rmXg,dIogpK0rmXg,"Value Investing with Sven Carlin, Ph.D.",UCrGLm-Drgv0vbbemwwHeXJw,TSLA,PayPal,sell,2026-04-27,2026-04-27,external_provider,data/exports/research_grade_analysis/05_event_timeline_dataset.csv,data/exports/final_paper_package/02_event_study_robustness_table.csv (aggregate); event-level canonical return file not committed,True,False,True,True,aggregate_only_no_event_membership_file,True,recent_intraday_diagnostic_available
locked_artifact_sample_v1_2026-05-16,367,dIogpK0rmXg,dIogpK0rmXg,dIogpK0rmXg,"Value Investing with Sven Carlin, Ph.D.",UCrGLm-Drgv0vbbemwwHeXJw,NVDA,PayPal,sell,2026-04-27,2026-04-27,external_provider,data/exports/research_grade_analysis/05_event_timeline_dataset.csv,data/exports/final_paper_package/02_event_study_robustness_table.csv (aggregate); event-level canonical return file not committed,True,False,True,True,aggregate_only_no_event_membership_file,True,recent_intraday_diagnostic_available
locked_artifact_sample_v1_2026-05-16,368,dm1B5DjPP3E,dm1B5DjPP3E,dm1B5DjPP3E,"Value Investing with Sven Carlin, Ph.D.",UC7r4-nZ4icT8SIcnisXFSHQ,NVDA,Nvidia,sell,2025-11-13,2025-11-13,external_provider,data/exports/research_grade_analysis/05_event_timeline_dataset.csv,data/exports/final_paper_package/02_event_study_robustness_table.csv (aggregate); event-level canonical return file not committed,True,False,False,True,aggregate_only_no_event_membership_file,True,locked_event_manifest_from_committed_artifacts
locked_artifact_sample_v1_2026-05-16,369,iTetpxvFy1c,iTetpxvFy1c,iTetpxvFy1c,"Value Investing with Sven Carlin, Ph.D.",UC7r4-nZ4icT8SIcnisXFSHQ,UBER,Microsoft,buy,2025-09-12,2025-09-12,external_provider,data/exports/research_grade_analysis/05_event_timeline_dataset.csv,data/exports/final_paper_package/02_event_study_robustness_table.csv (aggregate); event-level canonical return file not committed,True,False,False,True,aggregate_only_no_event_membership_file,True,locked_event_manifest_from_committed_artifacts
locked_artifact_sample_v1_2026-05-16,370,K7Wuf7IRqrA,K7Wuf7IRqrA,K7Wuf7IRqrA,"Value Investing with Sven Carlin, Ph.D.",UCwKB_00dPL3x5XmHF9IJCrg,AAPL,Nvidia,sell,2026-04-01,2026-04-01,external_provider,data/exports/research_grade_analysis/05_event_timeline_dataset.csv,data/exports/final_paper_package/02_event_study_robustness_table.csv (aggregate); event-level canonical return file not committed,True,True,True,True,aggregate_only_no_event_membership_file,True,recent_intraday_diagnostic_available
locked_artifact_sample_v1_2026-05-16,371,P6wHevNNmMU,P6wHevNNmMU,P6wHevNNmMU,"Value Investing with Sven Carlin, Ph.D.",UCwKB_00dPL3x5XmHF9IJCrg,AAPL,,sell,2025-12-19,2025-12-19,external_provider,data/exports/research_grade_analysis/05_event_timeline_dataset.csv,data/exports/final_paper_package/02_event_study_robustness_table.csv (aggregate); event-level canonical return file not committed,True,True,False,True,aggregate_only_no_event_membership_file,True,locked_event_manifest_from_committed_artifacts
locked_artifact_sample_v1_2026-05-16,372,P6wHevNNmMU,P6wHevNNmMU,P6wHevNNmMU,"Value Investing with Sven Carlin, Ph.D.",UC7r4-nZ4icT8SIcnisXFSHQ,AAPL,Tesla,sell,2025-12-19,2025-12-19,external_provider,data/exports/research_grade_analysis/05_event_timeline_dataset.csv,data/exports/final_paper_package/02_event_study_robustness_table.csv (aggregate); event-level canonical return file not committed,True,True,False,False,aggregate_only_no_event_membership_file,True,locked_event_manifest_from_committed_artifacts
locked_artifact_sample_v1_2026-05-16,373,QuWT-ExuT-Q,QuWT-ExuT-Q,QuWT-ExuT-Q,"Value Investing with Sven Carlin, Ph.D.",UC7r4-nZ4icT8SIcnisXFSHQ,AAPL,Tesla,sell,2026-01-01,2026-01-02,external_provider,data/exports/research_grade_analysis/05_event_timeline_dataset.csv,data/exports/final_paper_package/02_event_study_robustness_table.csv (aggregate); event-level canonical return file not committed,True,False,True,True,aggregate_only_no_event_membership_file,True,locked_event_manifest_from_committed_artifacts
locked_artifact_sample_v1_2026-05-16,374,S7Y8rTGurSc,S7Y8rTGurSc,S7Y8rTGurSc,"Value Investing with Sven Carlin, Ph.D.",UC7r4-nZ4icT8SIcnisXFSHQ,NVDA,Amazon,buy,2026-03-21,2026-03-23,external_provider,data/exports/research_grade_analysis/05_event_timeline_dataset.csv,data/exports/final_paper_package/02_event_study_robustness_table.csv (aggregate); event-level canonical return file not committed,True,True,True,True,aggregate_only_no_event_membership_file,True,recent_intraday_diagnostic_available
locked_artifact_sample_v1_2026-05-16,375,TTvQdyLU9_4,TTvQdyLU9_4,TTvQdyLU9_4,"Value Investing with Sven Carlin, Ph.D.",UC7r4-nZ4icT8SIcnisXFSHQ,TSLA,Netflix,buy,2025-04-06,2025-04-07,external_provider,data/exports/research_grade_analysis/05_event_timeline_dataset.csv,data/exports/final_paper_package/02_event_study_robustness_table.csv (aggregate); event-level canonical return file not committed,True,False,True,True,aggregate_only_no_event_membership_file,True,locked_event_manifest_from_committed_artifacts
locked_artifact_sample_v1_2026-05-16,376,UV9Ys584C6A,UV9Ys584C6A,UV9Ys584C6A,"Value Investing with Sven Carlin, Ph.D.",UCL-F-8nxFtFZ4M3RWkGn6Qw,PYPL,Apple,sell,2026-02-15,2026-02-17,external_provider,data/exports/research_grade_analysis/05_event_timeline_dataset.csv,data/exports/final_paper_package/02_event_study_robustness_table.csv (aggregate); event-level canonical return file not committed,True,True,True,True,aggregate_only_no_event_membership_file,True,locked_event_manifest_from_committed_artifacts
locked_artifact_sample_v1_2026-05-16,377,V0c9kZdpiWo,V0c9kZdpiWo,V0c9kZdpiWo,"Value Investing with Sven Carlin, Ph.D.",UCL-F-8nxFtFZ4M3RWkGn6Qw,TSLA,Apple,buy,2025-11-19,2025-11-19,external_provider,data/exports/research_grade_analysis/05_event_timeline_dataset.csv,data/exports/final_paper_package/02_event_study_robustness_table.csv (aggregate); event-level canonical return file not committed,True,True,False,True,aggregate_only_no_event_membership_file,True,locked_event_manifest_from_committed_artifacts
locked_artifact_sample_v1_2026-05-16,378,Va0eNSWGyg4,Va0eNSWGyg4,Va0eNSWGyg4,"Value Investing with Sven Carlin, Ph.D.",UCrGLm-Drgv0vbbemwwHeXJw,NVDA,PayPal,sell,2026-02-25,2026-02-25,external_provider,data/exports/research_grade_analysis/05_event_timeline_dataset.csv,data/exports/final_paper_package/02_event_study_robustness_table.csv (aggregate); event-level canonical return file not committed,True,False,True,True,aggregate_only_no_event_membership_file,True,locked_event_manifest_from_committed_artifacts
locked_artifact_sample_v1_2026-05-16,379,-NybGF20r84,-NybGF20r84,-NybGF20r84,"Value Investing with Sven Carlin, Ph.D.",UCrGLm-Drgv0vbbemwwHeXJw,AMZN,PayPal,buy,2026-03-01,2026-03-02,external_provider,data/exports/research_grade_analysis/05_event_timeline_dataset.csv,data/exports/final_paper_package/02_event_study_robustness_table.csv (aggregate); event-level canonical return file not committed,True,False,True,True,aggregate_only_no_event_membership_file,True,locked_event_manifest_from_committed_artifacts
locked_artifact_sample_v1_2026-05-16,380,34HX-1xNyng,34HX-1xNyng,34HX-1xNyng,"Value Investing with Sven Carlin, Ph.D.",UC7r4-nZ4icT8SIcnisXFSHQ,NVDA,Disney,buy,2025-10-05,2025-10-06,external_provider,data/exports/research_grade_analysis/05_event_timeline_dataset.csv,data/exports/final_paper_package/02_event_study_robustness_table.csv (aggregate); event-level canonical return file not committed,True,True,True,True,aggregate_only_no_event_membership_file,True,locked_event_manifest_from_committed_artifacts
locked_artifact_sample_v1_2026-05-16,381,4tB2ULo8JWs,4tB2ULo8JWs,4tB2ULo8JWs,"Value Investing with Sven Carlin, Ph.D.",UC7r4-nZ4icT8SIcnisXFSHQ,AAPL,Apple,buy,2025-04-13,2025-04-14,external_provider,data/exports/research_grade_analysis/05_event_timeline_dataset.csv,data/exports/final_paper_package/02_event_study_robustness_table.csv (aggregate); event-level canonical return file not committed,True,True,True,True,aggregate_only_no_event_membership_file,True,locked_event_manifest_from_committed_artifacts
locked_artifact_sample_v1_2026-05-16,382,AgnNJUoXqdU,AgnNJUoXqdU,AgnNJUoXqdU,"Value Investing with Sven Carlin, Ph.D.",UC7r4-nZ4icT8SIcnisXFSHQ,AAPL,Apple,buy,2025-03-27,2025-03-27,external_provider,data/exports/research_grade_analysis/05_event_timeline_dataset.csv,data/exports/final_paper_package/02_event_study_robustness_table.csv (aggregate); event-level canonical return file not committed,True,True,True,True,aggregate_only_no_event_membership_file,True,locked_event_manifest_from_committed_artifacts
locked_artifact_sample_v1_2026-05-16,383,n5qeSVckVoo,n5qeSVckVoo,n5qeSVckVoo,Investing with Tom,UC7r4-nZ4icT8SIcnisXFSHQ,AAPL,Netflix,sell,2023-07-10,2023-07-10,external_provider,data/exports/research_grade_analysis/05_event_timeline_dataset.csv,data/exports/final_paper_package/02_event_study_robustness_table.csv (aggregate); event-level canonical return file not committed,True,True,True,True,aggregate_only_no_event_membership_file,True,locked_event_manifest_from_committed_artifacts
locked_artifact_sample_v1_2026-05-16,384,sUve9tzpfdI,sUve9tzpfdI,sUve9tzpfdI,Investing with Tom,UC7r4-nZ4icT8SIcnisXFSHQ,TSLA,Alphabet,buy,2020-04-04,2020-04-06,external_provider,data/exports/research_grade_analysis/05_event_timeline_dataset.csv,data/exports/final_paper_package/02_event_study_robustness_table.csv (aggregate); event-level canonical return file not committed,True,False,True,True,aggregate_only_no_event_membership_file,True,locked_event_manifest_from_committed_artifacts
locked_artifact_sample_v1_2026-05-16,385,WNj4hHxWj2g,WNj4hHxWj2g,WNj4hHxWj2g,Investing with Tom,UCL-F-8nxFtFZ4M3RWkGn6Qw,AAPL,Amazon,buy,2020-03-31,2020-03-31,external_provider,data/exports/research_grade_analysis/05_event_timeline_dataset.csv,data/exports/final_paper_package/02_event_study_robustness_table.csv (aggregate); event-level canonical return file not committed,True,True,True,True,aggregate_only_no_event_membership_file,True,locked_event_manifest_from_committed_artifacts
locked_artifact_sample_v1_2026-05-16,386,YN4eorNiVkQ,YN4eorNiVkQ,YN4eorNiVkQ,Investing with Tom,UCC7xhD0o7FBHdKXZxMRFspQ,AAPL,Microsoft,buy,2022-10-02,2022-10-03,external_provider,data/exports/research_grade_analysis/05_event_timeline_dataset.csv,data/exports/final_paper_package/02_event_study_robustness_table.csv (aggregate); event-level canonical return file not committed,True,True,True,True,aggregate_only_no_event_membership_file,True,locked_event_manifest_from_committed_artifacts
locked_artifact_sample_v1_2026-05-16,387,YN4eorNiVkQ,YN4eorNiVkQ,YN4eorNiVkQ,Investing with Tom,UCC7xhD0o7FBHdKXZxMRFspQ,AAPL,Microsoft,buy,2022-10-02,2022-10-03,external_provider,data/exports/research_grade_analysis/05_event_timeline_dataset.csv,data/exports/final_paper_package/02_event_study_robustness_table.csv (aggregate); event-level canonical return file not committed,True,True,True,False,aggregate_only_no_event_membership_file,True,locked_event_manifest_from_committed_artifacts
locked_artifact_sample_v1_2026-05-16,388,YN4eorNiVkQ,YN4eorNiVkQ,YN4eorNiVkQ,Investing with Tom,UCrGLm-Drgv0vbbemwwHeXJw,AAPL,,sell,2022-10-02,2022-10-03,external_provider,data/exports/research_grade_analysis/05_event_timeline_dataset.csv,data/exports/final_paper_package/02_event_study_robustness_table.csv (aggregate); event-level canonical return file not committed,True,True,True,False,aggregate_only_no_event_membership_file,True,locked_event_manifest_from_committed_artifacts
locked_artifact_sample_v1_2026-05-16,389,YN4eorNiVkQ,YN4eorNiVkQ,YN4eorNiVkQ,Investing with Tom,UCrGLm-Drgv0vbbemwwHeXJw,AAPL,Meta,sell,2022-10-02,2022-10-03,external_provider,data/exports/research_grade_analysis/05_event_timeline_dataset.csv,data/exports/final_paper_package/02_event_study_robustness_table.csv (aggregate); event-level canonical return file not committed,True,True,True,False,aggregate_only_no_event_membership_file,True,locked_event_manifest_from_committed_artifacts
locked_artifact_sample_v1_2026-05-16,390,b192yNCfoCc,b192yNCfoCc,b192yNCfoCc,Investing with Tom,UCrGLm-Drgv0vbbemwwHeXJw,AAPL,Apple,buy,2023-07-04,2023-07-05,external_provider,data/exports/research_grade_analysis/05_event_timeline_dataset.csv,data/exports/final_paper_package/02_event_study_robustness_table.csv (aggregate); event-level canonical return file not committed,True,True,True,True,aggregate_only_no_event_membership_file,True,locked_event_manifest_from_committed_artifacts
locked_artifact_sample_v1_2026-05-16,391,cSZqcBTEDV8,cSZqcBTEDV8,cSZqcBTEDV8,Investing with Tom,UC7r4-nZ4icT8SIcnisXFSHQ,TSLA,,sell,2020-02-04,2020-02-04,external_provider,data/exports/research_grade_analysis/05_event_timeline_dataset.csv,data/exports/final_paper_package/02_event_study_robustness_table.csv (aggregate); event-level canonical return file not committed,True,False,False,True,aggregate_only_no_event_membership_file,True,locked_event_manifest_from_committed_artifacts
locked_artifact_sample_v1_2026-05-16,392,C7qKLjZUtj4,C7qKLjZUtj4,C7qKLjZUtj4,Investing with Tom,UC7r4-nZ4icT8SIcnisXFSHQ,TSLA,Nvidia,sell,2020-01-05,2020-01-06,external_provider,data/exports/research_grade_analysis/05_event_timeline_dataset.csv,data/exports/final_paper_package/02_event_study_robustness_table.csv (aggregate); event-level canonical return file not committed,True,False,True,True,aggregate_only_no_event_membership_file,True,locked_event_manifest_from_committed_artifacts
locked_artifact_sample_v1_2026-05-16,393,NLgW8E-HMFw,NLgW8E-HMFw,NLgW8E-HMFw,Investing with Tom,UC5cEHfCr6WOE1R1zcohd1IA,MSFT,Nvidia,buy,2023-07-26,2023-07-26,external_provider,data/exports/research_grade_analysis/05_event_timeline_dataset.csv,data/exports/final_paper_package/02_event_study_robustness_table.csv (aggregate); event-level canonical return file not committed,True,False,True,True,aggregate_only_no_event_membership_file,True,locked_event_manifest_from_committed_artifacts
locked_artifact_sample_v1_2026-05-16,394,PGJw0nprDKY,PGJw0nprDKY,PGJw0nprDKY,Investing with Tom,UCC7xhD0o7FBHdKXZxMRFspQ,AAPL,Nvidia,buy,2020-06-09,2020-06-09,external_provider,data/exports/research_grade_analysis/05_event_timeline_dataset.csv,data/exports/final_paper_package/02_event_study_robustness_table.csv (aggregate); event-level canonical return file not committed,True,True,True,True,aggregate_only_no_event_membership_file,True,locked_event_manifest_from_committed_artifacts
locked_artifact_sample_v1_2026-05-16,395,7M6hoe1HOzY,7M6hoe1HOzY,7M6hoe1HOzY,Investing with Tom,UCC7xhD0o7FBHdKXZxMRFspQ,AAPL,Apple,buy,2023-06-26,2023-06-26,external_provider,data/exports/research_grade_analysis/05_event_timeline_dataset.csv,data/exports/final_paper_package/02_event_study_robustness_table.csv (aggregate); event-level canonical return file not committed,True,True,True,True,aggregate_only_no_event_membership_file,True,locked_event_manifest_from_committed_artifacts
locked_artifact_sample_v1_2026-05-16,396,eOYSS02TuqY,eOYSS02TuqY,eOYSS02TuqY,The Swedish Investor,UCgCh-2AfEBtWrNBC2OoNQYg,MSFT,Alphabet,buy,2023-10-02,2023-10-02,external_provider,data/exports/research_grade_analysis/05_event_timeline_dataset.csv,data/exports/final_paper_package/02_event_study_robustness_table.csv (aggregate); event-level canonical return file not committed,True,True,True,True,aggregate_only_no_event_membership_file,True,locked_event_manifest_from_committed_artifacts
locked_artifact_sample_v1_2026-05-16,397,eOYSS02TuqY,eOYSS02TuqY,eOYSS02TuqY,The Swedish Investor,UCgCh-2AfEBtWrNBC2OoNQYg,TSLA,Alphabet,buy,2023-10-02,2023-10-02,external_provider,data/exports/research_grade_analysis/05_event_timeline_dataset.csv,data/exports/final_paper_package/02_event_study_robustness_table.csv (aggregate); event-level canonical return file not committed,True,False,True,True,aggregate_only_no_event_membership_file,True,locked_event_manifest_from_committed_artifacts
locked_artifact_sample_v1_2026-05-16,398,eOYSS02TuqY,eOYSS02TuqY,eOYSS02TuqY,The Swedish Investor,UCrGLm-Drgv0vbbemwwHeXJw,TSLA,Nvidia,buy,2023-10-02,2023-10-02,external_provider,data/exports/research_grade_analysis/05_event_timeline_dataset.csv,data/exports/final_paper_package/02_event_study_robustness_table.csv (aggregate); event-level canonical return file not committed,True,False,True,False,aggregate_only_no_event_membership_file,True,locked_event_manifest_from_committed_artifacts
locked_artifact_sample_v1_2026-05-16,399,l7cc-nLKaqc,l7cc-nLKaqc,l7cc-nLKaqc,The Swedish Investor,UCrGLm-Drgv0vbbemwwHeXJw,AAPL,Meta,buy,2022-06-24,2022-06-24,external_provider,data/exports/research_grade_analysis/05_event_timeline_dataset.csv,data/exports/final_paper_package/02_event_study_robustness_table.csv (aggregate); event-level canonical return file not committed,True,True,True,True,aggregate_only_no_event_membership_file,True,locked_event_manifest_from_committed_artifacts
locked_artifact_sample_v1_2026-05-16,400,nUucyfWpL0A,nUucyfWpL0A,nUucyfWpL0A,The Swedish Investor,UCL-F-8nxFtFZ4M3RWkGn6Qw,AMZN,Alphabet,sell,2022-10-29,2022-10-31,external_provider,data/exports/research_grade_analysis/05_event_timeline_dataset.csv,data/exports/final_paper_package/02_event_study_robustness_table.csv (aggregate); event-level canonical return file not committed,True,False,True,True,aggregate_only_no_event_membership_file,True,locked_event_manifest_from_committed_artifacts
locked_artifact_sample_v1_2026-05-16,401,uEjKr_Z92mA,uEjKr_Z92mA,uEjKr_Z92mA,The Swedish Investor,UC7r4-nZ4icT8SIcnisXFSHQ,TSLA,Apple,sell,2022-04-01,2022-04-01,external_provider,data/exports/research_grade_analysis/05_event_timeline_dataset.csv,data/exports/final_paper_package/02_event_study_robustness_table.csv (aggregate); event-level canonical return file not committed,True,False,False,True,aggregate_only_no_event_membership_file,True,locked_event_manifest_from_committed_artifacts
locked_artifact_sample_v1_2026-05-16,402,CspT5_OlGik,CspT5_OlGik,CspT5_OlGik,The Swedish Investor,UC7r4-nZ4icT8SIcnisXFSHQ,MSFT,Microsoft,buy,2021-03-08,2021-03-08,external_provider,data/exports/research_grade_analysis/05_event_timeline_dataset.csv,data/exports/final_paper_package/02_event_study_robustness_table.csv (aggregate); event-level canonical return file not committed,True,False,True,True,aggregate_only_no_event_membership_file,True,locked_event_manifest_from_committed_artifacts
locked_artifact_sample_v1_2026-05-16,403,jhDfq9sj-u8,jhDfq9sj-u8,jhDfq9sj-u8,Graham Stephan,UC7r4-nZ4icT8SIcnisXFSHQ,MSFT,Microsoft,buy,2026-02-27,2026-02-27,external_provider,data/exports/research_grade_analysis/05_event_timeline_dataset.csv,data/exports/final_paper_package/02_event_study_robustness_table.csv (aggregate); event-level canonical return file not committed,True,True,False,True,aggregate_only_no_event_membership_file,True,locked_event_manifest_from_committed_artifacts
locked_artifact_sample_v1_2026-05-16,404,nXOmkJhytIk,nXOmkJhytIk,nXOmkJhytIk,Graham Stephan,UC7r4-nZ4icT8SIcnisXFSHQ,TSLA,Nvidia,buy,2026-02-12,2026-02-12,external_provider,data/exports/research_grade_analysis/05_event_timeline_dataset.csv,data/exports/final_paper_package/02_event_study_robustness_table.csv (aggregate); event-level canonical return file not committed,True,True,False,True,aggregate_only_no_event_membership_file,True,locked_event_manifest_from_committed_artifacts
locked_artifact_sample_v1_2026-05-16,405,lPn6paBIAoM,lPn6paBIAoM,lPn6paBIAoM,Dividend Bull,UCL-F-8nxFtFZ4M3RWkGn6Qw,TSLA,Alphabet,sell,2024-02-22,2024-02-22,external_provider,data/exports/research_grade_analysis/05_event_timeline_dataset.csv,data/exports/final_paper_package/02_event_study_robustness_table.csv (aggregate); event-level canonical return file not committed,True,True,False,True,aggregate_only_no_event_membership_file,True,locked_event_manifest_from_committed_artifacts
locked_artifact_sample_v1_2026-05-16,406,nadUdX1qygI,nadUdX1qygI,nadUdX1qygI,Dividend Bull,UCL-F-8nxFtFZ4M3RWkGn6Qw,TSLA,Amazon,buy,2022-12-02,2022-12-02,external_provider,data/exports/research_grade_analysis/05_event_timeline_dataset.csv,data/exports/final_paper_package/02_event_study_robustness_table.csv (aggregate); event-level canonical return file not committed,True,True,False,True,aggregate_only_no_event_membership_file,True,locked_event_manifest_from_committed_artifacts
locked_artifact_sample_v1_2026-05-16,407,x1CWG9Nkkms,x1CWG9Nkkms,x1CWG9Nkkms,Dividend Bull,UCL-F-8nxFtFZ4M3RWkGn6Qw,NVDA,Amazon,sell,2024-04-16,2024-04-16,external_provider,data/exports/research_grade_analysis/05_event_timeline_dataset.csv,data/exports/final_paper_package/02_event_study_robustness_table.csv (aggregate); event-level canonical return file not committed,True,True,False,True,aggregate_only_no_event_membership_file,True,locked_event_manifest_from_committed_artifacts
locked_artifact_sample_v1_2026-05-16,408,_r-6KPbghHQ,_r-6KPbghHQ,_r-6KPbghHQ,Dividend Bull,UCC7xhD0o7FBHdKXZxMRFspQ,AMC,Tesla,sell,2024-03-29,2024-04-01,external_provider,data/exports/research_grade_analysis/05_event_timeline_dataset.csv,data/exports/final_paper_package/02_event_study_robustness_table.csv (aggregate); event-level canonical return file not committed,True,False,False,True,aggregate_only_no_event_membership_file,True,locked_event_manifest_from_committed_artifacts
locked_artifact_sample_v1_2026-05-16,409,gmr6BqOOPWk,gmr6BqOOPWk,gmr6BqOOPWk,Dividend Bull,UC7r4-nZ4icT8SIcnisXFSHQ,TSLA,Apple,sell,2023-04-28,2023-04-28,external_provider,data/exports/research_grade_analysis/05_event_timeline_dataset.csv,data/exports/final_paper_package/02_event_study_robustness_table.csv (aggregate); event-level canonical return file not committed,True,False,False,True,aggregate_only_no_event_membership_file,True,locked_event_manifest_from_committed_artifacts
locked_artifact_sample_v1_2026-05-16,410,FeENJP2vWA8,FeENJP2vWA8,FeENJP2vWA8,Dividend Bull,UC7r4-nZ4icT8SIcnisXFSHQ,NVDA,Nvidia,sell,2023-07-24,2023-07-24,external_provider,data/exports/research_grade_analysis/05_event_timeline_dataset.csv,data/exports/final_paper_package/02_event_study_robustness_table.csv (aggregate); event-level canonical return file not committed,True,False,False,True,aggregate_only_no_event_membership_file,True,locked_event_manifest_from_committed_artifacts
locked_artifact_sample_v1_2026-05-16,411,FeENJP2vWA8,FeENJP2vWA8,FeENJP2vWA8,Dividend Bull,UC7r4-nZ4icT8SIcnisXFSHQ,NVDA,Alphabet,sell,2023-07-24,2023-07-24,external_provider,data/exports/research_grade_analysis/05_event_timeline_dataset.csv,data/exports/final_paper_package/02_event_study_robustness_table.csv (aggregate); event-level canonical return file not committed,True,False,False,False,aggregate_only_no_event_membership_file,True,locked_event_manifest_from_committed_artifacts
locked_artifact_sample_v1_2026-05-16,412,RTqgOz5CG4s,RTqgOz5CG4s,RTqgOz5CG4s,Dividend Bull,UCrGLm-Drgv0vbbemwwHeXJw,NVDA,Alphabet,buy,2023-12-15,2023-12-15,external_provider,data/exports/research_grade_analysis/05_event_timeline_dataset.csv,data/exports/final_paper_package/02_event_study_robustness_table.csv (aggregate); event-level canonical return file not committed,True,True,False,True,aggregate_only_no_event_membership_file,True,locked_event_manifest_from_committed_artifacts
locked_artifact_sample_v1_2026-05-16,413,SbAnIeNGVm0,SbAnIeNGVm0,SbAnIeNGVm0,Dividend Bull,UCrGLm-Drgv0vbbemwwHeXJw,PLTR,Alphabet,buy,2025-11-13,2025-11-13,external_provider,data/exports/research_grade_analysis/05_event_timeline_dataset.csv,data/exports/final_paper_package/02_event_study_robustness_table.csv (aggregate); event-level canonical return file not committed,True,True,False,True,aggregate_only_no_event_membership_file,True,locked_event_manifest_from_committed_artifacts
locked_artifact_sample_v1_2026-05-16,414,JURyOwjbd88,JURyOwjbd88,JURyOwjbd88,Stock Moe,UCrGLm-Drgv0vbbemwwHeXJw,NFLX,Alphabet,buy,2026-04-27,2026-04-27,external_provider,data/exports/research_grade_analysis/05_event_timeline_dataset.csv,data/exports/final_paper_package/02_event_study_robustness_table.csv (aggregate); event-level canonical return file not committed,True,False,True,True,aggregate_only_no_event_membership_file,True,recent_intraday_diagnostic_available
locked_artifact_sample_v1_2026-05-16,415,QwEiOQPkrw0,QwEiOQPkrw0,QwEiOQPkrw0,Meet Kevin,UCrGLm-Drgv0vbbemwwHeXJw,AMZN,Amazon,buy,2025-12-31,2025-12-31,external_provider,data/exports/research_grade_analysis/05_event_timeline_dataset.csv,data/exports/final_paper_package/02_event_study_robustness_table.csv (aggregate); event-level canonical return file not committed,True,True,False,True,aggregate_only_no_event_membership_file,True,locked_event_manifest_from_committed_artifacts
locked_artifact_sample_v1_2026-05-16,416,Sq4McaiFM3I,Sq4McaiFM3I,Sq4McaiFM3I,Stock Moe,UCrGLm-Drgv0vbbemwwHeXJw,GOOGL,Tesla,buy,2026-01-09,2026-01-09,external_provider,data/exports/research_grade_analysis/05_event_timeline_dataset.csv,data/exports/final_paper_package/02_event_study_robustness_table.csv (aggregate); event-level canonical return file not committed,True,True,True,True,aggregate_only_no_event_membership_file,True,locked_event_manifest_from_committed_artifacts
locked_artifact_sample_v1_2026-05-16,417,Sq4McaiFM3I,Sq4McaiFM3I,Sq4McaiFM3I,Stock Moe,UCC7xhD0o7FBHdKXZxMRFspQ,GOOGL,Tesla,buy,2026-01-09,2026-01-09,external_provider,data/exports/research_grade_analysis/05_event_timeline_dataset.csv,data/exports/final_paper_package/02_event_study_robustness_table.csv (aggregate); event-level canonical return file not committed,True,True,True,False,aggregate_only_no_event_membership_file,True,locked_event_manifest_from_committed_artifacts
locked_artifact_sample_v1_2026-05-16,418,Sq4McaiFM3I,Sq4McaiFM3I,Sq4McaiFM3I,Stock Moe,UCrGLm-Drgv0vbbemwwHeXJw,UBER,PayPal,buy,2026-01-09,2026-01-09,external_provider,data/exports/research_grade_analysis/05_event_timeline_dataset.csv,data/exports/final_paper_package/02_event_study_robustness_table.csv (aggregate); event-level canonical return file not committed,True,False,True,True,aggregate_only_no_event_membership_file,True,locked_event_manifest_from_committed_artifacts
locked_artifact_sample_v1_2026-05-16,419,Sq4McaiFM3I,Sq4McaiFM3I,Sq4McaiFM3I,Stock Moe,UCwKB_00dPL3x5XmHF9IJCrg,AAPL,Netflix,sell,2026-01-09,2026-01-09,external_provider,data/exports/research_grade_analysis/05_event_timeline_dataset.csv,data/exports/final_paper_package/02_event_study_robustness_table.csv (aggregate); event-level canonical return file not committed,True,False,True,True,aggregate_only_no_event_membership_file,True,locked_event_manifest_from_committed_artifacts
locked_artifact_sample_v1_2026-05-16,420,TAoUWYB3l7w,TAoUWYB3l7w,TAoUWYB3l7w,Financial Education,UCwKB_00dPL3x5XmHF9IJCrg,META,Netflix,buy,2026-01-14,2026-01-14,external_provider,data/exports/research_grade_analysis/05_event_timeline_dataset.csv,data/exports/final_paper_package/02_event_study_robustness_table.csv (aggregate); event-level canonical return file not committed,True,False,False,True,aggregate_only_no_event_membership_file,True,locked_event_manifest_from_committed_artifacts
locked_artifact_sample_v1_2026-05-16,421,TAoUWYB3l7w,TAoUWYB3l7w,TAoUWYB3l7w,Financial Education,UCC7xhD0o7FBHdKXZxMRFspQ,META,Nvidia,buy,2026-01-14,2026-01-14,external_provider,data/exports/research_grade_analysis/05_event_timeline_dataset.csv,data/exports/final_paper_package/02_event_study_robustness_table.csv (aggregate); event-level canonical return file not committed,True,False,False,False,aggregate_only_no_event_membership_file,True,locked_event_manifest_from_committed_artifacts
locked_artifact_sample_v1_2026-05-16,422,cM08_4oNLFw,cM08_4oNLFw,cM08_4oNLFw,Stock Moe,UCL-F-8nxFtFZ4M3RWkGn6Qw,AAPL,Netflix,buy,2026-01-25,2026-01-26,external_provider,data/exports/research_grade_analysis/05_event_timeline_dataset.csv,data/exports/final_paper_package/02_event_study_robustness_table.csv (aggregate); event-level canonical return file not committed,True,False,True,True,aggregate_only_no_event_membership_file,True,locked_event_manifest_from_committed_artifacts
locked_artifact_sample_v1_2026-05-16,423,iGSojuWBg20,iGSojuWBg20,iGSojuWBg20,Stock Moe,UCL-F-8nxFtFZ4M3RWkGn6Qw,TSLA,Netflix,buy,2026-01-03,2026-01-05,external_provider,data/exports/research_grade_analysis/05_event_timeline_dataset.csv,data/exports/final_paper_package/02_event_study_robustness_table.csv (aggregate); event-level canonical return file not committed,True,False,True,True,aggregate_only_no_event_membership_file,True,locked_event_manifest_from_committed_artifacts
locked_artifact_sample_v1_2026-05-16,424,2RH3v9msQyk,2RH3v9msQyk,2RH3v9msQyk,ZipTrader,UCL-F-8nxFtFZ4M3RWkGn6Qw,SMCI,Amazon,buy,2026-01-23,2026-01-23,external_provider,data/exports/research_grade_analysis/05_event_timeline_dataset.csv,data/exports/final_paper_package/02_event_study_robustness_table.csv (aggregate); event-level canonical return file not committed,True,False,False,True,aggregate_only_no_event_membership_file,True,locked_event_manifest_from_committed_artifacts
locked_artifact_sample_v1_2026-05-16,425,OCbTDPCVBSM,OCbTDPCVBSM,OCbTDPCVBSM,ZipTrader,UCL-F-8nxFtFZ4M3RWkGn6Qw,MSFT,Meta,buy,2026-04-15,2026-04-15,external_provider,data/exports/research_grade_analysis/05_event_timeline_dataset.csv,data/exports/final_paper_package/02_event_study_robustness_table.csv (aggregate); event-level canonical return file not committed,True,True,False,True,aggregate_only_no_event_membership_file,True,recent_intraday_diagnostic_available
locked_artifact_sample_v1_2026-05-16,426,QgYD0orS2-Q,QgYD0orS2-Q,QgYD0orS2-Q,ZipTrader,UCC7xhD0o7FBHdKXZxMRFspQ,META,Alphabet,buy,2026-04-02,2026-04-02,external_provider,data/exports/research_grade_analysis/05_event_timeline_dataset.csv,data/exports/final_paper_package/02_event_study_robustness_table.csv (aggregate); event-level canonical return file not committed,True,True,False,True,aggregate_only_no_event_membership_file,True,recent_intraday_diagnostic_available
locked_artifact_sample_v1_2026-05-16,427,0GRyV8uCtNk,0GRyV8uCtNk,0GRyV8uCtNk,"Mark Roussin, CPA",UCC7xhD0o7FBHdKXZxMRFspQ,AMZN,Apple,buy,2024-08-17,2024-08-19,external_provider,data/exports/research_grade_analysis/05_event_timeline_dataset.csv,data/exports/final_paper_package/02_event_study_robustness_table.csv (aggregate); event-level canonical return file not committed,True,True,True,True,aggregate_only_no_event_membership_file,True,locked_event_manifest_from_committed_artifacts
locked_artifact_sample_v1_2026-05-16,428,0GRyV8uCtNk,0GRyV8uCtNk,0GRyV8uCtNk,"Mark Roussin, CPA",UCC7xhD0o7FBHdKXZxMRFspQ,AMZN,Microsoft,buy,2024-08-17,2024-08-19,external_provider,data/exports/research_grade_analysis/05_event_timeline_dataset.csv,data/exports/final_paper_package/02_event_study_robustness_table.csv (aggregate); event-level canonical return file not committed,True,True,True,False,aggregate_only_no_event_membership_file,True,locked_event_manifest_from_committed_artifacts
locked_artifact_sample_v1_2026-05-16,429,0GRyV8uCtNk,0GRyV8uCtNk,0GRyV8uCtNk,"Mark Roussin, CPA",UCrGLm-Drgv0vbbemwwHeXJw,DIS,,buy,2024-08-17,2024-08-19,external_provider,data/exports/research_grade_analysis/05_event_timeline_dataset.csv,data/exports/final_paper_package/02_event_study_robustness_table.csv (aggregate); event-level canonical return file not committed,True,True,True,True,aggregate_only_no_event_membership_file,True,locked_event_manifest_from_committed_artifacts
locked_artifact_sample_v1_2026-05-16,430,0rs5kIomIjI,0rs5kIomIjI,0rs5kIomIjI,The Investor Channel,UCrGLm-Drgv0vbbemwwHeXJw,AAPL,,buy,2024-02-02,2024-02-02,external_provider,data/exports/research_grade_analysis/05_event_timeline_dataset.csv,data/exports/final_paper_package/02_event_study_robustness_table.csv (aggregate); event-level canonical return file not committed,True,False,False,True,aggregate_only_no_event_membership_file,True,locked_event_manifest_from_committed_artifacts
locked_artifact_sample_v1_2026-05-16,431,2qrHvyWm1Nk,2qrHvyWm1Nk,2qrHvyWm1Nk,"Mark Roussin, CPA",UCrGLm-Drgv0vbbemwwHeXJw,MSFT,,buy,2024-10-01,2024-10-01,external_provider,data/exports/research_grade_analysis/05_event_timeline_dataset.csv,data/exports/final_paper_package/02_event_study_robustness_table.csv (aggregate); event-level canonical return file not committed,True,True,False,True,aggregate_only_no_event_membership_file,True,locked_event_manifest_from_committed_artifacts
locked_artifact_sample_v1_2026-05-16,432,67MNSCXuY2I,67MNSCXuY2I,67MNSCXuY2I,Couch Investor,UCrGLm-Drgv0vbbemwwHeXJw,PYPL,,buy,2025-11-17,2025-11-17,external_provider,data/exports/research_grade_analysis/05_event_timeline_dataset.csv,data/exports/final_paper_package/02_event_study_robustness_table.csv (aggregate); event-level canonical return file not committed,True,False,False,True,aggregate_only_no_event_membership_file,True,locked_event_manifest_from_committed_artifacts
locked_artifact_sample_v1_2026-05-16,433,67MNSCXuY2I,67MNSCXuY2I,67MNSCXuY2I,Couch Investor,UCwKB_00dPL3x5XmHF9IJCrg,PYPL,Uber,buy,2025-11-17,2025-11-17,external_provider,data/exports/research_grade_analysis/05_event_timeline_dataset.csv,data/exports/final_paper_package/02_event_study_robustness_table.csv (aggregate); event-level canonical return file not committed,True,False,False,False,aggregate_only_no_event_membership_file,True,locked_event_manifest_from_committed_artifacts
locked_artifact_sample_v1_2026-05-16,434,67MNSCXuY2I,67MNSCXuY2I,67MNSCXuY2I,Couch Investor,UC5cEHfCr6WOE1R1zcohd1IA,AMZN,Meta,sell,2025-11-17,2025-11-17,external_provider,data/exports/research_grade_analysis/05_event_timeline_dataset.csv,data/exports/final_paper_package/02_event_study_robustness_table.csv (aggregate); event-level canonical return file not committed,True,False,False,True,aggregate_only_no_event_membership_file,True,locked_event_manifest_from_committed_artifacts
locked_artifact_sample_v1_2026-05-16,435,67MNSCXuY2I,67MNSCXuY2I,67MNSCXuY2I,Couch Investor,UC7r4-nZ4icT8SIcnisXFSHQ,AAPL,Amazon,buy,2025-11-17,2025-11-17,external_provider,data/exports/research_grade_analysis/05_event_timeline_dataset.csv,data/exports/final_paper_package/02_event_study_robustness_table.csv (aggregate); event-level canonical return file not committed,True,True,False,True,aggregate_only_no_event_membership_file,True,locked_event_manifest_from_committed_artifacts
locked_artifact_sample_v1_2026-05-16,436,7NlWCxxhYhA,7NlWCxxhYhA,7NlWCxxhYhA,"Mark Roussin, CPA",UC7r4-nZ4icT8SIcnisXFSHQ,NVDA,Microsoft,buy,2024-08-15,2024-08-15,external_provider,data/exports/research_grade_analysis/05_event_timeline_dataset.csv,data/exports/final_paper_package/02_event_study_robustness_table.csv (aggregate); event-level canonical return file not committed,True,True,False,True,aggregate_only_no_event_membership_file,True,locked_event_manifest_from_committed_artifacts
locked_artifact_sample_v1_2026-05-16,437,7NlWCxxhYhA,7NlWCxxhYhA,7NlWCxxhYhA,"Mark Roussin, CPA",UC7r4-nZ4icT8SIcnisXFSHQ,AAPL,Tesla,sell,2024-08-15,2024-08-15,external_provider,data/exports/research_grade_analysis/05_event_timeline_dataset.csv,data/exports/final_paper_package/02_event_study_robustness_table.csv (aggregate); event-level canonical return file not committed,True,True,False,True,aggregate_only_no_event_membership_file,True,locked_event_manifest_from_committed_artifacts
locked_artifact_sample_v1_2026-05-16,438,9ph98Km7DlI,9ph98Km7DlI,9ph98Km7DlI,The Investor Channel,UC7r4-nZ4icT8SIcnisXFSHQ,MSFT,Amazon,buy,2024-03-29,2024-04-01,external_provider,data/exports/research_grade_analysis/05_event_timeline_dataset.csv,data/exports/final_paper_package/02_event_study_robustness_table.csv (aggregate); event-level canonical return file not committed,True,True,False,True,aggregate_only_no_event_membership_file,True,locked_event_manifest_from_committed_artifacts
locked_artifact_sample_v1_2026-05-16,439,CBkJYmCLwuk,CBkJYmCLwuk,CBkJYmCLwuk,Daniel Pronk,UC7r4-nZ4icT8SIcnisXFSHQ,AMZN,Microsoft,buy,2024-06-04,2024-06-04,external_provider,data/exports/research_grade_analysis/05_event_timeline_dataset.csv,data/exports/final_paper_package/02_event_study_robustness_table.csv (aggregate); event-level canonical return file not committed,True,True,False,True,aggregate_only_no_event_membership_file,True,locked_event_manifest_from_committed_artifacts
locked_artifact_sample_v1_2026-05-16,440,CCgjum72pOI,CCgjum72pOI,CCgjum72pOI,Daniel Pronk,UC7r4-nZ4icT8SIcnisXFSHQ,AMZN,Tesla,buy,2024-05-11,2024-05-13,external_provider,data/exports/research_grade_analysis/05_event_timeline_dataset.csv,data/exports/final_paper_package/02_event_study_robustness_table.csv (aggregate); event-level canonical return file not committed,True,False,True,True,aggregate_only_no_event_membership_file,True,locked_event_manifest_from_committed_artifacts
locked_artifact_sample_v1_2026-05-16,441,EIfUFqfsx8s,EIfUFqfsx8s,EIfUFqfsx8s,The Investor Channel,UCgCh-2AfEBtWrNBC2OoNQYg,NVDA,Apple,buy,2024-02-02,2024-02-02,external_provider,data/exports/research_grade_analysis/05_event_timeline_dataset.csv,data/exports/final_paper_package/02_event_study_robustness_table.csv (aggregate); event-level canonical return file not committed,True,True,False,True,aggregate_only_no_event_membership_file,True,locked_event_manifest_from_committed_artifacts
locked_artifact_sample_v1_2026-05-16,442,EIfUFqfsx8s,EIfUFqfsx8s,EIfUFqfsx8s,The Investor Channel,UCgCh-2AfEBtWrNBC2OoNQYg,GOOGL,Apple,buy,2024-02-02,2024-02-02,external_provider,data/exports/research_grade_analysis/05_event_timeline_dataset.csv,data/exports/final_paper_package/02_event_study_robustness_table.csv (aggregate); event-level canonical return file not committed,True,False,False,True,aggregate_only_no_event_membership_file,True,locked_event_manifest_from_committed_artifacts
locked_artifact_sample_v1_2026-05-16,443,I-ETli5RvXI,I-ETli5RvXI,I-ETli5RvXI,Couch Investor,UCC7xhD0o7FBHdKXZxMRFspQ,UBER,Nvidia,buy,2025-11-10,2025-11-10,external_provider,data/exports/research_grade_analysis/05_event_timeline_dataset.csv,data/exports/final_paper_package/02_event_study_robustness_table.csv (aggregate); event-level canonical return file not committed,True,False,False,True,aggregate_only_no_event_membership_file,True,locked_event_manifest_from_committed_artifacts
locked_artifact_sample_v1_2026-05-16,444,ICaYMgaCq_c,ICaYMgaCq_c,ICaYMgaCq_c,The Investor Channel,UC7r4-nZ4icT8SIcnisXFSHQ,TSLA,Amazon,sell,2024-02-17,2024-02-20,external_provider,data/exports/research_grade_analysis/05_event_timeline_dataset.csv,data/exports/final_paper_package/02_event_study_robustness_table.csv (aggregate); event-level canonical return file not committed,True,True,True,True,aggregate_only_no_event_membership_file,True,locked_event_manifest_from_committed_artifacts
locked_artifact_sample_v1_2026-05-16,445,NHjhaF1KmvA,NHjhaF1KmvA,NHjhaF1KmvA,The Investor Channel,UC5cEHfCr6WOE1R1zcohd1IA,PYPL,Nvidia,buy,2024-02-07,2024-02-07,external_provider,data/exports/research_grade_analysis/05_event_timeline_dataset.csv,data/exports/final_paper_package/02_event_study_robustness_table.csv (aggregate); event-level canonical return file not committed,True,False,False,True,aggregate_only_no_event_membership_file,True,locked_event_manifest_from_committed_artifacts
locked_artifact_sample_v1_2026-05-16,446,NHjhaF1KmvA,NHjhaF1KmvA,NHjhaF1KmvA,The Investor Channel,UCC7xhD0o7FBHdKXZxMRFspQ,NVDA,Amazon,buy,2024-02-07,2024-02-07,external_provider,data/exports/research_grade_analysis/05_event_timeline_dataset.csv,data/exports/final_paper_package/02_event_study_robustness_table.csv (aggregate); event-level canonical return file not committed,True,True,False,True,aggregate_only_no_event_membership_file,True,locked_event_manifest_from_committed_artifacts
locked_artifact_sample_v1_2026-05-16,447,NwJu_BEmFaw,NwJu_BEmFaw,NwJu_BEmFaw,"Value Investing with Sven Carlin, Ph.D.",UCC7xhD0o7FBHdKXZxMRFspQ,UBER,Tesla,buy,2025-03-05,2025-03-05,external_provider,data/exports/research_grade_analysis/05_event_timeline_dataset.csv,data/exports/final_paper_package/02_event_study_robustness_table.csv (aggregate); event-level canonical return file not committed,True,True,True,True,aggregate_only_no_event_membership_file,True,locked_event_manifest_from_committed_artifacts
locked_artifact_sample_v1_2026-05-16,448,Qqyh_M2m8q4,Qqyh_M2m8q4,Qqyh_M2m8q4,The Investor Channel,UCrGLm-Drgv0vbbemwwHeXJw,DIS,Nvidia,buy,2024-03-15,2024-03-15,external_provider,data/exports/research_grade_analysis/05_event_timeline_dataset.csv,data/exports/final_paper_package/02_event_study_robustness_table.csv (aggregate); event-level canonical return file not committed,True,True,False,True,aggregate_only_no_event_membership_file,True,locked_event_manifest_from_committed_artifacts
locked_artifact_sample_v1_2026-05-16,449,Qqyh_M2m8q4,Qqyh_M2m8q4,Qqyh_M2m8q4,The Investor Channel,UCrGLm-Drgv0vbbemwwHeXJw,AAPL,,sell,2024-03-15,2024-03-15,external_provider,data/exports/research_grade_analysis/05_event_timeline_dataset.csv,data/exports/final_paper_package/02_event_study_robustness_table.csv (aggregate); event-level canonical return file not committed,True,True,False,True,aggregate_only_no_event_membership_file,True,locked_event_manifest_from_committed_artifacts
locked_artifact_sample_v1_2026-05-16,450,Qqyh_M2m8q4,Qqyh_M2m8q4,Qqyh_M2m8q4,The Investor Channel,UCrGLm-Drgv0vbbemwwHeXJw,AMZN,Tesla,buy,2024-03-15,2024-03-15,external_provider,data/exports/research_grade_analysis/05_event_timeline_dataset.csv,data/exports/final_paper_package/02_event_study_robustness_table.csv (aggregate); event-level canonical return file not committed,True,True,False,True,aggregate_only_no_event_membership_file,True,locked_event_manifest_from_committed_artifacts
locked_artifact_sample_v1_2026-05-16,451,Qqyh_M2m8q4,Qqyh_M2m8q4,Qqyh_M2m8q4,The Investor Channel,UCrGLm-Drgv0vbbemwwHeXJw,GOOGL,Uber,buy,2024-03-15,2024-03-15,external_provider,data/exports/research_grade_analysis/05_event_timeline_dataset.csv,data/exports/final_paper_package/02_event_study_robustness_table.csv (aggregate); event-level canonical return file not committed,True,True,False,True,aggregate_only_no_event_membership_file,True,locked_event_manifest_from_committed_artifacts
locked_artifact_sample_v1_2026-05-16,452,X2o6D0dnnx0,X2o6D0dnnx0,X2o6D0dnnx0,"Mark Roussin, CPA",UC7r4-nZ4icT8SIcnisXFSHQ,AMZN,Apple,buy,2024-10-30,2024-10-30,external_provider,data/exports/research_grade_analysis/05_event_timeline_dataset.csv,data/exports/final_paper_package/02_event_study_robustness_table.csv (aggregate); event-level canonical return file not committed,True,False,False,True,aggregate_only_no_event_membership_file,True,locked_event_manifest_from_committed_artifacts
locked_artifact_sample_v1_2026-05-16,453,X2o6D0dnnx0,X2o6D0dnnx0,X2o6D0dnnx0,"Mark Roussin, CPA",UC7r4-nZ4icT8SIcnisXFSHQ,GOOGL,Amazon,buy,2024-10-30,2024-10-30,external_provider,data/exports/research_grade_analysis/05_event_timeline_dataset.csv,data/exports/final_paper_package/02_event_study_robustness_table.csv (aggregate); event-level canonical return file not committed,True,False,False,True,aggregate_only_no_event_membership_file,True,locked_event_manifest_from_committed_artifacts
locked_artifact_sample_v1_2026-05-16,454,X2o6D0dnnx0,X2o6D0dnnx0,X2o6D0dnnx0,"Mark Roussin, CPA",UC7r4-nZ4icT8SIcnisXFSHQ,GOOGL,Nvidia,buy,2024-10-30,2024-10-30,external_provider,data/exports/research_grade_analysis/05_event_timeline_dataset.csv,data/exports/final_paper_package/02_event_study_robustness_table.csv (aggregate); event-level canonical return file not committed,True,False,False,False,aggregate_only_no_event_membership_file,True,locked_event_manifest_from_committed_artifacts
locked_artifact_sample_v1_2026-05-16,455,Zk0jV8RP_Ak,Zk0jV8RP_Ak,Zk0jV8RP_Ak,Jose Najarro Stocks,UC7r4-nZ4icT8SIcnisXFSHQ,AMD,Tesla,buy,2025-09-25,2025-09-25,external_provider,data/exports/research_grade_analysis/05_event_timeline_dataset.csv,data/exports/final_paper_package/02_event_study_robustness_table.csv (aggregate); event-level canonical return file not committed,True,True,True,True,aggregate_only_no_event_membership_file,True,locked_event_manifest_from_committed_artifacts
locked_artifact_sample_v1_2026-05-16,456,aIEQTFt8NZM,aIEQTFt8NZM,aIEQTFt8NZM,Daniel Pronk,UC7r4-nZ4icT8SIcnisXFSHQ,SHOP,Tesla,buy,2024-05-13,2024-05-13,external_provider,data/exports/research_grade_analysis/05_event_timeline_dataset.csv,data/exports/final_paper_package/02_event_study_robustness_table.csv (aggregate); event-level canonical return file not committed,True,True,False,True,aggregate_only_no_event_membership_file,True,locked_event_manifest_from_committed_artifacts
locked_artifact_sample_v1_2026-05-16,457,aIEQTFt8NZM,aIEQTFt8NZM,aIEQTFt8NZM,Daniel Pronk,UCwKB_00dPL3x5XmHF9IJCrg,SHOP,,buy,2024-05-13,2024-05-13,external_provider,data/exports/research_grade_analysis/05_event_timeline_dataset.csv,data/exports/final_paper_package/02_event_study_robustness_table.csv (aggregate); event-level canonical return file not committed,True,True,False,False,aggregate_only_no_event_membership_file,True,locked_event_manifest_from_committed_artifacts
locked_artifact_sample_v1_2026-05-16,458,aIEQTFt8NZM,aIEQTFt8NZM,aIEQTFt8NZM,Daniel Pronk,UCwKB_00dPL3x5XmHF9IJCrg,SHOP,,buy,2024-05-13,2024-05-13,external_provider,data/exports/research_grade_analysis/05_event_timeline_dataset.csv,data/exports/final_paper_package/02_event_study_robustness_table.csv (aggregate); event-level canonical return file not committed,True,True,False,False,aggregate_only_no_event_membership_file,True,locked_event_manifest_from_committed_artifacts
locked_artifact_sample_v1_2026-05-16,459,b2jd57munzA,b2jd57munzA,b2jd57munzA,The Investor Channel,UCC7xhD0o7FBHdKXZxMRFspQ,NVDA,Nvidia,buy,2024-03-09,2024-03-11,external_provider,data/exports/research_grade_analysis/05_event_timeline_dataset.csv,data/exports/final_paper_package/02_event_study_robustness_table.csv (aggregate); event-level canonical return file not committed,True,False,True,True,aggregate_only_no_event_membership_file,True,locked_event_manifest_from_committed_artifacts
locked_artifact_sample_v1_2026-05-16,460,b2jd57munzA,b2jd57munzA,b2jd57munzA,The Investor Channel,UCC7xhD0o7FBHdKXZxMRFspQ,NVDA,Amazon,sell,2024-03-09,2024-03-11,external_provider,data/exports/research_grade_analysis/05_event_timeline_dataset.csv,data/exports/final_paper_package/02_event_study_robustness_table.csv (aggregate); event-level canonical return file not committed,True,False,True,False,aggregate_only_no_event_membership_file,True,locked_event_manifest_from_committed_artifacts
locked_artifact_sample_v1_2026-05-16,461,b2jd57munzA,b2jd57munzA,b2jd57munzA,The Investor Channel,UCC7xhD0o7FBHdKXZxMRFspQ,TSLA,Amazon,buy,2024-03-09,2024-03-11,external_provider,data/exports/research_grade_analysis/05_event_timeline_dataset.csv,data/exports/final_paper_package/02_event_study_robustness_table.csv (aggregate); event-level canonical return file not committed,True,True,True,True,aggregate_only_no_event_membership_file,True,locked_event_manifest_from_committed_artifacts
locked_artifact_sample_v1_2026-05-16,462,b2jd57munzA,b2jd57munzA,b2jd57munzA,The Investor Channel,UCC7xhD0o7FBHdKXZxMRFspQ,GOOGL,Amazon,buy,2024-03-09,2024-03-11,external_provider,data/exports/research_grade_analysis/05_event_timeline_dataset.csv,data/exports/final_paper_package/02_event_study_robustness_table.csv (aggregate); event-level canonical return file not committed,True,True,True,True,aggregate_only_no_event_membership_file,True,locked_event_manifest_from_committed_artifacts
locked_artifact_sample_v1_2026-05-16,463,dAsglLC8um8,dAsglLC8um8,dAsglLC8um8,"Mark Roussin, CPA",UCC7xhD0o7FBHdKXZxMRFspQ,AMZN,Alphabet,buy,2024-10-05,2024-10-07,external_provider,data/exports/research_grade_analysis/05_event_timeline_dataset.csv,data/exports/final_paper_package/02_event_study_robustness_table.csv (aggregate); event-level canonical return file not committed,True,True,True,True,aggregate_only_no_event_membership_file,True,locked_event_manifest_from_committed_artifacts
locked_artifact_sample_v1_2026-05-16,464,dAsglLC8um8,dAsglLC8um8,dAsglLC8um8,"Mark Roussin, CPA",UCgCh-2AfEBtWrNBC2OoNQYg,PYPL,Microsoft,buy,2024-10-05,2024-10-07,external_provider,data/exports/research_grade_analysis/05_event_timeline_dataset.csv,data/exports/final_paper_package/02_event_study_robustness_table.csv (aggregate); event-level canonical return file not committed,True,True,True,True,aggregate_only_no_event_membership_file,True,locked_event_manifest_from_committed_artifacts
locked_artifact_sample_v1_2026-05-16,465,dAsglLC8um8,dAsglLC8um8,dAsglLC8um8,"Mark Roussin, CPA",UCwKB_00dPL3x5XmHF9IJCrg,PYPL,Nvidia,buy,2024-10-05,2024-10-07,external_provider,data/exports/research_grade_analysis/05_event_timeline_dataset.csv,data/exports/final_paper_package/02_event_study_robustness_table.csv (aggregate); event-level canonical return file not committed,True,True,True,False,aggregate_only_no_event_membership_file,True,locked_event_manifest_from_committed_artifacts
locked_artifact_sample_v1_2026-05-16,466,eAFVLpVL9gQ,eAFVLpVL9gQ,eAFVLpVL9gQ,Couch Investor,UC7r4-nZ4icT8SIcnisXFSHQ,NVDA,Nvidia,sell,2025-11-15,2025-11-17,external_provider,data/exports/research_grade_analysis/05_event_timeline_dataset.csv,data/exports/final_paper_package/02_event_study_robustness_table.csv (aggregate); event-level canonical return file not committed,True,False,True,True,aggregate_only_no_event_membership_file,True,locked_event_manifest_from_committed_artifacts
locked_artifact_sample_v1_2026-05-16,467,e_8sMMyMj_U,e_8sMMyMj_U,e_8sMMyMj_U,Couch Investor,UCwKB_00dPL3x5XmHF9IJCrg,META,Tesla,buy,2025-11-07,2025-11-07,external_provider,data/exports/research_grade_analysis/05_event_timeline_dataset.csv,data/exports/final_paper_package/02_event_study_robustness_table.csv (aggregate); event-level canonical return file not committed,True,False,False,True,aggregate_only_no_event_membership_file,True,locked_event_manifest_from_committed_artifacts
locked_artifact_sample_v1_2026-05-16,468,e_8sMMyMj_U,e_8sMMyMj_U,e_8sMMyMj_U,Couch Investor,UCgCh-2AfEBtWrNBC2OoNQYg,SOFI,Alphabet,buy,2025-11-07,2025-11-07,external_provider,data/exports/research_grade_analysis/05_event_timeline_dataset.csv,data/exports/final_paper_package/02_event_study_robustness_table.csv (aggregate); event-level canonical return file not committed,True,False,False,True,aggregate_only_no_event_membership_file,True,locked_event_manifest_from_committed_artifacts
locked_artifact_sample_v1_2026-05-16,469,fBIC3Nf0hPU,fBIC3Nf0hPU,fBIC3Nf0hPU,"Value Investing with Sven Carlin, Ph.D.",UCC7xhD0o7FBHdKXZxMRFspQ,META,Nvidia,buy,2025-02-21,2025-02-21,external_provider,data/exports/research_grade_analysis/05_event_timeline_dataset.csv,data/exports/final_paper_package/02_event_study_robustness_table.csv (aggregate); event-level canonical return file not committed,True,False,True,True,aggregate_only_no_event_membership_file,True,locked_event_manifest_from_committed_artifacts
locked_artifact_sample_v1_2026-05-16,470,hyox8s4fJmo,hyox8s4fJmo,hyox8s4fJmo,Couch Investor,UC5cEHfCr6WOE1R1zcohd1IA,GOOGL,,buy,2025-11-14,2025-11-14,external_provider,data/exports/research_grade_analysis/05_event_timeline_dataset.csv,data/exports/final_paper_package/02_event_study_robustness_table.csv (aggregate); event-level canonical return file not committed,True,True,False,True,aggregate_only_no_event_membership_file,True,locked_event_manifest_from_committed_artifacts
locked_artifact_sample_v1_2026-05-16,471,hyox8s4fJmo,hyox8s4fJmo,hyox8s4fJmo,Couch Investor,UC7r4-nZ4icT8SIcnisXFSHQ,GOOGL,Amazon,buy,2025-11-14,2025-11-14,external_provider,data/exports/research_grade_analysis/05_event_timeline_dataset.csv,data/exports/final_paper_package/02_event_study_robustness_table.csv (aggregate); event-level canonical return file not committed,True,True,False,False,aggregate_only_no_event_membership_file,True,locked_event_manifest_from_committed_artifacts
locked_artifact_sample_v1_2026-05-16,472,hyox8s4fJmo,hyox8s4fJmo,hyox8s4fJmo,Couch Investor,UC5cEHfCr6WOE1R1zcohd1IA,AMD,Meta,buy,2025-11-14,2025-11-14,external_provider,data/exports/research_grade_analysis/05_event_timeline_dataset.csv,data/exports/final_paper_package/02_event_study_robustness_table.csv (aggregate); event-level canonical return file not committed,True,True,False,True,aggregate_only_no_event_membership_file,True,locked_event_manifest_from_committed_artifacts
locked_artifact_sample_v1_2026-05-16,473,jovyGTDTNfg,jovyGTDTNfg,jovyGTDTNfg,The Investor Channel,UCC7xhD0o7FBHdKXZxMRFspQ,NVDA,Amazon,buy,2024-02-02,2024-02-02,external_provider,data/exports/research_grade_analysis/05_event_timeline_dataset.csv,data/exports/final_paper_package/02_event_study_robustness_table.csv (aggregate); event-level canonical return file not committed,True,True,False,False,aggregate_only_no_event_membership_file,True,locked_event_manifest_from_committed_artifacts
locked_artifact_sample_v1_2026-05-16,474,jovyGTDTNfg,jovyGTDTNfg,jovyGTDTNfg,The Investor Channel,UCC7xhD0o7FBHdKXZxMRFspQ,GOOGL,Amazon,buy,2024-02-02,2024-02-02,external_provider,data/exports/research_grade_analysis/05_event_timeline_dataset.csv,data/exports/final_paper_package/02_event_study_robustness_table.csv (aggregate); event-level canonical return file not committed,True,False,False,False,aggregate_only_no_event_membership_file,True,locked_event_manifest_from_committed_artifacts
locked_artifact_sample_v1_2026-05-16,475,m3MQwaywF6w,m3MQwaywF6w,m3MQwaywF6w,Jose Najarro Stocks,UCC7xhD0o7FBHdKXZxMRFspQ,NVDA,Amazon,buy,2025-10-03,2025-10-03,external_provider,data/exports/research_grade_analysis/05_event_timeline_dataset.csv,data/exports/final_paper_package/02_event_study_robustness_table.csv (aggregate); event-level canonical return file not committed,True,True,True,False,aggregate_only_no_event_membership_file,True,locked_event_manifest_from_committed_artifacts
locked_artifact_sample_v1_2026-05-16,476,m3MQwaywF6w,m3MQwaywF6w,m3MQwaywF6w,Jose Najarro Stocks,UC7r4-nZ4icT8SIcnisXFSHQ,NVDA,Nvidia,buy,2025-10-03,2025-10-03,external_provider,data/exports/research_grade_analysis/05_event_timeline_dataset.csv,data/exports/final_paper_package/02_event_study_robustness_table.csv (aggregate); event-level canonical return file not committed,True,True,True,False,aggregate_only_no_event_membership_file,True,locked_event_manifest_from_committed_artifacts
locked_artifact_sample_v1_2026-05-16,477,msQ4vtXVREI,msQ4vtXVREI,msQ4vtXVREI,"Mark Roussin, CPA",UC7r4-nZ4icT8SIcnisXFSHQ,NVDA,Nvidia,buy,2024-09-04,2024-09-04,external_provider,data/exports/research_grade_analysis/05_event_timeline_dataset.csv,data/exports/final_paper_package/02_event_study_robustness_table.csv (aggregate); event-level canonical return file not committed,True,False,False,True,aggregate_only_no_event_membership_file,True,locked_event_manifest_from_committed_artifacts
locked_artifact_sample_v1_2026-05-16,478,msQ4vtXVREI,msQ4vtXVREI,msQ4vtXVREI,"Mark Roussin, CPA",UCL-F-8nxFtFZ4M3RWkGn6Qw,NVDA,Meta,sell,2024-09-04,2024-09-04,external_provider,data/exports/research_grade_analysis/05_event_timeline_dataset.csv,data/exports/final_paper_package/02_event_study_robustness_table.csv (aggregate); event-level canonical return file not committed,True,False,False,False,aggregate_only_no_event_membership_file,True,locked_event_manifest_from_committed_artifacts
locked_artifact_sample_v1_2026-05-16,479,msQ4vtXVREI,msQ4vtXVREI,msQ4vtXVREI,"Mark Roussin, CPA",UCL-F-8nxFtFZ4M3RWkGn6Qw,AAPL,Meta,sell,2024-09-04,2024-09-04,external_provider,data/exports/research_grade_analysis/05_event_timeline_dataset.csv,data/exports/final_paper_package/02_event_study_robustness_table.csv (aggregate); event-level canonical return file not committed,True,False,False,True,aggregate_only_no_event_membership_file,True,locked_event_manifest_from_committed_artifacts
locked_artifact_sample_v1_2026-05-16,480,pj-Kxuu8n8Y,pj-Kxuu8n8Y,pj-Kxuu8n8Y,The Investor Channel,UCL-F-8nxFtFZ4M3RWkGn6Qw,NVDA,Meta,buy,2024-01-30,2024-01-30,external_provider,data/exports/research_grade_analysis/05_event_timeline_dataset.csv,data/exports/final_paper_package/02_event_study_robustness_table.csv (aggregate); event-level canonical return file not committed,True,True,False,True,aggregate_only_no_event_membership_file,True,locked_event_manifest_from_committed_artifacts
locked_artifact_sample_v1_2026-05-16,481,qf-5Lg2fT5M,qf-5Lg2fT5M,qf-5Lg2fT5M,Jose Najarro Stocks,UCL-F-8nxFtFZ4M3RWkGn6Qw,PYPL,Meta,buy,2025-09-13,2025-09-15,external_provider,data/exports/research_grade_analysis/05_event_timeline_dataset.csv,data/exports/final_paper_package/02_event_study_robustness_table.csv (aggregate); event-level canonical return file not committed,True,True,True,True,aggregate_only_no_event_membership_file,True,locked_event_manifest_from_committed_artifacts
locked_artifact_sample_v1_2026-05-16,482,yslEPeWGu5I,yslEPeWGu5I,yslEPeWGu5I,Jose Najarro Stocks,UCL-F-8nxFtFZ4M3RWkGn6Qw,PYPL,Meta,buy,2025-09-12,2025-09-12,external_provider,data/exports/research_grade_analysis/05_event_timeline_dataset.csv,data/exports/final_paper_package/02_event_study_robustness_table.csv (aggregate); event-level canonical return file not committed,True,True,False,True,aggregate_only_no_event_membership_file,True,locked_event_manifest_from_committed_artifacts
locked_artifact_sample_v1_2026-05-16,483,-sI2lSNKp60,-sI2lSNKp60,-sI2lSNKp60,Couch Investor,UCL-F-8nxFtFZ4M3RWkGn6Qw,NVDA,Disney,buy,2025-11-19,2025-11-19,external_provider,data/exports/research_grade_analysis/05_event_timeline_dataset.csv,data/exports/final_paper_package/02_event_study_robustness_table.csv (aggregate); event-level canonical return file not committed,True,False,False,True,aggregate_only_no_event_membership_file,True,locked_event_manifest_from_committed_artifacts
locked_artifact_sample_v1_2026-05-16,484,-sI2lSNKp60,-sI2lSNKp60,-sI2lSNKp60,Couch Investor,UCL-F-8nxFtFZ4M3RWkGn6Qw,NVDA,Disney,buy,2025-11-19,2025-11-19,external_provider,data/exports/research_grade_analysis/05_event_timeline_dataset.csv,data/exports/final_paper_package/02_event_study_robustness_table.csv (aggregate); event-level canonical return file not committed,True,False,False,False,aggregate_only_no_event_membership_file,True,locked_event_manifest_from_committed_artifacts
locked_artifact_sample_v1_2026-05-16,485,106DBitSrOw,106DBitSrOw,106DBitSrOw,Daniel Pronk,UCL-F-8nxFtFZ4M3RWkGn6Qw,NVDA,Disney,buy,2024-08-09,2024-08-09,external_provider,data/exports/research_grade_analysis/05_event_timeline_dataset.csv,data/exports/final_paper_package/02_event_study_robustness_table.csv (aggregate); event-level canonical return file not committed,True,True,False,True,aggregate_only_no_event_membership_file,True,locked_event_manifest_from_committed_artifacts
locked_artifact_sample_v1_2026-05-16,486,106DBitSrOw,106DBitSrOw,106DBitSrOw,Daniel Pronk,UCwKB_00dPL3x5XmHF9IJCrg,AAPL,Alphabet,buy,2024-08-09,2024-08-09,external_provider,data/exports/research_grade_analysis/05_event_timeline_dataset.csv,data/exports/final_paper_package/02_event_study_robustness_table.csv (aggregate); event-level canonical return file not committed,True,False,False,True,aggregate_only_no_event_membership_file,True,locked_event_manifest_from_committed_artifacts
locked_artifact_sample_v1_2026-05-16,487,3qXTO8cJEQ0,3qXTO8cJEQ0,3qXTO8cJEQ0,Couch Investor,UC7r4-nZ4icT8SIcnisXFSHQ,PYPL,Tesla,buy,2025-11-26,2025-11-26,external_provider,data/exports/research_grade_analysis/05_event_timeline_dataset.csv,data/exports/final_paper_package/02_event_study_robustness_table.csv (aggregate); event-level canonical return file not committed,True,True,False,True,aggregate_only_no_event_membership_file,True,locked_event_manifest_from_committed_artifacts
locked_artifact_sample_v1_2026-05-16,488,3qXTO8cJEQ0,3qXTO8cJEQ0,3qXTO8cJEQ0,Couch Investor,UC7r4-nZ4icT8SIcnisXFSHQ,TSLA,Tesla,buy,2025-11-26,2025-11-26,external_provider,data/exports/research_grade_analysis/05_event_timeline_dataset.csv,data/exports/final_paper_package/02_event_study_robustness_table.csv (aggregate); event-level canonical return file not committed,True,True,False,True,aggregate_only_no_event_membership_file,True,locked_event_manifest_from_committed_artifacts
locked_artifact_sample_v1_2026-05-16,489,59HNpkTtKSk,59HNpkTtKSk,59HNpkTtKSk,Daniel Pronk,UC7r4-nZ4icT8SIcnisXFSHQ,GOOGL,Apple,buy,2024-07-23,2024-07-23,external_provider,data/exports/research_grade_analysis/05_event_timeline_dataset.csv,data/exports/final_paper_package/02_event_study_robustness_table.csv (aggregate); event-level canonical return file not committed,True,False,False,True,aggregate_only_no_event_membership_file,True,locked_event_manifest_from_committed_artifacts
locked_artifact_sample_v1_2026-05-16,490,59HNpkTtKSk,59HNpkTtKSk,59HNpkTtKSk,Daniel Pronk,UC7r4-nZ4icT8SIcnisXFSHQ,GOOGL,Netflix,sell,2024-07-23,2024-07-23,external_provider,data/exports/research_grade_analysis/05_event_timeline_dataset.csv,data/exports/final_paper_package/02_event_study_robustness_table.csv (aggregate); event-level canonical return file not committed,True,False,False,False,aggregate_only_no_event_membership_file,True,locked_event_manifest_from_committed_artifacts
locked_artifact_sample_v1_2026-05-16,491,59HNpkTtKSk,59HNpkTtKSk,59HNpkTtKSk,Daniel Pronk,UCC7xhD0o7FBHdKXZxMRFspQ,GOOGL,,buy,2024-07-23,2024-07-23,external_provider,data/exports/research_grade_analysis/05_event_timeline_dataset.csv,data/exports/final_paper_package/02_event_study_robustness_table.csv (aggregate); event-level canonical return file not committed,True,False,False,False,aggregate_only_no_event_membership_file,True,locked_event_manifest_from_committed_artifacts
locked_artifact_sample_v1_2026-05-16,492,59HNpkTtKSk,59HNpkTtKSk,59HNpkTtKSk,Daniel Pronk,UCgCh-2AfEBtWrNBC2OoNQYg,AMZN,Alphabet,buy,2024-07-23,2024-07-23,external_provider,data/exports/research_grade_analysis/05_event_timeline_dataset.csv,data/exports/final_paper_package/02_event_study_robustness_table.csv (aggregate); event-level canonical return file not committed,True,True,False,True,aggregate_only_no_event_membership_file,True,locked_event_manifest_from_committed_artifacts
locked_artifact_sample_v1_2026-05-16,493,5PLoEQ4HQ6k,5PLoEQ4HQ6k,5PLoEQ4HQ6k,The Investor Channel,UCL-F-8nxFtFZ4M3RWkGn6Qw,GOOGL,Alphabet,buy,2024-04-24,2024-04-24,external_provider,data/exports/research_grade_analysis/05_event_timeline_dataset.csv,data/exports/final_paper_package/02_event_study_robustness_table.csv (aggregate); event-level canonical return file not committed,True,False,False,True,aggregate_only_no_event_membership_file,True,locked_event_manifest_from_committed_artifacts
locked_artifact_sample_v1_2026-05-16,494,5zWVlMFDctw,5zWVlMFDctw,5zWVlMFDctw,The Investor Channel,UCL-F-8nxFtFZ4M3RWkGn6Qw,AMZN,Alphabet,sell,2024-04-30,2024-04-30,external_provider,data/exports/research_grade_analysis/05_event_timeline_dataset.csv,data/exports/final_paper_package/02_event_study_robustness_table.csv (aggregate); event-level canonical return file not committed,True,False,False,True,aggregate_only_no_event_membership_file,True,locked_event_manifest_from_committed_artifacts
locked_artifact_sample_v1_2026-05-16,495,6YvweUV-ajQ,6YvweUV-ajQ,6YvweUV-ajQ,"Mark Roussin, CPA",UCL-F-8nxFtFZ4M3RWkGn6Qw,UBER,Alphabet,buy,2024-12-12,2024-12-12,external_provider,data/exports/research_grade_analysis/05_event_timeline_dataset.csv,data/exports/final_paper_package/02_event_study_robustness_table.csv (aggregate); event-level canonical return file not committed,True,True,False,True,aggregate_only_no_event_membership_file,True,locked_event_manifest_from_committed_artifacts
locked_artifact_sample_v1_2026-05-16,496,AI6Eg40wiIA,AI6Eg40wiIA,AI6Eg40wiIA,Daniel Pronk,UC7r4-nZ4icT8SIcnisXFSHQ,GOOGL,Amazon,sell,2024-07-18,2024-07-18,external_provider,data/exports/research_grade_analysis/05_event_timeline_dataset.csv,data/exports/final_paper_package/02_event_study_robustness_table.csv (aggregate); event-level canonical return file not committed,True,False,False,True,aggregate_only_no_event_membership_file,True,locked_event_manifest_from_committed_artifacts
locked_artifact_sample_v1_2026-05-16,497,AI6Eg40wiIA,AI6Eg40wiIA,AI6Eg40wiIA,Daniel Pronk,UC7r4-nZ4icT8SIcnisXFSHQ,GOOGL,Apple,sell,2024-07-18,2024-07-18,external_provider,data/exports/research_grade_analysis/05_event_timeline_dataset.csv,data/exports/final_paper_package/02_event_study_robustness_table.csv (aggregate); event-level canonical return file not committed,True,False,False,False,aggregate_only_no_event_membership_file,True,locked_event_manifest_from_committed_artifacts
locked_artifact_sample_v1_2026-05-16,498,AI6Eg40wiIA,AI6Eg40wiIA,AI6Eg40wiIA,Daniel Pronk,UC7r4-nZ4icT8SIcnisXFSHQ,GOOGL,Microsoft,sell,2024-07-18,2024-07-18,external_provider,data/exports/research_grade_analysis/05_event_timeline_dataset.csv,data/exports/final_paper_package/02_event_study_robustness_table.csv (aggregate); event-level canonical return file not committed,True,False,False,False,aggregate_only_no_event_membership_file,True,locked_event_manifest_from_committed_artifacts
locked_artifact_sample_v1_2026-05-16,499,BWqKW5FhMPU,BWqKW5FhMPU,BWqKW5FhMPU,The Investor Channel,UC7r4-nZ4icT8SIcnisXFSHQ,AMD,Apple,buy,2024-04-30,2024-04-30,external_provider,data/exports/research_grade_analysis/05_event_timeline_dataset.csv,data/exports/final_paper_package/02_event_study_robustness_table.csv (aggregate); event-level canonical return file not committed,True,False,False,True,aggregate_only_no_event_membership_file,True,locked_event_manifest_from_committed_artifacts
locked_artifact_sample_v1_2026-05-16,500,EBmGIYljxE8,EBmGIYljxE8,EBmGIYljxE8,"Mark Roussin, CPA",UC5cEHfCr6WOE1R1zcohd1IA,CRM,,buy,2024-12-28,2024-12-30,external_provider,data/exports/research_grade_analysis/05_event_timeline_dataset.csv,data/exports/final_paper_package/02_event_study_robustness_table.csv (aggregate); event-level canonical return file not committed,True,True,True,True,aggregate_only_no_event_membership_file,True,locked_event_manifest_from_committed_artifacts
locked_artifact_sample_v1_2026-05-16,501,EBmGIYljxE8,EBmGIYljxE8,EBmGIYljxE8,"Mark Roussin, CPA",UC5cEHfCr6WOE1R1zcohd1IA,AMD,,buy,2024-12-28,2024-12-30,external_provider,data/exports/research_grade_analysis/05_event_timeline_dataset.csv,data/exports/final_paper_package/02_event_study_robustness_table.csv (aggregate); event-level canonical return file not committed,True,True,True,True,aggregate_only_no_event_membership_file,True,locked_event_manifest_from_committed_artifacts
locked_artifact_sample_v1_2026-05-16,502,EFs06gRjeng,EFs06gRjeng,EFs06gRjeng,"Mark Roussin, CPA",UC7r4-nZ4icT8SIcnisXFSHQ,AAPL,Microsoft,sell,2025-01-07,2025-01-07,external_provider,data/exports/research_grade_analysis/05_event_timeline_dataset.csv,data/exports/final_paper_package/02_event_study_robustness_table.csv (aggregate); event-level canonical return file not committed,True,False,False,True,aggregate_only_no_event_membership_file,True,locked_event_manifest_from_committed_artifacts
locked_artifact_sample_v1_2026-05-16,503,Ecya2aXzbIQ,Ecya2aXzbIQ,Ecya2aXzbIQ,Couch Investor,UC7r4-nZ4icT8SIcnisXFSHQ,NVDA,Nvidia,buy,2025-11-19,2025-11-19,external_provider,data/exports/research_grade_analysis/05_event_timeline_dataset.csv,data/exports/final_paper_package/02_event_study_robustness_table.csv (aggregate); event-level canonical return file not committed,True,False,False,False,aggregate_only_no_event_membership_file,True,locked_event_manifest_from_committed_artifacts
locked_artifact_sample_v1_2026-05-16,504,IGq1dbxALWw,IGq1dbxALWw,IGq1dbxALWw,Daniel Pronk,UC7r4-nZ4icT8SIcnisXFSHQ,TSLA,Alphabet,sell,2024-07-24,2024-07-24,external_provider,data/exports/research_grade_analysis/05_event_timeline_dataset.csv,data/exports/final_paper_package/02_event_study_robustness_table.csv (aggregate); event-level canonical return file not committed,True,False,False,True,aggregate_only_no_event_membership_file,True,locked_event_manifest_from_committed_artifacts
locked_artifact_sample_v1_2026-05-16,505,JYfll2c5rwk,JYfll2c5rwk,JYfll2c5rwk,The Investor Channel,UC7r4-nZ4icT8SIcnisXFSHQ,TSLA,Apple,buy,2024-04-24,2024-04-24,external_provider,data/exports/research_grade_analysis/05_event_timeline_dataset.csv,data/exports/final_paper_package/02_event_study_robustness_table.csv (aggregate); event-level canonical return file not committed,True,False,False,True,aggregate_only_no_event_membership_file,True,locked_event_manifest_from_committed_artifacts
locked_artifact_sample_v1_2026-05-16,506,Jk4AD9iZjPI,Jk4AD9iZjPI,Jk4AD9iZjPI,Couch Investor,UC7r4-nZ4icT8SIcnisXFSHQ,GOOGL,Tesla,buy,2025-11-25,2025-11-25,external_provider,data/exports/research_grade_analysis/05_event_timeline_dataset.csv,data/exports/final_paper_package/02_event_study_robustness_table.csv (aggregate); event-level canonical return file not committed,True,True,False,True,aggregate_only_no_event_membership_file,True,locked_event_manifest_from_committed_artifacts
locked_artifact_sample_v1_2026-05-16,507,Jk4AD9iZjPI,Jk4AD9iZjPI,Jk4AD9iZjPI,Couch Investor,UCrGLm-Drgv0vbbemwwHeXJw,GOOGL,Microsoft,buy,2025-11-25,2025-11-25,external_provider,data/exports/research_grade_analysis/05_event_timeline_dataset.csv,data/exports/final_paper_package/02_event_study_robustness_table.csv (aggregate); event-level canonical return file not committed,True,True,False,False,aggregate_only_no_event_membership_file,True,locked_event_manifest_from_committed_artifacts
locked_artifact_sample_v1_2026-05-16,508,Jk4AD9iZjPI,Jk4AD9iZjPI,Jk4AD9iZjPI,Couch Investor,UCrGLm-Drgv0vbbemwwHeXJw,NVDA,Alphabet,sell,2025-11-25,2025-11-25,external_provider,data/exports/research_grade_analysis/05_event_timeline_dataset.csv,data/exports/final_paper_package/02_event_study_robustness_table.csv (aggregate); event-level canonical return file not committed,True,False,False,True,aggregate_only_no_event_membership_file,True,locked_event_manifest_from_committed_artifacts
locked_artifact_sample_v1_2026-05-16,509,Jk4AD9iZjPI,Jk4AD9iZjPI,Jk4AD9iZjPI,Couch Investor,UCrGLm-Drgv0vbbemwwHeXJw,AMD,Meta,buy,2025-11-25,2025-11-25,external_provider,data/exports/research_grade_analysis/05_event_timeline_dataset.csv,data/exports/final_paper_package/02_event_study_robustness_table.csv (aggregate); event-level canonical return file not committed,True,True,False,True,aggregate_only_no_event_membership_file,True,locked_event_manifest_from_committed_artifacts
locked_artifact_sample_v1_2026-05-16,510,Jk4AD9iZjPI,Jk4AD9iZjPI,Jk4AD9iZjPI,Couch Investor,UCrGLm-Drgv0vbbemwwHeXJw,AMD,Meta,sell,2025-11-25,2025-11-25,external_provider,data/exports/research_grade_analysis/05_event_timeline_dataset.csv,data/exports/final_paper_package/02_event_study_robustness_table.csv (aggregate); event-level canonical return file not committed,True,True,False,False,aggregate_only_no_event_membership_file,True,locked_event_manifest_from_committed_artifacts
locked_artifact_sample_v1_2026-05-16,511,Jk4AD9iZjPI,Jk4AD9iZjPI,Jk4AD9iZjPI,Couch Investor,UCrGLm-Drgv0vbbemwwHeXJw,PYPL,Nvidia,buy,2025-11-25,2025-11-25,external_provider,data/exports/research_grade_analysis/05_event_timeline_dataset.csv,data/exports/final_paper_package/02_event_study_robustness_table.csv (aggregate); event-level canonical return file not committed,True,True,False,True,aggregate_only_no_event_membership_file,True,locked_event_manifest_from_committed_artifacts
locked_artifact_sample_v1_2026-05-16,512,Jk4AD9iZjPI,Jk4AD9iZjPI,Jk4AD9iZjPI,Couch Investor,UCL-F-8nxFtFZ4M3RWkGn6Qw,MSFT,Alphabet,buy,2025-11-25,2025-11-25,external_provider,data/exports/research_grade_analysis/05_event_timeline_dataset.csv,data/exports/final_paper_package/02_event_study_robustness_table.csv (aggregate); event-level canonical return file not committed,True,True,False,True,aggregate_only_no_event_membership_file,True,locked_event_manifest_from_committed_artifacts
locked_artifact_sample_v1_2026-05-16,513,Jk4AD9iZjPI,Jk4AD9iZjPI,Jk4AD9iZjPI,Couch Investor,UCL-F-8nxFtFZ4M3RWkGn6Qw,META,Alphabet,sell,2025-11-25,2025-11-25,external_provider,data/exports/research_grade_analysis/05_event_timeline_dataset.csv,data/exports/final_paper_package/02_event_study_robustness_table.csv (aggregate); event-level canonical return file not committed,True,True,False,True,aggregate_only_no_event_membership_file,True,locked_event_manifest_from_committed_artifacts
locked_artifact_sample_v1_2026-05-16,514,Jk4AD9iZjPI,Jk4AD9iZjPI,Jk4AD9iZjPI,Couch Investor,UCL-F-8nxFtFZ4M3RWkGn6Qw,META,Apple,buy,2025-11-25,2025-11-25,external_provider,data/exports/research_grade_analysis/05_event_timeline_dataset.csv,data/exports/final_paper_package/02_event_study_robustness_table.csv (aggregate); event-level canonical return file not committed,True,True,False,False,aggregate_only_no_event_membership_file,True,locked_event_manifest_from_committed_artifacts
locked_artifact_sample_v1_2026-05-16,515,KFZsdeOBIGo,KFZsdeOBIGo,KFZsdeOBIGo,Dividendology,UC7r4-nZ4icT8SIcnisXFSHQ,MSFT,Meta,buy,2025-06-18,2025-06-18,external_provider,data/exports/research_grade_analysis/05_event_timeline_dataset.csv,data/exports/final_paper_package/02_event_study_robustness_table.csv (aggregate); event-level canonical return file not committed,True,True,True,True,aggregate_only_no_event_membership_file,True,locked_event_manifest_from_committed_artifacts
locked_artifact_sample_v1_2026-05-16,516,KVZG8lFsusw,KVZG8lFsusw,KVZG8lFsusw,"Mark Roussin, CPA",UC7r4-nZ4icT8SIcnisXFSHQ,TSLA,Amazon,buy,2024-11-06,2024-11-06,external_provider,data/exports/research_grade_analysis/05_event_timeline_dataset.csv,data/exports/final_paper_package/02_event_study_robustness_table.csv (aggregate); event-level canonical return file not committed,True,True,False,True,aggregate_only_no_event_membership_file,True,locked_event_manifest_from_committed_artifacts
locked_artifact_sample_v1_2026-05-16,517,M0LVn5AuRtE,M0LVn5AuRtE,M0LVn5AuRtE,Couch Investor,UC7r4-nZ4icT8SIcnisXFSHQ,GOOGL,Amazon,buy,2025-11-18,2025-11-18,external_provider,data/exports/research_grade_analysis/05_event_timeline_dataset.csv,data/exports/final_paper_package/02_event_study_robustness_table.csv (aggregate); event-level canonical return file not committed,True,True,False,True,aggregate_only_no_event_membership_file,True,locked_event_manifest_from_committed_artifacts
locked_artifact_sample_v1_2026-05-16,518,M0LVn5AuRtE,M0LVn5AuRtE,M0LVn5AuRtE,Couch Investor,UCrTTBSUr0zhPU56UQljag5A,PYPL,Apple,buy,2025-11-18,2025-11-18,external_provider,data/exports/research_grade_analysis/05_event_timeline_dataset.csv,data/exports/final_paper_package/02_event_study_robustness_table.csv (aggregate); event-level canonical return file not committed,True,False,False,True,aggregate_only_no_event_membership_file,True,locked_event_manifest_from_committed_artifacts
locked_artifact_sample_v1_2026-05-16,519,M0LVn5AuRtE,M0LVn5AuRtE,M0LVn5AuRtE,Couch Investor,UCrTTBSUr0zhPU56UQljag5A,PYPL,Apple,sell,2025-11-18,2025-11-18,external_provider,data/exports/research_grade_analysis/05_event_timeline_dataset.csv,data/exports/final_paper_package/02_event_study_robustness_table.csv (aggregate); event-level canonical return file not committed,True,False,False,False,aggregate_only_no_event_membership_file,True,locked_event_manifest_from_committed_artifacts
locked_artifact_sample_v1_2026-05-16,520,M0LVn5AuRtE,M0LVn5AuRtE,M0LVn5AuRtE,Couch Investor,UCrGLm-Drgv0vbbemwwHeXJw,PYPL,Nvidia,buy,2025-11-18,2025-11-18,external_provider,data/exports/research_grade_analysis/05_event_timeline_dataset.csv,data/exports/final_paper_package/02_event_study_robustness_table.csv (aggregate); event-level canonical return file not committed,True,False,False,False,aggregate_only_no_event_membership_file,True,locked_event_manifest_from_committed_artifacts
locked_artifact_sample_v1_2026-05-16,521,M0LVn5AuRtE,M0LVn5AuRtE,M0LVn5AuRtE,Couch Investor,UCrGLm-Drgv0vbbemwwHeXJw,META,Nvidia,buy,2025-11-18,2025-11-18,external_provider,data/exports/research_grade_analysis/05_event_timeline_dataset.csv,data/exports/final_paper_package/02_event_study_robustness_table.csv (aggregate); event-level canonical return file not committed,True,True,False,True,aggregate_only_no_event_membership_file,True,locked_event_manifest_from_committed_artifacts
locked_artifact_sample_v1_2026-05-16,522,QWuUXX2SotE,QWuUXX2SotE,QWuUXX2SotE,The Investor Channel,UCrGLm-Drgv0vbbemwwHeXJw,PYPL,Meta,buy,2024-04-30,2024-04-30,external_provider,data/exports/research_grade_analysis/05_event_timeline_dataset.csv,data/exports/final_paper_package/02_event_study_robustness_table.csv (aggregate); event-level canonical return file not committed,True,False,False,True,aggregate_only_no_event_membership_file,True,locked_event_manifest_from_committed_artifacts
locked_artifact_sample_v1_2026-05-16,523,WSsgV5bChu8,WSsgV5bChu8,WSsgV5bChu8,"Value Investing with Sven Carlin, Ph.D.",UCrGLm-Drgv0vbbemwwHeXJw,TSLA,Alphabet,sell,2025-04-25,2025-04-25,external_provider,data/exports/research_grade_analysis/05_event_timeline_dataset.csv,data/exports/final_paper_package/02_event_study_robustness_table.csv (aggregate); event-level canonical return file not committed,True,False,False,True,aggregate_only_no_event_membership_file,True,locked_event_manifest_from_committed_artifacts
locked_artifact_sample_v1_2026-05-16,524,X9Uzxwt5qzo,X9Uzxwt5qzo,X9Uzxwt5qzo,Jose Najarro Stocks,UC5cEHfCr6WOE1R1zcohd1IA,TSLA,,buy,2025-10-22,2025-10-22,external_provider,data/exports/research_grade_analysis/05_event_timeline_dataset.csv,data/exports/final_paper_package/02_event_study_robustness_table.csv (aggregate); event-level canonical return file not committed,True,False,False,True,aggregate_only_no_event_membership_file,True,locked_event_manifest_from_committed_artifacts
locked_artifact_sample_v1_2026-05-16,525,X9Uzxwt5qzo,X9Uzxwt5qzo,X9Uzxwt5qzo,Jose Najarro Stocks,UCC7xhD0o7FBHdKXZxMRFspQ,TSLA,Apple,buy,2025-10-22,2025-10-22,external_provider,data/exports/research_grade_analysis/05_event_timeline_dataset.csv,data/exports/final_paper_package/02_event_study_robustness_table.csv (aggregate); event-level canonical return file not committed,True,False,False,False,aggregate_only_no_event_membership_file,True,locked_event_manifest_from_committed_artifacts
locked_artifact_sample_v1_2026-05-16,526,X9Uzxwt5qzo,X9Uzxwt5qzo,X9Uzxwt5qzo,Jose Najarro Stocks,UCC7xhD0o7FBHdKXZxMRFspQ,TSLA,Nvidia,buy,2025-10-22,2025-10-22,external_provider,data/exports/research_grade_analysis/05_event_timeline_dataset.csv,data/exports/final_paper_package/02_event_study_robustness_table.csv (aggregate); event-level canonical return file not committed,True,False,False,False,aggregate_only_no_event_membership_file,True,locked_event_manifest_from_committed_artifacts
locked_artifact_sample_v1_2026-05-16,527,X9Uzxwt5qzo,X9Uzxwt5qzo,X9Uzxwt5qzo,Jose Najarro Stocks,UC7r4-nZ4icT8SIcnisXFSHQ,TSLA,Apple,buy,2025-10-22,2025-10-22,external_provider,data/exports/research_grade_analysis/05_event_timeline_dataset.csv,data/exports/final_paper_package/02_event_study_robustness_table.csv (aggregate); event-level canonical return file not committed,True,False,False,False,aggregate_only_no_event_membership_file,True,locked_event_manifest_from_committed_artifacts
locked_artifact_sample_v1_2026-05-16,528,X9Uzxwt5qzo,X9Uzxwt5qzo,X9Uzxwt5qzo,Jose Najarro Stocks,UC7r4-nZ4icT8SIcnisXFSHQ,TSLA,Apple,buy,2025-10-22,2025-10-22,external_provider,data/exports/research_grade_analysis/05_event_timeline_dataset.csv,data/exports/final_paper_package/02_event_study_robustness_table.csv (aggregate); event-level canonical return file not committed,True,False,False,False,aggregate_only_no_event_membership_file,True,locked_event_manifest_from_committed_artifacts
locked_artifact_sample_v1_2026-05-16,529,X9Uzxwt5qzo,X9Uzxwt5qzo,X9Uzxwt5qzo,Jose Najarro Stocks,UC7r4-nZ4icT8SIcnisXFSHQ,TSLA,Apple,buy,2025-10-22,2025-10-22,external_provider,data/exports/research_grade_analysis/05_event_timeline_dataset.csv,data/exports/final_paper_package/02_event_study_robustness_table.csv (aggregate); event-level canonical return file not committed,True,False,False,False,aggregate_only_no_event_membership_file,True,locked_event_manifest_from_committed_artifacts
locked_artifact_sample_v1_2026-05-16,530,X9Uzxwt5qzo,X9Uzxwt5qzo,X9Uzxwt5qzo,Jose Najarro Stocks,UC7r4-nZ4icT8SIcnisXFSHQ,TSLA,Disney,buy,2025-10-22,2025-10-22,external_provider,data/exports/research_grade_analysis/05_event_timeline_dataset.csv,data/exports/final_paper_package/02_event_study_robustness_table.csv (aggregate); event-level canonical return file not committed,True,False,False,False,aggregate_only_no_event_membership_file,True,locked_event_manifest_from_committed_artifacts
locked_artifact_sample_v1_2026-05-16,531,X9Uzxwt5qzo,X9Uzxwt5qzo,X9Uzxwt5qzo,Jose Najarro Stocks,UCwKB_00dPL3x5XmHF9IJCrg,TSLA,Microsoft,buy,2025-10-22,2025-10-22,external_provider,data/exports/research_grade_analysis/05_event_timeline_dataset.csv,data/exports/final_paper_package/02_event_study_robustness_table.csv (aggregate); event-level canonical return file not committed,True,False,False,False,aggregate_only_no_event_membership_file,True,locked_event_manifest_from_committed_artifacts
locked_artifact_sample_v1_2026-05-16,532,X9Uzxwt5qzo,X9Uzxwt5qzo,X9Uzxwt5qzo,Jose Najarro Stocks,UCC7xhD0o7FBHdKXZxMRFspQ,NVDA,,buy,2025-10-22,2025-10-22,external_provider,data/exports/research_grade_analysis/05_event_timeline_dataset.csv,data/exports/final_paper_package/02_event_study_robustness_table.csv (aggregate); event-level canonical return file not committed,True,True,False,True,aggregate_only_no_event_membership_file,True,locked_event_manifest_from_committed_artifacts
locked_artifact_sample_v1_2026-05-16,533,X9Uzxwt5qzo,X9Uzxwt5qzo,X9Uzxwt5qzo,Jose Najarro Stocks,UCrTTBSUr0zhPU56UQljag5A,AMZN,Apple,buy,2025-10-22,2025-10-22,external_provider,data/exports/research_grade_analysis/05_event_timeline_dataset.csv,data/exports/final_paper_package/02_event_study_robustness_table.csv (aggregate); event-level canonical return file not committed,True,True,False,True,aggregate_only_no_event_membership_file,True,locked_event_manifest_from_committed_artifacts
locked_artifact_sample_v1_2026-05-16,534,dGPgChUSbDY,dGPgChUSbDY,dGPgChUSbDY,"Parkev Tatevosian, CFA",UC7r4-nZ4icT8SIcnisXFSHQ,NFLX,Amazon,sell,2026-03-29,2026-03-30,external_provider,data/exports/research_grade_analysis/05_event_timeline_dataset.csv,data/exports/final_paper_package/02_event_study_robustness_table.csv (aggregate); event-level canonical return file not committed,True,True,True,True,aggregate_only_no_event_membership_file,True,recent_intraday_diagnostic_available
locked_artifact_sample_v1_2026-05-16,535,dGPgChUSbDY,dGPgChUSbDY,dGPgChUSbDY,"Parkev Tatevosian, CFA",UC7r4-nZ4icT8SIcnisXFSHQ,NFLX,Nvidia,buy,2026-03-29,2026-03-30,external_provider,data/exports/research_grade_analysis/05_event_timeline_dataset.csv,data/exports/final_paper_package/02_event_study_robustness_table.csv (aggregate); event-level canonical return file not committed,True,True,True,False,aggregate_only_no_event_membership_file,True,recent_intraday_diagnostic_available
locked_artifact_sample_v1_2026-05-16,536,eNw6yS2Y56s,eNw6yS2Y56s,eNw6yS2Y56s,"Mark Roussin, CPA",UC7r4-nZ4icT8SIcnisXFSHQ,NVDA,Nvidia,buy,2024-12-14,2024-12-16,external_provider,data/exports/research_grade_analysis/05_event_timeline_dataset.csv,data/exports/final_paper_package/02_event_study_robustness_table.csv (aggregate); event-level canonical return file not committed,True,True,True,True,aggregate_only_no_event_membership_file,True,locked_event_manifest_from_committed_artifacts
locked_artifact_sample_v1_2026-05-16,537,eNw6yS2Y56s,eNw6yS2Y56s,eNw6yS2Y56s,"Mark Roussin, CPA",UC7r4-nZ4icT8SIcnisXFSHQ,AMD,Microsoft,buy,2024-12-14,2024-12-16,external_provider,data/exports/research_grade_analysis/05_event_timeline_dataset.csv,data/exports/final_paper_package/02_event_study_robustness_table.csv (aggregate); event-level canonical return file not committed,True,True,True,True,aggregate_only_no_event_membership_file,True,locked_event_manifest_from_committed_artifacts
locked_artifact_sample_v1_2026-05-16,538,eNw6yS2Y56s,eNw6yS2Y56s,eNw6yS2Y56s,"Mark Roussin, CPA",UCwKB_00dPL3x5XmHF9IJCrg,AMD,Amazon,buy,2024-12-14,2024-12-16,external_provider,data/exports/research_grade_analysis/05_event_timeline_dataset.csv,data/exports/final_paper_package/02_event_study_robustness_table.csv (aggregate); event-level canonical return file not committed,True,True,True,False,aggregate_only_no_event_membership_file,True,locked_event_manifest_from_committed_artifacts
locked_artifact_sample_v1_2026-05-16,539,eNw6yS2Y56s,eNw6yS2Y56s,eNw6yS2Y56s,"Mark Roussin, CPA",UCrGLm-Drgv0vbbemwwHeXJw,AMZN,,buy,2024-12-14,2024-12-16,external_provider,data/exports/research_grade_analysis/05_event_timeline_dataset.csv,data/exports/final_paper_package/02_event_study_robustness_table.csv (aggregate); event-level canonical return file not committed,True,True,True,True,aggregate_only_no_event_membership_file,True,locked_event_manifest_from_committed_artifacts
locked_artifact_sample_v1_2026-05-16,540,eNw6yS2Y56s,eNw6yS2Y56s,eNw6yS2Y56s,"Mark Roussin, CPA",UCL-F-8nxFtFZ4M3RWkGn6Qw,UBER,Amazon,buy,2024-12-14,2024-12-16,external_provider,data/exports/research_grade_analysis/05_event_timeline_dataset.csv,data/exports/final_paper_package/02_event_study_robustness_table.csv (aggregate); event-level canonical return file not committed,True,True,True,True,aggregate_only_no_event_membership_file,True,locked_event_manifest_from_committed_artifacts
locked_artifact_sample_v1_2026-05-16,541,eNw6yS2Y56s,eNw6yS2Y56s,eNw6yS2Y56s,"Mark Roussin, CPA",UCL-F-8nxFtFZ4M3RWkGn6Qw,GOOGL,Amazon,buy,2024-12-14,2024-12-16,external_provider,data/exports/research_grade_analysis/05_event_timeline_dataset.csv,data/exports/final_paper_package/02_event_study_robustness_table.csv (aggregate); event-level canonical return file not committed,True,True,True,True,aggregate_only_no_event_membership_file,True,locked_event_manifest_from_committed_artifacts
locked_artifact_sample_v1_2026-05-16,542,eNw6yS2Y56s,eNw6yS2Y56s,eNw6yS2Y56s,"Mark Roussin, CPA",UCrGLm-Drgv0vbbemwwHeXJw,GOOGL,Amazon,buy,2024-12-14,2024-12-16,external_provider,data/exports/research_grade_analysis/05_event_timeline_dataset.csv,data/exports/final_paper_package/02_event_study_robustness_table.csv (aggregate); event-level canonical return file not committed,True,True,True,False,aggregate_only_no_event_membership_file,True,locked_event_manifest_from_committed_artifacts
locked_artifact_sample_v1_2026-05-16,543,eNw6yS2Y56s,eNw6yS2Y56s,eNw6yS2Y56s,"Mark Roussin, CPA",UCwKB_00dPL3x5XmHF9IJCrg,SQ,Nvidia,buy,2024-12-14,nan,external_provider,data/exports/research_grade_analysis/05_event_timeline_dataset.csv,data/exports/final_paper_package/02_event_study_robustness_table.csv (aggregate); event-level canonical return file not committed,True,True,True,True,aggregate_only_no_event_membership_file,True,locked_event_manifest_from_committed_artifacts
locked_artifact_sample_v1_2026-05-16,544,eggEEC821zU,eggEEC821zU,eggEEC821zU,The Investor Channel,UCL-F-8nxFtFZ4M3RWkGn6Qw,MSFT,Alphabet,buy,2024-04-13,2024-04-15,external_provider,data/exports/research_grade_analysis/05_event_timeline_dataset.csv,data/exports/final_paper_package/02_event_study_robustness_table.csv (aggregate); event-level canonical return file not committed,True,True,True,True,aggregate_only_no_event_membership_file,True,locked_event_manifest_from_committed_artifacts
locked_artifact_sample_v1_2026-05-16,545,eggEEC821zU,eggEEC821zU,eggEEC821zU,The Investor Channel,UC5cEHfCr6WOE1R1zcohd1IA,MSFT,Nvidia,buy,2024-04-13,2024-04-15,external_provider,data/exports/research_grade_analysis/05_event_timeline_dataset.csv,data/exports/final_paper_package/02_event_study_robustness_table.csv (aggregate); event-level canonical return file not committed,True,True,True,False,aggregate_only_no_event_membership_file,True,locked_event_manifest_from_committed_artifacts
locked_artifact_sample_v1_2026-05-16,546,eggEEC821zU,eggEEC821zU,eggEEC821zU,The Investor Channel,UC7r4-nZ4icT8SIcnisXFSHQ,AMZN,Amazon,buy,2024-04-13,2024-04-15,external_provider,data/exports/research_grade_analysis/05_event_timeline_dataset.csv,data/exports/final_paper_package/02_event_study_robustness_table.csv (aggregate); event-level canonical return file not committed,True,False,True,True,aggregate_only_no_event_membership_file,True,locked_event_manifest_from_committed_artifacts
locked_artifact_sample_v1_2026-05-16,547,eggEEC821zU,eggEEC821zU,eggEEC821zU,The Investor Channel,UCgCh-2AfEBtWrNBC2OoNQYg,TSLA,Apple,buy,2024-04-13,2024-04-15,external_provider,data/exports/research_grade_analysis/05_event_timeline_dataset.csv,data/exports/final_paper_package/02_event_study_robustness_table.csv (aggregate); event-level canonical return file not committed,True,False,True,True,aggregate_only_no_event_membership_file,True,locked_event_manifest_from_committed_artifacts
locked_artifact_sample_v1_2026-05-16,548,eggEEC821zU,eggEEC821zU,eggEEC821zU,The Investor Channel,UCrTTBSUr0zhPU56UQljag5A,NFLX,Tesla,buy,2024-04-13,2024-04-15,external_provider,data/exports/research_grade_analysis/05_event_timeline_dataset.csv,data/exports/final_paper_package/02_event_study_robustness_table.csv (aggregate); event-level canonical return file not committed,True,False,True,True,aggregate_only_no_event_membership_file,True,locked_event_manifest_from_committed_artifacts
locked_artifact_sample_v1_2026-05-16,549,h-e9icfFDRg,h-e9icfFDRg,h-e9icfFDRg,"Mark Roussin, CPA",UCwKB_00dPL3x5XmHF9IJCrg,NVDA,Meta,sell,2024-11-23,2024-11-25,external_provider,data/exports/research_grade_analysis/05_event_timeline_dataset.csv,data/exports/final_paper_package/02_event_study_robustness_table.csv (aggregate); event-level canonical return file not committed,True,False,True,True,aggregate_only_no_event_membership_file,True,locked_event_manifest_from_committed_artifacts
locked_artifact_sample_v1_2026-05-16,550,h-e9icfFDRg,h-e9icfFDRg,h-e9icfFDRg,"Mark Roussin, CPA",UC5cEHfCr6WOE1R1zcohd1IA,MSFT,Nvidia,buy,2024-11-23,2024-11-25,external_provider,data/exports/research_grade_analysis/05_event_timeline_dataset.csv,data/exports/final_paper_package/02_event_study_robustness_table.csv (aggregate); event-level canonical return file not committed,True,False,True,True,aggregate_only_no_event_membership_file,True,locked_event_manifest_from_committed_artifacts
locked_artifact_sample_v1_2026-05-16,551,h-e9icfFDRg,h-e9icfFDRg,h-e9icfFDRg,"Mark Roussin, CPA",UC5cEHfCr6WOE1R1zcohd1IA,MSFT,Nvidia,buy,2024-11-23,2024-11-25,external_provider,data/exports/research_grade_analysis/05_event_timeline_dataset.csv,data/exports/final_paper_package/02_event_study_robustness_table.csv (aggregate); event-level canonical return file not committed,True,False,True,False,aggregate_only_no_event_membership_file,True,locked_event_manifest_from_committed_artifacts
locked_artifact_sample_v1_2026-05-16,552,h-e9icfFDRg,h-e9icfFDRg,h-e9icfFDRg,"Mark Roussin, CPA",UC5cEHfCr6WOE1R1zcohd1IA,AAPL,Microsoft,buy,2024-11-23,2024-11-25,external_provider,data/exports/research_grade_analysis/05_event_timeline_dataset.csv,data/exports/final_paper_package/02_event_study_robustness_table.csv (aggregate); event-level canonical return file not committed,True,True,True,True,aggregate_only_no_event_membership_file,True,locked_event_manifest_from_committed_artifacts
locked_artifact_sample_v1_2026-05-16,553,h-e9icfFDRg,h-e9icfFDRg,h-e9icfFDRg,"Mark Roussin, CPA",UC5cEHfCr6WOE1R1zcohd1IA,AAPL,PayPal,buy,2024-11-23,2024-11-25,external_provider,data/exports/research_grade_analysis/05_event_timeline_dataset.csv,data/exports/final_paper_package/02_event_study_robustness_table.csv (aggregate); event-level canonical return file not committed,True,True,True,False,aggregate_only_no_event_membership_file,True,locked_event_manifest_from_committed_artifacts
locked_artifact_sample_v1_2026-05-16,554,mHYihT3g6wE,mHYihT3g6wE,mHYihT3g6wE,"Mark Roussin, CPA",UC5cEHfCr6WOE1R1zcohd1IA,UBER,Meta,buy,2024-11-16,2024-11-18,external_provider,data/exports/research_grade_analysis/05_event_timeline_dataset.csv,data/exports/final_paper_package/02_event_study_robustness_table.csv (aggregate); event-level canonical return file not committed,True,True,True,True,aggregate_only_no_event_membership_file,True,locked_event_manifest_from_committed_artifacts
locked_artifact_sample_v1_2026-05-16,555,nGu7J4V2yGQ,nGu7J4V2yGQ,nGu7J4V2yGQ,Jose Najarro Stocks,UCL-F-8nxFtFZ4M3RWkGn6Qw,AMD,Amazon,sell,2025-11-04,2025-11-04,external_provider,data/exports/research_grade_analysis/05_event_timeline_dataset.csv,data/exports/final_paper_package/02_event_study_robustness_table.csv (aggregate); event-level canonical return file not committed,True,False,False,True,aggregate_only_no_event_membership_file,True,locked_event_manifest_from_committed_artifacts
locked_artifact_sample_v1_2026-05-16,556,nGu7J4V2yGQ,nGu7J4V2yGQ,nGu7J4V2yGQ,Jose Najarro Stocks,UCL-F-8nxFtFZ4M3RWkGn6Qw,AMD,Alphabet,buy,2025-11-04,2025-11-04,external_provider,data/exports/research_grade_analysis/05_event_timeline_dataset.csv,data/exports/final_paper_package/02_event_study_robustness_table.csv (aggregate); event-level canonical return file not committed,True,False,False,False,aggregate_only_no_event_membership_file,True,locked_event_manifest_from_committed_artifacts
locked_artifact_sample_v1_2026-05-16,557,nGu7J4V2yGQ,nGu7J4V2yGQ,nGu7J4V2yGQ,Jose Najarro Stocks,UCL-F-8nxFtFZ4M3RWkGn6Qw,AMD,Apple,buy,2025-11-04,2025-11-04,external_provider,data/exports/research_grade_analysis/05_event_timeline_dataset.csv,data/exports/final_paper_package/02_event_study_robustness_table.csv (aggregate); event-level canonical return file not committed,True,False,False,False,aggregate_only_no_event_membership_file,True,locked_event_manifest_from_committed_artifacts
locked_artifact_sample_v1_2026-05-16,558,nGu7J4V2yGQ,nGu7J4V2yGQ,nGu7J4V2yGQ,Jose Najarro Stocks,UCC7xhD0o7FBHdKXZxMRFspQ,AMD,Tesla,buy,2025-11-04,2025-11-04,external_provider,data/exports/research_grade_analysis/05_event_timeline_dataset.csv,data/exports/final_paper_package/02_event_study_robustness_table.csv (aggregate); event-level canonical return file not committed,True,False,False,False,aggregate_only_no_event_membership_file,True,locked_event_manifest_from_committed_artifacts
locked_artifact_sample_v1_2026-05-16,559,nGu7J4V2yGQ,nGu7J4V2yGQ,nGu7J4V2yGQ,Jose Najarro Stocks,UCC7xhD0o7FBHdKXZxMRFspQ,PLTR,Nvidia,buy,2025-11-04,2025-11-04,external_provider,data/exports/research_grade_analysis/05_event_timeline_dataset.csv,data/exports/final_paper_package/02_event_study_robustness_table.csv (aggregate); event-level canonical return file not committed,True,False,False,True,aggregate_only_no_event_membership_file,True,locked_event_manifest_from_committed_artifacts
locked_artifact_sample_v1_2026-05-16,560,oixTTXv5JFo,oixTTXv5JFo,oixTTXv5JFo,Jose Najarro Stocks,UCC7xhD0o7FBHdKXZxMRFspQ,NVDA,Amazon,sell,2025-11-04,2025-11-04,external_provider,data/exports/research_grade_analysis/05_event_timeline_dataset.csv,data/exports/final_paper_package/02_event_study_robustness_table.csv (aggregate); event-level canonical return file not committed,True,True,False,True,aggregate_only_no_event_membership_file,True,locked_event_manifest_from_committed_artifacts
locked_artifact_sample_v1_2026-05-16,561,oixTTXv5JFo,oixTTXv5JFo,oixTTXv5JFo,Jose Najarro Stocks,UCC7xhD0o7FBHdKXZxMRFspQ,NVDA,Apple,sell,2025-11-04,2025-11-04,external_provider,data/exports/research_grade_analysis/05_event_timeline_dataset.csv,data/exports/final_paper_package/02_event_study_robustness_table.csv (aggregate); event-level canonical return file not committed,True,True,False,False,aggregate_only_no_event_membership_file,True,locked_event_manifest_from_committed_artifacts
locked_artifact_sample_v1_2026-05-16,562,oixTTXv5JFo,oixTTXv5JFo,oixTTXv5JFo,Jose Najarro Stocks,UCwKB_00dPL3x5XmHF9IJCrg,PLTR,Robinhood,sell,2025-11-04,2025-11-04,external_provider,data/exports/research_grade_analysis/05_event_timeline_dataset.csv,data/exports/final_paper_package/02_event_study_robustness_table.csv (aggregate); event-level canonical return file not committed,True,False,False,False,aggregate_only_no_event_membership_file,True,locked_event_manifest_from_committed_artifacts
locked_artifact_sample_v1_2026-05-16,563,oixTTXv5JFo,oixTTXv5JFo,oixTTXv5JFo,Jose Najarro Stocks,UCwKB_00dPL3x5XmHF9IJCrg,PLTR,Robinhood,buy,2025-11-04,2025-11-04,external_provider,data/exports/research_grade_analysis/05_event_timeline_dataset.csv,data/exports/final_paper_package/02_event_study_robustness_table.csv (aggregate); event-level canonical return file not committed,True,False,False,False,aggregate_only_no_event_membership_file,True,locked_event_manifest_from_committed_artifacts
locked_artifact_sample_v1_2026-05-16,564,oixTTXv5JFo,oixTTXv5JFo,oixTTXv5JFo,Jose Najarro Stocks,UCwKB_00dPL3x5XmHF9IJCrg,PLTR,Robinhood,sell,2025-11-04,2025-11-04,external_provider,data/exports/research_grade_analysis/05_event_timeline_dataset.csv,data/exports/final_paper_package/02_event_study_robustness_table.csv (aggregate); event-level canonical return file not committed,True,False,False,False,aggregate_only_no_event_membership_file,True,locked_event_manifest_from_committed_artifacts
locked_artifact_sample_v1_2026-05-16,565,oixTTXv5JFo,oixTTXv5JFo,oixTTXv5JFo,Jose Najarro Stocks,UC7r4-nZ4icT8SIcnisXFSHQ,META,Alphabet,sell,2025-11-04,2025-11-04,external_provider,data/exports/research_grade_analysis/05_event_timeline_dataset.csv,data/exports/final_paper_package/02_event_study_robustness_table.csv (aggregate); event-level canonical return file not committed,True,False,False,True,aggregate_only_no_event_membership_file,True,locked_event_manifest_from_committed_artifacts
locked_artifact_sample_v1_2026-05-16,566,oixTTXv5JFo,oixTTXv5JFo,oixTTXv5JFo,Jose Najarro Stocks,UC7r4-nZ4icT8SIcnisXFSHQ,GOOGL,Alphabet,sell,2025-11-04,2025-11-04,external_provider,data/exports/research_grade_analysis/05_event_timeline_dataset.csv,data/exports/final_paper_package/02_event_study_robustness_table.csv (aggregate); event-level canonical return file not committed,True,False,False,True,aggregate_only_no_event_membership_file,True,locked_event_manifest_from_committed_artifacts
locked_artifact_sample_v1_2026-05-16,567,qH6EtG6cMdg,qH6EtG6cMdg,qH6EtG6cMdg,The Investor Channel,UCwKB_00dPL3x5XmHF9IJCrg,NVDA,Tesla,buy,2024-04-19,2024-04-19,external_provider,data/exports/research_grade_analysis/05_event_timeline_dataset.csv,data/exports/final_paper_package/02_event_study_robustness_table.csv (aggregate); event-level canonical return file not committed,True,True,False,True,aggregate_only_no_event_membership_file,True,locked_event_manifest_from_committed_artifacts
locked_artifact_sample_v1_2026-05-16,568,rQOt1FluT8Q,rQOt1FluT8Q,rQOt1FluT8Q,Daniel Pronk,UCL-F-8nxFtFZ4M3RWkGn6Qw,AMZN,Amazon,buy,2024-07-11,2024-07-11,external_provider,data/exports/research_grade_analysis/05_event_timeline_dataset.csv,data/exports/final_paper_package/02_event_study_robustness_table.csv (aggregate); event-level canonical return file not committed,True,True,False,True,aggregate_only_no_event_membership_file,True,locked_event_manifest_from_committed_artifacts
locked_artifact_sample_v1_2026-05-16,569,-TOHi_Y2UpQ,-TOHi_Y2UpQ,-TOHi_Y2UpQ,Couch Investor,UCrGLm-Drgv0vbbemwwHeXJw,SOFI,PayPal,sell,2025-12-16,2025-12-16,external_provider,data/exports/research_grade_analysis/05_event_timeline_dataset.csv,data/exports/final_paper_package/02_event_study_robustness_table.csv (aggregate); event-level canonical return file not committed,True,True,False,True,aggregate_only_no_event_membership_file,True,locked_event_manifest_from_committed_artifacts
locked_artifact_sample_v1_2026-05-16,570,0sKFt_JMcTY,0sKFt_JMcTY,0sKFt_JMcTY,The Investor Channel,UCrGLm-Drgv0vbbemwwHeXJw,NVDA,Alphabet,sell,2024-06-12,2024-06-12,external_provider,data/exports/research_grade_analysis/05_event_timeline_dataset.csv,data/exports/final_paper_package/02_event_study_robustness_table.csv (aggregate); event-level canonical return file not committed,True,False,False,True,aggregate_only_no_event_membership_file,True,locked_event_manifest_from_committed_artifacts
locked_artifact_sample_v1_2026-05-16,571,0xLoc5ZFIMU,0xLoc5ZFIMU,0xLoc5ZFIMU,"Mark Roussin, CPA",UCrGLm-Drgv0vbbemwwHeXJw,CRM,SoFi,buy,2025-03-01,2025-03-03,external_provider,data/exports/research_grade_analysis/05_event_timeline_dataset.csv,data/exports/final_paper_package/02_event_study_robustness_table.csv (aggregate); event-level canonical return file not committed,True,False,True,True,aggregate_only_no_event_membership_file,True,locked_event_manifest_from_committed_artifacts
locked_artifact_sample_v1_2026-05-16,572,0xLoc5ZFIMU,0xLoc5ZFIMU,0xLoc5ZFIMU,"Mark Roussin, CPA",UC7r4-nZ4icT8SIcnisXFSHQ,AMZN,Nvidia,buy,2025-03-01,2025-03-03,external_provider,data/exports/research_grade_analysis/05_event_timeline_dataset.csv,data/exports/final_paper_package/02_event_study_robustness_table.csv (aggregate); event-level canonical return file not committed,True,True,True,True,aggregate_only_no_event_membership_file,True,locked_event_manifest_from_committed_artifacts
locked_artifact_sample_v1_2026-05-16,573,0xLoc5ZFIMU,0xLoc5ZFIMU,0xLoc5ZFIMU,"Mark Roussin, CPA",UCrGLm-Drgv0vbbemwwHeXJw,AMZN,PayPal,sell,2025-03-01,2025-03-03,external_provider,data/exports/research_grade_analysis/05_event_timeline_dataset.csv,data/exports/final_paper_package/02_event_study_robustness_table.csv (aggregate); event-level canonical return file not committed,True,True,True,False,aggregate_only_no_event_membership_file,True,locked_event_manifest_from_committed_artifacts
locked_artifact_sample_v1_2026-05-16,574,0xLoc5ZFIMU,0xLoc5ZFIMU,0xLoc5ZFIMU,"Mark Roussin, CPA",UCrGLm-Drgv0vbbemwwHeXJw,AMZN,PayPal,buy,2025-03-01,2025-03-03,external_provider,data/exports/research_grade_analysis/05_event_timeline_dataset.csv,data/exports/final_paper_package/02_event_study_robustness_table.csv (aggregate); event-level canonical return file not committed,True,True,True,False,aggregate_only_no_event_membership_file,True,locked_event_manifest_from_committed_artifacts
locked_artifact_sample_v1_2026-05-16,575,0xLoc5ZFIMU,0xLoc5ZFIMU,0xLoc5ZFIMU,"Mark Roussin, CPA",UCrGLm-Drgv0vbbemwwHeXJw,NVDA,PayPal,buy,2025-03-01,2025-03-03,external_provider,data/exports/research_grade_analysis/05_event_timeline_dataset.csv,data/exports/final_paper_package/02_event_study_robustness_table.csv (aggregate); event-level canonical return file not committed,True,False,True,True,aggregate_only_no_event_membership_file,True,locked_event_manifest_from_committed_artifacts
locked_artifact_sample_v1_2026-05-16,576,0xLoc5ZFIMU,0xLoc5ZFIMU,0xLoc5ZFIMU,"Mark Roussin, CPA",UCrGLm-Drgv0vbbemwwHeXJw,PYPL,PayPal,buy,2025-03-01,2025-03-03,external_provider,data/exports/research_grade_analysis/05_event_timeline_dataset.csv,data/exports/final_paper_package/02_event_study_robustness_table.csv (aggregate); event-level canonical return file not committed,True,False,True,True,aggregate_only_no_event_membership_file,True,locked_event_manifest_from_committed_artifacts
locked_artifact_sample_v1_2026-05-16,577,1EawsAPK3Dc,1EawsAPK3Dc,1EawsAPK3Dc,"Mark Roussin, CPA",UCrGLm-Drgv0vbbemwwHeXJw,NVDA,Nvidia,sell,2025-01-30,2025-01-30,external_provider,data/exports/research_grade_analysis/05_event_timeline_dataset.csv,data/exports/final_paper_package/02_event_study_robustness_table.csv (aggregate); event-level canonical return file not committed,True,True,False,True,aggregate_only_no_event_membership_file,True,locked_event_manifest_from_committed_artifacts
locked_artifact_sample_v1_2026-05-16,578,5K5AbqFlvDo,5K5AbqFlvDo,5K5AbqFlvDo,"Mark Roussin, CPA",UCL-F-8nxFtFZ4M3RWkGn6Qw,AMZN,Microsoft,buy,2025-02-04,2025-02-04,external_provider,data/exports/research_grade_analysis/05_event_timeline_dataset.csv,data/exports/final_paper_package/02_event_study_robustness_table.csv (aggregate); event-level canonical return file not committed,True,False,False,True,aggregate_only_no_event_membership_file,True,locked_event_manifest_from_committed_artifacts
locked_artifact_sample_v1_2026-05-16,579,5KczevwSTvA,5KczevwSTvA,5KczevwSTvA,Couch Investor,UCL-F-8nxFtFZ4M3RWkGn6Qw,NFLX,Alphabet,buy,2025-12-15,2025-12-15,external_provider,data/exports/research_grade_analysis/05_event_timeline_dataset.csv,data/exports/final_paper_package/02_event_study_robustness_table.csv (aggregate); event-level canonical return file not committed,True,False,False,True,aggregate_only_no_event_membership_file,True,locked_event_manifest_from_committed_artifacts
locked_artifact_sample_v1_2026-05-16,580,5KczevwSTvA,5KczevwSTvA,5KczevwSTvA,Couch Investor,UCwKB_00dPL3x5XmHF9IJCrg,TSLA,Palantir,buy,2025-12-15,2025-12-15,external_provider,data/exports/research_grade_analysis/05_event_timeline_dataset.csv,data/exports/final_paper_package/02_event_study_robustness_table.csv (aggregate); event-level canonical return file not committed,True,True,False,True,aggregate_only_no_event_membership_file,True,locked_event_manifest_from_committed_artifacts
locked_artifact_sample_v1_2026-05-16,581,5SwfsZKX0Wk,5SwfsZKX0Wk,5SwfsZKX0Wk,Jose Najarro Stocks,UCrGLm-Drgv0vbbemwwHeXJw,NVDA,,buy,2025-11-19,2025-11-19,external_provider,data/exports/research_grade_analysis/05_event_timeline_dataset.csv,data/exports/final_paper_package/02_event_study_robustness_table.csv (aggregate); event-level canonical return file not committed,True,False,False,True,aggregate_only_no_event_membership_file,True,locked_event_manifest_from_committed_artifacts
locked_artifact_sample_v1_2026-05-16,582,5SwfsZKX0Wk,5SwfsZKX0Wk,5SwfsZKX0Wk,Jose Najarro Stocks,UCLxMEPUoHpKq4PEk85RZn9A,NVDA,,buy,2025-11-19,2025-11-19,external_provider,data/exports/research_grade_analysis/05_event_timeline_dataset.csv,data/exports/final_paper_package/02_event_study_robustness_table.csv (aggregate); event-level canonical return file not committed,True,False,False,False,aggregate_only_no_event_membership_file,True,locked_event_manifest_from_committed_artifacts
locked_artifact_sample_v1_2026-05-16,583,5SwfsZKX0Wk,5SwfsZKX0Wk,5SwfsZKX0Wk,Jose Najarro Stocks,UCrGLm-Drgv0vbbemwwHeXJw,NVDA,Tesla,buy,2025-11-19,2025-11-19,external_provider,data/exports/research_grade_analysis/05_event_timeline_dataset.csv,data/exports/final_paper_package/02_event_study_robustness_table.csv (aggregate); event-level canonical return file not committed,True,False,False,False,aggregate_only_no_event_membership_file,True,locked_event_manifest_from_committed_artifacts
locked_artifact_sample_v1_2026-05-16,584,5ZPmwYaROH4,5ZPmwYaROH4,5ZPmwYaROH4,"Value Investing with Sven Carlin, Ph.D.",UC5cEHfCr6WOE1R1zcohd1IA,AAPL,Nvidia,sell,2025-09-08,2025-09-08,external_provider,data/exports/research_grade_analysis/05_event_timeline_dataset.csv,data/exports/final_paper_package/02_event_study_robustness_table.csv (aggregate); event-level canonical return file not committed,True,True,True,True,aggregate_only_no_event_membership_file,True,locked_event_manifest_from_committed_artifacts
locked_artifact_sample_v1_2026-05-16,585,B0768azDNlg,B0768azDNlg,B0768azDNlg,"Parkev Tatevosian, CFA",UCL-F-8nxFtFZ4M3RWkGn6Qw,AMZN,Microsoft,buy,2026-04-03,2026-04-06,external_provider,data/exports/research_grade_analysis/05_event_timeline_dataset.csv,data/exports/final_paper_package/02_event_study_robustness_table.csv (aggregate); event-level canonical return file not committed,True,False,True,True,aggregate_only_no_event_membership_file,True,recent_intraday_diagnostic_available
locked_artifact_sample_v1_2026-05-16,586,B0768azDNlg,B0768azDNlg,B0768azDNlg,"Parkev Tatevosian, CFA",UCL-F-8nxFtFZ4M3RWkGn6Qw,UBER,Microsoft,buy,2026-04-03,2026-04-06,external_provider,data/exports/research_grade_analysis/05_event_timeline_dataset.csv,data/exports/final_paper_package/02_event_study_robustness_table.csv (aggregate); event-level canonical return file not committed,True,True,True,True,aggregate_only_no_event_membership_file,True,recent_intraday_diagnostic_available
locked_artifact_sample_v1_2026-05-16,587,BD1amYah6XY,BD1amYah6XY,BD1amYah6XY,Couch Investor,UCgCh-2AfEBtWrNBC2OoNQYg,PYPL,Nvidia,buy,2025-12-11,2025-12-11,external_provider,data/exports/research_grade_analysis/05_event_timeline_dataset.csv,data/exports/final_paper_package/02_event_study_robustness_table.csv (aggregate); event-level canonical return file not committed,True,True,False,True,aggregate_only_no_event_membership_file,True,locked_event_manifest_from_committed_artifacts
locked_artifact_sample_v1_2026-05-16,588,BD1amYah6XY,BD1amYah6XY,BD1amYah6XY,Couch Investor,UC7r4-nZ4icT8SIcnisXFSHQ,PYPL,Tesla,buy,2025-12-11,2025-12-11,external_provider,data/exports/research_grade_analysis/05_event_timeline_dataset.csv,data/exports/final_paper_package/02_event_study_robustness_table.csv (aggregate); event-level canonical return file not committed,True,True,False,False,aggregate_only_no_event_membership_file,True,locked_event_manifest_from_committed_artifacts
locked_artifact_sample_v1_2026-05-16,589,BD1amYah6XY,BD1amYah6XY,BD1amYah6XY,Couch Investor,UC7r4-nZ4icT8SIcnisXFSHQ,UBER,Apple,buy,2025-12-11,2025-12-11,external_provider,data/exports/research_grade_analysis/05_event_timeline_dataset.csv,data/exports/final_paper_package/02_event_study_robustness_table.csv (aggregate); event-level canonical return file not committed,True,True,False,True,aggregate_only_no_event_membership_file,True,locked_event_manifest_from_committed_artifacts
locked_artifact_sample_v1_2026-05-16,590,F-rlTnig8kM,F-rlTnig8kM,F-rlTnig8kM,"Value Investing with Sven Carlin, Ph.D.",UC7r4-nZ4icT8SIcnisXFSHQ,AAPL,Amazon,sell,2025-06-19,2025-06-20,external_provider,data/exports/research_grade_analysis/05_event_timeline_dataset.csv,data/exports/final_paper_package/02_event_study_robustness_table.csv (aggregate); event-level canonical return file not committed,True,True,True,True,aggregate_only_no_event_membership_file,True,locked_event_manifest_from_committed_artifacts
locked_artifact_sample_v1_2026-05-16,591,F0AbrBHeBaA,F0AbrBHeBaA,F0AbrBHeBaA,The Investor Channel,UC7r4-nZ4icT8SIcnisXFSHQ,NVDA,Netflix,buy,2024-06-28,2024-06-28,external_provider,data/exports/research_grade_analysis/05_event_timeline_dataset.csv,data/exports/final_paper_package/02_event_study_robustness_table.csv (aggregate); event-level canonical return file not committed,True,False,False,True,aggregate_only_no_event_membership_file,True,locked_event_manifest_from_committed_artifacts
locked_artifact_sample_v1_2026-05-16,592,F0AbrBHeBaA,F0AbrBHeBaA,F0AbrBHeBaA,The Investor Channel,UC7r4-nZ4icT8SIcnisXFSHQ,NVDA,Nvidia,buy,2024-06-28,2024-06-28,external_provider,data/exports/research_grade_analysis/05_event_timeline_dataset.csv,data/exports/final_paper_package/02_event_study_robustness_table.csv (aggregate); event-level canonical return file not committed,True,False,False,False,aggregate_only_no_event_membership_file,True,locked_event_manifest_from_committed_artifacts
locked_artifact_sample_v1_2026-05-16,593,F0AbrBHeBaA,F0AbrBHeBaA,F0AbrBHeBaA,The Investor Channel,UCwKB_00dPL3x5XmHF9IJCrg,TSLA,Tesla,sell,2024-06-28,2024-06-28,external_provider,data/exports/research_grade_analysis/05_event_timeline_dataset.csv,data/exports/final_paper_package/02_event_study_robustness_table.csv (aggregate); event-level canonical return file not committed,True,False,False,True,aggregate_only_no_event_membership_file,True,locked_event_manifest_from_committed_artifacts
locked_artifact_sample_v1_2026-05-16,594,F0AbrBHeBaA,F0AbrBHeBaA,F0AbrBHeBaA,The Investor Channel,UCrTTBSUr0zhPU56UQljag5A,TSLA,Nvidia,buy,2024-06-28,2024-06-28,external_provider,data/exports/research_grade_analysis/05_event_timeline_dataset.csv,data/exports/final_paper_package/02_event_study_robustness_table.csv (aggregate); event-level canonical return file not committed,True,False,False,False,aggregate_only_no_event_membership_file,True,locked_event_manifest_from_committed_artifacts
locked_artifact_sample_v1_2026-05-16,595,GSMDAFFGQfY,GSMDAFFGQfY,GSMDAFFGQfY,The Investor Channel,UCwKB_00dPL3x5XmHF9IJCrg,NVDA,Roku,buy,2024-05-22,2024-05-22,external_provider,data/exports/research_grade_analysis/05_event_timeline_dataset.csv,data/exports/final_paper_package/02_event_study_robustness_table.csv (aggregate); event-level canonical return file not committed,True,False,False,True,aggregate_only_no_event_membership_file,True,locked_event_manifest_from_committed_artifacts
locked_artifact_sample_v1_2026-05-16,596,GSMDAFFGQfY,GSMDAFFGQfY,GSMDAFFGQfY,The Investor Channel,UCrGLm-Drgv0vbbemwwHeXJw,NVDA,Microsoft,buy,2024-05-22,2024-05-22,external_provider,data/exports/research_grade_analysis/05_event_timeline_dataset.csv,data/exports/final_paper_package/02_event_study_robustness_table.csv (aggregate); event-level canonical return file not committed,True,False,False,False,aggregate_only_no_event_membership_file,True,locked_event_manifest_from_committed_artifacts
locked_artifact_sample_v1_2026-05-16,597,GSMDAFFGQfY,GSMDAFFGQfY,GSMDAFFGQfY,The Investor Channel,UCrGLm-Drgv0vbbemwwHeXJw,NVDA,PayPal,buy,2024-05-22,2024-05-22,external_provider,data/exports/research_grade_analysis/05_event_timeline_dataset.csv,data/exports/final_paper_package/02_event_study_robustness_table.csv (aggregate); event-level canonical return file not committed,True,False,False,False,aggregate_only_no_event_membership_file,True,locked_event_manifest_from_committed_artifacts
locked_artifact_sample_v1_2026-05-16,598,GSMDAFFGQfY,GSMDAFFGQfY,GSMDAFFGQfY,The Investor Channel,UCrGLm-Drgv0vbbemwwHeXJw,NVDA,Netflix,buy,2024-05-22,2024-05-22,external_provider,data/exports/research_grade_analysis/05_event_timeline_dataset.csv,data/exports/final_paper_package/02_event_study_robustness_table.csv (aggregate); event-level canonical return file not committed,True,False,False,False,aggregate_only_no_event_membership_file,True,locked_event_manifest_from_committed_artifacts
locked_artifact_sample_v1_2026-05-16,599,GSMDAFFGQfY,GSMDAFFGQfY,GSMDAFFGQfY,The Investor Channel,UCrGLm-Drgv0vbbemwwHeXJw,AAPL,,buy,2024-05-22,2024-05-22,external_provider,data/exports/research_grade_analysis/05_event_timeline_dataset.csv,data/exports/final_paper_package/02_event_study_robustness_table.csv (aggregate); event-level canonical return file not committed,True,True,False,True,aggregate_only_no_event_membership_file,True,locked_event_manifest_from_committed_artifacts
locked_artifact_sample_v1_2026-05-16,600,GtCiy06cRBM,GtCiy06cRBM,GtCiy06cRBM,"Mark Roussin, CPA",UCrGLm-Drgv0vbbemwwHeXJw,AMZN,,buy,2025-02-15,2025-02-18,external_provider,data/exports/research_grade_analysis/05_event_timeline_dataset.csv,data/exports/final_paper_package/02_event_study_robustness_table.csv (aggregate); event-level canonical return file not committed,True,True,True,True,aggregate_only_no_event_membership_file,True,locked_event_manifest_from_committed_artifacts
locked_artifact_sample_v1_2026-05-16,601,HxRtMnno26U,HxRtMnno26U,HxRtMnno26U,The Investor Channel,UCrGLm-Drgv0vbbemwwHeXJw,AMZN,Amazon,buy,2024-05-31,2024-05-31,external_provider,data/exports/research_grade_analysis/05_event_timeline_dataset.csv,data/exports/final_paper_package/02_event_study_robustness_table.csv (aggregate); event-level canonical return file not committed,True,False,False,True,aggregate_only_no_event_membership_file,True,locked_event_manifest_from_committed_artifacts
locked_artifact_sample_v1_2026-05-16,602,HxRtMnno26U,HxRtMnno26U,HxRtMnno26U,The Investor Channel,UCC7xhD0o7FBHdKXZxMRFspQ,NVDA,Apple,buy,2024-05-31,2024-05-31,external_provider,data/exports/research_grade_analysis/05_event_timeline_dataset.csv,data/exports/final_paper_package/02_event_study_robustness_table.csv (aggregate); event-level canonical return file not committed,True,False,False,True,aggregate_only_no_event_membership_file,True,locked_event_manifest_from_committed_artifacts
locked_artifact_sample_v1_2026-05-16,603,HxRtMnno26U,HxRtMnno26U,HxRtMnno26U,The Investor Channel,UCC7xhD0o7FBHdKXZxMRFspQ,GOOGL,Amazon,buy,2024-05-31,2024-05-31,external_provider,data/exports/research_grade_analysis/05_event_timeline_dataset.csv,data/exports/final_paper_package/02_event_study_robustness_table.csv (aggregate); event-level canonical return file not committed,True,False,False,True,aggregate_only_no_event_membership_file,True,locked_event_manifest_from_committed_artifacts
locked_artifact_sample_v1_2026-05-16,604,HxRtMnno26U,HxRtMnno26U,HxRtMnno26U,The Investor Channel,UC7r4-nZ4icT8SIcnisXFSHQ,MSFT,PayPal,buy,2024-05-31,2024-05-31,external_provider,data/exports/research_grade_analysis/05_event_timeline_dataset.csv,data/exports/final_paper_package/02_event_study_robustness_table.csv (aggregate); event-level canonical return file not committed,True,True,False,True,aggregate_only_no_event_membership_file,True,locked_event_manifest_from_committed_artifacts
locked_artifact_sample_v1_2026-05-16,605,HxRtMnno26U,HxRtMnno26U,HxRtMnno26U,The Investor Channel,UC7r4-nZ4icT8SIcnisXFSHQ,TSLA,PayPal,buy,2024-05-31,2024-05-31,external_provider,data/exports/research_grade_analysis/05_event_timeline_dataset.csv,data/exports/final_paper_package/02_event_study_robustness_table.csv (aggregate); event-level canonical return file not committed,True,True,False,True,aggregate_only_no_event_membership_file,True,locked_event_manifest_from_committed_artifacts
locked_artifact_sample_v1_2026-05-16,606,KO0r8HCnpNA,KO0r8HCnpNA,KO0r8HCnpNA,The Investor Channel,UCrGLm-Drgv0vbbemwwHeXJw,NFLX,Alphabet,buy,2024-05-17,2024-05-17,external_provider,data/exports/research_grade_analysis/05_event_timeline_dataset.csv,data/exports/final_paper_package/02_event_study_robustness_table.csv (aggregate); event-level canonical return file not committed,True,True,False,True,aggregate_only_no_event_membership_file,True,locked_event_manifest_from_committed_artifacts
locked_artifact_sample_v1_2026-05-16,607,KO0r8HCnpNA,KO0r8HCnpNA,KO0r8HCnpNA,The Investor Channel,UCrGLm-Drgv0vbbemwwHeXJw,AAPL,Meta,buy,2024-05-17,2024-05-17,external_provider,data/exports/research_grade_analysis/05_event_timeline_dataset.csv,data/exports/final_paper_package/02_event_study_robustness_table.csv (aggregate); event-level canonical return file not committed,True,True,False,True,aggregate_only_no_event_membership_file,True,locked_event_manifest_from_committed_artifacts
locked_artifact_sample_v1_2026-05-16,608,KO0r8HCnpNA,KO0r8HCnpNA,KO0r8HCnpNA,The Investor Channel,UCC7xhD0o7FBHdKXZxMRFspQ,GOOGL,,buy,2024-05-17,2024-05-17,external_provider,data/exports/research_grade_analysis/05_event_timeline_dataset.csv,data/exports/final_paper_package/02_event_study_robustness_table.csv (aggregate); event-level canonical return file not committed,True,True,False,True,aggregate_only_no_event_membership_file,True,locked_event_manifest_from_committed_artifacts
locked_artifact_sample_v1_2026-05-16,609,KO0r8HCnpNA,KO0r8HCnpNA,KO0r8HCnpNA,The Investor Channel,UCC7xhD0o7FBHdKXZxMRFspQ,TSLA,Nvidia,buy,2024-05-17,2024-05-17,external_provider,data/exports/research_grade_analysis/05_event_timeline_dataset.csv,data/exports/final_paper_package/02_event_study_robustness_table.csv (aggregate); event-level canonical return file not committed,True,True,False,True,aggregate_only_no_event_membership_file,True,locked_event_manifest_from_committed_artifacts
locked_artifact_sample_v1_2026-05-16,610,KO0r8HCnpNA,KO0r8HCnpNA,KO0r8HCnpNA,The Investor Channel,UCC7xhD0o7FBHdKXZxMRFspQ,TSLA,Amazon,buy,2024-05-17,2024-05-17,external_provider,data/exports/research_grade_analysis/05_event_timeline_dataset.csv,data/exports/final_paper_package/02_event_study_robustness_table.csv (aggregate); event-level canonical return file not committed,True,True,False,False,aggregate_only_no_event_membership_file,True,locked_event_manifest_from_committed_artifacts
locked_artifact_sample_v1_2026-05-16,611,LHgMtd6cQYc,LHgMtd6cQYc,LHgMtd6cQYc,The Investor Channel,UCC7xhD0o7FBHdKXZxMRFspQ,NVDA,Alphabet,buy,2024-06-27,2024-06-27,external_provider,data/exports/research_grade_analysis/05_event_timeline_dataset.csv,data/exports/final_paper_package/02_event_study_robustness_table.csv (aggregate); event-level canonical return file not committed,True,False,True,True,aggregate_only_no_event_membership_file,True,locked_event_manifest_from_committed_artifacts
locked_artifact_sample_v1_2026-05-16,612,N4DW8bNH20Q,N4DW8bNH20Q,N4DW8bNH20Q,Couch Investor,UCwKB_00dPL3x5XmHF9IJCrg,SOFI,Alphabet,buy,2025-12-04,2025-12-04,external_provider,data/exports/research_grade_analysis/05_event_timeline_dataset.csv,data/exports/final_paper_package/02_event_study_robustness_table.csv (aggregate); event-level canonical return file not committed,True,False,False,True,aggregate_only_no_event_membership_file,True,locked_event_manifest_from_committed_artifacts
locked_artifact_sample_v1_2026-05-16,613,Phjel1okTXY,Phjel1okTXY,Phjel1okTXY,"Mark Roussin, CPA",UC7r4-nZ4icT8SIcnisXFSHQ,AMD,Amazon,buy,2025-02-01,2025-02-03,external_provider,data/exports/research_grade_analysis/05_event_timeline_dataset.csv,data/exports/final_paper_package/02_event_study_robustness_table.csv (aggregate); event-level canonical return file not committed,True,False,True,True,aggregate_only_no_event_membership_file,True,locked_event_manifest_from_committed_artifacts
locked_artifact_sample_v1_2026-05-16,614,QJhB7VKEn7Q,QJhB7VKEn7Q,QJhB7VKEn7Q,Couch Investor,UC5cEHfCr6WOE1R1zcohd1IA,AAPL,,buy,2025-12-10,2025-12-10,external_provider,data/exports/research_grade_analysis/05_event_timeline_dataset.csv,data/exports/final_paper_package/02_event_study_robustness_table.csv (aggregate); event-level canonical return file not committed,True,False,False,True,aggregate_only_no_event_membership_file,True,locked_event_manifest_from_committed_artifacts
locked_artifact_sample_v1_2026-05-16,615,QJhB7VKEn7Q,QJhB7VKEn7Q,QJhB7VKEn7Q,Couch Investor,UC5cEHfCr6WOE1R1zcohd1IA,NFLX,Nvidia,buy,2025-12-10,2025-12-10,external_provider,data/exports/research_grade_analysis/05_event_timeline_dataset.csv,data/exports/final_paper_package/02_event_study_robustness_table.csv (aggregate); event-level canonical return file not committed,True,False,False,True,aggregate_only_no_event_membership_file,True,locked_event_manifest_from_committed_artifacts
locked_artifact_sample_v1_2026-05-16,616,V0ywPcUZB9k,V0ywPcUZB9k,V0ywPcUZB9k,The Investor Channel,UCwKB_00dPL3x5XmHF9IJCrg,GOOGL,SoFi,buy,2024-07-05,2024-07-05,external_provider,data/exports/research_grade_analysis/05_event_timeline_dataset.csv,data/exports/final_paper_package/02_event_study_robustness_table.csv (aggregate); event-level canonical return file not committed,True,True,False,True,aggregate_only_no_event_membership_file,True,locked_event_manifest_from_committed_artifacts
locked_artifact_sample_v1_2026-05-16,617,V0ywPcUZB9k,V0ywPcUZB9k,V0ywPcUZB9k,The Investor Channel,UC7r4-nZ4icT8SIcnisXFSHQ,MSFT,Tesla,buy,2024-07-05,2024-07-05,external_provider,data/exports/research_grade_analysis/05_event_timeline_dataset.csv,data/exports/final_paper_package/02_event_study_robustness_table.csv (aggregate); event-level canonical return file not committed,True,True,False,True,aggregate_only_no_event_membership_file,True,locked_event_manifest_from_committed_artifacts
locked_artifact_sample_v1_2026-05-16,618,ZAv7XTbqkGY,ZAv7XTbqkGY,ZAv7XTbqkGY,Couch Investor,UC7r4-nZ4icT8SIcnisXFSHQ,NFLX,PayPal,buy,2025-12-08,2025-12-08,external_provider,data/exports/research_grade_analysis/05_event_timeline_dataset.csv,data/exports/final_paper_package/02_event_study_robustness_table.csv (aggregate); event-level canonical return file not committed,True,False,False,True,aggregate_only_no_event_membership_file,True,locked_event_manifest_from_committed_artifacts
locked_artifact_sample_v1_2026-05-16,619,aDAwhIDS6dM,aDAwhIDS6dM,aDAwhIDS6dM,Couch Investor,UCLxMEPUoHpKq4PEk85RZn9A,NFLX,Tesla,buy,2025-12-05,2025-12-05,external_provider,data/exports/research_grade_analysis/05_event_timeline_dataset.csv,data/exports/final_paper_package/02_event_study_robustness_table.csv (aggregate); event-level canonical return file not committed,True,False,False,True,aggregate_only_no_event_membership_file,True,locked_event_manifest_from_committed_artifacts
locked_artifact_sample_v1_2026-05-16,620,aDAwhIDS6dM,aDAwhIDS6dM,aDAwhIDS6dM,Couch Investor,UC5cEHfCr6WOE1R1zcohd1IA,NFLX,,buy,2025-12-05,2025-12-05,external_provider,data/exports/research_grade_analysis/05_event_timeline_dataset.csv,data/exports/final_paper_package/02_event_study_robustness_table.csv (aggregate); event-level canonical return file not committed,True,False,False,False,aggregate_only_no_event_membership_file,True,locked_event_manifest_from_committed_artifacts
locked_artifact_sample_v1_2026-05-16,621,aDAwhIDS6dM,aDAwhIDS6dM,aDAwhIDS6dM,Couch Investor,UCL-F-8nxFtFZ4M3RWkGn6Qw,PYPL,Alphabet,buy,2025-12-05,2025-12-05,external_provider,data/exports/research_grade_analysis/05_event_timeline_dataset.csv,data/exports/final_paper_package/02_event_study_robustness_table.csv (aggregate); event-level canonical return file not committed,True,True,False,True,aggregate_only_no_event_membership_file,True,locked_event_manifest_from_committed_artifacts
locked_artifact_sample_v1_2026-05-16,622,aDAwhIDS6dM,aDAwhIDS6dM,aDAwhIDS6dM,Couch Investor,UC7r4-nZ4icT8SIcnisXFSHQ,SOFI,Nvidia,buy,2025-12-05,2025-12-05,external_provider,data/exports/research_grade_analysis/05_event_timeline_dataset.csv,data/exports/final_paper_package/02_event_study_robustness_table.csv (aggregate); event-level canonical return file not committed,True,False,False,True,aggregate_only_no_event_membership_file,True,locked_event_manifest_from_committed_artifacts
locked_artifact_sample_v1_2026-05-16,623,cYm6zLgYueU,cYm6zLgYueU,cYm6zLgYueU,"Mark Roussin, CPA",UC7r4-nZ4icT8SIcnisXFSHQ,AMD,Apple,buy,2025-02-11,2025-02-11,external_provider,data/exports/research_grade_analysis/05_event_timeline_dataset.csv,data/exports/final_paper_package/02_event_study_robustness_table.csv (aggregate); event-level canonical return file not committed,True,False,False,True,aggregate_only_no_event_membership_file,True,locked_event_manifest_from_committed_artifacts
locked_artifact_sample_v1_2026-05-16,624,ch8lrl5bz5Q,ch8lrl5bz5Q,ch8lrl5bz5Q,Couch Investor,UC7r4-nZ4icT8SIcnisXFSHQ,NVDA,Amazon,buy,2025-12-10,2025-12-10,external_provider,data/exports/research_grade_analysis/05_event_timeline_dataset.csv,data/exports/final_paper_package/02_event_study_robustness_table.csv (aggregate); event-level canonical return file not committed,True,True,False,True,aggregate_only_no_event_membership_file,True,locked_event_manifest_from_committed_artifacts
locked_artifact_sample_v1_2026-05-16,625,ch8lrl5bz5Q,ch8lrl5bz5Q,ch8lrl5bz5Q,Couch Investor,UCrGLm-Drgv0vbbemwwHeXJw,NVDA,,buy,2025-12-10,2025-12-10,external_provider,data/exports/research_grade_analysis/05_event_timeline_dataset.csv,data/exports/final_paper_package/02_event_study_robustness_table.csv (aggregate); event-level canonical return file not committed,True,True,False,False,aggregate_only_no_event_membership_file,True,locked_event_manifest_from_committed_artifacts
locked_artifact_sample_v1_2026-05-16,626,ch8lrl5bz5Q,ch8lrl5bz5Q,ch8lrl5bz5Q,Couch Investor,UCrGLm-Drgv0vbbemwwHeXJw,AMD,PayPal,buy,2025-12-10,2025-12-10,external_provider,data/exports/research_grade_analysis/05_event_timeline_dataset.csv,data/exports/final_paper_package/02_event_study_robustness_table.csv (aggregate); event-level canonical return file not committed,True,False,False,True,aggregate_only_no_event_membership_file,True,locked_event_manifest_from_committed_artifacts
locked_artifact_sample_v1_2026-05-16,627,ch8lrl5bz5Q,ch8lrl5bz5Q,ch8lrl5bz5Q,Couch Investor,UC5cEHfCr6WOE1R1zcohd1IA,AMD,Tesla,buy,2025-12-10,2025-12-10,external_provider,data/exports/research_grade_analysis/05_event_timeline_dataset.csv,data/exports/final_paper_package/02_event_study_robustness_table.csv (aggregate); event-level canonical return file not committed,True,False,False,False,aggregate_only_no_event_membership_file,True,locked_event_manifest_from_committed_artifacts
locked_artifact_sample_v1_2026-05-16,628,f-0l8JyYnRQ,f-0l8JyYnRQ,f-0l8JyYnRQ,Couch Investor,UC5cEHfCr6WOE1R1zcohd1IA,UBER,Tesla,buy,2025-12-12,2025-12-12,external_provider,data/exports/research_grade_analysis/05_event_timeline_dataset.csv,data/exports/final_paper_package/02_event_study_robustness_table.csv (aggregate); event-level canonical return file not committed,True,True,False,True,aggregate_only_no_event_membership_file,True,locked_event_manifest_from_committed_artifacts
locked_artifact_sample_v1_2026-05-16,629,f-0l8JyYnRQ,f-0l8JyYnRQ,f-0l8JyYnRQ,Couch Investor,UC5cEHfCr6WOE1R1zcohd1IA,PYPL,Nvidia,buy,2025-12-12,2025-12-12,external_provider,data/exports/research_grade_analysis/05_event_timeline_dataset.csv,data/exports/final_paper_package/02_event_study_robustness_table.csv (aggregate); event-level canonical return file not committed,True,True,False,True,aggregate_only_no_event_membership_file,True,locked_event_manifest_from_committed_artifacts
locked_artifact_sample_v1_2026-05-16,630,f-0l8JyYnRQ,f-0l8JyYnRQ,f-0l8JyYnRQ,Couch Investor,UC5cEHfCr6WOE1R1zcohd1IA,AMZN,Nvidia,buy,2025-12-12,2025-12-12,external_provider,data/exports/research_grade_analysis/05_event_timeline_dataset.csv,data/exports/final_paper_package/02_event_study_robustness_table.csv (aggregate); event-level canonical return file not committed,True,True,False,True,aggregate_only_no_event_membership_file,True,locked_event_manifest_from_committed_artifacts
locked_artifact_sample_v1_2026-05-16,631,h6HIi6lt54A,h6HIi6lt54A,h6HIi6lt54A,The Investor Channel,UCrGLm-Drgv0vbbemwwHeXJw,AAPL,Nvidia,buy,2024-06-21,2024-06-21,external_provider,data/exports/research_grade_analysis/05_event_timeline_dataset.csv,data/exports/final_paper_package/02_event_study_robustness_table.csv (aggregate); event-level canonical return file not committed,True,True,False,True,aggregate_only_no_event_membership_file,True,locked_event_manifest_from_committed_artifacts
locked_artifact_sample_v1_2026-05-16,632,n8jYsbCxYl0,n8jYsbCxYl0,n8jYsbCxYl0,Dividendology,UC7r4-nZ4icT8SIcnisXFSHQ,MSFT,Alphabet,buy,2025-07-21,2025-07-21,external_provider,data/exports/research_grade_analysis/05_event_timeline_dataset.csv,data/exports/final_paper_package/02_event_study_robustness_table.csv (aggregate); event-level canonical return file not committed,True,True,False,True,aggregate_only_no_event_membership_file,True,locked_event_manifest_from_committed_artifacts
locked_artifact_sample_v1_2026-05-16,633,oTEK1i5pHPk,oTEK1i5pHPk,oTEK1i5pHPk,Dividendology,UC7r4-nZ4icT8SIcnisXFSHQ,GOOGL,Apple,buy,2025-07-23,2025-07-23,external_provider,data/exports/research_grade_analysis/05_event_timeline_dataset.csv,data/exports/final_paper_package/02_event_study_robustness_table.csv (aggregate); event-level canonical return file not committed,True,False,False,True,aggregate_only_no_event_membership_file,True,locked_event_manifest_from_committed_artifacts
locked_artifact_sample_v1_2026-05-16,634,w5XLVGMh-Vs,w5XLVGMh-Vs,w5XLVGMh-Vs,"Value Investing with Sven Carlin, Ph.D.",UC7r4-nZ4icT8SIcnisXFSHQ,GOOGL,Disney,buy,2025-06-15,2025-06-16,external_provider,data/exports/research_grade_analysis/05_event_timeline_dataset.csv,data/exports/final_paper_package/02_event_study_robustness_table.csv (aggregate); event-level canonical return file not committed,True,False,True,True,aggregate_only_no_event_membership_file,True,locked_event_manifest_from_committed_artifacts
locked_artifact_sample_v1_2026-05-16,635,wNI0xbwJT4g,wNI0xbwJT4g,wNI0xbwJT4g,Daniel Pronk,UCL-F-8nxFtFZ4M3RWkGn6Qw,PYPL,Alphabet,buy,2024-08-29,2024-08-29,external_provider,data/exports/research_grade_analysis/05_event_timeline_dataset.csv,data/exports/final_paper_package/02_event_study_robustness_table.csv (aggregate); event-level canonical return file not committed,True,True,False,True,aggregate_only_no_event_membership_file,True,locked_event_manifest_from_committed_artifacts
locked_artifact_sample_v1_2026-05-16,636,zcrNVzQTX5c,zcrNVzQTX5c,zcrNVzQTX5c,Daniel Pronk,UCL-F-8nxFtFZ4M3RWkGn6Qw,GOOGL,Amazon,buy,2024-09-06,2024-09-06,external_provider,data/exports/research_grade_analysis/05_event_timeline_dataset.csv,data/exports/final_paper_package/02_event_study_robustness_table.csv (aggregate); event-level canonical return file not committed,True,True,False,True,aggregate_only_no_event_membership_file,True,locked_event_manifest_from_committed_artifacts
locked_artifact_sample_v1_2026-05-16,637,zcrNVzQTX5c,zcrNVzQTX5c,zcrNVzQTX5c,Daniel Pronk,UCrGLm-Drgv0vbbemwwHeXJw,GOOGL,PayPal,sell,2024-09-06,2024-09-06,external_provider,data/exports/research_grade_analysis/05_event_timeline_dataset.csv,data/exports/final_paper_package/02_event_study_robustness_table.csv (aggregate); event-level canonical return file not committed,True,True,False,False,aggregate_only_no_event_membership_file,True,locked_event_manifest_from_committed_artifacts
locked_artifact_sample_v1_2026-05-16,638,-VwKgl9Gil0,-VwKgl9Gil0,-VwKgl9Gil0,Couch Investor,UCrGLm-Drgv0vbbemwwHeXJw,PYPL,Nvidia,buy,2025-12-18,2025-12-18,external_provider,data/exports/research_grade_analysis/05_event_timeline_dataset.csv,data/exports/final_paper_package/02_event_study_robustness_table.csv (aggregate); event-level canonical return file not committed,True,True,False,True,aggregate_only_no_event_membership_file,True,locked_event_manifest_from_committed_artifacts
locked_artifact_sample_v1_2026-05-16,639,-VwKgl9Gil0,-VwKgl9Gil0,-VwKgl9Gil0,Couch Investor,UCL-F-8nxFtFZ4M3RWkGn6Qw,NFLX,Apple,buy,2025-12-18,2025-12-18,external_provider,data/exports/research_grade_analysis/05_event_timeline_dataset.csv,data/exports/final_paper_package/02_event_study_robustness_table.csv (aggregate); event-level canonical return file not committed,True,False,False,True,aggregate_only_no_event_membership_file,True,locked_event_manifest_from_committed_artifacts
locked_artifact_sample_v1_2026-05-16,640,061mMhIHwAo,061mMhIHwAo,061mMhIHwAo,Jose Najarro Stocks,UCrGLm-Drgv0vbbemwwHeXJw,NVDA,SoFi,buy,2026-01-27,2026-01-27,external_provider,data/exports/research_grade_analysis/05_event_timeline_dataset.csv,data/exports/final_paper_package/02_event_study_robustness_table.csv (aggregate); event-level canonical return file not committed,True,False,False,True,aggregate_only_no_event_membership_file,True,locked_event_manifest_from_committed_artifacts
locked_artifact_sample_v1_2026-05-16,641,061mMhIHwAo,061mMhIHwAo,061mMhIHwAo,Jose Najarro Stocks,UCrGLm-Drgv0vbbemwwHeXJw,NVDA,Meta,sell,2026-01-27,2026-01-27,external_provider,data/exports/research_grade_analysis/05_event_timeline_dataset.csv,data/exports/final_paper_package/02_event_study_robustness_table.csv (aggregate); event-level canonical return file not committed,True,False,False,False,aggregate_only_no_event_membership_file,True,locked_event_manifest_from_committed_artifacts
locked_artifact_sample_v1_2026-05-16,642,061mMhIHwAo,061mMhIHwAo,061mMhIHwAo,Jose Najarro Stocks,UCrGLm-Drgv0vbbemwwHeXJw,AMD,PayPal,buy,2026-01-27,2026-01-27,external_provider,data/exports/research_grade_analysis/05_event_timeline_dataset.csv,data/exports/final_paper_package/02_event_study_robustness_table.csv (aggregate); event-level canonical return file not committed,True,False,False,True,aggregate_only_no_event_membership_file,True,locked_event_manifest_from_committed_artifacts
locked_artifact_sample_v1_2026-05-16,643,061mMhIHwAo,061mMhIHwAo,061mMhIHwAo,Jose Najarro Stocks,UCC7xhD0o7FBHdKXZxMRFspQ,GOOGL,Amazon,buy,2026-01-27,2026-01-27,external_provider,data/exports/research_grade_analysis/05_event_timeline_dataset.csv,data/exports/final_paper_package/02_event_study_robustness_table.csv (aggregate); event-level canonical return file not committed,True,True,False,True,aggregate_only_no_event_membership_file,True,locked_event_manifest_from_committed_artifacts
locked_artifact_sample_v1_2026-05-16,644,061mMhIHwAo,061mMhIHwAo,061mMhIHwAo,Jose Najarro Stocks,UCC7xhD0o7FBHdKXZxMRFspQ,AMZN,Alphabet,buy,2026-01-27,2026-01-27,external_provider,data/exports/research_grade_analysis/05_event_timeline_dataset.csv,data/exports/final_paper_package/02_event_study_robustness_table.csv (aggregate); event-level canonical return file not committed,True,True,False,True,aggregate_only_no_event_membership_file,True,locked_event_manifest_from_committed_artifacts
locked_artifact_sample_v1_2026-05-16,645,3z4R3WdBgRs,3z4R3WdBgRs,3z4R3WdBgRs,"Mark Roussin, CPA",UCC7xhD0o7FBHdKXZxMRFspQ,MSFT,Apple,buy,2025-03-29,2025-03-31,external_provider,data/exports/research_grade_analysis/05_event_timeline_dataset.csv,data/exports/final_paper_package/02_event_study_robustness_table.csv (aggregate); event-level canonical return file not committed,True,True,True,True,aggregate_only_no_event_membership_file,True,locked_event_manifest_from_committed_artifacts
locked_artifact_sample_v1_2026-05-16,646,6HzyLo0qD7E,6HzyLo0qD7E,6HzyLo0qD7E,"Mark Roussin, CPA",UCC7xhD0o7FBHdKXZxMRFspQ,GOOGL,Tesla,buy,2025-05-17,2025-05-19,external_provider,data/exports/research_grade_analysis/05_event_timeline_dataset.csv,data/exports/final_paper_package/02_event_study_robustness_table.csv (aggregate); event-level canonical return file not committed,True,True,True,True,aggregate_only_no_event_membership_file,True,locked_event_manifest_from_committed_artifacts
locked_artifact_sample_v1_2026-05-16,647,6HzyLo0qD7E,6HzyLo0qD7E,6HzyLo0qD7E,"Mark Roussin, CPA",UC5cEHfCr6WOE1R1zcohd1IA,AMD,Nvidia,buy,2025-05-17,2025-05-19,external_provider,data/exports/research_grade_analysis/05_event_timeline_dataset.csv,data/exports/final_paper_package/02_event_study_robustness_table.csv (aggregate); event-level canonical return file not committed,True,False,True,True,aggregate_only_no_event_membership_file,True,locked_event_manifest_from_committed_artifacts
locked_artifact_sample_v1_2026-05-16,648,9eKmFGuV38g,9eKmFGuV38g,9eKmFGuV38g,The Investor Channel,UCrGLm-Drgv0vbbemwwHeXJw,AMD,Amazon,buy,2024-08-02,2024-08-02,external_provider,data/exports/research_grade_analysis/05_event_timeline_dataset.csv,data/exports/final_paper_package/02_event_study_robustness_table.csv (aggregate); event-level canonical return file not committed,True,False,False,True,aggregate_only_no_event_membership_file,True,locked_event_manifest_from_committed_artifacts
locked_artifact_sample_v1_2026-05-16,649,9eKmFGuV38g,9eKmFGuV38g,9eKmFGuV38g,The Investor Channel,UC7r4-nZ4icT8SIcnisXFSHQ,MSFT,Netflix,buy,2024-08-02,2024-08-02,external_provider,data/exports/research_grade_analysis/05_event_timeline_dataset.csv,data/exports/final_paper_package/02_event_study_robustness_table.csv (aggregate); event-level canonical return file not committed,True,False,False,True,aggregate_only_no_event_membership_file,True,locked_event_manifest_from_committed_artifacts
locked_artifact_sample_v1_2026-05-16,650,9eKmFGuV38g,9eKmFGuV38g,9eKmFGuV38g,The Investor Channel,UC7r4-nZ4icT8SIcnisXFSHQ,TSLA,Netflix,buy,2024-08-02,2024-08-02,external_provider,data/exports/research_grade_analysis/05_event_timeline_dataset.csv,data/exports/final_paper_package/02_event_study_robustness_table.csv (aggregate); event-level canonical return file not committed,True,True,False,True,aggregate_only_no_event_membership_file,True,locked_event_manifest_from_committed_artifacts
locked_artifact_sample_v1_2026-05-16,651,F0jcfe1ChZI,F0jcfe1ChZI,F0jcfe1ChZI,"Mark Roussin, CPA",UCL-F-8nxFtFZ4M3RWkGn6Qw,SOFI,Alphabet,buy,2025-04-29,2025-04-29,external_provider,data/exports/research_grade_analysis/05_event_timeline_dataset.csv,data/exports/final_paper_package/02_event_study_robustness_table.csv (aggregate); event-level canonical return file not committed,True,False,False,True,aggregate_only_no_event_membership_file,True,locked_event_manifest_from_committed_artifacts
locked_artifact_sample_v1_2026-05-16,652,F50Y0D7RboA,F50Y0D7RboA,F50Y0D7RboA,Jose Najarro Stocks,UC5cEHfCr6WOE1R1zcohd1IA,NVDA,Nvidia,buy,2026-01-26,2026-01-26,external_provider,data/exports/research_grade_analysis/05_event_timeline_dataset.csv,data/exports/final_paper_package/02_event_study_robustness_table.csv (aggregate); event-level canonical return file not committed,True,False,False,True,aggregate_only_no_event_membership_file,True,locked_event_manifest_from_committed_artifacts
locked_artifact_sample_v1_2026-05-16,653,F50Y0D7RboA,F50Y0D7RboA,F50Y0D7RboA,Jose Najarro Stocks,UC5cEHfCr6WOE1R1zcohd1IA,AAPL,Nvidia,buy,2026-01-26,2026-01-26,external_provider,data/exports/research_grade_analysis/05_event_timeline_dataset.csv,data/exports/final_paper_package/02_event_study_robustness_table.csv (aggregate); event-level canonical return file not committed,True,False,False,True,aggregate_only_no_event_membership_file,True,locked_event_manifest_from_committed_artifacts
locked_artifact_sample_v1_2026-05-16,654,F50Y0D7RboA,F50Y0D7RboA,F50Y0D7RboA,Jose Najarro Stocks,UC5cEHfCr6WOE1R1zcohd1IA,META,Nvidia,buy,2026-01-26,2026-01-26,external_provider,data/exports/research_grade_analysis/05_event_timeline_dataset.csv,data/exports/final_paper_package/02_event_study_robustness_table.csv (aggregate); event-level canonical return file not committed,True,False,False,False,aggregate_only_no_event_membership_file,True,locked_event_manifest_from_committed_artifacts
locked_artifact_sample_v1_2026-05-16,655,I9TbGxFlLn0,I9TbGxFlLn0,I9TbGxFlLn0,Daniel Pronk,UCL-F-8nxFtFZ4M3RWkGn6Qw,AMZN,Nvidia,buy,2025-03-05,2025-03-05,external_provider,data/exports/research_grade_analysis/05_event_timeline_dataset.csv,data/exports/final_paper_package/02_event_study_robustness_table.csv (aggregate); event-level canonical return file not committed,True,True,False,True,aggregate_only_no_event_membership_file,True,locked_event_manifest_from_committed_artifacts
locked_artifact_sample_v1_2026-05-16,656,KRTyI-VlrgU,KRTyI-VlrgU,KRTyI-VlrgU,Jose Najarro Stocks,UCL-F-8nxFtFZ4M3RWkGn6Qw,AMD,Nvidia,buy,2026-01-20,2026-01-20,external_provider,data/exports/research_grade_analysis/05_event_timeline_dataset.csv,data/exports/final_paper_package/02_event_study_robustness_table.csv (aggregate); event-level canonical return file not committed,True,False,False,False,aggregate_only_no_event_membership_file,True,locked_event_manifest_from_committed_artifacts
locked_artifact_sample_v1_2026-05-16,657,MTf2pSEkct0,MTf2pSEkct0,MTf2pSEkct0,The Investor Channel,UCL-F-8nxFtFZ4M3RWkGn6Qw,GOOGL,Nvidia,buy,2024-07-23,2024-07-23,external_provider,data/exports/research_grade_analysis/05_event_timeline_dataset.csv,data/exports/final_paper_package/02_event_study_robustness_table.csv (aggregate); event-level canonical return file not committed,True,False,False,True,aggregate_only_no_event_membership_file,True,locked_event_manifest_from_committed_artifacts
locked_artifact_sample_v1_2026-05-16,658,PLV20YplFpk,PLV20YplFpk,PLV20YplFpk,Couch Investor,UCL-F-8nxFtFZ4M3RWkGn6Qw,PYPL,Nvidia,buy,2025-12-22,2025-12-22,external_provider,data/exports/research_grade_analysis/05_event_timeline_dataset.csv,data/exports/final_paper_package/02_event_study_robustness_table.csv (aggregate); event-level canonical return file not committed,True,True,False,True,aggregate_only_no_event_membership_file,True,locked_event_manifest_from_committed_artifacts
locked_artifact_sample_v1_2026-05-16,659,PLV20YplFpk,PLV20YplFpk,PLV20YplFpk,Couch Investor,UCLxMEPUoHpKq4PEk85RZn9A,TSLA,Nvidia,buy,2025-12-22,2025-12-22,external_provider,data/exports/research_grade_analysis/05_event_timeline_dataset.csv,data/exports/final_paper_package/02_event_study_robustness_table.csv (aggregate); event-level canonical return file not committed,True,True,False,True,aggregate_only_no_event_membership_file,True,locked_event_manifest_from_committed_artifacts
locked_artifact_sample_v1_2026-05-16,660,QBZPFkWrjY4,QBZPFkWrjY4,QBZPFkWrjY4,Jose Najarro Stocks,UCgCh-2AfEBtWrNBC2OoNQYg,AMD,Nvidia,buy,2026-01-23,2026-01-23,external_provider,data/exports/research_grade_analysis/05_event_timeline_dataset.csv,data/exports/final_paper_package/02_event_study_robustness_table.csv (aggregate); event-level canonical return file not committed,True,False,False,True,aggregate_only_no_event_membership_file,True,locked_event_manifest_from_committed_artifacts
locked_artifact_sample_v1_2026-05-16,661,QBZPFkWrjY4,QBZPFkWrjY4,QBZPFkWrjY4,Jose Najarro Stocks,UCC7xhD0o7FBHdKXZxMRFspQ,MSFT,Nvidia,buy,2026-01-23,2026-01-23,external_provider,data/exports/research_grade_analysis/05_event_timeline_dataset.csv,data/exports/final_paper_package/02_event_study_robustness_table.csv (aggregate); event-level canonical return file not committed,True,False,False,True,aggregate_only_no_event_membership_file,True,locked_event_manifest_from_committed_artifacts
locked_artifact_sample_v1_2026-05-16,662,QBZPFkWrjY4,QBZPFkWrjY4,QBZPFkWrjY4,Jose Najarro Stocks,UC7r4-nZ4icT8SIcnisXFSHQ,TSLA,Amazon,buy,2026-01-23,2026-01-23,external_provider,data/exports/research_grade_analysis/05_event_timeline_dataset.csv,data/exports/final_paper_package/02_event_study_robustness_table.csv (aggregate); event-level canonical return file not committed,True,False,False,True,aggregate_only_no_event_membership_file,True,locked_event_manifest_from_committed_artifacts
locked_artifact_sample_v1_2026-05-16,663,UTQ26wh6hgQ,UTQ26wh6hgQ,UTQ26wh6hgQ,"Value Investing with Sven Carlin, Ph.D.",UC7r4-nZ4icT8SIcnisXFSHQ,AAPL,Netflix,sell,2025-09-10,2025-09-10,external_provider,data/exports/research_grade_analysis/05_event_timeline_dataset.csv,data/exports/final_paper_package/02_event_study_robustness_table.csv (aggregate); event-level canonical return file not committed,True,True,True,True,aggregate_only_no_event_membership_file,True,locked_event_manifest_from_committed_artifacts
locked_artifact_sample_v1_2026-05-16,664,UTQ26wh6hgQ,UTQ26wh6hgQ,UTQ26wh6hgQ,"Value Investing with Sven Carlin, Ph.D.",UC7r4-nZ4icT8SIcnisXFSHQ,AAPL,Netflix,sell,2025-09-10,2025-09-10,external_provider,data/exports/research_grade_analysis/05_event_timeline_dataset.csv,data/exports/final_paper_package/02_event_study_robustness_table.csv (aggregate); event-level canonical return file not committed,True,True,True,False,aggregate_only_no_event_membership_file,True,locked_event_manifest_from_committed_artifacts
locked_artifact_sample_v1_2026-05-16,665,UTQ26wh6hgQ,UTQ26wh6hgQ,UTQ26wh6hgQ,"Value Investing with Sven Carlin, Ph.D.",UC7r4-nZ4icT8SIcnisXFSHQ,AMZN,PayPal,buy,2025-09-10,2025-09-10,external_provider,data/exports/research_grade_analysis/05_event_timeline_dataset.csv,data/exports/final_paper_package/02_event_study_robustness_table.csv (aggregate); event-level canonical return file not committed,True,True,True,True,aggregate_only_no_event_membership_file,True,locked_event_manifest_from_committed_artifacts
locked_artifact_sample_v1_2026-05-16,666,VPO0PCjRmRY,VPO0PCjRmRY,VPO0PCjRmRY,Daniel Pronk,UC7r4-nZ4icT8SIcnisXFSHQ,AMZN,Alphabet,buy,2025-03-11,2025-03-11,external_provider,data/exports/research_grade_analysis/05_event_timeline_dataset.csv,data/exports/final_paper_package/02_event_study_robustness_table.csv (aggregate); event-level canonical return file not committed,True,True,False,True,aggregate_only_no_event_membership_file,True,locked_event_manifest_from_committed_artifacts
locked_artifact_sample_v1_2026-05-16,667,XTlUWtaAG3M,XTlUWtaAG3M,XTlUWtaAG3M,The Investor Channel,UC7r4-nZ4icT8SIcnisXFSHQ,AMD,Tesla,buy,2024-07-30,2024-07-30,external_provider,data/exports/research_grade_analysis/05_event_timeline_dataset.csv,data/exports/final_paper_package/02_event_study_robustness_table.csv (aggregate); event-level canonical return file not committed,True,False,False,True,aggregate_only_no_event_membership_file,True,locked_event_manifest_from_committed_artifacts
locked_artifact_sample_v1_2026-05-16,668,XTlUWtaAG3M,XTlUWtaAG3M,XTlUWtaAG3M,The Investor Channel,UCrTTBSUr0zhPU56UQljag5A,GOOGL,Alphabet,buy,2024-07-30,2024-07-30,external_provider,data/exports/research_grade_analysis/05_event_timeline_dataset.csv,data/exports/final_paper_package/02_event_study_robustness_table.csv (aggregate); event-level canonical return file not committed,True,False,False,True,aggregate_only_no_event_membership_file,True,locked_event_manifest_from_committed_artifacts
locked_artifact_sample_v1_2026-05-16,669,XrKLFEvv3ss,XrKLFEvv3ss,XrKLFEvv3ss,The Investor Channel,UCL-F-8nxFtFZ4M3RWkGn6Qw,NFLX,Meta,buy,2024-07-12,2024-07-12,external_provider,data/exports/research_grade_analysis/05_event_timeline_dataset.csv,data/exports/final_paper_package/02_event_study_robustness_table.csv (aggregate); event-level canonical return file not committed,True,False,False,True,aggregate_only_no_event_membership_file,True,locked_event_manifest_from_committed_artifacts
locked_artifact_sample_v1_2026-05-16,670,XrKLFEvv3ss,XrKLFEvv3ss,XrKLFEvv3ss,The Investor Channel,UCL-F-8nxFtFZ4M3RWkGn6Qw,MSFT,Meta,buy,2024-07-12,2024-07-12,external_provider,data/exports/research_grade_analysis/05_event_timeline_dataset.csv,data/exports/final_paper_package/02_event_study_robustness_table.csv (aggregate); event-level canonical return file not committed,True,True,False,True,aggregate_only_no_event_membership_file,True,locked_event_manifest_from_committed_artifacts
locked_artifact_sample_v1_2026-05-16,671,XrKLFEvv3ss,XrKLFEvv3ss,XrKLFEvv3ss,The Investor Channel,UCL-F-8nxFtFZ4M3RWkGn6Qw,TSLA,Meta,buy,2024-07-12,2024-07-12,external_provider,data/exports/research_grade_analysis/05_event_timeline_dataset.csv,data/exports/final_paper_package/02_event_study_robustness_table.csv (aggregate); event-level canonical return file not committed,True,True,False,True,aggregate_only_no_event_membership_file,True,locked_event_manifest_from_committed_artifacts
locked_artifact_sample_v1_2026-05-16,672,XvyPcBUIg1o,XvyPcBUIg1o,XvyPcBUIg1o,The Investor Channel,UCL-F-8nxFtFZ4M3RWkGn6Qw,AAPL,Microsoft,buy,2024-08-01,2024-08-01,external_provider,data/exports/research_grade_analysis/05_event_timeline_dataset.csv,data/exports/final_paper_package/02_event_study_robustness_table.csv (aggregate); event-level canonical return file not committed,True,False,False,True,aggregate_only_no_event_membership_file,True,locked_event_manifest_from_committed_artifacts
locked_artifact_sample_v1_2026-05-16,673,YtXLGN64_Ko,YtXLGN64_Ko,YtXLGN64_Ko,The Investor Channel,UCL-F-8nxFtFZ4M3RWkGn6Qw,MSFT,Microsoft,buy,2024-07-30,2024-07-30,external_provider,data/exports/research_grade_analysis/05_event_timeline_dataset.csv,data/exports/final_paper_package/02_event_study_robustness_table.csv (aggregate); event-level canonical return file not committed,True,False,False,True,aggregate_only_no_event_membership_file,True,locked_event_manifest_from_committed_artifacts
locked_artifact_sample_v1_2026-05-16,674,YtXLGN64_Ko,YtXLGN64_Ko,YtXLGN64_Ko,The Investor Channel,UCL-F-8nxFtFZ4M3RWkGn6Qw,MSFT,Alphabet,buy,2024-07-30,2024-07-30,external_provider,data/exports/research_grade_analysis/05_event_timeline_dataset.csv,data/exports/final_paper_package/02_event_study_robustness_table.csv (aggregate); event-level canonical return file not committed,True,False,False,False,aggregate_only_no_event_membership_file,True,locked_event_manifest_from_committed_artifacts
locked_artifact_sample_v1_2026-05-16,675,YtXLGN64_Ko,YtXLGN64_Ko,YtXLGN64_Ko,The Investor Channel,UCL-F-8nxFtFZ4M3RWkGn6Qw,MSFT,Amazon,sell,2024-07-30,2024-07-30,external_provider,data/exports/research_grade_analysis/05_event_timeline_dataset.csv,data/exports/final_paper_package/02_event_study_robustness_table.csv (aggregate); event-level canonical return file not committed,True,False,False,False,aggregate_only_no_event_membership_file,True,locked_event_manifest_from_committed_artifacts
locked_artifact_sample_v1_2026-05-16,676,YtXLGN64_Ko,YtXLGN64_Ko,YtXLGN64_Ko,The Investor Channel,UCL-F-8nxFtFZ4M3RWkGn6Qw,MSFT,Amazon,buy,2024-07-30,2024-07-30,external_provider,data/exports/research_grade_analysis/05_event_timeline_dataset.csv,data/exports/final_paper_package/02_event_study_robustness_table.csv (aggregate); event-level canonical return file not committed,True,False,False,False,aggregate_only_no_event_membership_file,True,locked_event_manifest_from_committed_artifacts
locked_artifact_sample_v1_2026-05-16,677,YtXLGN64_Ko,YtXLGN64_Ko,YtXLGN64_Ko,The Investor Channel,UC7r4-nZ4icT8SIcnisXFSHQ,MSFT,Nvidia,buy,2024-07-30,2024-07-30,external_provider,data/exports/research_grade_analysis/05_event_timeline_dataset.csv,data/exports/final_paper_package/02_event_study_robustness_table.csv (aggregate); event-level canonical return file not committed,True,False,False,False,aggregate_only_no_event_membership_file,True,locked_event_manifest_from_committed_artifacts
locked_artifact_sample_v1_2026-05-16,678,b_hHuv_Phtg,b_hHuv_Phtg,b_hHuv_Phtg,"Mark Roussin, CPA",UC7r4-nZ4icT8SIcnisXFSHQ,AMZN,Apple,sell,2025-03-11,2025-03-11,external_provider,data/exports/research_grade_analysis/05_event_timeline_dataset.csv,data/exports/final_paper_package/02_event_study_robustness_table.csv (aggregate); event-level canonical return file not committed,True,True,False,True,aggregate_only_no_event_membership_file,True,locked_event_manifest_from_committed_artifacts
locked_artifact_sample_v1_2026-05-16,679,b_hHuv_Phtg,b_hHuv_Phtg,b_hHuv_Phtg,"Mark Roussin, CPA",UC7r4-nZ4icT8SIcnisXFSHQ,NVDA,Netflix,sell,2025-03-11,2025-03-11,external_provider,data/exports/research_grade_analysis/05_event_timeline_dataset.csv,data/exports/final_paper_package/02_event_study_robustness_table.csv (aggregate); event-level canonical return file not committed,True,False,False,True,aggregate_only_no_event_membership_file,True,locked_event_manifest_from_committed_artifacts
locked_artifact_sample_v1_2026-05-16,680,cKjp0N59XwE,cKjp0N59XwE,cKjp0N59XwE,Couch Investor,UCrGLm-Drgv0vbbemwwHeXJw,NFLX,PayPal,buy,2025-12-24,2025-12-24,external_provider,data/exports/research_grade_analysis/05_event_timeline_dataset.csv,data/exports/final_paper_package/02_event_study_robustness_table.csv (aggregate); event-level canonical return file not committed,True,False,False,True,aggregate_only_no_event_membership_file,True,locked_event_manifest_from_committed_artifacts
locked_artifact_sample_v1_2026-05-16,681,fhilgLVRlis,fhilgLVRlis,fhilgLVRlis,The Investor Channel,UC7r4-nZ4icT8SIcnisXFSHQ,TSLA,Nvidia,sell,2024-07-23,2024-07-23,external_provider,data/exports/research_grade_analysis/05_event_timeline_dataset.csv,data/exports/final_paper_package/02_event_study_robustness_table.csv (aggregate); event-level canonical return file not committed,True,False,False,True,aggregate_only_no_event_membership_file,True,locked_event_manifest_from_committed_artifacts
locked_artifact_sample_v1_2026-05-16,682,fhilgLVRlis,fhilgLVRlis,fhilgLVRlis,The Investor Channel,UC7r4-nZ4icT8SIcnisXFSHQ,TSLA,Tesla,buy,2024-07-23,2024-07-23,external_provider,data/exports/research_grade_analysis/05_event_timeline_dataset.csv,data/exports/final_paper_package/02_event_study_robustness_table.csv (aggregate); event-level canonical return file not committed,True,False,False,False,aggregate_only_no_event_membership_file,True,locked_event_manifest_from_committed_artifacts
locked_artifact_sample_v1_2026-05-16,683,pTQXWJvkCoU,pTQXWJvkCoU,pTQXWJvkCoU,Jose Najarro Stocks,UCrGLm-Drgv0vbbemwwHeXJw,GOOGL,PayPal,sell,2026-01-28,2026-01-28,external_provider,data/exports/research_grade_analysis/05_event_timeline_dataset.csv,data/exports/final_paper_package/02_event_study_robustness_table.csv (aggregate); event-level canonical return file not committed,True,False,False,True,aggregate_only_no_event_membership_file,True,locked_event_manifest_from_committed_artifacts
locked_artifact_sample_v1_2026-05-16,684,pTQXWJvkCoU,pTQXWJvkCoU,pTQXWJvkCoU,Jose Najarro Stocks,UC7r4-nZ4icT8SIcnisXFSHQ,META,Uber,sell,2026-01-28,2026-01-28,external_provider,data/exports/research_grade_analysis/05_event_timeline_dataset.csv,data/exports/final_paper_package/02_event_study_robustness_table.csv (aggregate); event-level canonical return file not committed,True,False,False,True,aggregate_only_no_event_membership_file,True,locked_event_manifest_from_committed_artifacts
locked_artifact_sample_v1_2026-05-16,685,sVOEBCiQQkk,sVOEBCiQQkk,sVOEBCiQQkk,Daniel Pronk,UC5cEHfCr6WOE1R1zcohd1IA,AMZN,Nvidia,sell,2025-03-15,2025-03-17,external_provider,data/exports/research_grade_analysis/05_event_timeline_dataset.csv,data/exports/final_paper_package/02_event_study_robustness_table.csv (aggregate); event-level canonical return file not committed,True,True,True,True,aggregate_only_no_event_membership_file,True,locked_event_manifest_from_committed_artifacts
locked_artifact_sample_v1_2026-05-16,686,sVOEBCiQQkk,sVOEBCiQQkk,sVOEBCiQQkk,Daniel Pronk,UC5cEHfCr6WOE1R1zcohd1IA,AMZN,,buy,2025-03-15,2025-03-17,external_provider,data/exports/research_grade_analysis/05_event_timeline_dataset.csv,data/exports/final_paper_package/02_event_study_robustness_table.csv (aggregate); event-level canonical return file not committed,True,True,True,False,aggregate_only_no_event_membership_file,True,locked_event_manifest_from_committed_artifacts
locked_artifact_sample_v1_2026-05-16,687,sVOEBCiQQkk,sVOEBCiQQkk,sVOEBCiQQkk,Daniel Pronk,UCrGLm-Drgv0vbbemwwHeXJw,AMZN,Meta,buy,2025-03-15,2025-03-17,external_provider,data/exports/research_grade_analysis/05_event_timeline_dataset.csv,data/exports/final_paper_package/02_event_study_robustness_table.csv (aggregate); event-level canonical return file not committed,True,True,True,False,aggregate_only_no_event_membership_file,True,locked_event_manifest_from_committed_artifacts
locked_artifact_sample_v1_2026-05-16,688,sVOEBCiQQkk,sVOEBCiQQkk,sVOEBCiQQkk,Daniel Pronk,UCC7xhD0o7FBHdKXZxMRFspQ,GOOGL,Uber,sell,2025-03-15,2025-03-17,external_provider,data/exports/research_grade_analysis/05_event_timeline_dataset.csv,data/exports/final_paper_package/02_event_study_robustness_table.csv (aggregate); event-level canonical return file not committed,True,False,True,True,aggregate_only_no_event_membership_file,True,locked_event_manifest_from_committed_artifacts
locked_artifact_sample_v1_2026-05-16,689,sVOEBCiQQkk,sVOEBCiQQkk,sVOEBCiQQkk,Daniel Pronk,UCrGLm-Drgv0vbbemwwHeXJw,GOOGL,SoFi,buy,2025-03-15,2025-03-17,external_provider,data/exports/research_grade_analysis/05_event_timeline_dataset.csv,data/exports/final_paper_package/02_event_study_robustness_table.csv (aggregate); event-level canonical return file not committed,True,False,True,False,aggregate_only_no_event_membership_file,True,locked_event_manifest_from_committed_artifacts
locked_artifact_sample_v1_2026-05-16,690,sVOEBCiQQkk,sVOEBCiQQkk,sVOEBCiQQkk,Daniel Pronk,UC7r4-nZ4icT8SIcnisXFSHQ,MSFT,Amazon,sell,2025-03-15,2025-03-17,external_provider,data/exports/research_grade_analysis/05_event_timeline_dataset.csv,data/exports/final_paper_package/02_event_study_robustness_table.csv (aggregate); event-level canonical return file not committed,True,True,True,True,aggregate_only_no_event_membership_file,True,locked_event_manifest_from_committed_artifacts
locked_artifact_sample_v1_2026-05-16,691,tna5Ua3foyI,tna5Ua3foyI,tna5Ua3foyI,Couch Investor,UC7r4-nZ4icT8SIcnisXFSHQ,SOFI,Alphabet,buy,2026-01-02,2026-01-02,external_provider,data/exports/research_grade_analysis/05_event_timeline_dataset.csv,data/exports/final_paper_package/02_event_study_robustness_table.csv (aggregate); event-level canonical return file not committed,True,False,True,True,aggregate_only_no_event_membership_file,True,locked_event_manifest_from_committed_artifacts
locked_artifact_sample_v1_2026-05-16,692,uix1ZJiwrPs,uix1ZJiwrPs,uix1ZJiwrPs,Jose Najarro Stocks,UCwKB_00dPL3x5XmHF9IJCrg,AMD,SoFi,buy,2026-01-22,2026-01-22,external_provider,data/exports/research_grade_analysis/05_event_timeline_dataset.csv,data/exports/final_paper_package/02_event_study_robustness_table.csv (aggregate); event-level canonical return file not committed,True,False,False,True,aggregate_only_no_event_membership_file,True,locked_event_manifest_from_committed_artifacts
locked_artifact_sample_v1_2026-05-16,693,uix1ZJiwrPs,uix1ZJiwrPs,uix1ZJiwrPs,Jose Najarro Stocks,UCwKB_00dPL3x5XmHF9IJCrg,MSFT,SoFi,sell,2026-01-22,2026-01-22,external_provider,data/exports/research_grade_analysis/05_event_timeline_dataset.csv,data/exports/final_paper_package/02_event_study_robustness_table.csv (aggregate); event-level canonical return file not committed,True,False,False,True,aggregate_only_no_event_membership_file,True,locked_event_manifest_from_committed_artifacts
locked_artifact_sample_v1_2026-05-16,694,va6CBbAJmgY,va6CBbAJmgY,va6CBbAJmgY,The Investor Channel,UCrGLm-Drgv0vbbemwwHeXJw,NVDA,Alphabet,sell,2024-08-29,2024-08-29,external_provider,data/exports/research_grade_analysis/05_event_timeline_dataset.csv,data/exports/final_paper_package/02_event_study_robustness_table.csv (aggregate); event-level canonical return file not committed,True,False,False,True,aggregate_only_no_event_membership_file,True,locked_event_manifest_from_committed_artifacts
locked_artifact_sample_v1_2026-05-16,695,xSI8A133f9Y,xSI8A133f9Y,xSI8A133f9Y,Jose Najarro Stocks,UCrGLm-Drgv0vbbemwwHeXJw,META,Meta,buy,2026-01-28,2026-01-28,external_provider,data/exports/research_grade_analysis/05_event_timeline_dataset.csv,data/exports/final_paper_package/02_event_study_robustness_table.csv (aggregate); event-level canonical return file not committed,True,False,False,False,aggregate_only_no_event_membership_file,True,locked_event_manifest_from_committed_artifacts
locked_artifact_sample_v1_2026-05-16,696,xSI8A133f9Y,xSI8A133f9Y,xSI8A133f9Y,Jose Najarro Stocks,UCC7xhD0o7FBHdKXZxMRFspQ,META,Nvidia,buy,2026-01-28,2026-01-28,external_provider,data/exports/research_grade_analysis/05_event_timeline_dataset.csv,data/exports/final_paper_package/02_event_study_robustness_table.csv (aggregate); event-level canonical return file not committed,True,False,False,False,aggregate_only_no_event_membership_file,True,locked_event_manifest_from_committed_artifacts
locked_artifact_sample_v1_2026-05-16,697,xSI8A133f9Y,xSI8A133f9Y,xSI8A133f9Y,Jose Najarro Stocks,UCC7xhD0o7FBHdKXZxMRFspQ,MSFT,Netflix,buy,2026-01-28,2026-01-28,external_provider,data/exports/research_grade_analysis/05_event_timeline_dataset.csv,data/exports/final_paper_package/02_event_study_robustness_table.csv (aggregate); event-level canonical return file not committed,True,False,False,True,aggregate_only_no_event_membership_file,True,locked_event_manifest_from_committed_artifacts
locked_artifact_sample_v1_2026-05-16,698,xSI8A133f9Y,xSI8A133f9Y,xSI8A133f9Y,Jose Najarro Stocks,UC7r4-nZ4icT8SIcnisXFSHQ,MSFT,Amazon,sell,2026-01-28,2026-01-28,external_provider,data/exports/research_grade_analysis/05_event_timeline_dataset.csv,data/exports/final_paper_package/02_event_study_robustness_table.csv (aggregate); event-level canonical return file not committed,True,False,False,False,aggregate_only_no_event_membership_file,True,locked_event_manifest_from_committed_artifacts
locked_artifact_sample_v1_2026-05-16,699,xSI8A133f9Y,xSI8A133f9Y,xSI8A133f9Y,Jose Najarro Stocks,UC7r4-nZ4icT8SIcnisXFSHQ,MSFT,Amazon,sell,2026-01-28,2026-01-28,external_provider,data/exports/research_grade_analysis/05_event_timeline_dataset.csv,data/exports/final_paper_package/02_event_study_robustness_table.csv (aggregate); event-level canonical return file not committed,True,False,False,False,aggregate_only_no_event_membership_file,True,locked_event_manifest_from_committed_artifacts
locked_artifact_sample_v1_2026-05-16,700,xSI8A133f9Y,xSI8A133f9Y,xSI8A133f9Y,Jose Najarro Stocks,UC7r4-nZ4icT8SIcnisXFSHQ,AMD,Tesla,buy,2026-01-28,2026-01-28,external_provider,data/exports/research_grade_analysis/05_event_timeline_dataset.csv,data/exports/final_paper_package/02_event_study_robustness_table.csv (aggregate); event-level canonical return file not committed,True,False,False,True,aggregate_only_no_event_membership_file,True,locked_event_manifest_from_committed_artifacts
locked_artifact_sample_v1_2026-05-16,701,xSI8A133f9Y,xSI8A133f9Y,xSI8A133f9Y,Jose Najarro Stocks,UC7r4-nZ4icT8SIcnisXFSHQ,AMD,Nvidia,buy,2026-01-28,2026-01-28,external_provider,data/exports/research_grade_analysis/05_event_timeline_dataset.csv,data/exports/final_paper_package/02_event_study_robustness_table.csv (aggregate); event-level canonical return file not committed,True,False,False,False,aggregate_only_no_event_membership_file,True,locked_event_manifest_from_committed_artifacts
locked_artifact_sample_v1_2026-05-16,702,xSI8A133f9Y,xSI8A133f9Y,xSI8A133f9Y,Jose Najarro Stocks,UC7r4-nZ4icT8SIcnisXFSHQ,TSLA,Nvidia,sell,2026-01-28,2026-01-28,external_provider,data/exports/research_grade_analysis/05_event_timeline_dataset.csv,data/exports/final_paper_package/02_event_study_robustness_table.csv (aggregate); event-level canonical return file not committed,True,False,False,True,aggregate_only_no_event_membership_file,True,locked_event_manifest_from_committed_artifacts
locked_artifact_sample_v1_2026-05-16,703,xSI8A133f9Y,xSI8A133f9Y,xSI8A133f9Y,Jose Najarro Stocks,UCC7xhD0o7FBHdKXZxMRFspQ,TSLA,Microsoft,sell,2026-01-28,2026-01-28,external_provider,data/exports/research_grade_analysis/05_event_timeline_dataset.csv,data/exports/final_paper_package/02_event_study_robustness_table.csv (aggregate); event-level canonical return file not committed,True,False,False,False,aggregate_only_no_event_membership_file,True,locked_event_manifest_from_committed_artifacts
locked_artifact_sample_v1_2026-05-16,704,zHfdl-0tI-4,zHfdl-0tI-4,zHfdl-0tI-4,Jose Najarro Stocks,UCC7xhD0o7FBHdKXZxMRFspQ,AMD,Microsoft,buy,2026-01-21,2026-01-21,external_provider,data/exports/research_grade_analysis/05_event_timeline_dataset.csv,data/exports/final_paper_package/02_event_study_robustness_table.csv (aggregate); event-level canonical return file not committed,True,False,False,True,aggregate_only_no_event_membership_file,True,locked_event_manifest_from_committed_artifacts
locked_artifact_sample_v1_2026-05-16,705,zHfdl-0tI-4,zHfdl-0tI-4,zHfdl-0tI-4,Jose Najarro Stocks,UCC7xhD0o7FBHdKXZxMRFspQ,META,Apple,buy,2026-01-21,2026-01-21,external_provider,data/exports/research_grade_analysis/05_event_timeline_dataset.csv,data/exports/final_paper_package/02_event_study_robustness_table.csv (aggregate); event-level canonical return file not committed,True,False,False,True,aggregate_only_no_event_membership_file,True,locked_event_manifest_from_committed_artifacts
locked_artifact_sample_v1_2026-05-16,706,-bIZUuxNK8Y,-bIZUuxNK8Y,-bIZUuxNK8Y,"Parkev Tatevosian, CFA",UC7r4-nZ4icT8SIcnisXFSHQ,NFLX,Nvidia,buy,2026-04-18,2026-04-20,external_provider,data/exports/research_grade_analysis/05_event_timeline_dataset.csv,data/exports/final_paper_package/02_event_study_robustness_table.csv (aggregate); event-level canonical return file not committed,True,False,True,True,aggregate_only_no_event_membership_file,True,recent_intraday_diagnostic_available
locked_artifact_sample_v1_2026-05-16,707,0547qV7-oBY,0547qV7-oBY,0547qV7-oBY,Couch Investor,UC7r4-nZ4icT8SIcnisXFSHQ,GOOGL,Nvidia,sell,2026-01-31,2026-02-02,external_provider,data/exports/research_grade_analysis/05_event_timeline_dataset.csv,data/exports/final_paper_package/02_event_study_robustness_table.csv (aggregate); event-level canonical return file not committed,True,False,True,True,aggregate_only_no_event_membership_file,True,locked_event_manifest_from_committed_artifacts
locked_artifact_sample_v1_2026-05-16,708,3HVmj0ekB3o,3HVmj0ekB3o,3HVmj0ekB3o,"Mark Roussin, CPA",UC7r4-nZ4icT8SIcnisXFSHQ,NVDA,Amazon,sell,2025-05-28,2025-05-28,external_provider,data/exports/research_grade_analysis/05_event_timeline_dataset.csv,data/exports/final_paper_package/02_event_study_robustness_table.csv (aggregate); event-level canonical return file not committed,True,False,False,True,aggregate_only_no_event_membership_file,True,locked_event_manifest_from_committed_artifacts
locked_artifact_sample_v1_2026-05-16,709,4jAHbwDbZTU,4jAHbwDbZTU,4jAHbwDbZTU,Couch Investor,UC7r4-nZ4icT8SIcnisXFSHQ,PYPL,Amazon,buy,2026-02-03,2026-02-03,external_provider,data/exports/research_grade_analysis/05_event_timeline_dataset.csv,data/exports/final_paper_package/02_event_study_robustness_table.csv (aggregate); event-level canonical return file not committed,True,False,True,True,aggregate_only_no_event_membership_file,True,locked_event_manifest_from_committed_artifacts
locked_artifact_sample_v1_2026-05-16,710,6nGar-4acY4,6nGar-4acY4,6nGar-4acY4,Couch Investor,UC7r4-nZ4icT8SIcnisXFSHQ,NFLX,Microsoft,buy,2026-01-11,2026-01-12,external_provider,data/exports/research_grade_analysis/05_event_timeline_dataset.csv,data/exports/final_paper_package/02_event_study_robustness_table.csv (aggregate); event-level canonical return file not committed,True,False,True,True,aggregate_only_no_event_membership_file,True,locked_event_manifest_from_committed_artifacts
locked_artifact_sample_v1_2026-05-16,711,BtM-Yexjpt0,BtM-Yexjpt0,BtM-Yexjpt0,The Investor Channel,UC5cEHfCr6WOE1R1zcohd1IA,TSLA,,buy,2024-09-20,2024-09-20,external_provider,data/exports/research_grade_analysis/05_event_timeline_dataset.csv,data/exports/final_paper_package/02_event_study_robustness_table.csv (aggregate); event-level canonical return file not committed,True,True,False,True,aggregate_only_no_event_membership_file,True,locked_event_manifest_from_committed_artifacts
locked_artifact_sample_v1_2026-05-16,712,DRbD9NQo9lA,DRbD9NQo9lA,DRbD9NQo9lA,Daniel Pronk,UCrGLm-Drgv0vbbemwwHeXJw,AMZN,,buy,2025-05-02,2025-05-02,external_provider,data/exports/research_grade_analysis/05_event_timeline_dataset.csv,data/exports/final_paper_package/02_event_study_robustness_table.csv (aggregate); event-level canonical return file not committed,True,False,False,True,aggregate_only_no_event_membership_file,True,locked_event_manifest_from_committed_artifacts
locked_artifact_sample_v1_2026-05-16,713,DRbD9NQo9lA,DRbD9NQo9lA,DRbD9NQo9lA,Daniel Pronk,UCrGLm-Drgv0vbbemwwHeXJw,GOOGL,Alphabet,buy,2025-05-02,2025-05-02,external_provider,data/exports/research_grade_analysis/05_event_timeline_dataset.csv,data/exports/final_paper_package/02_event_study_robustness_table.csv (aggregate); event-level canonical return file not committed,True,False,False,True,aggregate_only_no_event_membership_file,True,locked_event_manifest_from_committed_artifacts
locked_artifact_sample_v1_2026-05-16,714,HdjAR956Q1s,HdjAR956Q1s,HdjAR956Q1s,Daniel Pronk,UCrGLm-Drgv0vbbemwwHeXJw,GOOGL,Alphabet,buy,2025-03-18,2025-03-18,external_provider,data/exports/research_grade_analysis/05_event_timeline_dataset.csv,data/exports/final_paper_package/02_event_study_robustness_table.csv (aggregate); event-level canonical return file not committed,True,False,False,True,aggregate_only_no_event_membership_file,True,locked_event_manifest_from_committed_artifacts
locked_artifact_sample_v1_2026-05-16,715,HdjAR956Q1s,HdjAR956Q1s,HdjAR956Q1s,Daniel Pronk,UCrGLm-Drgv0vbbemwwHeXJw,GOOGL,Uber,sell,2025-03-18,2025-03-18,external_provider,data/exports/research_grade_analysis/05_event_timeline_dataset.csv,data/exports/final_paper_package/02_event_study_robustness_table.csv (aggregate); event-level canonical return file not committed,True,False,False,False,aggregate_only_no_event_membership_file,True,locked_event_manifest_from_committed_artifacts
locked_artifact_sample_v1_2026-05-16,716,HdjAR956Q1s,HdjAR956Q1s,HdjAR956Q1s,Daniel Pronk,UCrGLm-Drgv0vbbemwwHeXJw,AMZN,Meta,buy,2025-03-18,2025-03-18,external_provider,data/exports/research_grade_analysis/05_event_timeline_dataset.csv,data/exports/final_paper_package/02_event_study_robustness_table.csv (aggregate); event-level canonical return file not committed,True,True,False,True,aggregate_only_no_event_membership_file,True,locked_event_manifest_from_committed_artifacts
locked_artifact_sample_v1_2026-05-16,717,J9hz_gf9zkU,J9hz_gf9zkU,J9hz_gf9zkU,Jose Najarro Stocks,UCrGLm-Drgv0vbbemwwHeXJw,MSFT,Meta,buy,2026-01-29,2026-01-29,external_provider,data/exports/research_grade_analysis/05_event_timeline_dataset.csv,data/exports/final_paper_package/02_event_study_robustness_table.csv (aggregate); event-level canonical return file not committed,True,False,False,True,aggregate_only_no_event_membership_file,True,locked_event_manifest_from_committed_artifacts
locked_artifact_sample_v1_2026-05-16,718,JM26ElOnrOA,JM26ElOnrOA,JM26ElOnrOA,Jose Najarro Stocks,UCrGLm-Drgv0vbbemwwHeXJw,AMD,SoFi,sell,2026-02-04,2026-02-04,external_provider,data/exports/research_grade_analysis/05_event_timeline_dataset.csv,data/exports/final_paper_package/02_event_study_robustness_table.csv (aggregate); event-level canonical return file not committed,True,False,False,True,aggregate_only_no_event_membership_file,True,locked_event_manifest_from_committed_artifacts
locked_artifact_sample_v1_2026-05-16,719,Ks5EmUsapoc,Ks5EmUsapoc,Ks5EmUsapoc,Jose Najarro Stocks,UCrGLm-Drgv0vbbemwwHeXJw,NVDA,Nvidia,sell,2026-02-04,2026-02-04,external_provider,data/exports/research_grade_analysis/05_event_timeline_dataset.csv,data/exports/final_paper_package/02_event_study_robustness_table.csv (aggregate); event-level canonical return file not committed,True,True,False,True,aggregate_only_no_event_membership_file,True,locked_event_manifest_from_committed_artifacts
locked_artifact_sample_v1_2026-05-16,720,Ks5EmUsapoc,Ks5EmUsapoc,Ks5EmUsapoc,Jose Najarro Stocks,UCC7xhD0o7FBHdKXZxMRFspQ,NVDA,,sell,2026-02-04,2026-02-04,external_provider,data/exports/research_grade_analysis/05_event_timeline_dataset.csv,data/exports/final_paper_package/02_event_study_robustness_table.csv (aggregate); event-level canonical return file not committed,True,True,False,False,aggregate_only_no_event_membership_file,True,locked_event_manifest_from_committed_artifacts
locked_artifact_sample_v1_2026-05-16,721,Ks5EmUsapoc,Ks5EmUsapoc,Ks5EmUsapoc,Jose Najarro Stocks,UC7r4-nZ4icT8SIcnisXFSHQ,AMD,Tesla,buy,2026-02-04,2026-02-04,external_provider,data/exports/research_grade_analysis/05_event_timeline_dataset.csv,data/exports/final_paper_package/02_event_study_robustness_table.csv (aggregate); event-level canonical return file not committed,True,False,False,False,aggregate_only_no_event_membership_file,True,locked_event_manifest_from_committed_artifacts
locked_artifact_sample_v1_2026-05-16,722,Ks5EmUsapoc,Ks5EmUsapoc,Ks5EmUsapoc,Jose Najarro Stocks,UC7r4-nZ4icT8SIcnisXFSHQ,AMD,Tesla,sell,2026-02-04,2026-02-04,external_provider,data/exports/research_grade_analysis/05_event_timeline_dataset.csv,data/exports/final_paper_package/02_event_study_robustness_table.csv (aggregate); event-level canonical return file not committed,True,False,False,False,aggregate_only_no_event_membership_file,True,locked_event_manifest_from_committed_artifacts
locked_artifact_sample_v1_2026-05-16,723,Ks5EmUsapoc,Ks5EmUsapoc,Ks5EmUsapoc,Jose Najarro Stocks,UC7r4-nZ4icT8SIcnisXFSHQ,AMD,Apple,buy,2026-02-04,2026-02-04,external_provider,data/exports/research_grade_analysis/05_event_timeline_dataset.csv,data/exports/final_paper_package/02_event_study_robustness_table.csv (aggregate); event-level canonical return file not committed,True,False,False,False,aggregate_only_no_event_membership_file,True,locked_event_manifest_from_committed_artifacts
locked_artifact_sample_v1_2026-05-16,724,Ks5EmUsapoc,Ks5EmUsapoc,Ks5EmUsapoc,Jose Najarro Stocks,UC7r4-nZ4icT8SIcnisXFSHQ,AMD,Amazon,sell,2026-02-04,2026-02-04,external_provider,data/exports/research_grade_analysis/05_event_timeline_dataset.csv,data/exports/final_paper_package/02_event_study_robustness_table.csv (aggregate); event-level canonical return file not committed,True,False,False,False,aggregate_only_no_event_membership_file,True,locked_event_manifest_from_committed_artifacts
locked_artifact_sample_v1_2026-05-16,725,Ks5EmUsapoc,Ks5EmUsapoc,Ks5EmUsapoc,Jose Najarro Stocks,UC7r4-nZ4icT8SIcnisXFSHQ,AMD,Nvidia,buy,2026-02-04,2026-02-04,external_provider,data/exports/research_grade_analysis/05_event_timeline_dataset.csv,data/exports/final_paper_package/02_event_study_robustness_table.csv (aggregate); event-level canonical return file not committed,True,False,False,False,aggregate_only_no_event_membership_file,True,locked_event_manifest_from_committed_artifacts
locked_artifact_sample_v1_2026-05-16,726,Ks5EmUsapoc,Ks5EmUsapoc,Ks5EmUsapoc,Jose Najarro Stocks,UC7r4-nZ4icT8SIcnisXFSHQ,AMD,Alphabet,buy,2026-02-04,2026-02-04,external_provider,data/exports/research_grade_analysis/05_event_timeline_dataset.csv,data/exports/final_paper_package/02_event_study_robustness_table.csv (aggregate); event-level canonical return file not committed,True,False,False,False,aggregate_only_no_event_membership_file,True,locked_event_manifest_from_committed_artifacts
locked_artifact_sample_v1_2026-05-16,727,Ks5EmUsapoc,Ks5EmUsapoc,Ks5EmUsapoc,Jose Najarro Stocks,UC7r4-nZ4icT8SIcnisXFSHQ,AMD,Alphabet,buy,2026-02-04,2026-02-04,external_provider,data/exports/research_grade_analysis/05_event_timeline_dataset.csv,data/exports/final_paper_package/02_event_study_robustness_table.csv (aggregate); event-level canonical return file not committed,True,False,False,False,aggregate_only_no_event_membership_file,True,locked_event_manifest_from_committed_artifacts
locked_artifact_sample_v1_2026-05-16,728,Ks5EmUsapoc,Ks5EmUsapoc,Ks5EmUsapoc,Jose Najarro Stocks,UCL-F-8nxFtFZ4M3RWkGn6Qw,AMD,Nvidia,buy,2026-02-04,2026-02-04,external_provider,data/exports/research_grade_analysis/05_event_timeline_dataset.csv,data/exports/final_paper_package/02_event_study_robustness_table.csv (aggregate); event-level canonical return file not committed,True,False,False,False,aggregate_only_no_event_membership_file,True,locked_event_manifest_from_committed_artifacts
locked_artifact_sample_v1_2026-05-16,729,Ks5EmUsapoc,Ks5EmUsapoc,Ks5EmUsapoc,Jose Najarro Stocks,UCL-F-8nxFtFZ4M3RWkGn6Qw,PYPL,Nvidia,buy,2026-02-04,2026-02-04,external_provider,data/exports/research_grade_analysis/05_event_timeline_dataset.csv,data/exports/final_paper_package/02_event_study_robustness_table.csv (aggregate); event-level canonical return file not committed,True,False,False,True,aggregate_only_no_event_membership_file,True,locked_event_manifest_from_committed_artifacts
locked_artifact_sample_v1_2026-05-16,730,Ks5EmUsapoc,Ks5EmUsapoc,Ks5EmUsapoc,Jose Najarro Stocks,UCL-F-8nxFtFZ4M3RWkGn6Qw,META,Microsoft,buy,2026-02-04,2026-02-04,external_provider,data/exports/research_grade_analysis/05_event_timeline_dataset.csv,data/exports/final_paper_package/02_event_study_robustness_table.csv (aggregate); event-level canonical return file not committed,True,False,False,True,aggregate_only_no_event_membership_file,True,locked_event_manifest_from_committed_artifacts
locked_artifact_sample_v1_2026-05-16,731,Ks5EmUsapoc,Ks5EmUsapoc,Ks5EmUsapoc,Jose Najarro Stocks,UCL-F-8nxFtFZ4M3RWkGn6Qw,META,Alphabet,buy,2026-02-04,2026-02-04,external_provider,data/exports/research_grade_analysis/05_event_timeline_dataset.csv,data/exports/final_paper_package/02_event_study_robustness_table.csv (aggregate); event-level canonical return file not committed,True,False,False,False,aggregate_only_no_event_membership_file,True,locked_event_manifest_from_committed_artifacts
locked_artifact_sample_v1_2026-05-16,732,QPYF3JyP9gc,QPYF3JyP9gc,QPYF3JyP9gc,Daniel Pronk,UCL-F-8nxFtFZ4M3RWkGn6Qw,NVDA,Alphabet,buy,2025-04-09,2025-04-09,external_provider,data/exports/research_grade_analysis/05_event_timeline_dataset.csv,data/exports/final_paper_package/02_event_study_robustness_table.csv (aggregate); event-level canonical return file not committed,True,False,False,True,aggregate_only_no_event_membership_file,True,locked_event_manifest_from_committed_artifacts
locked_artifact_sample_v1_2026-05-16,733,R9dud3MgJZ8,R9dud3MgJZ8,R9dud3MgJZ8,Couch Investor,UCrGLm-Drgv0vbbemwwHeXJw,PYPL,Uber,buy,2026-01-15,2026-01-15,external_provider,data/exports/research_grade_analysis/05_event_timeline_dataset.csv,data/exports/final_paper_package/02_event_study_robustness_table.csv (aggregate); event-level canonical return file not committed,True,True,False,True,aggregate_only_no_event_membership_file,True,locked_event_manifest_from_committed_artifacts
locked_artifact_sample_v1_2026-05-16,734,ROFEegbRrxY,ROFEegbRrxY,ROFEegbRrxY,Jose Najarro Stocks,UCrGLm-Drgv0vbbemwwHeXJw,MSFT,Nvidia,buy,2026-01-30,2026-01-30,external_provider,data/exports/research_grade_analysis/05_event_timeline_dataset.csv,data/exports/final_paper_package/02_event_study_robustness_table.csv (aggregate); event-level canonical return file not committed,True,False,False,True,aggregate_only_no_event_membership_file,True,locked_event_manifest_from_committed_artifacts
locked_artifact_sample_v1_2026-05-16,735,ROFEegbRrxY,ROFEegbRrxY,ROFEegbRrxY,Jose Najarro Stocks,UCrGLm-Drgv0vbbemwwHeXJw,MSFT,Uber,buy,2026-01-30,2026-01-30,external_provider,data/exports/research_grade_analysis/05_event_timeline_dataset.csv,data/exports/final_paper_package/02_event_study_robustness_table.csv (aggregate); event-level canonical return file not committed,True,False,False,False,aggregate_only_no_event_membership_file,True,locked_event_manifest_from_committed_artifacts
locked_artifact_sample_v1_2026-05-16,736,ROFEegbRrxY,ROFEegbRrxY,ROFEegbRrxY,Jose Najarro Stocks,UC7r4-nZ4icT8SIcnisXFSHQ,MSFT,Apple,buy,2026-01-30,2026-01-30,external_provider,data/exports/research_grade_analysis/05_event_timeline_dataset.csv,data/exports/final_paper_package/02_event_study_robustness_table.csv (aggregate); event-level canonical return file not committed,True,False,False,False,aggregate_only_no_event_membership_file,True,locked_event_manifest_from_committed_artifacts
locked_artifact_sample_v1_2026-05-16,737,ROFEegbRrxY,ROFEegbRrxY,ROFEegbRrxY,Jose Najarro Stocks,UC7r4-nZ4icT8SIcnisXFSHQ,NVDA,Nvidia,buy,2026-01-30,2026-01-30,external_provider,data/exports/research_grade_analysis/05_event_timeline_dataset.csv,data/exports/final_paper_package/02_event_study_robustness_table.csv (aggregate); event-level canonical return file not committed,True,False,False,True,aggregate_only_no_event_membership_file,True,locked_event_manifest_from_committed_artifacts
locked_artifact_sample_v1_2026-05-16,738,RVeTgcO9X3w,RVeTgcO9X3w,RVeTgcO9X3w,The Investor Channel,UC7r4-nZ4icT8SIcnisXFSHQ,MSFT,Nvidia,buy,2024-11-01,2024-11-01,external_provider,data/exports/research_grade_analysis/05_event_timeline_dataset.csv,data/exports/final_paper_package/02_event_study_robustness_table.csv (aggregate); event-level canonical return file not committed,True,False,False,True,aggregate_only_no_event_membership_file,True,locked_event_manifest_from_committed_artifacts
locked_artifact_sample_v1_2026-05-16,739,RwQsEcYrDTo,RwQsEcYrDTo,RwQsEcYrDTo,Daniel Pronk,UC7r4-nZ4icT8SIcnisXFSHQ,NFLX,Alphabet,buy,2025-10-22,2025-10-22,external_provider,data/exports/research_grade_analysis/05_event_timeline_dataset.csv,data/exports/final_paper_package/02_event_study_robustness_table.csv (aggregate); event-level canonical return file not committed,True,False,False,True,aggregate_only_no_event_membership_file,True,locked_event_manifest_from_committed_artifacts
locked_artifact_sample_v1_2026-05-16,740,UCgPCZTm3CM,UCgPCZTm3CM,UCgPCZTm3CM,Jose Najarro Stocks,UC7r4-nZ4icT8SIcnisXFSHQ,MSFT,Amazon,buy,2026-02-02,2026-02-02,external_provider,data/exports/research_grade_analysis/05_event_timeline_dataset.csv,data/exports/final_paper_package/02_event_study_robustness_table.csv (aggregate); event-level canonical return file not committed,True,False,False,True,aggregate_only_no_event_membership_file,True,locked_event_manifest_from_committed_artifacts
locked_artifact_sample_v1_2026-05-16,741,UCgPCZTm3CM,UCgPCZTm3CM,UCgPCZTm3CM,Jose Najarro Stocks,UC7r4-nZ4icT8SIcnisXFSHQ,NVDA,Amazon,buy,2026-02-02,2026-02-02,external_provider,data/exports/research_grade_analysis/05_event_timeline_dataset.csv,data/exports/final_paper_package/02_event_study_robustness_table.csv (aggregate); event-level canonical return file not committed,True,True,False,True,aggregate_only_no_event_membership_file,True,locked_event_manifest_from_committed_artifacts
locked_artifact_sample_v1_2026-05-16,742,UCgPCZTm3CM,UCgPCZTm3CM,UCgPCZTm3CM,Jose Najarro Stocks,UC7r4-nZ4icT8SIcnisXFSHQ,META,Microsoft,buy,2026-02-02,2026-02-02,external_provider,data/exports/research_grade_analysis/05_event_timeline_dataset.csv,data/exports/final_paper_package/02_event_study_robustness_table.csv (aggregate); event-level canonical return file not committed,True,False,False,True,aggregate_only_no_event_membership_file,True,locked_event_manifest_from_committed_artifacts
locked_artifact_sample_v1_2026-05-16,743,UCgPCZTm3CM,UCgPCZTm3CM,UCgPCZTm3CM,Jose Najarro Stocks,UCrGLm-Drgv0vbbemwwHeXJw,NFLX,,buy,2026-02-02,2026-02-02,external_provider,data/exports/research_grade_analysis/05_event_timeline_dataset.csv,data/exports/final_paper_package/02_event_study_robustness_table.csv (aggregate); event-level canonical return file not committed,True,True,False,True,aggregate_only_no_event_membership_file,True,locked_event_manifest_from_committed_artifacts
locked_artifact_sample_v1_2026-05-16,744,UCgPCZTm3CM,UCgPCZTm3CM,UCgPCZTm3CM,Jose Najarro Stocks,UCC7xhD0o7FBHdKXZxMRFspQ,NFLX,Nvidia,buy,2026-02-02,2026-02-02,external_provider,data/exports/research_grade_analysis/05_event_timeline_dataset.csv,data/exports/final_paper_package/02_event_study_robustness_table.csv (aggregate); event-level canonical return file not committed,True,True,False,False,aggregate_only_no_event_membership_file,True,locked_event_manifest_from_committed_artifacts
locked_artifact_sample_v1_2026-05-16,745,UECqui19X24,UECqui19X24,UECqui19X24,Daniel Pronk,UCC7xhD0o7FBHdKXZxMRFspQ,TSLA,Apple,buy,2025-04-22,2025-04-22,external_provider,data/exports/research_grade_analysis/05_event_timeline_dataset.csv,data/exports/final_paper_package/02_event_study_robustness_table.csv (aggregate); event-level canonical return file not committed,True,False,False,True,aggregate_only_no_event_membership_file,True,locked_event_manifest_from_committed_artifacts
locked_artifact_sample_v1_2026-05-16,746,UECqui19X24,UECqui19X24,UECqui19X24,Daniel Pronk,UCC7xhD0o7FBHdKXZxMRFspQ,TSLA,Microsoft,sell,2025-04-22,2025-04-22,external_provider,data/exports/research_grade_analysis/05_event_timeline_dataset.csv,data/exports/final_paper_package/02_event_study_robustness_table.csv (aggregate); event-level canonical return file not committed,True,False,False,False,aggregate_only_no_event_membership_file,True,locked_event_manifest_from_committed_artifacts
locked_artifact_sample_v1_2026-05-16,747,UWMfqa2i1Jc,UWMfqa2i1Jc,UWMfqa2i1Jc,Jose Najarro Stocks,UCC7xhD0o7FBHdKXZxMRFspQ,META,Tesla,buy,2026-01-29,2026-01-29,external_provider,data/exports/research_grade_analysis/05_event_timeline_dataset.csv,data/exports/final_paper_package/02_event_study_robustness_table.csv (aggregate); event-level canonical return file not committed,True,False,False,True,aggregate_only_no_event_membership_file,True,locked_event_manifest_from_committed_artifacts
locked_artifact_sample_v1_2026-05-16,748,Xn1iyswilSQ,Xn1iyswilSQ,Xn1iyswilSQ,Jose Najarro Stocks,UCL-F-8nxFtFZ4M3RWkGn6Qw,MSFT,PayPal,buy,2026-02-05,2026-02-05,external_provider,data/exports/research_grade_analysis/05_event_timeline_dataset.csv,data/exports/final_paper_package/02_event_study_robustness_table.csv (aggregate); event-level canonical return file not committed,True,True,False,True,aggregate_only_no_event_membership_file,True,locked_event_manifest_from_committed_artifacts
locked_artifact_sample_v1_2026-05-16,749,Xn1iyswilSQ,Xn1iyswilSQ,Xn1iyswilSQ,Jose Najarro Stocks,UCL-F-8nxFtFZ4M3RWkGn6Qw,MSFT,Amazon,buy,2026-02-05,2026-02-05,external_provider,data/exports/research_grade_analysis/05_event_timeline_dataset.csv,data/exports/final_paper_package/02_event_study_robustness_table.csv (aggregate); event-level canonical return file not committed,True,True,False,False,aggregate_only_no_event_membership_file,True,locked_event_manifest_from_committed_artifacts
locked_artifact_sample_v1_2026-05-16,750,Xn1iyswilSQ,Xn1iyswilSQ,Xn1iyswilSQ,Jose Najarro Stocks,UC5cEHfCr6WOE1R1zcohd1IA,MSFT,Nvidia,buy,2026-02-05,2026-02-05,external_provider,data/exports/research_grade_analysis/05_event_timeline_dataset.csv,data/exports/final_paper_package/02_event_study_robustness_table.csv (aggregate); event-level canonical return file not committed,True,True,False,False,aggregate_only_no_event_membership_file,True,locked_event_manifest_from_committed_artifacts
locked_artifact_sample_v1_2026-05-16,751,Xn1iyswilSQ,Xn1iyswilSQ,Xn1iyswilSQ,Jose Najarro Stocks,UC5cEHfCr6WOE1R1zcohd1IA,MSFT,,buy,2026-02-05,2026-02-05,external_provider,data/exports/research_grade_analysis/05_event_timeline_dataset.csv,data/exports/final_paper_package/02_event_study_robustness_table.csv (aggregate); event-level canonical return file not committed,True,True,False,False,aggregate_only_no_event_membership_file,True,locked_event_manifest_from_committed_artifacts
locked_artifact_sample_v1_2026-05-16,752,Xn1iyswilSQ,Xn1iyswilSQ,Xn1iyswilSQ,Jose Najarro Stocks,UC7r4-nZ4icT8SIcnisXFSHQ,TSLA,Nvidia,sell,2026-02-05,2026-02-05,external_provider,data/exports/research_grade_analysis/05_event_timeline_dataset.csv,data/exports/final_paper_package/02_event_study_robustness_table.csv (aggregate); event-level canonical return file not committed,True,False,False,True,aggregate_only_no_event_membership_file,True,locked_event_manifest_from_committed_artifacts
locked_artifact_sample_v1_2026-05-16,753,Xn1iyswilSQ,Xn1iyswilSQ,Xn1iyswilSQ,Jose Najarro Stocks,UCL-F-8nxFtFZ4M3RWkGn6Qw,AMD,Amazon,buy,2026-02-05,2026-02-05,external_provider,data/exports/research_grade_analysis/05_event_timeline_dataset.csv,data/exports/final_paper_package/02_event_study_robustness_table.csv (aggregate); event-level canonical return file not committed,True,False,False,True,aggregate_only_no_event_membership_file,True,locked_event_manifest_from_committed_artifacts
locked_artifact_sample_v1_2026-05-16,754,Xn1iyswilSQ,Xn1iyswilSQ,Xn1iyswilSQ,Jose Najarro Stocks,UCL-F-8nxFtFZ4M3RWkGn6Qw,AMD,Amazon,buy,2026-02-05,2026-02-05,external_provider,data/exports/research_grade_analysis/05_event_timeline_dataset.csv,data/exports/final_paper_package/02_event_study_robustness_table.csv (aggregate); event-level canonical return file not committed,True,False,False,False,aggregate_only_no_event_membership_file,True,locked_event_manifest_from_committed_artifacts
locked_artifact_sample_v1_2026-05-16,755,Xn1iyswilSQ,Xn1iyswilSQ,Xn1iyswilSQ,Jose Najarro Stocks,UCrGLm-Drgv0vbbemwwHeXJw,NVDA,Netflix,buy,2026-02-05,2026-02-05,external_provider,data/exports/research_grade_analysis/05_event_timeline_dataset.csv,data/exports/final_paper_package/02_event_study_robustness_table.csv (aggregate); event-level canonical return file not committed,True,True,False,True,aggregate_only_no_event_membership_file,True,locked_event_manifest_from_committed_artifacts
locked_artifact_sample_v1_2026-05-16,756,Xn1iyswilSQ,Xn1iyswilSQ,Xn1iyswilSQ,Jose Najarro Stocks,UCL-F-8nxFtFZ4M3RWkGn6Qw,NFLX,Amazon,sell,2026-02-05,2026-02-05,external_provider,data/exports/research_grade_analysis/05_event_timeline_dataset.csv,data/exports/final_paper_package/02_event_study_robustness_table.csv (aggregate); event-level canonical return file not committed,True,True,False,True,aggregate_only_no_event_membership_file,True,locked_event_manifest_from_committed_artifacts
locked_artifact_sample_v1_2026-05-16,757,YImsDJ8hR2A,YImsDJ8hR2A,YImsDJ8hR2A,"Mark Roussin, CPA",UC7r4-nZ4icT8SIcnisXFSHQ,GOOGL,Nvidia,buy,2025-06-28,2025-06-30,external_provider,data/exports/research_grade_analysis/05_event_timeline_dataset.csv,data/exports/final_paper_package/02_event_study_robustness_table.csv (aggregate); event-level canonical return file not committed,True,True,True,True,aggregate_only_no_event_membership_file,True,locked_event_manifest_from_committed_artifacts
locked_artifact_sample_v1_2026-05-16,758,_QxILIyoTpY,_QxILIyoTpY,_QxILIyoTpY,Daniel Pronk,UC7r4-nZ4icT8SIcnisXFSHQ,MSFT,Nvidia,buy,2025-04-04,2025-04-04,external_provider,data/exports/research_grade_analysis/05_event_timeline_dataset.csv,data/exports/final_paper_package/02_event_study_robustness_table.csv (aggregate); event-level canonical return file not committed,True,True,False,True,aggregate_only_no_event_membership_file,True,locked_event_manifest_from_committed_artifacts
locked_artifact_sample_v1_2026-05-16,759,_QxILIyoTpY,_QxILIyoTpY,_QxILIyoTpY,Daniel Pronk,UC7r4-nZ4icT8SIcnisXFSHQ,AMZN,Microsoft,buy,2025-04-04,2025-04-04,external_provider,data/exports/research_grade_analysis/05_event_timeline_dataset.csv,data/exports/final_paper_package/02_event_study_robustness_table.csv (aggregate); event-level canonical return file not committed,True,False,False,True,aggregate_only_no_event_membership_file,True,locked_event_manifest_from_committed_artifacts
locked_artifact_sample_v1_2026-05-16,760,_WK_pxhuz0I,_WK_pxhuz0I,_WK_pxhuz0I,Dividendology,UC7r4-nZ4icT8SIcnisXFSHQ,MSFT,Microsoft,buy,2025-10-13,2025-10-13,external_provider,data/exports/research_grade_analysis/05_event_timeline_dataset.csv,data/exports/final_paper_package/02_event_study_robustness_table.csv (aggregate); event-level canonical return file not committed,True,True,False,True,aggregate_only_no_event_membership_file,True,locked_event_manifest_from_committed_artifacts
locked_artifact_sample_v1_2026-05-16,761,aB-vNHVnZj8,aB-vNHVnZj8,aB-vNHVnZj8,The Investor Channel,UC7r4-nZ4icT8SIcnisXFSHQ,NFLX,Microsoft,buy,2024-10-17,2024-10-17,external_provider,data/exports/research_grade_analysis/05_event_timeline_dataset.csv,data/exports/final_paper_package/02_event_study_robustness_table.csv (aggregate); event-level canonical return file not committed,True,False,False,True,aggregate_only_no_event_membership_file,True,locked_event_manifest_from_committed_artifacts
locked_artifact_sample_v1_2026-05-16,762,aB-vNHVnZj8,aB-vNHVnZj8,aB-vNHVnZj8,The Investor Channel,UC7r4-nZ4icT8SIcnisXFSHQ,NFLX,Tesla,buy,2024-10-17,2024-10-17,external_provider,data/exports/research_grade_analysis/05_event_timeline_dataset.csv,data/exports/final_paper_package/02_event_study_robustness_table.csv (aggregate); event-level canonical return file not committed,True,False,False,False,aggregate_only_no_event_membership_file,True,locked_event_manifest_from_committed_artifacts
locked_artifact_sample_v1_2026-05-16,763,m3XqgJCqVIw,m3XqgJCqVIw,m3XqgJCqVIw,The Investor Channel,UC7r4-nZ4icT8SIcnisXFSHQ,MSFT,Tesla,buy,2024-10-30,2024-10-30,external_provider,data/exports/research_grade_analysis/05_event_timeline_dataset.csv,data/exports/final_paper_package/02_event_study_robustness_table.csv (aggregate); event-level canonical return file not committed,True,False,False,True,aggregate_only_no_event_membership_file,True,locked_event_manifest_from_committed_artifacts
locked_artifact_sample_v1_2026-05-16,764,m3XqgJCqVIw,m3XqgJCqVIw,m3XqgJCqVIw,The Investor Channel,UC7r4-nZ4icT8SIcnisXFSHQ,GOOGL,Tesla,buy,2024-10-30,2024-10-30,external_provider,data/exports/research_grade_analysis/05_event_timeline_dataset.csv,data/exports/final_paper_package/02_event_study_robustness_table.csv (aggregate); event-level canonical return file not committed,True,False,False,True,aggregate_only_no_event_membership_file,True,locked_event_manifest_from_committed_artifacts
locked_artifact_sample_v1_2026-05-16,765,o72YzcjiICw,o72YzcjiICw,o72YzcjiICw,"Mark Roussin, CPA",UCSglJMvX-zSgv3PEJIE_inw,AMD,Microsoft,buy,2025-07-08,2025-07-08,external_provider,data/exports/research_grade_analysis/05_event_timeline_dataset.csv,data/exports/final_paper_package/02_event_study_robustness_table.csv (aggregate); event-level canonical return file not committed,True,False,True,True,aggregate_only_no_event_membership_file,True,locked_event_manifest_from_committed_artifacts
locked_artifact_sample_v1_2026-05-16,766,o72YzcjiICw,o72YzcjiICw,o72YzcjiICw,"Mark Roussin, CPA",UCgCh-2AfEBtWrNBC2OoNQYg,PYPL,Apple,buy,2025-07-08,2025-07-08,external_provider,data/exports/research_grade_analysis/05_event_timeline_dataset.csv,data/exports/final_paper_package/02_event_study_robustness_table.csv (aggregate); event-level canonical return file not committed,True,True,True,True,aggregate_only_no_event_membership_file,True,locked_event_manifest_from_committed_artifacts
locked_artifact_sample_v1_2026-05-16,767,oqzd0wkImYc,oqzd0wkImYc,oqzd0wkImYc,Daniel Pronk,UCgCh-2AfEBtWrNBC2OoNQYg,GOOGL,Apple,buy,2025-04-27,2025-04-28,external_provider,data/exports/research_grade_analysis/05_event_timeline_dataset.csv,data/exports/final_paper_package/02_event_study_robustness_table.csv (aggregate); event-level canonical return file not committed,True,False,True,True,aggregate_only_no_event_membership_file,True,locked_event_manifest_from_committed_artifacts
locked_artifact_sample_v1_2026-05-16,768,pRVAAb8Pdrg,pRVAAb8Pdrg,pRVAAb8Pdrg,Daniel Pronk,UC7r4-nZ4icT8SIcnisXFSHQ,AMZN,Nvidia,sell,2025-03-28,2025-03-28,external_provider,data/exports/research_grade_analysis/05_event_timeline_dataset.csv,data/exports/final_paper_package/02_event_study_robustness_table.csv (aggregate); event-level canonical return file not committed,True,True,False,True,aggregate_only_no_event_membership_file,True,locked_event_manifest_from_committed_artifacts
locked_artifact_sample_v1_2026-05-16,769,pRVAAb8Pdrg,pRVAAb8Pdrg,pRVAAb8Pdrg,Daniel Pronk,UC7r4-nZ4icT8SIcnisXFSHQ,AMZN,Microsoft,buy,2025-03-28,2025-03-28,external_provider,data/exports/research_grade_analysis/05_event_timeline_dataset.csv,data/exports/final_paper_package/02_event_study_robustness_table.csv (aggregate); event-level canonical return file not committed,True,True,False,False,aggregate_only_no_event_membership_file,True,locked_event_manifest_from_committed_artifacts
locked_artifact_sample_v1_2026-05-16,770,pTzz8J-XlYQ,pTzz8J-XlYQ,pTzz8J-XlYQ,Jose Najarro Stocks,UC7r4-nZ4icT8SIcnisXFSHQ,NVDA,Netflix,buy,2026-02-03,2026-02-03,external_provider,data/exports/research_grade_analysis/05_event_timeline_dataset.csv,data/exports/final_paper_package/02_event_study_robustness_table.csv (aggregate); event-level canonical return file not committed,True,True,False,True,aggregate_only_no_event_membership_file,True,locked_event_manifest_from_committed_artifacts
locked_artifact_sample_v1_2026-05-16,771,rCyVqHoh0Uw,rCyVqHoh0Uw,rCyVqHoh0Uw,Daniel Pronk,UC7r4-nZ4icT8SIcnisXFSHQ,AMZN,Apple,sell,2025-04-03,2025-04-03,external_provider,data/exports/research_grade_analysis/05_event_timeline_dataset.csv,data/exports/final_paper_package/02_event_study_robustness_table.csv (aggregate); event-level canonical return file not committed,True,False,False,True,aggregate_only_no_event_membership_file,True,locked_event_manifest_from_committed_artifacts
locked_artifact_sample_v1_2026-05-16,772,syC5FsFwz_I,syC5FsFwz_I,syC5FsFwz_I,The Investor Channel,UC7r4-nZ4icT8SIcnisXFSHQ,AAPL,Apple,buy,2024-11-01,2024-11-01,external_provider,data/exports/research_grade_analysis/05_event_timeline_dataset.csv,data/exports/final_paper_package/02_event_study_robustness_table.csv (aggregate); event-level canonical return file not committed,True,False,False,True,aggregate_only_no_event_membership_file,True,locked_event_manifest_from_committed_artifacts
locked_artifact_sample_v1_2026-05-16,773,syC5FsFwz_I,syC5FsFwz_I,syC5FsFwz_I,The Investor Channel,UC7r4-nZ4icT8SIcnisXFSHQ,AAPL,Tesla,buy,2024-11-01,2024-11-01,external_provider,data/exports/research_grade_analysis/05_event_timeline_dataset.csv,data/exports/final_paper_package/02_event_study_robustness_table.csv (aggregate); event-level canonical return file not committed,True,False,False,False,aggregate_only_no_event_membership_file,True,locked_event_manifest_from_committed_artifacts
locked_artifact_sample_v1_2026-05-16,774,tay_WWcsWiE,tay_WWcsWiE,tay_WWcsWiE,Jose Najarro Stocks,UC7r4-nZ4icT8SIcnisXFSHQ,AMD,Alphabet,buy,2026-02-03,2026-02-03,external_provider,data/exports/research_grade_analysis/05_event_timeline_dataset.csv,data/exports/final_paper_package/02_event_study_robustness_table.csv (aggregate); event-level canonical return file not committed,True,False,False,True,aggregate_only_no_event_membership_file,True,locked_event_manifest_from_committed_artifacts
locked_artifact_sample_v1_2026-05-16,775,tay_WWcsWiE,tay_WWcsWiE,tay_WWcsWiE,Jose Najarro Stocks,UCrGLm-Drgv0vbbemwwHeXJw,AMD,PayPal,buy,2026-02-03,2026-02-03,external_provider,data/exports/research_grade_analysis/05_event_timeline_dataset.csv,data/exports/final_paper_package/02_event_study_robustness_table.csv (aggregate); event-level canonical return file not committed,True,False,False,False,aggregate_only_no_event_membership_file,True,locked_event_manifest_from_committed_artifacts
locked_artifact_sample_v1_2026-05-16,776,tay_WWcsWiE,tay_WWcsWiE,tay_WWcsWiE,Jose Najarro Stocks,UCrGLm-Drgv0vbbemwwHeXJw,AMD,Alphabet,sell,2026-02-03,2026-02-03,external_provider,data/exports/research_grade_analysis/05_event_timeline_dataset.csv,data/exports/final_paper_package/02_event_study_robustness_table.csv (aggregate); event-level canonical return file not committed,True,False,False,False,aggregate_only_no_event_membership_file,True,locked_event_manifest_from_committed_artifacts
locked_artifact_sample_v1_2026-05-16,777,tay_WWcsWiE,tay_WWcsWiE,tay_WWcsWiE,Jose Najarro Stocks,UCwKB_00dPL3x5XmHF9IJCrg,NVDA,Alphabet,sell,2026-02-03,2026-02-03,external_provider,data/exports/research_grade_analysis/05_event_timeline_dataset.csv,data/exports/final_paper_package/02_event_study_robustness_table.csv (aggregate); event-level canonical return file not committed,True,True,False,False,aggregate_only_no_event_membership_file,True,locked_event_manifest_from_committed_artifacts
locked_artifact_sample_v1_2026-05-16,778,tay_WWcsWiE,tay_WWcsWiE,tay_WWcsWiE,Jose Najarro Stocks,UCL-F-8nxFtFZ4M3RWkGn6Qw,NVDA,Apple,sell,2026-02-03,2026-02-03,external_provider,data/exports/research_grade_analysis/05_event_timeline_dataset.csv,data/exports/final_paper_package/02_event_study_robustness_table.csv (aggregate); event-level canonical return file not committed,True,True,False,False,aggregate_only_no_event_membership_file,True,locked_event_manifest_from_committed_artifacts
locked_artifact_sample_v1_2026-05-16,779,tay_WWcsWiE,tay_WWcsWiE,tay_WWcsWiE,Jose Najarro Stocks,UCL-F-8nxFtFZ4M3RWkGn6Qw,GOOGL,Microsoft,buy,2026-02-03,2026-02-03,external_provider,data/exports/research_grade_analysis/05_event_timeline_dataset.csv,data/exports/final_paper_package/02_event_study_robustness_table.csv (aggregate); event-level canonical return file not committed,True,False,False,True,aggregate_only_no_event_membership_file,True,locked_event_manifest_from_committed_artifacts
locked_artifact_sample_v1_2026-05-16,780,ue7nbewrXzM,ue7nbewrXzM,ue7nbewrXzM,The Investor Channel,UCrGLm-Drgv0vbbemwwHeXJw,AAPL,Nvidia,buy,2024-09-27,2024-09-27,external_provider,data/exports/research_grade_analysis/05_event_timeline_dataset.csv,data/exports/final_paper_package/02_event_study_robustness_table.csv (aggregate); event-level canonical return file not committed,True,True,False,True,aggregate_only_no_event_membership_file,True,locked_event_manifest_from_committed_artifacts
locked_artifact_sample_v1_2026-05-16,781,wmxIGGwf9KY,wmxIGGwf9KY,wmxIGGwf9KY,Couch Investor,UCrGLm-Drgv0vbbemwwHeXJw,META,PayPal,buy,2026-01-28,2026-01-28,external_provider,data/exports/research_grade_analysis/05_event_timeline_dataset.csv,data/exports/final_paper_package/02_event_study_robustness_table.csv (aggregate); event-level canonical return file not committed,True,False,False,True,aggregate_only_no_event_membership_file,True,locked_event_manifest_from_committed_artifacts
locked_artifact_sample_v1_2026-05-16,782,wmxIGGwf9KY,wmxIGGwf9KY,wmxIGGwf9KY,Couch Investor,UCrGLm-Drgv0vbbemwwHeXJw,MSFT,PayPal,buy,2026-01-28,2026-01-28,external_provider,data/exports/research_grade_analysis/05_event_timeline_dataset.csv,data/exports/final_paper_package/02_event_study_robustness_table.csv (aggregate); event-level canonical return file not committed,True,False,False,True,aggregate_only_no_event_membership_file,True,locked_event_manifest_from_committed_artifacts
locked_artifact_sample_v1_2026-05-16,783,wmxIGGwf9KY,wmxIGGwf9KY,wmxIGGwf9KY,Couch Investor,UC7r4-nZ4icT8SIcnisXFSHQ,MSFT,Super Micro,sell,2026-01-28,2026-01-28,external_provider,data/exports/research_grade_analysis/05_event_timeline_dataset.csv,data/exports/final_paper_package/02_event_study_robustness_table.csv (aggregate); event-level canonical return file not committed,True,False,False,False,aggregate_only_no_event_membership_file,True,locked_event_manifest_from_committed_artifacts
locked_artifact_sample_v1_2026-05-16,784,wmxIGGwf9KY,wmxIGGwf9KY,wmxIGGwf9KY,Couch Investor,UCL-F-8nxFtFZ4M3RWkGn6Qw,AMD,Netflix,buy,2026-01-28,2026-01-28,external_provider,data/exports/research_grade_analysis/05_event_timeline_dataset.csv,data/exports/final_paper_package/02_event_study_robustness_table.csv (aggregate); event-level canonical return file not committed,True,False,False,True,aggregate_only_no_event_membership_file,True,locked_event_manifest_from_committed_artifacts
locked_artifact_sample_v1_2026-05-16,785,wmxIGGwf9KY,wmxIGGwf9KY,wmxIGGwf9KY,Couch Investor,UCL-F-8nxFtFZ4M3RWkGn6Qw,AMD,Apple,buy,2026-01-28,2026-01-28,external_provider,data/exports/research_grade_analysis/05_event_timeline_dataset.csv,data/exports/final_paper_package/02_event_study_robustness_table.csv (aggregate); event-level canonical return file not committed,True,False,False,False,aggregate_only_no_event_membership_file,True,locked_event_manifest_from_committed_artifacts
locked_artifact_sample_v1_2026-05-16,786,-0eJaDGdzv4,-0eJaDGdzv4,-0eJaDGdzv4,Couch Investor,UCL-F-8nxFtFZ4M3RWkGn6Qw,NVDA,Amazon,buy,2026-02-10,2026-02-10,external_provider,data/exports/research_grade_analysis/05_event_timeline_dataset.csv,data/exports/final_paper_package/02_event_study_robustness_table.csv (aggregate); event-level canonical return file not committed,True,True,False,True,aggregate_only_no_event_membership_file,True,locked_event_manifest_from_committed_artifacts
locked_artifact_sample_v1_2026-05-16,787,-aJCvv54OuY,-aJCvv54OuY,-aJCvv54OuY,Jose Najarro Stocks,UCgCh-2AfEBtWrNBC2OoNQYg,AMD,Microsoft,buy,2026-02-26,2026-02-26,external_provider,data/exports/research_grade_analysis/05_event_timeline_dataset.csv,data/exports/final_paper_package/02_event_study_robustness_table.csv (aggregate); event-level canonical return file not committed,True,False,False,True,aggregate_only_no_event_membership_file,True,locked_event_manifest_from_committed_artifacts
locked_artifact_sample_v1_2026-05-16,788,-hsiLDUX5e8,-hsiLDUX5e8,-hsiLDUX5e8,"Value Investing with Sven Carlin, Ph.D.",UC7r4-nZ4icT8SIcnisXFSHQ,AMZN,Nvidia,buy,2026-03-11,2026-03-11,external_provider,data/exports/research_grade_analysis/05_event_timeline_dataset.csv,data/exports/final_paper_package/02_event_study_robustness_table.csv (aggregate); event-level canonical return file not committed,True,False,True,True,aggregate_only_no_event_membership_file,True,locked_event_manifest_from_committed_artifacts
locked_artifact_sample_v1_2026-05-16,789,05dHr2LWjsU,05dHr2LWjsU,05dHr2LWjsU,Learn to Invest - Investors Grow,UC7r4-nZ4icT8SIcnisXFSHQ,AMD,Alphabet,sell,2022-12-31,2023-01-03,external_provider,data/exports/research_grade_analysis/05_event_timeline_dataset.csv,data/exports/final_paper_package/02_event_study_robustness_table.csv (aggregate); event-level canonical return file not committed,True,True,True,True,aggregate_only_no_event_membership_file,True,locked_event_manifest_from_committed_artifacts
locked_artifact_sample_v1_2026-05-16,790,06V7SVt3GjI,06V7SVt3GjI,06V7SVt3GjI,The Investor Channel,UCL-F-8nxFtFZ4M3RWkGn6Qw,MSFT,Apple,buy,2025-01-25,2025-01-27,external_provider,data/exports/research_grade_analysis/05_event_timeline_dataset.csv,data/exports/final_paper_package/02_event_study_robustness_table.csv (aggregate); event-level canonical return file not committed,True,False,True,True,aggregate_only_no_event_membership_file,True,locked_event_manifest_from_committed_artifacts
locked_artifact_sample_v1_2026-05-16,791,0JgKITX4Y8s,0JgKITX4Y8s,0JgKITX4Y8s,Couch Investor,UCL-F-8nxFtFZ4M3RWkGn6Qw,PYPL,Apple,buy,2026-03-04,2026-03-04,external_provider,data/exports/research_grade_analysis/05_event_timeline_dataset.csv,data/exports/final_paper_package/02_event_study_robustness_table.csv (aggregate); event-level canonical return file not committed,True,True,False,True,aggregate_only_no_event_membership_file,True,locked_event_manifest_from_committed_artifacts
locked_artifact_sample_v1_2026-05-16,792,0JgKITX4Y8s,0JgKITX4Y8s,0JgKITX4Y8s,Couch Investor,UCwKB_00dPL3x5XmHF9IJCrg,PYPL,Robinhood,buy,2026-03-04,2026-03-04,external_provider,data/exports/research_grade_analysis/05_event_timeline_dataset.csv,data/exports/final_paper_package/02_event_study_robustness_table.csv (aggregate); event-level canonical return file not committed,True,True,False,False,aggregate_only_no_event_membership_file,True,locked_event_manifest_from_committed_artifacts
locked_artifact_sample_v1_2026-05-16,793,0OKXg-ufLY4,0OKXg-ufLY4,0OKXg-ufLY4,Investing with Tom,UCwKB_00dPL3x5XmHF9IJCrg,GOOGL,Robinhood,buy,2023-02-26,2023-02-27,external_provider,data/exports/research_grade_analysis/05_event_timeline_dataset.csv,data/exports/final_paper_package/02_event_study_robustness_table.csv (aggregate); event-level canonical return file not committed,True,True,True,True,aggregate_only_no_event_membership_file,True,locked_event_manifest_from_committed_artifacts
locked_artifact_sample_v1_2026-05-16,794,0hFQi22v5l0,0hFQi22v5l0,0hFQi22v5l0,Jose Najarro Stocks,UCwKB_00dPL3x5XmHF9IJCrg,AMD,Robinhood,buy,2026-04-23,2026-04-23,external_provider,data/exports/research_grade_analysis/05_event_timeline_dataset.csv,data/exports/final_paper_package/02_event_study_robustness_table.csv (aggregate); event-level canonical return file not committed,True,True,False,True,aggregate_only_no_event_membership_file,True,recent_intraday_diagnostic_available
locked_artifact_sample_v1_2026-05-16,795,22f21hgEU6s,22f21hgEU6s,22f21hgEU6s,"Mark Roussin, CPA",UCL-F-8nxFtFZ4M3RWkGn6Qw,UBER,Microsoft,buy,2025-10-07,2025-10-07,external_provider,data/exports/research_grade_analysis/05_event_timeline_dataset.csv,data/exports/final_paper_package/02_event_study_robustness_table.csv (aggregate); event-level canonical return file not committed,True,True,False,True,aggregate_only_no_event_membership_file,True,locked_event_manifest_from_committed_artifacts
locked_artifact_sample_v1_2026-05-16,796,22f21hgEU6s,22f21hgEU6s,22f21hgEU6s,"Mark Roussin, CPA",UCL-F-8nxFtFZ4M3RWkGn6Qw,AMZN,Alphabet,buy,2025-10-07,2025-10-07,external_provider,data/exports/research_grade_analysis/05_event_timeline_dataset.csv,data/exports/final_paper_package/02_event_study_robustness_table.csv (aggregate); event-level canonical return file not committed,True,True,False,True,aggregate_only_no_event_membership_file,True,locked_event_manifest_from_committed_artifacts
locked_artifact_sample_v1_2026-05-16,797,2SY-Ut8tnSs,2SY-Ut8tnSs,2SY-Ut8tnSs,"Mark Roussin, CPA",UC7r4-nZ4icT8SIcnisXFSHQ,GOOGL,Amazon,buy,2025-07-23,2025-07-23,external_provider,data/exports/research_grade_analysis/05_event_timeline_dataset.csv,data/exports/final_paper_package/02_event_study_robustness_table.csv (aggregate); event-level canonical return file not committed,True,False,False,True,aggregate_only_no_event_membership_file,True,locked_event_manifest_from_committed_artifacts
locked_artifact_sample_v1_2026-05-16,798,2SY-Ut8tnSs,2SY-Ut8tnSs,2SY-Ut8tnSs,"Mark Roussin, CPA",UC7r4-nZ4icT8SIcnisXFSHQ,TSLA,Amazon,buy,2025-07-23,2025-07-23,external_provider,data/exports/research_grade_analysis/05_event_timeline_dataset.csv,data/exports/final_paper_package/02_event_study_robustness_table.csv (aggregate); event-level canonical return file not committed,True,False,False,True,aggregate_only_no_event_membership_file,True,locked_event_manifest_from_committed_artifacts
locked_artifact_sample_v1_2026-05-16,799,2khvg8CZC_k,2khvg8CZC_k,2khvg8CZC_k,The Investor Channel,UCSglJMvX-zSgv3PEJIE_inw,AMZN,Disney,sell,2025-10-17,2025-10-17,external_provider,data/exports/research_grade_analysis/05_event_timeline_dataset.csv,data/exports/final_paper_package/02_event_study_robustness_table.csv (aggregate); event-level canonical return file not committed,True,True,False,True,aggregate_only_no_event_membership_file,True,locked_event_manifest_from_committed_artifacts
locked_artifact_sample_v1_2026-05-16,800,2khvg8CZC_k,2khvg8CZC_k,2khvg8CZC_k,The Investor Channel,UC7r4-nZ4icT8SIcnisXFSHQ,MSFT,Apple,buy,2025-10-17,2025-10-17,external_provider,data/exports/research_grade_analysis/05_event_timeline_dataset.csv,data/exports/final_paper_package/02_event_study_robustness_table.csv (aggregate); event-level canonical return file not committed,True,True,False,True,aggregate_only_no_event_membership_file,True,locked_event_manifest_from_committed_artifacts
locked_artifact_sample_v1_2026-05-16,801,2tVhdKZH-Qw,2tVhdKZH-Qw,2tVhdKZH-Qw,The Investor Channel,UC7r4-nZ4icT8SIcnisXFSHQ,TSLA,Alphabet,buy,2025-08-29,2025-08-29,external_provider,data/exports/research_grade_analysis/05_event_timeline_dataset.csv,data/exports/final_paper_package/02_event_study_robustness_table.csv (aggregate); event-level canonical return file not committed,True,False,False,True,aggregate_only_no_event_membership_file,True,locked_event_manifest_from_committed_artifacts
locked_artifact_sample_v1_2026-05-16,802,4VeppQ_YKbU,4VeppQ_YKbU,4VeppQ_YKbU,Couch Investor,UCL-F-8nxFtFZ4M3RWkGn6Qw,NVDA,Amazon,sell,2026-02-26,2026-02-26,external_provider,data/exports/research_grade_analysis/05_event_timeline_dataset.csv,data/exports/final_paper_package/02_event_study_robustness_table.csv (aggregate); event-level canonical return file not committed,True,False,False,True,aggregate_only_no_event_membership_file,True,locked_event_manifest_from_committed_artifacts
locked_artifact_sample_v1_2026-05-16,803,4VeppQ_YKbU,4VeppQ_YKbU,4VeppQ_YKbU,Couch Investor,UCrGLm-Drgv0vbbemwwHeXJw,NVDA,,buy,2026-02-26,2026-02-26,external_provider,data/exports/research_grade_analysis/05_event_timeline_dataset.csv,data/exports/final_paper_package/02_event_study_robustness_table.csv (aggregate); event-level canonical return file not committed,True,False,False,False,aggregate_only_no_event_membership_file,True,locked_event_manifest_from_committed_artifacts
locked_artifact_sample_v1_2026-05-16,804,4VeppQ_YKbU,4VeppQ_YKbU,4VeppQ_YKbU,Couch Investor,UC5cEHfCr6WOE1R1zcohd1IA,SOFI,Nvidia,sell,2026-02-26,2026-02-26,external_provider,data/exports/research_grade_analysis/05_event_timeline_dataset.csv,data/exports/final_paper_package/02_event_study_robustness_table.csv (aggregate); event-level canonical return file not committed,True,True,False,True,aggregate_only_no_event_membership_file,True,locked_event_manifest_from_committed_artifacts
locked_artifact_sample_v1_2026-05-16,805,5Cwr9rX3VsE,5Cwr9rX3VsE,5Cwr9rX3VsE,Jose Najarro Stocks,UCSglJMvX-zSgv3PEJIE_inw,NVDA,Netflix,sell,2026-02-20,2026-02-20,external_provider,data/exports/research_grade_analysis/05_event_timeline_dataset.csv,data/exports/final_paper_package/02_event_study_robustness_table.csv (aggregate); event-level canonical return file not committed,True,False,False,True,aggregate_only_no_event_membership_file,True,locked_event_manifest_from_committed_artifacts
locked_artifact_sample_v1_2026-05-16,806,61v6t1y3nbA,61v6t1y3nbA,61v6t1y3nbA,Everything Money,UCwKB_00dPL3x5XmHF9IJCrg,META,Uber,buy,2026-01-03,2026-01-05,external_provider,data/exports/research_grade_analysis/05_event_timeline_dataset.csv,data/exports/final_paper_package/02_event_study_robustness_table.csv (aggregate); event-level canonical return file not committed,True,True,True,True,aggregate_only_no_event_membership_file,True,locked_event_manifest_from_committed_artifacts
locked_artifact_sample_v1_2026-05-16,807,6EDsN7k3VY0,6EDsN7k3VY0,6EDsN7k3VY0,Investing with Tom,UCrGLm-Drgv0vbbemwwHeXJw,AMZN,PayPal,sell,2022-10-30,2022-10-31,external_provider,data/exports/research_grade_analysis/05_event_timeline_dataset.csv,data/exports/final_paper_package/02_event_study_robustness_table.csv (aggregate); event-level canonical return file not committed,True,False,True,True,aggregate_only_no_event_membership_file,True,locked_event_manifest_from_committed_artifacts
locked_artifact_sample_v1_2026-05-16,808,6XiCCkvYHIc,6XiCCkvYHIc,6XiCCkvYHIc,Jose Najarro Stocks,UCrTTBSUr0zhPU56UQljag5A,NVDA,PayPal,sell,2026-02-24,2026-02-24,external_provider,data/exports/research_grade_analysis/05_event_timeline_dataset.csv,data/exports/final_paper_package/02_event_study_robustness_table.csv (aggregate); event-level canonical return file not committed,True,False,False,True,aggregate_only_no_event_membership_file,True,locked_event_manifest_from_committed_artifacts
locked_artifact_sample_v1_2026-05-16,809,88zPG2RKrT8,88zPG2RKrT8,88zPG2RKrT8,Ale's World of Stocks,UCL-F-8nxFtFZ4M3RWkGn6Qw,MSFT,Amazon,buy,2026-02-12,2026-02-12,external_provider,data/exports/research_grade_analysis/05_event_timeline_dataset.csv,data/exports/final_paper_package/02_event_study_robustness_table.csv (aggregate); event-level canonical return file not committed,True,True,True,True,aggregate_only_no_event_membership_file,True,locked_event_manifest_from_committed_artifacts
locked_artifact_sample_v1_2026-05-16,810,88zPG2RKrT8,88zPG2RKrT8,88zPG2RKrT8,Ale's World of Stocks,UCrTTBSUr0zhPU56UQljag5A,AMZN,Amazon,buy,2026-02-12,2026-02-12,external_provider,data/exports/research_grade_analysis/05_event_timeline_dataset.csv,data/exports/final_paper_package/02_event_study_robustness_table.csv (aggregate); event-level canonical return file not committed,True,False,True,True,aggregate_only_no_event_membership_file,True,locked_event_manifest_from_committed_artifacts
locked_artifact_sample_v1_2026-05-16,811,89lxKPzAWXc,89lxKPzAWXc,89lxKPzAWXc,Daniel Pronk,UCrGLm-Drgv0vbbemwwHeXJw,GOOGL,PayPal,sell,2025-07-25,2025-07-25,external_provider,data/exports/research_grade_analysis/05_event_timeline_dataset.csv,data/exports/final_paper_package/02_event_study_robustness_table.csv (aggregate); event-level canonical return file not committed,True,False,False,True,aggregate_only_no_event_membership_file,True,locked_event_manifest_from_committed_artifacts
locked_artifact_sample_v1_2026-05-16,812,89lxKPzAWXc,89lxKPzAWXc,89lxKPzAWXc,Daniel Pronk,UCrGLm-Drgv0vbbemwwHeXJw,NFLX,Nvidia,sell,2025-07-25,2025-07-25,external_provider,data/exports/research_grade_analysis/05_event_timeline_dataset.csv,data/exports/final_paper_package/02_event_study_robustness_table.csv (aggregate); event-level canonical return file not committed,True,False,False,True,aggregate_only_no_event_membership_file,True,locked_event_manifest_from_committed_artifacts
locked_artifact_sample_v1_2026-05-16,813,89lxKPzAWXc,89lxKPzAWXc,89lxKPzAWXc,Daniel Pronk,UCwKB_00dPL3x5XmHF9IJCrg,TSLA,Amazon,buy,2025-07-25,2025-07-25,external_provider,data/exports/research_grade_analysis/05_event_timeline_dataset.csv,data/exports/final_paper_package/02_event_study_robustness_table.csv (aggregate); event-level canonical return file not committed,True,False,False,True,aggregate_only_no_event_membership_file,True,locked_event_manifest_from_committed_artifacts
locked_artifact_sample_v1_2026-05-16,814,89lxKPzAWXc,89lxKPzAWXc,89lxKPzAWXc,Daniel Pronk,UCL-F-8nxFtFZ4M3RWkGn6Qw,TSLA,PayPal,buy,2025-07-25,2025-07-25,external_provider,data/exports/research_grade_analysis/05_event_timeline_dataset.csv,data/exports/final_paper_package/02_event_study_robustness_table.csv (aggregate); event-level canonical return file not committed,True,False,False,False,aggregate_only_no_event_membership_file,True,locked_event_manifest_from_committed_artifacts
locked_artifact_sample_v1_2026-05-16,815,8gBZgigQuJw,8gBZgigQuJw,8gBZgigQuJw,The Investor Channel,UCL-F-8nxFtFZ4M3RWkGn6Qw,NFLX,,buy,2025-01-21,2025-01-21,external_provider,data/exports/research_grade_analysis/05_event_timeline_dataset.csv,data/exports/final_paper_package/02_event_study_robustness_table.csv (aggregate); event-level canonical return file not committed,True,False,False,True,aggregate_only_no_event_membership_file,True,locked_event_manifest_from_committed_artifacts
locked_artifact_sample_v1_2026-05-16,816,9DRBLkEBAEQ,9DRBLkEBAEQ,9DRBLkEBAEQ,Daniel Pronk,UCC7xhD0o7FBHdKXZxMRFspQ,PYPL,Amazon,buy,2026-02-03,2026-02-03,external_provider,data/exports/research_grade_analysis/05_event_timeline_dataset.csv,data/exports/final_paper_package/02_event_study_robustness_table.csv (aggregate); event-level canonical return file not committed,True,False,False,True,aggregate_only_no_event_membership_file,True,locked_event_manifest_from_committed_artifacts
locked_artifact_sample_v1_2026-05-16,817,9Le2ETJNoqk,9Le2ETJNoqk,9Le2ETJNoqk,Ale's World of Stocks,UCC7xhD0o7FBHdKXZxMRFspQ,GME,Amazon,buy,2026-01-29,2026-01-29,external_provider,data/exports/research_grade_analysis/05_event_timeline_dataset.csv,data/exports/final_paper_package/02_event_study_robustness_table.csv (aggregate); event-level canonical return file not committed,True,True,True,True,aggregate_only_no_event_membership_file,True,locked_event_manifest_from_committed_artifacts
locked_artifact_sample_v1_2026-05-16,818,9Le2ETJNoqk,9Le2ETJNoqk,9Le2ETJNoqk,Ale's World of Stocks,UCC7xhD0o7FBHdKXZxMRFspQ,AMZN,Tesla,sell,2026-01-29,2026-01-29,external_provider,data/exports/research_grade_analysis/05_event_timeline_dataset.csv,data/exports/final_paper_package/02_event_study_robustness_table.csv (aggregate); event-level canonical return file not committed,True,False,True,True,aggregate_only_no_event_membership_file,True,locked_event_manifest_from_committed_artifacts
locked_artifact_sample_v1_2026-05-16,819,9VLh8B-euGA,9VLh8B-euGA,9VLh8B-euGA,Learn to Invest - Investors Grow,UCC7xhD0o7FBHdKXZxMRFspQ,MSFT,Amazon,sell,2024-06-16,2024-06-17,external_provider,data/exports/research_grade_analysis/05_event_timeline_dataset.csv,data/exports/final_paper_package/02_event_study_robustness_table.csv (aggregate); event-level canonical return file not committed,True,True,True,True,aggregate_only_no_event_membership_file,True,locked_event_manifest_from_committed_artifacts
locked_artifact_sample_v1_2026-05-16,820,AlCzv5zsmxo,AlCzv5zsmxo,AlCzv5zsmxo,The Investor Channel,UCSglJMvX-zSgv3PEJIE_inw,AAPL,Nvidia,sell,2025-01-30,2025-01-30,external_provider,data/exports/research_grade_analysis/05_event_timeline_dataset.csv,data/exports/final_paper_package/02_event_study_robustness_table.csv (aggregate); event-level canonical return file not committed,True,False,False,True,aggregate_only_no_event_membership_file,True,locked_event_manifest_from_committed_artifacts
locked_artifact_sample_v1_2026-05-16,821,AlCzv5zsmxo,AlCzv5zsmxo,AlCzv5zsmxo,The Investor Channel,UCSglJMvX-zSgv3PEJIE_inw,AAPL,Nvidia,buy,2025-01-30,2025-01-30,external_provider,data/exports/research_grade_analysis/05_event_timeline_dataset.csv,data/exports/final_paper_package/02_event_study_robustness_table.csv (aggregate); event-level canonical return file not committed,True,False,False,False,aggregate_only_no_event_membership_file,True,locked_event_manifest_from_committed_artifacts
locked_artifact_sample_v1_2026-05-16,822,BEicjf5naLk,BEicjf5naLk,BEicjf5naLk,Jose Najarro Stocks,UC7r4-nZ4icT8SIcnisXFSHQ,AMD,Amazon,buy,2026-03-11,2026-03-11,external_provider,data/exports/research_grade_analysis/05_event_timeline_dataset.csv,data/exports/final_paper_package/02_event_study_robustness_table.csv (aggregate); event-level canonical return file not committed,True,True,False,True,aggregate_only_no_event_membership_file,True,locked_event_manifest_from_committed_artifacts
locked_artifact_sample_v1_2026-05-16,823,BEicjf5naLk,BEicjf5naLk,BEicjf5naLk,Jose Najarro Stocks,UC7r4-nZ4icT8SIcnisXFSHQ,AMD,Tesla,buy,2026-03-11,2026-03-11,external_provider,data/exports/research_grade_analysis/05_event_timeline_dataset.csv,data/exports/final_paper_package/02_event_study_robustness_table.csv (aggregate); event-level canonical return file not committed,True,True,False,False,aggregate_only_no_event_membership_file,True,locked_event_manifest_from_committed_artifacts
locked_artifact_sample_v1_2026-05-16,824,BEicjf5naLk,BEicjf5naLk,BEicjf5naLk,Jose Najarro Stocks,UC7r4-nZ4icT8SIcnisXFSHQ,META,Tesla,buy,2026-03-11,2026-03-11,external_provider,data/exports/research_grade_analysis/05_event_timeline_dataset.csv,data/exports/final_paper_package/02_event_study_robustness_table.csv (aggregate); event-level canonical return file not committed,True,True,False,True,aggregate_only_no_event_membership_file,True,locked_event_manifest_from_committed_artifacts
locked_artifact_sample_v1_2026-05-16,825,E2T89zidPF4,E2T89zidPF4,E2T89zidPF4,The Investor Channel,UC7r4-nZ4icT8SIcnisXFSHQ,AAPL,Alphabet,sell,2024-11-23,2024-11-25,external_provider,data/exports/research_grade_analysis/05_event_timeline_dataset.csv,data/exports/final_paper_package/02_event_study_robustness_table.csv (aggregate); event-level canonical return file not committed,True,True,True,True,aggregate_only_no_event_membership_file,True,locked_event_manifest_from_committed_artifacts
locked_artifact_sample_v1_2026-05-16,826,E2T89zidPF4,E2T89zidPF4,E2T89zidPF4,The Investor Channel,UCwKB_00dPL3x5XmHF9IJCrg,GOOGL,Uber,buy,2024-11-23,2024-11-25,external_provider,data/exports/research_grade_analysis/05_event_timeline_dataset.csv,data/exports/final_paper_package/02_event_study_robustness_table.csv (aggregate); event-level canonical return file not committed,True,True,True,True,aggregate_only_no_event_membership_file,True,locked_event_manifest_from_committed_artifacts
locked_artifact_sample_v1_2026-05-16,827,E2T89zidPF4,E2T89zidPF4,E2T89zidPF4,The Investor Channel,UCwKB_00dPL3x5XmHF9IJCrg,GOOGL,Uber,buy,2024-11-23,2024-11-25,external_provider,data/exports/research_grade_analysis/05_event_timeline_dataset.csv,data/exports/final_paper_package/02_event_study_robustness_table.csv (aggregate); event-level canonical return file not committed,True,True,True,False,aggregate_only_no_event_membership_file,True,locked_event_manifest_from_committed_artifacts
locked_artifact_sample_v1_2026-05-16,828,E2T89zidPF4,E2T89zidPF4,E2T89zidPF4,The Investor Channel,UCL-F-8nxFtFZ4M3RWkGn6Qw,AMZN,Microsoft,buy,2024-11-23,2024-11-25,external_provider,data/exports/research_grade_analysis/05_event_timeline_dataset.csv,data/exports/final_paper_package/02_event_study_robustness_table.csv (aggregate); event-level canonical return file not committed,True,True,True,True,aggregate_only_no_event_membership_file,True,locked_event_manifest_from_committed_artifacts
locked_artifact_sample_v1_2026-05-16,829,FP5G4E07WCM,FP5G4E07WCM,FP5G4E07WCM,Everything Money,UCL-F-8nxFtFZ4M3RWkGn6Qw,NVDA,Amazon,sell,2026-01-05,2026-01-05,external_provider,data/exports/research_grade_analysis/05_event_timeline_dataset.csv,data/exports/final_paper_package/02_event_study_robustness_table.csv (aggregate); event-level canonical return file not committed,True,True,True,True,aggregate_only_no_event_membership_file,True,locked_event_manifest_from_committed_artifacts
locked_artifact_sample_v1_2026-05-16,830,FXQwVHHbuwo,FXQwVHHbuwo,FXQwVHHbuwo,The Investor Channel,UCL-F-8nxFtFZ4M3RWkGn6Qw,AMZN,Alphabet,sell,2025-05-24,2025-05-27,external_provider,data/exports/research_grade_analysis/05_event_timeline_dataset.csv,data/exports/final_paper_package/02_event_study_robustness_table.csv (aggregate); event-level canonical return file not committed,True,False,True,True,aggregate_only_no_event_membership_file,True,locked_event_manifest_from_committed_artifacts
locked_artifact_sample_v1_2026-05-16,831,FXQwVHHbuwo,FXQwVHHbuwo,FXQwVHHbuwo,The Investor Channel,UCL-F-8nxFtFZ4M3RWkGn6Qw,NFLX,Nvidia,buy,2025-05-24,2025-05-27,external_provider,data/exports/research_grade_analysis/05_event_timeline_dataset.csv,data/exports/final_paper_package/02_event_study_robustness_table.csv (aggregate); event-level canonical return file not committed,True,True,True,True,aggregate_only_no_event_membership_file,True,locked_event_manifest_from_committed_artifacts
locked_artifact_sample_v1_2026-05-16,832,GKtXZWCwFPQ,GKtXZWCwFPQ,GKtXZWCwFPQ,Daniel Pronk,UCrGLm-Drgv0vbbemwwHeXJw,NVDA,Meta,buy,2025-11-13,2025-11-13,external_provider,data/exports/research_grade_analysis/05_event_timeline_dataset.csv,data/exports/final_paper_package/02_event_study_robustness_table.csv (aggregate); event-level canonical return file not committed,True,False,False,True,aggregate_only_no_event_membership_file,True,locked_event_manifest_from_committed_artifacts
locked_artifact_sample_v1_2026-05-16,833,GKtXZWCwFPQ,GKtXZWCwFPQ,GKtXZWCwFPQ,Daniel Pronk,UC5cEHfCr6WOE1R1zcohd1IA,NVDA,Nvidia,buy,2025-11-13,2025-11-13,external_provider,data/exports/research_grade_analysis/05_event_timeline_dataset.csv,data/exports/final_paper_package/02_event_study_robustness_table.csv (aggregate); event-level canonical return file not committed,True,False,False,False,aggregate_only_no_event_membership_file,True,locked_event_manifest_from_committed_artifacts
locked_artifact_sample_v1_2026-05-16,834,GL4CpYiaUb0,GL4CpYiaUb0,GL4CpYiaUb0,Jose Najarro Stocks,UCL-F-8nxFtFZ4M3RWkGn6Qw,NVDA,Alphabet,buy,2026-02-05,2026-02-05,external_provider,data/exports/research_grade_analysis/05_event_timeline_dataset.csv,data/exports/final_paper_package/02_event_study_robustness_table.csv (aggregate); event-level canonical return file not committed,True,True,False,False,aggregate_only_no_event_membership_file,True,locked_event_manifest_from_committed_artifacts
locked_artifact_sample_v1_2026-05-16,835,GT3JCVOftkw,GT3JCVOftkw,GT3JCVOftkw,"Parkev Tatevosian, CFA",UCL-F-8nxFtFZ4M3RWkGn6Qw,SOFI,Alphabet,buy,2026-05-06,2026-05-06,external_provider,data/exports/research_grade_analysis/05_event_timeline_dataset.csv,data/exports/final_paper_package/02_event_study_robustness_table.csv (aggregate); event-level canonical return file not committed,True,False,True,True,aggregate_only_no_event_membership_file,True,recent_intraday_diagnostic_available
locked_artifact_sample_v1_2026-05-16,836,GT3JCVOftkw,GT3JCVOftkw,GT3JCVOftkw,"Parkev Tatevosian, CFA",UCZw2iqBZShBxWy8r1fwqP8A,SOFI,Alphabet,buy,2026-05-06,2026-05-06,external_provider,data/exports/research_grade_analysis/05_event_timeline_dataset.csv,data/exports/final_paper_package/02_event_study_robustness_table.csv (aggregate); event-level canonical return file not committed,True,False,True,False,aggregate_only_no_event_membership_file,True,recent_intraday_diagnostic_available
locked_artifact_sample_v1_2026-05-16,837,GaK9N1jUFR4,GaK9N1jUFR4,GaK9N1jUFR4,Jose Najarro Stocks,UCC7xhD0o7FBHdKXZxMRFspQ,AMZN,Nvidia,buy,2026-04-29,2026-04-29,external_provider,data/exports/research_grade_analysis/05_event_timeline_dataset.csv,data/exports/final_paper_package/02_event_study_robustness_table.csv (aggregate); event-level canonical return file not committed,True,False,False,True,aggregate_only_no_event_membership_file,True,recent_intraday_diagnostic_available
locked_artifact_sample_v1_2026-05-16,838,GeqEjvs1vFQ,GeqEjvs1vFQ,GeqEjvs1vFQ,The Investor Channel,UCC7xhD0o7FBHdKXZxMRFspQ,AAPL,Alphabet,buy,2025-11-22,2025-11-24,external_provider,data/exports/research_grade_analysis/05_event_timeline_dataset.csv,data/exports/final_paper_package/02_event_study_robustness_table.csv (aggregate); event-level canonical return file not committed,True,True,True,True,aggregate_only_no_event_membership_file,True,locked_event_manifest_from_committed_artifacts
locked_artifact_sample_v1_2026-05-16,839,HaNkGELV_uk,HaNkGELV_uk,HaNkGELV_uk,Jose Najarro Stocks,UCC7xhD0o7FBHdKXZxMRFspQ,AMZN,Amazon,buy,2026-02-09,2026-02-09,external_provider,data/exports/research_grade_analysis/05_event_timeline_dataset.csv,data/exports/final_paper_package/02_event_study_robustness_table.csv (aggregate); event-level canonical return file not committed,True,False,False,True,aggregate_only_no_event_membership_file,True,locked_event_manifest_from_committed_artifacts
locked_artifact_sample_v1_2026-05-16,840,HaNkGELV_uk,HaNkGELV_uk,HaNkGELV_uk,Jose Najarro Stocks,UCC7xhD0o7FBHdKXZxMRFspQ,AMZN,SoFi,buy,2026-02-09,2026-02-09,external_provider,data/exports/research_grade_analysis/05_event_timeline_dataset.csv,data/exports/final_paper_package/02_event_study_robustness_table.csv (aggregate); event-level canonical return file not committed,True,False,False,False,aggregate_only_no_event_membership_file,True,locked_event_manifest_from_committed_artifacts
locked_artifact_sample_v1_2026-05-16,841,HaNkGELV_uk,HaNkGELV_uk,HaNkGELV_uk,Jose Najarro Stocks,UCC7xhD0o7FBHdKXZxMRFspQ,UBER,SoFi,buy,2026-02-09,2026-02-09,external_provider,data/exports/research_grade_analysis/05_event_timeline_dataset.csv,data/exports/final_paper_package/02_event_study_robustness_table.csv (aggregate); event-level canonical return file not committed,True,False,False,True,aggregate_only_no_event_membership_file,True,locked_event_manifest_from_committed_artifacts
locked_artifact_sample_v1_2026-05-16,842,HaNkGELV_uk,HaNkGELV_uk,HaNkGELV_uk,Jose Najarro Stocks,UC7r4-nZ4icT8SIcnisXFSHQ,GOOGL,Nvidia,buy,2026-02-09,2026-02-09,external_provider,data/exports/research_grade_analysis/05_event_timeline_dataset.csv,data/exports/final_paper_package/02_event_study_robustness_table.csv (aggregate); event-level canonical return file not committed,True,False,False,True,aggregate_only_no_event_membership_file,True,locked_event_manifest_from_committed_artifacts
locked_artifact_sample_v1_2026-05-16,843,HaNkGELV_uk,HaNkGELV_uk,HaNkGELV_uk,Jose Najarro Stocks,UC7r4-nZ4icT8SIcnisXFSHQ,NVDA,Alphabet,buy,2026-02-09,2026-02-09,external_provider,data/exports/research_grade_analysis/05_event_timeline_dataset.csv,data/exports/final_paper_package/02_event_study_robustness_table.csv (aggregate); event-level canonical return file not committed,True,True,False,True,aggregate_only_no_event_membership_file,True,locked_event_manifest_from_committed_artifacts
locked_artifact_sample_v1_2026-05-16,844,HaNkGELV_uk,HaNkGELV_uk,HaNkGELV_uk,Jose Najarro Stocks,UC7r4-nZ4icT8SIcnisXFSHQ,SOFI,Microsoft,buy,2026-02-09,2026-02-09,external_provider,data/exports/research_grade_analysis/05_event_timeline_dataset.csv,data/exports/final_paper_package/02_event_study_robustness_table.csv (aggregate); event-level canonical return file not committed,True,False,False,True,aggregate_only_no_event_membership_file,True,locked_event_manifest_from_committed_artifacts
locked_artifact_sample_v1_2026-05-16,845,HaNkGELV_uk,HaNkGELV_uk,HaNkGELV_uk,Jose Najarro Stocks,UCSglJMvX-zSgv3PEJIE_inw,SOFI,Apple,buy,2026-02-09,2026-02-09,external_provider,data/exports/research_grade_analysis/05_event_timeline_dataset.csv,data/exports/final_paper_package/02_event_study_robustness_table.csv (aggregate); event-level canonical return file not committed,True,False,False,False,aggregate_only_no_event_membership_file,True,locked_event_manifest_from_committed_artifacts
locked_artifact_sample_v1_2026-05-16,846,IZgE6qE8cCs,IZgE6qE8cCs,IZgE6qE8cCs,Jose Najarro Stocks,UCSglJMvX-zSgv3PEJIE_inw,NVDA,Apple,buy,2026-02-25,2026-02-25,external_provider,data/exports/research_grade_analysis/05_event_timeline_dataset.csv,data/exports/final_paper_package/02_event_study_robustness_table.csv (aggregate); event-level canonical return file not committed,True,False,False,True,aggregate_only_no_event_membership_file,True,locked_event_manifest_from_committed_artifacts
locked_artifact_sample_v1_2026-05-16,847,IZgE6qE8cCs,IZgE6qE8cCs,IZgE6qE8cCs,Jose Najarro Stocks,UC7r4-nZ4icT8SIcnisXFSHQ,NVDA,Amazon,buy,2026-02-25,2026-02-25,external_provider,data/exports/research_grade_analysis/05_event_timeline_dataset.csv,data/exports/final_paper_package/02_event_study_robustness_table.csv (aggregate); event-level canonical return file not committed,True,False,False,False,aggregate_only_no_event_membership_file,True,locked_event_manifest_from_committed_artifacts
locked_artifact_sample_v1_2026-05-16,848,IZgE6qE8cCs,IZgE6qE8cCs,IZgE6qE8cCs,Jose Najarro Stocks,UC7r4-nZ4icT8SIcnisXFSHQ,AMD,Tesla,sell,2026-02-25,2026-02-25,external_provider,data/exports/research_grade_analysis/05_event_timeline_dataset.csv,data/exports/final_paper_package/02_event_study_robustness_table.csv (aggregate); event-level canonical return file not committed,True,False,False,True,aggregate_only_no_event_membership_file,True,locked_event_manifest_from_committed_artifacts
locked_artifact_sample_v1_2026-05-16,849,K815zINuzYQ,K815zINuzYQ,K815zINuzYQ,Couch Investor,UC7r4-nZ4icT8SIcnisXFSHQ,SOFI,Apple,buy,2026-04-09,2026-04-09,external_provider,data/exports/research_grade_analysis/05_event_timeline_dataset.csv,data/exports/final_paper_package/02_event_study_robustness_table.csv (aggregate); event-level canonical return file not committed,True,True,True,True,aggregate_only_no_event_membership_file,True,recent_intraday_diagnostic_available
locked_artifact_sample_v1_2026-05-16,850,K815zINuzYQ,K815zINuzYQ,K815zINuzYQ,Couch Investor,UC7r4-nZ4icT8SIcnisXFSHQ,SOFI,Microsoft,buy,2026-04-09,2026-04-09,external_provider,data/exports/research_grade_analysis/05_event_timeline_dataset.csv,data/exports/final_paper_package/02_event_study_robustness_table.csv (aggregate); event-level canonical return file not committed,True,True,True,False,aggregate_only_no_event_membership_file,True,recent_intraday_diagnostic_available
locked_artifact_sample_v1_2026-05-16,851,K815zINuzYQ,K815zINuzYQ,K815zINuzYQ,Couch Investor,UC5cEHfCr6WOE1R1zcohd1IA,SOFI,,buy,2026-04-09,2026-04-09,external_provider,data/exports/research_grade_analysis/05_event_timeline_dataset.csv,data/exports/final_paper_package/02_event_study_robustness_table.csv (aggregate); event-level canonical return file not committed,True,True,True,False,aggregate_only_no_event_membership_file,True,recent_intraday_diagnostic_available
locked_artifact_sample_v1_2026-05-16,852,K815zINuzYQ,K815zINuzYQ,K815zINuzYQ,Couch Investor,UCZw2iqBZShBxWy8r1fwqP8A,SOFI,Tesla,buy,2026-04-09,2026-04-09,external_provider,data/exports/research_grade_analysis/05_event_timeline_dataset.csv,data/exports/final_paper_package/02_event_study_robustness_table.csv (aggregate); event-level canonical return file not committed,True,True,True,False,aggregate_only_no_event_membership_file,True,recent_intraday_diagnostic_available
locked_artifact_sample_v1_2026-05-16,853,KPJ44s9LNfk,KPJ44s9LNfk,KPJ44s9LNfk,"Parkev Tatevosian, CFA",UCZw2iqBZShBxWy8r1fwqP8A,AMZN,Tesla,buy,2026-05-02,2026-05-04,external_provider,data/exports/research_grade_analysis/05_event_timeline_dataset.csv,data/exports/final_paper_package/02_event_study_robustness_table.csv (aggregate); event-level canonical return file not committed,True,False,True,True,aggregate_only_no_event_membership_file,True,recent_intraday_diagnostic_available
locked_artifact_sample_v1_2026-05-16,854,KPJ44s9LNfk,KPJ44s9LNfk,KPJ44s9LNfk,"Parkev Tatevosian, CFA",UCZw2iqBZShBxWy8r1fwqP8A,META,Amazon,buy,2026-05-02,2026-05-04,external_provider,data/exports/research_grade_analysis/05_event_timeline_dataset.csv,data/exports/final_paper_package/02_event_study_robustness_table.csv (aggregate); event-level canonical return file not committed,True,False,True,True,aggregate_only_no_event_membership_file,True,recent_intraday_diagnostic_available
locked_artifact_sample_v1_2026-05-16,855,KPJ44s9LNfk,KPJ44s9LNfk,KPJ44s9LNfk,"Parkev Tatevosian, CFA",UCZw2iqBZShBxWy8r1fwqP8A,NFLX,Microsoft,buy,2026-05-02,2026-05-04,external_provider,data/exports/research_grade_analysis/05_event_timeline_dataset.csv,data/exports/final_paper_package/02_event_study_robustness_table.csv (aggregate); event-level canonical return file not committed,True,True,True,True,aggregate_only_no_event_membership_file,True,recent_intraday_diagnostic_available
locked_artifact_sample_v1_2026-05-16,856,KPJ44s9LNfk,KPJ44s9LNfk,KPJ44s9LNfk,"Parkev Tatevosian, CFA",UCrGLm-Drgv0vbbemwwHeXJw,NVDA,SoFi,buy,2026-05-02,2026-05-04,external_provider,data/exports/research_grade_analysis/05_event_timeline_dataset.csv,data/exports/final_paper_package/02_event_study_robustness_table.csv (aggregate); event-level canonical return file not committed,True,False,True,True,aggregate_only_no_event_membership_file,True,recent_intraday_diagnostic_available
locked_artifact_sample_v1_2026-05-16,857,KPJ44s9LNfk,KPJ44s9LNfk,KPJ44s9LNfk,"Parkev Tatevosian, CFA",UCC7xhD0o7FBHdKXZxMRFspQ,UBER,Alphabet,sell,2026-05-02,2026-05-04,external_provider,data/exports/research_grade_analysis/05_event_timeline_dataset.csv,data/exports/final_paper_package/02_event_study_robustness_table.csv (aggregate); event-level canonical return file not committed,True,False,True,True,aggregate_only_no_event_membership_file,True,recent_intraday_diagnostic_available
locked_artifact_sample_v1_2026-05-16,858,KkwARDjcjjg,KkwARDjcjjg,KkwARDjcjjg,Learn to Invest - Investors Grow,UCwKB_00dPL3x5XmHF9IJCrg,MSFT,Meta,buy,2025-04-06,2025-04-07,external_provider,data/exports/research_grade_analysis/05_event_timeline_dataset.csv,data/exports/final_paper_package/02_event_study_robustness_table.csv (aggregate); event-level canonical return file not committed,True,True,True,True,aggregate_only_no_event_membership_file,True,locked_event_manifest_from_committed_artifacts
locked_artifact_sample_v1_2026-05-16,859,KqvdR_iAHQs,KqvdR_iAHQs,KqvdR_iAHQs,The Investor Channel,UCwKB_00dPL3x5XmHF9IJCrg,AMZN,Meta,sell,2025-07-11,2025-07-11,external_provider,data/exports/research_grade_analysis/05_event_timeline_dataset.csv,data/exports/final_paper_package/02_event_study_robustness_table.csv (aggregate); event-level canonical return file not committed,True,True,False,True,aggregate_only_no_event_membership_file,True,locked_event_manifest_from_committed_artifacts
locked_artifact_sample_v1_2026-05-16,860,Kr-0EQVTWxs,Kr-0EQVTWxs,Kr-0EQVTWxs,Couch Investor,UCwKB_00dPL3x5XmHF9IJCrg,NVDA,Meta,buy,2026-02-05,2026-02-05,external_provider,data/exports/research_grade_analysis/05_event_timeline_dataset.csv,data/exports/final_paper_package/02_event_study_robustness_table.csv (aggregate); event-level canonical return file not committed,True,True,False,True,aggregate_only_no_event_membership_file,True,locked_event_manifest_from_committed_artifacts
locked_artifact_sample_v1_2026-05-16,861,LPOmLXLY7HE,LPOmLXLY7HE,LPOmLXLY7HE,Couch Investor,UCSglJMvX-zSgv3PEJIE_inw,AMD,Alphabet,buy,2026-03-01,2026-03-02,external_provider,data/exports/research_grade_analysis/05_event_timeline_dataset.csv,data/exports/final_paper_package/02_event_study_robustness_table.csv (aggregate); event-level canonical return file not committed,True,False,True,True,aggregate_only_no_event_membership_file,True,locked_event_manifest_from_committed_artifacts
locked_artifact_sample_v1_2026-05-16,862,Lmdxc9mER4M,Lmdxc9mER4M,Lmdxc9mER4M,Learn to Invest - Investors Grow,UCrTTBSUr0zhPU56UQljag5A,MSFT,PayPal,buy,2023-01-26,2023-01-26,external_provider,data/exports/research_grade_analysis/05_event_timeline_dataset.csv,data/exports/final_paper_package/02_event_study_robustness_table.csv (aggregate); event-level canonical return file not committed,True,False,True,True,aggregate_only_no_event_membership_file,True,locked_event_manifest_from_committed_artifacts
locked_artifact_sample_v1_2026-05-16,863,Lmdxc9mER4M,Lmdxc9mER4M,Lmdxc9mER4M,Learn to Invest - Investors Grow,UCwKB_00dPL3x5XmHF9IJCrg,GOOGL,Amazon,buy,2023-01-26,2023-01-26,external_provider,data/exports/research_grade_analysis/05_event_timeline_dataset.csv,data/exports/final_paper_package/02_event_study_robustness_table.csv (aggregate); event-level canonical return file not committed,True,False,True,True,aggregate_only_no_event_membership_file,True,locked_event_manifest_from_committed_artifacts
locked_artifact_sample_v1_2026-05-16,864,Lmdxc9mER4M,Lmdxc9mER4M,Lmdxc9mER4M,Learn to Invest - Investors Grow,UCwKB_00dPL3x5XmHF9IJCrg,AAPL,Amazon,buy,2023-01-26,2023-01-26,external_provider,data/exports/research_grade_analysis/05_event_timeline_dataset.csv,data/exports/final_paper_package/02_event_study_robustness_table.csv (aggregate); event-level canonical return file not committed,True,False,True,True,aggregate_only_no_event_membership_file,True,locked_event_manifest_from_committed_artifacts
locked_artifact_sample_v1_2026-05-16,865,Lmdxc9mER4M,Lmdxc9mER4M,Lmdxc9mER4M,Learn to Invest - Investors Grow,UCL-F-8nxFtFZ4M3RWkGn6Qw,DIS,Alphabet,buy,2023-01-26,2023-01-26,external_provider,data/exports/research_grade_analysis/05_event_timeline_dataset.csv,data/exports/final_paper_package/02_event_study_robustness_table.csv (aggregate); event-level canonical return file not committed,True,False,True,True,aggregate_only_no_event_membership_file,True,locked_event_manifest_from_committed_artifacts
locked_artifact_sample_v1_2026-05-16,866,Lmdxc9mER4M,Lmdxc9mER4M,Lmdxc9mER4M,Learn to Invest - Investors Grow,UCrTTBSUr0zhPU56UQljag5A,DIS,Nvidia,buy,2023-01-26,2023-01-26,external_provider,data/exports/research_grade_analysis/05_event_timeline_dataset.csv,data/exports/final_paper_package/02_event_study_robustness_table.csv (aggregate); event-level canonical return file not committed,True,False,True,False,aggregate_only_no_event_membership_file,True,locked_event_manifest_from_committed_artifacts
locked_artifact_sample_v1_2026-05-16,867,MiibryTnAjo,MiibryTnAjo,MiibryTnAjo,Learn to Invest - Investors Grow,UCrGLm-Drgv0vbbemwwHeXJw,MSFT,PayPal,buy,2025-03-16,2025-03-17,external_provider,data/exports/research_grade_analysis/05_event_timeline_dataset.csv,data/exports/final_paper_package/02_event_study_robustness_table.csv (aggregate); event-level canonical return file not committed,True,True,True,True,aggregate_only_no_event_membership_file,True,locked_event_manifest_from_committed_artifacts
locked_artifact_sample_v1_2026-05-16,868,MpFapZJ2JMU,MpFapZJ2JMU,MpFapZJ2JMU,Couch Investor,UCrGLm-Drgv0vbbemwwHeXJw,NFLX,Nvidia,buy,2026-02-15,2026-02-17,external_provider,data/exports/research_grade_analysis/05_event_timeline_dataset.csv,data/exports/final_paper_package/02_event_study_robustness_table.csv (aggregate); event-level canonical return file not committed,True,True,True,True,aggregate_only_no_event_membership_file,True,locked_event_manifest_from_committed_artifacts
locked_artifact_sample_v1_2026-05-16,869,MpFapZJ2JMU,MpFapZJ2JMU,MpFapZJ2JMU,Couch Investor,UCrGLm-Drgv0vbbemwwHeXJw,SOFI,Nvidia,buy,2026-02-15,2026-02-17,external_provider,data/exports/research_grade_analysis/05_event_timeline_dataset.csv,data/exports/final_paper_package/02_event_study_robustness_table.csv (aggregate); event-level canonical return file not committed,True,False,True,True,aggregate_only_no_event_membership_file,True,locked_event_manifest_from_committed_artifacts
locked_artifact_sample_v1_2026-05-16,870,NAZpNXvK3aE,NAZpNXvK3aE,NAZpNXvK3aE,Jose Najarro Stocks,UCrGLm-Drgv0vbbemwwHeXJw,TSLA,,buy,2026-04-22,2026-04-22,external_provider,data/exports/research_grade_analysis/05_event_timeline_dataset.csv,data/exports/final_paper_package/02_event_study_robustness_table.csv (aggregate); event-level canonical return file not committed,True,False,False,True,aggregate_only_no_event_membership_file,True,recent_intraday_diagnostic_available
locked_artifact_sample_v1_2026-05-16,871,NAZpNXvK3aE,NAZpNXvK3aE,NAZpNXvK3aE,Jose Najarro Stocks,UC7r4-nZ4icT8SIcnisXFSHQ,TSLA,Tesla,buy,2026-04-22,2026-04-22,external_provider,data/exports/research_grade_analysis/05_event_timeline_dataset.csv,data/exports/final_paper_package/02_event_study_robustness_table.csv (aggregate); event-level canonical return file not committed,True,False,False,False,aggregate_only_no_event_membership_file,True,recent_intraday_diagnostic_available
locked_artifact_sample_v1_2026-05-16,872,NAZpNXvK3aE,NAZpNXvK3aE,NAZpNXvK3aE,Jose Najarro Stocks,UC7r4-nZ4icT8SIcnisXFSHQ,AMD,Apple,buy,2026-04-22,2026-04-22,external_provider,data/exports/research_grade_analysis/05_event_timeline_dataset.csv,data/exports/final_paper_package/02_event_study_robustness_table.csv (aggregate); event-level canonical return file not committed,True,True,False,True,aggregate_only_no_event_membership_file,True,recent_intraday_diagnostic_available
locked_artifact_sample_v1_2026-05-16,873,NAZpNXvK3aE,NAZpNXvK3aE,NAZpNXvK3aE,Jose Najarro Stocks,UC7r4-nZ4icT8SIcnisXFSHQ,NVDA,Microsoft,buy,2026-04-22,2026-04-22,external_provider,data/exports/research_grade_analysis/05_event_timeline_dataset.csv,data/exports/final_paper_package/02_event_study_robustness_table.csv (aggregate); event-level canonical return file not committed,True,False,False,True,aggregate_only_no_event_membership_file,True,recent_intraday_diagnostic_available
locked_artifact_sample_v1_2026-05-16,874,NAZpNXvK3aE,NAZpNXvK3aE,NAZpNXvK3aE,Jose Najarro Stocks,UC5cEHfCr6WOE1R1zcohd1IA,GOOGL,Nvidia,buy,2026-04-22,2026-04-22,external_provider,data/exports/research_grade_analysis/05_event_timeline_dataset.csv,data/exports/final_paper_package/02_event_study_robustness_table.csv (aggregate); event-level canonical return file not committed,True,False,False,True,aggregate_only_no_event_membership_file,True,recent_intraday_diagnostic_available
locked_artifact_sample_v1_2026-05-16,875,NAZpNXvK3aE,NAZpNXvK3aE,NAZpNXvK3aE,Jose Najarro Stocks,UC5cEHfCr6WOE1R1zcohd1IA,AMZN,,buy,2026-04-22,2026-04-22,external_provider,data/exports/research_grade_analysis/05_event_timeline_dataset.csv,data/exports/final_paper_package/02_event_study_robustness_table.csv (aggregate); event-level canonical return file not committed,True,False,False,True,aggregate_only_no_event_membership_file,True,recent_intraday_diagnostic_available
locked_artifact_sample_v1_2026-05-16,876,NLag_b_QXhk,NLag_b_QXhk,NLag_b_QXhk,Jose Najarro Stocks,UC7r4-nZ4icT8SIcnisXFSHQ,AMZN,Microsoft,buy,2026-02-10,2026-02-10,external_provider,data/exports/research_grade_analysis/05_event_timeline_dataset.csv,data/exports/final_paper_package/02_event_study_robustness_table.csv (aggregate); event-level canonical return file not committed,True,False,False,True,aggregate_only_no_event_membership_file,True,locked_event_manifest_from_committed_artifacts
locked_artifact_sample_v1_2026-05-16,877,NLag_b_QXhk,NLag_b_QXhk,NLag_b_QXhk,Jose Najarro Stocks,UC7r4-nZ4icT8SIcnisXFSHQ,NVDA,Microsoft,buy,2026-02-10,2026-02-10,external_provider,data/exports/research_grade_analysis/05_event_timeline_dataset.csv,data/exports/final_paper_package/02_event_study_robustness_table.csv (aggregate); event-level canonical return file not committed,True,True,False,True,aggregate_only_no_event_membership_file,True,locked_event_manifest_from_committed_artifacts
locked_artifact_sample_v1_2026-05-16,878,OLLhwiT-fMg,OLLhwiT-fMg,OLLhwiT-fMg,Daniel Pronk,UC7r4-nZ4icT8SIcnisXFSHQ,AMZN,Netflix,sell,2026-02-05,2026-02-05,external_provider,data/exports/research_grade_analysis/05_event_timeline_dataset.csv,data/exports/final_paper_package/02_event_study_robustness_table.csv (aggregate); event-level canonical return file not committed,True,False,False,True,aggregate_only_no_event_membership_file,True,locked_event_manifest_from_committed_artifacts
locked_artifact_sample_v1_2026-05-16,879,OLLhwiT-fMg,OLLhwiT-fMg,OLLhwiT-fMg,Daniel Pronk,UC7r4-nZ4icT8SIcnisXFSHQ,AMZN,Tesla,buy,2026-02-05,2026-02-05,external_provider,data/exports/research_grade_analysis/05_event_timeline_dataset.csv,data/exports/final_paper_package/02_event_study_robustness_table.csv (aggregate); event-level canonical return file not committed,True,False,False,False,aggregate_only_no_event_membership_file,True,locked_event_manifest_from_committed_artifacts
locked_artifact_sample_v1_2026-05-16,880,OYDczFnn2BA,OYDczFnn2BA,OYDczFnn2BA,Couch Investor,UC7r4-nZ4icT8SIcnisXFSHQ,NVDA,Netflix,buy,2026-04-01,2026-04-01,external_provider,data/exports/research_grade_analysis/05_event_timeline_dataset.csv,data/exports/final_paper_package/02_event_study_robustness_table.csv (aggregate); event-level canonical return file not committed,True,True,False,True,aggregate_only_no_event_membership_file,True,recent_intraday_diagnostic_available
locked_artifact_sample_v1_2026-05-16,881,OYDczFnn2BA,OYDczFnn2BA,OYDczFnn2BA,Couch Investor,UCrGLm-Drgv0vbbemwwHeXJw,NVDA,Netflix,buy,2026-04-01,2026-04-01,external_provider,data/exports/research_grade_analysis/05_event_timeline_dataset.csv,data/exports/final_paper_package/02_event_study_robustness_table.csv (aggregate); event-level canonical return file not committed,True,True,False,False,aggregate_only_no_event_membership_file,True,recent_intraday_diagnostic_available
locked_artifact_sample_v1_2026-05-16,882,OyB-iFndK3M,OyB-iFndK3M,OyB-iFndK3M,Jose Najarro Stocks,UCrGLm-Drgv0vbbemwwHeXJw,GOOGL,Netflix,buy,2026-04-29,2026-04-29,external_provider,data/exports/research_grade_analysis/05_event_timeline_dataset.csv,data/exports/final_paper_package/02_event_study_robustness_table.csv (aggregate); event-level canonical return file not committed,True,False,False,True,aggregate_only_no_event_membership_file,True,recent_intraday_diagnostic_available
locked_artifact_sample_v1_2026-05-16,883,P3PyYK1o7yw,P3PyYK1o7yw,P3PyYK1o7yw,The Investor Channel,UCrGLm-Drgv0vbbemwwHeXJw,NVDA,Microsoft,buy,2025-02-01,2025-02-03,external_provider,data/exports/research_grade_analysis/05_event_timeline_dataset.csv,data/exports/final_paper_package/02_event_study_robustness_table.csv (aggregate); event-level canonical return file not committed,True,True,True,True,aggregate_only_no_event_membership_file,True,locked_event_manifest_from_committed_artifacts
locked_artifact_sample_v1_2026-05-16,884,P3PyYK1o7yw,P3PyYK1o7yw,P3PyYK1o7yw,The Investor Channel,UCrGLm-Drgv0vbbemwwHeXJw,NFLX,Amazon,buy,2025-02-01,2025-02-03,external_provider,data/exports/research_grade_analysis/05_event_timeline_dataset.csv,data/exports/final_paper_package/02_event_study_robustness_table.csv (aggregate); event-level canonical return file not committed,True,False,True,True,aggregate_only_no_event_membership_file,True,locked_event_manifest_from_committed_artifacts
locked_artifact_sample_v1_2026-05-16,885,P3PyYK1o7yw,P3PyYK1o7yw,P3PyYK1o7yw,The Investor Channel,UC7r4-nZ4icT8SIcnisXFSHQ,MSFT,Apple,buy,2025-02-01,2025-02-03,external_provider,data/exports/research_grade_analysis/05_event_timeline_dataset.csv,data/exports/final_paper_package/02_event_study_robustness_table.csv (aggregate); event-level canonical return file not committed,True,False,True,True,aggregate_only_no_event_membership_file,True,locked_event_manifest_from_committed_artifacts
locked_artifact_sample_v1_2026-05-16,886,QIAWUXXSoQM,QIAWUXXSoQM,QIAWUXXSoQM,The Swedish Investor,UC7r4-nZ4icT8SIcnisXFSHQ,AAPL,Alphabet,buy,2020-04-30,2020-04-30,external_provider,data/exports/research_grade_analysis/05_event_timeline_dataset.csv,data/exports/final_paper_package/02_event_study_robustness_table.csv (aggregate); event-level canonical return file not committed,True,False,True,True,aggregate_only_no_event_membership_file,True,locked_event_manifest_from_committed_artifacts
locked_artifact_sample_v1_2026-05-16,887,Qh8aI14uZ48,Qh8aI14uZ48,Qh8aI14uZ48,The Investor Channel,UCL-F-8nxFtFZ4M3RWkGn6Qw,META,Tesla,buy,2026-01-16,2026-01-16,external_provider,data/exports/research_grade_analysis/05_event_timeline_dataset.csv,data/exports/final_paper_package/02_event_study_robustness_table.csv (aggregate); event-level canonical return file not committed,True,False,False,True,aggregate_only_no_event_membership_file,True,locked_event_manifest_from_committed_artifacts
locked_artifact_sample_v1_2026-05-16,888,Ro2fVhXze58,Ro2fVhXze58,Ro2fVhXze58,Investing with Tom,UCL-F-8nxFtFZ4M3RWkGn6Qw,MSFT,Microsoft,buy,2022-11-17,2022-11-17,external_provider,data/exports/research_grade_analysis/05_event_timeline_dataset.csv,data/exports/final_paper_package/02_event_study_robustness_table.csv (aggregate); event-level canonical return file not committed,True,True,False,True,aggregate_only_no_event_membership_file,True,locked_event_manifest_from_committed_artifacts
locked_artifact_sample_v1_2026-05-16,889,SmljtuGoV7s,SmljtuGoV7s,SmljtuGoV7s,The Investor Channel,UCL-F-8nxFtFZ4M3RWkGn6Qw,NVDA,Alphabet,sell,2025-08-22,2025-08-22,external_provider,data/exports/research_grade_analysis/05_event_timeline_dataset.csv,data/exports/final_paper_package/02_event_study_robustness_table.csv (aggregate); event-level canonical return file not committed,True,False,False,True,aggregate_only_no_event_membership_file,True,locked_event_manifest_from_committed_artifacts
locked_artifact_sample_v1_2026-05-16,890,SmljtuGoV7s,SmljtuGoV7s,SmljtuGoV7s,The Investor Channel,UCL-F-8nxFtFZ4M3RWkGn6Qw,AAPL,Alphabet,buy,2025-08-22,2025-08-22,external_provider,data/exports/research_grade_analysis/05_event_timeline_dataset.csv,data/exports/final_paper_package/02_event_study_robustness_table.csv (aggregate); event-level canonical return file not committed,True,True,False,True,aggregate_only_no_event_membership_file,True,locked_event_manifest_from_committed_artifacts
locked_artifact_sample_v1_2026-05-16,891,SuGaHKOvBPY,SuGaHKOvBPY,SuGaHKOvBPY,The Investor Channel,UCC7xhD0o7FBHdKXZxMRFspQ,NVDA,Amazon,buy,2026-01-24,2026-01-26,external_provider,data/exports/research_grade_analysis/05_event_timeline_dataset.csv,data/exports/final_paper_package/02_event_study_robustness_table.csv (aggregate); event-level canonical return file not committed,True,False,True,True,aggregate_only_no_event_membership_file,True,locked_event_manifest_from_committed_artifacts
locked_artifact_sample_v1_2026-05-16,892,UDnrbOicxiI,UDnrbOicxiI,UDnrbOicxiI,Daniel Pronk,UC7r4-nZ4icT8SIcnisXFSHQ,NVDA,Tesla,buy,2025-08-28,2025-08-28,external_provider,data/exports/research_grade_analysis/05_event_timeline_dataset.csv,data/exports/final_paper_package/02_event_study_robustness_table.csv (aggregate); event-level canonical return file not committed,True,False,False,True,aggregate_only_no_event_membership_file,True,locked_event_manifest_from_committed_artifacts
locked_artifact_sample_v1_2026-05-16,893,XiAXdtD9Gsg,XiAXdtD9Gsg,XiAXdtD9Gsg,The Investor Channel,UC7r4-nZ4icT8SIcnisXFSHQ,AAPL,Amazon,buy,2025-10-31,2025-10-31,external_provider,data/exports/research_grade_analysis/05_event_timeline_dataset.csv,data/exports/final_paper_package/02_event_study_robustness_table.csv (aggregate); event-level canonical return file not committed,True,False,False,True,aggregate_only_no_event_membership_file,True,locked_event_manifest_from_committed_artifacts
locked_artifact_sample_v1_2026-05-16,894,YainaNr8tPw,YainaNr8tPw,YainaNr8tPw,The Investor Channel,UC7r4-nZ4icT8SIcnisXFSHQ,AMD,Microsoft,buy,2025-02-04,2025-02-04,external_provider,data/exports/research_grade_analysis/05_event_timeline_dataset.csv,data/exports/final_paper_package/02_event_study_robustness_table.csv (aggregate); event-level canonical return file not committed,True,False,False,True,aggregate_only_no_event_membership_file,True,locked_event_manifest_from_committed_artifacts
locked_artifact_sample_v1_2026-05-16,895,ZQeoYO8ZdfY,ZQeoYO8ZdfY,ZQeoYO8ZdfY,Daniel Pronk,UC7r4-nZ4icT8SIcnisXFSHQ,GOOGL,Netflix,buy,2025-10-30,2025-10-30,external_provider,data/exports/research_grade_analysis/05_event_timeline_dataset.csv,data/exports/final_paper_package/02_event_study_robustness_table.csv (aggregate); event-level canonical return file not committed,True,False,False,True,aggregate_only_no_event_membership_file,True,locked_event_manifest_from_committed_artifacts
locked_artifact_sample_v1_2026-05-16,896,ZRaTSAxYCBk,ZRaTSAxYCBk,ZRaTSAxYCBk,"Parkev Tatevosian, CFA",UCrGLm-Drgv0vbbemwwHeXJw,PLTR,Uber,buy,2026-04-30,2026-04-30,external_provider,data/exports/research_grade_analysis/05_event_timeline_dataset.csv,data/exports/final_paper_package/02_event_study_robustness_table.csv (aggregate); event-level canonical return file not committed,True,False,True,True,aggregate_only_no_event_membership_file,True,recent_intraday_diagnostic_available
locked_artifact_sample_v1_2026-05-16,897,ZTHRbIdPkOw,ZTHRbIdPkOw,ZTHRbIdPkOw,Daniel Pronk,UCrGLm-Drgv0vbbemwwHeXJw,MSFT,PayPal,buy,2025-08-01,2025-08-01,external_provider,data/exports/research_grade_analysis/05_event_timeline_dataset.csv,data/exports/final_paper_package/02_event_study_robustness_table.csv (aggregate); event-level canonical return file not committed,True,False,False,True,aggregate_only_no_event_membership_file,True,locked_event_manifest_from_committed_artifacts
locked_artifact_sample_v1_2026-05-16,898,ZgzDmoaQPzw,ZgzDmoaQPzw,ZgzDmoaQPzw,Jose Najarro Stocks,UC5cEHfCr6WOE1R1zcohd1IA,AMZN,Meta,buy,2026-02-06,2026-02-06,external_provider,data/exports/research_grade_analysis/05_event_timeline_dataset.csv,data/exports/final_paper_package/02_event_study_robustness_table.csv (aggregate); event-level canonical return file not committed,True,False,False,True,aggregate_only_no_event_membership_file,True,locked_event_manifest_from_committed_artifacts
locked_artifact_sample_v1_2026-05-16,899,ZgzDmoaQPzw,ZgzDmoaQPzw,ZgzDmoaQPzw,Jose Najarro Stocks,UCL-F-8nxFtFZ4M3RWkGn6Qw,NVDA,Apple,buy,2026-02-06,2026-02-06,external_provider,data/exports/research_grade_analysis/05_event_timeline_dataset.csv,data/exports/final_paper_package/02_event_study_robustness_table.csv (aggregate); event-level canonical return file not committed,True,True,False,True,aggregate_only_no_event_membership_file,True,locked_event_manifest_from_committed_artifacts
locked_artifact_sample_v1_2026-05-16,900,ZgzDmoaQPzw,ZgzDmoaQPzw,ZgzDmoaQPzw,Jose Najarro Stocks,UCL-F-8nxFtFZ4M3RWkGn6Qw,META,Apple,buy,2026-02-06,2026-02-06,external_provider,data/exports/research_grade_analysis/05_event_timeline_dataset.csv,data/exports/final_paper_package/02_event_study_robustness_table.csv (aggregate); event-level canonical return file not committed,True,True,False,True,aggregate_only_no_event_membership_file,True,locked_event_manifest_from_committed_artifacts
locked_artifact_sample_v1_2026-05-16,901,ZgzDmoaQPzw,ZgzDmoaQPzw,ZgzDmoaQPzw,Jose Najarro Stocks,UCL-F-8nxFtFZ4M3RWkGn6Qw,MSFT,Apple,buy,2026-02-06,2026-02-06,external_provider,data/exports/research_grade_analysis/05_event_timeline_dataset.csv,data/exports/final_paper_package/02_event_study_robustness_table.csv (aggregate); event-level canonical return file not committed,True,True,False,True,aggregate_only_no_event_membership_file,True,locked_event_manifest_from_committed_artifacts
locked_artifact_sample_v1_2026-05-16,902,_cZhr7MIffI,_cZhr7MIffI,_cZhr7MIffI,Daniel Pronk,UCL-F-8nxFtFZ4M3RWkGn6Qw,AMZN,Apple,sell,2025-07-10,2025-07-10,external_provider,data/exports/research_grade_analysis/05_event_timeline_dataset.csv,data/exports/final_paper_package/02_event_study_robustness_table.csv (aggregate); event-level canonical return file not committed,True,True,False,True,aggregate_only_no_event_membership_file,True,locked_event_manifest_from_committed_artifacts
locked_artifact_sample_v1_2026-05-16,903,_cZhr7MIffI,_cZhr7MIffI,_cZhr7MIffI,Daniel Pronk,UCL-F-8nxFtFZ4M3RWkGn6Qw,META,Apple,buy,2025-07-10,2025-07-10,external_provider,data/exports/research_grade_analysis/05_event_timeline_dataset.csv,data/exports/final_paper_package/02_event_study_robustness_table.csv (aggregate); event-level canonical return file not committed,True,True,False,True,aggregate_only_no_event_membership_file,True,locked_event_manifest_from_committed_artifacts
locked_artifact_sample_v1_2026-05-16,904,_hiDU8IyEV4,_hiDU8IyEV4,_hiDU8IyEV4,Investing with Tom,UCL-F-8nxFtFZ4M3RWkGn6Qw,AAPL,Apple,buy,2023-05-19,2023-05-19,external_provider,data/exports/research_grade_analysis/05_event_timeline_dataset.csv,data/exports/final_paper_package/02_event_study_robustness_table.csv (aggregate); event-level canonical return file not committed,True,True,True,True,aggregate_only_no_event_membership_file,True,locked_event_manifest_from_committed_artifacts
locked_artifact_sample_v1_2026-05-16,905,a1ObcmtxzfI,a1ObcmtxzfI,a1ObcmtxzfI,Jose Najarro Stocks,UCL-F-8nxFtFZ4M3RWkGn6Qw,NVDA,Apple,buy,2026-03-02,2026-03-02,external_provider,data/exports/research_grade_analysis/05_event_timeline_dataset.csv,data/exports/final_paper_package/02_event_study_robustness_table.csv (aggregate); event-level canonical return file not committed,True,False,False,True,aggregate_only_no_event_membership_file,True,locked_event_manifest_from_committed_artifacts
locked_artifact_sample_v1_2026-05-16,906,a1ObcmtxzfI,a1ObcmtxzfI,a1ObcmtxzfI,Jose Najarro Stocks,UCL-F-8nxFtFZ4M3RWkGn6Qw,NVDA,Apple,buy,2026-03-02,2026-03-02,external_provider,data/exports/research_grade_analysis/05_event_timeline_dataset.csv,data/exports/final_paper_package/02_event_study_robustness_table.csv (aggregate); event-level canonical return file not committed,True,False,False,False,aggregate_only_no_event_membership_file,True,locked_event_manifest_from_committed_artifacts
locked_artifact_sample_v1_2026-05-16,907,a1ObcmtxzfI,a1ObcmtxzfI,a1ObcmtxzfI,Jose Najarro Stocks,UCL-F-8nxFtFZ4M3RWkGn6Qw,NVDA,Apple,sell,2026-03-02,2026-03-02,external_provider,data/exports/research_grade_analysis/05_event_timeline_dataset.csv,data/exports/final_paper_package/02_event_study_robustness_table.csv (aggregate); event-level canonical return file not committed,True,False,False,False,aggregate_only_no_event_membership_file,True,locked_event_manifest_from_committed_artifacts
locked_artifact_sample_v1_2026-05-16,908,a1ObcmtxzfI,a1ObcmtxzfI,a1ObcmtxzfI,Jose Najarro Stocks,UC7r4-nZ4icT8SIcnisXFSHQ,NVDA,Netflix,sell,2026-03-02,2026-03-02,external_provider,data/exports/research_grade_analysis/05_event_timeline_dataset.csv,data/exports/final_paper_package/02_event_study_robustness_table.csv (aggregate); event-level canonical return file not committed,True,False,False,False,aggregate_only_no_event_membership_file,True,locked_event_manifest_from_committed_artifacts
locked_artifact_sample_v1_2026-05-16,909,a1ObcmtxzfI,a1ObcmtxzfI,a1ObcmtxzfI,Jose Najarro Stocks,UC7r4-nZ4icT8SIcnisXFSHQ,AMZN,Nvidia,buy,2026-03-02,2026-03-02,external_provider,data/exports/research_grade_analysis/05_event_timeline_dataset.csv,data/exports/final_paper_package/02_event_study_robustness_table.csv (aggregate); event-level canonical return file not committed,True,False,False,True,aggregate_only_no_event_membership_file,True,locked_event_manifest_from_committed_artifacts
locked_artifact_sample_v1_2026-05-16,910,aAdBjx2VV5E,aAdBjx2VV5E,aAdBjx2VV5E,Dividendology,UC7r4-nZ4icT8SIcnisXFSHQ,MSFT,Nvidia,buy,2026-01-29,2026-01-29,external_provider,data/exports/research_grade_analysis/05_event_timeline_dataset.csv,data/exports/final_paper_package/02_event_study_robustness_table.csv (aggregate); event-level canonical return file not committed,True,False,True,True,aggregate_only_no_event_membership_file,True,locked_event_manifest_from_committed_artifacts
locked_artifact_sample_v1_2026-05-16,911,b5rO7Fb9Ek0,b5rO7Fb9Ek0,b5rO7Fb9Ek0,"Value Investing with Sven Carlin, Ph.D.",UC7r4-nZ4icT8SIcnisXFSHQ,GOOGL,Nvidia,buy,2025-11-25,2025-11-25,external_provider,data/exports/research_grade_analysis/05_event_timeline_dataset.csv,data/exports/final_paper_package/02_event_study_robustness_table.csv (aggregate); event-level canonical return file not committed,True,True,True,True,aggregate_only_no_event_membership_file,True,locked_event_manifest_from_committed_artifacts
locked_artifact_sample_v1_2026-05-16,912,b5rO7Fb9Ek0,b5rO7Fb9Ek0,b5rO7Fb9Ek0,"Value Investing with Sven Carlin, Ph.D.",UC7r4-nZ4icT8SIcnisXFSHQ,GOOGL,Microsoft,buy,2025-11-25,2025-11-25,external_provider,data/exports/research_grade_analysis/05_event_timeline_dataset.csv,data/exports/final_paper_package/02_event_study_robustness_table.csv (aggregate); event-level canonical return file not committed,True,True,True,False,aggregate_only_no_event_membership_file,True,locked_event_manifest_from_committed_artifacts
locked_artifact_sample_v1_2026-05-16,913,b5rO7Fb9Ek0,b5rO7Fb9Ek0,b5rO7Fb9Ek0,"Value Investing with Sven Carlin, Ph.D.",UC7r4-nZ4icT8SIcnisXFSHQ,GOOGL,Alphabet,buy,2025-11-25,2025-11-25,external_provider,data/exports/research_grade_analysis/05_event_timeline_dataset.csv,data/exports/final_paper_package/02_event_study_robustness_table.csv (aggregate); event-level canonical return file not committed,True,True,True,False,aggregate_only_no_event_membership_file,True,locked_event_manifest_from_committed_artifacts
locked_artifact_sample_v1_2026-05-16,914,bCjiTqdpD0w,bCjiTqdpD0w,bCjiTqdpD0w,Learn to Invest - Investors Grow,UC7r4-nZ4icT8SIcnisXFSHQ,AMZN,Amazon,buy,2024-06-04,2024-06-04,external_provider,data/exports/research_grade_analysis/05_event_timeline_dataset.csv,data/exports/final_paper_package/02_event_study_robustness_table.csv (aggregate); event-level canonical return file not committed,True,True,True,True,aggregate_only_no_event_membership_file,True,locked_event_manifest_from_committed_artifacts
locked_artifact_sample_v1_2026-05-16,915,bCjiTqdpD0w,bCjiTqdpD0w,bCjiTqdpD0w,Learn to Invest - Investors Grow,UC5cEHfCr6WOE1R1zcohd1IA,AMZN,,buy,2024-06-04,2024-06-04,external_provider,data/exports/research_grade_analysis/05_event_timeline_dataset.csv,data/exports/final_paper_package/02_event_study_robustness_table.csv (aggregate); event-level canonical return file not committed,True,True,True,False,aggregate_only_no_event_membership_file,True,locked_event_manifest_from_committed_artifacts
locked_artifact_sample_v1_2026-05-16,916,bOcxvTxg9b8,bOcxvTxg9b8,bOcxvTxg9b8,Jose Najarro Stocks,UC5cEHfCr6WOE1R1zcohd1IA,NVDA,Microsoft,sell,2026-02-27,2026-02-27,external_provider,data/exports/research_grade_analysis/05_event_timeline_dataset.csv,data/exports/final_paper_package/02_event_study_robustness_table.csv (aggregate); event-level canonical return file not committed,True,False,False,True,aggregate_only_no_event_membership_file,True,locked_event_manifest_from_committed_artifacts
locked_artifact_sample_v1_2026-05-16,917,bOfvWTYdATQ,bOfvWTYdATQ,bOfvWTYdATQ,Couch Investor,UC5cEHfCr6WOE1R1zcohd1IA,SOFI,Netflix,buy,2026-03-03,2026-03-03,external_provider,data/exports/research_grade_analysis/05_event_timeline_dataset.csv,data/exports/final_paper_package/02_event_study_robustness_table.csv (aggregate); event-level canonical return file not committed,True,True,True,True,aggregate_only_no_event_membership_file,True,locked_event_manifest_from_committed_artifacts
locked_artifact_sample_v1_2026-05-16,918,eBn3iqktP1k,eBn3iqktP1k,eBn3iqktP1k,"Value Investing with Sven Carlin, Ph.D.",UC5cEHfCr6WOE1R1zcohd1IA,AMZN,Nvidia,buy,2026-03-14,2026-03-16,external_provider,data/exports/research_grade_analysis/05_event_timeline_dataset.csv,data/exports/final_paper_package/02_event_study_robustness_table.csv (aggregate); event-level canonical return file not committed,True,False,True,True,aggregate_only_no_event_membership_file,True,locked_event_manifest_from_committed_artifacts
locked_artifact_sample_v1_2026-05-16,919,eD54PgLZrWM,eD54PgLZrWM,eD54PgLZrWM,"Value Investing with Sven Carlin, Ph.D.",UC7r4-nZ4icT8SIcnisXFSHQ,AMZN,Microsoft,buy,2026-02-28,2026-03-02,external_provider,data/exports/research_grade_analysis/05_event_timeline_dataset.csv,data/exports/final_paper_package/02_event_study_robustness_table.csv (aggregate); event-level canonical return file not committed,True,False,True,False,aggregate_only_no_event_membership_file,True,locked_event_manifest_from_committed_artifacts
locked_artifact_sample_v1_2026-05-16,920,ebJB5e-7KlU,ebJB5e-7KlU,ebJB5e-7KlU,"Mark Roussin, CPA",UCrGLm-Drgv0vbbemwwHeXJw,MSFT,Apple,buy,2025-08-02,2025-08-04,external_provider,data/exports/research_grade_analysis/05_event_timeline_dataset.csv,data/exports/final_paper_package/02_event_study_robustness_table.csv (aggregate); event-level canonical return file not committed,True,False,True,True,aggregate_only_no_event_membership_file,True,locked_event_manifest_from_committed_artifacts
locked_artifact_sample_v1_2026-05-16,921,ep5g-IJwkbg,ep5g-IJwkbg,ep5g-IJwkbg,The Investor Channel,UCwKB_00dPL3x5XmHF9IJCrg,AAPL,,buy,2025-02-22,2025-02-24,external_provider,data/exports/research_grade_analysis/05_event_timeline_dataset.csv,data/exports/final_paper_package/02_event_study_robustness_table.csv (aggregate); event-level canonical return file not committed,True,False,True,True,aggregate_only_no_event_membership_file,True,locked_event_manifest_from_committed_artifacts
locked_artifact_sample_v1_2026-05-16,922,ep5g-IJwkbg,ep5g-IJwkbg,ep5g-IJwkbg,The Investor Channel,UCwKB_00dPL3x5XmHF9IJCrg,AAPL,,buy,2025-02-22,2025-02-24,external_provider,data/exports/research_grade_analysis/05_event_timeline_dataset.csv,data/exports/final_paper_package/02_event_study_robustness_table.csv (aggregate); event-level canonical return file not committed,True,False,True,False,aggregate_only_no_event_membership_file,True,locked_event_manifest_from_committed_artifacts
locked_artifact_sample_v1_2026-05-16,923,ep5g-IJwkbg,ep5g-IJwkbg,ep5g-IJwkbg,The Investor Channel,UCwKB_00dPL3x5XmHF9IJCrg,AMZN,,buy,2025-02-22,2025-02-24,external_provider,data/exports/research_grade_analysis/05_event_timeline_dataset.csv,data/exports/final_paper_package/02_event_study_robustness_table.csv (aggregate); event-level canonical return file not committed,True,True,True,True,aggregate_only_no_event_membership_file,True,locked_event_manifest_from_committed_artifacts
locked_artifact_sample_v1_2026-05-16,924,ep5g-IJwkbg,ep5g-IJwkbg,ep5g-IJwkbg,The Investor Channel,UCC7xhD0o7FBHdKXZxMRFspQ,AMZN,Disney,sell,2025-02-22,2025-02-24,external_provider,data/exports/research_grade_analysis/05_event_timeline_dataset.csv,data/exports/final_paper_package/02_event_study_robustness_table.csv (aggregate); event-level canonical return file not committed,True,True,True,False,aggregate_only_no_event_membership_file,True,locked_event_manifest_from_committed_artifacts
locked_artifact_sample_v1_2026-05-16,925,ep5g-IJwkbg,ep5g-IJwkbg,ep5g-IJwkbg,The Investor Channel,UCgCh-2AfEBtWrNBC2OoNQYg,AMZN,Alphabet,buy,2025-02-22,2025-02-24,external_provider,data/exports/research_grade_analysis/05_event_timeline_dataset.csv,data/exports/final_paper_package/02_event_study_robustness_table.csv (aggregate); event-level canonical return file not committed,True,True,True,False,aggregate_only_no_event_membership_file,True,locked_event_manifest_from_committed_artifacts
locked_artifact_sample_v1_2026-05-16,926,ep5g-IJwkbg,ep5g-IJwkbg,ep5g-IJwkbg,The Investor Channel,UCgCh-2AfEBtWrNBC2OoNQYg,NVDA,Alphabet,buy,2025-02-22,2025-02-24,external_provider,data/exports/research_grade_analysis/05_event_timeline_dataset.csv,data/exports/final_paper_package/02_event_study_robustness_table.csv (aggregate); event-level canonical return file not committed,True,False,True,True,aggregate_only_no_event_membership_file,True,locked_event_manifest_from_committed_artifacts
locked_artifact_sample_v1_2026-05-16,927,ep5g-IJwkbg,ep5g-IJwkbg,ep5g-IJwkbg,The Investor Channel,UCC7xhD0o7FBHdKXZxMRFspQ,TSLA,Apple,buy,2025-02-22,2025-02-24,external_provider,data/exports/research_grade_analysis/05_event_timeline_dataset.csv,data/exports/final_paper_package/02_event_study_robustness_table.csv (aggregate); event-level canonical return file not committed,True,True,True,True,aggregate_only_no_event_membership_file,True,locked_event_manifest_from_committed_artifacts
locked_artifact_sample_v1_2026-05-16,928,fX-nv0hZwMM,fX-nv0hZwMM,fX-nv0hZwMM,Jose Najarro Stocks,UCC7xhD0o7FBHdKXZxMRFspQ,NVDA,Apple,buy,2026-04-28,2026-04-28,external_provider,data/exports/research_grade_analysis/05_event_timeline_dataset.csv,data/exports/final_paper_package/02_event_study_robustness_table.csv (aggregate); event-level canonical return file not committed,True,False,True,True,aggregate_only_no_event_membership_file,True,recent_intraday_diagnostic_available
locked_artifact_sample_v1_2026-05-16,929,fX-nv0hZwMM,fX-nv0hZwMM,fX-nv0hZwMM,Jose Najarro Stocks,UC7r4-nZ4icT8SIcnisXFSHQ,AMD,Tesla,buy,2026-04-28,2026-04-28,external_provider,data/exports/research_grade_analysis/05_event_timeline_dataset.csv,data/exports/final_paper_package/02_event_study_robustness_table.csv (aggregate); event-level canonical return file not committed,True,False,True,True,aggregate_only_no_event_membership_file,True,recent_intraday_diagnostic_available
locked_artifact_sample_v1_2026-05-16,930,fc1XQyB5tPM,fc1XQyB5tPM,fc1XQyB5tPM,The Investor Channel,UCL-F-8nxFtFZ4M3RWkGn6Qw,MSFT,Apple,buy,2025-10-24,2025-10-24,external_provider,data/exports/research_grade_analysis/05_event_timeline_dataset.csv,data/exports/final_paper_package/02_event_study_robustness_table.csv (aggregate); event-level canonical return file not committed,True,False,False,True,aggregate_only_no_event_membership_file,True,locked_event_manifest_from_committed_artifacts
locked_artifact_sample_v1_2026-05-16,931,fiQTZo2ibKA,fiQTZo2ibKA,fiQTZo2ibKA,"Mark Roussin, CPA",UCL-F-8nxFtFZ4M3RWkGn6Qw,NVDA,Amazon,sell,2025-11-29,2025-12-01,external_provider,data/exports/research_grade_analysis/05_event_timeline_dataset.csv,data/exports/final_paper_package/02_event_study_robustness_table.csv (aggregate); event-level canonical return file not committed,True,True,True,True,aggregate_only_no_event_membership_file,True,locked_event_manifest_from_committed_artifacts
locked_artifact_sample_v1_2026-05-16,932,fumAfswKdjI,fumAfswKdjI,fumAfswKdjI,Dividend Bull,UCL-F-8nxFtFZ4M3RWkGn6Qw,TSLA,Amazon,sell,2025-03-07,2025-03-07,external_provider,data/exports/research_grade_analysis/05_event_timeline_dataset.csv,data/exports/final_paper_package/02_event_study_robustness_table.csv (aggregate); event-level canonical return file not committed,True,True,False,True,aggregate_only_no_event_membership_file,True,locked_event_manifest_from_committed_artifacts
locked_artifact_sample_v1_2026-05-16,933,h0y25tnm0us,h0y25tnm0us,h0y25tnm0us,Jose Najarro Stocks,UCL-F-8nxFtFZ4M3RWkGn6Qw,AMD,Amazon,buy,2026-03-12,2026-03-12,external_provider,data/exports/research_grade_analysis/05_event_timeline_dataset.csv,data/exports/final_paper_package/02_event_study_robustness_table.csv (aggregate); event-level canonical return file not committed,True,True,False,True,aggregate_only_no_event_membership_file,True,locked_event_manifest_from_committed_artifacts
locked_artifact_sample_v1_2026-05-16,934,h0y25tnm0us,h0y25tnm0us,h0y25tnm0us,Jose Najarro Stocks,UC5cEHfCr6WOE1R1zcohd1IA,NVDA,Meta,buy,2026-03-12,2026-03-12,external_provider,data/exports/research_grade_analysis/05_event_timeline_dataset.csv,data/exports/final_paper_package/02_event_study_robustness_table.csv (aggregate); event-level canonical return file not committed,True,False,False,True,aggregate_only_no_event_membership_file,True,locked_event_manifest_from_committed_artifacts
locked_artifact_sample_v1_2026-05-16,935,h0y25tnm0us,h0y25tnm0us,h0y25tnm0us,Jose Najarro Stocks,UC5cEHfCr6WOE1R1zcohd1IA,TSLA,Amazon,buy,2026-03-12,2026-03-12,external_provider,data/exports/research_grade_analysis/05_event_timeline_dataset.csv,data/exports/final_paper_package/02_event_study_robustness_table.csv (aggregate); event-level canonical return file not committed,True,True,False,True,aggregate_only_no_event_membership_file,True,locked_event_manifest_from_committed_artifacts
locked_artifact_sample_v1_2026-05-16,936,i3asx63XnMs,i3asx63XnMs,i3asx63XnMs,Couch Investor,UCC7xhD0o7FBHdKXZxMRFspQ,NVDA,Alphabet,sell,2026-03-04,2026-03-04,external_provider,data/exports/research_grade_analysis/05_event_timeline_dataset.csv,data/exports/final_paper_package/02_event_study_robustness_table.csv (aggregate); event-level canonical return file not committed,True,False,False,True,aggregate_only_no_event_membership_file,True,locked_event_manifest_from_committed_artifacts
locked_artifact_sample_v1_2026-05-16,937,i3asx63XnMs,i3asx63XnMs,i3asx63XnMs,Couch Investor,UCC7xhD0o7FBHdKXZxMRFspQ,NVDA,Uber,buy,2026-03-04,2026-03-04,external_provider,data/exports/research_grade_analysis/05_event_timeline_dataset.csv,data/exports/final_paper_package/02_event_study_robustness_table.csv (aggregate); event-level canonical return file not committed,True,False,False,False,aggregate_only_no_event_membership_file,True,locked_event_manifest_from_committed_artifacts
locked_artifact_sample_v1_2026-05-16,938,i3asx63XnMs,i3asx63XnMs,i3asx63XnMs,Couch Investor,UCC7xhD0o7FBHdKXZxMRFspQ,SOFI,Uber,buy,2026-03-04,2026-03-04,external_provider,data/exports/research_grade_analysis/05_event_timeline_dataset.csv,data/exports/final_paper_package/02_event_study_robustness_table.csv (aggregate); event-level canonical return file not committed,True,True,False,True,aggregate_only_no_event_membership_file,True,locked_event_manifest_from_committed_artifacts
locked_artifact_sample_v1_2026-05-16,939,i3asx63XnMs,i3asx63XnMs,i3asx63XnMs,Couch Investor,UCC7xhD0o7FBHdKXZxMRFspQ,META,,buy,2026-03-04,2026-03-04,external_provider,data/exports/research_grade_analysis/05_event_timeline_dataset.csv,data/exports/final_paper_package/02_event_study_robustness_table.csv (aggregate); event-level canonical return file not committed,True,True,False,True,aggregate_only_no_event_membership_file,True,locked_event_manifest_from_committed_artifacts
locked_artifact_sample_v1_2026-05-16,940,i3asx63XnMs,i3asx63XnMs,i3asx63XnMs,Couch Investor,UCL-F-8nxFtFZ4M3RWkGn6Qw,META,Alphabet,buy,2026-03-04,2026-03-04,external_provider,data/exports/research_grade_analysis/05_event_timeline_dataset.csv,data/exports/final_paper_package/02_event_study_robustness_table.csv (aggregate); event-level canonical return file not committed,True,True,False,False,aggregate_only_no_event_membership_file,True,locked_event_manifest_from_committed_artifacts
locked_artifact_sample_v1_2026-05-16,941,i3asx63XnMs,i3asx63XnMs,i3asx63XnMs,Couch Investor,UC5cEHfCr6WOE1R1zcohd1IA,AAPL,Nvidia,buy,2026-03-04,2026-03-04,external_provider,data/exports/research_grade_analysis/05_event_timeline_dataset.csv,data/exports/final_paper_package/02_event_study_robustness_table.csv (aggregate); event-level canonical return file not committed,True,True,False,True,aggregate_only_no_event_membership_file,True,locked_event_manifest_from_committed_artifacts
locked_artifact_sample_v1_2026-05-16,942,j3cDPUdOZEQ,j3cDPUdOZEQ,j3cDPUdOZEQ,Learn to Invest - Investors Grow,UC5cEHfCr6WOE1R1zcohd1IA,DIS,Nvidia,buy,2024-09-23,2024-09-23,external_provider,data/exports/research_grade_analysis/05_event_timeline_dataset.csv,data/exports/final_paper_package/02_event_study_robustness_table.csv (aggregate); event-level canonical return file not committed,True,True,True,True,aggregate_only_no_event_membership_file,True,locked_event_manifest_from_committed_artifacts
locked_artifact_sample_v1_2026-05-16,943,j3cDPUdOZEQ,j3cDPUdOZEQ,j3cDPUdOZEQ,Learn to Invest - Investors Grow,UCrGLm-Drgv0vbbemwwHeXJw,DIS,Uber,buy,2024-09-23,2024-09-23,external_provider,data/exports/research_grade_analysis/05_event_timeline_dataset.csv,data/exports/final_paper_package/02_event_study_robustness_table.csv (aggregate); event-level canonical return file not committed,True,True,True,False,aggregate_only_no_event_membership_file,True,locked_event_manifest_from_committed_artifacts
locked_artifact_sample_v1_2026-05-16,944,jknts65JqrQ,jknts65JqrQ,jknts65JqrQ,Couch Investor,UCrGLm-Drgv0vbbemwwHeXJw,SOFI,Netflix,buy,2026-03-29,2026-03-30,external_provider,data/exports/research_grade_analysis/05_event_timeline_dataset.csv,data/exports/final_paper_package/02_event_study_robustness_table.csv (aggregate); event-level canonical return file not committed,True,True,True,True,aggregate_only_no_event_membership_file,True,recent_intraday_diagnostic_available
locked_artifact_sample_v1_2026-05-16,945,jzQc6ic31Kw,jzQc6ic31Kw,jzQc6ic31Kw,Couch Investor,UCC7xhD0o7FBHdKXZxMRFspQ,AMD,Amazon,buy,2026-04-25,2026-04-27,external_provider,data/exports/research_grade_analysis/05_event_timeline_dataset.csv,data/exports/final_paper_package/02_event_study_robustness_table.csv (aggregate); event-level canonical return file not committed,True,True,True,True,aggregate_only_no_event_membership_file,True,recent_intraday_diagnostic_available
locked_artifact_sample_v1_2026-05-16,946,kT4OdZ-tdnw,kT4OdZ-tdnw,kT4OdZ-tdnw,The Investor Channel,UCwKB_00dPL3x5XmHF9IJCrg,AMZN,Apple,sell,2025-11-14,2025-11-14,external_provider,data/exports/research_grade_analysis/05_event_timeline_dataset.csv,data/exports/final_paper_package/02_event_study_robustness_table.csv (aggregate); event-level canonical return file not committed,True,False,False,True,aggregate_only_no_event_membership_file,True,locked_event_manifest_from_committed_artifacts
locked_artifact_sample_v1_2026-05-16,947,kgsbo09tXeA,kgsbo09tXeA,kgsbo09tXeA,Daniel Pronk,UCwKB_00dPL3x5XmHF9IJCrg,META,Apple,buy,2026-01-28,2026-01-28,external_provider,data/exports/research_grade_analysis/05_event_timeline_dataset.csv,data/exports/final_paper_package/02_event_study_robustness_table.csv (aggregate); event-level canonical return file not committed,True,False,False,True,aggregate_only_no_event_membership_file,True,locked_event_manifest_from_committed_artifacts
locked_artifact_sample_v1_2026-05-16,948,kgsbo09tXeA,kgsbo09tXeA,kgsbo09tXeA,Daniel Pronk,UC5cEHfCr6WOE1R1zcohd1IA,META,Amazon,buy,2026-01-28,2026-01-28,external_provider,data/exports/research_grade_analysis/05_event_timeline_dataset.csv,data/exports/final_paper_package/02_event_study_robustness_table.csv (aggregate); event-level canonical return file not committed,True,False,False,False,aggregate_only_no_event_membership_file,True,locked_event_manifest_from_committed_artifacts
locked_artifact_sample_v1_2026-05-16,949,l2EnBa-7fdg,l2EnBa-7fdg,l2EnBa-7fdg,"Parkev Tatevosian, CFA",UC5cEHfCr6WOE1R1zcohd1IA,SOFI,Alphabet,buy,2026-05-01,2026-05-01,external_provider,data/exports/research_grade_analysis/05_event_timeline_dataset.csv,data/exports/final_paper_package/02_event_study_robustness_table.csv (aggregate); event-level canonical return file not committed,True,False,True,True,aggregate_only_no_event_membership_file,True,recent_intraday_diagnostic_available
locked_artifact_sample_v1_2026-05-16,950,lii5Ppd0Fvk,lii5Ppd0Fvk,lii5Ppd0Fvk,Jose Najarro Stocks,UC5cEHfCr6WOE1R1zcohd1IA,NVDA,Nvidia,sell,2026-03-04,2026-03-04,external_provider,data/exports/research_grade_analysis/05_event_timeline_dataset.csv,data/exports/final_paper_package/02_event_study_robustness_table.csv (aggregate); event-level canonical return file not committed,True,False,False,True,aggregate_only_no_event_membership_file,True,locked_event_manifest_from_committed_artifacts
locked_artifact_sample_v1_2026-05-16,951,lii5Ppd0Fvk,lii5Ppd0Fvk,lii5Ppd0Fvk,Jose Najarro Stocks,UCwKB_00dPL3x5XmHF9IJCrg,NVDA,Microsoft,buy,2026-03-04,2026-03-04,external_provider,data/exports/research_grade_analysis/05_event_timeline_dataset.csv,data/exports/final_paper_package/02_event_study_robustness_table.csv (aggregate); event-level canonical return file not committed,True,False,False,False,aggregate_only_no_event_membership_file,True,locked_event_manifest_from_committed_artifacts
locked_artifact_sample_v1_2026-05-16,952,lii5Ppd0Fvk,lii5Ppd0Fvk,lii5Ppd0Fvk,Jose Najarro Stocks,UC7r4-nZ4icT8SIcnisXFSHQ,META,Netflix,buy,2026-03-04,2026-03-04,external_provider,data/exports/research_grade_analysis/05_event_timeline_dataset.csv,data/exports/final_paper_package/02_event_study_robustness_table.csv (aggregate); event-level canonical return file not committed,True,True,False,True,aggregate_only_no_event_membership_file,True,locked_event_manifest_from_committed_artifacts
locked_artifact_sample_v1_2026-05-16,953,lzXp9c353yA,lzXp9c353yA,lzXp9c353yA,Daniel Pronk,UC7r4-nZ4icT8SIcnisXFSHQ,GOOGL,Tesla,sell,2025-07-17,2025-07-17,external_provider,data/exports/research_grade_analysis/05_event_timeline_dataset.csv,data/exports/final_paper_package/02_event_study_robustness_table.csv (aggregate); event-level canonical return file not committed,True,False,True,True,aggregate_only_no_event_membership_file,True,locked_event_manifest_from_committed_artifacts
locked_artifact_sample_v1_2026-05-16,954,lzXp9c353yA,lzXp9c353yA,lzXp9c353yA,Daniel Pronk,UCZw2iqBZShBxWy8r1fwqP8A,TSLA,Amazon,sell,2025-07-17,2025-07-17,external_provider,data/exports/research_grade_analysis/05_event_timeline_dataset.csv,data/exports/final_paper_package/02_event_study_robustness_table.csv (aggregate); event-level canonical return file not committed,True,False,True,True,aggregate_only_no_event_membership_file,True,locked_event_manifest_from_committed_artifacts
locked_artifact_sample_v1_2026-05-16,955,lzXp9c353yA,lzXp9c353yA,lzXp9c353yA,Daniel Pronk,UC5cEHfCr6WOE1R1zcohd1IA,AAPL,Alphabet,sell,2025-07-17,2025-07-17,external_provider,data/exports/research_grade_analysis/05_event_timeline_dataset.csv,data/exports/final_paper_package/02_event_study_robustness_table.csv (aggregate); event-level canonical return file not committed,True,True,True,True,aggregate_only_no_event_membership_file,True,locked_event_manifest_from_committed_artifacts
locked_artifact_sample_v1_2026-05-16,956,lzXp9c353yA,lzXp9c353yA,lzXp9c353yA,Daniel Pronk,UCL-F-8nxFtFZ4M3RWkGn6Qw,MSFT,Microsoft,sell,2025-07-17,2025-07-17,external_provider,data/exports/research_grade_analysis/05_event_timeline_dataset.csv,data/exports/final_paper_package/02_event_study_robustness_table.csv (aggregate); event-level canonical return file not committed,True,True,True,True,aggregate_only_no_event_membership_file,True,locked_event_manifest_from_committed_artifacts
locked_artifact_sample_v1_2026-05-16,957,lzXp9c353yA,lzXp9c353yA,lzXp9c353yA,Daniel Pronk,UCL-F-8nxFtFZ4M3RWkGn6Qw,NVDA,Microsoft,sell,2025-07-17,2025-07-17,external_provider,data/exports/research_grade_analysis/05_event_timeline_dataset.csv,data/exports/final_paper_package/02_event_study_robustness_table.csv (aggregate); event-level canonical return file not committed,True,True,True,True,aggregate_only_no_event_membership_file,True,locked_event_manifest_from_committed_artifacts
locked_artifact_sample_v1_2026-05-16,958,nUDXbFXTxLU,nUDXbFXTxLU,nUDXbFXTxLU,Daniel Pronk,UCrGLm-Drgv0vbbemwwHeXJw,PYPL,Uber,buy,2026-01-16,2026-01-16,external_provider,data/exports/research_grade_analysis/05_event_timeline_dataset.csv,data/exports/final_paper_package/02_event_study_robustness_table.csv (aggregate); event-level canonical return file not committed,True,True,False,True,aggregate_only_no_event_membership_file,True,locked_event_manifest_from_committed_artifacts
locked_artifact_sample_v1_2026-05-16,959,nf7MTvSgpLA,nf7MTvSgpLA,nf7MTvSgpLA,Dividendology,UCL-F-8nxFtFZ4M3RWkGn6Qw,MSFT,Microsoft,buy,2026-02-05,2026-02-05,external_provider,data/exports/research_grade_analysis/05_event_timeline_dataset.csv,data/exports/final_paper_package/02_event_study_robustness_table.csv (aggregate); event-level canonical return file not committed,True,True,False,True,aggregate_only_no_event_membership_file,True,locked_event_manifest_from_committed_artifacts
locked_artifact_sample_v1_2026-05-16,960,ntX9bHqygrU,ntX9bHqygrU,ntX9bHqygrU,Learn to Invest - Investors Grow,UCrGLm-Drgv0vbbemwwHeXJw,MSFT,Netflix,buy,2022-10-17,2022-10-17,external_provider,data/exports/research_grade_analysis/05_event_timeline_dataset.csv,data/exports/final_paper_package/02_event_study_robustness_table.csv (aggregate); event-level canonical return file not committed,True,True,True,False,aggregate_only_no_event_membership_file,True,locked_event_manifest_from_committed_artifacts
locked_artifact_sample_v1_2026-05-16,961,oD5dQTzOjlM,oD5dQTzOjlM,oD5dQTzOjlM,Daniel Pronk,UCgCh-2AfEBtWrNBC2OoNQYg,META,Alphabet,sell,2025-11-21,2025-11-21,external_provider,data/exports/research_grade_analysis/05_event_timeline_dataset.csv,data/exports/final_paper_package/02_event_study_robustness_table.csv (aggregate); event-level canonical return file not committed,True,True,False,True,aggregate_only_no_event_membership_file,True,locked_event_manifest_from_committed_artifacts
locked_artifact_sample_v1_2026-05-16,962,oD5dQTzOjlM,oD5dQTzOjlM,oD5dQTzOjlM,Daniel Pronk,UCgCh-2AfEBtWrNBC2OoNQYg,META,Alphabet,buy,2025-11-21,2025-11-21,external_provider,data/exports/research_grade_analysis/05_event_timeline_dataset.csv,data/exports/final_paper_package/02_event_study_robustness_table.csv (aggregate); event-level canonical return file not committed,True,True,False,False,aggregate_only_no_event_membership_file,True,locked_event_manifest_from_committed_artifacts
locked_artifact_sample_v1_2026-05-16,963,oY2d8UmUW40,oY2d8UmUW40,oY2d8UmUW40,The Investor Channel,UCgCh-2AfEBtWrNBC2OoNQYg,NVDA,Alphabet,sell,2024-11-21,2024-11-21,external_provider,data/exports/research_grade_analysis/05_event_timeline_dataset.csv,data/exports/final_paper_package/02_event_study_robustness_table.csv (aggregate); event-level canonical return file not committed,True,False,False,True,aggregate_only_no_event_membership_file,True,locked_event_manifest_from_committed_artifacts
locked_artifact_sample_v1_2026-05-16,964,oY2d8UmUW40,oY2d8UmUW40,oY2d8UmUW40,The Investor Channel,UCgCh-2AfEBtWrNBC2OoNQYg,NVDA,Apple,sell,2024-11-21,2024-11-21,external_provider,data/exports/research_grade_analysis/05_event_timeline_dataset.csv,data/exports/final_paper_package/02_event_study_robustness_table.csv (aggregate); event-level canonical return file not committed,True,False,False,False,aggregate_only_no_event_membership_file,True,locked_event_manifest_from_committed_artifacts
locked_artifact_sample_v1_2026-05-16,965,oY2d8UmUW40,oY2d8UmUW40,oY2d8UmUW40,The Investor Channel,UCL-F-8nxFtFZ4M3RWkGn6Qw,NVDA,Alphabet,buy,2024-11-21,2024-11-21,external_provider,data/exports/research_grade_analysis/05_event_timeline_dataset.csv,data/exports/final_paper_package/02_event_study_robustness_table.csv (aggregate); event-level canonical return file not committed,True,False,False,False,aggregate_only_no_event_membership_file,True,locked_event_manifest_from_committed_artifacts
locked_artifact_sample_v1_2026-05-16,966,p2AmerL1cDw,p2AmerL1cDw,p2AmerL1cDw,Jose Najarro Stocks,UCSglJMvX-zSgv3PEJIE_inw,META,Microsoft,buy,2026-02-12,2026-02-12,external_provider,data/exports/research_grade_analysis/05_event_timeline_dataset.csv,data/exports/final_paper_package/02_event_study_robustness_table.csv (aggregate); event-level canonical return file not committed,True,True,False,True,aggregate_only_no_event_membership_file,True,locked_event_manifest_from_committed_artifacts
locked_artifact_sample_v1_2026-05-16,967,p71nSCCjeYk,p71nSCCjeYk,p71nSCCjeYk,Everything Money,UCAeAB8ABXGoGMbXuYPmiu2A,PYPL,Microsoft,buy,2026-02-17,2026-02-17,external_provider,data/exports/research_grade_analysis/05_event_timeline_dataset.csv,data/exports/final_paper_package/02_event_study_robustness_table.csv (aggregate); event-level canonical return file not committed,True,True,True,True,aggregate_only_no_event_membership_file,True,locked_event_manifest_from_committed_artifacts
locked_artifact_sample_v1_2026-05-16,968,pEsk8RvuT64,pEsk8RvuT64,pEsk8RvuT64,Investing with Tom,UCL-F-8nxFtFZ4M3RWkGn6Qw,MSFT,Microsoft,buy,2023-02-14,2023-02-14,external_provider,data/exports/research_grade_analysis/05_event_timeline_dataset.csv,data/exports/final_paper_package/02_event_study_robustness_table.csv (aggregate); event-level canonical return file not committed,True,True,False,True,aggregate_only_no_event_membership_file,True,locked_event_manifest_from_committed_artifacts
locked_artifact_sample_v1_2026-05-16,969,tEmA258ybFM,tEmA258ybFM,tEmA258ybFM,The Investor Channel,UCC7xhD0o7FBHdKXZxMRFspQ,AMZN,Apple,buy,2025-04-18,2025-04-21,external_provider,data/exports/research_grade_analysis/05_event_timeline_dataset.csv,data/exports/final_paper_package/02_event_study_robustness_table.csv (aggregate); event-level canonical return file not committed,True,True,False,True,aggregate_only_no_event_membership_file,True,locked_event_manifest_from_committed_artifacts
locked_artifact_sample_v1_2026-05-16,970,tEmA258ybFM,tEmA258ybFM,tEmA258ybFM,The Investor Channel,UCC7xhD0o7FBHdKXZxMRFspQ,AMZN,Alphabet,buy,2025-04-18,2025-04-21,external_provider,data/exports/research_grade_analysis/05_event_timeline_dataset.csv,data/exports/final_paper_package/02_event_study_robustness_table.csv (aggregate); event-level canonical return file not committed,True,True,False,False,aggregate_only_no_event_membership_file,True,locked_event_manifest_from_committed_artifacts
locked_artifact_sample_v1_2026-05-16,971,uCKILxbFuEE,uCKILxbFuEE,uCKILxbFuEE,"Mark Roussin, CPA",UCgCh-2AfEBtWrNBC2OoNQYg,SOFI,Alphabet,buy,2026-02-17,2026-02-17,external_provider,data/exports/research_grade_analysis/05_event_timeline_dataset.csv,data/exports/final_paper_package/02_event_study_robustness_table.csv (aggregate); event-level canonical return file not committed,True,False,False,True,aggregate_only_no_event_membership_file,True,locked_event_manifest_from_committed_artifacts
locked_artifact_sample_v1_2026-05-16,972,ubr5rZvkrpY,ubr5rZvkrpY,ubr5rZvkrpY,"Parkev Tatevosian, CFA",UCrGLm-Drgv0vbbemwwHeXJw,SOFI,Robinhood,buy,2026-05-03,2026-05-04,external_provider,data/exports/research_grade_analysis/05_event_timeline_dataset.csv,data/exports/final_paper_package/02_event_study_robustness_table.csv (aggregate); event-level canonical return file not committed,True,False,True,True,aggregate_only_no_event_membership_file,True,recent_intraday_diagnostic_available
locked_artifact_sample_v1_2026-05-16,973,wyCQuzCkjIc,wyCQuzCkjIc,wyCQuzCkjIc,Learn to Invest - Investors Grow,UCrGLm-Drgv0vbbemwwHeXJw,MSFT,PayPal,buy,2025-03-28,2025-03-28,external_provider,data/exports/research_grade_analysis/05_event_timeline_dataset.csv,data/exports/final_paper_package/02_event_study_robustness_table.csv (aggregate); event-level canonical return file not committed,True,True,True,True,aggregate_only_no_event_membership_file,True,locked_event_manifest_from_committed_artifacts
locked_artifact_sample_v1_2026-05-16,974,x0y3hAxpwKw,x0y3hAxpwKw,x0y3hAxpwKw,Couch Investor,UCrGLm-Drgv0vbbemwwHeXJw,HOOD,PayPal,buy,2026-02-11,2026-02-11,external_provider,data/exports/research_grade_analysis/05_event_timeline_dataset.csv,data/exports/final_paper_package/02_event_study_robustness_table.csv (aggregate); event-level canonical return file not committed,True,False,False,True,aggregate_only_no_event_membership_file,True,locked_event_manifest_from_committed_artifacts
locked_artifact_sample_v1_2026-05-16,975,xJHP43izznA,xJHP43izznA,xJHP43izznA,"Value Investing with Sven Carlin, Ph.D.",UCrGLm-Drgv0vbbemwwHeXJw,AMZN,,buy,2026-02-27,2026-02-27,external_provider,data/exports/research_grade_analysis/05_event_timeline_dataset.csv,data/exports/final_paper_package/02_event_study_robustness_table.csv (aggregate); event-level canonical return file not committed,True,False,True,True,aggregate_only_no_event_membership_file,True,locked_event_manifest_from_committed_artifacts
locked_artifact_sample_v1_2026-05-16,976,xJHP43izznA,xJHP43izznA,xJHP43izznA,"Value Investing with Sven Carlin, Ph.D.",UCC7xhD0o7FBHdKXZxMRFspQ,AMZN,PayPal,buy,2026-02-27,2026-02-27,external_provider,data/exports/research_grade_analysis/05_event_timeline_dataset.csv,data/exports/final_paper_package/02_event_study_robustness_table.csv (aggregate); event-level canonical return file not committed,True,False,True,False,aggregate_only_no_event_membership_file,True,locked_event_manifest_from_committed_artifacts
locked_artifact_sample_v1_2026-05-16,977,xJHP43izznA,xJHP43izznA,xJHP43izznA,"Value Investing with Sven Carlin, Ph.D.",UC5cEHfCr6WOE1R1zcohd1IA,AMZN,,buy,2026-02-27,2026-02-27,external_provider,data/exports/research_grade_analysis/05_event_timeline_dataset.csv,data/exports/final_paper_package/02_event_study_robustness_table.csv (aggregate); event-level canonical return file not committed,True,False,True,False,aggregate_only_no_event_membership_file,True,locked_event_manifest_from_committed_artifacts
locked_artifact_sample_v1_2026-05-16,978,xJHP43izznA,xJHP43izznA,xJHP43izznA,"Value Investing with Sven Carlin, Ph.D.",UC5cEHfCr6WOE1R1zcohd1IA,AMZN,,buy,2026-02-27,2026-02-27,external_provider,data/exports/research_grade_analysis/05_event_timeline_dataset.csv,data/exports/final_paper_package/02_event_study_robustness_table.csv (aggregate); event-level canonical return file not committed,True,False,True,False,aggregate_only_no_event_membership_file,True,locked_event_manifest_from_committed_artifacts
locked_artifact_sample_v1_2026-05-16,979,y4fA-Io6T0A,y4fA-Io6T0A,y4fA-Io6T0A,The Investor Channel,UC5cEHfCr6WOE1R1zcohd1IA,AAPL,Nvidia,buy,2025-03-07,2025-03-07,external_provider,data/exports/research_grade_analysis/05_event_timeline_dataset.csv,data/exports/final_paper_package/02_event_study_robustness_table.csv (aggregate); event-level canonical return file not committed,True,True,False,True,aggregate_only_no_event_membership_file,True,locked_event_manifest_from_committed_artifacts
locked_artifact_sample_v1_2026-05-16,980,y4fA-Io6T0A,y4fA-Io6T0A,y4fA-Io6T0A,The Investor Channel,UC5cEHfCr6WOE1R1zcohd1IA,TSLA,SoFi,buy,2025-03-07,2025-03-07,external_provider,data/exports/research_grade_analysis/05_event_timeline_dataset.csv,data/exports/final_paper_package/02_event_study_robustness_table.csv (aggregate); event-level canonical return file not committed,True,True,False,True,aggregate_only_no_event_membership_file,True,locked_event_manifest_from_committed_artifacts
locked_artifact_sample_v1_2026-05-16,981,y4fA-Io6T0A,y4fA-Io6T0A,y4fA-Io6T0A,The Investor Channel,UC5cEHfCr6WOE1R1zcohd1IA,NFLX,Apple,buy,2025-03-07,2025-03-07,external_provider,data/exports/research_grade_analysis/05_event_timeline_dataset.csv,data/exports/final_paper_package/02_event_study_robustness_table.csv (aggregate); event-level canonical return file not committed,True,True,False,True,aggregate_only_no_event_membership_file,True,locked_event_manifest_from_committed_artifacts
locked_artifact_sample_v1_2026-05-16,982,z01g14mnDOs,z01g14mnDOs,z01g14mnDOs,Jose Najarro Stocks,UC7r4-nZ4icT8SIcnisXFSHQ,NVDA,Apple,buy,2026-02-26,2026-02-26,external_provider,data/exports/research_grade_analysis/05_event_timeline_dataset.csv,data/exports/final_paper_package/02_event_study_robustness_table.csv (aggregate); event-level canonical return file not committed,True,False,False,True,aggregate_only_no_event_membership_file,True,locked_event_manifest_from_committed_artifacts
locked_artifact_sample_v1_2026-05-16,983,z01g14mnDOs,z01g14mnDOs,z01g14mnDOs,Jose Najarro Stocks,UC7r4-nZ4icT8SIcnisXFSHQ,SOFI,Nvidia,sell,2026-02-26,2026-02-26,external_provider,data/exports/research_grade_analysis/05_event_timeline_dataset.csv,data/exports/final_paper_package/02_event_study_robustness_table.csv (aggregate); event-level canonical return file not committed,True,True,False,True,aggregate_only_no_event_membership_file,True,locked_event_manifest_from_committed_artifacts
locked_artifact_sample_v1_2026-05-16,984,z01g14mnDOs,z01g14mnDOs,z01g14mnDOs,Jose Najarro Stocks,UC7r4-nZ4icT8SIcnisXFSHQ,MSFT,Amazon,sell,2026-02-26,2026-02-26,external_provider,data/exports/research_grade_analysis/05_event_timeline_dataset.csv,data/exports/final_paper_package/02_event_study_robustness_table.csv (aggregate); event-level canonical return file not committed,True,True,False,True,aggregate_only_no_event_membership_file,True,locked_event_manifest_from_committed_artifacts
locked_artifact_sample_v1_2026-05-16,985,z0Bm0nDtgKo,z0Bm0nDtgKo,z0Bm0nDtgKo,The Investor Channel,UCL-F-8nxFtFZ4M3RWkGn6Qw,GOOGL,PayPal,buy,2025-02-05,2025-02-05,external_provider,data/exports/research_grade_analysis/05_event_timeline_dataset.csv,data/exports/final_paper_package/02_event_study_robustness_table.csv (aggregate); event-level canonical return file not committed,True,False,False,True,aggregate_only_no_event_membership_file,True,locked_event_manifest_from_committed_artifacts
locked_artifact_sample_v1_2026-05-16,986,z6EJWLrf_1s,z6EJWLrf_1s,z6EJWLrf_1s,Learn to Invest - Investors Grow,UCL-F-8nxFtFZ4M3RWkGn6Qw,PYPL,PayPal,buy,2023-09-25,2023-09-25,external_provider,data/exports/research_grade_analysis/05_event_timeline_dataset.csv,data/exports/final_paper_package/02_event_study_robustness_table.csv (aggregate); event-level canonical return file not committed,True,False,True,True,aggregate_only_no_event_membership_file,True,locked_event_manifest_from_committed_artifacts
locked_artifact_sample_v1_2026-05-16,987,zLyrZKltbdw,zLyrZKltbdw,zLyrZKltbdw,Investing with Tom,UCL-F-8nxFtFZ4M3RWkGn6Qw,AMZN,PayPal,buy,2022-12-09,2022-12-09,external_provider,data/exports/research_grade_analysis/05_event_timeline_dataset.csv,data/exports/final_paper_package/02_event_study_robustness_table.csv (aggregate); event-level canonical return file not committed,True,True,False,True,aggregate_only_no_event_membership_file,True,locked_event_manifest_from_committed_artifacts
locked_artifact_sample_v1_2026-05-16,988,-47wA5ldJgU,-47wA5ldJgU,-47wA5ldJgU,Couch Investor,UCrTTBSUr0zhPU56UQljag5A,SOFI,Nvidia,buy,2026-04-29,2026-04-29,external_provider,data/exports/research_grade_analysis/05_event_timeline_dataset.csv,data/exports/final_paper_package/02_event_study_robustness_table.csv (aggregate); event-level canonical return file not committed,True,False,True,True,aggregate_only_no_event_membership_file,True,recent_intraday_diagnostic_available
locked_artifact_sample_v1_2026-05-16,989,-47wA5ldJgU,-47wA5ldJgU,-47wA5ldJgU,Couch Investor,UCoMzWLaPjDJBbipihD694pQ,SOFI,Alphabet,sell,2026-04-29,2026-04-29,external_provider,data/exports/research_grade_analysis/05_event_timeline_dataset.csv,data/exports/final_paper_package/02_event_study_robustness_table.csv (aggregate); event-level canonical return file not committed,True,False,True,False,aggregate_only_no_event_membership_file,True,recent_intraday_diagnostic_available
locked_artifact_sample_v1_2026-05-16,990,-47wA5ldJgU,-47wA5ldJgU,-47wA5ldJgU,Couch Investor,UCoMzWLaPjDJBbipihD694pQ,META,Alphabet,sell,2026-04-29,2026-04-29,external_provider,data/exports/research_grade_analysis/05_event_timeline_dataset.csv,data/exports/final_paper_package/02_event_study_robustness_table.csv (aggregate); event-level canonical return file not committed,True,False,True,True,aggregate_only_no_event_membership_file,True,recent_intraday_diagnostic_available
locked_artifact_sample_v1_2026-05-16,991,2Y82M282wEE,2Y82M282wEE,2Y82M282wEE,"Value Investing with Sven Carlin, Ph.D.",UCoMzWLaPjDJBbipihD694pQ,NVDA,Uber,sell,2026-04-21,2026-04-21,external_provider,data/exports/research_grade_analysis/05_event_timeline_dataset.csv,data/exports/final_paper_package/02_event_study_robustness_table.csv (aggregate); event-level canonical return file not committed,True,False,True,True,aggregate_only_no_event_membership_file,True,recent_intraday_diagnostic_available
locked_artifact_sample_v1_2026-05-16,992,2Y82M282wEE,2Y82M282wEE,2Y82M282wEE,"Value Investing with Sven Carlin, Ph.D.",UCoMzWLaPjDJBbipihD694pQ,PLTR,Apple,sell,2026-04-21,2026-04-21,external_provider,data/exports/research_grade_analysis/05_event_timeline_dataset.csv,data/exports/final_paper_package/02_event_study_robustness_table.csv (aggregate); event-level canonical return file not committed,True,True,True,True,aggregate_only_no_event_membership_file,True,recent_intraday_diagnostic_available
locked_artifact_sample_v1_2026-05-16,993,2dJH0dAoBOQ,2dJH0dAoBOQ,2dJH0dAoBOQ,"Value Investing with Sven Carlin, Ph.D.",UCSglJMvX-zSgv3PEJIE_inw,NVDA,Tesla,sell,2026-04-21,2026-04-21,external_provider,data/exports/research_grade_analysis/05_event_timeline_dataset.csv,data/exports/final_paper_package/02_event_study_robustness_table.csv (aggregate); event-level canonical return file not committed,True,False,False,False,aggregate_only_no_event_membership_file,True,recent_intraday_diagnostic_available
locked_artifact_sample_v1_2026-05-16,994,4fV6z5xqw0U,4fV6z5xqw0U,4fV6z5xqw0U,Stock Moe,UCSglJMvX-zSgv3PEJIE_inw,TSLA,Tesla,sell,2026-01-31,2026-02-02,external_provider,data/exports/research_grade_analysis/05_event_timeline_dataset.csv,data/exports/final_paper_package/02_event_study_robustness_table.csv (aggregate); event-level canonical return file not committed,True,False,True,True,aggregate_only_no_event_membership_file,True,locked_event_manifest_from_committed_artifacts
locked_artifact_sample_v1_2026-05-16,995,566DGPT1-yQ,566DGPT1-yQ,566DGPT1-yQ,Financial Education,UCC7xhD0o7FBHdKXZxMRFspQ,AMD,Alphabet,buy,2025-12-31,2025-12-31,external_provider,data/exports/research_grade_analysis/05_event_timeline_dataset.csv,data/exports/final_paper_package/02_event_study_robustness_table.csv (aggregate); event-level canonical return file not committed,True,True,False,True,aggregate_only_no_event_membership_file,True,locked_event_manifest_from_committed_artifacts
locked_artifact_sample_v1_2026-05-16,996,79-99DvYn88,79-99DvYn88,79-99DvYn88,Daniel Pronk,UCC7xhD0o7FBHdKXZxMRFspQ,AMZN,,buy,2026-04-12,2026-04-13,external_provider,data/exports/research_grade_analysis/05_event_timeline_dataset.csv,data/exports/final_paper_package/02_event_study_robustness_table.csv (aggregate); event-level canonical return file not committed,True,False,True,True,aggregate_only_no_event_membership_file,True,recent_intraday_diagnostic_available
locked_artifact_sample_v1_2026-05-16,997,9LAzdM1JFkE,9LAzdM1JFkE,9LAzdM1JFkE,Best of Us Investors,UCC7xhD0o7FBHdKXZxMRFspQ,AMZN,Alphabet,buy,2026-03-16,2026-03-16,external_provider,data/exports/research_grade_analysis/05_event_timeline_dataset.csv,data/exports/final_paper_package/02_event_study_robustness_table.csv (aggregate); event-level canonical return file not committed,True,False,True,True,aggregate_only_no_event_membership_file,True,locked_event_manifest_from_committed_artifacts
locked_artifact_sample_v1_2026-05-16,998,9LAzdM1JFkE,9LAzdM1JFkE,9LAzdM1JFkE,Best of Us Investors,UCG9FGwgAx9-RKq1smF1lc8w,AAPL,Apple,buy,2026-03-16,2026-03-16,external_provider,data/exports/research_grade_analysis/05_event_timeline_dataset.csv,data/exports/final_paper_package/02_event_study_robustness_table.csv (aggregate); event-level canonical return file not committed,True,True,True,True,aggregate_only_no_event_membership_file,True,locked_event_manifest_from_committed_artifacts
locked_artifact_sample_v1_2026-05-16,999,FjvAA4ClBIA,FjvAA4ClBIA,FjvAA4ClBIA,Jose Najarro Stocks,UCG9FGwgAx9-RKq1smF1lc8w,AMD,Apple,buy,2026-05-07,2026-05-07,external_provider,data/exports/research_grade_analysis/05_event_timeline_dataset.csv,data/exports/final_paper_package/02_event_study_robustness_table.csv (aggregate); event-level canonical return file not committed,True,False,False,True,aggregate_only_no_event_membership_file,True,recent_intraday_diagnostic_available
locked_artifact_sample_v1_2026-05-16,1000,JEQdeEOLX3c,JEQdeEOLX3c,JEQdeEOLX3c,Jose Najarro Stocks,UCG9FGwgAx9-RKq1smF1lc8w,NVDA,Apple,buy,2026-05-05,2026-05-05,external_provider,data/exports/research_grade_analysis/05_event_timeline_dataset.csv,data/exports/final_paper_package/02_event_study_robustness_table.csv (aggregate); event-level canonical return file not committed,True,False,False,True,aggregate_only_no_event_membership_file,True,recent_intraday_diagnostic_available
locked_artifact_sample_v1_2026-05-16,1001,JEQdeEOLX3c,JEQdeEOLX3c,JEQdeEOLX3c,Jose Najarro Stocks,UCG9FGwgAx9-RKq1smF1lc8w,GOOGL,Apple,sell,2026-05-05,2026-05-05,external_provider,data/exports/research_grade_analysis/05_event_timeline_dataset.csv,data/exports/final_paper_package/02_event_study_robustness_table.csv (aggregate); event-level canonical return file not committed,True,False,False,True,aggregate_only_no_event_membership_file,True,recent_intraday_diagnostic_available
locked_artifact_sample_v1_2026-05-16,1002,JEQdeEOLX3c,JEQdeEOLX3c,JEQdeEOLX3c,Jose Najarro Stocks,UC7r4-nZ4icT8SIcnisXFSHQ,META,Uber,buy,2026-05-05,2026-05-05,external_provider,data/exports/research_grade_analysis/05_event_timeline_dataset.csv,data/exports/final_paper_package/02_event_study_robustness_table.csv (aggregate); event-level canonical return file not committed,True,False,False,True,aggregate_only_no_event_membership_file,True,recent_intraday_diagnostic_available
locked_artifact_sample_v1_2026-05-16,1003,Msk4jV-NMi4,Msk4jV-NMi4,Msk4jV-NMi4,Ale's World of Stocks,UC7r4-nZ4icT8SIcnisXFSHQ,SHOP,Netflix,buy,2026-02-18,2026-02-18,external_provider,data/exports/research_grade_analysis/05_event_timeline_dataset.csv,data/exports/final_paper_package/02_event_study_robustness_table.csv (aggregate); event-level canonical return file not committed,True,False,False,True,aggregate_only_no_event_membership_file,True,locked_event_manifest_from_committed_artifacts
locked_artifact_sample_v1_2026-05-16,1004,RUuCGXBMBts,RUuCGXBMBts,RUuCGXBMBts,The Investor Channel,UCL-F-8nxFtFZ4M3RWkGn6Qw,AMZN,Amazon,buy,2026-04-17,2026-04-17,external_provider,data/exports/research_grade_analysis/05_event_timeline_dataset.csv,data/exports/final_paper_package/02_event_study_robustness_table.csv (aggregate); event-level canonical return file not committed,True,False,False,True,aggregate_only_no_event_membership_file,True,recent_intraday_diagnostic_available
locked_artifact_sample_v1_2026-05-16,1005,T2II8itYQLY,T2II8itYQLY,T2II8itYQLY,Stock Moe,UCZw2iqBZShBxWy8r1fwqP8A,GOOGL,Nvidia,buy,2026-01-12,2026-01-12,external_provider,data/exports/research_grade_analysis/05_event_timeline_dataset.csv,data/exports/final_paper_package/02_event_study_robustness_table.csv (aggregate); event-level canonical return file not committed,True,True,False,True,aggregate_only_no_event_membership_file,True,locked_event_manifest_from_committed_artifacts
locked_artifact_sample_v1_2026-05-16,1006,VkegraEo8N8,VkegraEo8N8,VkegraEo8N8,"Parkev Tatevosian, CFA",UC7r4-nZ4icT8SIcnisXFSHQ,UBER,Nvidia,buy,2026-05-09,2026-05-11,external_provider,data/exports/research_grade_analysis/05_event_timeline_dataset.csv,data/exports/final_paper_package/02_event_study_robustness_table.csv (aggregate); event-level canonical return file not committed,True,False,True,True,aggregate_only_no_event_membership_file,True,recent_intraday_diagnostic_available
locked_artifact_sample_v1_2026-05-16,1007,YnIhU8buVqM,YnIhU8buVqM,YnIhU8buVqM,Financial Education,UCwKB_00dPL3x5XmHF9IJCrg,PLTR,Amazon,buy,2026-01-21,2026-01-21,external_provider,data/exports/research_grade_analysis/05_event_timeline_dataset.csv,data/exports/final_paper_package/02_event_study_robustness_table.csv (aggregate); event-level canonical return file not committed,True,True,False,True,aggregate_only_no_event_membership_file,True,locked_event_manifest_from_committed_artifacts
locked_artifact_sample_v1_2026-05-16,1008,ZoNdAG4wL_M,ZoNdAG4wL_M,ZoNdAG4wL_M,Learn to Invest - Investors Grow,UC7r4-nZ4icT8SIcnisXFSHQ,NFLX,Amazon,buy,2026-01-04,2026-01-05,external_provider,data/exports/research_grade_analysis/05_event_timeline_dataset.csv,data/exports/final_paper_package/02_event_study_robustness_table.csv (aggregate); event-level canonical return file not committed,True,True,True,True,aggregate_only_no_event_membership_file,True,locked_event_manifest_from_committed_artifacts
locked_artifact_sample_v1_2026-05-16,1009,b3IcD1Ki3mw,b3IcD1Ki3mw,b3IcD1Ki3mw,"Parkev Tatevosian, CFA",UCoMzWLaPjDJBbipihD694pQ,META,Tesla,buy,2026-05-09,2026-05-11,external_provider,data/exports/research_grade_analysis/05_event_timeline_dataset.csv,data/exports/final_paper_package/02_event_study_robustness_table.csv (aggregate); event-level canonical return file not committed,True,False,True,True,aggregate_only_no_event_membership_file,True,recent_intraday_diagnostic_available
locked_artifact_sample_v1_2026-05-16,1010,b3IcD1Ki3mw,b3IcD1Ki3mw,b3IcD1Ki3mw,"Parkev Tatevosian, CFA",UC7r4-nZ4icT8SIcnisXFSHQ,META,Amazon,buy,2026-05-09,2026-05-11,external_provider,data/exports/research_grade_analysis/05_event_timeline_dataset.csv,data/exports/final_paper_package/02_event_study_robustness_table.csv (aggregate); event-level canonical return file not committed,True,False,True,False,aggregate_only_no_event_membership_file,True,recent_intraday_diagnostic_available
locked_artifact_sample_v1_2026-05-16,1011,b3IcD1Ki3mw,b3IcD1Ki3mw,b3IcD1Ki3mw,"Parkev Tatevosian, CFA",UC7r4-nZ4icT8SIcnisXFSHQ,META,Tesla,buy,2026-05-09,2026-05-11,external_provider,data/exports/research_grade_analysis/05_event_timeline_dataset.csv,data/exports/final_paper_package/02_event_study_robustness_table.csv (aggregate); event-level canonical return file not committed,True,False,True,False,aggregate_only_no_event_membership_file,True,recent_intraday_diagnostic_available
locked_artifact_sample_v1_2026-05-16,1012,cQ3VZJJDwI4,cQ3VZJJDwI4,cQ3VZJJDwI4,Investing with Tom,UC7r4-nZ4icT8SIcnisXFSHQ,GOOGL,Alphabet,sell,2023-08-25,2023-08-25,external_provider,data/exports/research_grade_analysis/05_event_timeline_dataset.csv,data/exports/final_paper_package/02_event_study_robustness_table.csv (aggregate); event-level canonical return file not committed,True,True,True,True,aggregate_only_no_event_membership_file,True,locked_event_manifest_from_committed_artifacts
locked_artifact_sample_v1_2026-05-16,1013,iE0ya4QEP6M,iE0ya4QEP6M,iE0ya4QEP6M,Jose Najarro Stocks,UC7r4-nZ4icT8SIcnisXFSHQ,GOOGL,Alphabet,sell,2026-04-30,2026-04-30,external_provider,data/exports/research_grade_analysis/05_event_timeline_dataset.csv,data/exports/final_paper_package/02_event_study_robustness_table.csv (aggregate); event-level canonical return file not committed,True,False,False,True,aggregate_only_no_event_membership_file,True,recent_intraday_diagnostic_available
locked_artifact_sample_v1_2026-05-16,1014,iOJ34Usmi7c,iOJ34Usmi7c,iOJ34Usmi7c,Couch Investor,UC7r4-nZ4icT8SIcnisXFSHQ,PYPL,Apple,buy,2026-05-05,2026-05-05,external_provider,data/exports/research_grade_analysis/05_event_timeline_dataset.csv,data/exports/final_paper_package/02_event_study_robustness_table.csv (aggregate); event-level canonical return file not committed,True,False,True,True,aggregate_only_no_event_membership_file,True,recent_intraday_diagnostic_available
locked_artifact_sample_v1_2026-05-16,1015,iOJ34Usmi7c,iOJ34Usmi7c,iOJ34Usmi7c,Couch Investor,UC7r4-nZ4icT8SIcnisXFSHQ,PYPL,Nvidia,sell,2026-05-05,2026-05-05,external_provider,data/exports/research_grade_analysis/05_event_timeline_dataset.csv,data/exports/final_paper_package/02_event_study_robustness_table.csv (aggregate); event-level canonical return file not committed,True,False,True,False,aggregate_only_no_event_membership_file,True,recent_intraday_diagnostic_available
locked_artifact_sample_v1_2026-05-16,1016,iOJ34Usmi7c,iOJ34Usmi7c,iOJ34Usmi7c,Couch Investor,UC7r4-nZ4icT8SIcnisXFSHQ,MSFT,Nvidia,buy,2026-05-05,2026-05-05,external_provider,data/exports/research_grade_analysis/05_event_timeline_dataset.csv,data/exports/final_paper_package/02_event_study_robustness_table.csv (aggregate); event-level canonical return file not committed,True,False,True,True,aggregate_only_no_event_membership_file,True,recent_intraday_diagnostic_available
locked_artifact_sample_v1_2026-05-16,1017,iOJ34Usmi7c,iOJ34Usmi7c,iOJ34Usmi7c,Couch Investor,UC7r4-nZ4icT8SIcnisXFSHQ,SHOP,Microsoft,buy,2026-05-05,2026-05-05,external_provider,data/exports/research_grade_analysis/05_event_timeline_dataset.csv,data/exports/final_paper_package/02_event_study_robustness_table.csv (aggregate); event-level canonical return file not committed,True,False,True,True,aggregate_only_no_event_membership_file,True,recent_intraday_diagnostic_available
locked_artifact_sample_v1_2026-05-16,1018,pqQ-v51DN9U,pqQ-v51DN9U,pqQ-v51DN9U,Couch Investor,UC7r4-nZ4icT8SIcnisXFSHQ,MSFT,Microsoft,buy,2026-04-30,2026-04-30,external_provider,data/exports/research_grade_analysis/05_event_timeline_dataset.csv,data/exports/final_paper_package/02_event_study_robustness_table.csv (aggregate); event-level canonical return file not committed,True,False,False,True,aggregate_only_no_event_membership_file,True,recent_intraday_diagnostic_available
locked_artifact_sample_v1_2026-05-16,1019,urKw6UgHy7U,urKw6UgHy7U,urKw6UgHy7U,Couch Investor,UCL-F-8nxFtFZ4M3RWkGn6Qw,META,Apple,buy,2026-04-29,2026-04-29,external_provider,data/exports/research_grade_analysis/05_event_timeline_dataset.csv,data/exports/final_paper_package/02_event_study_robustness_table.csv (aggregate); event-level canonical return file not committed,True,False,False,False,aggregate_only_no_event_membership_file,True,recent_intraday_diagnostic_available
locked_artifact_sample_v1_2026-05-16,1020,urKw6UgHy7U,urKw6UgHy7U,urKw6UgHy7U,Couch Investor,UCL-F-8nxFtFZ4M3RWkGn6Qw,GOOGL,Apple,buy,2026-04-29,2026-04-29,external_provider,data/exports/research_grade_analysis/05_event_timeline_dataset.csv,data/exports/final_paper_package/02_event_study_robustness_table.csv (aggregate); event-level canonical return file not committed,True,False,False,True,aggregate_only_no_event_membership_file,True,recent_intraday_diagnostic_available
locked_artifact_sample_v1_2026-05-16,1021,xEd3BKPx_5w,xEd3BKPx_5w,xEd3BKPx_5w,The Investor Channel,UC7r4-nZ4icT8SIcnisXFSHQ,META,Amazon,buy,2026-03-13,2026-03-13,external_provider,data/exports/research_grade_analysis/05_event_timeline_dataset.csv,data/exports/final_paper_package/02_event_study_robustness_table.csv (aggregate); event-level canonical return file not committed,True,True,False,True,aggregate_only_no_event_membership_file,True,locked_event_manifest_from_committed_artifacts
locked_artifact_sample_v1_2026-05-16,1022,yMcHC559ms0,yMcHC559ms0,yMcHC559ms0,Couch Investor,UC7r4-nZ4icT8SIcnisXFSHQ,SOFI,Alphabet,buy,2026-04-29,2026-04-29,external_provider,data/exports/research_grade_analysis/05_event_timeline_dataset.csv,data/exports/final_paper_package/02_event_study_robustness_table.csv (aggregate); event-level canonical return file not committed,True,False,False,False,aggregate_only_no_event_membership_file,True,recent_intraday_diagnostic_available
locked_artifact_sample_v1_2026-05-16,1023,yyMU6QkRdX4,yyMU6QkRdX4,yyMU6QkRdX4,Daniel Pronk,UC7r4-nZ4icT8SIcnisXFSHQ,NFLX,Tesla,sell,2026-04-16,2026-04-16,external_provider,data/exports/research_grade_analysis/05_event_timeline_dataset.csv,data/exports/final_paper_package/02_event_study_robustness_table.csv (aggregate); event-level canonical return file not committed,True,False,False,True,aggregate_only_no_event_membership_file,True,recent_intraday_diagnostic_available
locked_artifact_sample_v1_2026-05-16,1024,VxullUlwyfk,VxullUlwyfk,VxullUlwyfk,Couch Investor,UCZw2iqBZShBxWy8r1fwqP8A,AMD,Microsoft,buy,2026-05-05,2026-05-05,external_provider,data/exports/research_grade_analysis/05_event_timeline_dataset.csv,data/exports/final_paper_package/02_event_study_robustness_table.csv (aggregate); event-level canonical return file not committed,True,False,False,True,aggregate_only_no_event_membership_file,True,recent_intraday_diagnostic_available
locked_artifact_sample_v1_2026-05-16,1025,VxullUlwyfk,VxullUlwyfk,VxullUlwyfk,Couch Investor,UC7r4-nZ4icT8SIcnisXFSHQ,NVDA,Amazon,buy,2026-05-05,2026-05-05,external_provider,data/exports/research_grade_analysis/05_event_timeline_dataset.csv,data/exports/final_paper_package/02_event_study_robustness_table.csv (aggregate); event-level canonical return file not committed,True,False,False,True,aggregate_only_no_event_membership_file,True,recent_intraday_diagnostic_available
locked_artifact_sample_v1_2026-05-16,1026,VxullUlwyfk,VxullUlwyfk,VxullUlwyfk,Couch Investor,UC7r4-nZ4icT8SIcnisXFSHQ,GOOGL,Tesla,sell,2026-05-05,2026-05-05,external_provider,data/exports/research_grade_analysis/05_event_timeline_dataset.csv,data/exports/final_paper_package/02_event_study_robustness_table.csv (aggregate); event-level canonical return file not committed,True,False,False,True,aggregate_only_no_event_membership_file,True,recent_intraday_diagnostic_available
locked_artifact_sample_v1_2026-05-16,1027,mnJf3yEipI8,mnJf3yEipI8,mnJf3yEipI8,Dividendology,UC7r4-nZ4icT8SIcnisXFSHQ,GOOGL,Tesla,buy,2026-04-29,2026-04-29,external_provider,data/exports/research_grade_analysis/05_event_timeline_dataset.csv,data/exports/final_paper_package/02_event_study_robustness_table.csv (aggregate); event-level canonical return file not committed,True,False,False,True,aggregate_only_no_event_membership_file,True,recent_intraday_diagnostic_available
locked_artifact_sample_v1_2026-05-16,1028,ZT5Y9OWWduo,ZT5Y9OWWduo,ZT5Y9OWWduo,Financial Education,UC7r4-nZ4icT8SIcnisXFSHQ,META,Tesla,buy,2026-03-17,2026-03-17,external_provider,data/exports/research_grade_analysis/05_event_timeline_dataset.csv,data/exports/final_paper_package/02_event_study_robustness_table.csv (aggregate); event-level canonical return file not committed,True,True,False,True,aggregate_only_no_event_membership_file,True,locked_event_manifest_from_committed_artifacts
locked_artifact_sample_v1_2026-05-16,1029,ZT5Y9OWWduo,ZT5Y9OWWduo,ZT5Y9OWWduo,Financial Education,UC7r4-nZ4icT8SIcnisXFSHQ,META,Netflix,buy,2026-03-17,2026-03-17,external_provider,data/exports/research_grade_analysis/05_event_timeline_dataset.csv,data/exports/final_paper_package/02_event_study_robustness_table.csv (aggregate); event-level canonical return file not committed,True,True,False,False,aggregate_only_no_event_membership_file,True,locked_event_manifest_from_committed_artifacts
locked_artifact_sample_v1_2026-05-16,1030,ZT5Y9OWWduo,ZT5Y9OWWduo,ZT5Y9OWWduo,Financial Education,UC7r4-nZ4icT8SIcnisXFSHQ,META,Microsoft,buy,2026-03-17,2026-03-17,external_provider,data/exports/research_grade_analysis/05_event_timeline_dataset.csv,data/exports/final_paper_package/02_event_study_robustness_table.csv (aggregate); event-level canonical return file not committed,True,True,False,False,aggregate_only_no_event_membership_file,True,locked_event_manifest_from_committed_artifacts
locked_artifact_sample_v1_2026-05-16,1031,37HErhv0PDw,37HErhv0PDw,37HErhv0PDw,The Swedish Investor,UC7r4-nZ4icT8SIcnisXFSHQ,AAPL,Alphabet,buy,2025-06-27,2025-06-27,external_provider,data/exports/research_grade_analysis/05_event_timeline_dataset.csv,data/exports/final_paper_package/02_event_study_robustness_table.csv (aggregate); event-level canonical return file not committed,True,True,True,True,aggregate_only_no_event_membership_file,True,locked_event_manifest_from_committed_artifacts
locked_artifact_sample_v1_2026-05-16,1032,8YAO5OMzEqo,8YAO5OMzEqo,8YAO5OMzEqo,Everything Money,UC7r4-nZ4icT8SIcnisXFSHQ,TSLA,Alphabet,buy,2026-05-04,2026-05-04,external_provider,data/exports/research_grade_analysis/05_event_timeline_dataset.csv,data/exports/final_paper_package/02_event_study_robustness_table.csv (aggregate); event-level canonical return file not committed,True,False,True,True,aggregate_only_no_event_membership_file,True,recent_intraday_diagnostic_available
locked_artifact_sample_v1_2026-05-16,1033,BxDjTZzN_vw,BxDjTZzN_vw,BxDjTZzN_vw,Sasha Yanshin,UC7r4-nZ4icT8SIcnisXFSHQ,GOOGL,Alphabet,buy,2026-02-15,2026-02-17,external_provider,data/exports/research_grade_analysis/05_event_timeline_dataset.csv,data/exports/final_paper_package/02_event_study_robustness_table.csv (aggregate); event-level canonical return file not committed,True,False,True,True,aggregate_only_no_event_membership_file,True,locked_event_manifest_from_committed_artifacts
locked_artifact_sample_v1_2026-05-16,1034,DspkdrYD3mE,DspkdrYD3mE,DspkdrYD3mE,Tom Nash,UC7r4-nZ4icT8SIcnisXFSHQ,PLTR,Nvidia,sell,2026-04-10,2026-04-10,external_provider,data/exports/research_grade_analysis/05_event_timeline_dataset.csv,data/exports/final_paper_package/02_event_study_robustness_table.csv (aggregate); event-level canonical return file not committed,True,True,True,True,aggregate_only_no_event_membership_file,True,recent_intraday_diagnostic_available
locked_artifact_sample_v1_2026-05-16,1035,HnhI8RqeZPU,HnhI8RqeZPU,HnhI8RqeZPU,Daniel Pronk,UC7r4-nZ4icT8SIcnisXFSHQ,META,Tesla,buy,2026-05-02,2026-05-04,external_provider,data/exports/research_grade_analysis/05_event_timeline_dataset.csv,data/exports/final_paper_package/02_event_study_robustness_table.csv (aggregate); event-level canonical return file not committed,True,False,True,True,aggregate_only_no_event_membership_file,True,recent_intraday_diagnostic_available
locked_artifact_sample_v1_2026-05-16,1036,IuqZ4FVA3ck,IuqZ4FVA3ck,IuqZ4FVA3ck,Couch Investor,UC7r4-nZ4icT8SIcnisXFSHQ,META,Tesla,buy,2026-05-08,2026-05-08,external_provider,data/exports/research_grade_analysis/05_event_timeline_dataset.csv,data/exports/final_paper_package/02_event_study_robustness_table.csv (aggregate); event-level canonical return file not committed,True,False,False,True,aggregate_only_no_event_membership_file,True,recent_intraday_diagnostic_available
locked_artifact_sample_v1_2026-05-16,1037,IuqZ4FVA3ck,IuqZ4FVA3ck,IuqZ4FVA3ck,Couch Investor,UC7r4-nZ4icT8SIcnisXFSHQ,META,Amazon,buy,2026-05-08,2026-05-08,external_provider,data/exports/research_grade_analysis/05_event_timeline_dataset.csv,data/exports/final_paper_package/02_event_study_robustness_table.csv (aggregate); event-level canonical return file not committed,True,False,False,False,aggregate_only_no_event_membership_file,True,recent_intraday_diagnostic_available
locked_artifact_sample_v1_2026-05-16,1038,IuqZ4FVA3ck,IuqZ4FVA3ck,IuqZ4FVA3ck,Couch Investor,UC7r4-nZ4icT8SIcnisXFSHQ,META,Microsoft,buy,2026-05-08,2026-05-08,external_provider,data/exports/research_grade_analysis/05_event_timeline_dataset.csv,data/exports/final_paper_package/02_event_study_robustness_table.csv (aggregate); event-level canonical return file not committed,True,False,False,False,aggregate_only_no_event_membership_file,True,recent_intraday_diagnostic_available
locked_artifact_sample_v1_2026-05-16,1039,IuqZ4FVA3ck,IuqZ4FVA3ck,IuqZ4FVA3ck,Couch Investor,UCSglJMvX-zSgv3PEJIE_inw,SOFI,Alphabet,buy,2026-05-08,2026-05-08,external_provider,data/exports/research_grade_analysis/05_event_timeline_dataset.csv,data/exports/final_paper_package/02_event_study_robustness_table.csv (aggregate); event-level canonical return file not committed,True,False,False,True,aggregate_only_no_event_membership_file,True,recent_intraday_diagnostic_available
locked_artifact_sample_v1_2026-05-16,1040,IuqZ4FVA3ck,IuqZ4FVA3ck,IuqZ4FVA3ck,Couch Investor,UCSglJMvX-zSgv3PEJIE_inw,NFLX,Alphabet,buy,2026-05-08,2026-05-08,external_provider,data/exports/research_grade_analysis/05_event_timeline_dataset.csv,data/exports/final_paper_package/02_event_study_robustness_table.csv (aggregate); event-level canonical return file not committed,True,True,False,True,aggregate_only_no_event_membership_file,True,recent_intraday_diagnostic_available
locked_artifact_sample_v1_2026-05-16,1041,JpGyIp6-Icw,JpGyIp6-Icw,JpGyIp6-Icw,ZipTrader,UCSglJMvX-zSgv3PEJIE_inw,NVDA,Alphabet,buy,2026-04-27,2026-04-27,external_provider,data/exports/research_grade_analysis/05_event_timeline_dataset.csv,data/exports/final_paper_package/02_event_study_robustness_table.csv (aggregate); event-level canonical return file not committed,True,False,False,True,aggregate_only_no_event_membership_file,True,recent_intraday_diagnostic_available
locked_artifact_sample_v1_2026-05-16,1042,JpGyIp6-Icw,JpGyIp6-Icw,JpGyIp6-Icw,ZipTrader,UCrGLm-Drgv0vbbemwwHeXJw,NVDA,SoFi,buy,2026-04-27,2026-04-27,external_provider,data/exports/research_grade_analysis/05_event_timeline_dataset.csv,data/exports/final_paper_package/02_event_study_robustness_table.csv (aggregate); event-level canonical return file not committed,True,False,False,False,aggregate_only_no_event_membership_file,True,recent_intraday_diagnostic_available
locked_artifact_sample_v1_2026-05-16,1043,N2AKFXEJrmw,N2AKFXEJrmw,N2AKFXEJrmw,Daniel Pronk,UCC7xhD0o7FBHdKXZxMRFspQ,GOOGL,,buy,2026-05-05,2026-05-05,external_provider,data/exports/research_grade_analysis/05_event_timeline_dataset.csv,data/exports/final_paper_package/02_event_study_robustness_table.csv (aggregate); event-level canonical return file not committed,True,False,False,True,aggregate_only_no_event_membership_file,True,recent_intraday_diagnostic_available
locked_artifact_sample_v1_2026-05-16,1044,U3eGEycHccU,U3eGEycHccU,U3eGEycHccU,Financial Education,UCC7xhD0o7FBHdKXZxMRFspQ,TSLA,Nvidia,sell,2026-03-21,2026-03-23,external_provider,data/exports/research_grade_analysis/05_event_timeline_dataset.csv,data/exports/final_paper_package/02_event_study_robustness_table.csv (aggregate); event-level canonical return file not committed,True,True,True,True,aggregate_only_no_event_membership_file,True,recent_intraday_diagnostic_available
locked_artifact_sample_v1_2026-05-16,1045,XR57WlqX4iM,XR57WlqX4iM,XR57WlqX4iM,The Swedish Investor,UCL-F-8nxFtFZ4M3RWkGn6Qw,DIS,Amazon,buy,2025-04-29,2025-04-29,external_provider,data/exports/research_grade_analysis/05_event_timeline_dataset.csv,data/exports/final_paper_package/02_event_study_robustness_table.csv (aggregate); event-level canonical return file not committed,True,True,True,True,aggregate_only_no_event_membership_file,True,locked_event_manifest_from_committed_artifacts
locked_artifact_sample_v1_2026-05-16,1046,XR57WlqX4iM,XR57WlqX4iM,XR57WlqX4iM,The Swedish Investor,UCL-F-8nxFtFZ4M3RWkGn6Qw,DIS,Microsoft,buy,2025-04-29,2025-04-29,external_provider,data/exports/research_grade_analysis/05_event_timeline_dataset.csv,data/exports/final_paper_package/02_event_study_robustness_table.csv (aggregate); event-level canonical return file not committed,True,True,True,False,aggregate_only_no_event_membership_file,True,locked_event_manifest_from_committed_artifacts
locked_artifact_sample_v1_2026-05-16,1047,ZdxSfpyE3io,ZdxSfpyE3io,ZdxSfpyE3io,Meet Kevin,UC7r4-nZ4icT8SIcnisXFSHQ,AMZN,Amazon,buy,2025-12-31,2025-12-31,external_provider,data/exports/research_grade_analysis/05_event_timeline_dataset.csv,data/exports/final_paper_package/02_event_study_robustness_table.csv (aggregate); event-level canonical return file not committed,True,True,False,False,aggregate_only_no_event_membership_file,True,locked_event_manifest_from_committed_artifacts
locked_artifact_sample_v1_2026-05-16,1048,_vefC6wbulo,_vefC6wbulo,_vefC6wbulo,Daniel Pronk,UC7r4-nZ4icT8SIcnisXFSHQ,AMZN,Amazon,buy,2026-04-28,2026-04-28,external_provider,data/exports/research_grade_analysis/05_event_timeline_dataset.csv,data/exports/final_paper_package/02_event_study_robustness_table.csv (aggregate); event-level canonical return file not committed,True,False,False,True,aggregate_only_no_event_membership_file,True,recent_intraday_diagnostic_available
locked_artifact_sample_v1_2026-05-16,1049,ha595tW5ZYI,ha595tW5ZYI,ha595tW5ZYI,Learn to Invest - Investors Grow,UCrGLm-Drgv0vbbemwwHeXJw,NVDA,Nvidia,buy,2026-04-04,2026-04-06,external_provider,data/exports/research_grade_analysis/05_event_timeline_dataset.csv,data/exports/final_paper_package/02_event_study_robustness_table.csv (aggregate); event-level canonical return file not committed,True,True,True,True,aggregate_only_no_event_membership_file,True,recent_intraday_diagnostic_available
locked_artifact_sample_v1_2026-05-16,1050,j0UlfSd4mj0,j0UlfSd4mj0,j0UlfSd4mj0,Couch Investor,UCrGLm-Drgv0vbbemwwHeXJw,NVDA,Nvidia,buy,2026-05-11,2026-05-11,external_provider,data/exports/research_grade_analysis/05_event_timeline_dataset.csv,data/exports/final_paper_package/02_event_study_robustness_table.csv (aggregate); event-level canonical return file not committed,True,False,True,True,aggregate_only_no_event_membership_file,True,recent_intraday_diagnostic_available
locked_artifact_sample_v1_2026-05-16,1051,ogRgEob9-pY,ogRgEob9-pY,ogRgEob9-pY,Best of Us Investors,UCrGLm-Drgv0vbbemwwHeXJw,AMZN,Meta,sell,2026-05-04,2026-05-04,external_provider,data/exports/research_grade_analysis/05_event_timeline_dataset.csv,data/exports/final_paper_package/02_event_study_robustness_table.csv (aggregate); event-level canonical return file not committed,True,False,True,True,aggregate_only_no_event_membership_file,True,recent_intraday_diagnostic_available
locked_artifact_sample_v1_2026-05-16,1052,t07A312EiCo,t07A312EiCo,t07A312EiCo,Ticker Symbol: YOU,UCgCh-2AfEBtWrNBC2OoNQYg,AMD,Disney,buy,2026-04-30,2026-04-30,external_provider,data/exports/research_grade_analysis/05_event_timeline_dataset.csv,data/exports/final_paper_package/02_event_study_robustness_table.csv (aggregate); event-level canonical return file not committed,True,False,False,True,aggregate_only_no_event_membership_file,True,recent_intraday_diagnostic_available
locked_artifact_sample_v1_2026-05-16,1053,t07A312EiCo,t07A312EiCo,t07A312EiCo,Ticker Symbol: YOU,UCrTTBSUr0zhPU56UQljag5A,NVDA,Amazon,buy,2026-04-30,2026-04-30,external_provider,data/exports/research_grade_analysis/05_event_timeline_dataset.csv,data/exports/final_paper_package/02_event_study_robustness_table.csv (aggregate); event-level canonical return file not committed,True,False,False,True,aggregate_only_no_event_membership_file,True,recent_intraday_diagnostic_available
locked_artifact_sample_v1_2026-05-16,1054,TWbl-PTpWUY,TWbl-PTpWUY,TWbl-PTpWUY,Chris Sain,UCrGLm-Drgv0vbbemwwHeXJw,TSLA,Netflix,buy,2025-05-14,2025-05-14,external_provider,data/exports/research_grade_analysis/05_event_timeline_dataset.csv,data/exports/final_paper_package/02_event_study_robustness_table.csv (aggregate); event-level canonical return file not committed,True,False,False,True,aggregate_only_no_event_membership_file,True,locked_event_manifest_from_committed_artifacts
locked_artifact_sample_v1_2026-05-16,1055,3UksR3ghPi4,3UksR3ghPi4,3UksR3ghPi4,Best of Us Investors,UC7r4-nZ4icT8SIcnisXFSHQ,NVDA,Apple,sell,2025-09-02,2025-09-02,external_provider,data/exports/research_grade_analysis/05_event_timeline_dataset.csv,data/exports/final_paper_package/02_event_study_robustness_table.csv (aggregate); event-level canonical return file not committed,True,False,True,True,aggregate_only_no_event_membership_file,True,locked_event_manifest_from_committed_artifacts
locked_artifact_sample_v1_2026-05-16,1056,3cZ0meXHFSU,3cZ0meXHFSU,3cZ0meXHFSU,Chris Sain,UCrGLm-Drgv0vbbemwwHeXJw,META,,buy,2025-06-26,2025-06-26,external_provider,data/exports/research_grade_analysis/05_event_timeline_dataset.csv,data/exports/final_paper_package/02_event_study_robustness_table.csv (aggregate); event-level canonical return file not committed,True,True,False,True,aggregate_only_no_event_membership_file,True,locked_event_manifest_from_committed_artifacts
locked_artifact_sample_v1_2026-05-16,1057,OALvs2pdQfY,OALvs2pdQfY,OALvs2pdQfY,Chris Sain,UCrGLm-Drgv0vbbemwwHeXJw,GOOGL,Nvidia,buy,2025-07-04,2025-07-07,external_provider,data/exports/research_grade_analysis/05_event_timeline_dataset.csv,data/exports/final_paper_package/02_event_study_robustness_table.csv (aggregate); event-level canonical return file not committed,True,True,False,True,aggregate_only_no_event_membership_file,True,locked_event_manifest_from_committed_artifacts
locked_artifact_sample_v1_2026-05-16,1058,WQRRgjZvw48,WQRRgjZvw48,WQRRgjZvw48,Best of Us Investors,UC5cEHfCr6WOE1R1zcohd1IA,NVDA,Nvidia,buy,2025-08-25,2025-08-25,external_provider,data/exports/research_grade_analysis/05_event_timeline_dataset.csv,data/exports/final_paper_package/02_event_study_robustness_table.csv (aggregate); event-level canonical return file not committed,True,False,True,True,aggregate_only_no_event_membership_file,True,locked_event_manifest_from_committed_artifacts
locked_artifact_sample_v1_2026-05-16,1059,zCnBQKLEAmo,zCnBQKLEAmo,zCnBQKLEAmo,Chris Sain,UC0BGhWsIbV7Dm-lsvhdlMbA,META,Super Micro,buy,2025-06-07,2025-06-09,external_provider,data/exports/research_grade_analysis/05_event_timeline_dataset.csv,data/exports/final_paper_package/02_event_study_robustness_table.csv (aggregate); event-level canonical return file not committed,True,True,True,True,aggregate_only_no_event_membership_file,True,locked_event_manifest_from_committed_artifacts
locked_artifact_sample_v1_2026-05-16,1060,1kkYirZWToE,1kkYirZWToE,1kkYirZWToE,Chicken Genius Singapore,UC-hq1OIl97y7h0DiJx45N3w,TSLA,Nvidia,buy,2021-05-14,2021-05-14,external_provider,data/exports/research_grade_analysis/05_event_timeline_dataset.csv,data/exports/final_paper_package/02_event_study_robustness_table.csv (aggregate); event-level canonical return file not committed,True,True,True,True,aggregate_only_no_event_membership_file,True,locked_event_manifest_from_committed_artifacts
locked_artifact_sample_v1_2026-05-16,1061,yHaFZjH1po8,yHaFZjH1po8,yHaFZjH1po8,Chicken Genius Singapore,UC-hq1OIl97y7h0DiJx45N3w,SQ,Nvidia,sell,2020-11-20,nan,external_provider,data/exports/research_grade_analysis/05_event_timeline_dataset.csv,data/exports/final_paper_package/02_event_study_robustness_table.csv (aggregate); event-level canonical return file not committed,True,True,True,True,aggregate_only_no_event_membership_file,True,locked_event_manifest_from_committed_artifacts
locked_artifact_sample_v1_2026-05-16,1062,2EsN8-iGb9I,2EsN8-iGb9I,2EsN8-iGb9I,Chicken Genius Singapore,UC-hq1OIl97y7h0DiJx45N3w,AMZN,Nvidia,sell,2020-07-17,2020-07-17,external_provider,data/exports/research_grade_analysis/05_event_timeline_dataset.csv,data/exports/final_paper_package/02_event_study_robustness_table.csv (aggregate); event-level canonical return file not committed,True,True,True,True,aggregate_only_no_event_membership_file,True,locked_event_manifest_from_committed_artifacts
locked_artifact_sample_v1_2026-05-16,1063,DgzWuS5_XyI,DgzWuS5_XyI,DgzWuS5_XyI,Chicken Genius Singapore,UC5cEHfCr6WOE1R1zcohd1IA,TSLA,Meta,buy,2020-06-22,2020-06-22,external_provider,data/exports/research_grade_analysis/05_event_timeline_dataset.csv,data/exports/final_paper_package/02_event_study_robustness_table.csv (aggregate); event-level canonical return file not committed,True,False,True,True,aggregate_only_no_event_membership_file,True,locked_event_manifest_from_committed_artifacts
locked_artifact_sample_v1_2026-05-16,1064,Zxz4CiEoyeE,Zxz4CiEoyeE,Zxz4CiEoyeE,Chicken Genius Singapore,UCrGLm-Drgv0vbbemwwHeXJw,TSLA,Amazon,buy,2020-06-15,2020-06-15,external_provider,data/exports/research_grade_analysis/05_event_timeline_dataset.csv,data/exports/final_paper_package/02_event_study_robustness_table.csv (aggregate); event-level canonical return file not committed,True,False,True,True,aggregate_only_no_event_membership_file,True,locked_event_manifest_from_committed_artifacts
locked_artifact_sample_v1_2026-05-16,1065,qSAEtgOMcUc,qSAEtgOMcUc,qSAEtgOMcUc,Chicken Genius Singapore,UCS01CiRDAiyhR_mTHXDW23A,TSLA,Nvidia,buy,2020-06-05,2020-06-05,external_provider,data/exports/research_grade_analysis/05_event_timeline_dataset.csv,data/exports/final_paper_package/02_event_study_robustness_table.csv (aggregate); event-level canonical return file not committed,True,True,True,True,aggregate_only_no_event_membership_file,True,locked_event_manifest_from_committed_artifacts
locked_artifact_sample_v1_2026-05-16,1066,lAjQ0a8EFLg,lAjQ0a8EFLg,lAjQ0a8EFLg,Chicken Genius Singapore,UCS01CiRDAiyhR_mTHXDW23A,TSLA,Nvidia,buy,2020-06-01,2020-06-01,external_provider,data/exports/research_grade_analysis/05_event_timeline_dataset.csv,data/exports/final_paper_package/02_event_study_robustness_table.csv (aggregate); event-level canonical return file not committed,True,True,True,True,aggregate_only_no_event_membership_file,True,locked_event_manifest_from_committed_artifacts
locked_artifact_sample_v1_2026-05-16,1067,vq2OzoJ-xSk,vq2OzoJ-xSk,vq2OzoJ-xSk,Chicken Genius Singapore,UC5cEHfCr6WOE1R1zcohd1IA,TSLA,Amazon,buy,2020-05-22,2020-05-22,external_provider,data/exports/research_grade_analysis/05_event_timeline_dataset.csv,data/exports/final_paper_package/02_event_study_robustness_table.csv (aggregate); event-level canonical return file not committed,True,True,True,True,aggregate_only_no_event_membership_file,True,locked_event_manifest_from_committed_artifacts
locked_artifact_sample_v1_2026-05-16,1068,wBjBs0VibaY,wBjBs0VibaY,wBjBs0VibaY,The Plain Bagel,UC7r4-nZ4icT8SIcnisXFSHQ,GOOGL,Alphabet,buy,2023-10-27,2023-10-27,external_provider,data/exports/research_grade_analysis/05_event_timeline_dataset.csv,data/exports/final_paper_package/02_event_study_robustness_table.csv (aggregate); event-level canonical return file not committed,True,False,False,True,aggregate_only_no_event_membership_file,True,locked_event_manifest_from_committed_artifacts
locked_artifact_sample_v1_2026-05-16,1069,nKHzfQd4lOo,nKHzfQd4lOo,nKHzfQd4lOo,The Plain Bagel,UC7r4-nZ4icT8SIcnisXFSHQ,NVDA,Meta,buy,2024-12-28,2024-12-30,external_provider,data/exports/research_grade_analysis/05_event_timeline_dataset.csv,data/exports/final_paper_package/02_event_study_robustness_table.csv (aggregate); event-level canonical return file not committed,True,True,True,True,aggregate_only_no_event_membership_file,True,locked_event_manifest_from_committed_artifacts
locked_artifact_sample_v1_2026-05-16,1070,nKHzfQd4lOo,nKHzfQd4lOo,nKHzfQd4lOo,The Plain Bagel,UC7r4-nZ4icT8SIcnisXFSHQ,NVDA,Netflix,buy,2024-12-28,2024-12-30,external_provider,data/exports/research_grade_analysis/05_event_timeline_dataset.csv,data/exports/final_paper_package/02_event_study_robustness_table.csv (aggregate); event-level canonical return file not committed,True,True,True,False,aggregate_only_no_event_membership_file,True,locked_event_manifest_from_committed_artifacts
locked_artifact_sample_v1_2026-05-16,1071,dsVxaGMD2q8,dsVxaGMD2q8,dsVxaGMD2q8,New Money,UC7r4-nZ4icT8SIcnisXFSHQ,MSFT,Microsoft,buy,2024-07-14,2024-07-15,external_provider,data/exports/research_grade_analysis/05_event_timeline_dataset.csv,data/exports/final_paper_package/02_event_study_robustness_table.csv (aggregate); event-level canonical return file not committed,True,True,True,True,aggregate_only_no_event_membership_file,True,locked_event_manifest_from_committed_artifacts
locked_artifact_sample_v1_2026-05-16,1072,wwIh2NK3GMM,wwIh2NK3GMM,wwIh2NK3GMM,Kenan Grace,UC7r4-nZ4icT8SIcnisXFSHQ,META,Meta,buy,2026-04-09,2026-04-09,external_provider,data/exports/research_grade_analysis/05_event_timeline_dataset.csv,data/exports/final_paper_package/02_event_study_robustness_table.csv (aggregate); event-level canonical return file not committed,True,False,False,True,aggregate_only_no_event_membership_file,True,recent_intraday_diagnostic_available
locked_artifact_sample_v1_2026-05-16,1073,8ZllCsuVEaM,8ZllCsuVEaM,8ZllCsuVEaM,Everything Money,UCSglJMvX-zSgv3PEJIE_inw,MSFT,Nvidia,buy,2025-10-11,2025-10-13,external_provider,data/exports/research_grade_analysis/05_event_timeline_dataset.csv,data/exports/final_paper_package/02_event_study_robustness_table.csv (aggregate); event-level canonical return file not committed,True,True,True,True,aggregate_only_no_event_membership_file,True,locked_event_manifest_from_committed_artifacts
locked_artifact_sample_v1_2026-05-16,1074,JooqHEF0kBo,JooqHEF0kBo,JooqHEF0kBo,The Plain Bagel,UCG9FGwgAx9-RKq1smF1lc8w,AMC,Apple,sell,2024-05-31,2024-05-31,external_provider,data/exports/research_grade_analysis/05_event_timeline_dataset.csv,data/exports/final_paper_package/02_event_study_robustness_table.csv (aggregate); event-level canonical return file not committed,True,False,False,True,aggregate_only_no_event_membership_file,True,locked_event_manifest_from_committed_artifacts
locked_artifact_sample_v1_2026-05-16,1075,JooqHEF0kBo,JooqHEF0kBo,JooqHEF0kBo,The Plain Bagel,UCL-F-8nxFtFZ4M3RWkGn6Qw,AMC,Amazon,sell,2024-05-31,2024-05-31,external_provider,data/exports/research_grade_analysis/05_event_timeline_dataset.csv,data/exports/final_paper_package/02_event_study_robustness_table.csv (aggregate); event-level canonical return file not committed,True,False,False,False,aggregate_only_no_event_membership_file,True,locked_event_manifest_from_committed_artifacts
locked_artifact_sample_v1_2026-05-16,1076,BL_L4hHBTLc,BL_L4hHBTLc,BL_L4hHBTLc,The Plain Bagel,UCC7xhD0o7FBHdKXZxMRFspQ,DIS,Nvidia,buy,2022-11-18,2022-11-18,external_provider,data/exports/research_grade_analysis/05_event_timeline_dataset.csv,data/exports/final_paper_package/02_event_study_robustness_table.csv (aggregate); event-level canonical return file not committed,True,False,False,True,aggregate_only_no_event_membership_file,True,locked_event_manifest_from_committed_artifacts
locked_artifact_sample_v1_2026-05-16,1077,kG6MzOFT9RM,kG6MzOFT9RM,kG6MzOFT9RM,Ticker Symbol: YOU,UCC7xhD0o7FBHdKXZxMRFspQ,SHOP,Nvidia,buy,2023-01-08,2023-01-09,external_provider,data/exports/research_grade_analysis/05_event_timeline_dataset.csv,data/exports/final_paper_package/02_event_study_robustness_table.csv (aggregate); event-level canonical return file not committed,True,True,True,True,aggregate_only_no_event_membership_file,True,locked_event_manifest_from_committed_artifacts
locked_artifact_sample_v1_2026-05-16,1078,gaG787XWIXc,gaG787XWIXc,gaG787XWIXc,New Money,UCC7xhD0o7FBHdKXZxMRFspQ,AAPL,Nvidia,sell,2023-08-18,2023-08-18,external_provider,data/exports/research_grade_analysis/05_event_timeline_dataset.csv,data/exports/final_paper_package/02_event_study_robustness_table.csv (aggregate); event-level canonical return file not committed,True,True,True,True,aggregate_only_no_event_membership_file,True,locked_event_manifest_from_committed_artifacts
locked_artifact_sample_v1_2026-05-16,1079,5T_EgAUWhhg,5T_EgAUWhhg,5T_EgAUWhhg,Chicken Genius Singapore,UCC7xhD0o7FBHdKXZxMRFspQ,TSLA,Meta,buy,2021-08-02,2021-08-02,external_provider,data/exports/research_grade_analysis/05_event_timeline_dataset.csv,data/exports/final_paper_package/02_event_study_robustness_table.csv (aggregate); event-level canonical return file not committed,True,False,True,True,aggregate_only_no_event_membership_file,True,locked_event_manifest_from_committed_artifacts
locked_artifact_sample_v1_2026-05-16,1080,Q91eWzrwLeY,Q91eWzrwLeY,Q91eWzrwLeY,Meet Kevin,UCC7xhD0o7FBHdKXZxMRFspQ,AMD,Amazon,buy,2025-11-24,2025-11-24,external_provider,data/exports/research_grade_analysis/05_event_timeline_dataset.csv,data/exports/final_paper_package/02_event_study_robustness_table.csv (aggregate); event-level canonical return file not committed,True,True,False,True,aggregate_only_no_event_membership_file,True,locked_event_manifest_from_committed_artifacts
locked_artifact_sample_v1_2026-05-16,1081,fIcWfHikAOo,fIcWfHikAOo,fIcWfHikAOo,The Plain Bagel,UCC7xhD0o7FBHdKXZxMRFspQ,AMD,Amazon,buy,2025-11-07,2025-11-07,external_provider,data/exports/research_grade_analysis/05_event_timeline_dataset.csv,data/exports/final_paper_package/02_event_study_robustness_table.csv (aggregate); event-level canonical return file not committed,True,False,False,True,aggregate_only_no_event_membership_file,True,locked_event_manifest_from_committed_artifacts
locked_artifact_sample_v1_2026-05-16,1082,kLq9UBVTUYY,kLq9UBVTUYY,kLq9UBVTUYY,Tom Nash,UCgCh-2AfEBtWrNBC2OoNQYg,MSFT,Microsoft,buy,2024-12-04,2024-12-04,external_provider,data/exports/research_grade_analysis/05_event_timeline_dataset.csv,data/exports/final_paper_package/02_event_study_robustness_table.csv (aggregate); event-level canonical return file not committed,True,False,False,True,aggregate_only_no_event_membership_file,True,locked_event_manifest_from_committed_artifacts
locked_artifact_sample_v1_2026-05-16,1083,9ykRV2OMPbE,9ykRV2OMPbE,9ykRV2OMPbE,Ticker Symbol: YOU,UCwKB_00dPL3x5XmHF9IJCrg,NVDA,Alphabet,buy,2023-03-21,2023-03-21,external_provider,data/exports/research_grade_analysis/05_event_timeline_dataset.csv,data/exports/final_paper_package/02_event_study_robustness_table.csv (aggregate); event-level canonical return file not committed,True,True,False,True,aggregate_only_no_event_membership_file,True,locked_event_manifest_from_committed_artifacts
locked_artifact_sample_v1_2026-05-16,1084,AqZbO8Ojhmw,AqZbO8Ojhmw,AqZbO8Ojhmw,The Plain Bagel,UCwKB_00dPL3x5XmHF9IJCrg,AMZN,Alphabet,sell,2022-11-04,2022-11-04,external_provider,data/exports/research_grade_analysis/05_event_timeline_dataset.csv,data/exports/final_paper_package/02_event_study_robustness_table.csv (aggregate); event-level canonical return file not committed,True,False,False,True,aggregate_only_no_event_membership_file,True,locked_event_manifest_from_committed_artifacts
locked_artifact_sample_v1_2026-05-16,1085,Uf85jlmd5_4,Uf85jlmd5_4,Uf85jlmd5_4,Sasha Yanshin,UCrGLm-Drgv0vbbemwwHeXJw,NVDA,Alphabet,buy,2023-08-30,2023-08-30,external_provider,data/exports/research_grade_analysis/05_event_timeline_dataset.csv,data/exports/final_paper_package/02_event_study_robustness_table.csv (aggregate); event-level canonical return file not committed,True,False,True,True,aggregate_only_no_event_membership_file,True,locked_event_manifest_from_committed_artifacts
locked_artifact_sample_v1_2026-05-16,1086,Uf85jlmd5_4,Uf85jlmd5_4,Uf85jlmd5_4,Sasha Yanshin,UCrGLm-Drgv0vbbemwwHeXJw,MSFT,Amazon,buy,2023-08-30,2023-08-30,external_provider,data/exports/research_grade_analysis/05_event_timeline_dataset.csv,data/exports/final_paper_package/02_event_study_robustness_table.csv (aggregate); event-level canonical return file not committed,True,True,True,True,aggregate_only_no_event_membership_file,True,locked_event_manifest_from_committed_artifacts
locked_artifact_sample_v1_2026-05-16,1087,HFxdNdd1BW0,HFxdNdd1BW0,HFxdNdd1BW0,Sasha Yanshin,UCrGLm-Drgv0vbbemwwHeXJw,GOOGL,SoFi,buy,2023-12-18,2023-12-18,external_provider,data/exports/research_grade_analysis/05_event_timeline_dataset.csv,data/exports/final_paper_package/02_event_study_robustness_table.csv (aggregate); event-level canonical return file not committed,True,True,False,True,aggregate_only_no_event_membership_file,True,locked_event_manifest_from_committed_artifacts
locked_artifact_sample_v1_2026-05-16,1088,HFxdNdd1BW0,HFxdNdd1BW0,HFxdNdd1BW0,Sasha Yanshin,UCrGLm-Drgv0vbbemwwHeXJw,GOOGL,SoFi,sell,2023-12-18,2023-12-18,external_provider,data/exports/research_grade_analysis/05_event_timeline_dataset.csv,data/exports/final_paper_package/02_event_study_robustness_table.csv (aggregate); event-level canonical return file not committed,True,True,False,False,aggregate_only_no_event_membership_file,True,locked_event_manifest_from_committed_artifacts
locked_artifact_sample_v1_2026-05-16,1089,HFxdNdd1BW0,HFxdNdd1BW0,HFxdNdd1BW0,Sasha Yanshin,UCC7xhD0o7FBHdKXZxMRFspQ,AMD,Nvidia,sell,2023-12-18,2023-12-18,external_provider,data/exports/research_grade_analysis/05_event_timeline_dataset.csv,data/exports/final_paper_package/02_event_study_robustness_table.csv (aggregate); event-level canonical return file not committed,True,True,False,True,aggregate_only_no_event_membership_file,True,locked_event_manifest_from_committed_artifacts
locked_artifact_sample_v1_2026-05-16,1090,HFxdNdd1BW0,HFxdNdd1BW0,HFxdNdd1BW0,Sasha Yanshin,UCC7xhD0o7FBHdKXZxMRFspQ,TSLA,Nvidia,sell,2023-12-18,2023-12-18,external_provider,data/exports/research_grade_analysis/05_event_timeline_dataset.csv,data/exports/final_paper_package/02_event_study_robustness_table.csv (aggregate); event-level canonical return file not committed,True,True,False,True,aggregate_only_no_event_membership_file,True,locked_event_manifest_from_committed_artifacts
locked_artifact_sample_v1_2026-05-16,1091,daw3A_OI1ac,daw3A_OI1ac,daw3A_OI1ac,HyperChange,UCwKB_00dPL3x5XmHF9IJCrg,TSLA,Tesla,buy,2022-01-20,2022-01-20,external_provider,data/exports/research_grade_analysis/05_event_timeline_dataset.csv,data/exports/final_paper_package/02_event_study_robustness_table.csv (aggregate); event-level canonical return file not committed,True,False,False,True,aggregate_only_no_event_membership_file,True,locked_event_manifest_from_committed_artifacts
locked_artifact_sample_v1_2026-05-16,1092,HEvRiI2r2lQ,HEvRiI2r2lQ,HEvRiI2r2lQ,ZipTrader,UCL-F-8nxFtFZ4M3RWkGn6Qw,AMZN,Uber,buy,2025-01-22,2025-01-22,external_provider,data/exports/research_grade_analysis/05_event_timeline_dataset.csv,data/exports/final_paper_package/02_event_study_robustness_table.csv (aggregate); event-level canonical return file not committed,True,True,False,True,aggregate_only_no_event_membership_file,True,locked_event_manifest_from_committed_artifacts
locked_artifact_sample_v1_2026-05-16,1093,HEvRiI2r2lQ,HEvRiI2r2lQ,HEvRiI2r2lQ,ZipTrader,UCgCh-2AfEBtWrNBC2OoNQYg,NVDA,Amazon,buy,2025-01-22,2025-01-22,external_provider,data/exports/research_grade_analysis/05_event_timeline_dataset.csv,data/exports/final_paper_package/02_event_study_robustness_table.csv (aggregate); event-level canonical return file not committed,True,False,False,True,aggregate_only_no_event_membership_file,True,locked_event_manifest_from_committed_artifacts
locked_artifact_sample_v1_2026-05-16,1094,Md0F7Bvwtz4,Md0F7Bvwtz4,Md0F7Bvwtz4,Meet Kevin,UCL-F-8nxFtFZ4M3RWkGn6Qw,NVDA,Amazon,sell,2025-12-12,2025-12-12,external_provider,data/exports/research_grade_analysis/05_event_timeline_dataset.csv,data/exports/final_paper_package/02_event_study_robustness_table.csv (aggregate); event-level canonical return file not committed,True,True,False,True,aggregate_only_no_event_membership_file,True,locked_event_manifest_from_committed_artifacts
locked_artifact_sample_v1_2026-05-16,1095,V-T-k1pK4LY,V-T-k1pK4LY,V-T-k1pK4LY,Stock Moe,UCL-F-8nxFtFZ4M3RWkGn6Qw,GOOGL,Meta,buy,2025-12-31,2025-12-31,external_provider,data/exports/research_grade_analysis/05_event_timeline_dataset.csv,data/exports/final_paper_package/02_event_study_robustness_table.csv (aggregate); event-level canonical return file not committed,True,True,False,True,aggregate_only_no_event_membership_file,True,locked_event_manifest_from_committed_artifacts
locked_artifact_sample_v1_2026-05-16,1096,y-EbYtfeI5o,y-EbYtfeI5o,y-EbYtfeI5o,Everything Money,UCrTFPf6rq5OUSWb7ILW9trg,META,Nvidia,buy,2026-02-16,2026-02-17,external_provider,data/exports/research_grade_analysis/05_event_timeline_dataset.csv,data/exports/final_paper_package/02_event_study_robustness_table.csv (aggregate); event-level canonical return file not committed,True,True,True,True,aggregate_only_no_event_membership_file,True,locked_event_manifest_from_committed_artifacts
locked_artifact_sample_v1_2026-05-16,1097,y-EbYtfeI5o,y-EbYtfeI5o,y-EbYtfeI5o,Everything Money,UCSglJMvX-zSgv3PEJIE_inw,PYPL,Microsoft,buy,2026-02-16,2026-02-17,external_provider,data/exports/research_grade_analysis/05_event_timeline_dataset.csv,data/exports/final_paper_package/02_event_study_robustness_table.csv (aggregate); event-level canonical return file not committed,True,True,True,True,aggregate_only_no_event_membership_file,True,locked_event_manifest_from_committed_artifacts
locked_artifact_sample_v1_2026-05-16,1098,y-EbYtfeI5o,y-EbYtfeI5o,y-EbYtfeI5o,Everything Money,UCSglJMvX-zSgv3PEJIE_inw,PYPL,Microsoft,buy,2026-02-16,2026-02-17,external_provider,data/exports/research_grade_analysis/05_event_timeline_dataset.csv,data/exports/final_paper_package/02_event_study_robustness_table.csv (aggregate); event-level canonical return file not committed,True,True,True,False,aggregate_only_no_event_membership_file,True,locked_event_manifest_from_committed_artifacts
locked_artifact_sample_v1_2026-05-16,1099,y-EbYtfeI5o,y-EbYtfeI5o,y-EbYtfeI5o,Everything Money,UCSglJMvX-zSgv3PEJIE_inw,PYPL,Microsoft,buy,2026-02-16,2026-02-17,external_provider,data/exports/research_grade_analysis/05_event_timeline_dataset.csv,data/exports/final_paper_package/02_event_study_robustness_table.csv (aggregate); event-level canonical return file not committed,True,True,True,False,aggregate_only_no_event_membership_file,True,locked_event_manifest_from_committed_artifacts
locked_artifact_sample_v1_2026-05-16,1100,y-EbYtfeI5o,y-EbYtfeI5o,y-EbYtfeI5o,Everything Money,UCSglJMvX-zSgv3PEJIE_inw,PYPL,Microsoft,buy,2026-02-16,2026-02-17,external_provider,data/exports/research_grade_analysis/05_event_timeline_dataset.csv,data/exports/final_paper_package/02_event_study_robustness_table.csv (aggregate); event-level canonical return file not committed,True,True,True,False,aggregate_only_no_event_membership_file,True,locked_event_manifest_from_committed_artifacts
locked_artifact_sample_v1_2026-05-16,1101,y-EbYtfeI5o,y-EbYtfeI5o,y-EbYtfeI5o,Everything Money,UCZw2iqBZShBxWy8r1fwqP8A,NVDA,Tesla,buy,2026-02-16,2026-02-17,external_provider,data/exports/research_grade_analysis/05_event_timeline_dataset.csv,data/exports/final_paper_package/02_event_study_robustness_table.csv (aggregate); event-level canonical return file not committed,True,True,True,True,aggregate_only_no_event_membership_file,True,locked_event_manifest_from_committed_artifacts
locked_artifact_sample_v1_2026-05-16,1102,gpxJkp9Dv0k,gpxJkp9Dv0k,gpxJkp9Dv0k,Everything Money,UCrGLm-Drgv0vbbemwwHeXJw,MSFT,Amazon,buy,2026-03-03,2026-03-03,external_provider,data/exports/research_grade_analysis/05_event_timeline_dataset.csv,data/exports/final_paper_package/02_event_study_robustness_table.csv (aggregate); event-level canonical return file not committed,True,True,True,True,aggregate_only_no_event_membership_file,True,locked_event_manifest_from_committed_artifacts
locked_artifact_sample_v1_2026-05-16,1103,gpxJkp9Dv0k,gpxJkp9Dv0k,gpxJkp9Dv0k,Everything Money,UCgCh-2AfEBtWrNBC2OoNQYg,MSFT,Microsoft,sell,2026-03-03,2026-03-03,external_provider,data/exports/research_grade_analysis/05_event_timeline_dataset.csv,data/exports/final_paper_package/02_event_study_robustness_table.csv (aggregate); event-level canonical return file not committed,True,True,True,False,aggregate_only_no_event_membership_file,True,locked_event_manifest_from_committed_artifacts
locked_artifact_sample_v1_2026-05-16,1104,jkF0tlSV5qk,jkF0tlSV5qk,jkF0tlSV5qk,Financial Education,UChBVf9YnourrEDTsbbwJPRA,MSFT,Uber,buy,2026-03-26,2026-03-26,external_provider,data/exports/research_grade_analysis/05_event_timeline_dataset.csv,data/exports/final_paper_package/02_event_study_robustness_table.csv (aggregate); event-level canonical return file not committed,True,True,False,True,aggregate_only_no_event_membership_file,True,recent_intraday_diagnostic_available
locked_artifact_sample_v1_2026-05-16,1105,MDcoPZ5cAbg,MDcoPZ5cAbg,MDcoPZ5cAbg,Financial Education,UC7r4-nZ4icT8SIcnisXFSHQ,SOFI,,buy,2026-04-07,2026-04-07,external_provider,data/exports/research_grade_analysis/05_event_timeline_dataset.csv,data/exports/final_paper_package/02_event_study_robustness_table.csv (aggregate); event-level canonical return file not committed,True,True,False,True,aggregate_only_no_event_membership_file,True,recent_intraday_diagnostic_available
locked_artifact_sample_v1_2026-05-16,1106,ljWJDprZM4o,ljWJDprZM4o,ljWJDprZM4o,Financial Education,UC7r4-nZ4icT8SIcnisXFSHQ,AMD,Apple,buy,2026-04-15,2026-04-15,external_provider,data/exports/research_grade_analysis/05_event_timeline_dataset.csv,data/exports/final_paper_package/02_event_study_robustness_table.csv (aggregate); event-level canonical return file not committed,True,True,False,True,aggregate_only_no_event_membership_file,True,recent_intraday_diagnostic_available
locked_artifact_sample_v1_2026-05-16,1107,ljWJDprZM4o,ljWJDprZM4o,ljWJDprZM4o,Financial Education,UC7r4-nZ4icT8SIcnisXFSHQ,AMD,Microsoft,buy,2026-04-15,2026-04-15,external_provider,data/exports/research_grade_analysis/05_event_timeline_dataset.csv,data/exports/final_paper_package/02_event_study_robustness_table.csv (aggregate); event-level canonical return file not committed,True,True,False,False,aggregate_only_no_event_membership_file,True,recent_intraday_diagnostic_available
locked_artifact_sample_v1_2026-05-16,1108,ljWJDprZM4o,ljWJDprZM4o,ljWJDprZM4o,Financial Education,UCS01CiRDAiyhR_mTHXDW23A,AMD,Amazon,buy,2026-04-15,2026-04-15,external_provider,data/exports/research_grade_analysis/05_event_timeline_dataset.csv,data/exports/final_paper_package/02_event_study_robustness_table.csv (aggregate); event-level canonical return file not committed,True,True,False,False,aggregate_only_no_event_membership_file,True,recent_intraday_diagnostic_available
locked_artifact_sample_v1_2026-05-16,1109,bsXdpDzDTqk,bsXdpDzDTqk,bsXdpDzDTqk,Financial Education,UCS01CiRDAiyhR_mTHXDW23A,AMD,Amazon,buy,2026-04-22,2026-04-22,external_provider,data/exports/research_grade_analysis/05_event_timeline_dataset.csv,data/exports/final_paper_package/02_event_study_robustness_table.csv (aggregate); event-level canonical return file not committed,True,True,False,True,aggregate_only_no_event_membership_file,True,recent_intraday_diagnostic_available
locked_artifact_sample_v1_2026-05-16,1110,uydkWBlPHg0,uydkWBlPHg0,uydkWBlPHg0,Sasha Yanshin,UCS01CiRDAiyhR_mTHXDW23A,TSLA,Amazon,buy,2025-02-11,2025-02-11,external_provider,data/exports/research_grade_analysis/05_event_timeline_dataset.csv,data/exports/final_paper_package/02_event_study_robustness_table.csv (aggregate); event-level canonical return file not committed,True,True,False,True,aggregate_only_no_event_membership_file,True,locked_event_manifest_from_committed_artifacts
locked_artifact_sample_v1_2026-05-16,1111,uydkWBlPHg0,uydkWBlPHg0,uydkWBlPHg0,Sasha Yanshin,UCS01CiRDAiyhR_mTHXDW23A,TSLA,Shopify,buy,2025-02-11,2025-02-11,external_provider,data/exports/research_grade_analysis/05_event_timeline_dataset.csv,data/exports/final_paper_package/02_event_study_robustness_table.csv (aggregate); event-level canonical return file not committed,True,True,False,False,aggregate_only_no_event_membership_file,True,locked_event_manifest_from_committed_artifacts
locked_artifact_sample_v1_2026-05-16,1112,uydkWBlPHg0,uydkWBlPHg0,uydkWBlPHg0,Sasha Yanshin,UCS01CiRDAiyhR_mTHXDW23A,TSLA,Tesla,sell,2025-02-11,2025-02-11,external_provider,data/exports/research_grade_analysis/05_event_timeline_dataset.csv,data/exports/final_paper_package/02_event_study_robustness_table.csv (aggregate); event-level canonical return file not committed,True,True,False,False,aggregate_only_no_event_membership_file,True,locked_event_manifest_from_committed_artifacts
locked_artifact_sample_v1_2026-05-16,1113,uydkWBlPHg0,uydkWBlPHg0,uydkWBlPHg0,Sasha Yanshin,UC7r4-nZ4icT8SIcnisXFSHQ,TSLA,Tesla,sell,2025-02-11,2025-02-11,external_provider,data/exports/research_grade_analysis/05_event_timeline_dataset.csv,data/exports/final_paper_package/02_event_study_robustness_table.csv (aggregate); event-level canonical return file not committed,True,True,False,False,aggregate_only_no_event_membership_file,True,locked_event_manifest_from_committed_artifacts
locked_artifact_sample_v1_2026-05-16,1114,uydkWBlPHg0,uydkWBlPHg0,uydkWBlPHg0,Sasha Yanshin,UC5cEHfCr6WOE1R1zcohd1IA,TSLA,,sell,2025-02-11,2025-02-11,external_provider,data/exports/research_grade_analysis/05_event_timeline_dataset.csv,data/exports/final_paper_package/02_event_study_robustness_table.csv (aggregate); event-level canonical return file not committed,True,True,False,False,aggregate_only_no_event_membership_file,True,locked_event_manifest_from_committed_artifacts
locked_artifact_sample_v1_2026-05-16,1115,c_FA16k8i_c,c_FA16k8i_c,c_FA16k8i_c,Dumb Money Live,UC5cEHfCr6WOE1R1zcohd1IA,GOOGL,,sell,2025-10-29,2025-10-29,external_provider,data/exports/research_grade_analysis/05_event_timeline_dataset.csv,data/exports/final_paper_package/02_event_study_robustness_table.csv (aggregate); event-level canonical return file not committed,True,False,False,True,aggregate_only_no_event_membership_file,True,locked_event_manifest_from_committed_artifacts
locked_artifact_sample_v1_2026-05-16,1116,c_FA16k8i_c,c_FA16k8i_c,c_FA16k8i_c,Dumb Money Live,UC5cEHfCr6WOE1R1zcohd1IA,GOOGL,Amazon,buy,2025-10-29,2025-10-29,external_provider,data/exports/research_grade_analysis/05_event_timeline_dataset.csv,data/exports/final_paper_package/02_event_study_robustness_table.csv (aggregate); event-level canonical return file not committed,True,False,False,False,aggregate_only_no_event_membership_file,True,locked_event_manifest_from_committed_artifacts
locked_artifact_sample_v1_2026-05-16,1117,c_FA16k8i_c,c_FA16k8i_c,c_FA16k8i_c,Dumb Money Live,UCoMzWLaPjDJBbipihD694pQ,AAPL,Netflix,buy,2025-10-29,2025-10-29,external_provider,data/exports/research_grade_analysis/05_event_timeline_dataset.csv,data/exports/final_paper_package/02_event_study_robustness_table.csv (aggregate); event-level canonical return file not committed,True,False,False,True,aggregate_only_no_event_membership_file,True,locked_event_manifest_from_committed_artifacts
locked_artifact_sample_v1_2026-05-16,1118,c_FA16k8i_c,c_FA16k8i_c,c_FA16k8i_c,Dumb Money Live,UCrTTBSUr0zhPU56UQljag5A,AAPL,Apple,sell,2025-10-29,2025-10-29,external_provider,data/exports/research_grade_analysis/05_event_timeline_dataset.csv,data/exports/final_paper_package/02_event_study_robustness_table.csv (aggregate); event-level canonical return file not committed,True,False,False,False,aggregate_only_no_event_membership_file,True,locked_event_manifest_from_committed_artifacts
locked_artifact_sample_v1_2026-05-16,1119,RS9uOBSp_iU,RS9uOBSp_iU,RS9uOBSp_iU,Minority Mindset,UC7kCeZ53sli_9XwuQeFxLqw,AMZN,,buy,2026-01-31,2026-02-02,external_provider,data/exports/research_grade_analysis/05_event_timeline_dataset.csv,data/exports/final_paper_package/02_event_study_robustness_table.csv (aggregate); event-level canonical return file not committed,True,False,True,True,aggregate_only_no_event_membership_file,True,locked_event_manifest_from_committed_artifacts
locked_artifact_sample_v1_2026-05-16,1120,gV_ofJTp8vA,gV_ofJTp8vA,gV_ofJTp8vA,Kenan Grace,UCwKB_00dPL3x5XmHF9IJCrg,NVDA,Alphabet,buy,2026-03-30,2026-03-30,external_provider,data/exports/research_grade_analysis/05_event_timeline_dataset.csv,data/exports/final_paper_package/02_event_study_robustness_table.csv (aggregate); event-level canonical return file not committed,True,True,False,True,aggregate_only_no_event_membership_file,True,recent_intraday_diagnostic_available
locked_artifact_sample_v1_2026-05-16,1121,0rYWdlmhOag,0rYWdlmhOag,0rYWdlmhOag,Kenan Grace,UCrGLm-Drgv0vbbemwwHeXJw,AMZN,PayPal,buy,2026-04-22,2026-04-22,external_provider,data/exports/research_grade_analysis/05_event_timeline_dataset.csv,data/exports/final_paper_package/02_event_study_robustness_table.csv (aggregate); event-level canonical return file not committed,True,False,False,True,aggregate_only_no_event_membership_file,True,recent_intraday_diagnostic_available
locked_artifact_sample_v1_2026-05-16,1122,0rYWdlmhOag,0rYWdlmhOag,0rYWdlmhOag,Kenan Grace,UCwKB_00dPL3x5XmHF9IJCrg,AMZN,SoFi,buy,2026-04-22,2026-04-22,external_provider,data/exports/research_grade_analysis/05_event_timeline_dataset.csv,data/exports/final_paper_package/02_event_study_robustness_table.csv (aggregate); event-level canonical return file not committed,True,False,False,False,aggregate_only_no_event_membership_file,True,recent_intraday_diagnostic_available
locked_artifact_sample_v1_2026-05-16,1123,I6loWAUoXuE,I6loWAUoXuE,I6loWAUoXuE,Financial Education,UC7r4-nZ4icT8SIcnisXFSHQ,PYPL,Microsoft,buy,2024-10-29,2024-10-29,external_provider,data/exports/research_grade_analysis/05_event_timeline_dataset.csv,data/exports/final_paper_package/02_event_study_robustness_table.csv (aggregate); event-level canonical return file not committed,True,False,False,True,aggregate_only_no_event_membership_file,True,locked_event_manifest_from_committed_artifacts
locked_artifact_sample_v1_2026-05-16,1124,1vMAWsYU0ng,1vMAWsYU0ng,1vMAWsYU0ng,Graham Stephan,UCL-F-8nxFtFZ4M3RWkGn6Qw,TSLA,Uber,buy,2025-09-01,2025-09-02,external_provider,data/exports/research_grade_analysis/05_event_timeline_dataset.csv,data/exports/final_paper_package/02_event_study_robustness_table.csv (aggregate); event-level canonical return file not committed,True,False,False,True,aggregate_only_no_event_membership_file,True,locked_event_manifest_from_committed_artifacts
locked_artifact_sample_v1_2026-05-16,1125,3DZMUqKAc0w,3DZMUqKAc0w,3DZMUqKAc0w,Graham Stephan,UCL-F-8nxFtFZ4M3RWkGn6Qw,TSLA,Uber,buy,2025-12-21,2025-12-22,external_provider,data/exports/research_grade_analysis/05_event_timeline_dataset.csv,data/exports/final_paper_package/02_event_study_robustness_table.csv (aggregate); event-level canonical return file not committed,True,True,True,True,aggregate_only_no_event_membership_file,True,locked_event_manifest_from_committed_artifacts
locked_artifact_sample_v1_2026-05-16,1126,v_IZ6Z7jFO0,v_IZ6Z7jFO0,v_IZ6Z7jFO0,Graham Stephan,UCL-F-8nxFtFZ4M3RWkGn6Qw,TSLA,Amazon,buy,2025-12-17,2025-12-17,external_provider,data/exports/research_grade_analysis/05_event_timeline_dataset.csv,data/exports/final_paper_package/02_event_study_robustness_table.csv (aggregate); event-level canonical return file not committed,True,True,False,True,aggregate_only_no_event_membership_file,True,locked_event_manifest_from_committed_artifacts
locked_artifact_sample_v1_2026-05-16,1127,vNkpBE68i5M,vNkpBE68i5M,vNkpBE68i5M,Everything Money,UCL-F-8nxFtFZ4M3RWkGn6Qw,PYPL,Amazon,sell,2026-04-30,2026-04-30,external_provider,data/exports/research_grade_analysis/05_event_timeline_dataset.csv,data/exports/final_paper_package/02_event_study_robustness_table.csv (aggregate); event-level canonical return file not committed,True,False,True,True,aggregate_only_no_event_membership_file,True,recent_intraday_diagnostic_available
locked_artifact_sample_v1_2026-05-16,1128,KsKKUwxSOI8,KsKKUwxSOI8,KsKKUwxSOI8,Dumb Money Live,UC5cEHfCr6WOE1R1zcohd1IA,GOOGL,,buy,2025-11-09,2025-11-10,external_provider,data/exports/research_grade_analysis/05_event_timeline_dataset.csv,data/exports/final_paper_package/02_event_study_robustness_table.csv (aggregate); event-level canonical return file not committed,True,False,True,True,aggregate_only_no_event_membership_file,True,locked_event_manifest_from_committed_artifacts
locked_artifact_sample_v1_2026-05-16,1129,c1R83JYNJQ4,c1R83JYNJQ4,c1R83JYNJQ4,STOCK UP! with LARRY JONES,UC5cEHfCr6WOE1R1zcohd1IA,NVDA,Amazon,buy,2025-10-30,2025-10-30,external_provider,data/exports/research_grade_analysis/05_event_timeline_dataset.csv,data/exports/final_paper_package/02_event_study_robustness_table.csv (aggregate); event-level canonical return file not committed,True,True,False,True,aggregate_only_no_event_membership_file,True,locked_event_manifest_from_committed_artifacts
locked_artifact_sample_v1_2026-05-16,1130,c1R83JYNJQ4,c1R83JYNJQ4,c1R83JYNJQ4,STOCK UP! with LARRY JONES,UCwKB_00dPL3x5XmHF9IJCrg,NVDA,Uber,buy,2025-10-30,2025-10-30,external_provider,data/exports/research_grade_analysis/05_event_timeline_dataset.csv,data/exports/final_paper_package/02_event_study_robustness_table.csv (aggregate); event-level canonical return file not committed,True,True,False,False,aggregate_only_no_event_membership_file,True,locked_event_manifest_from_committed_artifacts
locked_artifact_sample_v1_2026-05-16,1131,c1R83JYNJQ4,c1R83JYNJQ4,c1R83JYNJQ4,STOCK UP! with LARRY JONES,UCwKB_00dPL3x5XmHF9IJCrg,AAPL,Uber,sell,2025-10-30,2025-10-30,external_provider,data/exports/research_grade_analysis/05_event_timeline_dataset.csv,data/exports/final_paper_package/02_event_study_robustness_table.csv (aggregate); event-level canonical return file not committed,True,False,False,True,aggregate_only_no_event_membership_file,True,locked_event_manifest_from_committed_artifacts
locked_artifact_sample_v1_2026-05-16,1132,c1R83JYNJQ4,c1R83JYNJQ4,c1R83JYNJQ4,STOCK UP! with LARRY JONES,UCG9FGwgAx9-RKq1smF1lc8w,GOOGL,Microsoft,buy,2025-10-30,2025-10-30,external_provider,data/exports/research_grade_analysis/05_event_timeline_dataset.csv,data/exports/final_paper_package/02_event_study_robustness_table.csv (aggregate); event-level canonical return file not committed,True,False,False,True,aggregate_only_no_event_membership_file,True,locked_event_manifest_from_committed_artifacts
locked_artifact_sample_v1_2026-05-16,1133,c1R83JYNJQ4,c1R83JYNJQ4,c1R83JYNJQ4,STOCK UP! with LARRY JONES,UCC7xhD0o7FBHdKXZxMRFspQ,AMZN,Meta,sell,2025-10-30,2025-10-30,external_provider,data/exports/research_grade_analysis/05_event_timeline_dataset.csv,data/exports/final_paper_package/02_event_study_robustness_table.csv (aggregate); event-level canonical return file not committed,True,False,False,True,aggregate_only_no_event_membership_file,True,locked_event_manifest_from_committed_artifacts
locked_artifact_sample_v1_2026-05-16,1134,aHQCPfkjsc8,aHQCPfkjsc8,aHQCPfkjsc8,STOCK UP! with LARRY JONES,UCC7xhD0o7FBHdKXZxMRFspQ,NVDA,Microsoft,sell,2026-02-26,2026-02-26,external_provider,data/exports/research_grade_analysis/05_event_timeline_dataset.csv,data/exports/final_paper_package/02_event_study_robustness_table.csv (aggregate); event-level canonical return file not committed,True,False,False,True,aggregate_only_no_event_membership_file,True,locked_event_manifest_from_committed_artifacts
locked_artifact_sample_v1_2026-05-16,1135,aHQCPfkjsc8,aHQCPfkjsc8,aHQCPfkjsc8,STOCK UP! with LARRY JONES,UC5cEHfCr6WOE1R1zcohd1IA,NVDA,Nvidia,buy,2026-02-26,2026-02-26,external_provider,data/exports/research_grade_analysis/05_event_timeline_dataset.csv,data/exports/final_paper_package/02_event_study_robustness_table.csv (aggregate); event-level canonical return file not committed,True,False,False,False,aggregate_only_no_event_membership_file,True,locked_event_manifest_from_committed_artifacts
locked_artifact_sample_v1_2026-05-16,1136,MECPdeRM03M,MECPdeRM03M,MECPdeRM03M,Kenan Grace,UC0BGhWsIbV7Dm-lsvhdlMbA,AAPL,Microsoft,buy,2026-04-21,2026-04-21,external_provider,data/exports/research_grade_analysis/05_event_timeline_dataset.csv,data/exports/final_paper_package/02_event_study_robustness_table.csv (aggregate); event-level canonical return file not committed,True,False,False,True,aggregate_only_no_event_membership_file,True,recent_intraday_diagnostic_available
locked_artifact_sample_v1_2026-05-16,1137,vljvbEyhsHg,vljvbEyhsHg,vljvbEyhsHg,Kenan Grace,UC7r4-nZ4icT8SIcnisXFSHQ,TSLA,Apple,sell,2026-04-23,2026-04-23,external_provider,data/exports/research_grade_analysis/05_event_timeline_dataset.csv,data/exports/final_paper_package/02_event_study_robustness_table.csv (aggregate); event-level canonical return file not committed,True,False,False,True,aggregate_only_no_event_membership_file,True,recent_intraday_diagnostic_available
locked_artifact_sample_v1_2026-05-16,1138,Bh0WFgMNWS4,Bh0WFgMNWS4,Bh0WFgMNWS4,Financial Education,UC7r4-nZ4icT8SIcnisXFSHQ,TSLA,Nvidia,sell,2024-10-23,2024-10-23,external_provider,data/exports/research_grade_analysis/05_event_timeline_dataset.csv,data/exports/final_paper_package/02_event_study_robustness_table.csv (aggregate); event-level canonical return file not committed,True,False,False,True,aggregate_only_no_event_membership_file,True,locked_event_manifest_from_committed_artifacts
locked_artifact_sample_v1_2026-05-16,1139,Bh0WFgMNWS4,Bh0WFgMNWS4,Bh0WFgMNWS4,Financial Education,UC7r4-nZ4icT8SIcnisXFSHQ,TSLA,Microsoft,buy,2024-10-23,2024-10-23,external_provider,data/exports/research_grade_analysis/05_event_timeline_dataset.csv,data/exports/final_paper_package/02_event_study_robustness_table.csv (aggregate); event-level canonical return file not committed,True,False,False,False,aggregate_only_no_event_membership_file,True,locked_event_manifest_from_committed_artifacts
locked_artifact_sample_v1_2026-05-16,1140,Bh0WFgMNWS4,Bh0WFgMNWS4,Bh0WFgMNWS4,Financial Education,UC0BGhWsIbV7Dm-lsvhdlMbA,TSLA,Meta,sell,2024-10-23,2024-10-23,external_provider,data/exports/research_grade_analysis/05_event_timeline_dataset.csv,data/exports/final_paper_package/02_event_study_robustness_table.csv (aggregate); event-level canonical return file not committed,True,False,False,False,aggregate_only_no_event_membership_file,True,locked_event_manifest_from_committed_artifacts
locked_artifact_sample_v1_2026-05-16,1141,Bh0WFgMNWS4,Bh0WFgMNWS4,Bh0WFgMNWS4,Financial Education,UCUvvj5lwue7PspotMDjk5UA,TSLA,Amazon,buy,2024-10-23,2024-10-23,external_provider,data/exports/research_grade_analysis/05_event_timeline_dataset.csv,data/exports/final_paper_package/02_event_study_robustness_table.csv (aggregate); event-level canonical return file not committed,True,False,False,False,aggregate_only_no_event_membership_file,True,locked_event_manifest_from_committed_artifacts
locked_artifact_sample_v1_2026-05-16,1142,Bh0WFgMNWS4,Bh0WFgMNWS4,Bh0WFgMNWS4,Financial Education,UC7r4-nZ4icT8SIcnisXFSHQ,TSLA,Apple,buy,2024-10-23,2024-10-23,external_provider,data/exports/research_grade_analysis/05_event_timeline_dataset.csv,data/exports/final_paper_package/02_event_study_robustness_table.csv (aggregate); event-level canonical return file not committed,True,False,False,False,aggregate_only_no_event_membership_file,True,locked_event_manifest_from_committed_artifacts
locked_artifact_sample_v1_2026-05-16,1143,Bh0WFgMNWS4,Bh0WFgMNWS4,Bh0WFgMNWS4,Financial Education,UC7r4-nZ4icT8SIcnisXFSHQ,TSLA,Netflix,buy,2024-10-23,2024-10-23,external_provider,data/exports/research_grade_analysis/05_event_timeline_dataset.csv,data/exports/final_paper_package/02_event_study_robustness_table.csv (aggregate); event-level canonical return file not committed,True,False,False,False,aggregate_only_no_event_membership_file,True,locked_event_manifest_from_committed_artifacts
locked_artifact_sample_v1_2026-05-16,1144,Bh0WFgMNWS4,Bh0WFgMNWS4,Bh0WFgMNWS4,Financial Education,UC7r4-nZ4icT8SIcnisXFSHQ,NVDA,Apple,buy,2024-10-23,2024-10-23,external_provider,data/exports/research_grade_analysis/05_event_timeline_dataset.csv,data/exports/final_paper_package/02_event_study_robustness_table.csv (aggregate); event-level canonical return file not committed,True,True,False,True,aggregate_only_no_event_membership_file,True,locked_event_manifest_from_committed_artifacts
locked_artifact_sample_v1_2026-05-16,1145,Bh0WFgMNWS4,Bh0WFgMNWS4,Bh0WFgMNWS4,Financial Education,UC7r4-nZ4icT8SIcnisXFSHQ,NVDA,Nvidia,sell,2024-10-23,2024-10-23,external_provider,data/exports/research_grade_analysis/05_event_timeline_dataset.csv,data/exports/final_paper_package/02_event_study_robustness_table.csv (aggregate); event-level canonical return file not committed,True,True,False,False,aggregate_only_no_event_membership_file,True,locked_event_manifest_from_committed_artifacts
locked_artifact_sample_v1_2026-05-16,1146,Bh0WFgMNWS4,Bh0WFgMNWS4,Bh0WFgMNWS4,Financial Education,UC7r4-nZ4icT8SIcnisXFSHQ,NVDA,Nvidia,sell,2024-10-23,2024-10-23,external_provider,data/exports/research_grade_analysis/05_event_timeline_dataset.csv,data/exports/final_paper_package/02_event_study_robustness_table.csv (aggregate); event-level canonical return file not committed,True,True,False,False,aggregate_only_no_event_membership_file,True,locked_event_manifest_from_committed_artifacts
locked_artifact_sample_v1_2026-05-16,1147,Bh0WFgMNWS4,Bh0WFgMNWS4,Bh0WFgMNWS4,Financial Education,UC7r4-nZ4icT8SIcnisXFSHQ,AAPL,Nvidia,sell,2024-10-23,2024-10-23,external_provider,data/exports/research_grade_analysis/05_event_timeline_dataset.csv,data/exports/final_paper_package/02_event_study_robustness_table.csv (aggregate); event-level canonical return file not committed,True,True,False,True,aggregate_only_no_event_membership_file,True,locked_event_manifest_from_committed_artifacts
locked_artifact_sample_v1_2026-05-16,1148,x3Uw6BppRb4,x3Uw6BppRb4,x3Uw6BppRb4,Financial Education,UCLxMEPUoHpKq4PEk85RZn9A,AMD,Palantir,buy,2024-12-10,2024-12-10,external_provider,data/exports/research_grade_analysis/05_event_timeline_dataset.csv,data/exports/final_paper_package/02_event_study_robustness_table.csv (aggregate); event-level canonical return file not committed,True,True,False,True,aggregate_only_no_event_membership_file,True,locked_event_manifest_from_committed_artifacts
locked_artifact_sample_v1_2026-05-16,1149,x3Uw6BppRb4,x3Uw6BppRb4,x3Uw6BppRb4,Financial Education,UC7r4-nZ4icT8SIcnisXFSHQ,AMD,Alphabet,buy,2024-12-10,2024-12-10,external_provider,data/exports/research_grade_analysis/05_event_timeline_dataset.csv,data/exports/final_paper_package/02_event_study_robustness_table.csv (aggregate); event-level canonical return file not committed,True,True,False,False,aggregate_only_no_event_membership_file,True,locked_event_manifest_from_committed_artifacts
locked_artifact_sample_v1_2026-05-16,1150,x3Uw6BppRb4,x3Uw6BppRb4,x3Uw6BppRb4,Financial Education,UCnMn36GT_H0X-w5_ckLtlgQ,AMD,Meta,buy,2024-12-10,2024-12-10,external_provider,data/exports/research_grade_analysis/05_event_timeline_dataset.csv,data/exports/final_paper_package/02_event_study_robustness_table.csv (aggregate); event-level canonical return file not committed,True,True,False,False,aggregate_only_no_event_membership_file,True,locked_event_manifest_from_committed_artifacts
locked_artifact_sample_v1_2026-05-16,1151,x3Uw6BppRb4,x3Uw6BppRb4,x3Uw6BppRb4,Financial Education,UCnMn36GT_H0X-w5_ckLtlgQ,AMD,Meta,buy,2024-12-10,2024-12-10,external_provider,data/exports/research_grade_analysis/05_event_timeline_dataset.csv,data/exports/final_paper_package/02_event_study_robustness_table.csv (aggregate); event-level canonical return file not committed,True,True,False,False,aggregate_only_no_event_membership_file,True,locked_event_manifest_from_committed_artifacts
locked_artifact_sample_v1_2026-05-16,1152,x3Uw6BppRb4,x3Uw6BppRb4,x3Uw6BppRb4,Financial Education,UC7r4-nZ4icT8SIcnisXFSHQ,AMD,Netflix,sell,2024-12-10,2024-12-10,external_provider,data/exports/research_grade_analysis/05_event_timeline_dataset.csv,data/exports/final_paper_package/02_event_study_robustness_table.csv (aggregate); event-level canonical return file not committed,True,True,False,False,aggregate_only_no_event_membership_file,True,locked_event_manifest_from_committed_artifacts
locked_artifact_sample_v1_2026-05-16,1153,x3Uw6BppRb4,x3Uw6BppRb4,x3Uw6BppRb4,Financial Education,UCgCh-2AfEBtWrNBC2OoNQYg,SHOP,Apple,buy,2024-12-10,2024-12-10,external_provider,data/exports/research_grade_analysis/05_event_timeline_dataset.csv,data/exports/final_paper_package/02_event_study_robustness_table.csv (aggregate); event-level canonical return file not committed,True,True,False,True,aggregate_only_no_event_membership_file,True,locked_event_manifest_from_committed_artifacts
locked_artifact_sample_v1_2026-05-16,1154,x3Uw6BppRb4,x3Uw6BppRb4,x3Uw6BppRb4,Financial Education,UC7r4-nZ4icT8SIcnisXFSHQ,TSLA,Amazon,buy,2024-12-10,2024-12-10,external_provider,data/exports/research_grade_analysis/05_event_timeline_dataset.csv,data/exports/final_paper_package/02_event_study_robustness_table.csv (aggregate); event-level canonical return file not committed,True,True,False,True,aggregate_only_no_event_membership_file,True,locked_event_manifest_from_committed_artifacts
locked_artifact_sample_v1_2026-05-16,1155,x3Uw6BppRb4,x3Uw6BppRb4,x3Uw6BppRb4,Financial Education,UC7r4-nZ4icT8SIcnisXFSHQ,PYPL,Netflix,buy,2024-12-10,2024-12-10,external_provider,data/exports/research_grade_analysis/05_event_timeline_dataset.csv,data/exports/final_paper_package/02_event_study_robustness_table.csv (aggregate); event-level canonical return file not committed,True,True,False,True,aggregate_only_no_event_membership_file,True,locked_event_manifest_from_committed_artifacts
locked_artifact_sample_v1_2026-05-16,1156,nYWHivR6hdM,nYWHivR6hdM,nYWHivR6hdM,STOCK UP! with LARRY JONES,UC7r4-nZ4icT8SIcnisXFSHQ,COIN,Tesla,buy,2025-11-05,2025-11-05,external_provider,data/exports/research_grade_analysis/05_event_timeline_dataset.csv,data/exports/final_paper_package/02_event_study_robustness_table.csv (aggregate); event-level canonical return file not committed,True,False,False,True,aggregate_only_no_event_membership_file,True,locked_event_manifest_from_committed_artifacts
locked_artifact_sample_v1_2026-05-16,1157,xiK_zuUwpSc,xiK_zuUwpSc,xiK_zuUwpSc,STOCK UP! with LARRY JONES,UC7r4-nZ4icT8SIcnisXFSHQ,UBER,Tesla,buy,2025-11-06,2025-11-06,external_provider,data/exports/research_grade_analysis/05_event_timeline_dataset.csv,data/exports/final_paper_package/02_event_study_robustness_table.csv (aggregate); event-level canonical return file not committed,True,False,False,True,aggregate_only_no_event_membership_file,True,locked_event_manifest_from_committed_artifacts
locked_artifact_sample_v1_2026-05-16,1158,mC9GZkoXaOk,mC9GZkoXaOk,mC9GZkoXaOk,STOCK UP! with LARRY JONES,UCL-F-8nxFtFZ4M3RWkGn6Qw,SOFI,Nvidia,buy,2026-02-27,2026-02-27,external_provider,data/exports/research_grade_analysis/05_event_timeline_dataset.csv,data/exports/final_paper_package/02_event_study_robustness_table.csv (aggregate); event-level canonical return file not committed,True,True,False,True,aggregate_only_no_event_membership_file,True,locked_event_manifest_from_committed_artifacts
locked_artifact_sample_v1_2026-05-16,1159,Iz7leDWCmHU,Iz7leDWCmHU,Iz7leDWCmHU,Ale's World of Stocks,UC7r4-nZ4icT8SIcnisXFSHQ,AAPL,Meta,sell,2026-04-10,2026-04-10,external_provider,data/exports/research_grade_analysis/05_event_timeline_dataset.csv,data/exports/final_paper_package/02_event_study_robustness_table.csv (aggregate); event-level canonical return file not committed,True,True,True,True,aggregate_only_no_event_membership_file,True,recent_intraday_diagnostic_available
locked_artifact_sample_v1_2026-05-16,1160,bYSosJ-t4Rk,bYSosJ-t4Rk,bYSosJ-t4Rk,Ale's World of Stocks,UCL-F-8nxFtFZ4M3RWkGn6Qw,AMD,Apple,buy,2025-10-04,2025-10-06,external_provider,data/exports/research_grade_analysis/05_event_timeline_dataset.csv,data/exports/final_paper_package/02_event_study_robustness_table.csv (aggregate); event-level canonical return file not committed,True,False,True,True,aggregate_only_no_event_membership_file,True,locked_event_manifest_from_committed_artifacts
locked_artifact_sample_v1_2026-05-16,1161,paKnoskDdbk,paKnoskDdbk,paKnoskDdbk,Sasha Yanshin,UCL-F-8nxFtFZ4M3RWkGn6Qw,TSLA,Apple,buy,2024-10-28,2024-10-28,external_provider,data/exports/research_grade_analysis/05_event_timeline_dataset.csv,data/exports/final_paper_package/02_event_study_robustness_table.csv (aggregate); event-level canonical return file not committed,True,False,False,True,aggregate_only_no_event_membership_file,True,locked_event_manifest_from_committed_artifacts
locked_artifact_sample_v1_2026-05-16,1162,9DANrNUHzSM,9DANrNUHzSM,9DANrNUHzSM,Sasha Yanshin,UCL-F-8nxFtFZ4M3RWkGn6Qw,TSLA,Apple,buy,2024-07-30,2024-07-30,external_provider,data/exports/research_grade_analysis/05_event_timeline_dataset.csv,data/exports/final_paper_package/02_event_study_robustness_table.csv (aggregate); event-level canonical return file not committed,True,False,False,True,aggregate_only_no_event_membership_file,True,locked_event_manifest_from_committed_artifacts
locked_artifact_sample_v1_2026-05-16,1163,9DANrNUHzSM,9DANrNUHzSM,9DANrNUHzSM,Sasha Yanshin,UCG9FGwgAx9-RKq1smF1lc8w,MSFT,Apple,sell,2024-07-30,2024-07-30,external_provider,data/exports/research_grade_analysis/05_event_timeline_dataset.csv,data/exports/final_paper_package/02_event_study_robustness_table.csv (aggregate); event-level canonical return file not committed,True,False,False,True,aggregate_only_no_event_membership_file,True,locked_event_manifest_from_committed_artifacts
locked_artifact_sample_v1_2026-05-16,1164,En_k9XZCTQc,En_k9XZCTQc,En_k9XZCTQc,Meet Kevin,UCrGLm-Drgv0vbbemwwHeXJw,META,SoFi,buy,2026-01-01,2026-01-02,external_provider,data/exports/research_grade_analysis/05_event_timeline_dataset.csv,data/exports/final_paper_package/02_event_study_robustness_table.csv (aggregate); event-level canonical return file not committed,True,True,False,True,aggregate_only_no_event_membership_file,True,locked_event_manifest_from_committed_artifacts
locked_artifact_sample_v1_2026-05-16,1165,NFFMAJnvop8,NFFMAJnvop8,NFFMAJnvop8,Meet Kevin,UCoMzWLaPjDJBbipihD694pQ,TSLA,Apple,sell,2026-01-15,2026-01-15,external_provider,data/exports/research_grade_analysis/05_event_timeline_dataset.csv,data/exports/final_paper_package/02_event_study_robustness_table.csv (aggregate); event-level canonical return file not committed,True,True,False,True,aggregate_only_no_event_membership_file,True,locked_event_manifest_from_committed_artifacts
locked_artifact_sample_v1_2026-05-16,1166,nDHhN9YQEMQ,nDHhN9YQEMQ,nDHhN9YQEMQ,Ale's World of Stocks,UCL-F-8nxFtFZ4M3RWkGn6Qw,TSLA,Alphabet,buy,2024-07-06,2024-07-08,external_provider,data/exports/research_grade_analysis/05_event_timeline_dataset.csv,data/exports/final_paper_package/02_event_study_robustness_table.csv (aggregate); event-level canonical return file not committed,True,False,True,True,aggregate_only_no_event_membership_file,True,locked_event_manifest_from_committed_artifacts
locked_artifact_sample_v1_2026-05-16,1167,nDHhN9YQEMQ,nDHhN9YQEMQ,nDHhN9YQEMQ,Ale's World of Stocks,UCL-F-8nxFtFZ4M3RWkGn6Qw,TSLA,Alphabet,buy,2024-07-06,2024-07-08,external_provider,data/exports/research_grade_analysis/05_event_timeline_dataset.csv,data/exports/final_paper_package/02_event_study_robustness_table.csv (aggregate); event-level canonical return file not committed,True,False,True,False,aggregate_only_no_event_membership_file,True,locked_event_manifest_from_committed_artifacts
locked_artifact_sample_v1_2026-05-16,1168,oi_sc__iBVM,oi_sc__iBVM,oi_sc__iBVM,Ale's World of Stocks,UCL-F-8nxFtFZ4M3RWkGn6Qw,AAPL,Alphabet,buy,2024-08-24,2024-08-26,external_provider,data/exports/research_grade_analysis/05_event_timeline_dataset.csv,data/exports/final_paper_package/02_event_study_robustness_table.csv (aggregate); event-level canonical return file not committed,True,False,True,True,aggregate_only_no_event_membership_file,True,locked_event_manifest_from_committed_artifacts
locked_artifact_sample_v1_2026-05-16,1169,oi_sc__iBVM,oi_sc__iBVM,oi_sc__iBVM,Ale's World of Stocks,UCrTTBSUr0zhPU56UQljag5A,AAPL,Tesla,sell,2024-08-24,2024-08-26,external_provider,data/exports/research_grade_analysis/05_event_timeline_dataset.csv,data/exports/final_paper_package/02_event_study_robustness_table.csv (aggregate); event-level canonical return file not committed,True,False,True,False,aggregate_only_no_event_membership_file,True,locked_event_manifest_from_committed_artifacts
locked_artifact_sample_v1_2026-05-16,1170,oi_sc__iBVM,oi_sc__iBVM,oi_sc__iBVM,Ale's World of Stocks,UCrTTBSUr0zhPU56UQljag5A,AAPL,Nvidia,sell,2024-08-24,2024-08-26,external_provider,data/exports/research_grade_analysis/05_event_timeline_dataset.csv,data/exports/final_paper_package/02_event_study_robustness_table.csv (aggregate); event-level canonical return file not committed,True,False,True,False,aggregate_only_no_event_membership_file,True,locked_event_manifest_from_committed_artifacts
locked_artifact_sample_v1_2026-05-16,1171,oi_sc__iBVM,oi_sc__iBVM,oi_sc__iBVM,Ale's World of Stocks,UCL-F-8nxFtFZ4M3RWkGn6Qw,AAPL,PayPal,sell,2024-08-24,2024-08-26,external_provider,data/exports/research_grade_analysis/05_event_timeline_dataset.csv,data/exports/final_paper_package/02_event_study_robustness_table.csv (aggregate); event-level canonical return file not committed,True,False,True,False,aggregate_only_no_event_membership_file,True,locked_event_manifest_from_committed_artifacts
locked_artifact_sample_v1_2026-05-16,1172,oi_sc__iBVM,oi_sc__iBVM,oi_sc__iBVM,Ale's World of Stocks,UCAeAB8ABXGoGMbXuYPmiu2A,AAPL,Microsoft,sell,2024-08-24,2024-08-26,external_provider,data/exports/research_grade_analysis/05_event_timeline_dataset.csv,data/exports/final_paper_package/02_event_study_robustness_table.csv (aggregate); event-level canonical return file not committed,True,False,True,False,aggregate_only_no_event_membership_file,True,locked_event_manifest_from_committed_artifacts
locked_artifact_sample_v1_2026-05-16,1173,ZhL002qy2lo,ZhL002qy2lo,ZhL002qy2lo,Meet Kevin,UCAeAB8ABXGoGMbXuYPmiu2A,TSLA,Tesla,buy,2026-02-25,2026-02-25,external_provider,data/exports/research_grade_analysis/05_event_timeline_dataset.csv,data/exports/final_paper_package/02_event_study_robustness_table.csv (aggregate); event-level canonical return file not committed,True,True,False,True,aggregate_only_no_event_membership_file,True,locked_event_manifest_from_committed_artifacts
locked_artifact_sample_v1_2026-05-16,1174,rImoL62xd5M,rImoL62xd5M,rImoL62xd5M,Meet Kevin,UCAeAB8ABXGoGMbXuYPmiu2A,TSLA,Tesla,buy,2026-01-30,2026-01-30,external_provider,data/exports/research_grade_analysis/05_event_timeline_dataset.csv,data/exports/final_paper_package/02_event_study_robustness_table.csv (aggregate); event-level canonical return file not committed,True,False,False,True,aggregate_only_no_event_membership_file,True,locked_event_manifest_from_committed_artifacts
locked_artifact_sample_v1_2026-05-16,1175,3yNC-hV4XeQ,3yNC-hV4XeQ,3yNC-hV4XeQ,Ale's World of Stocks,UC7r4-nZ4icT8SIcnisXFSHQ,NVDA,Nvidia,sell,2024-09-05,2024-09-05,external_provider,data/exports/research_grade_analysis/05_event_timeline_dataset.csv,data/exports/final_paper_package/02_event_study_robustness_table.csv (aggregate); event-level canonical return file not committed,True,False,True,True,aggregate_only_no_event_membership_file,True,locked_event_manifest_from_committed_artifacts
locked_artifact_sample_v1_2026-05-16,1176,iL5_zy2PCsA,iL5_zy2PCsA,iL5_zy2PCsA,Ale's World of Stocks,UC7r4-nZ4icT8SIcnisXFSHQ,AAPL,Alphabet,sell,2024-12-29,2024-12-30,external_provider,data/exports/research_grade_analysis/05_event_timeline_dataset.csv,data/exports/final_paper_package/02_event_study_robustness_table.csv (aggregate); event-level canonical return file not committed,True,False,True,True,aggregate_only_no_event_membership_file,True,locked_event_manifest_from_committed_artifacts
locked_artifact_sample_v1_2026-05-16,1177,7_8t4ietHaw,7_8t4ietHaw,7_8t4ietHaw,Meet Kevin,UC7r4-nZ4icT8SIcnisXFSHQ,TSLA,Meta,sell,2026-01-28,2026-01-28,external_provider,data/exports/research_grade_analysis/05_event_timeline_dataset.csv,data/exports/final_paper_package/02_event_study_robustness_table.csv (aggregate); event-level canonical return file not committed,True,False,False,True,aggregate_only_no_event_membership_file,True,locked_event_manifest_from_committed_artifacts
locked_artifact_sample_v1_2026-05-16,1178,7_8t4ietHaw,7_8t4ietHaw,7_8t4ietHaw,Meet Kevin,UC7r4-nZ4icT8SIcnisXFSHQ,NVDA,Tesla,sell,2026-01-28,2026-01-28,external_provider,data/exports/research_grade_analysis/05_event_timeline_dataset.csv,data/exports/final_paper_package/02_event_study_robustness_table.csv (aggregate); event-level canonical return file not committed,True,False,False,True,aggregate_only_no_event_membership_file,True,locked_event_manifest_from_committed_artifacts
locked_artifact_sample_v1_2026-05-16,1179,7_8t4ietHaw,7_8t4ietHaw,7_8t4ietHaw,Meet Kevin,UCgCh-2AfEBtWrNBC2OoNQYg,AAPL,Meta,buy,2026-01-28,2026-01-28,external_provider,data/exports/research_grade_analysis/05_event_timeline_dataset.csv,data/exports/final_paper_package/02_event_study_robustness_table.csv (aggregate); event-level canonical return file not committed,True,False,False,True,aggregate_only_no_event_membership_file,True,locked_event_manifest_from_committed_artifacts
locked_artifact_sample_v1_2026-05-16,1180,7_8t4ietHaw,7_8t4ietHaw,7_8t4ietHaw,Meet Kevin,UCSglJMvX-zSgv3PEJIE_inw,META,Microsoft,sell,2026-01-28,2026-01-28,external_provider,data/exports/research_grade_analysis/05_event_timeline_dataset.csv,data/exports/final_paper_package/02_event_study_robustness_table.csv (aggregate); event-level canonical return file not committed,True,False,False,True,aggregate_only_no_event_membership_file,True,locked_event_manifest_from_committed_artifacts
locked_artifact_sample_v1_2026-05-16,1181,TjnN1HYrORI,TjnN1HYrORI,TjnN1HYrORI,Ale's World of Stocks,UChBVf9YnourrEDTsbbwJPRA,TSLA,Apple,buy,2024-07-27,2024-07-29,external_provider,data/exports/research_grade_analysis/05_event_timeline_dataset.csv,data/exports/final_paper_package/02_event_study_robustness_table.csv (aggregate); event-level canonical return file not committed,True,False,True,True,aggregate_only_no_event_membership_file,True,locked_event_manifest_from_committed_artifacts
locked_artifact_sample_v1_2026-05-16,1182,TjnN1HYrORI,TjnN1HYrORI,TjnN1HYrORI,Ale's World of Stocks,UCL-F-8nxFtFZ4M3RWkGn6Qw,TSLA,Alphabet,buy,2024-07-27,2024-07-29,external_provider,data/exports/research_grade_analysis/05_event_timeline_dataset.csv,data/exports/final_paper_package/02_event_study_robustness_table.csv (aggregate); event-level canonical return file not committed,True,False,True,False,aggregate_only_no_event_membership_file,True,locked_event_manifest_from_committed_artifacts
locked_artifact_sample_v1_2026-05-16,1183,TjnN1HYrORI,TjnN1HYrORI,TjnN1HYrORI,Ale's World of Stocks,UCL-F-8nxFtFZ4M3RWkGn6Qw,GOOGL,Amazon,buy,2024-07-27,2024-07-29,external_provider,data/exports/research_grade_analysis/05_event_timeline_dataset.csv,data/exports/final_paper_package/02_event_study_robustness_table.csv (aggregate); event-level canonical return file not committed,True,False,True,True,aggregate_only_no_event_membership_file,True,locked_event_manifest_from_committed_artifacts
locked_artifact_sample_v1_2026-05-16,1184,TWfBbgfxarA,TWfBbgfxarA,TWfBbgfxarA,Ticker Symbol: YOU,UC5cEHfCr6WOE1R1zcohd1IA,NVDA,Meta,buy,2024-07-12,2024-07-12,external_provider,data/exports/research_grade_analysis/05_event_timeline_dataset.csv,data/exports/final_paper_package/02_event_study_robustness_table.csv (aggregate); event-level canonical return file not committed,True,True,False,True,aggregate_only_no_event_membership_file,True,locked_event_manifest_from_committed_artifacts
locked_artifact_sample_v1_2026-05-16,1185,TWfBbgfxarA,TWfBbgfxarA,TWfBbgfxarA,Ticker Symbol: YOU,UCAeAB8ABXGoGMbXuYPmiu2A,NVDA,Apple,buy,2024-07-12,2024-07-12,external_provider,data/exports/research_grade_analysis/05_event_timeline_dataset.csv,data/exports/final_paper_package/02_event_study_robustness_table.csv (aggregate); event-level canonical return file not committed,True,True,False,False,aggregate_only_no_event_membership_file,True,locked_event_manifest_from_committed_artifacts
locked_artifact_sample_v1_2026-05-16,1186,TWfBbgfxarA,TWfBbgfxarA,TWfBbgfxarA,Ticker Symbol: YOU,UC7r4-nZ4icT8SIcnisXFSHQ,NVDA,Amazon,buy,2024-07-12,2024-07-12,external_provider,data/exports/research_grade_analysis/05_event_timeline_dataset.csv,data/exports/final_paper_package/02_event_study_robustness_table.csv (aggregate); event-level canonical return file not committed,True,True,False,False,aggregate_only_no_event_membership_file,True,locked_event_manifest_from_committed_artifacts
locked_artifact_sample_v1_2026-05-16,1187,TWfBbgfxarA,TWfBbgfxarA,TWfBbgfxarA,Ticker Symbol: YOU,UC7r4-nZ4icT8SIcnisXFSHQ,AMD,Alphabet,buy,2024-07-12,2024-07-12,external_provider,data/exports/research_grade_analysis/05_event_timeline_dataset.csv,data/exports/final_paper_package/02_event_study_robustness_table.csv (aggregate); event-level canonical return file not committed,True,True,False,True,aggregate_only_no_event_membership_file,True,locked_event_manifest_from_committed_artifacts
locked_artifact_sample_v1_2026-05-16,1188,xGytjbBLnWA,xGytjbBLnWA,xGytjbBLnWA,Ticker Symbol: YOU,UCG9FGwgAx9-RKq1smF1lc8w,AMD,Apple,buy,2024-03-09,2024-03-11,external_provider,data/exports/research_grade_analysis/05_event_timeline_dataset.csv,data/exports/final_paper_package/02_event_study_robustness_table.csv (aggregate); event-level canonical return file not committed,True,True,True,True,aggregate_only_no_event_membership_file,True,locked_event_manifest_from_committed_artifacts
locked_artifact_sample_v1_2026-05-16,1189,xGytjbBLnWA,xGytjbBLnWA,xGytjbBLnWA,Ticker Symbol: YOU,UCgCh-2AfEBtWrNBC2OoNQYg,NVDA,Microsoft,buy,2024-03-09,2024-03-11,external_provider,data/exports/research_grade_analysis/05_event_timeline_dataset.csv,data/exports/final_paper_package/02_event_study_robustness_table.csv (aggregate); event-level canonical return file not committed,True,False,True,True,aggregate_only_no_event_membership_file,True,locked_event_manifest_from_committed_artifacts
locked_artifact_sample_v1_2026-05-16,1190,wnCQ4ICBIfc,wnCQ4ICBIfc,wnCQ4ICBIfc,Ticker Symbol: YOU,UCgCh-2AfEBtWrNBC2OoNQYg,AMD,Amazon,buy,2024-01-22,2024-01-22,external_provider,data/exports/research_grade_analysis/05_event_timeline_dataset.csv,data/exports/final_paper_package/02_event_study_robustness_table.csv (aggregate); event-level canonical return file not committed,True,True,False,True,aggregate_only_no_event_membership_file,True,locked_event_manifest_from_committed_artifacts
locked_artifact_sample_v1_2026-05-16,1191,wnCQ4ICBIfc,wnCQ4ICBIfc,wnCQ4ICBIfc,Ticker Symbol: YOU,UCgCh-2AfEBtWrNBC2OoNQYg,AMD,Meta,sell,2024-01-22,2024-01-22,external_provider,data/exports/research_grade_analysis/05_event_timeline_dataset.csv,data/exports/final_paper_package/02_event_study_robustness_table.csv (aggregate); event-level canonical return file not committed,True,True,False,False,aggregate_only_no_event_membership_file,True,locked_event_manifest_from_committed_artifacts
locked_artifact_sample_v1_2026-05-16,1192,wnCQ4ICBIfc,wnCQ4ICBIfc,wnCQ4ICBIfc,Ticker Symbol: YOU,UCAeAB8ABXGoGMbXuYPmiu2A,AMD,Amazon,buy,2024-01-22,2024-01-22,external_provider,data/exports/research_grade_analysis/05_event_timeline_dataset.csv,data/exports/final_paper_package/02_event_study_robustness_table.csv (aggregate); event-level canonical return file not committed,True,True,False,False,aggregate_only_no_event_membership_file,True,locked_event_manifest_from_committed_artifacts
locked_artifact_sample_v1_2026-05-16,1193,wnCQ4ICBIfc,wnCQ4ICBIfc,wnCQ4ICBIfc,Ticker Symbol: YOU,UChBVf9YnourrEDTsbbwJPRA,NVDA,Microsoft,buy,2024-01-22,2024-01-22,external_provider,data/exports/research_grade_analysis/05_event_timeline_dataset.csv,data/exports/final_paper_package/02_event_study_robustness_table.csv (aggregate); event-level canonical return file not committed,True,True,False,True,aggregate_only_no_event_membership_file,True,locked_event_manifest_from_committed_artifacts
locked_artifact_sample_v1_2026-05-16,1194,wnCQ4ICBIfc,wnCQ4ICBIfc,wnCQ4ICBIfc,Ticker Symbol: YOU,UCrGLm-Drgv0vbbemwwHeXJw,NVDA,Alphabet,buy,2024-01-22,2024-01-22,external_provider,data/exports/research_grade_analysis/05_event_timeline_dataset.csv,data/exports/final_paper_package/02_event_study_robustness_table.csv (aggregate); event-level canonical return file not committed,True,True,False,False,aggregate_only_no_event_membership_file,True,locked_event_manifest_from_committed_artifacts
locked_artifact_sample_v1_2026-05-16,1195,wWpApU_SLeY,wWpApU_SLeY,wWpApU_SLeY,Ticker Symbol: YOU,UCC7xhD0o7FBHdKXZxMRFspQ,TSLA,SoFi,buy,2024-01-29,2024-01-29,external_provider,data/exports/research_grade_analysis/05_event_timeline_dataset.csv,data/exports/final_paper_package/02_event_study_robustness_table.csv (aggregate); event-level canonical return file not committed,True,False,False,True,aggregate_only_no_event_membership_file,True,locked_event_manifest_from_committed_artifacts
locked_artifact_sample_v1_2026-05-16,1196,wWpApU_SLeY,wWpApU_SLeY,wWpApU_SLeY,Ticker Symbol: YOU,UCC7xhD0o7FBHdKXZxMRFspQ,TSLA,SoFi,buy,2024-01-29,2024-01-29,external_provider,data/exports/research_grade_analysis/05_event_timeline_dataset.csv,data/exports/final_paper_package/02_event_study_robustness_table.csv (aggregate); event-level canonical return file not committed,True,False,False,False,aggregate_only_no_event_membership_file,True,locked_event_manifest_from_committed_artifacts
locked_artifact_sample_v1_2026-05-16,1197,wWpApU_SLeY,wWpApU_SLeY,wWpApU_SLeY,Ticker Symbol: YOU,UCC7xhD0o7FBHdKXZxMRFspQ,TSLA,Uber,buy,2024-01-29,2024-01-29,external_provider,data/exports/research_grade_analysis/05_event_timeline_dataset.csv,data/exports/final_paper_package/02_event_study_robustness_table.csv (aggregate); event-level canonical return file not committed,True,False,False,False,aggregate_only_no_event_membership_file,True,locked_event_manifest_from_committed_artifacts
locked_artifact_sample_v1_2026-05-16,1198,wWpApU_SLeY,wWpApU_SLeY,wWpApU_SLeY,Ticker Symbol: YOU,UCC7xhD0o7FBHdKXZxMRFspQ,TSLA,Nvidia,buy,2024-01-29,2024-01-29,external_provider,data/exports/research_grade_analysis/05_event_timeline_dataset.csv,data/exports/final_paper_package/02_event_study_robustness_table.csv (aggregate); event-level canonical return file not committed,True,False,False,False,aggregate_only_no_event_membership_file,True,locked_event_manifest_from_committed_artifacts
locked_artifact_sample_v1_2026-05-16,1199,wWpApU_SLeY,wWpApU_SLeY,wWpApU_SLeY,Ticker Symbol: YOU,UC7r4-nZ4icT8SIcnisXFSHQ,TSLA,Nvidia,buy,2024-01-29,2024-01-29,external_provider,data/exports/research_grade_analysis/05_event_timeline_dataset.csv,data/exports/final_paper_package/02_event_study_robustness_table.csv (aggregate); event-level canonical return file not committed,True,False,False,False,aggregate_only_no_event_membership_file,True,locked_event_manifest_from_committed_artifacts
locked_artifact_sample_v1_2026-05-16,1200,wWpApU_SLeY,wWpApU_SLeY,wWpApU_SLeY,Ticker Symbol: YOU,UC7r4-nZ4icT8SIcnisXFSHQ,TSLA,,buy,2024-01-29,2024-01-29,external_provider,data/exports/research_grade_analysis/05_event_timeline_dataset.csv,data/exports/final_paper_package/02_event_study_robustness_table.csv (aggregate); event-level canonical return file not committed,True,False,False,False,aggregate_only_no_event_membership_file,True,locked_event_manifest_from_committed_artifacts
locked_artifact_sample_v1_2026-05-16,1201,wWpApU_SLeY,wWpApU_SLeY,wWpApU_SLeY,Ticker Symbol: YOU,UC7r4-nZ4icT8SIcnisXFSHQ,TSLA,Netflix,buy,2024-01-29,2024-01-29,external_provider,data/exports/research_grade_analysis/05_event_timeline_dataset.csv,data/exports/final_paper_package/02_event_study_robustness_table.csv (aggregate); event-level canonical return file not committed,True,False,False,False,aggregate_only_no_event_membership_file,True,locked_event_manifest_from_committed_artifacts
locked_artifact_sample_v1_2026-05-16,1202,wWpApU_SLeY,wWpApU_SLeY,wWpApU_SLeY,Ticker Symbol: YOU,UC7r4-nZ4icT8SIcnisXFSHQ,TSLA,Netflix,buy,2024-01-29,2024-01-29,external_provider,data/exports/research_grade_analysis/05_event_timeline_dataset.csv,data/exports/final_paper_package/02_event_study_robustness_table.csv (aggregate); event-level canonical return file not committed,True,False,False,False,aggregate_only_no_event_membership_file,True,locked_event_manifest_from_committed_artifacts
locked_artifact_sample_v1_2026-05-16,1203,wWpApU_SLeY,wWpApU_SLeY,wWpApU_SLeY,Ticker Symbol: YOU,UCS01CiRDAiyhR_mTHXDW23A,TSLA,Amazon,buy,2024-01-29,2024-01-29,external_provider,data/exports/research_grade_analysis/05_event_timeline_dataset.csv,data/exports/final_paper_package/02_event_study_robustness_table.csv (aggregate); event-level canonical return file not committed,True,False,False,False,aggregate_only_no_event_membership_file,True,locked_event_manifest_from_committed_artifacts
locked_artifact_sample_v1_2026-05-16,1204,tZfS0V7i0Do,tZfS0V7i0Do,tZfS0V7i0Do,HyperChange,UCS01CiRDAiyhR_mTHXDW23A,TSLA,Robinhood,buy,2022-10-25,2022-10-25,external_provider,data/exports/research_grade_analysis/05_event_timeline_dataset.csv,data/exports/final_paper_package/02_event_study_robustness_table.csv (aggregate); event-level canonical return file not committed,True,False,False,True,aggregate_only_no_event_membership_file,True,locked_event_manifest_from_committed_artifacts
locked_artifact_sample_v1_2026-05-16,1205,tZfS0V7i0Do,tZfS0V7i0Do,tZfS0V7i0Do,HyperChange,UCAeAB8ABXGoGMbXuYPmiu2A,TSLA,Tesla,sell,2022-10-25,2022-10-25,external_provider,data/exports/research_grade_analysis/05_event_timeline_dataset.csv,data/exports/final_paper_package/02_event_study_robustness_table.csv (aggregate); event-level canonical return file not committed,True,False,False,False,aggregate_only_no_event_membership_file,True,locked_event_manifest_from_committed_artifacts
locked_artifact_sample_v1_2026-05-16,1206,AWOZIz8wUzo,AWOZIz8wUzo,AWOZIz8wUzo,Graham Stephan,UCC7xhD0o7FBHdKXZxMRFspQ,TSLA,Meta,buy,2026-01-12,2026-01-12,external_provider,data/exports/research_grade_analysis/05_event_timeline_dataset.csv,data/exports/final_paper_package/02_event_study_robustness_table.csv (aggregate); event-level canonical return file not committed,True,True,False,True,aggregate_only_no_event_membership_file,True,locked_event_manifest_from_committed_artifacts
locked_artifact_sample_v1_2026-05-16,1207,f4djIqbt5ik,f4djIqbt5ik,f4djIqbt5ik,Ticker Symbol: YOU,UCC7xhD0o7FBHdKXZxMRFspQ,GOOGL,Netflix,buy,2024-01-31,2024-01-31,external_provider,data/exports/research_grade_analysis/05_event_timeline_dataset.csv,data/exports/final_paper_package/02_event_study_robustness_table.csv (aggregate); event-level canonical return file not committed,True,False,False,True,aggregate_only_no_event_membership_file,True,locked_event_manifest_from_committed_artifacts
locked_artifact_sample_v1_2026-05-16,1208,f4djIqbt5ik,f4djIqbt5ik,f4djIqbt5ik,Ticker Symbol: YOU,UCwKB_00dPL3x5XmHF9IJCrg,MSFT,Palantir,buy,2024-01-31,2024-01-31,external_provider,data/exports/research_grade_analysis/05_event_timeline_dataset.csv,data/exports/final_paper_package/02_event_study_robustness_table.csv (aggregate); event-level canonical return file not committed,True,False,False,True,aggregate_only_no_event_membership_file,True,locked_event_manifest_from_committed_artifacts
locked_artifact_sample_v1_2026-05-16,1209,f4djIqbt5ik,f4djIqbt5ik,f4djIqbt5ik,Ticker Symbol: YOU,UCwKB_00dPL3x5XmHF9IJCrg,DIS,Palantir,buy,2024-01-31,2024-01-31,external_provider,data/exports/research_grade_analysis/05_event_timeline_dataset.csv,data/exports/final_paper_package/02_event_study_robustness_table.csv (aggregate); event-level canonical return file not committed,True,False,False,True,aggregate_only_no_event_membership_file,True,locked_event_manifest_from_committed_artifacts
locked_artifact_sample_v1_2026-05-16,1210,hewlGP_9TT4,hewlGP_9TT4,hewlGP_9TT4,HyperChange,UCC7xhD0o7FBHdKXZxMRFspQ,TSLA,Alphabet,buy,2023-12-21,2023-12-21,external_provider,data/exports/research_grade_analysis/05_event_timeline_dataset.csv,data/exports/final_paper_package/02_event_study_robustness_table.csv (aggregate); event-level canonical return file not committed,True,True,False,True,aggregate_only_no_event_membership_file,True,locked_event_manifest_from_committed_artifacts
locked_artifact_sample_v1_2026-05-16,1211,2c-FSmratsw,2c-FSmratsw,2c-FSmratsw,Ticker Symbol: YOU,UCrTTBSUr0zhPU56UQljag5A,NVDA,Nvidia,buy,2024-02-22,2024-02-22,external_provider,data/exports/research_grade_analysis/05_event_timeline_dataset.csv,data/exports/final_paper_package/02_event_study_robustness_table.csv (aggregate); event-level canonical return file not committed,True,False,False,True,aggregate_only_no_event_membership_file,True,locked_event_manifest_from_committed_artifacts
locked_artifact_sample_v1_2026-05-16,1212,2c-FSmratsw,2c-FSmratsw,2c-FSmratsw,Ticker Symbol: YOU,UCrTTBSUr0zhPU56UQljag5A,NVDA,Nvidia,buy,2024-02-22,2024-02-22,external_provider,data/exports/research_grade_analysis/05_event_timeline_dataset.csv,data/exports/final_paper_package/02_event_study_robustness_table.csv (aggregate); event-level canonical return file not committed,True,False,False,False,aggregate_only_no_event_membership_file,True,locked_event_manifest_from_committed_artifacts
locked_artifact_sample_v1_2026-05-16,1213,ThzfDYILLK4,ThzfDYILLK4,ThzfDYILLK4,Graham Stephan,UCrTTBSUr0zhPU56UQljag5A,TSLA,Apple,buy,2026-04-05,2026-04-06,external_provider,data/exports/research_grade_analysis/05_event_timeline_dataset.csv,data/exports/final_paper_package/02_event_study_robustness_table.csv (aggregate); event-level canonical return file not committed,True,False,True,True,aggregate_only_no_event_membership_file,True,recent_intraday_diagnostic_available
locked_artifact_sample_v1_2026-05-16,1214,TzVOmTHnUiI,TzVOmTHnUiI,TzVOmTHnUiI,Ticker Symbol: YOU,UCC7xhD0o7FBHdKXZxMRFspQ,MSFT,Amazon,buy,2024-08-06,2024-08-06,external_provider,data/exports/research_grade_analysis/05_event_timeline_dataset.csv,data/exports/final_paper_package/02_event_study_robustness_table.csv (aggregate); event-level canonical return file not committed,True,False,False,True,aggregate_only_no_event_membership_file,True,locked_event_manifest_from_committed_artifacts
locked_artifact_sample_v1_2026-05-16,1215,TzVOmTHnUiI,TzVOmTHnUiI,TzVOmTHnUiI,Ticker Symbol: YOU,UCC7xhD0o7FBHdKXZxMRFspQ,MSFT,Amazon,buy,2024-08-06,2024-08-06,external_provider,data/exports/research_grade_analysis/05_event_timeline_dataset.csv,data/exports/final_paper_package/02_event_study_robustness_table.csv (aggregate); event-level canonical return file not committed,True,False,False,False,aggregate_only_no_event_membership_file,True,locked_event_manifest_from_committed_artifacts
locked_artifact_sample_v1_2026-05-16,1216,TzVOmTHnUiI,TzVOmTHnUiI,TzVOmTHnUiI,Ticker Symbol: YOU,UCC7xhD0o7FBHdKXZxMRFspQ,NVDA,Disney,buy,2024-08-06,2024-08-06,external_provider,data/exports/research_grade_analysis/05_event_timeline_dataset.csv,data/exports/final_paper_package/02_event_study_robustness_table.csv (aggregate); event-level canonical return file not committed,True,True,False,True,aggregate_only_no_event_membership_file,True,locked_event_manifest_from_committed_artifacts
locked_artifact_sample_v1_2026-05-16,1217,TzVOmTHnUiI,TzVOmTHnUiI,TzVOmTHnUiI,Ticker Symbol: YOU,UC7r4-nZ4icT8SIcnisXFSHQ,NVDA,Apple,buy,2024-08-06,2024-08-06,external_provider,data/exports/research_grade_analysis/05_event_timeline_dataset.csv,data/exports/final_paper_package/02_event_study_robustness_table.csv (aggregate); event-level canonical return file not committed,True,True,False,False,aggregate_only_no_event_membership_file,True,locked_event_manifest_from_committed_artifacts
locked_artifact_sample_v1_2026-05-16,1218,TzVOmTHnUiI,TzVOmTHnUiI,TzVOmTHnUiI,Ticker Symbol: YOU,UCC7xhD0o7FBHdKXZxMRFspQ,NVDA,Microsoft,buy,2024-08-06,2024-08-06,external_provider,data/exports/research_grade_analysis/05_event_timeline_dataset.csv,data/exports/final_paper_package/02_event_study_robustness_table.csv (aggregate); event-level canonical return file not committed,True,True,False,False,aggregate_only_no_event_membership_file,True,locked_event_manifest_from_committed_artifacts
locked_artifact_sample_v1_2026-05-16,1219,TzVOmTHnUiI,TzVOmTHnUiI,TzVOmTHnUiI,Ticker Symbol: YOU,UCrGLm-Drgv0vbbemwwHeXJw,GOOGL,PayPal,buy,2024-08-06,2024-08-06,external_provider,data/exports/research_grade_analysis/05_event_timeline_dataset.csv,data/exports/final_paper_package/02_event_study_robustness_table.csv (aggregate); event-level canonical return file not committed,True,False,False,True,aggregate_only_no_event_membership_file,True,locked_event_manifest_from_committed_artifacts
locked_artifact_sample_v1_2026-05-16,1220,Z31engGgFwA,Z31engGgFwA,Z31engGgFwA,HyperChange,UCrGLm-Drgv0vbbemwwHeXJw,TSLA,PayPal,buy,2023-11-28,2023-11-28,external_provider,data/exports/research_grade_analysis/05_event_timeline_dataset.csv,data/exports/final_paper_package/02_event_study_robustness_table.csv (aggregate); event-level canonical return file not committed,True,True,False,True,aggregate_only_no_event_membership_file,True,locked_event_manifest_from_committed_artifacts
locked_artifact_sample_v1_2026-05-16,1221,6IhfL_5jb4c,6IhfL_5jb4c,6IhfL_5jb4c,Graham Stephan,UCrGLm-Drgv0vbbemwwHeXJw,TSLA,Amazon,buy,2026-04-03,2026-04-06,external_provider,data/exports/research_grade_analysis/05_event_timeline_dataset.csv,data/exports/final_paper_package/02_event_study_robustness_table.csv (aggregate); event-level canonical return file not committed,True,False,False,True,aggregate_only_no_event_membership_file,True,recent_intraday_diagnostic_available
locked_artifact_sample_v1_2026-05-16,1222,m-b2tgJRswc,m-b2tgJRswc,m-b2tgJRswc,Ticker Symbol: YOU,UCrGLm-Drgv0vbbemwwHeXJw,NVDA,Apple,buy,2024-11-09,2024-11-11,external_provider,data/exports/research_grade_analysis/05_event_timeline_dataset.csv,data/exports/final_paper_package/02_event_study_robustness_table.csv (aggregate); event-level canonical return file not committed,True,False,True,True,aggregate_only_no_event_membership_file,True,locked_event_manifest_from_committed_artifacts
locked_artifact_sample_v1_2026-05-16,1223,cCHRhDh7KD4,cCHRhDh7KD4,cCHRhDh7KD4,HyperChange,UCC7xhD0o7FBHdKXZxMRFspQ,TSLA,Nvidia,buy,2023-12-14,2023-12-14,external_provider,data/exports/research_grade_analysis/05_event_timeline_dataset.csv,data/exports/final_paper_package/02_event_study_robustness_table.csv (aggregate); event-level canonical return file not committed,True,True,False,True,aggregate_only_no_event_membership_file,True,locked_event_manifest_from_committed_artifacts
locked_artifact_sample_v1_2026-05-16,1224,digfWZMG-fw,digfWZMG-fw,digfWZMG-fw,HyperChange,UCC7xhD0o7FBHdKXZxMRFspQ,TSLA,Apple,buy,2022-12-15,2022-12-15,external_provider,data/exports/research_grade_analysis/05_event_timeline_dataset.csv,data/exports/final_paper_package/02_event_study_robustness_table.csv (aggregate); event-level canonical return file not committed,True,True,False,True,aggregate_only_no_event_membership_file,True,locked_event_manifest_from_committed_artifacts
locked_artifact_sample_v1_2026-05-16,1225,digfWZMG-fw,digfWZMG-fw,digfWZMG-fw,HyperChange,UC7r4-nZ4icT8SIcnisXFSHQ,TSLA,Microsoft,buy,2022-12-15,2022-12-15,external_provider,data/exports/research_grade_analysis/05_event_timeline_dataset.csv,data/exports/final_paper_package/02_event_study_robustness_table.csv (aggregate); event-level canonical return file not committed,True,True,False,False,aggregate_only_no_event_membership_file,True,locked_event_manifest_from_committed_artifacts
locked_artifact_sample_v1_2026-05-16,1226,digfWZMG-fw,digfWZMG-fw,digfWZMG-fw,HyperChange,UCL-F-8nxFtFZ4M3RWkGn6Qw,TSLA,Amazon,buy,2022-12-15,2022-12-15,external_provider,data/exports/research_grade_analysis/05_event_timeline_dataset.csv,data/exports/final_paper_package/02_event_study_robustness_table.csv (aggregate); event-level canonical return file not committed,True,True,False,False,aggregate_only_no_event_membership_file,True,locked_event_manifest_from_committed_artifacts
locked_artifact_sample_v1_2026-05-16,1227,digfWZMG-fw,digfWZMG-fw,digfWZMG-fw,HyperChange,UCL-F-8nxFtFZ4M3RWkGn6Qw,TSLA,Amazon,buy,2022-12-15,2022-12-15,external_provider,data/exports/research_grade_analysis/05_event_timeline_dataset.csv,data/exports/final_paper_package/02_event_study_robustness_table.csv (aggregate); event-level canonical return file not committed,True,True,False,False,aggregate_only_no_event_membership_file,True,locked_event_manifest_from_committed_artifacts
locked_artifact_sample_v1_2026-05-16,1228,digfWZMG-fw,digfWZMG-fw,digfWZMG-fw,HyperChange,UC7r4-nZ4icT8SIcnisXFSHQ,TSLA,Nvidia,buy,2022-12-15,2022-12-15,external_provider,data/exports/research_grade_analysis/05_event_timeline_dataset.csv,data/exports/final_paper_package/02_event_study_robustness_table.csv (aggregate); event-level canonical return file not committed,True,True,False,False,aggregate_only_no_event_membership_file,True,locked_event_manifest_from_committed_artifacts
locked_artifact_sample_v1_2026-05-16,1229,digfWZMG-fw,digfWZMG-fw,digfWZMG-fw,HyperChange,UC7r4-nZ4icT8SIcnisXFSHQ,TSLA,Alphabet,buy,2022-12-15,2022-12-15,external_provider,data/exports/research_grade_analysis/05_event_timeline_dataset.csv,data/exports/final_paper_package/02_event_study_robustness_table.csv (aggregate); event-level canonical return file not committed,True,True,False,False,aggregate_only_no_event_membership_file,True,locked_event_manifest_from_committed_artifacts
locked_artifact_sample_v1_2026-05-16,1230,digfWZMG-fw,digfWZMG-fw,digfWZMG-fw,HyperChange,UCrGLm-Drgv0vbbemwwHeXJw,TSLA,Uber,buy,2022-12-15,2022-12-15,external_provider,data/exports/research_grade_analysis/05_event_timeline_dataset.csv,data/exports/final_paper_package/02_event_study_robustness_table.csv (aggregate); event-level canonical return file not committed,True,True,False,False,aggregate_only_no_event_membership_file,True,locked_event_manifest_from_committed_artifacts
locked_artifact_sample_v1_2026-05-16,1231,digfWZMG-fw,digfWZMG-fw,digfWZMG-fw,HyperChange,UC7r4-nZ4icT8SIcnisXFSHQ,TSLA,Tesla,buy,2022-12-15,2022-12-15,external_provider,data/exports/research_grade_analysis/05_event_timeline_dataset.csv,data/exports/final_paper_package/02_event_study_robustness_table.csv (aggregate); event-level canonical return file not committed,True,True,False,False,aggregate_only_no_event_membership_file,True,locked_event_manifest_from_committed_artifacts
locked_artifact_sample_v1_2026-05-16,1232,digfWZMG-fw,digfWZMG-fw,digfWZMG-fw,HyperChange,UC7r4-nZ4icT8SIcnisXFSHQ,TSLA,PayPal,sell,2022-12-15,2022-12-15,external_provider,data/exports/research_grade_analysis/05_event_timeline_dataset.csv,data/exports/final_paper_package/02_event_study_robustness_table.csv (aggregate); event-level canonical return file not committed,True,True,False,False,aggregate_only_no_event_membership_file,True,locked_event_manifest_from_committed_artifacts
locked_artifact_sample_v1_2026-05-16,1233,digfWZMG-fw,digfWZMG-fw,digfWZMG-fw,HyperChange,UC7r4-nZ4icT8SIcnisXFSHQ,TSLA,Nvidia,sell,2022-12-15,2022-12-15,external_provider,data/exports/research_grade_analysis/05_event_timeline_dataset.csv,data/exports/final_paper_package/02_event_study_robustness_table.csv (aggregate); event-level canonical return file not committed,True,True,False,False,aggregate_only_no_event_membership_file,True,locked_event_manifest_from_committed_artifacts
locked_artifact_sample_v1_2026-05-16,1234,dBL3Uuddag8,dBL3Uuddag8,dBL3Uuddag8,Ticker Symbol: YOU,UCrTTBSUr0zhPU56UQljag5A,NVDA,Uber,buy,2024-05-20,2024-05-20,external_provider,data/exports/research_grade_analysis/05_event_timeline_dataset.csv,data/exports/final_paper_package/02_event_study_robustness_table.csv (aggregate); event-level canonical return file not committed,True,False,False,True,aggregate_only_no_event_membership_file,True,locked_event_manifest_from_committed_artifacts
locked_artifact_sample_v1_2026-05-16,1235,sgX1hADBm1o,sgX1hADBm1o,sgX1hADBm1o,HyperChange,UC7r4-nZ4icT8SIcnisXFSHQ,TSLA,Disney,sell,2024-02-14,2024-02-14,external_provider,data/exports/research_grade_analysis/05_event_timeline_dataset.csv,data/exports/final_paper_package/02_event_study_robustness_table.csv (aggregate); event-level canonical return file not committed,True,True,False,True,aggregate_only_no_event_membership_file,True,locked_event_manifest_from_committed_artifacts
locked_artifact_sample_v1_2026-05-16,1236,xcgzbhFC8cI,xcgzbhFC8cI,xcgzbhFC8cI,HyperChange,UC7r4-nZ4icT8SIcnisXFSHQ,AAPL,Apple,buy,2024-03-08,2024-03-08,external_provider,data/exports/research_grade_analysis/05_event_timeline_dataset.csv,data/exports/final_paper_package/02_event_study_robustness_table.csv (aggregate); event-level canonical return file not committed,True,True,False,True,aggregate_only_no_event_membership_file,True,locked_event_manifest_from_committed_artifacts
locked_artifact_sample_v1_2026-05-16,1237,xcgzbhFC8cI,xcgzbhFC8cI,xcgzbhFC8cI,HyperChange,UC7r4-nZ4icT8SIcnisXFSHQ,AAPL,Amazon,buy,2024-03-08,2024-03-08,external_provider,data/exports/research_grade_analysis/05_event_timeline_dataset.csv,data/exports/final_paper_package/02_event_study_robustness_table.csv (aggregate); event-level canonical return file not committed,True,True,False,False,aggregate_only_no_event_membership_file,True,locked_event_manifest_from_committed_artifacts
locked_artifact_sample_v1_2026-05-16,1238,VTbd0_n9qQA,VTbd0_n9qQA,VTbd0_n9qQA,Dumb Money Live,UC7r4-nZ4icT8SIcnisXFSHQ,TSLA,Alphabet,buy,2026-02-28,2026-03-02,external_provider,data/exports/research_grade_analysis/05_event_timeline_dataset.csv,data/exports/final_paper_package/02_event_study_robustness_table.csv (aggregate); event-level canonical return file not committed,True,True,True,True,aggregate_only_no_event_membership_file,True,locked_event_manifest_from_committed_artifacts
locked_artifact_sample_v1_2026-05-16,1239,zIEbL5x23zk,zIEbL5x23zk,zIEbL5x23zk,HyperChange,UCC7xhD0o7FBHdKXZxMRFspQ,TSLA,Amazon,buy,2024-01-16,2024-01-16,external_provider,data/exports/research_grade_analysis/05_event_timeline_dataset.csv,data/exports/final_paper_package/02_event_study_robustness_table.csv (aggregate); event-level canonical return file not committed,True,True,False,True,aggregate_only_no_event_membership_file,True,locked_event_manifest_from_committed_artifacts
locked_artifact_sample_v1_2026-05-16,1240,zIEbL5x23zk,zIEbL5x23zk,zIEbL5x23zk,HyperChange,UCC7xhD0o7FBHdKXZxMRFspQ,AAPL,Alphabet,buy,2024-01-16,2024-01-16,external_provider,data/exports/research_grade_analysis/05_event_timeline_dataset.csv,data/exports/final_paper_package/02_event_study_robustness_table.csv (aggregate); event-level canonical return file not committed,True,True,False,True,aggregate_only_no_event_membership_file,True,locked_event_manifest_from_committed_artifacts
locked_artifact_sample_v1_2026-05-16,1241,v-H-njyqsjk,v-H-njyqsjk,v-H-njyqsjk,HyperChange,UCC7xhD0o7FBHdKXZxMRFspQ,TSLA,Alphabet,buy,2024-04-18,2024-04-18,external_provider,data/exports/research_grade_analysis/05_event_timeline_dataset.csv,data/exports/final_paper_package/02_event_study_robustness_table.csv (aggregate); event-level canonical return file not committed,True,False,False,True,aggregate_only_no_event_membership_file,True,locked_event_manifest_from_committed_artifacts
locked_artifact_sample_v1_2026-05-16,1242,sHK-T2G21o4,sHK-T2G21o4,sHK-T2G21o4,ZipTrader,UC5cEHfCr6WOE1R1zcohd1IA,AMC,,sell,2023-08-11,2023-08-11,external_provider,data/exports/research_grade_analysis/05_event_timeline_dataset.csv,data/exports/final_paper_package/02_event_study_robustness_table.csv (aggregate); event-level canonical return file not committed,True,False,False,True,aggregate_only_no_event_membership_file,True,locked_event_manifest_from_committed_artifacts
locked_artifact_sample_v1_2026-05-16,1243,sHK-T2G21o4,sHK-T2G21o4,sHK-T2G21o4,ZipTrader,UCL-F-8nxFtFZ4M3RWkGn6Qw,AMC,Shopify,sell,2023-08-11,2023-08-11,external_provider,data/exports/research_grade_analysis/05_event_timeline_dataset.csv,data/exports/final_paper_package/02_event_study_robustness_table.csv (aggregate); event-level canonical return file not committed,True,False,False,False,aggregate_only_no_event_membership_file,True,locked_event_manifest_from_committed_artifacts
locked_artifact_sample_v1_2026-05-16,1244,sHK-T2G21o4,sHK-T2G21o4,sHK-T2G21o4,ZipTrader,UCL-F-8nxFtFZ4M3RWkGn6Qw,AMC,Shopify,sell,2023-08-11,2023-08-11,external_provider,data/exports/research_grade_analysis/05_event_timeline_dataset.csv,data/exports/final_paper_package/02_event_study_robustness_table.csv (aggregate); event-level canonical return file not committed,True,False,False,False,aggregate_only_no_event_membership_file,True,locked_event_manifest_from_committed_artifacts
locked_artifact_sample_v1_2026-05-16,1245,sHK-T2G21o4,sHK-T2G21o4,sHK-T2G21o4,ZipTrader,UCL-F-8nxFtFZ4M3RWkGn6Qw,AMC,Shopify,buy,2023-08-11,2023-08-11,external_provider,data/exports/research_grade_analysis/05_event_timeline_dataset.csv,data/exports/final_paper_package/02_event_study_robustness_table.csv (aggregate); event-level canonical return file not committed,True,False,False,False,aggregate_only_no_event_membership_file,True,locked_event_manifest_from_committed_artifacts
locked_artifact_sample_v1_2026-05-16,1246,sHK-T2G21o4,sHK-T2G21o4,sHK-T2G21o4,ZipTrader,UC7r4-nZ4icT8SIcnisXFSHQ,AMC,Nvidia,sell,2023-08-11,2023-08-11,external_provider,data/exports/research_grade_analysis/05_event_timeline_dataset.csv,data/exports/final_paper_package/02_event_study_robustness_table.csv (aggregate); event-level canonical return file not committed,True,False,False,False,aggregate_only_no_event_membership_file,True,locked_event_manifest_from_committed_artifacts
locked_artifact_sample_v1_2026-05-16,1247,sHK-T2G21o4,sHK-T2G21o4,sHK-T2G21o4,ZipTrader,UC7r4-nZ4icT8SIcnisXFSHQ,AMC,Nvidia,buy,2023-08-11,2023-08-11,external_provider,data/exports/research_grade_analysis/05_event_timeline_dataset.csv,data/exports/final_paper_package/02_event_study_robustness_table.csv (aggregate); event-level canonical return file not committed,True,False,False,False,aggregate_only_no_event_membership_file,True,locked_event_manifest_from_committed_artifacts
locked_artifact_sample_v1_2026-05-16,1248,sHK-T2G21o4,sHK-T2G21o4,sHK-T2G21o4,ZipTrader,UC7r4-nZ4icT8SIcnisXFSHQ,AMC,Tesla,sell,2023-08-11,2023-08-11,external_provider,data/exports/research_grade_analysis/05_event_timeline_dataset.csv,data/exports/final_paper_package/02_event_study_robustness_table.csv (aggregate); event-level canonical return file not committed,True,False,False,False,aggregate_only_no_event_membership_file,True,locked_event_manifest_from_committed_artifacts
locked_artifact_sample_v1_2026-05-16,1249,sHK-T2G21o4,sHK-T2G21o4,sHK-T2G21o4,ZipTrader,UC7r4-nZ4icT8SIcnisXFSHQ,AMC,Alphabet,sell,2023-08-11,2023-08-11,external_provider,data/exports/research_grade_analysis/05_event_timeline_dataset.csv,data/exports/final_paper_package/02_event_study_robustness_table.csv (aggregate); event-level canonical return file not committed,True,False,False,False,aggregate_only_no_event_membership_file,True,locked_event_manifest_from_committed_artifacts
locked_artifact_sample_v1_2026-05-16,1250,UlV2ZZU3LcM,UlV2ZZU3LcM,UlV2ZZU3LcM,HyperChange,UCC7xhD0o7FBHdKXZxMRFspQ,TSLA,Amazon,buy,2024-04-23,2024-04-23,external_provider,data/exports/research_grade_analysis/05_event_timeline_dataset.csv,data/exports/final_paper_package/02_event_study_robustness_table.csv (aggregate); event-level canonical return file not committed,True,False,False,True,aggregate_only_no_event_membership_file,True,locked_event_manifest_from_committed_artifacts
locked_artifact_sample_v1_2026-05-16,1251,UlV2ZZU3LcM,UlV2ZZU3LcM,UlV2ZZU3LcM,HyperChange,UCC7xhD0o7FBHdKXZxMRFspQ,TSLA,PayPal,buy,2024-04-23,2024-04-23,external_provider,data/exports/research_grade_analysis/05_event_timeline_dataset.csv,data/exports/final_paper_package/02_event_study_robustness_table.csv (aggregate); event-level canonical return file not committed,True,False,False,False,aggregate_only_no_event_membership_file,True,locked_event_manifest_from_committed_artifacts
locked_artifact_sample_v1_2026-05-16,1252,UlV2ZZU3LcM,UlV2ZZU3LcM,UlV2ZZU3LcM,HyperChange,UCC7xhD0o7FBHdKXZxMRFspQ,TSLA,PayPal,buy,2024-04-23,2024-04-23,external_provider,data/exports/research_grade_analysis/05_event_timeline_dataset.csv,data/exports/final_paper_package/02_event_study_robustness_table.csv (aggregate); event-level canonical return file not committed,True,False,False,False,aggregate_only_no_event_membership_file,True,locked_event_manifest_from_committed_artifacts
locked_artifact_sample_v1_2026-05-16,1253,UlV2ZZU3LcM,UlV2ZZU3LcM,UlV2ZZU3LcM,HyperChange,UCrGLm-Drgv0vbbemwwHeXJw,TSLA,Nvidia,buy,2024-04-23,2024-04-23,external_provider,data/exports/research_grade_analysis/05_event_timeline_dataset.csv,data/exports/final_paper_package/02_event_study_robustness_table.csv (aggregate); event-level canonical return file not committed,True,False,False,False,aggregate_only_no_event_membership_file,True,locked_event_manifest_from_committed_artifacts
locked_artifact_sample_v1_2026-05-16,1254,UlV2ZZU3LcM,UlV2ZZU3LcM,UlV2ZZU3LcM,HyperChange,UCrGLm-Drgv0vbbemwwHeXJw,TSLA,Meta,buy,2024-04-23,2024-04-23,external_provider,data/exports/research_grade_analysis/05_event_timeline_dataset.csv,data/exports/final_paper_package/02_event_study_robustness_table.csv (aggregate); event-level canonical return file not committed,True,False,False,False,aggregate_only_no_event_membership_file,True,locked_event_manifest_from_committed_artifacts
locked_artifact_sample_v1_2026-05-16,1255,UlV2ZZU3LcM,UlV2ZZU3LcM,UlV2ZZU3LcM,HyperChange,UCrGLm-Drgv0vbbemwwHeXJw,TSLA,SoFi,buy,2024-04-23,2024-04-23,external_provider,data/exports/research_grade_analysis/05_event_timeline_dataset.csv,data/exports/final_paper_package/02_event_study_robustness_table.csv (aggregate); event-level canonical return file not committed,True,False,False,False,aggregate_only_no_event_membership_file,True,locked_event_manifest_from_committed_artifacts
locked_artifact_sample_v1_2026-05-16,1256,YzNrg2hlw14,YzNrg2hlw14,YzNrg2hlw14,ZipTrader,UCrTTBSUr0zhPU56UQljag5A,AMC,Meta,sell,2023-08-22,2023-08-22,external_provider,data/exports/research_grade_analysis/05_event_timeline_dataset.csv,data/exports/final_paper_package/02_event_study_robustness_table.csv (aggregate); event-level canonical return file not committed,True,False,False,True,aggregate_only_no_event_membership_file,True,locked_event_manifest_from_committed_artifacts
locked_artifact_sample_v1_2026-05-16,1257,CXipshs1kKs,CXipshs1kKs,CXipshs1kKs,HyperChange,UCrGLm-Drgv0vbbemwwHeXJw,TSLA,Alphabet,buy,2024-04-25,2024-04-25,external_provider,data/exports/research_grade_analysis/05_event_timeline_dataset.csv,data/exports/final_paper_package/02_event_study_robustness_table.csv (aggregate); event-level canonical return file not committed,True,False,False,True,aggregate_only_no_event_membership_file,True,locked_event_manifest_from_committed_artifacts
locked_artifact_sample_v1_2026-05-16,1258,hr3usFlFBMU,hr3usFlFBMU,hr3usFlFBMU,ZipTrader,UCrGLm-Drgv0vbbemwwHeXJw,AMC,Alphabet,sell,2023-08-24,2023-08-24,external_provider,data/exports/research_grade_analysis/05_event_timeline_dataset.csv,data/exports/final_paper_package/02_event_study_robustness_table.csv (aggregate); event-level canonical return file not committed,True,False,False,True,aggregate_only_no_event_membership_file,True,locked_event_manifest_from_committed_artifacts
locked_artifact_sample_v1_2026-05-16,1259,hr3usFlFBMU,hr3usFlFBMU,hr3usFlFBMU,ZipTrader,UCrGLm-Drgv0vbbemwwHeXJw,AMC,,sell,2023-08-24,2023-08-24,external_provider,data/exports/research_grade_analysis/05_event_timeline_dataset.csv,data/exports/final_paper_package/02_event_study_robustness_table.csv (aggregate); event-level canonical return file not committed,True,False,False,False,aggregate_only_no_event_membership_file,True,locked_event_manifest_from_committed_artifacts
locked_artifact_sample_v1_2026-05-16,1260,hr3usFlFBMU,hr3usFlFBMU,hr3usFlFBMU,ZipTrader,UC7r4-nZ4icT8SIcnisXFSHQ,AMC,Nvidia,sell,2023-08-24,2023-08-24,external_provider,data/exports/research_grade_analysis/05_event_timeline_dataset.csv,data/exports/final_paper_package/02_event_study_robustness_table.csv (aggregate); event-level canonical return file not committed,True,False,False,False,aggregate_only_no_event_membership_file,True,locked_event_manifest_from_committed_artifacts
locked_artifact_sample_v1_2026-05-16,1261,hr3usFlFBMU,hr3usFlFBMU,hr3usFlFBMU,ZipTrader,UC7r4-nZ4icT8SIcnisXFSHQ,AMC,Alphabet,sell,2023-08-24,2023-08-24,external_provider,data/exports/research_grade_analysis/05_event_timeline_dataset.csv,data/exports/final_paper_package/02_event_study_robustness_table.csv (aggregate); event-level canonical return file not committed,True,False,False,False,aggregate_only_no_event_membership_file,True,locked_event_manifest_from_committed_artifacts
locked_artifact_sample_v1_2026-05-16,1262,hr3usFlFBMU,hr3usFlFBMU,hr3usFlFBMU,ZipTrader,UC5cEHfCr6WOE1R1zcohd1IA,AMC,Nvidia,sell,2023-08-24,2023-08-24,external_provider,data/exports/research_grade_analysis/05_event_timeline_dataset.csv,data/exports/final_paper_package/02_event_study_robustness_table.csv (aggregate); event-level canonical return file not committed,True,False,False,False,aggregate_only_no_event_membership_file,True,locked_event_manifest_from_committed_artifacts
locked_artifact_sample_v1_2026-05-16,1263,hr3usFlFBMU,hr3usFlFBMU,hr3usFlFBMU,ZipTrader,UC5cEHfCr6WOE1R1zcohd1IA,AMC,Nvidia,sell,2023-08-24,2023-08-24,external_provider,data/exports/research_grade_analysis/05_event_timeline_dataset.csv,data/exports/final_paper_package/02_event_study_robustness_table.csv (aggregate); event-level canonical return file not committed,True,False,False,False,aggregate_only_no_event_membership_file,True,locked_event_manifest_from_committed_artifacts
locked_artifact_sample_v1_2026-05-16,1264,hr3usFlFBMU,hr3usFlFBMU,hr3usFlFBMU,ZipTrader,UCC7xhD0o7FBHdKXZxMRFspQ,AMC,Nvidia,sell,2023-08-24,2023-08-24,external_provider,data/exports/research_grade_analysis/05_event_timeline_dataset.csv,data/exports/final_paper_package/02_event_study_robustness_table.csv (aggregate); event-level canonical return file not committed,True,False,False,False,aggregate_only_no_event_membership_file,True,locked_event_manifest_from_committed_artifacts
locked_artifact_sample_v1_2026-05-16,1265,mwGbJHvTDb8,mwGbJHvTDb8,mwGbJHvTDb8,HyperChange,UCC7xhD0o7FBHdKXZxMRFspQ,AMZN,Nvidia,buy,2024-10-28,2024-10-28,external_provider,data/exports/research_grade_analysis/05_event_timeline_dataset.csv,data/exports/final_paper_package/02_event_study_robustness_table.csv (aggregate); event-level canonical return file not committed,True,False,False,True,aggregate_only_no_event_membership_file,True,locked_event_manifest_from_committed_artifacts
locked_artifact_sample_v1_2026-05-16,1266,mwGbJHvTDb8,mwGbJHvTDb8,mwGbJHvTDb8,HyperChange,UCC7xhD0o7FBHdKXZxMRFspQ,AMZN,Apple,buy,2024-10-28,2024-10-28,external_provider,data/exports/research_grade_analysis/05_event_timeline_dataset.csv,data/exports/final_paper_package/02_event_study_robustness_table.csv (aggregate); event-level canonical return file not committed,True,False,False,False,aggregate_only_no_event_membership_file,True,locked_event_manifest_from_committed_artifacts
locked_artifact_sample_v1_2026-05-16,1267,mwGbJHvTDb8,mwGbJHvTDb8,mwGbJHvTDb8,HyperChange,UC7r4-nZ4icT8SIcnisXFSHQ,TSLA,Nvidia,buy,2024-10-28,2024-10-28,external_provider,data/exports/research_grade_analysis/05_event_timeline_dataset.csv,data/exports/final_paper_package/02_event_study_robustness_table.csv (aggregate); event-level canonical return file not committed,True,False,False,True,aggregate_only_no_event_membership_file,True,locked_event_manifest_from_committed_artifacts
locked_artifact_sample_v1_2026-05-16,1268,dJ2x4dsEJzQ,dJ2x4dsEJzQ,dJ2x4dsEJzQ,ZipTrader,UC5cEHfCr6WOE1R1zcohd1IA,TSLA,PayPal,sell,2023-09-11,2023-09-11,external_provider,data/exports/research_grade_analysis/05_event_timeline_dataset.csv,data/exports/final_paper_package/02_event_study_robustness_table.csv (aggregate); event-level canonical return file not committed,True,True,False,True,aggregate_only_no_event_membership_file,True,locked_event_manifest_from_committed_artifacts
locked_artifact_sample_v1_2026-05-16,1269,8TkQMAOSeSU,8TkQMAOSeSU,8TkQMAOSeSU,HyperChange,UC5cEHfCr6WOE1R1zcohd1IA,TSLA,PayPal,buy,2024-02-13,2024-02-13,external_provider,data/exports/research_grade_analysis/05_event_timeline_dataset.csv,data/exports/final_paper_package/02_event_study_robustness_table.csv (aggregate); event-level canonical return file not committed,True,True,False,True,aggregate_only_no_event_membership_file,True,locked_event_manifest_from_committed_artifacts
locked_artifact_sample_v1_2026-05-16,1270,8TkQMAOSeSU,8TkQMAOSeSU,8TkQMAOSeSU,HyperChange,UCrGLm-Drgv0vbbemwwHeXJw,TSLA,Nvidia,buy,2024-02-13,2024-02-13,external_provider,data/exports/research_grade_analysis/05_event_timeline_dataset.csv,data/exports/final_paper_package/02_event_study_robustness_table.csv (aggregate); event-level canonical return file not committed,True,True,False,False,aggregate_only_no_event_membership_file,True,locked_event_manifest_from_committed_artifacts
locked_artifact_sample_v1_2026-05-16,1271,8TkQMAOSeSU,8TkQMAOSeSU,8TkQMAOSeSU,HyperChange,UCrGLm-Drgv0vbbemwwHeXJw,TSLA,Nvidia,buy,2024-02-13,2024-02-13,external_provider,data/exports/research_grade_analysis/05_event_timeline_dataset.csv,data/exports/final_paper_package/02_event_study_robustness_table.csv (aggregate); event-level canonical return file not committed,True,True,False,False,aggregate_only_no_event_membership_file,True,locked_event_manifest_from_committed_artifacts
locked_artifact_sample_v1_2026-05-16,1272,8TkQMAOSeSU,8TkQMAOSeSU,8TkQMAOSeSU,HyperChange,UCL-F-8nxFtFZ4M3RWkGn6Qw,TSLA,Nvidia,buy,2024-02-13,2024-02-13,external_provider,data/exports/research_grade_analysis/05_event_timeline_dataset.csv,data/exports/final_paper_package/02_event_study_robustness_table.csv (aggregate); event-level canonical return file not committed,True,True,False,False,aggregate_only_no_event_membership_file,True,locked_event_manifest_from_committed_artifacts
locked_artifact_sample_v1_2026-05-16,1273,8TkQMAOSeSU,8TkQMAOSeSU,8TkQMAOSeSU,HyperChange,UCL-F-8nxFtFZ4M3RWkGn6Qw,TSLA,Apple,buy,2024-02-13,2024-02-13,external_provider,data/exports/research_grade_analysis/05_event_timeline_dataset.csv,data/exports/final_paper_package/02_event_study_robustness_table.csv (aggregate); event-level canonical return file not committed,True,True,False,False,aggregate_only_no_event_membership_file,True,locked_event_manifest_from_committed_artifacts
locked_artifact_sample_v1_2026-05-16,1274,8TkQMAOSeSU,8TkQMAOSeSU,8TkQMAOSeSU,HyperChange,UCrGLm-Drgv0vbbemwwHeXJw,TSLA,PayPal,buy,2024-02-13,2024-02-13,external_provider,data/exports/research_grade_analysis/05_event_timeline_dataset.csv,data/exports/final_paper_package/02_event_study_robustness_table.csv (aggregate); event-level canonical return file not committed,True,True,False,False,aggregate_only_no_event_membership_file,True,locked_event_manifest_from_committed_artifacts
locked_artifact_sample_v1_2026-05-16,1275,8TkQMAOSeSU,8TkQMAOSeSU,8TkQMAOSeSU,HyperChange,UCrGLm-Drgv0vbbemwwHeXJw,TSLA,Tesla,buy,2024-02-13,2024-02-13,external_provider,data/exports/research_grade_analysis/05_event_timeline_dataset.csv,data/exports/final_paper_package/02_event_study_robustness_table.csv (aggregate); event-level canonical return file not committed,True,True,False,False,aggregate_only_no_event_membership_file,True,locked_event_manifest_from_committed_artifacts
locked_artifact_sample_v1_2026-05-16,1276,8TkQMAOSeSU,8TkQMAOSeSU,8TkQMAOSeSU,HyperChange,UCL-F-8nxFtFZ4M3RWkGn6Qw,TSLA,Alphabet,buy,2024-02-13,2024-02-13,external_provider,data/exports/research_grade_analysis/05_event_timeline_dataset.csv,data/exports/final_paper_package/02_event_study_robustness_table.csv (aggregate); event-level canonical return file not committed,True,True,False,False,aggregate_only_no_event_membership_file,True,locked_event_manifest_from_committed_artifacts
locked_artifact_sample_v1_2026-05-16,1277,8TkQMAOSeSU,8TkQMAOSeSU,8TkQMAOSeSU,HyperChange,UCL-F-8nxFtFZ4M3RWkGn6Qw,TSLA,Alphabet,buy,2024-02-13,2024-02-13,external_provider,data/exports/research_grade_analysis/05_event_timeline_dataset.csv,data/exports/final_paper_package/02_event_study_robustness_table.csv (aggregate); event-level canonical return file not committed,True,True,False,False,aggregate_only_no_event_membership_file,True,locked_event_manifest_from_committed_artifacts
locked_artifact_sample_v1_2026-05-16,1278,8TkQMAOSeSU,8TkQMAOSeSU,8TkQMAOSeSU,HyperChange,UCL-F-8nxFtFZ4M3RWkGn6Qw,TSLA,Alphabet,sell,2024-02-13,2024-02-13,external_provider,data/exports/research_grade_analysis/05_event_timeline_dataset.csv,data/exports/final_paper_package/02_event_study_robustness_table.csv (aggregate); event-level canonical return file not committed,True,True,False,False,aggregate_only_no_event_membership_file,True,locked_event_manifest_from_committed_artifacts
locked_artifact_sample_v1_2026-05-16,1279,8TkQMAOSeSU,8TkQMAOSeSU,8TkQMAOSeSU,HyperChange,UCL-F-8nxFtFZ4M3RWkGn6Qw,TSLA,Amazon,sell,2024-02-13,2024-02-13,external_provider,data/exports/research_grade_analysis/05_event_timeline_dataset.csv,data/exports/final_paper_package/02_event_study_robustness_table.csv (aggregate); event-level canonical return file not committed,True,True,False,False,aggregate_only_no_event_membership_file,True,locked_event_manifest_from_committed_artifacts
locked_artifact_sample_v1_2026-05-16,1280,8TkQMAOSeSU,8TkQMAOSeSU,8TkQMAOSeSU,HyperChange,UC7r4-nZ4icT8SIcnisXFSHQ,TSLA,Alphabet,buy,2024-02-13,2024-02-13,external_provider,data/exports/research_grade_analysis/05_event_timeline_dataset.csv,data/exports/final_paper_package/02_event_study_robustness_table.csv (aggregate); event-level canonical return file not committed,True,True,False,False,aggregate_only_no_event_membership_file,True,locked_event_manifest_from_committed_artifacts
locked_artifact_sample_v1_2026-05-16,1281,8TkQMAOSeSU,8TkQMAOSeSU,8TkQMAOSeSU,HyperChange,UC7r4-nZ4icT8SIcnisXFSHQ,TSLA,Amazon,buy,2024-02-13,2024-02-13,external_provider,data/exports/research_grade_analysis/05_event_timeline_dataset.csv,data/exports/final_paper_package/02_event_study_robustness_table.csv (aggregate); event-level canonical return file not committed,True,True,False,False,aggregate_only_no_event_membership_file,True,locked_event_manifest_from_committed_artifacts
locked_artifact_sample_v1_2026-05-16,1282,8TkQMAOSeSU,8TkQMAOSeSU,8TkQMAOSeSU,HyperChange,UCC7xhD0o7FBHdKXZxMRFspQ,AAPL,Uber,buy,2024-02-13,2024-02-13,external_provider,data/exports/research_grade_analysis/05_event_timeline_dataset.csv,data/exports/final_paper_package/02_event_study_robustness_table.csv (aggregate); event-level canonical return file not committed,True,True,False,True,aggregate_only_no_event_membership_file,True,locked_event_manifest_from_committed_artifacts
locked_artifact_sample_v1_2026-05-16,1283,8TkQMAOSeSU,8TkQMAOSeSU,8TkQMAOSeSU,HyperChange,UCL-F-8nxFtFZ4M3RWkGn6Qw,AAPL,Alphabet,buy,2024-02-13,2024-02-13,external_provider,data/exports/research_grade_analysis/05_event_timeline_dataset.csv,data/exports/final_paper_package/02_event_study_robustness_table.csv (aggregate); event-level canonical return file not committed,True,True,False,False,aggregate_only_no_event_membership_file,True,locked_event_manifest_from_committed_artifacts
locked_artifact_sample_v1_2026-05-16,1284,8TkQMAOSeSU,8TkQMAOSeSU,8TkQMAOSeSU,HyperChange,UCL-F-8nxFtFZ4M3RWkGn6Qw,AAPL,Alphabet,buy,2024-02-13,2024-02-13,external_provider,data/exports/research_grade_analysis/05_event_timeline_dataset.csv,data/exports/final_paper_package/02_event_study_robustness_table.csv (aggregate); event-level canonical return file not committed,True,True,False,False,aggregate_only_no_event_membership_file,True,locked_event_manifest_from_committed_artifacts
locked_artifact_sample_v1_2026-05-16,1285,8TkQMAOSeSU,8TkQMAOSeSU,8TkQMAOSeSU,HyperChange,UCL-F-8nxFtFZ4M3RWkGn6Qw,AAPL,Alphabet,sell,2024-02-13,2024-02-13,external_provider,data/exports/research_grade_analysis/05_event_timeline_dataset.csv,data/exports/final_paper_package/02_event_study_robustness_table.csv (aggregate); event-level canonical return file not committed,True,True,False,False,aggregate_only_no_event_membership_file,True,locked_event_manifest_from_committed_artifacts
locked_artifact_sample_v1_2026-05-16,1286,8TkQMAOSeSU,8TkQMAOSeSU,8TkQMAOSeSU,HyperChange,UC7r4-nZ4icT8SIcnisXFSHQ,AAPL,,buy,2024-02-13,2024-02-13,external_provider,data/exports/research_grade_analysis/05_event_timeline_dataset.csv,data/exports/final_paper_package/02_event_study_robustness_table.csv (aggregate); event-level canonical return file not committed,True,True,False,False,aggregate_only_no_event_membership_file,True,locked_event_manifest_from_committed_artifacts
locked_artifact_sample_v1_2026-05-16,1287,8TkQMAOSeSU,8TkQMAOSeSU,8TkQMAOSeSU,HyperChange,UCC7xhD0o7FBHdKXZxMRFspQ,MSFT,,buy,2024-02-13,2024-02-13,external_provider,data/exports/research_grade_analysis/05_event_timeline_dataset.csv,data/exports/final_paper_package/02_event_study_robustness_table.csv (aggregate); event-level canonical return file not committed,True,True,False,True,aggregate_only_no_event_membership_file,True,locked_event_manifest_from_committed_artifacts
locked_artifact_sample_v1_2026-05-16,1288,8TkQMAOSeSU,8TkQMAOSeSU,8TkQMAOSeSU,HyperChange,UCC7xhD0o7FBHdKXZxMRFspQ,NVDA,,buy,2024-02-13,2024-02-13,external_provider,data/exports/research_grade_analysis/05_event_timeline_dataset.csv,data/exports/final_paper_package/02_event_study_robustness_table.csv (aggregate); event-level canonical return file not committed,True,False,False,True,aggregate_only_no_event_membership_file,True,locked_event_manifest_from_committed_artifacts
locked_artifact_sample_v1_2026-05-16,1289,4uMukGPVwfs,4uMukGPVwfs,4uMukGPVwfs,HyperChange,UCC7xhD0o7FBHdKXZxMRFspQ,TSLA,Apple,buy,2024-12-16,2024-12-16,external_provider,data/exports/research_grade_analysis/05_event_timeline_dataset.csv,data/exports/final_paper_package/02_event_study_robustness_table.csv (aggregate); event-level canonical return file not committed,True,True,False,True,aggregate_only_no_event_membership_file,True,locked_event_manifest_from_committed_artifacts
locked_artifact_sample_v1_2026-05-16,1290,VUdL13x5WJ4,VUdL13x5WJ4,VUdL13x5WJ4,Financial Education,UCrGLm-Drgv0vbbemwwHeXJw,AMD,Nvidia,buy,2025-06-13,2025-06-13,external_provider,data/exports/research_grade_analysis/05_event_timeline_dataset.csv,data/exports/final_paper_package/02_event_study_robustness_table.csv (aggregate); event-level canonical return file not committed,True,True,False,True,aggregate_only_no_event_membership_file,True,locked_event_manifest_from_committed_artifacts
locked_artifact_sample_v1_2026-05-16,1291,VUdL13x5WJ4,VUdL13x5WJ4,VUdL13x5WJ4,Financial Education,UCL-F-8nxFtFZ4M3RWkGn6Qw,AMD,Tesla,buy,2025-06-13,2025-06-13,external_provider,data/exports/research_grade_analysis/05_event_timeline_dataset.csv,data/exports/final_paper_package/02_event_study_robustness_table.csv (aggregate); event-level canonical return file not committed,True,True,False,False,aggregate_only_no_event_membership_file,True,locked_event_manifest_from_committed_artifacts
locked_artifact_sample_v1_2026-05-16,1292,VUdL13x5WJ4,VUdL13x5WJ4,VUdL13x5WJ4,Financial Education,UC7r4-nZ4icT8SIcnisXFSHQ,AMD,Tesla,sell,2025-06-13,2025-06-13,external_provider,data/exports/research_grade_analysis/05_event_timeline_dataset.csv,data/exports/final_paper_package/02_event_study_robustness_table.csv (aggregate); event-level canonical return file not committed,True,True,False,False,aggregate_only_no_event_membership_file,True,locked_event_manifest_from_committed_artifacts
locked_artifact_sample_v1_2026-05-16,1293,VKqFKUJAGhI,VKqFKUJAGhI,VKqFKUJAGhI,Financial Education,UCrGLm-Drgv0vbbemwwHeXJw,AMD,Alphabet,buy,2025-07-29,2025-07-29,external_provider,data/exports/research_grade_analysis/05_event_timeline_dataset.csv,data/exports/final_paper_package/02_event_study_robustness_table.csv (aggregate); event-level canonical return file not committed,True,False,False,True,aggregate_only_no_event_membership_file,True,locked_event_manifest_from_committed_artifacts
locked_artifact_sample_v1_2026-05-16,1294,VKqFKUJAGhI,VKqFKUJAGhI,VKqFKUJAGhI,Financial Education,UCrGLm-Drgv0vbbemwwHeXJw,SOFI,Alphabet,buy,2025-07-29,2025-07-29,external_provider,data/exports/research_grade_analysis/05_event_timeline_dataset.csv,data/exports/final_paper_package/02_event_study_robustness_table.csv (aggregate); event-level canonical return file not committed,True,False,False,True,aggregate_only_no_event_membership_file,True,locked_event_manifest_from_committed_artifacts
locked_artifact_sample_v1_2026-05-16,1295,VKqFKUJAGhI,VKqFKUJAGhI,VKqFKUJAGhI,Financial Education,UCrGLm-Drgv0vbbemwwHeXJw,AAPL,Nvidia,buy,2025-07-29,2025-07-29,external_provider,data/exports/research_grade_analysis/05_event_timeline_dataset.csv,data/exports/final_paper_package/02_event_study_robustness_table.csv (aggregate); event-level canonical return file not committed,True,False,False,True,aggregate_only_no_event_membership_file,True,locked_event_manifest_from_committed_artifacts
locked_artifact_sample_v1_2026-05-16,1296,Am6p8enFLNE,Am6p8enFLNE,Am6p8enFLNE,New Money,UCrGLm-Drgv0vbbemwwHeXJw,AAPL,,buy,2024-05-06,2024-05-06,external_provider,data/exports/research_grade_analysis/05_event_timeline_dataset.csv,data/exports/final_paper_package/02_event_study_robustness_table.csv (aggregate); event-level canonical return file not committed,True,False,False,True,aggregate_only_no_event_membership_file,True,locked_event_manifest_from_committed_artifacts
locked_artifact_sample_v1_2026-05-16,1297,Am6p8enFLNE,Am6p8enFLNE,Am6p8enFLNE,New Money,UCrGLm-Drgv0vbbemwwHeXJw,AAPL,,sell,2024-05-06,2024-05-06,external_provider,data/exports/research_grade_analysis/05_event_timeline_dataset.csv,data/exports/final_paper_package/02_event_study_robustness_table.csv (aggregate); event-level canonical return file not committed,True,False,False,False,aggregate_only_no_event_membership_file,True,locked_event_manifest_from_committed_artifacts
locked_artifact_sample_v1_2026-05-16,1298,Am6p8enFLNE,Am6p8enFLNE,Am6p8enFLNE,New Money,UCrGLm-Drgv0vbbemwwHeXJw,AAPL,PayPal,sell,2024-05-06,2024-05-06,external_provider,data/exports/research_grade_analysis/05_event_timeline_dataset.csv,data/exports/final_paper_package/02_event_study_robustness_table.csv (aggregate); event-level canonical return file not committed,True,False,False,False,aggregate_only_no_event_membership_file,True,locked_event_manifest_from_committed_artifacts
locked_artifact_sample_v1_2026-05-16,1299,Am6p8enFLNE,Am6p8enFLNE,Am6p8enFLNE,New Money,UCrGLm-Drgv0vbbemwwHeXJw,AAPL,Microsoft,sell,2024-05-06,2024-05-06,external_provider,data/exports/research_grade_analysis/05_event_timeline_dataset.csv,data/exports/final_paper_package/02_event_study_robustness_table.csv (aggregate); event-level canonical return file not committed,True,False,False,False,aggregate_only_no_event_membership_file,True,locked_event_manifest_from_committed_artifacts
locked_artifact_sample_v1_2026-05-16,1300,QlMFDo4pY7c,QlMFDo4pY7c,QlMFDo4pY7c,New Money,UCrGLm-Drgv0vbbemwwHeXJw,DIS,Meta,buy,2023-03-07,2023-03-07,external_provider,data/exports/research_grade_analysis/05_event_timeline_dataset.csv,data/exports/final_paper_package/02_event_study_robustness_table.csv (aggregate); event-level canonical return file not committed,True,False,False,True,aggregate_only_no_event_membership_file,True,locked_event_manifest_from_committed_artifacts
locked_artifact_sample_v1_2026-05-16,1301,QlMFDo4pY7c,QlMFDo4pY7c,QlMFDo4pY7c,New Money,UCrGLm-Drgv0vbbemwwHeXJw,MSFT,Meta,buy,2023-03-07,2023-03-07,external_provider,data/exports/research_grade_analysis/05_event_timeline_dataset.csv,data/exports/final_paper_package/02_event_study_robustness_table.csv (aggregate); event-level canonical return file not committed,True,True,False,True,aggregate_only_no_event_membership_file,True,locked_event_manifest_from_committed_artifacts
locked_artifact_sample_v1_2026-05-16,1302,QlMFDo4pY7c,QlMFDo4pY7c,QlMFDo4pY7c,New Money,UCgCh-2AfEBtWrNBC2OoNQYg,AMZN,Microsoft,buy,2023-03-07,2023-03-07,external_provider,data/exports/research_grade_analysis/05_event_timeline_dataset.csv,data/exports/final_paper_package/02_event_study_robustness_table.csv (aggregate); event-level canonical return file not committed,True,True,False,True,aggregate_only_no_event_membership_file,True,locked_event_manifest_from_committed_artifacts
locked_artifact_sample_v1_2026-05-16,1303,QlMFDo4pY7c,QlMFDo4pY7c,QlMFDo4pY7c,New Money,UCC7xhD0o7FBHdKXZxMRFspQ,GOOGL,Tesla,buy,2023-03-07,2023-03-07,external_provider,data/exports/research_grade_analysis/05_event_timeline_dataset.csv,data/exports/final_paper_package/02_event_study_robustness_table.csv (aggregate); event-level canonical return file not committed,True,True,False,True,aggregate_only_no_event_membership_file,True,locked_event_manifest_from_committed_artifacts
locked_artifact_sample_v1_2026-05-16,1304,R3icAh9z77s,R3icAh9z77s,R3icAh9z77s,Financial Education,UCrGLm-Drgv0vbbemwwHeXJw,AMD,Alphabet,buy,2025-08-06,2025-08-06,external_provider,data/exports/research_grade_analysis/05_event_timeline_dataset.csv,data/exports/final_paper_package/02_event_study_robustness_table.csv (aggregate); event-level canonical return file not committed,True,False,False,True,aggregate_only_no_event_membership_file,True,locked_event_manifest_from_committed_artifacts
locked_artifact_sample_v1_2026-05-16,1305,R3icAh9z77s,R3icAh9z77s,R3icAh9z77s,Financial Education,UCrGLm-Drgv0vbbemwwHeXJw,NVDA,PayPal,buy,2025-08-06,2025-08-06,external_provider,data/exports/research_grade_analysis/05_event_timeline_dataset.csv,data/exports/final_paper_package/02_event_study_robustness_table.csv (aggregate); event-level canonical return file not committed,True,False,False,True,aggregate_only_no_event_membership_file,True,locked_event_manifest_from_committed_artifacts
locked_artifact_sample_v1_2026-05-16,1306,zecjFAPHjVg,zecjFAPHjVg,zecjFAPHjVg,New Money,UCrGLm-Drgv0vbbemwwHeXJw,AAPL,PayPal,sell,2024-08-06,2024-08-06,external_provider,data/exports/research_grade_analysis/05_event_timeline_dataset.csv,data/exports/final_paper_package/02_event_study_robustness_table.csv (aggregate); event-level canonical return file not committed,True,False,True,True,aggregate_only_no_event_membership_file,True,locked_event_manifest_from_committed_artifacts
locked_artifact_sample_v1_2026-05-16,1307,zecjFAPHjVg,zecjFAPHjVg,zecjFAPHjVg,New Money,UCrGLm-Drgv0vbbemwwHeXJw,AAPL,PayPal,buy,2024-08-06,2024-08-06,external_provider,data/exports/research_grade_analysis/05_event_timeline_dataset.csv,data/exports/final_paper_package/02_event_study_robustness_table.csv (aggregate); event-level canonical return file not committed,True,False,True,False,aggregate_only_no_event_membership_file,True,locked_event_manifest_from_committed_artifacts
locked_artifact_sample_v1_2026-05-16,1308,zecjFAPHjVg,zecjFAPHjVg,zecjFAPHjVg,New Money,UCrGLm-Drgv0vbbemwwHeXJw,AAPL,Meta,sell,2024-08-06,2024-08-06,external_provider,data/exports/research_grade_analysis/05_event_timeline_dataset.csv,data/exports/final_paper_package/02_event_study_robustness_table.csv (aggregate); event-level canonical return file not committed,True,False,True,False,aggregate_only_no_event_membership_file,True,locked_event_manifest_from_committed_artifacts
locked_artifact_sample_v1_2026-05-16,1309,bJxpE2Q1Vgk,bJxpE2Q1Vgk,bJxpE2Q1Vgk,New Money,UC7r4-nZ4icT8SIcnisXFSHQ,MSFT,PayPal,sell,2024-02-03,2024-02-05,external_provider,data/exports/research_grade_analysis/05_event_timeline_dataset.csv,data/exports/final_paper_package/02_event_study_robustness_table.csv (aggregate); event-level canonical return file not committed,True,False,True,True,aggregate_only_no_event_membership_file,True,locked_event_manifest_from_committed_artifacts
locked_artifact_sample_v1_2026-05-16,1310,XAsQRjjpma4,XAsQRjjpma4,XAsQRjjpma4,Financial Education,UCrTTBSUr0zhPU56UQljag5A,AMD,Tesla,sell,2025-10-20,2025-10-20,external_provider,data/exports/research_grade_analysis/05_event_timeline_dataset.csv,data/exports/final_paper_package/02_event_study_robustness_table.csv (aggregate); event-level canonical return file not committed,True,False,False,True,aggregate_only_no_event_membership_file,True,locked_event_manifest_from_committed_artifacts
locked_artifact_sample_v1_2026-05-16,1311,XAsQRjjpma4,XAsQRjjpma4,XAsQRjjpma4,Financial Education,UC5cEHfCr6WOE1R1zcohd1IA,AMZN,Tesla,sell,2025-10-20,2025-10-20,external_provider,data/exports/research_grade_analysis/05_event_timeline_dataset.csv,data/exports/final_paper_package/02_event_study_robustness_table.csv (aggregate); event-level canonical return file not committed,True,True,False,True,aggregate_only_no_event_membership_file,True,locked_event_manifest_from_committed_artifacts
locked_artifact_sample_v1_2026-05-16,1312,XAsQRjjpma4,XAsQRjjpma4,XAsQRjjpma4,Financial Education,UC5cEHfCr6WOE1R1zcohd1IA,NVDA,Tesla,sell,2025-10-20,2025-10-20,external_provider,data/exports/research_grade_analysis/05_event_timeline_dataset.csv,data/exports/final_paper_package/02_event_study_robustness_table.csv (aggregate); event-level canonical return file not committed,True,True,False,True,aggregate_only_no_event_membership_file,True,locked_event_manifest_from_committed_artifacts
locked_artifact_sample_v1_2026-05-16,1313,e9SQIJdpip4,e9SQIJdpip4,e9SQIJdpip4,New Money,UC5cEHfCr6WOE1R1zcohd1IA,AAPL,Tesla,buy,2024-05-27,2024-05-28,external_provider,data/exports/research_grade_analysis/05_event_timeline_dataset.csv,data/exports/final_paper_package/02_event_study_robustness_table.csv (aggregate); event-level canonical return file not committed,True,True,True,True,aggregate_only_no_event_membership_file,True,locked_event_manifest_from_committed_artifacts
locked_artifact_sample_v1_2026-05-16,1314,7l3hyQDvKuw,7l3hyQDvKuw,7l3hyQDvKuw,New Money,UC5cEHfCr6WOE1R1zcohd1IA,MSFT,Tesla,buy,2023-05-26,2023-05-26,external_provider,data/exports/research_grade_analysis/05_event_timeline_dataset.csv,data/exports/final_paper_package/02_event_study_robustness_table.csv (aggregate); event-level canonical return file not committed,True,True,False,True,aggregate_only_no_event_membership_file,True,locked_event_manifest_from_committed_artifacts
locked_artifact_sample_v1_2026-05-16,1315,7l3hyQDvKuw,7l3hyQDvKuw,7l3hyQDvKuw,New Money,UC5cEHfCr6WOE1R1zcohd1IA,AMZN,Tesla,buy,2023-05-26,2023-05-26,external_provider,data/exports/research_grade_analysis/05_event_timeline_dataset.csv,data/exports/final_paper_package/02_event_study_robustness_table.csv (aggregate); event-level canonical return file not committed,True,False,False,True,aggregate_only_no_event_membership_file,True,locked_event_manifest_from_committed_artifacts
locked_artifact_sample_v1_2026-05-16,1316,7l3hyQDvKuw,7l3hyQDvKuw,7l3hyQDvKuw,New Money,UC5cEHfCr6WOE1R1zcohd1IA,AMZN,Tesla,buy,2023-05-26,2023-05-26,external_provider,data/exports/research_grade_analysis/05_event_timeline_dataset.csv,data/exports/final_paper_package/02_event_study_robustness_table.csv (aggregate); event-level canonical return file not committed,True,False,False,False,aggregate_only_no_event_membership_file,True,locked_event_manifest_from_committed_artifacts
locked_artifact_sample_v1_2026-05-16,1317,7l3hyQDvKuw,7l3hyQDvKuw,7l3hyQDvKuw,New Money,UC5cEHfCr6WOE1R1zcohd1IA,GOOGL,Tesla,sell,2023-05-26,2023-05-26,external_provider,data/exports/research_grade_analysis/05_event_timeline_dataset.csv,data/exports/final_paper_package/02_event_study_robustness_table.csv (aggregate); event-level canonical return file not committed,True,True,False,True,aggregate_only_no_event_membership_file,True,locked_event_manifest_from_committed_artifacts
locked_artifact_sample_v1_2026-05-16,1318,Ui8wrQFniL0,Ui8wrQFniL0,Ui8wrQFniL0,Financial Education,UC5cEHfCr6WOE1R1zcohd1IA,AMD,Tesla,buy,2025-11-25,2025-11-25,external_provider,data/exports/research_grade_analysis/05_event_timeline_dataset.csv,data/exports/final_paper_package/02_event_study_robustness_table.csv (aggregate); event-level canonical return file not committed,True,True,False,True,aggregate_only_no_event_membership_file,True,locked_event_manifest_from_committed_artifacts
locked_artifact_sample_v1_2026-05-16,1319,Ui8wrQFniL0,Ui8wrQFniL0,Ui8wrQFniL0,Financial Education,UC5cEHfCr6WOE1R1zcohd1IA,AMD,Nvidia,buy,2025-11-25,2025-11-25,external_provider,data/exports/research_grade_analysis/05_event_timeline_dataset.csv,data/exports/final_paper_package/02_event_study_robustness_table.csv (aggregate); event-level canonical return file not committed,True,True,False,False,aggregate_only_no_event_membership_file,True,locked_event_manifest_from_committed_artifacts
locked_artifact_sample_v1_2026-05-16,1320,Ui8wrQFniL0,Ui8wrQFniL0,Ui8wrQFniL0,Financial Education,UC5cEHfCr6WOE1R1zcohd1IA,AMD,Amazon,buy,2025-11-25,2025-11-25,external_provider,data/exports/research_grade_analysis/05_event_timeline_dataset.csv,data/exports/final_paper_package/02_event_study_robustness_table.csv (aggregate); event-level canonical return file not committed,True,True,False,False,aggregate_only_no_event_membership_file,True,locked_event_manifest_from_committed_artifacts
locked_artifact_sample_v1_2026-05-16,1321,Ui8wrQFniL0,Ui8wrQFniL0,Ui8wrQFniL0,Financial Education,UCwKB_00dPL3x5XmHF9IJCrg,AMD,Netflix,buy,2025-11-25,2025-11-25,external_provider,data/exports/research_grade_analysis/05_event_timeline_dataset.csv,data/exports/final_paper_package/02_event_study_robustness_table.csv (aggregate); event-level canonical return file not committed,True,True,False,False,aggregate_only_no_event_membership_file,True,locked_event_manifest_from_committed_artifacts
locked_artifact_sample_v1_2026-05-16,1322,Ui8wrQFniL0,Ui8wrQFniL0,Ui8wrQFniL0,Financial Education,UCwKB_00dPL3x5XmHF9IJCrg,AMD,Netflix,buy,2025-11-25,2025-11-25,external_provider,data/exports/research_grade_analysis/05_event_timeline_dataset.csv,data/exports/final_paper_package/02_event_study_robustness_table.csv (aggregate); event-level canonical return file not committed,True,True,False,False,aggregate_only_no_event_membership_file,True,locked_event_manifest_from_committed_artifacts
locked_artifact_sample_v1_2026-05-16,1323,Ui8wrQFniL0,Ui8wrQFniL0,Ui8wrQFniL0,Financial Education,UCC7xhD0o7FBHdKXZxMRFspQ,GOOGL,Nvidia,buy,2025-11-25,2025-11-25,external_provider,data/exports/research_grade_analysis/05_event_timeline_dataset.csv,data/exports/final_paper_package/02_event_study_robustness_table.csv (aggregate); event-level canonical return file not committed,True,True,False,True,aggregate_only_no_event_membership_file,True,locked_event_manifest_from_committed_artifacts
locked_artifact_sample_v1_2026-05-16,1324,Ui8wrQFniL0,Ui8wrQFniL0,Ui8wrQFniL0,Financial Education,UCC7xhD0o7FBHdKXZxMRFspQ,GOOGL,,buy,2025-11-25,2025-11-25,external_provider,data/exports/research_grade_analysis/05_event_timeline_dataset.csv,data/exports/final_paper_package/02_event_study_robustness_table.csv (aggregate); event-level canonical return file not committed,True,True,False,False,aggregate_only_no_event_membership_file,True,locked_event_manifest_from_committed_artifacts
locked_artifact_sample_v1_2026-05-16,1325,Ui8wrQFniL0,Ui8wrQFniL0,Ui8wrQFniL0,Financial Education,UCC7xhD0o7FBHdKXZxMRFspQ,META,,buy,2025-11-25,2025-11-25,external_provider,data/exports/research_grade_analysis/05_event_timeline_dataset.csv,data/exports/final_paper_package/02_event_study_robustness_table.csv (aggregate); event-level canonical return file not committed,True,True,False,True,aggregate_only_no_event_membership_file,True,locked_event_manifest_from_committed_artifacts
locked_artifact_sample_v1_2026-05-16,1326,Ui8wrQFniL0,Ui8wrQFniL0,Ui8wrQFniL0,Financial Education,UCC7xhD0o7FBHdKXZxMRFspQ,META,Amazon,buy,2025-11-25,2025-11-25,external_provider,data/exports/research_grade_analysis/05_event_timeline_dataset.csv,data/exports/final_paper_package/02_event_study_robustness_table.csv (aggregate); event-level canonical return file not committed,True,True,False,False,aggregate_only_no_event_membership_file,True,locked_event_manifest_from_committed_artifacts
locked_artifact_sample_v1_2026-05-16,1327,uP6u9wkd_sw,uP6u9wkd_sw,uP6u9wkd_sw,Financial Education,UCC7xhD0o7FBHdKXZxMRFspQ,AMD,Uber,buy,2025-12-09,2025-12-09,external_provider,data/exports/research_grade_analysis/05_event_timeline_dataset.csv,data/exports/final_paper_package/02_event_study_robustness_table.csv (aggregate); event-level canonical return file not committed,True,False,False,True,aggregate_only_no_event_membership_file,True,locked_event_manifest_from_committed_artifacts
locked_artifact_sample_v1_2026-05-16,1328,uP6u9wkd_sw,uP6u9wkd_sw,uP6u9wkd_sw,Financial Education,UCC7xhD0o7FBHdKXZxMRFspQ,AMD,Alphabet,buy,2025-12-09,2025-12-09,external_provider,data/exports/research_grade_analysis/05_event_timeline_dataset.csv,data/exports/final_paper_package/02_event_study_robustness_table.csv (aggregate); event-level canonical return file not committed,True,False,False,False,aggregate_only_no_event_membership_file,True,locked_event_manifest_from_committed_artifacts
locked_artifact_sample_v1_2026-05-16,1329,uP6u9wkd_sw,uP6u9wkd_sw,uP6u9wkd_sw,Financial Education,UCC7xhD0o7FBHdKXZxMRFspQ,NFLX,Alphabet,buy,2025-12-09,2025-12-09,external_provider,data/exports/research_grade_analysis/05_event_timeline_dataset.csv,data/exports/final_paper_package/02_event_study_robustness_table.csv (aggregate); event-level canonical return file not committed,True,False,False,True,aggregate_only_no_event_membership_file,True,locked_event_manifest_from_committed_artifacts
locked_artifact_sample_v1_2026-05-16,1330,uP6u9wkd_sw,uP6u9wkd_sw,uP6u9wkd_sw,Financial Education,UCC7xhD0o7FBHdKXZxMRFspQ,NVDA,,buy,2025-12-09,2025-12-09,external_provider,data/exports/research_grade_analysis/05_event_timeline_dataset.csv,data/exports/final_paper_package/02_event_study_robustness_table.csv (aggregate); event-level canonical return file not committed,True,True,False,True,aggregate_only_no_event_membership_file,True,locked_event_manifest_from_committed_artifacts
locked_artifact_sample_v1_2026-05-16,1331,uP6u9wkd_sw,uP6u9wkd_sw,uP6u9wkd_sw,Financial Education,UC7r4-nZ4icT8SIcnisXFSHQ,NVDA,Microsoft,buy,2025-12-09,2025-12-09,external_provider,data/exports/research_grade_analysis/05_event_timeline_dataset.csv,data/exports/final_paper_package/02_event_study_robustness_table.csv (aggregate); event-level canonical return file not committed,True,True,False,False,aggregate_only_no_event_membership_file,True,locked_event_manifest_from_committed_artifacts
locked_artifact_sample_v1_2026-05-16,1332,rcrH-op51Lc,rcrH-op51Lc,rcrH-op51Lc,HyperChange,UC7r4-nZ4icT8SIcnisXFSHQ,TSLA,Microsoft,buy,2021-12-05,2021-12-06,external_provider,data/exports/research_grade_analysis/05_event_timeline_dataset.csv,data/exports/final_paper_package/02_event_study_robustness_table.csv (aggregate); event-level canonical return file not committed,True,False,True,True,aggregate_only_no_event_membership_file,True,locked_event_manifest_from_committed_artifacts
locked_artifact_sample_v1_2026-05-16,1333,rcrH-op51Lc,rcrH-op51Lc,rcrH-op51Lc,HyperChange,UC7r4-nZ4icT8SIcnisXFSHQ,TSLA,Amazon,sell,2021-12-05,2021-12-06,external_provider,data/exports/research_grade_analysis/05_event_timeline_dataset.csv,data/exports/final_paper_package/02_event_study_robustness_table.csv (aggregate); event-level canonical return file not committed,True,False,True,False,aggregate_only_no_event_membership_file,True,locked_event_manifest_from_committed_artifacts
locked_artifact_sample_v1_2026-05-16,1334,rcrH-op51Lc,rcrH-op51Lc,rcrH-op51Lc,HyperChange,UC7r4-nZ4icT8SIcnisXFSHQ,TSLA,Tesla,buy,2021-12-05,2021-12-06,external_provider,data/exports/research_grade_analysis/05_event_timeline_dataset.csv,data/exports/final_paper_package/02_event_study_robustness_table.csv (aggregate); event-level canonical return file not committed,True,False,True,False,aggregate_only_no_event_membership_file,True,locked_event_manifest_from_committed_artifacts
locked_artifact_sample_v1_2026-05-16,1335,rcrH-op51Lc,rcrH-op51Lc,rcrH-op51Lc,HyperChange,UC7r4-nZ4icT8SIcnisXFSHQ,TSLA,Netflix,sell,2021-12-05,2021-12-06,external_provider,data/exports/research_grade_analysis/05_event_timeline_dataset.csv,data/exports/final_paper_package/02_event_study_robustness_table.csv (aggregate); event-level canonical return file not committed,True,False,True,False,aggregate_only_no_event_membership_file,True,locked_event_manifest_from_committed_artifacts
locked_artifact_sample_v1_2026-05-16,1336,rcrH-op51Lc,rcrH-op51Lc,rcrH-op51Lc,HyperChange,UCC7xhD0o7FBHdKXZxMRFspQ,TSLA,Nvidia,buy,2021-12-05,2021-12-06,external_provider,data/exports/research_grade_analysis/05_event_timeline_dataset.csv,data/exports/final_paper_package/02_event_study_robustness_table.csv (aggregate); event-level canonical return file not committed,True,False,True,False,aggregate_only_no_event_membership_file,True,locked_event_manifest_from_committed_artifacts
locked_artifact_sample_v1_2026-05-16,1337,rcrH-op51Lc,rcrH-op51Lc,rcrH-op51Lc,HyperChange,UCC7xhD0o7FBHdKXZxMRFspQ,TSLA,Microsoft,sell,2021-12-05,2021-12-06,external_provider,data/exports/research_grade_analysis/05_event_timeline_dataset.csv,data/exports/final_paper_package/02_event_study_robustness_table.csv (aggregate); event-level canonical return file not committed,True,False,True,False,aggregate_only_no_event_membership_file,True,locked_event_manifest_from_committed_artifacts
locked_artifact_sample_v1_2026-05-16,1338,rcrH-op51Lc,rcrH-op51Lc,rcrH-op51Lc,HyperChange,UCC7xhD0o7FBHdKXZxMRFspQ,TSLA,Microsoft,sell,2021-12-05,2021-12-06,external_provider,data/exports/research_grade_analysis/05_event_timeline_dataset.csv,data/exports/final_paper_package/02_event_study_robustness_table.csv (aggregate); event-level canonical return file not committed,True,False,True,False,aggregate_only_no_event_membership_file,True,locked_event_manifest_from_committed_artifacts
locked_artifact_sample_v1_2026-05-16,1339,_eWsP_5tlp8,_eWsP_5tlp8,_eWsP_5tlp8,Financial Education,UCC7xhD0o7FBHdKXZxMRFspQ,AMD,Apple,buy,2025-12-11,2025-12-11,external_provider,data/exports/research_grade_analysis/05_event_timeline_dataset.csv,data/exports/final_paper_package/02_event_study_robustness_table.csv (aggregate); event-level canonical return file not committed,True,False,False,True,aggregate_only_no_event_membership_file,True,locked_event_manifest_from_committed_artifacts
locked_artifact_sample_v1_2026-05-16,1340,_eWsP_5tlp8,_eWsP_5tlp8,_eWsP_5tlp8,Financial Education,UCC7xhD0o7FBHdKXZxMRFspQ,AMD,Apple,buy,2025-12-11,2025-12-11,external_provider,data/exports/research_grade_analysis/05_event_timeline_dataset.csv,data/exports/final_paper_package/02_event_study_robustness_table.csv (aggregate); event-level canonical return file not committed,True,False,False,False,aggregate_only_no_event_membership_file,True,locked_event_manifest_from_committed_artifacts
locked_artifact_sample_v1_2026-05-16,1341,L-g2YwTq6RY,L-g2YwTq6RY,L-g2YwTq6RY,New Money,UCC7xhD0o7FBHdKXZxMRFspQ,AAPL,Uber,buy,2023-11-18,2023-11-20,external_provider,data/exports/research_grade_analysis/05_event_timeline_dataset.csv,data/exports/final_paper_package/02_event_study_robustness_table.csv (aggregate); event-level canonical return file not committed,True,True,True,True,aggregate_only_no_event_membership_file,True,locked_event_manifest_from_committed_artifacts
locked_artifact_sample_v1_2026-05-16,1342,idxW9VGdXoA,idxW9VGdXoA,idxW9VGdXoA,New Money,UC5cEHfCr6WOE1R1zcohd1IA,NVDA,,sell,2024-03-17,2024-03-18,external_provider,data/exports/research_grade_analysis/05_event_timeline_dataset.csv,data/exports/final_paper_package/02_event_study_robustness_table.csv (aggregate); event-level canonical return file not committed,True,False,True,True,aggregate_only_no_event_membership_file,True,locked_event_manifest_from_committed_artifacts
locked_artifact_sample_v1_2026-05-16,1343,idxW9VGdXoA,idxW9VGdXoA,idxW9VGdXoA,New Money,UC5cEHfCr6WOE1R1zcohd1IA,TSLA,,buy,2024-03-17,2024-03-18,external_provider,data/exports/research_grade_analysis/05_event_timeline_dataset.csv,data/exports/final_paper_package/02_event_study_robustness_table.csv (aggregate); event-level canonical return file not committed,True,True,True,True,aggregate_only_no_event_membership_file,True,locked_event_manifest_from_committed_artifacts
locked_artifact_sample_v1_2026-05-16,1344,idxW9VGdXoA,idxW9VGdXoA,idxW9VGdXoA,New Money,UC5cEHfCr6WOE1R1zcohd1IA,TSLA,,buy,2024-03-17,2024-03-18,external_provider,data/exports/research_grade_analysis/05_event_timeline_dataset.csv,data/exports/final_paper_package/02_event_study_robustness_table.csv (aggregate); event-level canonical return file not committed,True,True,True,False,aggregate_only_no_event_membership_file,True,locked_event_manifest_from_committed_artifacts
locked_artifact_sample_v1_2026-05-16,1345,p2dAB-GdG-0,p2dAB-GdG-0,p2dAB-GdG-0,Joseph Carlson,UC5cEHfCr6WOE1R1zcohd1IA,AAPL,,buy,2023-09-13,2023-09-13,external_provider,data/exports/research_grade_analysis/05_event_timeline_dataset.csv,data/exports/final_paper_package/02_event_study_robustness_table.csv (aggregate); event-level canonical return file not committed,True,True,False,True,aggregate_only_no_event_membership_file,True,locked_event_manifest_from_committed_artifacts
locked_artifact_sample_v1_2026-05-16,1346,p2dAB-GdG-0,p2dAB-GdG-0,p2dAB-GdG-0,Joseph Carlson,UC5cEHfCr6WOE1R1zcohd1IA,AAPL,Palantir,buy,2023-09-13,2023-09-13,external_provider,data/exports/research_grade_analysis/05_event_timeline_dataset.csv,data/exports/final_paper_package/02_event_study_robustness_table.csv (aggregate); event-level canonical return file not committed,True,True,False,False,aggregate_only_no_event_membership_file,True,locked_event_manifest_from_committed_artifacts
locked_artifact_sample_v1_2026-05-16,1347,p2dAB-GdG-0,p2dAB-GdG-0,p2dAB-GdG-0,Joseph Carlson,UC5cEHfCr6WOE1R1zcohd1IA,AAPL,Nvidia,buy,2023-09-13,2023-09-13,external_provider,data/exports/research_grade_analysis/05_event_timeline_dataset.csv,data/exports/final_paper_package/02_event_study_robustness_table.csv (aggregate); event-level canonical return file not committed,True,True,False,False,aggregate_only_no_event_membership_file,True,locked_event_manifest_from_committed_artifacts
locked_artifact_sample_v1_2026-05-16,1348,p2dAB-GdG-0,p2dAB-GdG-0,p2dAB-GdG-0,Joseph Carlson,UC5cEHfCr6WOE1R1zcohd1IA,AAPL,Nvidia,buy,2023-09-13,2023-09-13,external_provider,data/exports/research_grade_analysis/05_event_timeline_dataset.csv,data/exports/final_paper_package/02_event_study_robustness_table.csv (aggregate); event-level canonical return file not committed,True,True,False,False,aggregate_only_no_event_membership_file,True,locked_event_manifest_from_committed_artifacts
locked_artifact_sample_v1_2026-05-16,1349,p2dAB-GdG-0,p2dAB-GdG-0,p2dAB-GdG-0,Joseph Carlson,UC5cEHfCr6WOE1R1zcohd1IA,AAPL,Palantir,buy,2023-09-13,2023-09-13,external_provider,data/exports/research_grade_analysis/05_event_timeline_dataset.csv,data/exports/final_paper_package/02_event_study_robustness_table.csv (aggregate); event-level canonical return file not committed,True,True,False,False,aggregate_only_no_event_membership_file,True,locked_event_manifest_from_committed_artifacts
locked_artifact_sample_v1_2026-05-16,1350,p2dAB-GdG-0,p2dAB-GdG-0,p2dAB-GdG-0,Joseph Carlson,UC5cEHfCr6WOE1R1zcohd1IA,AAPL,Palantir,buy,2023-09-13,2023-09-13,external_provider,data/exports/research_grade_analysis/05_event_timeline_dataset.csv,data/exports/final_paper_package/02_event_study_robustness_table.csv (aggregate); event-level canonical return file not committed,True,True,False,False,aggregate_only_no_event_membership_file,True,locked_event_manifest_from_committed_artifacts
locked_artifact_sample_v1_2026-05-16,1351,p2dAB-GdG-0,p2dAB-GdG-0,p2dAB-GdG-0,Joseph Carlson,UC5cEHfCr6WOE1R1zcohd1IA,AAPL,Palantir,buy,2023-09-13,2023-09-13,external_provider,data/exports/research_grade_analysis/05_event_timeline_dataset.csv,data/exports/final_paper_package/02_event_study_robustness_table.csv (aggregate); event-level canonical return file not committed,True,True,False,False,aggregate_only_no_event_membership_file,True,locked_event_manifest_from_committed_artifacts
locked_artifact_sample_v1_2026-05-16,1352,a39gLDh1qOM,a39gLDh1qOM,a39gLDh1qOM,ZipTrader,UC5cEHfCr6WOE1R1zcohd1IA,NVDA,Meta,buy,2024-02-21,2024-02-21,external_provider,data/exports/research_grade_analysis/05_event_timeline_dataset.csv,data/exports/final_paper_package/02_event_study_robustness_table.csv (aggregate); event-level canonical return file not committed,True,False,False,True,aggregate_only_no_event_membership_file,True,locked_event_manifest_from_committed_artifacts
locked_artifact_sample_v1_2026-05-16,1353,WHqzBSjTn8U,WHqzBSjTn8U,WHqzBSjTn8U,Joseph Carlson,UC5cEHfCr6WOE1R1zcohd1IA,MSFT,Alphabet,buy,2023-11-08,2023-11-08,external_provider,data/exports/research_grade_analysis/05_event_timeline_dataset.csv,data/exports/final_paper_package/02_event_study_robustness_table.csv (aggregate); event-level canonical return file not committed,True,False,False,True,aggregate_only_no_event_membership_file,True,locked_event_manifest_from_committed_artifacts
locked_artifact_sample_v1_2026-05-16,1354,WHqzBSjTn8U,WHqzBSjTn8U,WHqzBSjTn8U,Joseph Carlson,UC7r4-nZ4icT8SIcnisXFSHQ,MSFT,Nvidia,buy,2023-11-08,2023-11-08,external_provider,data/exports/research_grade_analysis/05_event_timeline_dataset.csv,data/exports/final_paper_package/02_event_study_robustness_table.csv (aggregate); event-level canonical return file not committed,True,False,False,False,aggregate_only_no_event_membership_file,True,locked_event_manifest_from_committed_artifacts
locked_artifact_sample_v1_2026-05-16,1355,UCNZet0b_LE,UCNZet0b_LE,UCNZet0b_LE,Bloomberg Television,UCL-F-8nxFtFZ4M3RWkGn6Qw,NVDA,Amazon,buy,2026-05-06,2026-05-06,external_provider,data/exports/research_grade_analysis/05_event_timeline_dataset.csv,data/exports/final_paper_package/02_event_study_robustness_table.csv (aggregate); event-level canonical return file not committed,True,False,False,True,aggregate_only_no_event_membership_file,True,recent_intraday_diagnostic_available
locked_artifact_sample_v1_2026-05-16,1356,UCNZet0b_LE,UCNZet0b_LE,UCNZet0b_LE,Bloomberg Television,UCrGLm-Drgv0vbbemwwHeXJw,NVDA,SoFi,buy,2026-05-06,2026-05-06,external_provider,data/exports/research_grade_analysis/05_event_timeline_dataset.csv,data/exports/final_paper_package/02_event_study_robustness_table.csv (aggregate); event-level canonical return file not committed,True,False,False,False,aggregate_only_no_event_membership_file,True,recent_intraday_diagnostic_available
locked_artifact_sample_v1_2026-05-16,1357,h3IyIxsBlWg,h3IyIxsBlWg,h3IyIxsBlWg,Kenan Grace,UC7r4-nZ4icT8SIcnisXFSHQ,UBER,Nvidia,buy,2025-09-12,2025-09-12,external_provider,data/exports/research_grade_analysis/05_event_timeline_dataset.csv,data/exports/final_paper_package/02_event_study_robustness_table.csv (aggregate); event-level canonical return file not committed,True,False,False,True,aggregate_only_no_event_membership_file,True,locked_event_manifest_from_committed_artifacts
locked_artifact_sample_v1_2026-05-16,1358,W076zJiNRzc,W076zJiNRzc,W076zJiNRzc,ZipTrader,UCC7xhD0o7FBHdKXZxMRFspQ,NVDA,,buy,2024-02-26,2024-02-26,external_provider,data/exports/research_grade_analysis/05_event_timeline_dataset.csv,data/exports/final_paper_package/02_event_study_robustness_table.csv (aggregate); event-level canonical return file not committed,True,False,False,True,aggregate_only_no_event_membership_file,True,locked_event_manifest_from_committed_artifacts
locked_artifact_sample_v1_2026-05-16,1359,W076zJiNRzc,W076zJiNRzc,W076zJiNRzc,ZipTrader,UCC7xhD0o7FBHdKXZxMRFspQ,NVDA,Amazon,buy,2024-02-26,2024-02-26,external_provider,data/exports/research_grade_analysis/05_event_timeline_dataset.csv,data/exports/final_paper_package/02_event_study_robustness_table.csv (aggregate); event-level canonical return file not committed,True,False,False,False,aggregate_only_no_event_membership_file,True,locked_event_manifest_from_committed_artifacts
locked_artifact_sample_v1_2026-05-16,1360,W076zJiNRzc,W076zJiNRzc,W076zJiNRzc,ZipTrader,UCC7xhD0o7FBHdKXZxMRFspQ,AMD,Amazon,buy,2024-02-26,2024-02-26,external_provider,data/exports/research_grade_analysis/05_event_timeline_dataset.csv,data/exports/final_paper_package/02_event_study_robustness_table.csv (aggregate); event-level canonical return file not committed,True,False,False,True,aggregate_only_no_event_membership_file,True,locked_event_manifest_from_committed_artifacts
locked_artifact_sample_v1_2026-05-16,1361,W076zJiNRzc,W076zJiNRzc,W076zJiNRzc,ZipTrader,UCC7xhD0o7FBHdKXZxMRFspQ,AMD,Amazon,sell,2024-02-26,2024-02-26,external_provider,data/exports/research_grade_analysis/05_event_timeline_dataset.csv,data/exports/final_paper_package/02_event_study_robustness_table.csv (aggregate); event-level canonical return file not committed,True,False,False,False,aggregate_only_no_event_membership_file,True,locked_event_manifest_from_committed_artifacts
locked_artifact_sample_v1_2026-05-16,1362,W076zJiNRzc,W076zJiNRzc,W076zJiNRzc,ZipTrader,UCC7xhD0o7FBHdKXZxMRFspQ,AMD,Nvidia,buy,2024-02-26,2024-02-26,external_provider,data/exports/research_grade_analysis/05_event_timeline_dataset.csv,data/exports/final_paper_package/02_event_study_robustness_table.csv (aggregate); event-level canonical return file not committed,True,False,False,False,aggregate_only_no_event_membership_file,True,locked_event_manifest_from_committed_artifacts
locked_artifact_sample_v1_2026-05-16,1363,DicVJpvazRI,DicVJpvazRI,DicVJpvazRI,Joseph Carlson,UCC7xhD0o7FBHdKXZxMRFspQ,AAPL,PayPal,buy,2023-04-14,2023-04-14,external_provider,data/exports/research_grade_analysis/05_event_timeline_dataset.csv,data/exports/final_paper_package/02_event_study_robustness_table.csv (aggregate); event-level canonical return file not committed,True,True,False,True,aggregate_only_no_event_membership_file,True,locked_event_manifest_from_committed_artifacts
locked_artifact_sample_v1_2026-05-16,1364,DicVJpvazRI,DicVJpvazRI,DicVJpvazRI,Joseph Carlson,UCC7xhD0o7FBHdKXZxMRFspQ,AMZN,Nvidia,buy,2023-04-14,2023-04-14,external_provider,data/exports/research_grade_analysis/05_event_timeline_dataset.csv,data/exports/final_paper_package/02_event_study_robustness_table.csv (aggregate); event-level canonical return file not committed,True,False,False,True,aggregate_only_no_event_membership_file,True,locked_event_manifest_from_committed_artifacts
locked_artifact_sample_v1_2026-05-16,1365,-n1OBVi8zTw,-n1OBVi8zTw,-n1OBVi8zTw,Sasha Yanshin,UCC7xhD0o7FBHdKXZxMRFspQ,NFLX,Amazon,sell,2022-10-19,2022-10-19,external_provider,data/exports/research_grade_analysis/05_event_timeline_dataset.csv,data/exports/final_paper_package/02_event_study_robustness_table.csv (aggregate); event-level canonical return file not committed,True,True,False,True,aggregate_only_no_event_membership_file,True,locked_event_manifest_from_committed_artifacts
locked_artifact_sample_v1_2026-05-16,1366,-n1OBVi8zTw,-n1OBVi8zTw,-n1OBVi8zTw,Sasha Yanshin,UCrGLm-Drgv0vbbemwwHeXJw,NFLX,Netflix,buy,2022-10-19,2022-10-19,external_provider,data/exports/research_grade_analysis/05_event_timeline_dataset.csv,data/exports/final_paper_package/02_event_study_robustness_table.csv (aggregate); event-level canonical return file not committed,True,True,False,False,aggregate_only_no_event_membership_file,True,locked_event_manifest_from_committed_artifacts
locked_artifact_sample_v1_2026-05-16,1367,UQufws2hsEg,UQufws2hsEg,UQufws2hsEg,ZipTrader,UCrGLm-Drgv0vbbemwwHeXJw,NVDA,Tesla,buy,2024-03-05,2024-03-05,external_provider,data/exports/research_grade_analysis/05_event_timeline_dataset.csv,data/exports/final_paper_package/02_event_study_robustness_table.csv (aggregate); event-level canonical return file not committed,True,True,True,True,aggregate_only_no_event_membership_file,True,locked_event_manifest_from_committed_artifacts
locked_artifact_sample_v1_2026-05-16,1368,CmKN0xbLrZ0,CmKN0xbLrZ0,CmKN0xbLrZ0,ZipTrader,UC5cEHfCr6WOE1R1zcohd1IA,NVDA,Nvidia,buy,2024-03-22,2024-03-22,external_provider,data/exports/research_grade_analysis/05_event_timeline_dataset.csv,data/exports/final_paper_package/02_event_study_robustness_table.csv (aggregate); event-level canonical return file not committed,True,True,False,True,aggregate_only_no_event_membership_file,True,locked_event_manifest_from_committed_artifacts
locked_artifact_sample_v1_2026-05-16,1369,a_MZxP6WLdM,a_MZxP6WLdM,a_MZxP6WLdM,Joseph Carlson,UC5cEHfCr6WOE1R1zcohd1IA,AAPL,Nvidia,buy,2023-08-08,2023-08-08,external_provider,data/exports/research_grade_analysis/05_event_timeline_dataset.csv,data/exports/final_paper_package/02_event_study_robustness_table.csv (aggregate); event-level canonical return file not committed,True,False,False,True,aggregate_only_no_event_membership_file,True,locked_event_manifest_from_committed_artifacts
locked_artifact_sample_v1_2026-05-16,1370,FzESKTRUVIg,FzESKTRUVIg,FzESKTRUVIg,Sasha Yanshin,UC5cEHfCr6WOE1R1zcohd1IA,AMD,Nvidia,buy,2022-11-02,2022-11-02,external_provider,data/exports/research_grade_analysis/05_event_timeline_dataset.csv,data/exports/final_paper_package/02_event_study_robustness_table.csv (aggregate); event-level canonical return file not committed,True,False,False,True,aggregate_only_no_event_membership_file,True,locked_event_manifest_from_committed_artifacts
locked_artifact_sample_v1_2026-05-16,1371,FzESKTRUVIg,FzESKTRUVIg,FzESKTRUVIg,Sasha Yanshin,UCrTTBSUr0zhPU56UQljag5A,AMD,Apple,buy,2022-11-02,2022-11-02,external_provider,data/exports/research_grade_analysis/05_event_timeline_dataset.csv,data/exports/final_paper_package/02_event_study_robustness_table.csv (aggregate); event-level canonical return file not committed,True,False,False,False,aggregate_only_no_event_membership_file,True,locked_event_manifest_from_committed_artifacts
locked_artifact_sample_v1_2026-05-16,1372,vBPLZBDXuQ8,vBPLZBDXuQ8,vBPLZBDXuQ8,Kenan Grace,UCwKB_00dPL3x5XmHF9IJCrg,GOOGL,Amazon,buy,2025-11-26,2025-11-26,external_provider,data/exports/research_grade_analysis/05_event_timeline_dataset.csv,data/exports/final_paper_package/02_event_study_robustness_table.csv (aggregate); event-level canonical return file not committed,True,True,False,True,aggregate_only_no_event_membership_file,True,locked_event_manifest_from_committed_artifacts
locked_artifact_sample_v1_2026-05-16,1373,Cw9KxezdFM8,Cw9KxezdFM8,Cw9KxezdFM8,Joseph Carlson,UCwKB_00dPL3x5XmHF9IJCrg,DIS,Uber,buy,2023-11-30,2023-11-30,external_provider,data/exports/research_grade_analysis/05_event_timeline_dataset.csv,data/exports/final_paper_package/02_event_study_robustness_table.csv (aggregate); event-level canonical return file not committed,True,False,False,True,aggregate_only_no_event_membership_file,True,locked_event_manifest_from_committed_artifacts
locked_artifact_sample_v1_2026-05-16,1374,Cw9KxezdFM8,Cw9KxezdFM8,Cw9KxezdFM8,Joseph Carlson,UCrGLm-Drgv0vbbemwwHeXJw,DIS,PayPal,buy,2023-11-30,2023-11-30,external_provider,data/exports/research_grade_analysis/05_event_timeline_dataset.csv,data/exports/final_paper_package/02_event_study_robustness_table.csv (aggregate); event-level canonical return file not committed,True,False,False,False,aggregate_only_no_event_membership_file,True,locked_event_manifest_from_committed_artifacts
locked_artifact_sample_v1_2026-05-16,1375,Cw9KxezdFM8,Cw9KxezdFM8,Cw9KxezdFM8,Joseph Carlson,UCrGLm-Drgv0vbbemwwHeXJw,TSLA,PayPal,sell,2023-11-30,2023-11-30,external_provider,data/exports/research_grade_analysis/05_event_timeline_dataset.csv,data/exports/final_paper_package/02_event_study_robustness_table.csv (aggregate); event-level canonical return file not committed,True,True,False,True,aggregate_only_no_event_membership_file,True,locked_event_manifest_from_committed_artifacts
locked_artifact_sample_v1_2026-05-16,1376,TAhw6g2KD4c,TAhw6g2KD4c,TAhw6g2KD4c,Joseph Carlson,UCrGLm-Drgv0vbbemwwHeXJw,NVDA,Uber,buy,2023-08-25,2023-08-25,external_provider,data/exports/research_grade_analysis/05_event_timeline_dataset.csv,data/exports/final_paper_package/02_event_study_robustness_table.csv (aggregate); event-level canonical return file not committed,True,False,False,True,aggregate_only_no_event_membership_file,True,locked_event_manifest_from_committed_artifacts
locked_artifact_sample_v1_2026-05-16,1377,TAhw6g2KD4c,TAhw6g2KD4c,TAhw6g2KD4c,Joseph Carlson,UCrTTBSUr0zhPU56UQljag5A,NVDA,Apple,sell,2023-08-25,2023-08-25,external_provider,data/exports/research_grade_analysis/05_event_timeline_dataset.csv,data/exports/final_paper_package/02_event_study_robustness_table.csv (aggregate); event-level canonical return file not committed,True,False,False,False,aggregate_only_no_event_membership_file,True,locked_event_manifest_from_committed_artifacts
locked_artifact_sample_v1_2026-05-16,1378,TAhw6g2KD4c,TAhw6g2KD4c,TAhw6g2KD4c,Joseph Carlson,UC7r4-nZ4icT8SIcnisXFSHQ,DIS,Nvidia,sell,2023-08-25,2023-08-25,external_provider,data/exports/research_grade_analysis/05_event_timeline_dataset.csv,data/exports/final_paper_package/02_event_study_robustness_table.csv (aggregate); event-level canonical return file not committed,True,True,False,True,aggregate_only_no_event_membership_file,True,locked_event_manifest_from_committed_artifacts
locked_artifact_sample_v1_2026-05-16,1379,CBv5L6iiyLY,CBv5L6iiyLY,CBv5L6iiyLY,Sasha Yanshin,UC7r4-nZ4icT8SIcnisXFSHQ,TSLA,Nvidia,buy,2022-11-14,2022-11-14,external_provider,data/exports/research_grade_analysis/05_event_timeline_dataset.csv,data/exports/final_paper_package/02_event_study_robustness_table.csv (aggregate); event-level canonical return file not committed,True,True,False,True,aggregate_only_no_event_membership_file,True,locked_event_manifest_from_committed_artifacts
locked_artifact_sample_v1_2026-05-16,1380,CBv5L6iiyLY,CBv5L6iiyLY,CBv5L6iiyLY,Sasha Yanshin,UC7r4-nZ4icT8SIcnisXFSHQ,TSLA,Tesla,buy,2022-11-14,2022-11-14,external_provider,data/exports/research_grade_analysis/05_event_timeline_dataset.csv,data/exports/final_paper_package/02_event_study_robustness_table.csv (aggregate); event-level canonical return file not committed,True,True,False,False,aggregate_only_no_event_membership_file,True,locked_event_manifest_from_committed_artifacts
locked_artifact_sample_v1_2026-05-16,1381,CBv5L6iiyLY,CBv5L6iiyLY,CBv5L6iiyLY,Sasha Yanshin,UC7r4-nZ4icT8SIcnisXFSHQ,TSLA,Tesla,buy,2022-11-14,2022-11-14,external_provider,data/exports/research_grade_analysis/05_event_timeline_dataset.csv,data/exports/final_paper_package/02_event_study_robustness_table.csv (aggregate); event-level canonical return file not committed,True,True,False,False,aggregate_only_no_event_membership_file,True,locked_event_manifest_from_committed_artifacts
locked_artifact_sample_v1_2026-05-16,1382,cH-CrgACU0Q,cH-CrgACU0Q,cH-CrgACU0Q,ZipTrader,UC7r4-nZ4icT8SIcnisXFSHQ,NVDA,Nvidia,sell,2024-08-28,2024-08-28,external_provider,data/exports/research_grade_analysis/05_event_timeline_dataset.csv,data/exports/final_paper_package/02_event_study_robustness_table.csv (aggregate); event-level canonical return file not committed,True,False,False,True,aggregate_only_no_event_membership_file,True,locked_event_manifest_from_committed_artifacts
locked_artifact_sample_v1_2026-05-16,1383,R78_LcxTAVQ,R78_LcxTAVQ,R78_LcxTAVQ,Joseph Carlson,UC7r4-nZ4icT8SIcnisXFSHQ,TSLA,Nvidia,sell,2023-04-20,2023-04-20,external_provider,data/exports/research_grade_analysis/05_event_timeline_dataset.csv,data/exports/final_paper_package/02_event_study_robustness_table.csv (aggregate); event-level canonical return file not committed,True,False,False,True,aggregate_only_no_event_membership_file,True,locked_event_manifest_from_committed_artifacts
locked_artifact_sample_v1_2026-05-16,1384,R78_LcxTAVQ,R78_LcxTAVQ,R78_LcxTAVQ,Joseph Carlson,UC7r4-nZ4icT8SIcnisXFSHQ,TSLA,Nvidia,sell,2023-04-20,2023-04-20,external_provider,data/exports/research_grade_analysis/05_event_timeline_dataset.csv,data/exports/final_paper_package/02_event_study_robustness_table.csv (aggregate); event-level canonical return file not committed,True,False,False,False,aggregate_only_no_event_membership_file,True,locked_event_manifest_from_committed_artifacts
locked_artifact_sample_v1_2026-05-16,1385,EY4uVt71sVY,EY4uVt71sVY,EY4uVt71sVY,Bloomberg Television,UC7r4-nZ4icT8SIcnisXFSHQ,META,Nvidia,sell,2026-05-01,2026-05-01,external_provider,data/exports/research_grade_analysis/05_event_timeline_dataset.csv,data/exports/final_paper_package/02_event_study_robustness_table.csv (aggregate); event-level canonical return file not committed,True,False,False,True,aggregate_only_no_event_membership_file,True,recent_intraday_diagnostic_available
locked_artifact_sample_v1_2026-05-16,1386,pjnSFJZv0JY,pjnSFJZv0JY,pjnSFJZv0JY,Joseph Carlson,UC7r4-nZ4icT8SIcnisXFSHQ,GOOGL,Apple,buy,2023-05-12,2023-05-12,external_provider,data/exports/research_grade_analysis/05_event_timeline_dataset.csv,data/exports/final_paper_package/02_event_study_robustness_table.csv (aggregate); event-level canonical return file not committed,True,True,False,True,aggregate_only_no_event_membership_file,True,locked_event_manifest_from_committed_artifacts
locked_artifact_sample_v1_2026-05-16,1387,xHOvgHAqeIc,xHOvgHAqeIc,xHOvgHAqeIc,Sasha Yanshin,UCC7xhD0o7FBHdKXZxMRFspQ,TSLA,Amazon,sell,2022-12-15,2022-12-15,external_provider,data/exports/research_grade_analysis/05_event_timeline_dataset.csv,data/exports/final_paper_package/02_event_study_robustness_table.csv (aggregate); event-level canonical return file not committed,True,True,False,True,aggregate_only_no_event_membership_file,True,locked_event_manifest_from_committed_artifacts
locked_artifact_sample_v1_2026-05-16,1388,xHOvgHAqeIc,xHOvgHAqeIc,xHOvgHAqeIc,Sasha Yanshin,UC7r4-nZ4icT8SIcnisXFSHQ,TSLA,Amazon,buy,2022-12-15,2022-12-15,external_provider,data/exports/research_grade_analysis/05_event_timeline_dataset.csv,data/exports/final_paper_package/02_event_study_robustness_table.csv (aggregate); event-level canonical return file not committed,True,True,False,False,aggregate_only_no_event_membership_file,True,locked_event_manifest_from_committed_artifacts
locked_artifact_sample_v1_2026-05-16,1389,xHOvgHAqeIc,xHOvgHAqeIc,xHOvgHAqeIc,Sasha Yanshin,UC7r4-nZ4icT8SIcnisXFSHQ,TSLA,Nvidia,buy,2022-12-15,2022-12-15,external_provider,data/exports/research_grade_analysis/05_event_timeline_dataset.csv,data/exports/final_paper_package/02_event_study_robustness_table.csv (aggregate); event-level canonical return file not committed,True,True,False,False,aggregate_only_no_event_membership_file,True,locked_event_manifest_from_committed_artifacts
locked_artifact_sample_v1_2026-05-16,1390,HbUvydKt8EI,HbUvydKt8EI,HbUvydKt8EI,ZipTrader,UC7r4-nZ4icT8SIcnisXFSHQ,TSLA,Alphabet,buy,2024-12-19,2024-12-19,external_provider,data/exports/research_grade_analysis/05_event_timeline_dataset.csv,data/exports/final_paper_package/02_event_study_robustness_table.csv (aggregate); event-level canonical return file not committed,True,True,False,True,aggregate_only_no_event_membership_file,True,locked_event_manifest_from_committed_artifacts
locked_artifact_sample_v1_2026-05-16,1391,NY9jK1cPB-g,NY9jK1cPB-g,NY9jK1cPB-g,Joseph Carlson,UC7r4-nZ4icT8SIcnisXFSHQ,AAPL,Microsoft,sell,2023-09-07,2023-09-07,external_provider,data/exports/research_grade_analysis/05_event_timeline_dataset.csv,data/exports/final_paper_package/02_event_study_robustness_table.csv (aggregate); event-level canonical return file not committed,True,True,False,True,aggregate_only_no_event_membership_file,True,locked_event_manifest_from_committed_artifacts
locked_artifact_sample_v1_2026-05-16,1392,NY9jK1cPB-g,NY9jK1cPB-g,NY9jK1cPB-g,Joseph Carlson,UC7r4-nZ4icT8SIcnisXFSHQ,AAPL,Tesla,sell,2023-09-07,2023-09-07,external_provider,data/exports/research_grade_analysis/05_event_timeline_dataset.csv,data/exports/final_paper_package/02_event_study_robustness_table.csv (aggregate); event-level canonical return file not committed,True,True,False,False,aggregate_only_no_event_membership_file,True,locked_event_manifest_from_committed_artifacts
locked_artifact_sample_v1_2026-05-16,1393,ytsNssXX3Ik,ytsNssXX3Ik,ytsNssXX3Ik,Chris Sain,UC7r4-nZ4icT8SIcnisXFSHQ,UBER,Netflix,buy,2025-07-08,2025-07-08,external_provider,data/exports/research_grade_analysis/05_event_timeline_dataset.csv,data/exports/final_paper_package/02_event_study_robustness_table.csv (aggregate); event-level canonical return file not committed,True,True,False,True,aggregate_only_no_event_membership_file,True,locked_event_manifest_from_committed_artifacts
locked_artifact_sample_v1_2026-05-16,1394,KVpqcgux86I,KVpqcgux86I,KVpqcgux86I,Tom Nash,UC7r4-nZ4icT8SIcnisXFSHQ,GOOGL,Apple,sell,2024-08-06,2024-08-06,external_provider,data/exports/research_grade_analysis/05_event_timeline_dataset.csv,data/exports/final_paper_package/02_event_study_robustness_table.csv (aggregate); event-level canonical return file not committed,True,False,True,True,aggregate_only_no_event_membership_file,True,locked_event_manifest_from_committed_artifacts
locked_artifact_sample_v1_2026-05-16,1395,npALYUk_cqc,npALYUk_cqc,npALYUk_cqc,Ticker Symbol: YOU,UC7r4-nZ4icT8SIcnisXFSHQ,NVDA,Alphabet,buy,2023-08-27,2023-08-28,external_provider,data/exports/research_grade_analysis/05_event_timeline_dataset.csv,data/exports/final_paper_package/02_event_study_robustness_table.csv (aggregate); event-level canonical return file not committed,True,False,True,True,aggregate_only_no_event_membership_file,True,locked_event_manifest_from_committed_artifacts
locked_artifact_sample_v1_2026-05-16,1396,tSsI3eqxbUA,tSsI3eqxbUA,tSsI3eqxbUA,Ticker Symbol: YOU,UC7r4-nZ4icT8SIcnisXFSHQ,GOOGL,Tesla,buy,2023-02-28,2023-02-28,external_provider,data/exports/research_grade_analysis/05_event_timeline_dataset.csv,data/exports/final_paper_package/02_event_study_robustness_table.csv (aggregate); event-level canonical return file not committed,True,True,False,True,aggregate_only_no_event_membership_file,True,locked_event_manifest_from_committed_artifacts
locked_artifact_sample_v1_2026-05-16,1397,55fKMiktDC4,55fKMiktDC4,55fKMiktDC4,Chris Sain,UC7r4-nZ4icT8SIcnisXFSHQ,NVDA,Tesla,buy,2025-07-21,2025-07-21,external_provider,data/exports/research_grade_analysis/05_event_timeline_dataset.csv,data/exports/final_paper_package/02_event_study_robustness_table.csv (aggregate); event-level canonical return file not committed,True,True,False,True,aggregate_only_no_event_membership_file,True,locked_event_manifest_from_committed_artifacts
locked_artifact_sample_v1_2026-05-16,1398,yZ1vJZZb-08,yZ1vJZZb-08,yZ1vJZZb-08,Tom Nash,UC7r4-nZ4icT8SIcnisXFSHQ,NVDA,Nvidia,buy,2024-08-22,2024-08-22,external_provider,data/exports/research_grade_analysis/05_event_timeline_dataset.csv,data/exports/final_paper_package/02_event_study_robustness_table.csv (aggregate); event-level canonical return file not committed,True,False,False,True,aggregate_only_no_event_membership_file,True,locked_event_manifest_from_committed_artifacts
locked_artifact_sample_v1_2026-05-16,1399,yZ1vJZZb-08,yZ1vJZZb-08,yZ1vJZZb-08,Tom Nash,UCrGLm-Drgv0vbbemwwHeXJw,NVDA,SoFi,buy,2024-08-22,2024-08-22,external_provider,data/exports/research_grade_analysis/05_event_timeline_dataset.csv,data/exports/final_paper_package/02_event_study_robustness_table.csv (aggregate); event-level canonical return file not committed,True,False,False,False,aggregate_only_no_event_membership_file,True,locked_event_manifest_from_committed_artifacts
locked_artifact_sample_v1_2026-05-16,1400,yZ1vJZZb-08,yZ1vJZZb-08,yZ1vJZZb-08,Tom Nash,UCC7xhD0o7FBHdKXZxMRFspQ,NVDA,,buy,2024-08-22,2024-08-22,external_provider,data/exports/research_grade_analysis/05_event_timeline_dataset.csv,data/exports/final_paper_package/02_event_study_robustness_table.csv (aggregate); event-level canonical return file not committed,True,False,False,False,aggregate_only_no_event_membership_file,True,locked_event_manifest_from_committed_artifacts
locked_artifact_sample_v1_2026-05-16,1401,yZ1vJZZb-08,yZ1vJZZb-08,yZ1vJZZb-08,Tom Nash,UCrGLm-Drgv0vbbemwwHeXJw,AMZN,Apple,buy,2024-08-22,2024-08-22,external_provider,data/exports/research_grade_analysis/05_event_timeline_dataset.csv,data/exports/final_paper_package/02_event_study_robustness_table.csv (aggregate); event-level canonical return file not committed,True,True,False,True,aggregate_only_no_event_membership_file,True,locked_event_manifest_from_committed_artifacts
locked_artifact_sample_v1_2026-05-16,1402,bWxoFJQsaww,bWxoFJQsaww,bWxoFJQsaww,New Money,UCrGLm-Drgv0vbbemwwHeXJw,AMZN,Netflix,buy,2022-09-12,2022-09-12,external_provider,data/exports/research_grade_analysis/05_event_timeline_dataset.csv,data/exports/final_paper_package/02_event_study_robustness_table.csv (aggregate); event-level canonical return file not committed,True,True,True,True,aggregate_only_no_event_membership_file,True,locked_event_manifest_from_committed_artifacts
locked_artifact_sample_v1_2026-05-16,1403,bWxoFJQsaww,bWxoFJQsaww,bWxoFJQsaww,New Money,UC7r4-nZ4icT8SIcnisXFSHQ,GOOGL,Alphabet,buy,2022-09-12,2022-09-12,external_provider,data/exports/research_grade_analysis/05_event_timeline_dataset.csv,data/exports/final_paper_package/02_event_study_robustness_table.csv (aggregate); event-level canonical return file not committed,True,True,True,True,aggregate_only_no_event_membership_file,True,locked_event_manifest_from_committed_artifacts
locked_artifact_sample_v1_2026-05-16,1404,lsiaZYfs7-U,lsiaZYfs7-U,lsiaZYfs7-U,Tom Nash,UC7r4-nZ4icT8SIcnisXFSHQ,NVDA,Microsoft,sell,2024-08-25,2024-08-26,external_provider,data/exports/research_grade_analysis/05_event_timeline_dataset.csv,data/exports/final_paper_package/02_event_study_robustness_table.csv (aggregate); event-level canonical return file not committed,True,False,True,True,aggregate_only_no_event_membership_file,True,locked_event_manifest_from_committed_artifacts
locked_artifact_sample_v1_2026-05-16,1405,VX1kzNPKsdg,VX1kzNPKsdg,VX1kzNPKsdg,Tom Nash,UCrGLm-Drgv0vbbemwwHeXJw,NVDA,Netflix,sell,2024-06-07,2024-06-07,external_provider,data/exports/research_grade_analysis/05_event_timeline_dataset.csv,data/exports/final_paper_package/02_event_study_robustness_table.csv (aggregate); event-level canonical return file not committed,True,False,False,True,aggregate_only_no_event_membership_file,True,locked_event_manifest_from_committed_artifacts
locked_artifact_sample_v1_2026-05-16,1406,VX1kzNPKsdg,VX1kzNPKsdg,VX1kzNPKsdg,Tom Nash,UCrGLm-Drgv0vbbemwwHeXJw,NVDA,Netflix,buy,2024-06-07,2024-06-07,external_provider,data/exports/research_grade_analysis/05_event_timeline_dataset.csv,data/exports/final_paper_package/02_event_study_robustness_table.csv (aggregate); event-level canonical return file not committed,True,False,False,False,aggregate_only_no_event_membership_file,True,locked_event_manifest_from_committed_artifacts
locked_artifact_sample_v1_2026-05-16,1407,VX1kzNPKsdg,VX1kzNPKsdg,VX1kzNPKsdg,Tom Nash,UCrGLm-Drgv0vbbemwwHeXJw,NVDA,Netflix,buy,2024-06-07,2024-06-07,external_provider,data/exports/research_grade_analysis/05_event_timeline_dataset.csv,data/exports/final_paper_package/02_event_study_robustness_table.csv (aggregate); event-level canonical return file not committed,True,False,False,False,aggregate_only_no_event_membership_file,True,locked_event_manifest_from_committed_artifacts
locked_artifact_sample_v1_2026-05-16,1408,ilwk1Dm7Yzg,ilwk1Dm7Yzg,ilwk1Dm7Yzg,The Plain Bagel,UCrGLm-Drgv0vbbemwwHeXJw,TSLA,PayPal,buy,2020-02-21,2020-02-21,external_provider,data/exports/research_grade_analysis/05_event_timeline_dataset.csv,data/exports/final_paper_package/02_event_study_robustness_table.csv (aggregate); event-level canonical return file not committed,True,False,False,True,aggregate_only_no_event_membership_file,True,locked_event_manifest_from_committed_artifacts
locked_artifact_sample_v1_2026-05-16,1409,ilwk1Dm7Yzg,ilwk1Dm7Yzg,ilwk1Dm7Yzg,The Plain Bagel,UCrGLm-Drgv0vbbemwwHeXJw,TSLA,SoFi,buy,2020-02-21,2020-02-21,external_provider,data/exports/research_grade_analysis/05_event_timeline_dataset.csv,data/exports/final_paper_package/02_event_study_robustness_table.csv (aggregate); event-level canonical return file not committed,True,False,False,False,aggregate_only_no_event_membership_file,True,locked_event_manifest_from_committed_artifacts
locked_artifact_sample_v1_2026-05-16,1410,jd4T0FsCEIo,jd4T0FsCEIo,jd4T0FsCEIo,Ticker Symbol: YOU,UCC7xhD0o7FBHdKXZxMRFspQ,MSFT,,buy,2023-05-21,2023-05-22,external_provider,data/exports/research_grade_analysis/05_event_timeline_dataset.csv,data/exports/final_paper_package/02_event_study_robustness_table.csv (aggregate); event-level canonical return file not committed,True,True,True,True,aggregate_only_no_event_membership_file,True,locked_event_manifest_from_committed_artifacts
locked_artifact_sample_v1_2026-05-16,1411,4IxS7pfGukM,4IxS7pfGukM,4IxS7pfGukM,New Money,UCrGLm-Drgv0vbbemwwHeXJw,DIS,Nvidia,buy,2022-12-01,2022-12-01,external_provider,data/exports/research_grade_analysis/05_event_timeline_dataset.csv,data/exports/final_paper_package/02_event_study_robustness_table.csv (aggregate); event-level canonical return file not committed,True,False,False,True,aggregate_only_no_event_membership_file,True,locked_event_manifest_from_committed_artifacts
locked_artifact_sample_v1_2026-05-16,1412,4IxS7pfGukM,4IxS7pfGukM,4IxS7pfGukM,New Money,UCrGLm-Drgv0vbbemwwHeXJw,AMZN,Nvidia,buy,2022-12-01,2022-12-01,external_provider,data/exports/research_grade_analysis/05_event_timeline_dataset.csv,data/exports/final_paper_package/02_event_study_robustness_table.csv (aggregate); event-level canonical return file not committed,True,False,False,True,aggregate_only_no_event_membership_file,True,locked_event_manifest_from_committed_artifacts
locked_artifact_sample_v1_2026-05-16,1413,4IxS7pfGukM,4IxS7pfGukM,4IxS7pfGukM,New Money,UCrGLm-Drgv0vbbemwwHeXJw,MSFT,,buy,2022-12-01,2022-12-01,external_provider,data/exports/research_grade_analysis/05_event_timeline_dataset.csv,data/exports/final_paper_package/02_event_study_robustness_table.csv (aggregate); event-level canonical return file not committed,True,True,False,True,aggregate_only_no_event_membership_file,True,locked_event_manifest_from_committed_artifacts
locked_artifact_sample_v1_2026-05-16,1414,8omvXYV4toQ,8omvXYV4toQ,8omvXYV4toQ,Joseph Carlson,UCrGLm-Drgv0vbbemwwHeXJw,AAPL,,buy,2022-11-18,2022-11-18,external_provider,data/exports/research_grade_analysis/05_event_timeline_dataset.csv,data/exports/final_paper_package/02_event_study_robustness_table.csv (aggregate); event-level canonical return file not committed,True,True,False,True,aggregate_only_no_event_membership_file,True,locked_event_manifest_from_committed_artifacts
locked_artifact_sample_v1_2026-05-16,1415,8omvXYV4toQ,8omvXYV4toQ,8omvXYV4toQ,Joseph Carlson,UCrGLm-Drgv0vbbemwwHeXJw,AAPL,Uber,buy,2022-11-18,2022-11-18,external_provider,data/exports/research_grade_analysis/05_event_timeline_dataset.csv,data/exports/final_paper_package/02_event_study_robustness_table.csv (aggregate); event-level canonical return file not committed,True,True,False,False,aggregate_only_no_event_membership_file,True,locked_event_manifest_from_committed_artifacts
locked_artifact_sample_v1_2026-05-16,1416,8omvXYV4toQ,8omvXYV4toQ,8omvXYV4toQ,Joseph Carlson,UCrGLm-Drgv0vbbemwwHeXJw,NFLX,PayPal,buy,2022-11-18,2022-11-18,external_provider,data/exports/research_grade_analysis/05_event_timeline_dataset.csv,data/exports/final_paper_package/02_event_study_robustness_table.csv (aggregate); event-level canonical return file not committed,True,True,False,True,aggregate_only_no_event_membership_file,True,locked_event_manifest_from_committed_artifacts
locked_artifact_sample_v1_2026-05-16,1417,tbpowoLx-J8,tbpowoLx-J8,tbpowoLx-J8,Tom Nash,UCrGLm-Drgv0vbbemwwHeXJw,TSLA,Amazon,buy,2024-05-07,2024-05-07,external_provider,data/exports/research_grade_analysis/05_event_timeline_dataset.csv,data/exports/final_paper_package/02_event_study_robustness_table.csv (aggregate); event-level canonical return file not committed,True,True,True,True,aggregate_only_no_event_membership_file,True,locked_event_manifest_from_committed_artifacts
locked_artifact_sample_v1_2026-05-16,1418,aHzGTH_khbk,aHzGTH_khbk,aHzGTH_khbk,Tom Nash,UC7r4-nZ4icT8SIcnisXFSHQ,SMCI,Apple,buy,2024-03-04,2024-03-04,external_provider,data/exports/research_grade_analysis/05_event_timeline_dataset.csv,data/exports/final_paper_package/02_event_study_robustness_table.csv (aggregate); event-level canonical return file not committed,True,False,False,True,aggregate_only_no_event_membership_file,True,locked_event_manifest_from_committed_artifacts
locked_artifact_sample_v1_2026-05-16,1419,jG0gBi7Ps4U,jG0gBi7Ps4U,jG0gBi7Ps4U,Ticker Symbol: YOU,UCgCh-2AfEBtWrNBC2OoNQYg,TSLA,Microsoft,buy,2023-12-28,2023-12-28,external_provider,data/exports/research_grade_analysis/05_event_timeline_dataset.csv,data/exports/final_paper_package/02_event_study_robustness_table.csv (aggregate); event-level canonical return file not committed,True,False,False,True,aggregate_only_no_event_membership_file,True,locked_event_manifest_from_committed_artifacts
locked_artifact_sample_v1_2026-05-16,1420,jG0gBi7Ps4U,jG0gBi7Ps4U,jG0gBi7Ps4U,Ticker Symbol: YOU,UCgCh-2AfEBtWrNBC2OoNQYg,NVDA,Alphabet,buy,2023-12-28,2023-12-28,external_provider,data/exports/research_grade_analysis/05_event_timeline_dataset.csv,data/exports/final_paper_package/02_event_study_robustness_table.csv (aggregate); event-level canonical return file not committed,True,True,False,True,aggregate_only_no_event_membership_file,True,locked_event_manifest_from_committed_artifacts
locked_artifact_sample_v1_2026-05-16,1421,jG0gBi7Ps4U,jG0gBi7Ps4U,jG0gBi7Ps4U,Ticker Symbol: YOU,UCrTTBSUr0zhPU56UQljag5A,MSFT,Alphabet,buy,2023-12-28,2023-12-28,external_provider,data/exports/research_grade_analysis/05_event_timeline_dataset.csv,data/exports/final_paper_package/02_event_study_robustness_table.csv (aggregate); event-level canonical return file not committed,True,True,False,True,aggregate_only_no_event_membership_file,True,locked_event_manifest_from_committed_artifacts
locked_artifact_sample_v1_2026-05-16,1422,jG0gBi7Ps4U,jG0gBi7Ps4U,jG0gBi7Ps4U,Ticker Symbol: YOU,UCL-F-8nxFtFZ4M3RWkGn6Qw,GOOGL,PayPal,buy,2023-12-28,2023-12-28,external_provider,data/exports/research_grade_analysis/05_event_timeline_dataset.csv,data/exports/final_paper_package/02_event_study_robustness_table.csv (aggregate); event-level canonical return file not committed,True,True,False,True,aggregate_only_no_event_membership_file,True,locked_event_manifest_from_committed_artifacts
locked_artifact_sample_v1_2026-05-16,1423,CDRoV47XNcY,CDRoV47XNcY,CDRoV47XNcY,Tom Nash,UCL-F-8nxFtFZ4M3RWkGn6Qw,TSLA,Alphabet,buy,2024-04-04,2024-04-04,external_provider,data/exports/research_grade_analysis/05_event_timeline_dataset.csv,data/exports/final_paper_package/02_event_study_robustness_table.csv (aggregate); event-level canonical return file not committed,True,False,False,True,aggregate_only_no_event_membership_file,True,locked_event_manifest_from_committed_artifacts
locked_artifact_sample_v1_2026-05-16,1424,FlYACTA-pkI,FlYACTA-pkI,FlYACTA-pkI,CNBC Television,UCL-F-8nxFtFZ4M3RWkGn6Qw,AAPL,Alphabet,buy,2026-05-02,2026-05-04,external_provider,data/exports/research_grade_analysis/05_event_timeline_dataset.csv,data/exports/final_paper_package/02_event_study_robustness_table.csv (aggregate); event-level canonical return file not committed,True,False,True,False,aggregate_only_no_event_membership_file,True,recent_intraday_diagnostic_available
locked_artifact_sample_v1_2026-05-16,1425,hKAapBunwXo,hKAapBunwXo,hKAapBunwXo,Ticker Symbol: YOU,UCrGLm-Drgv0vbbemwwHeXJw,NVDA,PayPal,buy,2023-11-27,2023-11-27,external_provider,data/exports/research_grade_analysis/05_event_timeline_dataset.csv,data/exports/final_paper_package/02_event_study_robustness_table.csv (aggregate); event-level canonical return file not committed,True,False,False,True,aggregate_only_no_event_membership_file,True,locked_event_manifest_from_committed_artifacts
locked_artifact_sample_v1_2026-05-16,1426,hKAapBunwXo,hKAapBunwXo,hKAapBunwXo,Ticker Symbol: YOU,UCrGLm-Drgv0vbbemwwHeXJw,NVDA,Netflix,buy,2023-11-27,2023-11-27,external_provider,data/exports/research_grade_analysis/05_event_timeline_dataset.csv,data/exports/final_paper_package/02_event_study_robustness_table.csv (aggregate); event-level canonical return file not committed,True,False,False,False,aggregate_only_no_event_membership_file,True,locked_event_manifest_from_committed_artifacts
locked_artifact_sample_v1_2026-05-16,1427,hKAapBunwXo,hKAapBunwXo,hKAapBunwXo,Ticker Symbol: YOU,UC5cEHfCr6WOE1R1zcohd1IA,NVDA,Nvidia,sell,2023-11-27,2023-11-27,external_provider,data/exports/research_grade_analysis/05_event_timeline_dataset.csv,data/exports/final_paper_package/02_event_study_robustness_table.csv (aggregate); event-level canonical return file not committed,True,False,False,False,aggregate_only_no_event_membership_file,True,locked_event_manifest_from_committed_artifacts
locked_artifact_sample_v1_2026-05-16,1428,hKAapBunwXo,hKAapBunwXo,hKAapBunwXo,Ticker Symbol: YOU,UC5cEHfCr6WOE1R1zcohd1IA,NVDA,Nvidia,buy,2023-11-27,2023-11-27,external_provider,data/exports/research_grade_analysis/05_event_timeline_dataset.csv,data/exports/final_paper_package/02_event_study_robustness_table.csv (aggregate); event-level canonical return file not committed,True,False,False,False,aggregate_only_no_event_membership_file,True,locked_event_manifest_from_committed_artifacts
locked_artifact_sample_v1_2026-05-16,1429,hKAapBunwXo,hKAapBunwXo,hKAapBunwXo,Ticker Symbol: YOU,UC5cEHfCr6WOE1R1zcohd1IA,AMD,,buy,2023-11-27,2023-11-27,external_provider,data/exports/research_grade_analysis/05_event_timeline_dataset.csv,data/exports/final_paper_package/02_event_study_robustness_table.csv (aggregate); event-level canonical return file not committed,True,True,False,True,aggregate_only_no_event_membership_file,True,locked_event_manifest_from_committed_artifacts
locked_artifact_sample_v1_2026-05-16,1430,J2ysrIiwgZE,J2ysrIiwgZE,J2ysrIiwgZE,Everything Money,UC5cEHfCr6WOE1R1zcohd1IA,AMZN,Alphabet,buy,2025-06-02,2025-06-02,external_provider,data/exports/research_grade_analysis/05_event_timeline_dataset.csv,data/exports/final_paper_package/02_event_study_robustness_table.csv (aggregate); event-level canonical return file not committed,True,True,True,True,aggregate_only_no_event_membership_file,True,locked_event_manifest_from_committed_artifacts
locked_artifact_sample_v1_2026-05-16,1431,CpYfmgehgis,CpYfmgehgis,CpYfmgehgis,Chicken Genius Singapore,UC5cEHfCr6WOE1R1zcohd1IA,TSLA,Amazon,sell,2020-07-06,2020-07-06,external_provider,data/exports/research_grade_analysis/05_event_timeline_dataset.csv,data/exports/final_paper_package/02_event_study_robustness_table.csv (aggregate); event-level canonical return file not committed,True,False,True,True,aggregate_only_no_event_membership_file,True,locked_event_manifest_from_committed_artifacts
locked_artifact_sample_v1_2026-05-16,1432,MLMUxTWU6cg,MLMUxTWU6cg,MLMUxTWU6cg,Everything Money,UCC7xhD0o7FBHdKXZxMRFspQ,NFLX,Microsoft,sell,2025-10-28,2025-10-28,external_provider,data/exports/research_grade_analysis/05_event_timeline_dataset.csv,data/exports/final_paper_package/02_event_study_robustness_table.csv (aggregate); event-level canonical return file not committed,True,False,True,True,aggregate_only_no_event_membership_file,True,locked_event_manifest_from_committed_artifacts
locked_artifact_sample_v1_2026-05-16,1433,iQFuA2Gkxwo,iQFuA2Gkxwo,iQFuA2Gkxwo,Chicken Genius Singapore,UCC7xhD0o7FBHdKXZxMRFspQ,TSLA,Alphabet,buy,2020-07-13,2020-07-13,external_provider,data/exports/research_grade_analysis/05_event_timeline_dataset.csv,data/exports/final_paper_package/02_event_study_robustness_table.csv (aggregate); event-level canonical return file not committed,True,True,True,True,aggregate_only_no_event_membership_file,True,locked_event_manifest_from_committed_artifacts
locked_artifact_sample_v1_2026-05-16,1434,oaqv-LP9ed0,oaqv-LP9ed0,oaqv-LP9ed0,Everything Money,UCC7xhD0o7FBHdKXZxMRFspQ,NVDA,,buy,2025-11-11,2025-11-11,external_provider,data/exports/research_grade_analysis/05_event_timeline_dataset.csv,data/exports/final_paper_package/02_event_study_robustness_table.csv (aggregate); event-level canonical return file not committed,True,True,True,True,aggregate_only_no_event_membership_file,True,locked_event_manifest_from_committed_artifacts
locked_artifact_sample_v1_2026-05-16,1435,oaqv-LP9ed0,oaqv-LP9ed0,oaqv-LP9ed0,Everything Money,UC7r4-nZ4icT8SIcnisXFSHQ,NVDA,,buy,2025-11-11,2025-11-11,external_provider,data/exports/research_grade_analysis/05_event_timeline_dataset.csv,data/exports/final_paper_package/02_event_study_robustness_table.csv (aggregate); event-level canonical return file not committed,True,True,True,False,aggregate_only_no_event_membership_file,True,locked_event_manifest_from_committed_artifacts
locked_artifact_sample_v1_2026-05-16,1436,oaqv-LP9ed0,oaqv-LP9ed0,oaqv-LP9ed0,Everything Money,UC7r4-nZ4icT8SIcnisXFSHQ,NVDA,Microsoft,buy,2025-11-11,2025-11-11,external_provider,data/exports/research_grade_analysis/05_event_timeline_dataset.csv,data/exports/final_paper_package/02_event_study_robustness_table.csv (aggregate); event-level canonical return file not committed,True,True,True,False,aggregate_only_no_event_membership_file,True,locked_event_manifest_from_committed_artifacts
locked_artifact_sample_v1_2026-05-16,1437,oaqv-LP9ed0,oaqv-LP9ed0,oaqv-LP9ed0,Everything Money,UC7r4-nZ4icT8SIcnisXFSHQ,NVDA,Tesla,sell,2025-11-11,2025-11-11,external_provider,data/exports/research_grade_analysis/05_event_timeline_dataset.csv,data/exports/final_paper_package/02_event_study_robustness_table.csv (aggregate); event-level canonical return file not committed,True,True,True,False,aggregate_only_no_event_membership_file,True,locked_event_manifest_from_committed_artifacts
locked_artifact_sample_v1_2026-05-16,1438,k0rpxeieWDA,k0rpxeieWDA,k0rpxeieWDA,Everything Money,UCC7xhD0o7FBHdKXZxMRFspQ,TSLA,SoFi,sell,2025-02-17,2025-02-18,external_provider,data/exports/research_grade_analysis/05_event_timeline_dataset.csv,data/exports/final_paper_package/02_event_study_robustness_table.csv (aggregate); event-level canonical return file not committed,True,True,True,True,aggregate_only_no_event_membership_file,True,locked_event_manifest_from_committed_artifacts
locked_artifact_sample_v1_2026-05-16,1439,k0rpxeieWDA,k0rpxeieWDA,k0rpxeieWDA,Everything Money,UC5cEHfCr6WOE1R1zcohd1IA,NVDA,Nvidia,buy,2025-02-17,2025-02-18,external_provider,data/exports/research_grade_analysis/05_event_timeline_dataset.csv,data/exports/final_paper_package/02_event_study_robustness_table.csv (aggregate); event-level canonical return file not committed,True,True,True,True,aggregate_only_no_event_membership_file,True,locked_event_manifest_from_committed_artifacts
locked_artifact_sample_v1_2026-05-16,1440,MqmV9HzTO3M,MqmV9HzTO3M,MqmV9HzTO3M,Chicken Genius Singapore,UC5cEHfCr6WOE1R1zcohd1IA,TSLA,Apple,sell,2021-07-19,2021-07-19,external_provider,data/exports/research_grade_analysis/05_event_timeline_dataset.csv,data/exports/final_paper_package/02_event_study_robustness_table.csv (aggregate); event-level canonical return file not committed,True,False,True,True,aggregate_only_no_event_membership_file,True,locked_event_manifest_from_committed_artifacts
locked_artifact_sample_v1_2026-05-16,1441,MqmV9HzTO3M,MqmV9HzTO3M,MqmV9HzTO3M,Chicken Genius Singapore,UC5cEHfCr6WOE1R1zcohd1IA,TSLA,Meta,buy,2021-07-19,2021-07-19,external_provider,data/exports/research_grade_analysis/05_event_timeline_dataset.csv,data/exports/final_paper_package/02_event_study_robustness_table.csv (aggregate); event-level canonical return file not committed,True,False,True,False,aggregate_only_no_event_membership_file,True,locked_event_manifest_from_committed_artifacts
locked_artifact_sample_v1_2026-05-16,1442,w73gVwZQdZU,w73gVwZQdZU,w73gVwZQdZU,Everything Money,UCL-F-8nxFtFZ4M3RWkGn6Qw,TSLA,Amazon,buy,2025-03-26,2025-03-26,external_provider,data/exports/research_grade_analysis/05_event_timeline_dataset.csv,data/exports/final_paper_package/02_event_study_robustness_table.csv (aggregate); event-level canonical return file not committed,True,False,True,True,aggregate_only_no_event_membership_file,True,locked_event_manifest_from_committed_artifacts
locked_artifact_sample_v1_2026-05-16,1443,O9H33R9D0KA,O9H33R9D0KA,O9H33R9D0KA,Everything Money,UC5cEHfCr6WOE1R1zcohd1IA,UBER,,buy,2025-08-14,2025-08-14,external_provider,data/exports/research_grade_analysis/05_event_timeline_dataset.csv,data/exports/final_paper_package/02_event_study_robustness_table.csv (aggregate); event-level canonical return file not committed,True,True,True,True,aggregate_only_no_event_membership_file,True,locked_event_manifest_from_committed_artifacts
locked_artifact_sample_v1_2026-05-16,1444,O9H33R9D0KA,O9H33R9D0KA,O9H33R9D0KA,Everything Money,UC7r4-nZ4icT8SIcnisXFSHQ,UBER,Alphabet,buy,2025-08-14,2025-08-14,external_provider,data/exports/research_grade_analysis/05_event_timeline_dataset.csv,data/exports/final_paper_package/02_event_study_robustness_table.csv (aggregate); event-level canonical return file not committed,True,True,True,False,aggregate_only_no_event_membership_file,True,locked_event_manifest_from_committed_artifacts
locked_artifact_sample_v1_2026-05-16,1445,wP40yOXIb5Y,wP40yOXIb5Y,wP40yOXIb5Y,Joseph Carlson,UCrGLm-Drgv0vbbemwwHeXJw,AAPL,PayPal,buy,2022-11-02,2022-11-02,external_provider,data/exports/research_grade_analysis/05_event_timeline_dataset.csv,data/exports/final_paper_package/02_event_study_robustness_table.csv (aggregate); event-level canonical return file not committed,True,False,False,True,aggregate_only_no_event_membership_file,True,locked_event_manifest_from_committed_artifacts
locked_artifact_sample_v1_2026-05-16,1446,wP40yOXIb5Y,wP40yOXIb5Y,wP40yOXIb5Y,Joseph Carlson,UCrGLm-Drgv0vbbemwwHeXJw,AAPL,Tesla,buy,2022-11-02,2022-11-02,external_provider,data/exports/research_grade_analysis/05_event_timeline_dataset.csv,data/exports/final_paper_package/02_event_study_robustness_table.csv (aggregate); event-level canonical return file not committed,True,False,False,False,aggregate_only_no_event_membership_file,True,locked_event_manifest_from_committed_artifacts
locked_artifact_sample_v1_2026-05-16,1447,wP40yOXIb5Y,wP40yOXIb5Y,wP40yOXIb5Y,Joseph Carlson,UC5cEHfCr6WOE1R1zcohd1IA,AAPL,,buy,2022-11-02,2022-11-02,external_provider,data/exports/research_grade_analysis/05_event_timeline_dataset.csv,data/exports/final_paper_package/02_event_study_robustness_table.csv (aggregate); event-level canonical return file not committed,True,False,False,False,aggregate_only_no_event_membership_file,True,locked_event_manifest_from_committed_artifacts
locked_artifact_sample_v1_2026-05-16,1448,wP40yOXIb5Y,wP40yOXIb5Y,wP40yOXIb5Y,Joseph Carlson,UC5cEHfCr6WOE1R1zcohd1IA,AAPL,Microsoft,buy,2022-11-02,2022-11-02,external_provider,data/exports/research_grade_analysis/05_event_timeline_dataset.csv,data/exports/final_paper_package/02_event_study_robustness_table.csv (aggregate); event-level canonical return file not committed,True,False,False,False,aggregate_only_no_event_membership_file,True,locked_event_manifest_from_committed_artifacts
locked_artifact_sample_v1_2026-05-16,1449,wP40yOXIb5Y,wP40yOXIb5Y,wP40yOXIb5Y,Joseph Carlson,UC5cEHfCr6WOE1R1zcohd1IA,AAPL,Tesla,sell,2022-11-02,2022-11-02,external_provider,data/exports/research_grade_analysis/05_event_timeline_dataset.csv,data/exports/final_paper_package/02_event_study_robustness_table.csv (aggregate); event-level canonical return file not committed,True,False,False,False,aggregate_only_no_event_membership_file,True,locked_event_manifest_from_committed_artifacts
locked_artifact_sample_v1_2026-05-16,1450,hdslUPcMz2Y,hdslUPcMz2Y,hdslUPcMz2Y,Chicken Genius Singapore,UCrTTBSUr0zhPU56UQljag5A,SQ,Apple,buy,2020-12-07,nan,external_provider,data/exports/research_grade_analysis/05_event_timeline_dataset.csv,data/exports/final_paper_package/02_event_study_robustness_table.csv (aggregate); event-level canonical return file not committed,True,True,True,True,aggregate_only_no_event_membership_file,True,locked_event_manifest_from_committed_artifacts
locked_artifact_sample_v1_2026-05-16,1451,20PT-O46nkc,20PT-O46nkc,20PT-O46nkc,Everything Money,UCrTTBSUr0zhPU56UQljag5A,NVDA,Apple,buy,2025-10-16,2025-10-16,external_provider,data/exports/research_grade_analysis/05_event_timeline_dataset.csv,data/exports/final_paper_package/02_event_study_robustness_table.csv (aggregate); event-level canonical return file not committed,True,True,True,True,aggregate_only_no_event_membership_file,True,locked_event_manifest_from_committed_artifacts
locked_artifact_sample_v1_2026-05-16,1452,20PT-O46nkc,20PT-O46nkc,20PT-O46nkc,Everything Money,UCrTTBSUr0zhPU56UQljag5A,AMD,Amazon,buy,2025-10-16,2025-10-16,external_provider,data/exports/research_grade_analysis/05_event_timeline_dataset.csv,data/exports/final_paper_package/02_event_study_robustness_table.csv (aggregate); event-level canonical return file not committed,True,True,True,True,aggregate_only_no_event_membership_file,True,locked_event_manifest_from_committed_artifacts
locked_artifact_sample_v1_2026-05-16,1453,OZ0N74Ea0sg,OZ0N74Ea0sg,OZ0N74Ea0sg,Joseph Carlson,UCL-F-8nxFtFZ4M3RWkGn6Qw,MSFT,Amazon,buy,2022-09-30,2022-09-30,external_provider,data/exports/research_grade_analysis/05_event_timeline_dataset.csv,data/exports/final_paper_package/02_event_study_robustness_table.csv (aggregate); event-level canonical return file not committed,True,True,False,True,aggregate_only_no_event_membership_file,True,locked_event_manifest_from_committed_artifacts
locked_artifact_sample_v1_2026-05-16,1454,OZ0N74Ea0sg,OZ0N74Ea0sg,OZ0N74Ea0sg,Joseph Carlson,UC7r4-nZ4icT8SIcnisXFSHQ,DIS,,sell,2022-09-30,2022-09-30,external_provider,data/exports/research_grade_analysis/05_event_timeline_dataset.csv,data/exports/final_paper_package/02_event_study_robustness_table.csv (aggregate); event-level canonical return file not committed,True,False,False,True,aggregate_only_no_event_membership_file,True,locked_event_manifest_from_committed_artifacts
locked_artifact_sample_v1_2026-05-16,1455,OZ0N74Ea0sg,OZ0N74Ea0sg,OZ0N74Ea0sg,Joseph Carlson,UC7r4-nZ4icT8SIcnisXFSHQ,DIS,Alphabet,buy,2022-09-30,2022-09-30,external_provider,data/exports/research_grade_analysis/05_event_timeline_dataset.csv,data/exports/final_paper_package/02_event_study_robustness_table.csv (aggregate); event-level canonical return file not committed,True,False,False,False,aggregate_only_no_event_membership_file,True,locked_event_manifest_from_committed_artifacts
locked_artifact_sample_v1_2026-05-16,1456,6fMUWOx4db4,6fMUWOx4db4,6fMUWOx4db4,Chicken Genius Singapore,UC7r4-nZ4icT8SIcnisXFSHQ,TSLA,Netflix,buy,2021-12-21,2021-12-21,external_provider,data/exports/research_grade_analysis/05_event_timeline_dataset.csv,data/exports/final_paper_package/02_event_study_robustness_table.csv (aggregate); event-level canonical return file not committed,True,True,True,True,aggregate_only_no_event_membership_file,True,locked_event_manifest_from_committed_artifacts
locked_artifact_sample_v1_2026-05-16,1457,M1kBm5mNSW4,M1kBm5mNSW4,M1kBm5mNSW4,Chicken Genius Singapore,UC7r4-nZ4icT8SIcnisXFSHQ,TSLA,Microsoft,sell,2020-06-12,2020-06-12,external_provider,data/exports/research_grade_analysis/05_event_timeline_dataset.csv,data/exports/final_paper_package/02_event_study_robustness_table.csv (aggregate); event-level canonical return file not committed,True,False,True,True,aggregate_only_no_event_membership_file,True,locked_event_manifest_from_committed_artifacts
locked_artifact_sample_v1_2026-05-16,1458,vmN375NZX18,vmN375NZX18,vmN375NZX18,CNBC Television,UC7r4-nZ4icT8SIcnisXFSHQ,NVDA,Tesla,buy,2026-05-06,2026-05-06,external_provider,data/exports/research_grade_analysis/05_event_timeline_dataset.csv,data/exports/final_paper_package/02_event_study_robustness_table.csv (aggregate); event-level canonical return file not committed,True,False,False,True,aggregate_only_no_event_membership_file,True,recent_intraday_diagnostic_available
locked_artifact_sample_v1_2026-05-16,1459,GjWWOR5YQJ0,GjWWOR5YQJ0,GjWWOR5YQJ0,Financial Education,UC7r4-nZ4icT8SIcnisXFSHQ,AMD,Apple,buy,2026-05-07,2026-05-07,external_provider,data/exports/research_grade_analysis/05_event_timeline_dataset.csv,data/exports/final_paper_package/02_event_study_robustness_table.csv (aggregate); event-level canonical return file not committed,True,False,False,True,aggregate_only_no_event_membership_file,True,recent_intraday_diagnostic_available
locked_artifact_sample_v1_2026-05-16,1460,GjWWOR5YQJ0,GjWWOR5YQJ0,GjWWOR5YQJ0,Financial Education,UC7r4-nZ4icT8SIcnisXFSHQ,AMD,Microsoft,buy,2026-05-07,2026-05-07,external_provider,data/exports/research_grade_analysis/05_event_timeline_dataset.csv,data/exports/final_paper_package/02_event_study_robustness_table.csv (aggregate); event-level canonical return file not committed,True,False,False,False,aggregate_only_no_event_membership_file,True,recent_intraday_diagnostic_available
locked_artifact_sample_v1_2026-05-16,1461,vKddLsKw1T4,vKddLsKw1T4,vKddLsKw1T4,Ale's World of Stocks,UC7r4-nZ4icT8SIcnisXFSHQ,TSLA,Microsoft,sell,2026-04-03,2026-04-06,external_provider,data/exports/research_grade_analysis/05_event_timeline_dataset.csv,data/exports/final_paper_package/02_event_study_robustness_table.csv (aggregate); event-level canonical return file not committed,True,False,True,True,aggregate_only_no_event_membership_file,True,recent_intraday_diagnostic_available
locked_artifact_sample_v1_2026-05-16,1462,vKddLsKw1T4,vKddLsKw1T4,vKddLsKw1T4,Ale's World of Stocks,UC7r4-nZ4icT8SIcnisXFSHQ,NVDA,Microsoft,buy,2026-04-03,2026-04-06,external_provider,data/exports/research_grade_analysis/05_event_timeline_dataset.csv,data/exports/final_paper_package/02_event_study_robustness_table.csv (aggregate); event-level canonical return file not committed,True,True,True,True,aggregate_only_no_event_membership_file,True,recent_intraday_diagnostic_available
locked_artifact_sample_v1_2026-05-16,1463,gIjY-GIlres,gIjY-GIlres,gIjY-GIlres,Sasha Yanshin,UC7r4-nZ4icT8SIcnisXFSHQ,TSLA,Microsoft,buy,2022-09-20,2022-09-20,external_provider,data/exports/research_grade_analysis/05_event_timeline_dataset.csv,data/exports/final_paper_package/02_event_study_robustness_table.csv (aggregate); event-level canonical return file not committed,True,True,True,True,aggregate_only_no_event_membership_file,True,locked_event_manifest_from_committed_artifacts
locked_artifact_sample_v1_2026-05-16,1464,gIjY-GIlres,gIjY-GIlres,gIjY-GIlres,Sasha Yanshin,UC7r4-nZ4icT8SIcnisXFSHQ,TSLA,Microsoft,sell,2022-09-20,2022-09-20,external_provider,data/exports/research_grade_analysis/05_event_timeline_dataset.csv,data/exports/final_paper_package/02_event_study_robustness_table.csv (aggregate); event-level canonical return file not committed,True,True,True,False,aggregate_only_no_event_membership_file,True,locked_event_manifest_from_committed_artifacts
locked_artifact_sample_v1_2026-05-16,1465,gIjY-GIlres,gIjY-GIlres,gIjY-GIlres,Sasha Yanshin,UCC7xhD0o7FBHdKXZxMRFspQ,GOOGL,Amazon,buy,2022-09-20,2022-09-20,external_provider,data/exports/research_grade_analysis/05_event_timeline_dataset.csv,data/exports/final_paper_package/02_event_study_robustness_table.csv (aggregate); event-level canonical return file not committed,True,True,True,True,aggregate_only_no_event_membership_file,True,locked_event_manifest_from_committed_artifacts
locked_artifact_sample_v1_2026-05-16,1466,gIjY-GIlres,gIjY-GIlres,gIjY-GIlres,Sasha Yanshin,UCC7xhD0o7FBHdKXZxMRFspQ,GOOGL,Nvidia,buy,2022-09-20,2022-09-20,external_provider,data/exports/research_grade_analysis/05_event_timeline_dataset.csv,data/exports/final_paper_package/02_event_study_robustness_table.csv (aggregate); event-level canonical return file not committed,True,True,True,False,aggregate_only_no_event_membership_file,True,locked_event_manifest_from_committed_artifacts
locked_artifact_sample_v1_2026-05-16,1467,gIjY-GIlres,gIjY-GIlres,gIjY-GIlres,Sasha Yanshin,UCrGLm-Drgv0vbbemwwHeXJw,AMD,Netflix,buy,2022-09-20,2022-09-20,external_provider,data/exports/research_grade_analysis/05_event_timeline_dataset.csv,data/exports/final_paper_package/02_event_study_robustness_table.csv (aggregate); event-level canonical return file not committed,True,True,True,True,aggregate_only_no_event_membership_file,True,locked_event_manifest_from_committed_artifacts
locked_artifact_sample_v1_2026-05-16,1468,gIjY-GIlres,gIjY-GIlres,gIjY-GIlres,Sasha Yanshin,UC7r4-nZ4icT8SIcnisXFSHQ,AMD,Tesla,sell,2022-09-20,2022-09-20,external_provider,data/exports/research_grade_analysis/05_event_timeline_dataset.csv,data/exports/final_paper_package/02_event_study_robustness_table.csv (aggregate); event-level canonical return file not committed,True,True,True,False,aggregate_only_no_event_membership_file,True,locked_event_manifest_from_committed_artifacts
locked_artifact_sample_v1_2026-05-16,1469,gIjY-GIlres,gIjY-GIlres,gIjY-GIlres,Sasha Yanshin,UC7r4-nZ4icT8SIcnisXFSHQ,AMD,Tesla,buy,2022-09-20,2022-09-20,external_provider,data/exports/research_grade_analysis/05_event_timeline_dataset.csv,data/exports/final_paper_package/02_event_study_robustness_table.csv (aggregate); event-level canonical return file not committed,True,True,True,False,aggregate_only_no_event_membership_file,True,locked_event_manifest_from_committed_artifacts
locked_artifact_sample_v1_2026-05-16,1470,YCNFIr6EqKM,YCNFIr6EqKM,YCNFIr6EqKM,Ticker Symbol: YOU,UC5cEHfCr6WOE1R1zcohd1IA,GOOGL,Alphabet,buy,2023-04-28,2023-04-28,external_provider,data/exports/research_grade_analysis/05_event_timeline_dataset.csv,data/exports/final_paper_package/02_event_study_robustness_table.csv (aggregate); event-level canonical return file not committed,True,False,False,True,aggregate_only_no_event_membership_file,True,locked_event_manifest_from_committed_artifacts
locked_artifact_sample_v1_2026-05-16,1471,dkit-LtWzMM,dkit-LtWzMM,dkit-LtWzMM,Everything Money,UC5cEHfCr6WOE1R1zcohd1IA,UBER,Meta,buy,2025-09-25,2025-09-25,external_provider,data/exports/research_grade_analysis/05_event_timeline_dataset.csv,data/exports/final_paper_package/02_event_study_robustness_table.csv (aggregate); event-level canonical return file not committed,True,True,True,True,aggregate_only_no_event_membership_file,True,locked_event_manifest_from_committed_artifacts
locked_artifact_sample_v1_2026-05-16,1472,dkit-LtWzMM,dkit-LtWzMM,dkit-LtWzMM,Everything Money,UCL-F-8nxFtFZ4M3RWkGn6Qw,GOOGL,Amazon,buy,2025-09-25,2025-09-25,external_provider,data/exports/research_grade_analysis/05_event_timeline_dataset.csv,data/exports/final_paper_package/02_event_study_robustness_table.csv (aggregate); event-level canonical return file not committed,True,True,True,True,aggregate_only_no_event_membership_file,True,locked_event_manifest_from_committed_artifacts
locked_artifact_sample_v1_2026-05-16,1473,PdtVTQhwPuI,PdtVTQhwPuI,PdtVTQhwPuI,Everything Money,UCL-F-8nxFtFZ4M3RWkGn6Qw,NVDA,Amazon,sell,2025-11-10,2025-11-10,external_provider,data/exports/research_grade_analysis/05_event_timeline_dataset.csv,data/exports/final_paper_package/02_event_study_robustness_table.csv (aggregate); event-level canonical return file not committed,True,True,True,True,aggregate_only_no_event_membership_file,True,locked_event_manifest_from_committed_artifacts
locked_artifact_sample_v1_2026-05-16,1474,0uosLDD-cms,0uosLDD-cms,0uosLDD-cms,Tom Nash,UCL-F-8nxFtFZ4M3RWkGn6Qw,TSLA,Amazon,sell,2024-06-13,2024-06-13,external_provider,data/exports/research_grade_analysis/05_event_timeline_dataset.csv,data/exports/final_paper_package/02_event_study_robustness_table.csv (aggregate); event-level canonical return file not committed,True,False,False,True,aggregate_only_no_event_membership_file,True,locked_event_manifest_from_committed_artifacts
locked_artifact_sample_v1_2026-05-16,1475,0uosLDD-cms,0uosLDD-cms,0uosLDD-cms,Tom Nash,UCL-F-8nxFtFZ4M3RWkGn6Qw,TSLA,Alphabet,buy,2024-06-13,2024-06-13,external_provider,data/exports/research_grade_analysis/05_event_timeline_dataset.csv,data/exports/final_paper_package/02_event_study_robustness_table.csv (aggregate); event-level canonical return file not committed,True,False,False,False,aggregate_only_no_event_membership_file,True,locked_event_manifest_from_committed_artifacts
locked_artifact_sample_v1_2026-05-16,1476,0uosLDD-cms,0uosLDD-cms,0uosLDD-cms,Tom Nash,UCL-F-8nxFtFZ4M3RWkGn6Qw,TSLA,Alphabet,sell,2024-06-13,2024-06-13,external_provider,data/exports/research_grade_analysis/05_event_timeline_dataset.csv,data/exports/final_paper_package/02_event_study_robustness_table.csv (aggregate); event-level canonical return file not committed,True,False,False,False,aggregate_only_no_event_membership_file,True,locked_event_manifest_from_committed_artifacts
locked_artifact_sample_v1_2026-05-16,1477,sYttjQo12do,sYttjQo12do,sYttjQo12do,Joseph Carlson,UCL-F-8nxFtFZ4M3RWkGn6Qw,MSFT,Microsoft,buy,2023-07-26,2023-07-26,external_provider,data/exports/research_grade_analysis/05_event_timeline_dataset.csv,data/exports/final_paper_package/02_event_study_robustness_table.csv (aggregate); event-level canonical return file not committed,True,False,False,True,aggregate_only_no_event_membership_file,True,locked_event_manifest_from_committed_artifacts
locked_artifact_sample_v1_2026-05-16,1478,HPQepscELOM,HPQepscELOM,HPQepscELOM,Everything Money,UCrGLm-Drgv0vbbemwwHeXJw,TSLA,SoFi,sell,2025-12-24,2025-12-24,external_provider,data/exports/research_grade_analysis/05_event_timeline_dataset.csv,data/exports/final_paper_package/02_event_study_robustness_table.csv (aggregate); event-level canonical return file not committed,True,False,True,True,aggregate_only_no_event_membership_file,True,locked_event_manifest_from_committed_artifacts
locked_artifact_sample_v1_2026-05-16,1479,ahTKSUiQKAw,ahTKSUiQKAw,ahTKSUiQKAw,Joseph Carlson,UC5cEHfCr6WOE1R1zcohd1IA,MSFT,,buy,2023-10-25,2023-10-25,external_provider,data/exports/research_grade_analysis/05_event_timeline_dataset.csv,data/exports/final_paper_package/02_event_study_robustness_table.csv (aggregate); event-level canonical return file not committed,True,False,False,True,aggregate_only_no_event_membership_file,True,locked_event_manifest_from_committed_artifacts
locked_artifact_sample_v1_2026-05-16,1480,ahTKSUiQKAw,ahTKSUiQKAw,ahTKSUiQKAw,Joseph Carlson,UC5cEHfCr6WOE1R1zcohd1IA,GOOGL,Microsoft,buy,2023-10-25,2023-10-25,external_provider,data/exports/research_grade_analysis/05_event_timeline_dataset.csv,data/exports/final_paper_package/02_event_study_robustness_table.csv (aggregate); event-level canonical return file not committed,True,False,False,True,aggregate_only_no_event_membership_file,True,locked_event_manifest_from_committed_artifacts
locked_artifact_sample_v1_2026-05-16,1481,6PuZ7mehLMA,6PuZ7mehLMA,6PuZ7mehLMA,Tom Nash,UC7r4-nZ4icT8SIcnisXFSHQ,NVDA,Nvidia,buy,2024-05-21,2024-05-21,external_provider,data/exports/research_grade_analysis/05_event_timeline_dataset.csv,data/exports/final_paper_package/02_event_study_robustness_table.csv (aggregate); event-level canonical return file not committed,True,False,False,True,aggregate_only_no_event_membership_file,True,locked_event_manifest_from_committed_artifacts
locked_artifact_sample_v1_2026-05-16,1482,6PuZ7mehLMA,6PuZ7mehLMA,6PuZ7mehLMA,Tom Nash,UC5cEHfCr6WOE1R1zcohd1IA,NVDA,Meta,buy,2024-05-21,2024-05-21,external_provider,data/exports/research_grade_analysis/05_event_timeline_dataset.csv,data/exports/final_paper_package/02_event_study_robustness_table.csv (aggregate); event-level canonical return file not committed,True,False,False,False,aggregate_only_no_event_membership_file,True,locked_event_manifest_from_committed_artifacts
locked_artifact_sample_v1_2026-05-16,1483,dPOOuJK4Ado,dPOOuJK4Ado,dPOOuJK4Ado,Joseph Carlson,UC5cEHfCr6WOE1R1zcohd1IA,MSFT,Meta,buy,2023-04-26,2023-04-26,external_provider,data/exports/research_grade_analysis/05_event_timeline_dataset.csv,data/exports/final_paper_package/02_event_study_robustness_table.csv (aggregate); event-level canonical return file not committed,True,False,False,True,aggregate_only_no_event_membership_file,True,locked_event_manifest_from_committed_artifacts
locked_artifact_sample_v1_2026-05-16,1484,dPOOuJK4Ado,dPOOuJK4Ado,dPOOuJK4Ado,Joseph Carlson,UC5cEHfCr6WOE1R1zcohd1IA,MSFT,Microsoft,buy,2023-04-26,2023-04-26,external_provider,data/exports/research_grade_analysis/05_event_timeline_dataset.csv,data/exports/final_paper_package/02_event_study_robustness_table.csv (aggregate); event-level canonical return file not committed,True,False,False,False,aggregate_only_no_event_membership_file,True,locked_event_manifest_from_committed_artifacts
locked_artifact_sample_v1_2026-05-16,1485,dPOOuJK4Ado,dPOOuJK4Ado,dPOOuJK4Ado,Joseph Carlson,UC5cEHfCr6WOE1R1zcohd1IA,MSFT,Microsoft,buy,2023-04-26,2023-04-26,external_provider,data/exports/research_grade_analysis/05_event_timeline_dataset.csv,data/exports/final_paper_package/02_event_study_robustness_table.csv (aggregate); event-level canonical return file not committed,True,False,False,False,aggregate_only_no_event_membership_file,True,locked_event_manifest_from_committed_artifacts
locked_artifact_sample_v1_2026-05-16,1486,dPOOuJK4Ado,dPOOuJK4Ado,dPOOuJK4Ado,Joseph Carlson,UC5cEHfCr6WOE1R1zcohd1IA,MSFT,Microsoft,buy,2023-04-26,2023-04-26,external_provider,data/exports/research_grade_analysis/05_event_timeline_dataset.csv,data/exports/final_paper_package/02_event_study_robustness_table.csv (aggregate); event-level canonical return file not committed,True,False,False,False,aggregate_only_no_event_membership_file,True,locked_event_manifest_from_committed_artifacts
locked_artifact_sample_v1_2026-05-16,1487,dPOOuJK4Ado,dPOOuJK4Ado,dPOOuJK4Ado,Joseph Carlson,UC5cEHfCr6WOE1R1zcohd1IA,AAPL,,buy,2023-04-26,2023-04-26,external_provider,data/exports/research_grade_analysis/05_event_timeline_dataset.csv,data/exports/final_paper_package/02_event_study_robustness_table.csv (aggregate); event-level canonical return file not committed,True,True,False,True,aggregate_only_no_event_membership_file,True,locked_event_manifest_from_committed_artifacts
locked_artifact_sample_v1_2026-05-16,1488,dPOOuJK4Ado,dPOOuJK4Ado,dPOOuJK4Ado,Joseph Carlson,UC5cEHfCr6WOE1R1zcohd1IA,GOOGL,,buy,2023-04-26,2023-04-26,external_provider,data/exports/research_grade_analysis/05_event_timeline_dataset.csv,data/exports/final_paper_package/02_event_study_robustness_table.csv (aggregate); event-level canonical return file not committed,True,False,False,True,aggregate_only_no_event_membership_file,True,locked_event_manifest_from_committed_artifacts
locked_artifact_sample_v1_2026-05-16,1489,lh0kD7YuGD4,lh0kD7YuGD4,lh0kD7YuGD4,Sasha Yanshin,UC5cEHfCr6WOE1R1zcohd1IA,AAPL,Tesla,sell,2022-10-12,2022-10-12,external_provider,data/exports/research_grade_analysis/05_event_timeline_dataset.csv,data/exports/final_paper_package/02_event_study_robustness_table.csv (aggregate); event-level canonical return file not committed,True,True,False,True,aggregate_only_no_event_membership_file,True,locked_event_manifest_from_committed_artifacts
locked_artifact_sample_v1_2026-05-16,1490,OlCltuMxiXE,OlCltuMxiXE,OlCltuMxiXE,Chicken Genius Singapore,UC5cEHfCr6WOE1R1zcohd1IA,TSLA,Tesla,buy,2021-12-10,2021-12-10,external_provider,data/exports/research_grade_analysis/05_event_timeline_dataset.csv,data/exports/final_paper_package/02_event_study_robustness_table.csv (aggregate); event-level canonical return file not committed,True,True,True,True,aggregate_only_no_event_membership_file,True,locked_event_manifest_from_committed_artifacts
locked_artifact_sample_v1_2026-05-16,1491,UUuCDQFtjds,UUuCDQFtjds,UUuCDQFtjds,Sasha Yanshin,UC5cEHfCr6WOE1R1zcohd1IA,AMZN,,buy,2023-06-19,2023-06-20,external_provider,data/exports/research_grade_analysis/05_event_timeline_dataset.csv,data/exports/final_paper_package/02_event_study_robustness_table.csv (aggregate); event-level canonical return file not committed,True,True,False,True,aggregate_only_no_event_membership_file,True,locked_event_manifest_from_committed_artifacts
locked_artifact_sample_v1_2026-05-16,1492,UUuCDQFtjds,UUuCDQFtjds,UUuCDQFtjds,Sasha Yanshin,UC5cEHfCr6WOE1R1zcohd1IA,AMZN,Meta,sell,2023-06-19,2023-06-20,external_provider,data/exports/research_grade_analysis/05_event_timeline_dataset.csv,data/exports/final_paper_package/02_event_study_robustness_table.csv (aggregate); event-level canonical return file not committed,True,True,False,False,aggregate_only_no_event_membership_file,True,locked_event_manifest_from_committed_artifacts
locked_artifact_sample_v1_2026-05-16,1493,UUuCDQFtjds,UUuCDQFtjds,UUuCDQFtjds,Sasha Yanshin,UCwKB_00dPL3x5XmHF9IJCrg,AMZN,Netflix,buy,2023-06-19,2023-06-20,external_provider,data/exports/research_grade_analysis/05_event_timeline_dataset.csv,data/exports/final_paper_package/02_event_study_robustness_table.csv (aggregate); event-level canonical return file not committed,True,True,False,False,aggregate_only_no_event_membership_file,True,locked_event_manifest_from_committed_artifacts
locked_artifact_sample_v1_2026-05-16,1494,7g-IR9gGUD0,7g-IR9gGUD0,7g-IR9gGUD0,Chris Sain,UCrGLm-Drgv0vbbemwwHeXJw,GOOGL,Alphabet,buy,2025-10-30,2025-10-30,external_provider,data/exports/research_grade_analysis/05_event_timeline_dataset.csv,data/exports/final_paper_package/02_event_study_robustness_table.csv (aggregate); event-level canonical return file not committed,True,False,False,True,aggregate_only_no_event_membership_file,True,locked_event_manifest_from_committed_artifacts
locked_artifact_sample_v1_2026-05-16,1495,i5kzzv916Ss,i5kzzv916Ss,i5kzzv916Ss,CNBC Television,UCC7xhD0o7FBHdKXZxMRFspQ,AAPL,Nvidia,buy,2026-05-04,2026-05-04,external_provider,data/exports/research_grade_analysis/05_event_timeline_dataset.csv,data/exports/final_paper_package/02_event_study_robustness_table.csv (aggregate); event-level canonical return file not committed,True,False,False,False,aggregate_only_no_event_membership_file,True,recent_intraday_diagnostic_available
locked_artifact_sample_v1_2026-05-16,1496,d60Rc8mkuCY,d60Rc8mkuCY,d60Rc8mkuCY,Chicken Genius Singapore,UCrGLm-Drgv0vbbemwwHeXJw,TSLA,PayPal,buy,2021-12-31,2021-12-31,external_provider,data/exports/research_grade_analysis/05_event_timeline_dataset.csv,data/exports/final_paper_package/02_event_study_robustness_table.csv (aggregate); event-level canonical return file not committed,True,False,True,True,aggregate_only_no_event_membership_file,True,locked_event_manifest_from_committed_artifacts
locked_artifact_sample_v1_2026-05-16,1497,d60Rc8mkuCY,d60Rc8mkuCY,d60Rc8mkuCY,Chicken Genius Singapore,UCrGLm-Drgv0vbbemwwHeXJw,SQ,Netflix,sell,2021-12-31,nan,external_provider,data/exports/research_grade_analysis/05_event_timeline_dataset.csv,data/exports/final_paper_package/02_event_study_robustness_table.csv (aggregate); event-level canonical return file not committed,True,True,True,True,aggregate_only_no_event_membership_file,True,locked_event_manifest_from_committed_artifacts
locked_artifact_sample_v1_2026-05-16,1498,mOCbunawYrQ,mOCbunawYrQ,mOCbunawYrQ,Chicken Genius Singapore,UC7r4-nZ4icT8SIcnisXFSHQ,TSLA,Tesla,buy,2020-05-18,2020-05-18,external_provider,data/exports/research_grade_analysis/05_event_timeline_dataset.csv,data/exports/final_paper_package/02_event_study_robustness_table.csv (aggregate); event-level canonical return file not committed,True,True,True,True,aggregate_only_no_event_membership_file,True,locked_event_manifest_from_committed_artifacts
locked_artifact_sample_v1_2026-05-16,1499,jOmqhieG_EI,jOmqhieG_EI,jOmqhieG_EI,Sasha Yanshin,UCL-F-8nxFtFZ4M3RWkGn6Qw,TSLA,Amazon,buy,2023-10-31,2023-10-31,external_provider,data/exports/research_grade_analysis/05_event_timeline_dataset.csv,data/exports/final_paper_package/02_event_study_robustness_table.csv (aggregate); event-level canonical return file not committed,True,True,False,True,aggregate_only_no_event_membership_file,True,locked_event_manifest_from_committed_artifacts
locked_artifact_sample_v1_2026-05-16,1500,QjJxYRv6xkw,QjJxYRv6xkw,QjJxYRv6xkw,Chicken Genius Singapore,UCL-F-8nxFtFZ4M3RWkGn6Qw,TSLA,Alphabet,buy,2021-06-04,2021-06-04,external_provider,data/exports/research_grade_analysis/05_event_timeline_dataset.csv,data/exports/final_paper_package/02_event_study_robustness_table.csv (aggregate); event-level canonical return file not committed,True,False,True,True,aggregate_only_no_event_membership_file,True,locked_event_manifest_from_committed_artifacts
locked_artifact_sample_v1_2026-05-16,1501,zZSolXGIFvQ,zZSolXGIFvQ,zZSolXGIFvQ,Sasha Yanshin,UCL-F-8nxFtFZ4M3RWkGn6Qw,AMD,Alphabet,buy,2023-02-13,2023-02-13,external_provider,data/exports/research_grade_analysis/05_event_timeline_dataset.csv,data/exports/final_paper_package/02_event_study_robustness_table.csv (aggregate); event-level canonical return file not committed,True,False,False,True,aggregate_only_no_event_membership_file,True,locked_event_manifest_from_committed_artifacts
locked_artifact_sample_v1_2026-05-16,1502,zZSolXGIFvQ,zZSolXGIFvQ,zZSolXGIFvQ,Sasha Yanshin,UCL-F-8nxFtFZ4M3RWkGn6Qw,AMZN,Alphabet,buy,2023-02-13,2023-02-13,external_provider,data/exports/research_grade_analysis/05_event_timeline_dataset.csv,data/exports/final_paper_package/02_event_study_robustness_table.csv (aggregate); event-level canonical return file not committed,True,True,False,True,aggregate_only_no_event_membership_file,True,locked_event_manifest_from_committed_artifacts
locked_artifact_sample_v1_2026-05-16,1503,zZSolXGIFvQ,zZSolXGIFvQ,zZSolXGIFvQ,Sasha Yanshin,UCL-F-8nxFtFZ4M3RWkGn6Qw,MSFT,Amazon,buy,2023-02-13,2023-02-13,external_provider,data/exports/research_grade_analysis/05_event_timeline_dataset.csv,data/exports/final_paper_package/02_event_study_robustness_table.csv (aggregate); event-level canonical return file not committed,True,True,False,True,aggregate_only_no_event_membership_file,True,locked_event_manifest_from_committed_artifacts
locked_artifact_sample_v1_2026-05-16,1504,CN_71w-T9Fw,CN_71w-T9Fw,CN_71w-T9Fw,Sasha Yanshin,UC5cEHfCr6WOE1R1zcohd1IA,AMD,Microsoft,buy,2023-05-22,2023-05-22,external_provider,data/exports/research_grade_analysis/05_event_timeline_dataset.csv,data/exports/final_paper_package/02_event_study_robustness_table.csv (aggregate); event-level canonical return file not committed,True,False,False,True,aggregate_only_no_event_membership_file,True,locked_event_manifest_from_committed_artifacts
locked_artifact_sample_v1_2026-05-16,1505,CN_71w-T9Fw,CN_71w-T9Fw,CN_71w-T9Fw,Sasha Yanshin,UC5cEHfCr6WOE1R1zcohd1IA,AMD,,buy,2023-05-22,2023-05-22,external_provider,data/exports/research_grade_analysis/05_event_timeline_dataset.csv,data/exports/final_paper_package/02_event_study_robustness_table.csv (aggregate); event-level canonical return file not committed,True,False,False,False,aggregate_only_no_event_membership_file,True,locked_event_manifest_from_committed_artifacts
locked_artifact_sample_v1_2026-05-16,1506,CN_71w-T9Fw,CN_71w-T9Fw,CN_71w-T9Fw,Sasha Yanshin,UC5cEHfCr6WOE1R1zcohd1IA,TSLA,Nvidia,buy,2023-05-22,2023-05-22,external_provider,data/exports/research_grade_analysis/05_event_timeline_dataset.csv,data/exports/final_paper_package/02_event_study_robustness_table.csv (aggregate); event-level canonical return file not committed,True,False,False,True,aggregate_only_no_event_membership_file,True,locked_event_manifest_from_committed_artifacts
locked_artifact_sample_v1_2026-05-16,1507,yLRYjV8t2qc,yLRYjV8t2qc,yLRYjV8t2qc,Sasha Yanshin,UC5cEHfCr6WOE1R1zcohd1IA,MSFT,Nvidia,buy,2023-11-20,2023-11-20,external_provider,data/exports/research_grade_analysis/05_event_timeline_dataset.csv,data/exports/final_paper_package/02_event_study_robustness_table.csv (aggregate); event-level canonical return file not committed,True,True,False,True,aggregate_only_no_event_membership_file,True,locked_event_manifest_from_committed_artifacts
locked_artifact_sample_v1_2026-05-16,1508,hJpcuF8JeQM,hJpcuF8JeQM,hJpcuF8JeQM,Chicken Genius Singapore,UC5cEHfCr6WOE1R1zcohd1IA,TSLA,,buy,2020-07-10,2020-07-10,external_provider,data/exports/research_grade_analysis/05_event_timeline_dataset.csv,data/exports/final_paper_package/02_event_study_robustness_table.csv (aggregate); event-level canonical return file not committed,True,False,True,True,aggregate_only_no_event_membership_file,True,locked_event_manifest_from_committed_artifacts
locked_artifact_sample_v1_2026-05-16,1509,hJpcuF8JeQM,hJpcuF8JeQM,hJpcuF8JeQM,Chicken Genius Singapore,UC5cEHfCr6WOE1R1zcohd1IA,TSLA,,buy,2020-07-10,2020-07-10,external_provider,data/exports/research_grade_analysis/05_event_timeline_dataset.csv,data/exports/final_paper_package/02_event_study_robustness_table.csv (aggregate); event-level canonical return file not committed,True,False,True,False,aggregate_only_no_event_membership_file,True,locked_event_manifest_from_committed_artifacts
locked_artifact_sample_v1_2026-05-16,1510,wbX-RwHnF3M,wbX-RwHnF3M,wbX-RwHnF3M,Sasha Yanshin,UC5cEHfCr6WOE1R1zcohd1IA,TSLA,,sell,2023-01-03,2023-01-03,external_provider,data/exports/research_grade_analysis/05_event_timeline_dataset.csv,data/exports/final_paper_package/02_event_study_robustness_table.csv (aggregate); event-level canonical return file not committed,True,False,False,True,aggregate_only_no_event_membership_file,True,locked_event_manifest_from_committed_artifacts
locked_artifact_sample_v1_2026-05-16,1511,vzvdXPlN49Y,vzvdXPlN49Y,vzvdXPlN49Y,Sasha Yanshin,UC5cEHfCr6WOE1R1zcohd1IA,TSLA,,buy,2023-03-02,2023-03-02,external_provider,data/exports/research_grade_analysis/05_event_timeline_dataset.csv,data/exports/final_paper_package/02_event_study_robustness_table.csv (aggregate); event-level canonical return file not committed,True,True,False,True,aggregate_only_no_event_membership_file,True,locked_event_manifest_from_committed_artifacts
locked_artifact_sample_v1_2026-05-16,1512,vzvdXPlN49Y,vzvdXPlN49Y,vzvdXPlN49Y,Sasha Yanshin,UC5cEHfCr6WOE1R1zcohd1IA,TSLA,,buy,2023-03-02,2023-03-02,external_provider,data/exports/research_grade_analysis/05_event_timeline_dataset.csv,data/exports/final_paper_package/02_event_study_robustness_table.csv (aggregate); event-level canonical return file not committed,True,True,False,False,aggregate_only_no_event_membership_file,True,locked_event_manifest_from_committed_artifacts
locked_artifact_sample_v1_2026-05-16,1513,vzvdXPlN49Y,vzvdXPlN49Y,vzvdXPlN49Y,Sasha Yanshin,UC5cEHfCr6WOE1R1zcohd1IA,TSLA,,buy,2023-03-02,2023-03-02,external_provider,data/exports/research_grade_analysis/05_event_timeline_dataset.csv,data/exports/final_paper_package/02_event_study_robustness_table.csv (aggregate); event-level canonical return file not committed,True,True,False,False,aggregate_only_no_event_membership_file,True,locked_event_manifest_from_committed_artifacts
locked_artifact_sample_v1_2026-05-16,1514,vzvdXPlN49Y,vzvdXPlN49Y,vzvdXPlN49Y,Sasha Yanshin,UC5cEHfCr6WOE1R1zcohd1IA,TSLA,,buy,2023-03-02,2023-03-02,external_provider,data/exports/research_grade_analysis/05_event_timeline_dataset.csv,data/exports/final_paper_package/02_event_study_robustness_table.csv (aggregate); event-level canonical return file not committed,True,True,False,False,aggregate_only_no_event_membership_file,True,locked_event_manifest_from_committed_artifacts
locked_artifact_sample_v1_2026-05-16,1515,gyDg8FreQEA,gyDg8FreQEA,gyDg8FreQEA,Joseph Carlson,UC5cEHfCr6WOE1R1zcohd1IA,MSFT,,buy,2022-11-09,2022-11-09,external_provider,data/exports/research_grade_analysis/05_event_timeline_dataset.csv,data/exports/final_paper_package/02_event_study_robustness_table.csv (aggregate); event-level canonical return file not committed,True,True,False,True,aggregate_only_no_event_membership_file,True,locked_event_manifest_from_committed_artifacts
locked_artifact_sample_v1_2026-05-16,1516,pweXDkdzqg8,pweXDkdzqg8,pweXDkdzqg8,Chicken Genius Singapore,UC5cEHfCr6WOE1R1zcohd1IA,TSLA,PayPal,buy,2020-11-27,2020-11-27,external_provider,data/exports/research_grade_analysis/05_event_timeline_dataset.csv,data/exports/final_paper_package/02_event_study_robustness_table.csv (aggregate); event-level canonical return file not committed,True,True,False,True,aggregate_only_no_event_membership_file,True,locked_event_manifest_from_committed_artifacts
locked_artifact_sample_v1_2026-05-16,1517,ZqqCwJLwR2o,ZqqCwJLwR2o,ZqqCwJLwR2o,Ticker Symbol: YOU,UC5cEHfCr6WOE1R1zcohd1IA,NVDA,Meta,buy,2022-11-14,2022-11-14,external_provider,data/exports/research_grade_analysis/05_event_timeline_dataset.csv,data/exports/final_paper_package/02_event_study_robustness_table.csv (aggregate); event-level canonical return file not committed,True,False,False,True,aggregate_only_no_event_membership_file,True,locked_event_manifest_from_committed_artifacts
locked_artifact_sample_v1_2026-05-16,1518,ZqqCwJLwR2o,ZqqCwJLwR2o,ZqqCwJLwR2o,Ticker Symbol: YOU,UC5cEHfCr6WOE1R1zcohd1IA,AMD,Meta,buy,2022-11-14,2022-11-14,external_provider,data/exports/research_grade_analysis/05_event_timeline_dataset.csv,data/exports/final_paper_package/02_event_study_robustness_table.csv (aggregate); event-level canonical return file not committed,True,False,False,True,aggregate_only_no_event_membership_file,True,locked_event_manifest_from_committed_artifacts
locked_artifact_sample_v1_2026-05-16,1519,ZqqCwJLwR2o,ZqqCwJLwR2o,ZqqCwJLwR2o,Ticker Symbol: YOU,UCL-F-8nxFtFZ4M3RWkGn6Qw,AMD,Nvidia,buy,2022-11-14,2022-11-14,external_provider,data/exports/research_grade_analysis/05_event_timeline_dataset.csv,data/exports/final_paper_package/02_event_study_robustness_table.csv (aggregate); event-level canonical return file not committed,True,False,False,False,aggregate_only_no_event_membership_file,True,locked_event_manifest_from_committed_artifacts
locked_artifact_sample_v1_2026-05-16,1520,mK6OFOtZ3jA,mK6OFOtZ3jA,mK6OFOtZ3jA,Ticker Symbol: YOU,UCrGLm-Drgv0vbbemwwHeXJw,GOOGL,PayPal,sell,2023-01-31,2023-01-31,external_provider,data/exports/research_grade_analysis/05_event_timeline_dataset.csv,data/exports/final_paper_package/02_event_study_robustness_table.csv (aggregate); event-level canonical return file not committed,True,False,False,True,aggregate_only_no_event_membership_file,True,locked_event_manifest_from_committed_artifacts
locked_artifact_sample_v1_2026-05-16,1521,mK6OFOtZ3jA,mK6OFOtZ3jA,mK6OFOtZ3jA,Ticker Symbol: YOU,UC5cEHfCr6WOE1R1zcohd1IA,MSFT,Microsoft,buy,2023-01-31,2023-01-31,external_provider,data/exports/research_grade_analysis/05_event_timeline_dataset.csv,data/exports/final_paper_package/02_event_study_robustness_table.csv (aggregate); event-level canonical return file not committed,True,False,False,True,aggregate_only_no_event_membership_file,True,locked_event_manifest_from_committed_artifacts
locked_artifact_sample_v1_2026-05-16,1522,mK6OFOtZ3jA,mK6OFOtZ3jA,mK6OFOtZ3jA,Ticker Symbol: YOU,UC5cEHfCr6WOE1R1zcohd1IA,NFLX,Microsoft,buy,2023-01-31,2023-01-31,external_provider,data/exports/research_grade_analysis/05_event_timeline_dataset.csv,data/exports/final_paper_package/02_event_study_robustness_table.csv (aggregate); event-level canonical return file not committed,True,True,False,True,aggregate_only_no_event_membership_file,True,locked_event_manifest_from_committed_artifacts
locked_artifact_sample_v1_2026-05-16,1523,THPABU-UGT8,THPABU-UGT8,THPABU-UGT8,Ticker Symbol: YOU,UC5cEHfCr6WOE1R1zcohd1IA,TSLA,Microsoft,sell,2023-10-28,2023-10-30,external_provider,data/exports/research_grade_analysis/05_event_timeline_dataset.csv,data/exports/final_paper_package/02_event_study_robustness_table.csv (aggregate); event-level canonical return file not committed,True,False,True,True,aggregate_only_no_event_membership_file,True,locked_event_manifest_from_committed_artifacts
locked_artifact_sample_v1_2026-05-16,1524,THPABU-UGT8,THPABU-UGT8,THPABU-UGT8,Ticker Symbol: YOU,UC5cEHfCr6WOE1R1zcohd1IA,TSLA,Nvidia,sell,2023-10-28,2023-10-30,external_provider,data/exports/research_grade_analysis/05_event_timeline_dataset.csv,data/exports/final_paper_package/02_event_study_robustness_table.csv (aggregate); event-level canonical return file not committed,True,False,True,False,aggregate_only_no_event_membership_file,True,locked_event_manifest_from_committed_artifacts
locked_artifact_sample_v1_2026-05-16,1525,THPABU-UGT8,THPABU-UGT8,THPABU-UGT8,Ticker Symbol: YOU,UC7r4-nZ4icT8SIcnisXFSHQ,TSLA,Microsoft,sell,2023-10-28,2023-10-30,external_provider,data/exports/research_grade_analysis/05_event_timeline_dataset.csv,data/exports/final_paper_package/02_event_study_robustness_table.csv (aggregate); event-level canonical return file not committed,True,False,True,False,aggregate_only_no_event_membership_file,True,locked_event_manifest_from_committed_artifacts
locked_artifact_sample_v1_2026-05-16,1526,PxlA2qAQxO8,PxlA2qAQxO8,PxlA2qAQxO8,HyperChange,UCL-F-8nxFtFZ4M3RWkGn6Qw,TSLA,Netflix,buy,2024-01-17,2024-01-17,external_provider,data/exports/research_grade_analysis/05_event_timeline_dataset.csv,data/exports/final_paper_package/02_event_study_robustness_table.csv (aggregate); event-level canonical return file not committed,True,False,False,True,aggregate_only_no_event_membership_file,True,locked_event_manifest_from_committed_artifacts
locked_artifact_sample_v1_2026-05-16,1527,PxlA2qAQxO8,PxlA2qAQxO8,PxlA2qAQxO8,HyperChange,UC5cEHfCr6WOE1R1zcohd1IA,TSLA,Microsoft,buy,2024-01-17,2024-01-17,external_provider,data/exports/research_grade_analysis/05_event_timeline_dataset.csv,data/exports/final_paper_package/02_event_study_robustness_table.csv (aggregate); event-level canonical return file not committed,True,False,False,False,aggregate_only_no_event_membership_file,True,locked_event_manifest_from_committed_artifacts
locked_artifact_sample_v1_2026-05-16,1528,PxlA2qAQxO8,PxlA2qAQxO8,PxlA2qAQxO8,HyperChange,UC5cEHfCr6WOE1R1zcohd1IA,TSLA,Nvidia,buy,2024-01-17,2024-01-17,external_provider,data/exports/research_grade_analysis/05_event_timeline_dataset.csv,data/exports/final_paper_package/02_event_study_robustness_table.csv (aggregate); event-level canonical return file not committed,True,False,False,False,aggregate_only_no_event_membership_file,True,locked_event_manifest_from_committed_artifacts
locked_artifact_sample_v1_2026-05-16,1529,PxlA2qAQxO8,PxlA2qAQxO8,PxlA2qAQxO8,HyperChange,UC5cEHfCr6WOE1R1zcohd1IA,TSLA,Meta,buy,2024-01-17,2024-01-17,external_provider,data/exports/research_grade_analysis/05_event_timeline_dataset.csv,data/exports/final_paper_package/02_event_study_robustness_table.csv (aggregate); event-level canonical return file not committed,True,False,False,False,aggregate_only_no_event_membership_file,True,locked_event_manifest_from_committed_artifacts
locked_artifact_sample_v1_2026-05-16,1530,PxlA2qAQxO8,PxlA2qAQxO8,PxlA2qAQxO8,HyperChange,UC5cEHfCr6WOE1R1zcohd1IA,TSLA,Netflix,buy,2024-01-17,2024-01-17,external_provider,data/exports/research_grade_analysis/05_event_timeline_dataset.csv,data/exports/final_paper_package/02_event_study_robustness_table.csv (aggregate); event-level canonical return file not committed,True,False,False,False,aggregate_only_no_event_membership_file,True,locked_event_manifest_from_committed_artifacts
locked_artifact_sample_v1_2026-05-16,1531,PxlA2qAQxO8,PxlA2qAQxO8,PxlA2qAQxO8,HyperChange,UC5cEHfCr6WOE1R1zcohd1IA,TSLA,Netflix,buy,2024-01-17,2024-01-17,external_provider,data/exports/research_grade_analysis/05_event_timeline_dataset.csv,data/exports/final_paper_package/02_event_study_robustness_table.csv (aggregate); event-level canonical return file not committed,True,False,False,False,aggregate_only_no_event_membership_file,True,locked_event_manifest_from_committed_artifacts
locked_artifact_sample_v1_2026-05-16,1532,PxlA2qAQxO8,PxlA2qAQxO8,PxlA2qAQxO8,HyperChange,UCL-F-8nxFtFZ4M3RWkGn6Qw,TSLA,Tesla,buy,2024-01-17,2024-01-17,external_provider,data/exports/research_grade_analysis/05_event_timeline_dataset.csv,data/exports/final_paper_package/02_event_study_robustness_table.csv (aggregate); event-level canonical return file not committed,True,False,False,False,aggregate_only_no_event_membership_file,True,locked_event_manifest_from_committed_artifacts
locked_artifact_sample_v1_2026-05-16,1533,PxlA2qAQxO8,PxlA2qAQxO8,PxlA2qAQxO8,HyperChange,UCL-F-8nxFtFZ4M3RWkGn6Qw,TSLA,Tesla,buy,2024-01-17,2024-01-17,external_provider,data/exports/research_grade_analysis/05_event_timeline_dataset.csv,data/exports/final_paper_package/02_event_study_robustness_table.csv (aggregate); event-level canonical return file not committed,True,False,False,False,aggregate_only_no_event_membership_file,True,locked_event_manifest_from_committed_artifacts
locked_artifact_sample_v1_2026-05-16,1534,PxlA2qAQxO8,PxlA2qAQxO8,PxlA2qAQxO8,HyperChange,UC5cEHfCr6WOE1R1zcohd1IA,TSLA,Meta,buy,2024-01-17,2024-01-17,external_provider,data/exports/research_grade_analysis/05_event_timeline_dataset.csv,data/exports/final_paper_package/02_event_study_robustness_table.csv (aggregate); event-level canonical return file not committed,True,False,False,False,aggregate_only_no_event_membership_file,True,locked_event_manifest_from_committed_artifacts
locked_artifact_sample_v1_2026-05-16,1535,PxlA2qAQxO8,PxlA2qAQxO8,PxlA2qAQxO8,HyperChange,UC5cEHfCr6WOE1R1zcohd1IA,TSLA,Microsoft,buy,2024-01-17,2024-01-17,external_provider,data/exports/research_grade_analysis/05_event_timeline_dataset.csv,data/exports/final_paper_package/02_event_study_robustness_table.csv (aggregate); event-level canonical return file not committed,True,False,False,False,aggregate_only_no_event_membership_file,True,locked_event_manifest_from_committed_artifacts
locked_artifact_sample_v1_2026-05-16,1536,PxlA2qAQxO8,PxlA2qAQxO8,PxlA2qAQxO8,HyperChange,UC5cEHfCr6WOE1R1zcohd1IA,TSLA,Microsoft,buy,2024-01-17,2024-01-17,external_provider,data/exports/research_grade_analysis/05_event_timeline_dataset.csv,data/exports/final_paper_package/02_event_study_robustness_table.csv (aggregate); event-level canonical return file not committed,True,False,False,False,aggregate_only_no_event_membership_file,True,locked_event_manifest_from_committed_artifacts
locked_artifact_sample_v1_2026-05-16,1537,PxlA2qAQxO8,PxlA2qAQxO8,PxlA2qAQxO8,HyperChange,UC5cEHfCr6WOE1R1zcohd1IA,NFLX,Microsoft,buy,2024-01-17,2024-01-17,external_provider,data/exports/research_grade_analysis/05_event_timeline_dataset.csv,data/exports/final_paper_package/02_event_study_robustness_table.csv (aggregate); event-level canonical return file not committed,True,False,False,True,aggregate_only_no_event_membership_file,True,locked_event_manifest_from_committed_artifacts
locked_artifact_sample_v1_2026-05-16,1538,PxlA2qAQxO8,PxlA2qAQxO8,PxlA2qAQxO8,HyperChange,UC5cEHfCr6WOE1R1zcohd1IA,AMZN,Microsoft,buy,2024-01-17,2024-01-17,external_provider,data/exports/research_grade_analysis/05_event_timeline_dataset.csv,data/exports/final_paper_package/02_event_study_robustness_table.csv (aggregate); event-level canonical return file not committed,True,True,False,True,aggregate_only_no_event_membership_file,True,locked_event_manifest_from_committed_artifacts
locked_artifact_sample_v1_2026-05-16,1539,PxlA2qAQxO8,PxlA2qAQxO8,PxlA2qAQxO8,HyperChange,UC5cEHfCr6WOE1R1zcohd1IA,MSFT,Tesla,buy,2024-01-17,2024-01-17,external_provider,data/exports/research_grade_analysis/05_event_timeline_dataset.csv,data/exports/final_paper_package/02_event_study_robustness_table.csv (aggregate); event-level canonical return file not committed,True,False,False,True,aggregate_only_no_event_membership_file,True,locked_event_manifest_from_committed_artifacts
locked_artifact_sample_v1_2026-05-16,1540,PxlA2qAQxO8,PxlA2qAQxO8,PxlA2qAQxO8,HyperChange,UC5cEHfCr6WOE1R1zcohd1IA,MSFT,,buy,2024-01-17,2024-01-17,external_provider,data/exports/research_grade_analysis/05_event_timeline_dataset.csv,data/exports/final_paper_package/02_event_study_robustness_table.csv (aggregate); event-level canonical return file not committed,True,False,False,False,aggregate_only_no_event_membership_file,True,locked_event_manifest_from_committed_artifacts
locked_artifact_sample_v1_2026-05-16,1541,PxlA2qAQxO8,PxlA2qAQxO8,PxlA2qAQxO8,HyperChange,UC5cEHfCr6WOE1R1zcohd1IA,AAPL,,buy,2024-01-17,2024-01-17,external_provider,data/exports/research_grade_analysis/05_event_timeline_dataset.csv,data/exports/final_paper_package/02_event_study_robustness_table.csv (aggregate); event-level canonical return file not committed,True,True,False,True,aggregate_only_no_event_membership_file,True,locked_event_manifest_from_committed_artifacts
locked_artifact_sample_v1_2026-05-16,1542,7qP-8H1OOWI,7qP-8H1OOWI,7qP-8H1OOWI,Ticker Symbol: YOU,UC5cEHfCr6WOE1R1zcohd1IA,GOOGL,Nvidia,buy,2024-04-10,2024-04-10,external_provider,data/exports/research_grade_analysis/05_event_timeline_dataset.csv,data/exports/final_paper_package/02_event_study_robustness_table.csv (aggregate); event-level canonical return file not committed,True,True,False,True,aggregate_only_no_event_membership_file,True,locked_event_manifest_from_committed_artifacts
locked_artifact_sample_v1_2026-05-16,1543,nkVt_oNlFeA,nkVt_oNlFeA,nkVt_oNlFeA,Ticker Symbol: YOU,UC5cEHfCr6WOE1R1zcohd1IA,AMD,Netflix,sell,2024-11-02,2024-11-04,external_provider,data/exports/research_grade_analysis/05_event_timeline_dataset.csv,data/exports/final_paper_package/02_event_study_robustness_table.csv (aggregate); event-level canonical return file not committed,True,False,True,True,aggregate_only_no_event_membership_file,True,locked_event_manifest_from_committed_artifacts
locked_artifact_sample_v1_2026-05-16,1544,nkVt_oNlFeA,nkVt_oNlFeA,nkVt_oNlFeA,Ticker Symbol: YOU,UCC7xhD0o7FBHdKXZxMRFspQ,AMD,Alphabet,sell,2024-11-02,2024-11-04,external_provider,data/exports/research_grade_analysis/05_event_timeline_dataset.csv,data/exports/final_paper_package/02_event_study_robustness_table.csv (aggregate); event-level canonical return file not committed,True,False,True,False,aggregate_only_no_event_membership_file,True,locked_event_manifest_from_committed_artifacts
locked_artifact_sample_v1_2026-05-16,1545,fX05yIuHD_4,fX05yIuHD_4,fX05yIuHD_4,Ticker Symbol: YOU,UCL-F-8nxFtFZ4M3RWkGn6Qw,AMD,Microsoft,buy,2025-10-09,2025-10-09,external_provider,data/exports/research_grade_analysis/05_event_timeline_dataset.csv,data/exports/final_paper_package/02_event_study_robustness_table.csv (aggregate); event-level canonical return file not committed,True,False,False,True,aggregate_only_no_event_membership_file,True,locked_event_manifest_from_committed_artifacts
locked_artifact_sample_v1_2026-05-16,1546,ZZ2nWg1QhR4,ZZ2nWg1QhR4,ZZ2nWg1QhR4,Ticker Symbol: YOU,UCL-F-8nxFtFZ4M3RWkGn6Qw,NVDA,Amazon,buy,2025-12-04,2025-12-04,external_provider,data/exports/research_grade_analysis/05_event_timeline_dataset.csv,data/exports/final_paper_package/02_event_study_robustness_table.csv (aggregate); event-level canonical return file not committed,True,True,False,True,aggregate_only_no_event_membership_file,True,locked_event_manifest_from_committed_artifacts
locked_artifact_sample_v1_2026-05-16,1547,ZZ2nWg1QhR4,ZZ2nWg1QhR4,ZZ2nWg1QhR4,Ticker Symbol: YOU,UCgCh-2AfEBtWrNBC2OoNQYg,GOOGL,Microsoft,buy,2025-12-04,2025-12-04,external_provider,data/exports/research_grade_analysis/05_event_timeline_dataset.csv,data/exports/final_paper_package/02_event_study_robustness_table.csv (aggregate); event-level canonical return file not committed,True,True,False,True,aggregate_only_no_event_membership_file,True,locked_event_manifest_from_committed_artifacts
locked_artifact_sample_v1_2026-05-16,1548,ZZ2nWg1QhR4,ZZ2nWg1QhR4,ZZ2nWg1QhR4,Ticker Symbol: YOU,UC7r4-nZ4icT8SIcnisXFSHQ,META,Netflix,buy,2025-12-04,2025-12-04,external_provider,data/exports/research_grade_analysis/05_event_timeline_dataset.csv,data/exports/final_paper_package/02_event_study_robustness_table.csv (aggregate); event-level canonical return file not committed,True,True,False,True,aggregate_only_no_event_membership_file,True,locked_event_manifest_from_committed_artifacts
locked_artifact_sample_v1_2026-05-16,1549,yXteEgwyBic,yXteEgwyBic,yXteEgwyBic,Best of Us Investors,UC7r4-nZ4icT8SIcnisXFSHQ,MSFT,Netflix,sell,2026-01-26,2026-01-26,external_provider,data/exports/research_grade_analysis/05_event_timeline_dataset.csv,data/exports/final_paper_package/02_event_study_robustness_table.csv (aggregate); event-level canonical return file not committed,True,False,True,True,aggregate_only_no_event_membership_file,True,locked_event_manifest_from_committed_artifacts
locked_artifact_sample_v1_2026-05-16,1550,KBrtDu1-xBM,KBrtDu1-xBM,KBrtDu1-xBM,Best of Us Investors,UC7r4-nZ4icT8SIcnisXFSHQ,AMZN,Microsoft,buy,2026-03-17,2026-03-17,external_provider,data/exports/research_grade_analysis/05_event_timeline_dataset.csv,data/exports/final_paper_package/02_event_study_robustness_table.csv (aggregate); event-level canonical return file not committed,True,False,True,True,aggregate_only_no_event_membership_file,True,recent_intraday_diagnostic_available
locked_artifact_sample_v1_2026-05-16,1551,KBrtDu1-xBM,KBrtDu1-xBM,KBrtDu1-xBM,Best of Us Investors,UC7r4-nZ4icT8SIcnisXFSHQ,AMZN,Alphabet,buy,2026-03-17,2026-03-17,external_provider,data/exports/research_grade_analysis/05_event_timeline_dataset.csv,data/exports/final_paper_package/02_event_study_robustness_table.csv (aggregate); event-level canonical return file not committed,True,False,True,False,aggregate_only_no_event_membership_file,True,recent_intraday_diagnostic_available
locked_artifact_sample_v1_2026-05-16,1552,KBrtDu1-xBM,KBrtDu1-xBM,KBrtDu1-xBM,Best of Us Investors,UCC7xhD0o7FBHdKXZxMRFspQ,META,,sell,2026-03-17,2026-03-17,external_provider,data/exports/research_grade_analysis/05_event_timeline_dataset.csv,data/exports/final_paper_package/02_event_study_robustness_table.csv (aggregate); event-level canonical return file not committed,True,True,True,True,aggregate_only_no_event_membership_file,True,recent_intraday_diagnostic_available
locked_artifact_sample_v1_2026-05-16,1553,qblw8m3bE24,qblw8m3bE24,qblw8m3bE24,Financial Education,UCC7xhD0o7FBHdKXZxMRFspQ,SOFI,PayPal,buy,2026-04-30,2026-04-30,external_provider,data/exports/research_grade_analysis/05_event_timeline_dataset.csv,data/exports/final_paper_package/02_event_study_robustness_table.csv (aggregate); event-level canonical return file not committed,True,False,False,True,aggregate_only_no_event_membership_file,True,recent_intraday_diagnostic_available
locked_artifact_sample_v1_2026-05-16,1554,JrRE9eFUDuI,JrRE9eFUDuI,JrRE9eFUDuI,Financial Education,UCL-F-8nxFtFZ4M3RWkGn6Qw,SOFI,Alphabet,buy,2026-05-05,2026-05-05,external_provider,data/exports/research_grade_analysis/05_event_timeline_dataset.csv,data/exports/final_paper_package/02_event_study_robustness_table.csv (aggregate); event-level canonical return file not committed,True,False,False,True,aggregate_only_no_event_membership_file,True,recent_intraday_diagnostic_available
