event_id,ticker,event_date,fnspid_coverage_available,fnspid_news_hit,fnspid_news_count_pre_1d,fnspid_news_count_post_1d,fnspid_news_count_pre_3d,fnspid_news_count_post_3d,fnspid_news_count_pre_7d,fnspid_news_count_post_7d,fnspid_mean_sentiment_pre_3d,fnspid_mean_sentiment_post_3d,fnspid_max_abs_sentiment_pre_3d,fnspid_source_count_pre_7d,fnspid_unique_title_count_pre_7d,fnspid_first_article_date_near_event,fnspid_last_article_date_near_event,year
1,TSLA,2023-10-13,True,False,0,0,0,0,0,0,0.0,0.0,0.0,0,0,,,2023
2,GOOGL,2023-10-13,True,False,0,0,0,0,0,0,0.0,0.0,0.0,0,0,,,2023
3,AMZN,2023-06-23,True,False,0,0,0,0,0,0,0.0,0.0,0.0,0,0,,,2023
4,NVDA,2023-06-23,True,False,0,0,0,0,0,0,0.0,0.0,0.0,0,0,,,2023
5,TSLA,2023-06-23,True,False,0,0,0,0,0,0,0.0,0.0,0.0,0,0,,,2023
6,PYPL,2026-03-07,True,False,0,0,0,0,0,0,0.0,0.0,0.0,0,0,,,2026
7,MSFT,2026-02-06,True,False,0,0,0,0,0,0,0.0,0.0,0.0,0,0,,,2026
8,UBER,2026-02-06,True,False,0,0,0,0,0,0,0.0,0.0,0.0,0,0,,,2026
9,NVDA,2026-02-06,True,False,0,0,0,0,0,0,0.0,0.0,0.0,0,0,,,2026
10,NFLX,2026-02-06,True,False,0,0,0,0,0,0,0.0,0.0,0.0,0,0,,,2026
11,NFLX,2023-02-10,True,False,0,0,0,0,0,0,0.0,0.0,0.0,0,0,,,2023
12,AMZN,2023-06-16,True,False,0,0,0,0,0,0,0.0,0.0,0.0,0,0,,,2023
13,NFLX,2023-06-16,True,False,0,0,0,0,0,0,0.0,0.0,0.0,0,0,,,2023
14,NVDA,2023-06-16,True,False,0,0,0,0,0,0,0.0,0.0,0.0,0,0,,,2023
15,TSLA,2023-06-16,True,False,0,0,0,0,0,0,0.0,0.0,0.0,0,0,,,2023
16,GOOGL,2024-01-08,True,False,0,0,0,0,0,0,0.0,0.0,0.0,0,0,,,2024
17,TSLA,2024-01-08,True,False,0,0,0,0,0,0,0.0,0.0,0.0,0,0,,,2024
18,TSLA,2023-08-18,True,False,0,0,0,0,0,0,0.0,0.0,0.0,0,0,,,2023
19,AAPL,2023-08-18,True,False,0,0,0,0,0,0,0.0,0.0,0.0,0,0,,,2023
20,AMZN,2023-03-03,True,False,0,0,0,0,0,0,0.0,0.0,0.0,0,0,,,2023
21,NVDA,2025-08-27,True,False,0,0,0,0,0,0,0.0,0.0,0.0,0,0,,,2025
22,NVDA,2025-08-27,True,False,0,0,0,0,0,0,0.0,0.0,0.0,0,0,,,2025
23,DIS,2023-10-06,True,False,0,0,0,0,0,0,0.0,0.0,0.0,0,0,,,2023
24,AMD,2023-10-06,True,False,0,0,0,0,0,0,0.0,0.0,0.0,0,0,,,2023
25,MSFT,2023-10-06,True,False,0,0,0,0,0,0,0.0,0.0,0.0,0,0,,,2023
26,AAPL,2023-10-06,True,False,0,0,0,0,0,0,0.0,0.0,0.0,0,0,,,2023
27,AAPL,2024-12-17,True,False,0,0,0,0,0,0,0.0,0.0,0.0,0,0,,,2024
28,NVDA,2023-05-24,True,False,0,0,0,0,0,0,0.0,0.0,0.0,0,0,,,2023
29,NFLX,2023-07-28,True,False,0,0,0,0,0,0,0.0,0.0,0.0,0,0,,,2023
30,MSFT,2023-07-28,True,False,0,0,0,0,0,0,0.0,0.0,0.0,0,0,,,2023
31,NFLX,2023-08-25,True,False,0,0,0,0,0,0,0.0,0.0,0.0,0,0,,,2023
32,NFLX,2023-08-25,True,False,0,0,0,0,0,0,0.0,0.0,0.0,0,0,,,2023
33,MSFT,2023-08-25,True,False,0,0,0,0,0,0,0.0,0.0,0.0,0,0,,,2023
34,AAPL,2023-09-08,True,False,0,0,0,0,0,0,0.0,0.0,0.0,0,0,,,2023
35,AAPL,2023-09-08,True,False,0,0,0,0,0,0,0.0,0.0,0.0,0,0,,,2023
36,AAPL,2023-09-08,True,False,0,0,0,0,0,0,0.0,0.0,0.0,0,0,,,2023
37,AAPL,2023-09-08,True,False,0,0,0,0,0,0,0.0,0.0,0.0,0,0,,,2023
38,AAPL,2023-09-08,True,False,0,0,0,0,0,0,0.0,0.0,0.0,0,0,,,2023
39,AAPL,2023-09-08,True,False,0,0,0,0,0,0,0.0,0.0,0.0,0,0,,,2023
40,AMD,2025-07-11,True,False,0,0,0,0,0,0,0.0,0.0,0.0,0,0,,,2025
41,AMZN,2023-09-30,True,False,0,0,0,0,0,0,0.0,0.0,0.0,0,0,,,2023
42,MSFT,2023-09-30,True,False,0,0,0,0,0,0,0.0,0.0,0.0,0,0,,,2023
43,MSFT,2023-09-30,True,False,0,0,0,0,0,0,0.0,0.0,0.0,0,0,,,2023
44,NVDA,2025-10-05,True,False,0,0,0,0,0,0,0.0,0.0,0.0,0,0,,,2025
45,MSFT,2023-07-07,True,False,0,0,0,0,0,0,0.0,0.0,0.0,0,0,,,2023
46,AAPL,2023-11-20,True,False,0,0,0,0,0,0,0.0,0.0,0.0,0,0,,,2023
47,AAPL,2023-11-20,True,False,0,0,0,0,0,0,0.0,0.0,0.0,0,0,,,2023
48,UBER,2023-11-20,True,False,0,0,0,0,0,0,0.0,0.0,0.0,0,0,,,2023
49,PYPL,2023-08-06,True,False,0,0,0,0,0,0,0.0,0.0,0.0,0,0,,,2023
50,MSFT,2024-11-01,True,False,0,0,0,0,0,0,0.0,0.0,0.0,0,0,,,2024
51,MSFT,2024-11-01,True,False,0,0,0,0,0,0,0.0,0.0,0.0,0,0,,,2024
52,TSLA,2023-04-14,True,False,0,0,0,0,0,0,0.0,0.0,0.0,0,0,,,2023
53,MSFT,2023-04-14,True,False,0,0,0,0,0,0,0.0,0.0,0.0,0,0,,,2023
54,NVDA,2024-02-01,True,False,0,0,0,0,0,0,0.0,0.0,0.0,0,0,,,2024
55,AMZN,2024-02-01,True,False,0,0,0,0,0,0,0.0,0.0,0.0,0,0,,,2024
56,NVDA,2025-08-25,True,False,0,0,0,0,0,0,0.0,0.0,0.0,0,0,,,2025
57,NVDA,2025-08-25,True,False,0,0,0,0,0,0,0.0,0.0,0.0,0,0,,,2025
58,TSLA,2023-08-07,True,False,0,0,0,0,0,0,0.0,0.0,0.0,0,0,,,2023
59,AMZN,2023-08-07,True,False,0,0,0,0,0,0,0.0,0.0,0.0,0,0,,,2023
60,NVDA,2025-08-28,True,False,0,0,0,0,0,0,0.0,0.0,0.0,0,0,,,2025
61,GOOGL,2025-08-28,True,False,0,0,0,0,0,0,0.0,0.0,0.0,0,0,,,2025
62,TSLA,2023-07-21,True,False,0,0,0,0,0,0,0.0,0.0,0.0,0,0,,,2023
63,MSFT,2023-10-26,True,False,0,0,0,0,0,0,0.0,0.0,0.0,0,0,,,2023
64,GOOGL,2023-10-26,True,False,0,0,0,0,0,0,0.0,0.0,0.0,0,0,,,2023
65,TSLA,2023-10-26,True,False,0,0,0,0,0,0,0.0,0.0,0.0,0,0,,,2023
66,SOFI,2025-09-12,True,False,0,0,0,0,0,0,0.0,0.0,0.0,0,0,,,2025
67,NVDA,2025-09-12,True,False,0,0,0,0,0,0,0.0,0.0,0.0,0,0,,,2025
68,NFLX,2026-03-04,True,False,0,0,0,0,0,0,0.0,0.0,0.0,0,0,,,2026
69,NVDA,2025-08-21,True,False,0,0,0,0,0,0,0.0,0.0,0.0,0,0,,,2025
70,MSFT,2025-08-21,True,False,0,0,0,0,0,0,0.0,0.0,0.0,0,0,,,2025
71,DIS,2026-02-12,True,False,0,0,0,0,0,0,0.0,0.0,0.0,0,0,,,2026
72,UBER,2025-07-15,True,False,0,0,0,0,0,0,0.0,0.0,0.0,0,0,,,2025
73,NFLX,2023-04-18,True,False,0,0,0,0,0,0,0.0,0.0,0.0,0,0,,,2023
74,NFLX,2023-04-18,True,False,0,0,0,0,0,0,0.0,0.0,0.0,0,0,,,2023
75,GOOGL,2023-04-18,True,False,0,0,0,0,0,0,0.0,0.0,0.0,0,0,,,2023
76,NVDA,2024-02-22,True,False,0,0,0,0,0,0,0.0,0.0,0.0,0,0,,,2024
77,MSFT,2026-03-06,True,False,0,0,0,0,0,0,0.0,0.0,0.0,0,0,,,2026
78,AMZN,2026-03-06,True,False,0,0,0,0,0,0,0.0,0.0,0.0,0,0,,,2026
79,DIS,2024-08-09,True,False,0,0,0,0,0,0,0.0,0.0,0.0,0,0,,,2024
80,PYPL,2025-09-17,True,False,0,0,0,0,0,0,0.0,0.0,0.0,0,0,,,2025
81,META,2025-09-17,True,False,0,0,0,0,0,0,0.0,0.0,0.0,0,0,,,2025
82,DIS,2023-09-15,True,False,0,0,0,0,0,0,0.0,0.0,0.0,0,0,,,2023
83,AAPL,2023-09-15,True,False,0,0,0,0,0,0,0.0,0.0,0.0,0,0,,,2023
84,GOOGL,2025-07-25,True,False,0,0,0,0,0,0,0.0,0.0,0.0,0,0,,,2025
85,NVDA,2023-07-24,True,False,0,0,0,0,0,0,0.0,0.0,0.0,0,0,,,2023
86,NVDA,2023-07-24,True,False,0,0,0,0,0,0,0.0,0.0,0.0,0,0,,,2023
87,GOOGL,2025-08-20,True,False,0,0,0,0,0,0,0.0,0.0,0.0,0,0,,,2025
88,META,2026-02-24,True,False,0,0,0,0,0,0,0.0,0.0,0.0,0,0,,,2026
89,GOOGL,2023-03-17,True,False,0,0,0,0,0,0,0.0,0.0,0.0,0,0,,,2023
90,GOOGL,2023-03-17,True,False,0,0,0,0,0,0,0.0,0.0,0.0,0,0,,,2023
91,AAPL,2023-03-17,True,False,0,0,0,0,0,0,0.0,0.0,0.0,0,0,,,2023
92,AAPL,2023-03-17,True,False,0,0,0,0,0,0,0.0,0.0,0.0,0,0,,,2023
93,NFLX,2023-03-17,True,False,0,0,0,0,0,0,0.0,0.0,0.0,0,0,,,2023
94,NVDA,2023-03-17,True,False,0,0,0,0,0,0,0.0,0.0,0.0,0,0,,,2023
95,MSFT,2023-07-21,True,False,0,0,0,0,0,0,0.0,0.0,0.0,0,0,,,2023
96,NVDA,2023-07-21,True,False,0,0,0,0,0,0,0.0,0.0,0.0,0,0,,,2023
97,NVDA,2023-11-23,True,False,0,0,0,0,0,0,0.0,0.0,0.0,0,0,,,2023
98,AAPL,2023-11-23,True,False,0,0,0,0,0,0,0.0,0.0,0.0,0,0,,,2023
99,MSFT,2023-11-23,True,False,0,0,0,0,0,0,0.0,0.0,0.0,0,0,,,2023
100,NVDA,2025-08-13,True,False,0,0,0,0,0,0,0.0,0.0,0.0,0,0,,,2025
101,NVDA,2025-08-13,True,False,0,0,0,0,0,0,0.0,0.0,0.0,0,0,,,2025
102,NVDA,2023-02-25,True,False,0,0,0,0,0,0,0.0,0.0,0.0,0,0,,,2023
103,NFLX,2023-02-25,True,False,0,0,0,0,0,0,0.0,0.0,0.0,0,0,,,2023
104,MSFT,2023-02-25,True,False,0,0,0,0,0,0,0.0,0.0,0.0,0,0,,,2023
105,AMZN,2023-02-25,True,False,0,0,0,0,0,0,0.0,0.0,0.0,0,0,,,2023
106,GOOGL,2023-02-25,True,False,0,0,0,0,0,0,0.0,0.0,0.0,0,0,,,2023
107,TSLA,2023-01-26,True,False,0,0,0,0,0,0,0.0,0.0,0.0,0,0,,,2023
108,TSLA,2023-01-26,True,False,0,0,0,0,0,0,0.0,0.0,0.0,0,0,,,2023
109,NVDA,2025-08-07,True,False,0,0,0,0,0,0,0.0,0.0,0.0,0,0,,,2025
110,TSLA,2024-01-25,True,False,0,0,0,0,0,0,0.0,0.0,0.0,0,0,,,2024
111,AMZN,2026-02-18,True,False,0,0,0,0,0,0,0.0,0.0,0.0,0,0,,,2026
112,META,2026-02-18,True,False,0,0,0,0,0,0,0.0,0.0,0.0,0,0,,,2026
113,MSFT,2024-08-02,True,False,0,0,0,0,0,0,0.0,0.0,0.0,0,0,,,2024
114,NVDA,2025-07-16,True,False,0,0,0,0,0,0,0.0,0.0,0.0,0,0,,,2025
115,NVDA,2025-07-16,True,False,0,0,0,0,0,0,0.0,0.0,0.0,0,0,,,2025
116,AMD,2025-07-16,True,False,0,0,0,0,0,0,0.0,0.0,0.0,0,0,,,2025
117,NVDA,2024-02-08,True,False,0,0,0,0,0,0,0.0,0.0,0.0,0,0,,,2024
118,GOOGL,2024-02-08,True,False,0,0,0,0,0,0,0.0,0.0,0.0,0,0,,,2024
119,AMD,2023-01-26,True,False,0,0,0,0,0,0,0.0,0.0,0.0,0,0,,,2023
120,TSLA,2023-07-05,True,False,0,0,0,0,0,0,0.0,0.0,0.0,0,0,,,2023
121,GOOGL,2023-07-05,True,False,0,0,0,0,0,0,0.0,0.0,0.0,0,0,,,2023
122,MSFT,2023-07-07,True,False,0,0,0,0,0,0,0.0,0.0,0.0,0,0,,,2023
123,AAPL,2023-07-07,True,False,0,0,0,0,0,0,0.0,0.0,0.0,0,0,,,2023
124,AMZN,2023-07-07,True,False,0,0,0,0,0,0,0.0,0.0,0.0,0,0,,,2023
125,GOOGL,2023-07-07,True,False,0,0,0,0,0,0,0.0,0.0,0.0,0,0,,,2023
126,GOOGL,2025-08-19,True,False,0,0,0,0,0,0,0.0,0.0,0.0,0,0,,,2025
127,NVDA,2025-08-28,True,False,0,0,0,0,0,0,0.0,0.0,0.0,0,0,,,2025
128,GOOGL,2025-08-28,True,False,0,0,0,0,0,0,0.0,0.0,0.0,0,0,,,2025
129,GOOGL,2025-09-04,True,False,0,0,0,0,0,0,0.0,0.0,0.0,0,0,,,2025
130,AAPL,2023-03-31,True,False,0,0,0,0,0,0,0.0,0.0,0.0,0,0,,,2023
131,AMZN,2023-02-02,True,False,0,0,0,0,0,0,0.0,0.0,0.0,0,0,,,2023
132,PYPL,2025-09-03,True,False,0,0,0,0,0,0,0.0,0.0,0.0,0,0,,,2025
133,AAPL,2025-09-03,True,False,0,0,0,0,0,0,0.0,0.0,0.0,0,0,,,2025
134,TSLA,2023-11-06,True,False,0,0,0,0,0,0,0.0,0.0,0.0,0,0,,,2023
135,NVDA,2025-07-16,True,False,0,0,0,0,0,0,0.0,0.0,0.0,0,0,,,2025
136,AMD,2026-02-22,True,False,0,0,0,0,0,0,0.0,0.0,0.0,0,0,,,2026
137,AMD,2026-02-22,True,False,0,0,0,0,0,0,0.0,0.0,0.0,0,0,,,2026
138,PYPL,2025-08-19,True,False,0,0,0,0,0,0,0.0,0.0,0.0,0,0,,,2025
139,PYPL,2025-08-19,True,False,0,0,0,0,0,0,0.0,0.0,0.0,0,0,,,2025
140,SOFI,2025-08-19,True,False,0,0,0,0,0,0,0.0,0.0,0.0,0,0,,,2025
141,GOOGL,2025-08-19,True,False,0,0,0,0,0,0,0.0,0.0,0.0,0,0,,,2025
142,AAPL,2023-09-22,True,False,0,0,0,0,0,0,0.0,0.0,0.0,0,0,,,2023
143,AMZN,2023-09-22,True,False,0,0,0,0,0,0,0.0,0.0,0.0,0,0,,,2023
144,GOOGL,2023-09-22,True,False,0,0,0,0,0,0,0.0,0.0,0.0,0,0,,,2023
145,TSLA,2023-09-22,True,False,0,0,0,0,0,0,0.0,0.0,0.0,0,0,,,2023
146,TSLA,2023-09-22,True,False,0,0,0,0,0,0,0.0,0.0,0.0,0,0,,,2023
147,NVDA,2023-02-17,True,False,0,0,0,0,0,0,0.0,0.0,0.0,0,0,,,2023
148,AMD,2026-02-25,True,False,0,0,0,0,0,0,0.0,0.0,0.0,0,0,,,2026
149,NVDA,2026-03-12,True,False,0,0,0,0,0,0,0.0,0.0,0.0,0,0,,,2026
150,AMD,2025-08-14,True,False,0,0,0,0,0,0,0.0,0.0,0.0,0,0,,,2025
151,NVDA,2025-08-22,True,False,0,0,0,0,0,0,0.0,0.0,0.0,0,0,,,2025
152,MSFT,2024-08-12,True,False,0,0,0,0,0,0,0.0,0.0,0.0,0,0,,,2024
153,MSFT,2024-08-12,True,False,0,0,0,0,0,0,0.0,0.0,0.0,0,0,,,2024
154,MSFT,2024-08-12,True,False,0,0,0,0,0,0,0.0,0.0,0.0,0,0,,,2024
155,MSFT,2024-08-12,True,False,0,0,0,0,0,0,0.0,0.0,0.0,0,0,,,2024
156,MSFT,2024-08-12,True,False,0,0,0,0,0,0,0.0,0.0,0.0,0,0,,,2024
157,MSFT,2024-08-12,True,False,0,0,0,0,0,0,0.0,0.0,0.0,0,0,,,2024
158,TSLA,2025-09-15,True,False,0,0,0,0,0,0,0.0,0.0,0.0,0,0,,,2025
159,TSLA,2025-09-15,True,False,0,0,0,0,0,0,0.0,0.0,0.0,0,0,,,2025
160,NVDA,2025-09-15,True,False,0,0,0,0,0,0,0.0,0.0,0.0,0,0,,,2025
161,NVDA,2025-09-15,True,False,0,0,0,0,0,0,0.0,0.0,0.0,0,0,,,2025
162,AMD,2025-08-05,True,False,0,0,0,0,0,0,0.0,0.0,0.0,0,0,,,2025
163,GOOGL,2025-08-05,True,False,0,0,0,0,0,0,0.0,0.0,0.0,0,0,,,2025
164,AMZN,2025-08-05,True,False,0,0,0,0,0,0,0.0,0.0,0.0,0,0,,,2025
165,MSFT,2026-03-09,True,False,0,0,0,0,0,0,0.0,0.0,0.0,0,0,,,2026
166,MSFT,2026-03-09,True,False,0,0,0,0,0,0,0.0,0.0,0.0,0,0,,,2026
167,AMZN,2024-01-05,True,False,0,0,0,0,0,0,0.0,0.0,0.0,0,0,,,2024
168,MSFT,2024-09-20,True,False,0,0,0,0,0,0,0.0,0.0,0.0,0,0,,,2024
169,NVDA,2023-12-15,True,False,0,0,0,0,0,0,0.0,0.0,0.0,0,0,,,2023
170,TSLA,2023-08-04,True,False,0,0,0,0,0,0,0.0,0.0,0.0,0,0,,,2023
171,NVDA,2023-08-04,True,False,0,0,0,0,0,0,0.0,0.0,0.0,0,0,,,2023
172,AMD,2025-08-05,True,False,0,0,0,0,0,0,0.0,0.0,0.0,0,0,,,2025
173,AMD,2025-08-05,True,False,0,0,0,0,0,0,0.0,0.0,0.0,0,0,,,2025
174,GOOGL,2025-08-05,True,False,0,0,0,0,0,0,0.0,0.0,0.0,0,0,,,2025
175,AMZN,2025-08-05,True,False,0,0,0,0,0,0,0.0,0.0,0.0,0,0,,,2025
176,UBER,2026-03-03,True,False,0,0,0,0,0,0,0.0,0.0,0.0,0,0,,,2026
177,MSFT,2023-01-25,True,False,0,0,0,0,0,0,0.0,0.0,0.0,0,0,,,2023
178,NVDA,2025-07-19,True,False,0,0,0,0,0,0,0.0,0.0,0.0,0,0,,,2025
179,AMD,2025-08-05,True,False,0,0,0,0,0,0,0.0,0.0,0.0,0,0,,,2025
180,AMD,2025-08-05,True,False,0,0,0,0,0,0,0.0,0.0,0.0,0,0,,,2025
181,NVDA,2025-08-17,True,False,0,0,0,0,0,0,0.0,0.0,0.0,0,0,,,2025
182,SHOP,2023-08-18,True,False,0,0,0,0,0,0,0.0,0.0,0.0,0,0,,,2023
183,NVDA,2023-08-18,True,False,0,0,0,0,0,0,0.0,0.0,0.0,0,0,,,2023
184,GOOGL,2023-08-18,True,False,0,0,0,0,0,0,0.0,0.0,0.0,0,0,,,2023
185,MSFT,2023-08-18,True,False,0,0,0,0,0,0,0.0,0.0,0.0,0,0,,,2023
186,DIS,2023-02-08,True,False,0,0,0,0,0,0,0.0,0.0,0.0,0,0,,,2023
187,NVDA,2025-07-25,True,False,0,0,0,0,0,0,0.0,0.0,0.0,0,0,,,2025
188,AMZN,2023-04-27,True,False,0,0,0,0,0,0,0.0,0.0,0.0,0,0,,,2023
189,NVDA,2025-07-16,True,False,0,0,0,0,0,0,0.0,0.0,0.0,0,0,,,2025
190,MSFT,2026-03-10,True,False,0,0,0,0,0,0,0.0,0.0,0.0,0,0,,,2026
191,MSFT,2026-03-10,True,False,0,0,0,0,0,0,0.0,0.0,0.0,0,0,,,2026
192,MSFT,2023-09-25,True,False,0,0,0,0,0,0,0.0,0.0,0.0,0,0,,,2023
193,AMD,2025-08-10,True,False,0,0,0,0,0,0,0.0,0.0,0.0,0,0,,,2025
194,NVDA,2025-08-10,True,False,0,0,0,0,0,0,0.0,0.0,0.0,0,0,,,2025
195,PYPL,2025-08-18,True,False,0,0,0,0,0,0,0.0,0.0,0.0,0,0,,,2025
196,SOFI,2025-08-18,True,False,0,0,0,0,0,0,0.0,0.0,0.0,0,0,,,2025
197,GOOGL,2025-08-18,True,False,0,0,0,0,0,0,0.0,0.0,0.0,0,0,,,2025
198,AMD,2025-08-11,True,False,0,0,0,0,0,0,0.0,0.0,0.0,0,0,,,2025
199,AMD,2025-08-11,True,False,0,0,0,0,0,0,0.0,0.0,0.0,0,0,,,2025
200,AMD,2025-08-11,True,False,0,0,0,0,0,0,0.0,0.0,0.0,0,0,,,2025
201,AMD,2025-08-11,True,False,0,0,0,0,0,0,0.0,0.0,0.0,0,0,,,2025
202,NVDA,2025-08-11,True,False,0,0,0,0,0,0,0.0,0.0,0.0,0,0,,,2025
203,NVDA,2025-08-11,True,False,0,0,0,0,0,0,0.0,0.0,0.0,0,0,,,2025
204,UBER,2026-03-19,True,False,0,0,0,0,0,0,0.0,0.0,0.0,0,0,,,2026
205,UBER,2026-03-19,True,False,0,0,0,0,0,0,0.0,0.0,0.0,0,0,,,2026
206,AAPL,2024-01-18,True,False,0,0,0,0,0,0,0.0,0.0,0.0,0,0,,,2024
207,AAPL,2024-01-18,True,False,0,0,0,0,0,0,0.0,0.0,0.0,0,0,,,2024
208,NVDA,2024-01-18,True,False,0,0,0,0,0,0,0.0,0.0,0.0,0,0,,,2024
209,GOOGL,2024-01-18,True,False,0,0,0,0,0,0,0.0,0.0,0.0,0,0,,,2024
210,PYPL,2023-08-06,True,False,0,0,0,0,0,0,0.0,0.0,0.0,0,0,,,2023
211,AMD,2026-02-09,True,False,0,0,0,0,0,0,0.0,0.0,0.0,0,0,,,2026
212,AMD,2026-02-09,True,False,0,0,0,0,0,0,0.0,0.0,0.0,0,0,,,2026
213,AMD,2026-02-09,True,False,0,0,0,0,0,0,0.0,0.0,0.0,0,0,,,2026
214,NVDA,2026-02-09,True,False,0,0,0,0,0,0,0.0,0.0,0.0,0,0,,,2026
215,NVDA,2025-08-11,True,False,0,0,0,0,0,0,0.0,0.0,0.0,0,0,,,2025
216,TSLA,2023-04-19,True,False,0,0,0,0,0,0,0.0,0.0,0.0,0,0,,,2023
217,NVDA,2023-04-19,True,False,0,0,0,0,0,0,0.0,0.0,0.0,0,0,,,2023
218,PYPL,2025-08-24,True,False,0,0,0,0,0,0,0.0,0.0,0.0,0,0,,,2025
219,NFLX,2023-03-24,True,False,0,0,0,0,0,0,0.0,0.0,0.0,0,0,,,2023
220,AAPL,2023-04-28,True,False,0,0,0,0,0,0,0.0,0.0,0.0,0,0,,,2023
221,AAPL,2023-04-28,True,False,0,0,0,0,0,0,0.0,0.0,0.0,0,0,,,2023
222,AMZN,2023-04-28,True,False,0,0,0,0,0,0,0.0,0.0,0.0,0,0,,,2023
223,TSLA,2023-04-28,True,False,0,0,0,0,0,0,0.0,0.0,0.0,0,0,,,2023
224,GOOGL,2025-08-31,True,False,0,0,0,0,0,0,0.0,0.0,0.0,0,0,,,2025
225,AAPL,2023-04-07,True,False,0,0,0,0,0,0,0.0,0.0,0.0,0,0,,,2023
226,NVDA,2025-08-27,True,False,0,0,0,0,0,0,0.0,0.0,0.0,0,0,,,2025
227,NVDA,2025-08-27,True,False,0,0,0,0,0,0,0.0,0.0,0.0,0,0,,,2025
228,NVDA,2023-07-14,True,False,0,0,0,0,0,0,0.0,0.0,0.0,0,0,,,2023
229,SHOP,2023-02-16,True,False,0,0,0,0,0,0,0.0,0.0,0.0,0,0,,,2023
230,META,2023-02-16,True,False,0,0,0,0,0,0,0.0,0.0,0.0,0,0,,,2023
231,AMZN,2023-02-16,True,False,0,0,0,0,0,0,0.0,0.0,0.0,0,0,,,2023
232,MSFT,2026-02-19,True,False,0,0,0,0,0,0,0.0,0.0,0.0,0,0,,,2026
233,GOOGL,2023-04-25,True,False,0,0,0,0,0,0,0.0,0.0,0.0,0,0,,,2023
234,NFLX,2026-03-10,True,False,0,0,0,0,0,0,0.0,0.0,0.0,0,0,,,2026
235,UBER,2026-02-07,True,False,0,0,0,0,0,0,0.0,0.0,0.0,0,0,,,2026
236,MSFT,2026-02-24,True,False,0,0,0,0,0,0,0.0,0.0,0.0,0,0,,,2026
237,MSFT,2026-02-24,True,False,0,0,0,0,0,0,0.0,0.0,0.0,0,0,,,2026
238,TSLA,2023-04-21,True,False,0,0,0,0,0,0,0.0,0.0,0.0,0,0,,,2023
239,TSLA,2023-04-21,True,False,0,0,0,0,0,0,0.0,0.0,0.0,0,0,,,2023
240,AMC,2023-03-28,True,False,0,0,0,0,0,0,0.0,0.0,0.0,0,0,,,2023
241,AMZN,2023-03-28,True,False,0,0,0,0,0,0,0.0,0.0,0.0,0,0,,,2023
242,AMZN,2023-03-28,True,False,0,0,0,0,0,0,0.0,0.0,0.0,0,0,,,2023
243,AMZN,2023-03-28,True,False,0,0,0,0,0,0,0.0,0.0,0.0,0,0,,,2023
244,DIS,2023-11-17,True,False,0,0,0,0,0,0,0.0,0.0,0.0,0,0,,,2023
245,AAPL,2023-11-17,True,False,0,0,0,0,0,0,0.0,0.0,0.0,0,0,,,2023
246,AAPL,2025-09-13,True,False,0,0,0,0,0,0,0.0,0.0,0.0,0,0,,,2025
247,TSLA,2023-07-19,True,False,0,0,0,0,0,0,0.0,0.0,0.0,0,0,,,2023
248,META,2026-03-08,True,False,0,0,0,0,0,0,0.0,0.0,0.0,0,0,,,2026
249,MSFT,2024-02-12,True,False,0,0,0,0,0,0,0.0,0.0,0.0,0,0,,,2024
250,MSFT,2023-03-08,True,False,0,0,0,0,0,0,0.0,0.0,0.0,0,0,,,2023
251,MSFT,2024-10-02,True,False,0,0,0,0,0,0,0.0,0.0,0.0,0,0,,,2024
252,NVDA,2025-08-11,True,False,0,0,0,0,0,0,0.0,0.0,0.0,0,0,,,2025
253,PYPL,2025-08-20,True,False,0,0,0,0,0,0,0.0,0.0,0.0,0,0,,,2025
254,NVDA,2025-08-20,True,False,0,0,0,0,0,0,0.0,0.0,0.0,0,0,,,2025
255,SOFI,2025-08-20,True,False,0,0,0,0,0,0,0.0,0.0,0.0,0,0,,,2025
256,AMD,2025-08-20,True,False,0,0,0,0,0,0,0.0,0.0,0.0,0,0,,,2025
257,AMD,2025-08-27,True,False,0,0,0,0,0,0,0.0,0.0,0.0,0,0,,,2025
258,NVDA,2025-08-27,True,False,0,0,0,0,0,0,0.0,0.0,0.0,0,0,,,2025
259,AAPL,2023-06-09,True,False,0,0,0,0,0,0,0.0,0.0,0.0,0,0,,,2023
260,AAPL,2023-06-09,True,False,0,0,0,0,0,0,0.0,0.0,0.0,0,0,,,2023
261,AMZN,2023-06-09,True,False,0,0,0,0,0,0,0.0,0.0,0.0,0,0,,,2023
262,GOOGL,2023-06-09,True,False,0,0,0,0,0,0,0.0,0.0,0.0,0,0,,,2023
263,MSFT,2026-02-21,True,False,0,0,0,0,0,0,0.0,0.0,0.0,0,0,,,2026
264,MSFT,2026-02-21,True,False,0,0,0,0,0,0,0.0,0.0,0.0,0,0,,,2026
265,MSFT,2026-02-21,True,False,0,0,0,0,0,0,0.0,0.0,0.0,0,0,,,2026
266,TSLA,2023-04-28,True,False,0,0,0,0,0,0,0.0,0.0,0.0,0,0,,,2023
267,GOOGL,2023-05-12,True,False,0,0,0,0,0,0,0.0,0.0,0.0,0,0,,,2023
268,MSFT,2023-05-12,True,False,0,0,0,0,0,0,0.0,0.0,0.0,0,0,,,2023
269,TSLA,2023-05-12,True,False,0,0,0,0,0,0,0.0,0.0,0.0,0,0,,,2023
270,TSLA,2023-05-12,True,False,0,0,0,0,0,0,0.0,0.0,0.0,0,0,,,2023
271,AAPL,2023-09-14,True,False,0,0,0,0,0,0,0.0,0.0,0.0,0,0,,,2023
272,AAPL,2023-09-14,True,False,0,0,0,0,0,0,0.0,0.0,0.0,0,0,,,2023
273,NVDA,2025-08-28,True,False,0,0,0,0,0,0,0.0,0.0,0.0,0,0,,,2025
274,MSFT,2025-01-10,True,False,0,0,0,0,0,0,0.0,0.0,0.0,0,0,,,2025
275,MSFT,2023-05-05,True,False,0,0,0,0,0,0,0.0,0.0,0.0,0,0,,,2023
276,AAPL,2024-09-06,True,False,0,0,0,0,0,0,0.0,0.0,0.0,0,0,,,2024
277,AAPL,2024-09-06,True,False,0,0,0,0,0,0,0.0,0.0,0.0,0,0,,,2024
278,UBER,2025-09-12,True,False,0,0,0,0,0,0,0.0,0.0,0.0,0,0,,,2025
279,NFLX,2026-02-24,True,False,0,0,0,0,0,0,0.0,0.0,0.0,0,0,,,2026
280,NVDA,2025-08-21,True,False,0,0,0,0,0,0,0.0,0.0,0.0,0,0,,,2025
281,MSFT,2025-08-21,True,False,0,0,0,0,0,0,0.0,0.0,0.0,0,0,,,2025
282,AAPL,2023-08-03,True,False,0,0,0,0,0,0,0.0,0.0,0.0,0,0,,,2023
283,AAPL,2023-08-03,True,False,0,0,0,0,0,0,0.0,0.0,0.0,0,0,,,2023
284,AAPL,2023-08-03,True,False,0,0,0,0,0,0,0.0,0.0,0.0,0,0,,,2023
285,GOOGL,2025-08-08,True,False,0,0,0,0,0,0,0.0,0.0,0.0,0,0,,,2025
286,NFLX,2023-07-28,True,False,0,0,0,0,0,0,0.0,0.0,0.0,0,0,,,2023
287,MSFT,2023-07-28,True,False,0,0,0,0,0,0,0.0,0.0,0.0,0,0,,,2023
288,AMD,2023-08-25,True,False,0,0,0,0,0,0,0.0,0.0,0.0,0,0,,,2023
289,NVDA,2023-08-25,True,False,0,0,0,0,0,0,0.0,0.0,0.0,0,0,,,2023
290,AMZN,2023-08-25,True,False,0,0,0,0,0,0,0.0,0.0,0.0,0,0,,,2023
291,NVDA,2023-08-12,True,False,0,0,0,0,0,0,0.0,0.0,0.0,0,0,,,2023
292,AAPL,2023-08-12,True,False,0,0,0,0,0,0,0.0,0.0,0.0,0,0,,,2023
293,GOOGL,2023-08-12,True,False,0,0,0,0,0,0,0.0,0.0,0.0,0,0,,,2023
294,MSFT,2023-08-12,True,False,0,0,0,0,0,0,0.0,0.0,0.0,0,0,,,2023
295,TSLA,2023-08-12,True,False,0,0,0,0,0,0,0.0,0.0,0.0,0,0,,,2023
296,NVDA,2024-02-29,True,False,0,0,0,0,0,0,0.0,0.0,0.0,0,0,,,2024
297,NVDA,2024-02-29,True,False,0,0,0,0,0,0,0.0,0.0,0.0,0,0,,,2024
298,GOOGL,2025-08-03,True,False,0,0,0,0,0,0,0.0,0.0,0.0,0,0,,,2025
299,MSFT,2025-07-30,True,False,0,0,0,0,0,0,0.0,0.0,0.0,0,0,,,2025
300,GOOGL,2025-07-30,True,False,0,0,0,0,0,0,0.0,0.0,0.0,0,0,,,2025
301,MSFT,2023-06-26,True,False,0,0,0,0,0,0,0.0,0.0,0.0,0,0,,,2023
302,PYPL,2025-09-12,True,False,0,0,0,0,0,0,0.0,0.0,0.0,0,0,,,2025
303,AAPL,2023-05-19,True,False,0,0,0,0,0,0,0.0,0.0,0.0,0,0,,,2023
304,TSLA,2023-05-19,True,False,0,0,0,0,0,0,0.0,0.0,0.0,0,0,,,2023
305,META,2026-02-05,True,False,0,0,0,0,0,0,0.0,0.0,0.0,0,0,,,2026
306,META,2026-02-05,True,False,0,0,0,0,0,0,0.0,0.0,0.0,0,0,,,2026
307,AMD,2025-08-11,True,False,0,0,0,0,0,0,0.0,0.0,0.0,0,0,,,2025
308,PYPL,2025-09-13,True,False,0,0,0,0,0,0,0.0,0.0,0.0,0,0,,,2025
309,PYPL,2023-08-05,True,False,0,0,0,0,0,0,0.0,0.0,0.0,0,0,,,2023
310,PYPL,2023-08-05,True,False,0,0,0,0,0,0,0.0,0.0,0.0,0,0,,,2023
311,MSFT,2023-07-25,True,False,0,0,0,0,0,0,0.0,0.0,0.0,0,0,,,2023
312,AAPL,2023-02-03,True,False,0,0,0,0,0,0,0.0,0.0,0.0,0,0,,,2023
313,NVDA,2026-02-09,True,False,0,0,0,0,0,0,0.0,0.0,0.0,0,0,,,2026
314,AAPL,2023-10-19,True,False,0,0,0,0,0,0,0.0,0.0,0.0,0,0,,,2023
315,AAPL,2023-10-19,True,False,0,0,0,0,0,0,0.0,0.0,0.0,0,0,,,2023
316,NVDA,2025-07-15,True,False,0,0,0,0,0,0,0.0,0.0,0.0,0,0,,,2025
317,NVDA,2023-09-01,True,False,0,0,0,0,0,0,0.0,0.0,0.0,0,0,,,2023
318,NVDA,2023-09-01,True,False,0,0,0,0,0,0,0.0,0.0,0.0,0,0,,,2023
319,NVDA,2026-02-04,True,False,0,0,0,0,0,0,0.0,0.0,0.0,0,0,,,2026
320,SOFI,2025-08-30,True,False,0,0,0,0,0,0,0.0,0.0,0.0,0,0,,,2025
321,PYPL,2025-07-28,True,False,0,0,0,0,0,0,0.0,0.0,0.0,0,0,,,2025
322,AMD,2025-07-28,True,False,0,0,0,0,0,0,0.0,0.0,0.0,0,0,,,2025
323,META,2025-07-28,True,False,0,0,0,0,0,0,0.0,0.0,0.0,0,0,,,2025
324,TSLA,2025-07-28,True,False,0,0,0,0,0,0,0.0,0.0,0.0,0,0,,,2025
325,NVDA,2023-08-23,True,False,0,0,0,0,0,0,0.0,0.0,0.0,0,0,,,2023
326,NVDA,2023-08-23,True,False,0,0,0,0,0,0,0.0,0.0,0.0,0,0,,,2023
327,META,2026-03-05,True,False,0,0,0,0,0,0,0.0,0.0,0.0,0,0,,,2026
328,META,2026-03-05,True,False,0,0,0,0,0,0,0.0,0.0,0.0,0,0,,,2026
329,NVDA,2025-08-29,True,False,0,0,0,0,0,0,0.0,0.0,0.0,0,0,,,2025
330,AAPL,2024-08-05,True,False,0,0,0,0,0,0,0.0,0.0,0.0,0,0,,,2024
331,NVDA,2023-10-09,True,False,0,0,0,0,0,0,0.0,0.0,0.0,0,0,,,2023
332,GOOGL,2024-12-30,True,False,0,0,0,0,0,0,0.0,0.0,0.0,0,0,,,2024
333,NVDA,2025-08-12,True,False,0,0,0,0,0,0,0.0,0.0,0.0,0,0,,,2025
334,NVDA,2025-08-12,True,False,0,0,0,0,0,0,0.0,0.0,0.0,0,0,,,2025
335,GOOGL,2023-05-26,True,False,0,0,0,0,0,0,0.0,0.0,0.0,0,0,,,2023
336,AMZN,2026-03-05,True,False,0,0,0,0,0,0,0.0,0.0,0.0,0,0,,,2026
337,NVDA,2023-07-14,True,False,0,0,0,0,0,0,0.0,0.0,0.0,0,0,,,2023
338,PYPL,2025-09-06,True,False,0,0,0,0,0,0,0.0,0.0,0.0,0,0,,,2025
339,PYPL,2025-09-06,True,False,0,0,0,0,0,0,0.0,0.0,0.0,0,0,,,2025
340,NVDA,2026-03-01,True,False,0,0,0,0,0,0,0.0,0.0,0.0,0,0,,,2026
341,NVDA,2026-03-01,True,False,0,0,0,0,0,0,0.0,0.0,0.0,0,0,,,2026
342,NVDA,2026-03-01,True,False,0,0,0,0,0,0,0.0,0.0,0.0,0,0,,,2026
343,NVDA,2026-03-01,True,False,0,0,0,0,0,0,0.0,0.0,0.0,0,0,,,2026
344,AMZN,2023-09-13,True,False,0,0,0,0,0,0,0.0,0.0,0.0,0,0,,,2023
345,NVDA,2023-02-22,True,False,0,0,0,0,0,0,0.0,0.0,0.0,0,0,,,2023
346,PYPL,2025-08-15,True,False,0,0,0,0,0,0,0.0,0.0,0.0,0,0,,,2025
347,AMZN,2025-08-15,True,False,0,0,0,0,0,0,0.0,0.0,0.0,0,0,,,2025
348,MSFT,2024-02-17,True,False,0,0,0,0,0,0,0.0,0.0,0.0,0,0,,,2024
349,GOOGL,2023-02-03,True,False,0,0,0,0,0,0,0.0,0.0,0.0,0,0,,,2023
350,SOFI,2026-02-11,True,False,0,0,0,0,0,0,0.0,0.0,0.0,0,0,,,2026
351,SOFI,2026-03-07,True,False,0,0,0,0,0,0,0.0,0.0,0.0,0,0,,,2026
352,SOFI,2026-03-07,True,False,0,0,0,0,0,0,0.0,0.0,0.0,0,0,,,2026
353,SOFI,2026-03-07,True,False,0,0,0,0,0,0,0.0,0.0,0.0,0,0,,,2026
354,SOFI,2026-03-07,True,False,0,0,0,0,0,0,0.0,0.0,0.0,0,0,,,2026
355,PYPL,2025-08-20,True,False,0,0,0,0,0,0,0.0,0.0,0.0,0,0,,,2025
356,NVDA,2025-08-20,True,False,0,0,0,0,0,0,0.0,0.0,0.0,0,0,,,2025
357,SOFI,2025-08-20,True,False,0,0,0,0,0,0,0.0,0.0,0.0,0,0,,,2025
358,AMD,2025-08-20,True,False,0,0,0,0,0,0,0.0,0.0,0.0,0,0,,,2025
359,AAPL,2023-08-11,True,False,0,0,0,0,0,0,0.0,0.0,0.0,0,0,,,2023
360,MSFT,2024-10-31,True,False,0,0,0,0,0,0,0.0,0.0,0.0,0,0,,,2024
361,NVDA,2025-07-17,True,False,0,0,0,0,0,0,0.0,0.0,0.0,0,0,,,2025
362,TSLA,2025-07-17,True,False,0,0,0,0,0,0,0.0,0.0,0.0,0,0,,,2025
363,TSLA,2025-07-17,True,False,0,0,0,0,0,0,0.0,0.0,0.0,0,0,,,2025
364,TSLA,2025-07-17,True,False,0,0,0,0,0,0,0.0,0.0,0.0,0,0,,,2025
365,AMZN,2026-03-19,True,False,0,0,0,0,0,0,0.0,0.0,0.0,0,0,,,2026
366,PYPL,2025-10-28,True,False,0,0,0,0,0,0,0.0,0.0,0.0,0,0,,,2025
367,PYPL,2025-10-28,True,False,0,0,0,0,0,0,0.0,0.0,0.0,0,0,,,2025
368,NVDA,2024-01-05,True,False,0,0,0,0,0,0,0.0,0.0,0.0,0,0,,,2024
369,MSFT,2024-01-05,True,False,0,0,0,0,0,0,0.0,0.0,0.0,0,0,,,2024
370,NVDA,2026-04-06,True,False,0,0,0,0,0,0,0.0,0.0,0.0,0,0,,,2026
371,AMD,2026-04-06,True,False,0,0,0,0,0,0,0.0,0.0,0.0,0,0,,,2026
372,TSLA,2024-01-25,True,False,0,0,0,0,0,0,0.0,0.0,0.0,0,0,,,2024
373,TSLA,2024-01-25,True,False,0,0,0,0,0,0,0.0,0.0,0.0,0,0,,,2024
374,AMZN,2023-11-17,True,False,0,0,0,0,0,0,0.0,0.0,0.0,0,0,,,2023
375,NFLX,2023-11-17,True,False,0,0,0,0,0,0,0.0,0.0,0.0,0,0,,,2023
376,AAPL,2023-10-21,True,False,0,0,0,0,0,0,0.0,0.0,0.0,0,0,,,2023
377,AAPL,2023-10-21,True,False,0,0,0,0,0,0,0.0,0.0,0.0,0,0,,,2023
378,PYPL,2025-10-10,True,False,0,0,0,0,0,0,0.0,0.0,0.0,0,0,,,2025
379,PYPL,2025-10-10,True,False,0,0,0,0,0,0,0.0,0.0,0.0,0,0,,,2025
380,DIS,2024-05-07,True,False,0,0,0,0,0,0,0.0,0.0,0.0,0,0,,,2024
381,AAPL,2024-05-03,True,False,0,0,0,0,0,0,0.0,0.0,0.0,0,0,,,2024
382,AAPL,2024-05-03,True,False,0,0,0,0,0,0,0.0,0.0,0.0,0,0,,,2024
383,NFLX,2023-12-09,True,False,0,0,0,0,0,0,0.0,0.0,0.0,0,0,,,2023
384,GOOGL,2023-12-09,True,False,0,0,0,0,0,0,0.0,0.0,0.0,0,0,,,2023
385,AMZN,2022-07-06,True,False,0,0,0,0,0,0,0.0,0.0,0.0,0,0,,,2022
386,MSFT,2024-04-26,True,False,0,0,0,0,0,0,0.0,0.0,0.0,0,0,,,2024
387,MSFT,2024-04-26,True,False,0,0,0,0,0,0,0.0,0.0,0.0,0,0,,,2024
388,AMD,2025-09-22,True,False,0,0,0,0,0,0,0.0,0.0,0.0,0,0,,,2025
389,META,2025-09-22,True,False,0,0,0,0,0,0,0.0,0.0,0.0,0,0,,,2025
390,AAPL,2025-09-22,True,False,0,0,0,0,0,0,0.0,0.0,0.0,0,0,,,2025
391,AMD,2023-12-08,True,False,0,0,0,0,0,0,0.0,0.0,0.0,0,0,,,2023
392,NVDA,2023-12-08,True,False,0,0,0,0,0,0,0.0,0.0,0.0,0,0,,,2023
393,NVDA,2025-12-01,True,False,0,0,0,0,0,0,0.0,0.0,0.0,0,0,,,2025
394,NVDA,2024-06-06,True,False,0,0,0,0,0,0,0.0,0.0,0.0,0,0,,,2024
395,AAPL,2024-06-06,True,False,0,0,0,0,0,0,0.0,0.0,0.0,0,0,,,2024
396,GOOGL,2025-03-02,True,False,0,0,0,0,0,0,0.0,0.0,0.0,0,0,,,2025
397,GOOGL,2025-03-02,True,False,0,0,0,0,0,0,0.0,0.0,0.0,0,0,,,2025
398,NVDA,2025-11-03,True,False,0,0,0,0,0,0,0.0,0.0,0.0,0,0,,,2025
399,META,2025-11-03,True,False,0,0,0,0,0,0,0.0,0.0,0.0,0,0,,,2025
400,GOOGL,2022-08-15,True,False,0,0,0,0,0,0,0.0,0.0,0.0,0,0,,,2022
401,AAPL,2023-10-20,True,False,0,0,0,0,0,0,0.0,0.0,0.0,0,0,,,2023
402,MSFT,2023-10-20,True,False,0,0,0,0,0,0,0.0,0.0,0.0,0,0,,,2023
403,MSFT,2023-10-20,True,False,0,0,0,0,0,0,0.0,0.0,0.0,0,0,,,2023
404,NVDA,2023-10-20,True,False,0,0,0,0,0,0,0.0,0.0,0.0,0,0,,,2023
405,GOOGL,2022-08-19,True,False,0,0,0,0,0,0,0.0,0.0,0.0,0,0,,,2022
406,AMZN,2022-08-19,True,False,0,0,0,0,0,0,0.0,0.0,0.0,0,0,,,2022
407,AMZN,2022-08-19,True,False,0,0,0,0,0,0,0.0,0.0,0.0,0,0,,,2022
408,TSLA,2024-04-12,True,False,0,0,0,0,0,0,0.0,0.0,0.0,0,0,,,2024
409,AAPL,2023-11-11,True,False,0,0,0,0,0,0,0.0,0.0,0.0,0,0,,,2023
410,NVDA,2023-11-11,True,False,0,0,0,0,0,0,0.0,0.0,0.0,0,0,,,2023
411,GOOGL,2023-11-11,True,False,0,0,0,0,0,0,0.0,0.0,0.0,0,0,,,2023
412,GOOGL,2025-10-16,True,False,0,0,0,0,0,0,0.0,0.0,0.0,0,0,,,2025
413,GOOGL,2025-10-16,True,False,0,0,0,0,0,0,0.0,0.0,0.0,0,0,,,2025
414,GOOGL,2025-10-16,True,False,0,0,0,0,0,0,0.0,0.0,0.0,0,0,,,2025
415,AMZN,2025-10-16,True,False,0,0,0,0,0,0,0.0,0.0,0.0,0,0,,,2025
416,TSLA,2025-09-19,True,False,0,0,0,0,0,0,0.0,0.0,0.0,0,0,,,2025
417,TSLA,2024-07-25,True,False,0,0,0,0,0,0,0.0,0.0,0.0,0,0,,,2024
418,PYPL,2025-10-08,True,False,0,0,0,0,0,0,0.0,0.0,0.0,0,0,,,2025
419,NFLX,2026-04-15,True,False,0,0,0,0,0,0,0.0,0.0,0.0,0,0,,,2026
420,NFLX,2026-04-15,True,False,0,0,0,0,0,0,0.0,0.0,0.0,0,0,,,2026
421,NVDA,2024-07-18,True,False,0,0,0,0,0,0,0.0,0.0,0.0,0,0,,,2024
422,NFLX,2021-09-13,True,False,0,0,0,0,0,0,0.0,0.0,0.0,0,0,,,2021
423,NFLX,2021-09-13,True,False,0,0,0,0,0,0,0.0,0.0,0.0,0,0,,,2021
424,AMZN,2021-09-13,True,False,0,0,0,0,0,0,0.0,0.0,0.0,0,0,,,2021
425,META,2021-09-13,True,False,0,0,0,0,0,0,0.0,0.0,0.0,0,0,,,2021
426,GOOGL,2024-05-09,True,False,0,0,0,0,0,0,0.0,0.0,0.0,0,0,,,2024
427,AAPL,2024-05-09,True,False,0,0,0,0,0,0,0.0,0.0,0.0,0,0,,,2024
428,MSFT,2024-05-09,True,False,0,0,0,0,0,0,0.0,0.0,0.0,0,0,,,2024
429,AMD,2025-11-04,True,False,0,0,0,0,0,0,0.0,0.0,0.0,0,0,,,2025
430,AMD,2025-11-04,True,False,0,0,0,0,0,0,0.0,0.0,0.0,0,0,,,2025
431,AMD,2025-11-04,True,False,0,0,0,0,0,0,0.0,0.0,0.0,0,0,,,2025
432,AMD,2025-11-04,True,False,0,0,0,0,0,0,0.0,0.0,0.0,0,0,,,2025
433,UBER,2026-04-01,True,False,0,0,0,0,0,0,0.0,0.0,0.0,0,0,,,2026
434,META,2025-11-25,True,False,0,0,0,0,0,0,0.0,0.0,0.0,0,0,,,2025
435,AMZN,2024-03-22,True,False,0,0,0,0,0,0,0.0,0.0,0.0,0,0,,,2024
436,MSFT,2024-03-22,True,False,0,0,0,0,0,0,0.0,0.0,0.0,0,0,,,2024
437,TSLA,2024-03-22,True,False,0,0,0,0,0,0,0.0,0.0,0.0,0,0,,,2024
438,AMZN,2024-02-23,True,False,0,0,0,0,0,0,0.0,0.0,0.0,0,0,,,2024
439,MSFT,2024-02-23,True,False,0,0,0,0,0,0,0.0,0.0,0.0,0,0,,,2024
440,TSLA,2024-02-23,True,False,0,0,0,0,0,0,0.0,0.0,0.0,0,0,,,2024
441,AAPL,2025-03-13,True,False,0,0,0,0,0,0,0.0,0.0,0.0,0,0,,,2025
442,AAPL,2025-03-13,True,False,0,0,0,0,0,0,0.0,0.0,0.0,0,0,,,2025
443,NVDA,2024-09-07,True,False,0,0,0,0,0,0,0.0,0.0,0.0,0,0,,,2024
444,AMZN,2023-10-27,True,False,0,0,0,0,0,0,0.0,0.0,0.0,0,0,,,2023
445,NVDA,2025-10-08,True,False,0,0,0,0,0,0,0.0,0.0,0.0,0,0,,,2025
446,AMZN,2024-05-02,True,False,0,0,0,0,0,0,0.0,0.0,0.0,0,0,,,2024
447,TSLA,2024-05-02,True,False,0,0,0,0,0,0,0.0,0.0,0.0,0,0,,,2024
448,NVDA,2025-10-09,True,False,0,0,0,0,0,0,0.0,0.0,0.0,0,0,,,2025
449,CRM,2025-10-09,True,False,0,0,0,0,0,0,0.0,0.0,0.0,0,0,,,2025
450,TSLA,2025-10-09,True,False,0,0,0,0,0,0,0.0,0.0,0.0,0,0,,,2025
451,UBER,2025-10-09,True,False,0,0,0,0,0,0,0.0,0.0,0.0,0,0,,,2025
452,AAPL,2024-02-10,True,False,0,0,0,0,0,0,0.0,0.0,0.0,0,0,,,2024
453,AMZN,2024-02-10,True,False,0,0,0,0,0,0,0.0,0.0,0.0,0,0,,,2024
454,NVDA,2024-02-10,True,False,0,0,0,0,0,0,0.0,0.0,0.0,0,0,,,2024
455,TSLA,2024-02-10,True,False,0,0,0,0,0,0,0.0,0.0,0.0,0,0,,,2024
456,TSLA,2024-02-10,True,False,0,0,0,0,0,0,0.0,0.0,0.0,0,0,,,2024
457,AMD,2026-04-14,True,False,0,0,0,0,0,0,0.0,0.0,0.0,0,0,,,2026
458,AMD,2026-04-14,True,False,0,0,0,0,0,0,0.0,0.0,0.0,0,0,,,2026
459,NVDA,2024-06-27,True,False,0,0,0,0,0,0,0.0,0.0,0.0,0,0,,,2024
460,AMZN,2024-08-22,True,False,0,0,0,0,0,0,0.0,0.0,0.0,0,0,,,2024
461,AMZN,2024-08-22,True,False,0,0,0,0,0,0,0.0,0.0,0.0,0,0,,,2024
462,AMZN,2024-08-22,True,False,0,0,0,0,0,0,0.0,0.0,0.0,0,0,,,2024
463,GOOGL,2024-08-22,True,False,0,0,0,0,0,0,0.0,0.0,0.0,0,0,,,2024
464,MSFT,2025-03-18,True,False,0,0,0,0,0,0,0.0,0.0,0.0,0,0,,,2025
465,NVDA,2026-03-30,True,False,0,0,0,0,0,0,0.0,0.0,0.0,0,0,,,2026
466,NVDA,2024-01-22,True,False,0,0,0,0,0,0,0.0,0.0,0.0,0,0,,,2024
467,TSLA,2026-04-01,True,False,0,0,0,0,0,0,0.0,0.0,0.0,0,0,,,2026
468,GOOGL,2025-05-09,True,False,0,0,0,0,0,0,0.0,0.0,0.0,0,0,,,2025
469,NVDA,2024-08-29,True,False,0,0,0,0,0,0,0.0,0.0,0.0,0,0,,,2024
470,AMD,2025-10-04,True,False,0,0,0,0,0,0,0.0,0.0,0.0,0,0,,,2025
471,AMZN,2024-05-11,True,False,0,0,0,0,0,0,0.0,0.0,0.0,0,0,,,2024
472,META,2025-11-26,True,False,0,0,0,0,0,0,0.0,0.0,0.0,0,0,,,2025
473,AMZN,2024-07-22,True,False,0,0,0,0,0,0,0.0,0.0,0.0,0,0,,,2024
474,AMZN,2024-07-22,True,False,0,0,0,0,0,0,0.0,0.0,0.0,0,0,,,2024
475,AMZN,2024-06-07,True,False,0,0,0,0,0,0,0.0,0.0,0.0,0,0,,,2024
476,NVDA,2023-11-21,True,False,0,0,0,0,0,0,0.0,0.0,0.0,0,0,,,2023
477,NVDA,2023-11-21,True,False,0,0,0,0,0,0,0.0,0.0,0.0,0,0,,,2023
478,META,2022-02-17,True,False,0,0,0,0,0,0,0.0,0.0,0.0,0,0,,,2022
479,META,2022-02-17,True,False,0,0,0,0,0,0,0.0,0.0,0.0,0,0,,,2022
480,META,2022-02-17,True,False,0,0,0,0,0,0,0.0,0.0,0.0,0,0,,,2022
481,META,2022-02-17,True,False,0,0,0,0,0,0,0.0,0.0,0.0,0,0,,,2022
482,META,2022-02-17,True,False,0,0,0,0,0,0,0.0,0.0,0.0,0,0,,,2022
483,DIS,2023-09-01,True,False,0,0,0,0,0,0,0.0,0.0,0.0,0,0,,,2023
484,DIS,2023-09-01,True,False,0,0,0,0,0,0,0.0,0.0,0.0,0,0,,,2023
485,DIS,2023-09-01,True,False,0,0,0,0,0,0,0.0,0.0,0.0,0,0,,,2023
486,GOOGL,2026-03-27,True,False,0,0,0,0,0,0,0.0,0.0,0.0,0,0,,,2026
487,TSLA,2024-03-01,True,False,0,0,0,0,0,0,0.0,0.0,0.0,0,0,,,2024
488,TSLA,2024-03-01,True,False,0,0,0,0,0,0,0.0,0.0,0.0,0,0,,,2024
489,AAPL,2024-03-01,True,False,0,0,0,0,0,0,0.0,0.0,0.0,0,0,,,2024
490,NFLX,2024-03-01,True,False,0,0,0,0,0,0,0.0,0.0,0.0,0,0,,,2024
491,CRM,2024-07-27,True,False,0,0,0,0,0,0,0.0,0.0,0.0,0,0,,,2024
492,GOOGL,2025-03-30,True,False,0,0,0,0,0,0,0.0,0.0,0.0,0,0,,,2025
493,GOOGL,2022-05-26,True,False,0,0,0,0,0,0,0.0,0.0,0.0,0,0,,,2022
494,GOOGL,2022-05-26,True,False,0,0,0,0,0,0,0.0,0.0,0.0,0,0,,,2022
495,GOOGL,2022-05-26,True,False,0,0,0,0,0,0,0.0,0.0,0.0,0,0,,,2022
496,AMZN,2024-01-05,True,False,0,0,0,0,0,0,0.0,0.0,0.0,0,0,,,2024
497,AAPL,2024-01-13,True,False,0,0,0,0,0,0,0.0,0.0,0.0,0,0,,,2024
498,MSFT,2024-01-13,True,False,0,0,0,0,0,0,0.0,0.0,0.0,0,0,,,2024
499,AAPL,2024-05-08,True,False,0,0,0,0,0,0,0.0,0.0,0.0,0,0,,,2024
500,AMD,2025-10-12,True,False,0,0,0,0,0,0,0.0,0.0,0.0,0,0,,,2025
501,AMD,2025-10-12,True,False,0,0,0,0,0,0,0.0,0.0,0.0,0,0,,,2025
502,MSFT,2023-12-22,True,False,0,0,0,0,0,0,0.0,0.0,0.0,0,0,,,2023
503,NVDA,2023-12-22,True,False,0,0,0,0,0,0,0.0,0.0,0.0,0,0,,,2023
504,GOOGL,2024-04-25,True,False,0,0,0,0,0,0,0.0,0.0,0.0,0,0,,,2024
505,AAPL,2024-05-03,True,False,0,0,0,0,0,0,0.0,0.0,0.0,0,0,,,2024
506,TSLA,2024-05-03,True,False,0,0,0,0,0,0,0.0,0.0,0.0,0,0,,,2024
507,MSFT,2025-10-30,True,False,0,0,0,0,0,0,0.0,0.0,0.0,0,0,,,2025
508,GOOGL,2025-10-30,True,False,0,0,0,0,0,0,0.0,0.0,0.0,0,0,,,2025
509,META,2025-10-30,True,False,0,0,0,0,0,0,0.0,0.0,0.0,0,0,,,2025
510,META,2025-10-30,True,False,0,0,0,0,0,0,0.0,0.0,0.0,0,0,,,2025
511,NVDA,2025-10-30,True,False,0,0,0,0,0,0,0.0,0.0,0.0,0,0,,,2025
512,GOOGL,2021-04-01,True,False,0,0,0,0,0,0,0.0,0.0,0.0,0,0,,,2021
513,GOOGL,2021-04-01,True,False,0,0,0,0,0,0,0.0,0.0,0.0,0,0,,,2021
514,AAPL,2021-04-01,True,False,0,0,0,0,0,0,0.0,0.0,0.0,0,0,,,2021
515,META,2023-10-27,True,False,0,0,0,0,0,0,0.0,0.0,0.0,0,0,,,2023
516,AMZN,2023-10-27,True,False,0,0,0,0,0,0,0.0,0.0,0.0,0,0,,,2023
517,AMZN,2023-10-27,True,False,0,0,0,0,0,0,0.0,0.0,0.0,0,0,,,2023
518,AAPL,2025-12-19,True,False,0,0,0,0,0,0,0.0,0.0,0.0,0,0,,,2025
519,AAPL,2025-12-19,True,False,0,0,0,0,0,0,0.0,0.0,0.0,0,0,,,2025
520,NVDA,2025-11-04,True,False,0,0,0,0,0,0,0.0,0.0,0.0,0,0,,,2025
521,NVDA,2025-11-04,True,False,0,0,0,0,0,0,0.0,0.0,0.0,0,0,,,2025
522,META,2025-11-04,True,False,0,0,0,0,0,0,0.0,0.0,0.0,0,0,,,2025
523,GOOGL,2025-11-04,True,False,0,0,0,0,0,0,0.0,0.0,0.0,0,0,,,2025
524,AMD,2025-09-27,True,False,0,0,0,0,0,0,0.0,0.0,0.0,0,0,,,2025
525,AAPL,2024-03-14,True,False,0,0,0,0,0,0,0.0,0.0,0.0,0,0,,,2024
526,NVDA,2024-03-14,True,False,0,0,0,0,0,0,0.0,0.0,0.0,0,0,,,2024
527,AAPL,2023-11-02,True,False,0,0,0,0,0,0,0.0,0.0,0.0,0,0,,,2023
528,AAPL,2023-11-02,True,False,0,0,0,0,0,0,0.0,0.0,0.0,0,0,,,2023
529,AAPL,2023-11-02,True,False,0,0,0,0,0,0,0.0,0.0,0.0,0,0,,,2023
530,DIS,2023-11-02,True,False,0,0,0,0,0,0,0.0,0.0,0.0,0,0,,,2023
531,MSFT,2026-04-12,True,False,0,0,0,0,0,0,0.0,0.0,0.0,0,0,,,2026
532,TGT,2024-10-08,True,False,0,0,0,0,0,0,0.0,0.0,0.0,0,0,,,2024
533,AAPL,2026-01-01,True,False,0,0,0,0,0,0,0.0,0.0,0.0,0,0,,,2026
534,AMZN,2024-01-26,True,False,0,0,0,0,0,0,0.0,0.0,0.0,0,0,,,2024
535,NVDA,2024-01-26,True,False,0,0,0,0,0,0,0.0,0.0,0.0,0,0,,,2024
536,NVDA,2024-01-26,True,False,0,0,0,0,0,0,0.0,0.0,0.0,0,0,,,2024
537,MSFT,2024-01-26,True,False,0,0,0,0,0,0,0.0,0.0,0.0,0,0,,,2024
538,AMZN,2026-04-09,True,False,0,0,0,0,0,0,0.0,0.0,0.0,0,0,,,2026
539,AMD,2025-09-18,True,False,0,0,0,0,0,0,0.0,0.0,0.0,0,0,,,2025
540,AMZN,2020-07-12,True,False,0,0,0,0,0,0,0.0,0.0,0.0,0,0,,,2020
541,AMZN,2020-07-12,True,False,0,0,0,0,0,0,0.0,0.0,0.0,0,0,,,2020
542,AMZN,2025-09-29,True,False,0,0,0,0,0,0,0.0,0.0,0.0,0,0,,,2025
543,NVDA,2026-04-16,True,False,0,0,0,0,0,0,0.0,0.0,0.0,0,0,,,2026
544,GOOGL,2023-12-07,True,False,0,0,0,0,0,0,0.0,0.0,0.0,0,0,,,2023
545,NVDA,2025-10-03,True,False,0,0,0,0,0,0,0.0,0.0,0.0,0,0,,,2025
546,AMZN,2023-12-01,True,False,0,0,0,0,0,0,0.0,0.0,0.0,0,0,,,2023
547,AAPL,2025-02-20,True,False,0,0,0,0,0,0,0.0,0.0,0.0,0,0,,,2025
548,TSLA,2025-11-19,True,False,0,0,0,0,0,0,0.0,0.0,0.0,0,0,,,2025
549,META,2026-04-11,True,False,0,0,0,0,0,0,0.0,0.0,0.0,0,0,,,2026
550,NVDA,2025-11-22,True,False,0,0,0,0,0,0,0.0,0.0,0.0,0,0,,,2025
551,NVDA,2025-11-22,True,False,0,0,0,0,0,0,0.0,0.0,0.0,0,0,,,2025
552,MSFT,2025-11-22,True,False,0,0,0,0,0,0,0.0,0.0,0.0,0,0,,,2025
553,PYPL,2025-09-17,True,False,0,0,0,0,0,0,0.0,0.0,0.0,0,0,,,2025
554,META,2025-09-17,True,False,0,0,0,0,0,0,0.0,0.0,0.0,0,0,,,2025
555,AMZN,2021-04-08,True,False,0,0,0,0,0,0,0.0,0.0,0.0,0,0,,,2021
556,GOOGL,2021-04-08,True,False,0,0,0,0,0,0,0.0,0.0,0.0,0,0,,,2021
557,AAPL,2021-04-08,True,False,0,0,0,0,0,0,0.0,0.0,0.0,0,0,,,2021
558,TSLA,2024-07-04,True,False,0,0,0,0,0,0,0.0,0.0,0.0,0,0,,,2024
559,NVDA,2024-07-04,True,False,0,0,0,0,0,0,0.0,0.0,0.0,0,0,,,2024
560,AMZN,2024-07-04,True,False,0,0,0,0,0,0,0.0,0.0,0.0,0,0,,,2024
561,AAPL,2024-07-04,True,False,0,0,0,0,0,0,0.0,0.0,0.0,0,0,,,2024
562,HOOD,2026-03-25,True,False,0,0,0,0,0,0,0.0,0.0,0.0,0,0,,,2026
563,HOOD,2026-03-25,True,False,0,0,0,0,0,0,0.0,0.0,0.0,0,0,,,2026
564,HOOD,2026-03-25,True,False,0,0,0,0,0,0,0.0,0.0,0.0,0,0,,,2026
565,GOOGL,2024-01-30,True,False,0,0,0,0,0,0,0.0,0.0,0.0,0,0,,,2024
566,GOOGL,2024-01-30,True,False,0,0,0,0,0,0,0.0,0.0,0.0,0,0,,,2024
567,TSLA,2026-04-07,True,False,0,0,0,0,0,0,0.0,0.0,0.0,0,0,,,2026
568,AMZN,2021-07-17,True,False,0,0,0,0,0,0,0.0,0.0,0.0,0,0,,,2021
569,PYPL,2025-10-15,True,False,0,0,0,0,0,0,0.0,0.0,0.0,0,0,,,2025
570,GOOGL,2025-10-15,True,False,0,0,0,0,0,0,0.0,0.0,0.0,0,0,,,2025
571,SOFI,2025-10-15,True,False,0,0,0,0,0,0,0.0,0.0,0.0,0,0,,,2025
572,NVDA,2024-02-22,True,False,0,0,0,0,0,0,0.0,0.0,0.0,0,0,,,2024
573,PYPL,2025-10-29,True,False,0,0,0,0,0,0,0.0,0.0,0.0,0,0,,,2025
574,PYPL,2025-10-29,True,False,0,0,0,0,0,0,0.0,0.0,0.0,0,0,,,2025
575,PYPL,2025-10-29,True,False,0,0,0,0,0,0,0.0,0.0,0.0,0,0,,,2025
576,PYPL,2025-10-29,True,False,0,0,0,0,0,0,0.0,0.0,0.0,0,0,,,2025
577,NVDA,2025-10-29,True,False,0,0,0,0,0,0,0.0,0.0,0.0,0,0,,,2025
578,MSFT,2023-05-31,True,False,0,0,0,0,0,0,0.0,0.0,0.0,0,0,,,2023
579,GOOGL,2023-05-31,True,False,0,0,0,0,0,0,0.0,0.0,0.0,0,0,,,2023
580,PLTR,2026-03-31,True,False,0,0,0,0,0,0,0.0,0.0,0.0,0,0,,,2026
581,AMD,2025-10-13,True,False,0,0,0,0,0,0,0.0,0.0,0.0,0,0,,,2025
582,AMC,2024-03-29,True,False,0,0,0,0,0,0,0.0,0.0,0.0,0,0,,,2024
583,TSLA,2025-09-30,True,False,0,0,0,0,0,0,0.0,0.0,0.0,0,0,,,2025
584,NVDA,2025-09-15,True,False,0,0,0,0,0,0,0.0,0.0,0.0,0,0,,,2025
585,MSFT,2023-10-25,True,False,0,0,0,0,0,0,0.0,0.0,0.0,0,0,,,2023
586,MSFT,2023-10-25,True,False,0,0,0,0,0,0,0.0,0.0,0.0,0,0,,,2023
587,NVDA,2025-01-27,True,False,0,0,0,0,0,0,0.0,0.0,0.0,0,0,,,2025
588,TSLA,2024-04-26,True,False,0,0,0,0,0,0,0.0,0.0,0.0,0,0,,,2024
589,AAPL,2024-04-26,True,False,0,0,0,0,0,0,0.0,0.0,0.0,0,0,,,2024
590,AMZN,2024-04-26,True,False,0,0,0,0,0,0,0.0,0.0,0.0,0,0,,,2024
591,NFLX,2024-04-26,True,False,0,0,0,0,0,0,0.0,0.0,0.0,0,0,,,2024
592,NVDA,2024-04-26,True,False,0,0,0,0,0,0,0.0,0.0,0.0,0,0,,,2024
593,TSLA,2026-04-16,True,False,0,0,0,0,0,0,0.0,0.0,0.0,0,0,,,2026
594,NVDA,2025-11-13,True,False,0,0,0,0,0,0,0.0,0.0,0.0,0,0,,,2025
595,ROKU,2026-04-08,True,False,0,0,0,0,0,0,0.0,0.0,0.0,0,0,,,2026
596,MSFT,2025-10-07,True,False,0,0,0,0,0,0,0.0,0.0,0.0,0,0,,,2025
597,PYPL,2025-10-07,True,False,0,0,0,0,0,0,0.0,0.0,0.0,0,0,,,2025
598,NFLX,2025-10-07,True,False,0,0,0,0,0,0,0.0,0.0,0.0,0,0,,,2025
599,AMD,2025-10-07,True,False,0,0,0,0,0,0,0.0,0.0,0.0,0,0,,,2025
600,AMD,2025-10-07,True,False,0,0,0,0,0,0,0.0,0.0,0.0,0,0,,,2025
601,AMZN,2025-10-07,True,False,0,0,0,0,0,0,0.0,0.0,0.0,0,0,,,2025
602,AAPL,2024-03-15,True,False,0,0,0,0,0,0,0.0,0.0,0.0,0,0,,,2024
603,AMZN,2025-03-26,True,False,0,0,0,0,0,0,0.0,0.0,0.0,0,0,,,2025
604,PYPL,2023-11-01,True,False,0,0,0,0,0,0,0.0,0.0,0.0,0,0,,,2023
605,PYPL,2023-11-01,True,False,0,0,0,0,0,0,0.0,0.0,0.0,0,0,,,2023
606,GOOGL,2025-10-07,True,False,0,0,0,0,0,0,0.0,0.0,0.0,0,0,,,2025
607,META,2025-10-07,True,False,0,0,0,0,0,0,0.0,0.0,0.0,0,0,,,2025
608,AMD,2024-08-01,True,False,0,0,0,0,0,0,0.0,0.0,0.0,0,0,,,2024
609,NVDA,2024-08-01,True,False,0,0,0,0,0,0,0.0,0.0,0.0,0,0,,,2024
610,AMZN,2024-07-10,True,False,0,0,0,0,0,0,0.0,0.0,0.0,0,0,,,2024
611,GOOGL,2024-07-10,True,False,0,0,0,0,0,0,0.0,0.0,0.0,0,0,,,2024
612,GOOGL,2026-04-16,True,False,0,0,0,0,0,0,0.0,0.0,0.0,0,0,,,2026
613,AMZN,2024-02-02,True,False,0,0,0,0,0,0,0.0,0.0,0.0,0,0,,,2024
614,AMD,2025-09-21,True,False,0,0,0,0,0,0,0.0,0.0,0.0,0,0,,,2025
615,NVDA,2025-09-21,True,False,0,0,0,0,0,0,0.0,0.0,0.0,0,0,,,2025
616,SOFI,2026-04-13,True,False,0,0,0,0,0,0,0.0,0.0,0.0,0,0,,,2026
617,TSLA,2024-01-19,True,False,0,0,0,0,0,0,0.0,0.0,0.0,0,0,,,2024
618,PYPL,2024-01-19,True,False,0,0,0,0,0,0,0.0,0.0,0.0,0,0,,,2024
619,TSLA,2024-02-22,True,False,0,0,0,0,0,0,0.0,0.0,0.0,0,0,,,2024
620,AMD,2025-10-28,True,False,0,0,0,0,0,0,0.0,0.0,0.0,0,0,,,2025
621,GOOGL,2023-11-25,True,False,0,0,0,0,0,0,0.0,0.0,0.0,0,0,,,2023
622,NVDA,2024-02-02,True,False,0,0,0,0,0,0,0.0,0.0,0.0,0,0,,,2024
623,AAPL,2024-02-02,True,False,0,0,0,0,0,0,0.0,0.0,0.0,0,0,,,2024
624,AMZN,2024-02-02,True,False,0,0,0,0,0,0,0.0,0.0,0.0,0,0,,,2024
625,AMD,2025-09-25,True,False,0,0,0,0,0,0,0.0,0.0,0.0,0,0,,,2025
626,PYPL,2025-10-01,True,False,0,0,0,0,0,0,0.0,0.0,0.0,0,0,,,2025
627,TSLA,2025-09-15,True,False,0,0,0,0,0,0,0.0,0.0,0.0,0,0,,,2025
628,TSLA,2025-09-15,True,False,0,0,0,0,0,0,0.0,0.0,0.0,0,0,,,2025
629,NVDA,2025-09-15,True,False,0,0,0,0,0,0,0.0,0.0,0.0,0,0,,,2025
630,NVDA,2025-09-15,True,False,0,0,0,0,0,0,0.0,0.0,0.0,0,0,,,2025
631,NVDA,2025-11-03,True,False,0,0,0,0,0,0,0.0,0.0,0.0,0,0,,,2025
632,GOOGL,2023-10-27,True,False,0,0,0,0,0,0,0.0,0.0,0.0,0,0,,,2023
633,AAPL,2023-10-27,True,False,0,0,0,0,0,0,0.0,0.0,0.0,0,0,,,2023
634,DIS,2023-10-27,True,False,0,0,0,0,0,0,0.0,0.0,0.0,0,0,,,2023
635,GOOGL,2022-08-23,True,False,0,0,0,0,0,0,0.0,0.0,0.0,0,0,,,2022
636,AMZN,2023-10-27,True,False,0,0,0,0,0,0,0.0,0.0,0.0,0,0,,,2023
637,PYPL,2025-10-03,True,False,0,0,0,0,0,0,0.0,0.0,0.0,0,0,,,2025
638,NVDA,2025-10-03,True,False,0,0,0,0,0,0,0.0,0.0,0.0,0,0,,,2025
639,AAPL,2021-05-04,True,False,0,0,0,0,0,0,0.0,0.0,0.0,0,0,,,2021
640,SOFI,2025-10-20,True,False,0,0,0,0,0,0,0.0,0.0,0.0,0,0,,,2025
641,META,2025-10-20,True,False,0,0,0,0,0,0,0.0,0.0,0.0,0,0,,,2025
642,PYPL,2025-10-20,True,False,0,0,0,0,0,0,0.0,0.0,0.0,0,0,,,2025
643,AMZN,2024-08-10,True,False,0,0,0,0,0,0,0.0,0.0,0.0,0,0,,,2024
644,GOOGL,2024-08-10,True,False,0,0,0,0,0,0,0.0,0.0,0.0,0,0,,,2024
645,AAPL,2024-08-10,True,False,0,0,0,0,0,0,0.0,0.0,0.0,0,0,,,2024
646,TSLA,2024-08-10,True,False,0,0,0,0,0,0,0.0,0.0,0.0,0,0,,,2024
647,NVDA,2025-09-12,True,False,0,0,0,0,0,0,0.0,0.0,0.0,0,0,,,2025
648,AMZN,2025-10-23,True,False,0,0,0,0,0,0,0.0,0.0,0.0,0,0,,,2025
649,NFLX,2024-01-23,True,False,0,0,0,0,0,0,0.0,0.0,0.0,0,0,,,2024
650,NFLX,2024-01-23,True,False,0,0,0,0,0,0,0.0,0.0,0.0,0,0,,,2024
651,GOOGL,2023-12-09,True,False,0,0,0,0,0,0,0.0,0.0,0.0,0,0,,,2023
652,NVDA,2025-11-01,True,False,0,0,0,0,0,0,0.0,0.0,0.0,0,0,,,2025
653,NVDA,2025-11-01,True,False,0,0,0,0,0,0,0.0,0.0,0.0,0,0,,,2025
654,NVDA,2025-11-01,True,False,0,0,0,0,0,0,0.0,0.0,0.0,0,0,,,2025
655,NVDA,2023-12-03,True,False,0,0,0,0,0,0,0.0,0.0,0.0,0,0,,,2023
656,NVDA,2023-12-03,True,False,0,0,0,0,0,0,0.0,0.0,0.0,0,0,,,2023
657,NVDA,2023-12-03,True,False,0,0,0,0,0,0,0.0,0.0,0.0,0,0,,,2023
658,NVDA,2023-12-03,True,False,0,0,0,0,0,0,0.0,0.0,0.0,0,0,,,2023
659,NVDA,2024-04-16,True,False,0,0,0,0,0,0,0.0,0.0,0.0,0,0,,,2024
660,NVDA,2025-03-04,True,False,0,0,0,0,0,0,0.0,0.0,0.0,0,0,,,2025
661,NVDA,2024-07-01,True,False,0,0,0,0,0,0,0.0,0.0,0.0,0,0,,,2024
662,AMZN,2023-12-15,True,False,0,0,0,0,0,0,0.0,0.0,0.0,0,0,,,2023
663,NFLX,2023-12-15,True,False,0,0,0,0,0,0,0.0,0.0,0.0,0,0,,,2023
664,NFLX,2023-12-15,True,False,0,0,0,0,0,0,0.0,0.0,0.0,0,0,,,2023
665,PYPL,2023-12-15,True,False,0,0,0,0,0,0,0.0,0.0,0.0,0,0,,,2023
666,GOOGL,2023-12-15,True,False,0,0,0,0,0,0,0.0,0.0,0.0,0,0,,,2023
667,TSLA,2023-12-15,True,False,0,0,0,0,0,0,0.0,0.0,0.0,0,0,,,2023
668,GOOGL,2025-11-24,True,False,0,0,0,0,0,0,0.0,0.0,0.0,0,0,,,2025
669,META,2022-06-06,True,False,0,0,0,0,0,0,0.0,0.0,0.0,0,0,,,2022
670,META,2022-06-06,True,False,0,0,0,0,0,0,0.0,0.0,0.0,0,0,,,2022
671,META,2022-06-06,True,False,0,0,0,0,0,0,0.0,0.0,0.0,0,0,,,2022
672,MSFT,2022-06-06,True,False,0,0,0,0,0,0,0.0,0.0,0.0,0,0,,,2022
673,MSFT,2022-06-06,True,False,0,0,0,0,0,0,0.0,0.0,0.0,0,0,,,2022
674,GOOGL,2022-06-06,True,False,0,0,0,0,0,0,0.0,0.0,0.0,0,0,,,2022
675,AMZN,2022-06-06,True,False,0,0,0,0,0,0,0.0,0.0,0.0,0,0,,,2022
676,AMZN,2022-06-06,True,False,0,0,0,0,0,0,0.0,0.0,0.0,0,0,,,2022
677,NVDA,2024-09-14,True,False,0,0,0,0,0,0,0.0,0.0,0.0,0,0,,,2024
678,AAPL,2024-09-14,True,False,0,0,0,0,0,0,0.0,0.0,0.0,0,0,,,2024
679,NFLX,2024-09-14,True,False,0,0,0,0,0,0,0.0,0.0,0.0,0,0,,,2024
680,PYPL,2025-11-24,True,False,0,0,0,0,0,0,0.0,0.0,0.0,0,0,,,2025
681,NVDA,2024-08-09,True,False,0,0,0,0,0,0,0.0,0.0,0.0,0,0,,,2024
682,TSLA,2024-08-09,True,False,0,0,0,0,0,0,0.0,0.0,0.0,0,0,,,2024
683,PYPL,2025-11-20,True,False,0,0,0,0,0,0,0.0,0.0,0.0,0,0,,,2025
684,UBER,2024-05-12,True,False,0,0,0,0,0,0,0.0,0.0,0.0,0,0,,,2024
685,NVDA,2025-12-31,True,False,0,0,0,0,0,0,0.0,0.0,0.0,0,0,,,2025
686,AMD,2025-12-22,True,False,0,0,0,0,0,0,0.0,0.0,0.0,0,0,,,2025
687,META,2025-11-23,True,False,0,0,0,0,0,0,0.0,0.0,0.0,0,0,,,2025
688,UBER,2024-11-05,True,False,0,0,0,0,0,0,0.0,0.0,0.0,0,0,,,2024
689,SOFI,2025-11-13,True,False,0,0,0,0,0,0,0.0,0.0,0.0,0,0,,,2025
690,AMZN,2024-06-14,True,False,0,0,0,0,0,0,0.0,0.0,0.0,0,0,,,2024
691,GOOGL,2024-06-14,True,False,0,0,0,0,0,0,0.0,0.0,0.0,0,0,,,2024
692,SOFI,2026-04-19,True,False,0,0,0,0,0,0,0.0,0.0,0.0,0,0,,,2026
693,SOFI,2026-04-19,True,False,0,0,0,0,0,0,0.0,0.0,0.0,0,0,,,2026
694,GOOGL,2025-11-28,True,False,0,0,0,0,0,0,0.0,0.0,0.0,0,0,,,2025
695,META,2025-11-28,True,False,0,0,0,0,0,0,0.0,0.0,0.0,0,0,,,2025
696,NVDA,2025-01-23,True,False,0,0,0,0,0,0,0.0,0.0,0.0,0,0,,,2025
697,NFLX,2025-01-23,True,False,0,0,0,0,0,0,0.0,0.0,0.0,0,0,,,2025
698,AMZN,2024-10-25,True,False,0,0,0,0,0,0,0.0,0.0,0.0,0,0,,,2024
699,AMZN,2024-10-25,True,False,0,0,0,0,0,0,0.0,0.0,0.0,0,0,,,2024
700,TSLA,2024-10-25,True,False,0,0,0,0,0,0,0.0,0.0,0.0,0,0,,,2024
701,NVDA,2024-10-31,True,False,0,0,0,0,0,0,0.0,0.0,0.0,0,0,,,2024
702,NVDA,2024-10-18,True,False,0,0,0,0,0,0,0.0,0.0,0.0,0,0,,,2024
703,MSFT,2025-02-13,True,False,0,0,0,0,0,0,0.0,0.0,0.0,0,0,,,2025
704,MSFT,2025-02-13,True,False,0,0,0,0,0,0,0.0,0.0,0.0,0,0,,,2025
705,AAPL,2025-02-13,True,False,0,0,0,0,0,0,0.0,0.0,0.0,0,0,,,2025
706,NVDA,2024-08-30,True,False,0,0,0,0,0,0,0.0,0.0,0.0,0,0,,,2024
707,NVDA,2024-08-30,True,False,0,0,0,0,0,0,0.0,0.0,0.0,0,0,,,2024
708,AMZN,2024-08-30,True,False,0,0,0,0,0,0,0.0,0.0,0.0,0,0,,,2024
709,AMZN,2024-08-30,True,False,0,0,0,0,0,0,0.0,0.0,0.0,0,0,,,2024
710,MSFT,2024-08-30,True,False,0,0,0,0,0,0,0.0,0.0,0.0,0,0,,,2024
711,AMD,2025-12-19,True,False,0,0,0,0,0,0,0.0,0.0,0.0,0,0,,,2025
712,AMD,2025-11-14,True,False,0,0,0,0,0,0,0.0,0.0,0.0,0,0,,,2025
713,GOOGL,2025-11-14,True,False,0,0,0,0,0,0,0.0,0.0,0.0,0,0,,,2025
714,GOOGL,2025-11-14,True,False,0,0,0,0,0,0,0.0,0.0,0.0,0,0,,,2025
715,UBER,2025-11-14,True,False,0,0,0,0,0,0,0.0,0.0,0.0,0,0,,,2025
716,META,2025-11-14,True,False,0,0,0,0,0,0,0.0,0.0,0.0,0,0,,,2025
717,META,2025-11-14,True,False,0,0,0,0,0,0,0.0,0.0,0.0,0,0,,,2025
718,SOFI,2025-11-14,True,False,0,0,0,0,0,0,0.0,0.0,0.0,0,0,,,2025
719,NVDA,2025-11-14,True,False,0,0,0,0,0,0,0.0,0.0,0.0,0,0,,,2025
720,AMD,2025-01-09,True,False,0,0,0,0,0,0,0.0,0.0,0.0,0,0,,,2025
721,TSLA,2024-10-11,True,False,0,0,0,0,0,0,0.0,0.0,0.0,0,0,,,2024
722,TSLA,2024-10-11,True,False,0,0,0,0,0,0,0.0,0.0,0.0,0,0,,,2024
723,AAPL,2024-10-11,True,False,0,0,0,0,0,0,0.0,0.0,0.0,0,0,,,2024
724,AMZN,2024-10-11,True,False,0,0,0,0,0,0,0.0,0.0,0.0,0,0,,,2024
725,NVDA,2024-10-11,True,False,0,0,0,0,0,0,0.0,0.0,0.0,0,0,,,2024
726,GOOGL,2024-10-11,True,False,0,0,0,0,0,0,0.0,0.0,0.0,0,0,,,2024
727,GOOGL,2024-10-11,True,False,0,0,0,0,0,0,0.0,0.0,0.0,0,0,,,2024
728,NVDA,2024-02-24,True,False,0,0,0,0,0,0,0.0,0.0,0.0,0,0,,,2024
729,NVDA,2024-02-24,True,False,0,0,0,0,0,0,0.0,0.0,0.0,0,0,,,2024
730,MSFT,2024-01-31,True,False,0,0,0,0,0,0,0.0,0.0,0.0,0,0,,,2024
731,GOOGL,2024-01-31,True,False,0,0,0,0,0,0,0.0,0.0,0.0,0,0,,,2024
732,GOOGL,2024-01-31,True,False,0,0,0,0,0,0,0.0,0.0,0.0,0,0,,,2024
733,UBER,2025-12-08,True,False,0,0,0,0,0,0,0.0,0.0,0.0,0,0,,,2025
734,NVDA,2025-11-20,True,False,0,0,0,0,0,0,0.0,0.0,0.0,0,0,,,2025
735,UBER,2025-11-20,True,False,0,0,0,0,0,0,0.0,0.0,0.0,0,0,,,2025
736,AAPL,2024-08-16,True,False,0,0,0,0,0,0,0.0,0.0,0.0,0,0,,,2024
737,NVDA,2024-08-16,True,False,0,0,0,0,0,0,0.0,0.0,0.0,0,0,,,2024
738,NVDA,2024-08-16,True,False,0,0,0,0,0,0,0.0,0.0,0.0,0,0,,,2024
739,GOOGL,2024-08-16,True,False,0,0,0,0,0,0,0.0,0.0,0.0,0,0,,,2024
740,AMZN,2024-08-16,True,False,0,0,0,0,0,0,0.0,0.0,0.0,0,0,,,2024
741,AMZN,2024-08-16,True,False,0,0,0,0,0,0,0.0,0.0,0.0,0,0,,,2024
742,MSFT,2024-08-16,True,False,0,0,0,0,0,0,0.0,0.0,0.0,0,0,,,2024
743,AMD,2025-11-26,True,False,0,0,0,0,0,0,0.0,0.0,0.0,0,0,,,2025
744,NVDA,2025-01-25,True,False,0,0,0,0,0,0,0.0,0.0,0.0,0,0,,,2025
745,AAPL,2025-01-25,True,False,0,0,0,0,0,0,0.0,0.0,0.0,0,0,,,2025
746,MSFT,2025-01-25,True,False,0,0,0,0,0,0,0.0,0.0,0.0,0,0,,,2025
747,TSLA,2025-01-25,True,False,0,0,0,0,0,0,0.0,0.0,0.0,0,0,,,2025
748,PYPL,2024-02-08,True,False,0,0,0,0,0,0,0.0,0.0,0.0,0,0,,,2024
749,AMZN,2024-02-08,True,False,0,0,0,0,0,0,0.0,0.0,0.0,0,0,,,2024
750,NVDA,2025-12-28,True,False,0,0,0,0,0,0,0.0,0.0,0.0,0,0,,,2025
751,AMD,2026-01-07,True,False,0,0,0,0,0,0,0.0,0.0,0.0,0,0,,,2026
752,NVDA,2024-07-26,True,False,0,0,0,0,0,0,0.0,0.0,0.0,0,0,,,2024
753,AMZN,2024-02-05,True,False,0,0,0,0,0,0,0.0,0.0,0.0,0,0,,,2024
754,AMZN,2024-02-05,True,False,0,0,0,0,0,0,0.0,0.0,0.0,0,0,,,2024
755,NFLX,2025-12-03,True,False,0,0,0,0,0,0,0.0,0.0,0.0,0,0,,,2025
756,AMZN,2024-02-17,True,False,0,0,0,0,0,0,0.0,0.0,0.0,0,0,,,2024
757,NVDA,2024-07-20,True,False,0,0,0,0,0,0,0.0,0.0,0.0,0,0,,,2024
758,NVDA,2024-07-20,True,False,0,0,0,0,0,0,0.0,0.0,0.0,0,0,,,2024
759,MSFT,2024-07-20,True,False,0,0,0,0,0,0,0.0,0.0,0.0,0,0,,,2024
760,MSFT,2024-07-20,True,False,0,0,0,0,0,0,0.0,0.0,0.0,0,0,,,2024
761,MSFT,2024-07-20,True,False,0,0,0,0,0,0,0.0,0.0,0.0,0,0,,,2024
762,TSLA,2024-07-20,True,False,0,0,0,0,0,0,0.0,0.0,0.0,0,0,,,2024
763,TSLA,2024-07-20,True,False,0,0,0,0,0,0,0.0,0.0,0.0,0,0,,,2024
764,TSLA,2024-07-20,True,False,0,0,0,0,0,0,0.0,0.0,0.0,0,0,,,2024
765,MSFT,2022-10-15,True,False,0,0,0,0,0,0,0.0,0.0,0.0,0,0,,,2022
766,AAPL,2025-08-18,True,False,0,0,0,0,0,0,0.0,0.0,0.0,0,0,,,2025
767,AAPL,2025-08-18,True,False,0,0,0,0,0,0,0.0,0.0,0.0,0,0,,,2025
768,NVDA,2024-05-24,True,False,0,0,0,0,0,0,0.0,0.0,0.0,0,0,,,2024
769,MSFT,2024-05-24,True,False,0,0,0,0,0,0,0.0,0.0,0.0,0,0,,,2024
770,NFLX,2024-05-24,True,False,0,0,0,0,0,0,0.0,0.0,0.0,0,0,,,2024
771,AAPL,2024-08-23,True,False,0,0,0,0,0,0,0.0,0.0,0.0,0,0,,,2024
772,AAPL,2024-08-23,True,False,0,0,0,0,0,0,0.0,0.0,0.0,0,0,,,2024
773,TSLA,2024-08-23,True,False,0,0,0,0,0,0,0.0,0.0,0.0,0,0,,,2024
774,GOOGL,2024-08-23,True,False,0,0,0,0,0,0,0.0,0.0,0.0,0,0,,,2024
775,PYPL,2025-11-21,True,False,0,0,0,0,0,0,0.0,0.0,0.0,0,0,,,2025
776,GOOGL,2025-12-01,True,False,0,0,0,0,0,0,0.0,0.0,0.0,0,0,,,2025
777,GOOGL,2026-04-22,True,False,0,0,0,0,0,0,0.0,0.0,0.0,0,0,,,2026
778,AAPL,2024-02-15,True,False,0,0,0,0,0,0,0.0,0.0,0.0,0,0,,,2024
779,MSFT,2024-02-15,True,False,0,0,0,0,0,0,0.0,0.0,0.0,0,0,,,2024
780,NVDA,2025-12-09,True,False,0,0,0,0,0,0,0.0,0.0,0.0,0,0,,,2025
781,PYPL,2025-12-09,True,False,0,0,0,0,0,0,0.0,0.0,0.0,0,0,,,2025
782,PYPL,2025-12-09,True,False,0,0,0,0,0,0,0.0,0.0,0.0,0,0,,,2025
783,SMCI,2024-08-06,True,False,0,0,0,0,0,0,0.0,0.0,0.0,0,0,,,2024
784,NFLX,2024-01-26,True,False,0,0,0,0,0,0,0.0,0.0,0.0,0,0,,,2024
785,AAPL,2024-02-01,True,False,0,0,0,0,0,0,0.0,0.0,0.0,0,0,,,2024
786,AMZN,2024-02-01,True,False,0,0,0,0,0,0,0.0,0.0,0.0,0,0,,,2024
787,MSFT,2025-06-20,True,False,0,0,0,0,0,0,0.0,0.0,0.0,0,0,,,2025
788,NVDA,2024-09-07,True,False,0,0,0,0,0,0,0.0,0.0,0.0,0,0,,,2024
789,GOOGL,2024-09-07,True,False,0,0,0,0,0,0,0.0,0.0,0.0,0,0,,,2024
790,AAPL,2023-12-26,True,False,0,0,0,0,0,0,0.0,0.0,0.0,0,0,,,2023
791,AAPL,2023-12-26,True,False,0,0,0,0,0,0,0.0,0.0,0.0,0,0,,,2023
792,HOOD,2026-04-23,True,False,0,0,0,0,0,0,0.0,0.0,0.0,0,0,,,2026
793,HOOD,2026-04-23,True,False,0,0,0,0,0,0,0.0,0.0,0.0,0,0,,,2026
794,HOOD,2026-04-23,True,False,0,0,0,0,0,0,0.0,0.0,0.0,0,0,,,2026
795,MSFT,2024-01-30,True,False,0,0,0,0,0,0,0.0,0.0,0.0,0,0,,,2024
796,GOOGL,2024-01-30,True,False,0,0,0,0,0,0,0.0,0.0,0.0,0,0,,,2024
797,AMZN,2024-08-01,True,False,0,0,0,0,0,0,0.0,0.0,0.0,0,0,,,2024
798,AMZN,2024-08-01,True,False,0,0,0,0,0,0,0.0,0.0,0.0,0,0,,,2024
799,DIS,2022-11-17,True,False,0,0,0,0,0,0,0.0,0.0,0.0,0,0,,,2022
800,AAPL,2024-06-07,True,False,0,0,0,0,0,0,0.0,0.0,0.0,0,0,,,2024
801,GOOGL,2024-06-07,True,False,0,0,0,0,0,0,0.0,0.0,0.0,0,0,,,2024
802,AMZN,2024-02-13,True,False,0,0,0,0,0,0,0.0,0.0,0.0,0,0,,,2024
803,AMD,2025-11-12,True,False,0,0,0,0,0,0,0.0,0.0,0.0,0,0,,,2025
804,NVDA,2025-12-17,True,False,0,0,0,0,0,0,0.0,0.0,0.0,0,0,,,2025
805,NFLX,2022-10-11,True,False,0,0,0,0,0,0,0.0,0.0,0.0,0,0,,,2022
806,UBER,2026-04-17,True,False,0,0,0,0,0,0,0.0,0.0,0.0,0,0,,,2026
807,PYPL,2025-11-30,True,False,0,0,0,0,0,0,0.0,0.0,0.0,0,0,,,2025
808,PYPL,2026-02-05,True,False,0,0,0,0,0,0,0.0,0.0,0.0,0,0,,,2026
809,AMZN,2024-02-07,True,False,0,0,0,0,0,0,0.0,0.0,0.0,0,0,,,2024
810,AMZN,2026-03-01,True,False,0,0,0,0,0,0,0.0,0.0,0.0,0,0,,,2026
811,PYPL,2025-12-28,True,False,0,0,0,0,0,0,0.0,0.0,0.0,0,0,,,2025
812,NVDA,2026-01-03,True,False,0,0,0,0,0,0,0.0,0.0,0.0,0,0,,,2026
813,AMZN,2026-04-26,True,False,0,0,0,0,0,0,0.0,0.0,0.0,0,0,,,2026
814,PYPL,2024-04-29,True,False,0,0,0,0,0,0,0.0,0.0,0.0,0,0,,,2024
815,AMD,2024-04-29,True,False,0,0,0,0,0,0,0.0,0.0,0.0,0,0,,,2024
816,AMZN,2025-04-16,True,False,0,0,0,0,0,0,0.0,0.0,0.0,0,0,,,2025
817,AMZN,2025-04-16,True,False,0,0,0,0,0,0,0.0,0.0,0.0,0,0,,,2025
818,TSLA,2025-03-19,True,False,0,0,0,0,0,0,0.0,0.0,0.0,0,0,,,2025
819,AMZN,2025-03-19,True,False,0,0,0,0,0,0,0.0,0.0,0.0,0,0,,,2025
820,NVDA,2024-05-22,True,False,0,0,0,0,0,0,0.0,0.0,0.0,0,0,,,2024
821,NVDA,2024-05-22,True,False,0,0,0,0,0,0,0.0,0.0,0.0,0,0,,,2024
822,AMZN,2025-01-12,True,False,0,0,0,0,0,0,0.0,0.0,0.0,0,0,,,2025
823,TSLA,2025-01-12,True,False,0,0,0,0,0,0,0.0,0.0,0.0,0,0,,,2025
824,TSLA,2025-01-12,True,False,0,0,0,0,0,0,0.0,0.0,0.0,0,0,,,2025
825,GOOGL,2025-01-12,True,False,0,0,0,0,0,0,0.0,0.0,0.0,0,0,,,2025
826,UBER,2026-04-26,True,False,0,0,0,0,0,0,0.0,0.0,0.0,0,0,,,2026
827,UBER,2026-04-26,True,False,0,0,0,0,0,0,0.0,0.0,0.0,0,0,,,2026
828,MSFT,2024-03-27,True,False,0,0,0,0,0,0,0.0,0.0,0.0,0,0,,,2024
829,AMZN,2024-03-27,True,False,0,0,0,0,0,0,0.0,0.0,0.0,0,0,,,2024
830,GOOGL,2024-03-27,True,False,0,0,0,0,0,0,0.0,0.0,0.0,0,0,,,2024
831,NVDA,2024-03-27,True,False,0,0,0,0,0,0,0.0,0.0,0.0,0,0,,,2024
832,META,2026-01-16,True,False,0,0,0,0,0,0,0.0,0.0,0.0,0,0,,,2026
833,NVDA,2026-01-29,True,False,0,0,0,0,0,0,0.0,0.0,0.0,0,0,,,2026
834,GOOGL,2024-04-25,True,False,0,0,0,0,0,0,0.0,0.0,0.0,0,0,,,2024
835,GOOGL,2024-04-25,True,False,0,0,0,0,0,0,0.0,0.0,0.0,0,0,,,2024
836,GOOGL,2026-02-04,True,False,0,0,0,0,0,0,0.0,0.0,0.0,0,0,,,2026
837,NVDA,2025-05-03,True,False,0,0,0,0,0,0,0.0,0.0,0.0,0,0,,,2025
838,GOOGL,2025-05-03,True,False,0,0,0,0,0,0,0.0,0.0,0.0,0,0,,,2025
839,AMZN,2025-05-03,True,False,0,0,0,0,0,0,0.0,0.0,0.0,0,0,,,2025
840,SOFI,2025-06-11,True,False,0,0,0,0,0,0,0.0,0.0,0.0,0,0,,,2025
841,SOFI,2025-06-11,True,False,0,0,0,0,0,0,0.0,0.0,0.0,0,0,,,2025
842,NVDA,2024-12-14,True,False,0,0,0,0,0,0,0.0,0.0,0.0,0,0,,,2024
843,GOOGL,2024-12-14,True,False,0,0,0,0,0,0,0.0,0.0,0.0,0,0,,,2024
844,MSFT,2024-12-14,True,False,0,0,0,0,0,0,0.0,0.0,0.0,0,0,,,2024
845,AAPL,2024-05-16,True,False,0,0,0,0,0,0,0.0,0.0,0.0,0,0,,,2024
846,AAPL,2024-05-16,True,False,0,0,0,0,0,0,0.0,0.0,0.0,0,0,,,2024
847,AMZN,2024-11-29,True,False,0,0,0,0,0,0,0.0,0.0,0.0,0,0,,,2024
848,TSLA,2024-11-29,True,False,0,0,0,0,0,0,0.0,0.0,0.0,0,0,,,2024
849,AAPL,2024-11-29,True,False,0,0,0,0,0,0,0.0,0.0,0.0,0,0,,,2024
850,MSFT,2024-11-29,True,False,0,0,0,0,0,0,0.0,0.0,0.0,0,0,,,2024
851,AMD,2026-01-30,True,False,0,0,0,0,0,0,0.0,0.0,0.0,0,0,,,2026
852,TSLA,2026-01-29,True,False,0,0,0,0,0,0,0.0,0.0,0.0,0,0,,,2026
853,TSLA,2026-01-29,True,False,0,0,0,0,0,0,0.0,0.0,0.0,0,0,,,2026
854,AMZN,2026-01-29,True,False,0,0,0,0,0,0,0.0,0.0,0.0,0,0,,,2026
855,MSFT,2026-01-29,True,False,0,0,0,0,0,0,0.0,0.0,0.0,0,0,,,2026
856,SOFI,2026-01-04,True,False,0,0,0,0,0,0,0.0,0.0,0.0,0,0,,,2026
857,GOOGL,2025-04-22,True,False,0,0,0,0,0,0,0.0,0.0,0.0,0,0,,,2025
858,META,2026-04-27,True,False,0,0,0,0,0,0,0.0,0.0,0.0,0,0,,,2026
859,META,2026-04-24,True,False,0,0,0,0,0,0,0.0,0.0,0.0,0,0,,,2026
860,META,2026-04-24,True,False,0,0,0,0,0,0,0.0,0.0,0.0,0,0,,,2026
861,GOOGL,2022-11-30,True,False,0,0,0,0,0,0,0.0,0.0,0.0,0,0,,,2022
862,PYPL,2026-02-15,True,False,0,0,0,0,0,0,0.0,0.0,0.0,0,0,,,2026
863,AMZN,2026-04-24,True,False,0,0,0,0,0,0,0.0,0.0,0.0,0,0,,,2026
864,AMZN,2026-04-24,True,False,0,0,0,0,0,0,0.0,0.0,0.0,0,0,,,2026
865,GOOGL,2024-04-17,True,False,0,0,0,0,0,0,0.0,0.0,0.0,0,0,,,2024
866,NVDA,2026-02-25,True,False,0,0,0,0,0,0,0.0,0.0,0.0,0,0,,,2026
867,PYPL,2026-01-05,True,False,0,0,0,0,0,0,0.0,0.0,0.0,0,0,,,2026
868,NVDA,2025-12-31,True,False,0,0,0,0,0,0,0.0,0.0,0.0,0,0,,,2025
869,NVDA,2025-12-31,True,False,0,0,0,0,0,0,0.0,0.0,0.0,0,0,,,2025
870,AMD,2025-12-31,True,False,0,0,0,0,0,0,0.0,0.0,0.0,0,0,,,2025
871,TSLA,2025-01-18,True,False,0,0,0,0,0,0,0.0,0.0,0.0,0,0,,,2025
872,AAPL,2025-01-18,True,False,0,0,0,0,0,0,0.0,0.0,0.0,0,0,,,2025
873,MSFT,2025-01-18,True,False,0,0,0,0,0,0,0.0,0.0,0.0,0,0,,,2025
874,NVDA,2026-01-16,True,False,0,0,0,0,0,0,0.0,0.0,0.0,0,0,,,2026
875,AMD,2026-01-16,True,False,0,0,0,0,0,0,0.0,0.0,0.0,0,0,,,2026
876,MSFT,2024-12-27,True,False,0,0,0,0,0,0,0.0,0.0,0.0,0,0,,,2024
877,MSFT,2024-12-27,True,False,0,0,0,0,0,0,0.0,0.0,0.0,0,0,,,2024
878,NFLX,2024-12-27,True,False,0,0,0,0,0,0,0.0,0.0,0.0,0,0,,,2024
879,TSLA,2025-01-03,True,False,0,0,0,0,0,0,0.0,0.0,0.0,0,0,,,2025
880,NFLX,2025-01-03,True,False,0,0,0,0,0,0,0.0,0.0,0.0,0,0,,,2025
881,NFLX,2026-01-12,True,False,0,0,0,0,0,0,0.0,0.0,0.0,0,0,,,2026
882,NFLX,2026-01-12,True,False,0,0,0,0,0,0,0.0,0.0,0.0,0,0,,,2026
883,MSFT,2026-01-12,True,False,0,0,0,0,0,0,0.0,0.0,0.0,0,0,,,2026
884,AMZN,2026-01-12,True,False,0,0,0,0,0,0,0.0,0.0,0.0,0,0,,,2026
885,AAPL,2024-12-06,True,False,0,0,0,0,0,0,0.0,0.0,0.0,0,0,,,2024
886,GOOGL,2024-12-06,True,False,0,0,0,0,0,0,0.0,0.0,0.0,0,0,,,2024
887,TSLA,2024-04-22,True,False,0,0,0,0,0,0,0.0,0.0,0.0,0,0,,,2024
888,MSFT,2024-04-22,True,False,0,0,0,0,0,0,0.0,0.0,0.0,0,0,,,2024
889,GOOGL,2024-04-22,True,False,0,0,0,0,0,0,0.0,0.0,0.0,0,0,,,2024
890,GOOGL,2024-04-22,True,False,0,0,0,0,0,0,0.0,0.0,0.0,0,0,,,2024
891,AMZN,2025-05-14,True,False,0,0,0,0,0,0,0.0,0.0,0.0,0,0,,,2025
892,TSLA,2024-11-09,True,False,0,0,0,0,0,0,0.0,0.0,0.0,0,0,,,2024
893,AMZN,2024-11-09,True,False,0,0,0,0,0,0,0.0,0.0,0.0,0,0,,,2024
894,MSFT,2024-11-09,True,False,0,0,0,0,0,0,0.0,0.0,0.0,0,0,,,2024
895,NFLX,2024-11-09,True,False,0,0,0,0,0,0,0.0,0.0,0.0,0,0,,,2024
896,UBER,2025-12-17,True,False,0,0,0,0,0,0,0.0,0.0,0.0,0,0,,,2025
897,PYPL,2025-12-17,True,False,0,0,0,0,0,0,0.0,0.0,0.0,0,0,,,2025
898,META,2026-01-25,True,False,0,0,0,0,0,0,0.0,0.0,0.0,0,0,,,2026
899,AAPL,2024-05-06,True,False,0,0,0,0,0,0,0.0,0.0,0.0,0,0,,,2024
900,AAPL,2024-05-06,True,False,0,0,0,0,0,0,0.0,0.0,0.0,0,0,,,2024
901,AAPL,2024-05-06,True,False,0,0,0,0,0,0,0.0,0.0,0.0,0,0,,,2024
902,AAPL,2024-05-06,True,False,0,0,0,0,0,0,0.0,0.0,0.0,0,0,,,2024
903,AAPL,2024-05-06,True,False,0,0,0,0,0,0,0.0,0.0,0.0,0,0,,,2024
904,AAPL,2024-05-06,True,False,0,0,0,0,0,0,0.0,0.0,0.0,0,0,,,2024
905,AAPL,2024-05-06,True,False,0,0,0,0,0,0,0.0,0.0,0.0,0,0,,,2024
906,AAPL,2024-05-06,True,False,0,0,0,0,0,0,0.0,0.0,0.0,0,0,,,2024
907,AAPL,2024-05-06,True,False,0,0,0,0,0,0,0.0,0.0,0.0,0,0,,,2024
908,NFLX,2024-12-20,True,False,0,0,0,0,0,0,0.0,0.0,0.0,0,0,,,2024
909,NVDA,2024-12-20,True,False,0,0,0,0,0,0,0.0,0.0,0.0,0,0,,,2024
910,NVDA,2024-12-20,True,False,0,0,0,0,0,0,0.0,0.0,0.0,0,0,,,2024
911,NVDA,2024-12-20,True,False,0,0,0,0,0,0,0.0,0.0,0.0,0,0,,,2024
912,MSFT,2024-12-20,True,False,0,0,0,0,0,0,0.0,0.0,0.0,0,0,,,2024
913,GOOGL,2024-12-20,True,False,0,0,0,0,0,0,0.0,0.0,0.0,0,0,,,2024
914,AMZN,2024-12-20,True,False,0,0,0,0,0,0,0.0,0.0,0.0,0,0,,,2024
915,AMD,2026-01-20,True,False,0,0,0,0,0,0,0.0,0.0,0.0,0,0,,,2026
916,MSFT,2026-01-14,True,False,0,0,0,0,0,0,0.0,0.0,0.0,0,0,,,2026
917,NFLX,2026-01-14,True,False,0,0,0,0,0,0,0.0,0.0,0.0,0,0,,,2026
918,NVDA,2026-01-14,True,False,0,0,0,0,0,0,0.0,0.0,0.0,0,0,,,2026
919,MSFT,2025-01-30,True,False,0,0,0,0,0,0,0.0,0.0,0.0,0,0,,,2025
920,AAPL,2025-12-13,True,False,0,0,0,0,0,0,0.0,0.0,0.0,0,0,,,2025
921,AMD,2026-04-28,True,False,0,0,0,0,0,0,0.0,0.0,0.0,0,0,,,2026
922,AMD,2026-04-28,True,False,0,0,0,0,0,0,0.0,0.0,0.0,0,0,,,2026
923,AMD,2026-04-28,True,False,0,0,0,0,0,0,0.0,0.0,0.0,0,0,,,2026
924,DIS,2025-05-21,True,False,0,0,0,0,0,0,0.0,0.0,0.0,0,0,,,2025
925,GOOGL,2025-09-17,True,False,0,0,0,0,0,0,0.0,0.0,0.0,0,0,,,2025
926,GOOGL,2025-09-17,True,False,0,0,0,0,0,0,0.0,0.0,0.0,0,0,,,2025
927,AAPL,2025-03-12,True,False,0,0,0,0,0,0,0.0,0.0,0.0,0,0,,,2025
928,AAPL,2025-03-12,True,False,0,0,0,0,0,0,0.0,0.0,0.0,0,0,,,2025
929,TSLA,2024-12-29,True,False,0,0,0,0,0,0,0.0,0.0,0.0,0,0,,,2024
930,AAPL,2024-05-03,True,False,0,0,0,0,0,0,0.0,0.0,0.0,0,0,,,2024
931,AMZN,2024-04-11,True,False,0,0,0,0,0,0,0.0,0.0,0.0,0,0,,,2024
932,AMZN,2024-04-11,True,False,0,0,0,0,0,0,0.0,0.0,0.0,0,0,,,2024
933,AMZN,2024-04-11,True,False,0,0,0,0,0,0,0.0,0.0,0.0,0,0,,,2024
934,META,2026-01-13,True,False,0,0,0,0,0,0,0.0,0.0,0.0,0,0,,,2026
935,AMZN,2026-01-13,True,False,0,0,0,0,0,0,0.0,0.0,0.0,0,0,,,2026
936,GOOGL,2025-03-06,True,False,0,0,0,0,0,0,0.0,0.0,0.0,0,0,,,2025
937,UBER,2025-03-06,True,False,0,0,0,0,0,0,0.0,0.0,0.0,0,0,,,2025
938,UBER,2025-03-06,True,False,0,0,0,0,0,0,0.0,0.0,0.0,0,0,,,2025
939,AMD,2025-03-06,True,False,0,0,0,0,0,0,0.0,0.0,0.0,0,0,,,2025
940,GOOGL,2024-04-24,True,False,0,0,0,0,0,0,0.0,0.0,0.0,0,0,,,2024
941,NVDA,2026-01-13,True,False,0,0,0,0,0,0,0.0,0.0,0.0,0,0,,,2026
942,NVDA,2026-01-13,True,False,0,0,0,0,0,0,0.0,0.0,0.0,0,0,,,2026
943,UBER,2026-01-05,True,False,0,0,0,0,0,0,0.0,0.0,0.0,0,0,,,2026
944,NFLX,2026-01-05,True,False,0,0,0,0,0,0,0.0,0.0,0.0,0,0,,,2026
945,AMZN,2025-03-15,True,False,0,0,0,0,0,0,0.0,0.0,0.0,0,0,,,2025
946,AAPL,2026-05-04,True,False,0,0,0,0,0,0,0.0,0.0,0.0,0,0,,,2026
947,AAPL,2026-05-04,True,False,0,0,0,0,0,0,0.0,0.0,0.0,0,0,,,2026
948,AMZN,2026-02-19,True,False,0,0,0,0,0,0,0.0,0.0,0.0,0,0,,,2026
949,GOOGL,2026-02-19,True,False,0,0,0,0,0,0,0.0,0.0,0.0,0,0,,,2026
950,NVDA,2026-02-19,True,False,0,0,0,0,0,0,0.0,0.0,0.0,0,0,,,2026
951,MSFT,2026-05-05,True,False,0,0,0,0,0,0,0.0,0.0,0.0,0,0,,,2026
952,NFLX,2025-03-21,True,False,0,0,0,0,0,0,0.0,0.0,0.0,0,0,,,2025
953,TSLA,2025-03-21,True,False,0,0,0,0,0,0,0.0,0.0,0.0,0,0,,,2025
954,AMZN,2026-02-20,True,False,0,0,0,0,0,0,0.0,0.0,0.0,0,0,,,2026
955,GOOGL,2026-03-31,True,False,0,0,0,0,0,0,0.0,0.0,0.0,0,0,,,2026
956,MSFT,2024-09-25,True,False,0,0,0,0,0,0,0.0,0.0,0.0,0,0,,,2024
957,MSFT,2024-09-25,True,False,0,0,0,0,0,0,0.0,0.0,0.0,0,0,,,2024
958,UBER,2026-02-01,True,False,0,0,0,0,0,0,0.0,0.0,0.0,0,0,,,2026
959,MSFT,2024-10-30,True,False,0,0,0,0,0,0,0.0,0.0,0.0,0,0,,,2024
960,NFLX,2026-02-18,True,False,0,0,0,0,0,0,0.0,0.0,0.0,0,0,,,2026
961,GOOGL,2025-12-23,True,False,0,0,0,0,0,0,0.0,0.0,0.0,0,0,,,2025
962,GOOGL,2025-11-20,True,False,0,0,0,0,0,0,0.0,0.0,0.0,0,0,,,2025
963,GOOGL,2025-11-20,True,False,0,0,0,0,0,0,0.0,0.0,0.0,0,0,,,2025
964,AAPL,2025-11-20,True,False,0,0,0,0,0,0,0.0,0.0,0.0,0,0,,,2025
965,GOOGL,2024-10-11,True,False,0,0,0,0,0,0,0.0,0.0,0.0,0,0,,,2024
966,MSFT,2024-09-30,True,False,0,0,0,0,0,0,0.0,0.0,0.0,0,0,,,2024
967,MSFT,2021-03-08,True,False,0,0,0,0,0,0,0.0,0.0,0.0,0,0,,,2021
968,MSFT,2024-12-06,True,False,0,0,0,0,0,0,0.0,0.0,0.0,0,0,,,2024
969,AAPL,2025-06-25,True,False,0,0,0,0,0,0,0.0,0.0,0.0,0,0,,,2025
970,GOOGL,2025-06-25,True,False,0,0,0,0,0,0,0.0,0.0,0.0,0,0,,,2025
971,GOOGL,2025-11-14,True,False,0,0,0,0,0,0,0.0,0.0,0.0,0,0,,,2025
972,HOOD,2026-02-08,True,False,0,0,0,0,0,0,0.0,0.0,0.0,0,0,,,2026
973,PYPL,2026-02-08,True,False,0,0,0,0,0,0,0.0,0.0,0.0,0,0,,,2026
974,PYPL,2026-02-08,True,False,0,0,0,0,0,0,0.0,0.0,0.0,0,0,,,2026
975,AMD,2026-01-25,True,False,0,0,0,0,0,0,0.0,0.0,0.0,0,0,,,2026
976,PYPL,2025-07-29,True,False,0,0,0,0,0,0,0.0,0.0,0.0,0,0,,,2025
977,AMD,2026-02-19,True,False,0,0,0,0,0,0,0.0,0.0,0.0,0,0,,,2026
978,AMD,2026-02-19,True,False,0,0,0,0,0,0,0.0,0.0,0.0,0,0,,,2026
979,NVDA,2026-02-19,True,False,0,0,0,0,0,0,0.0,0.0,0.0,0,0,,,2026
980,SOFI,2026-02-19,True,False,0,0,0,0,0,0,0.0,0.0,0.0,0,0,,,2026
981,AAPL,2026-02-19,True,False,0,0,0,0,0,0,0.0,0.0,0.0,0,0,,,2026
982,AAPL,2025-03-28,True,False,0,0,0,0,0,0,0.0,0.0,0.0,0,0,,,2025
983,NVDA,2025-03-28,True,False,0,0,0,0,0,0,0.0,0.0,0.0,0,0,,,2025
984,AMZN,2025-03-28,True,False,0,0,0,0,0,0,0.0,0.0,0.0,0,0,,,2025
985,PYPL,2024-08-01,True,False,0,0,0,0,0,0,0.0,0.0,0.0,0,0,,,2024
986,PYPL,2024-08-01,True,False,0,0,0,0,0,0,0.0,0.0,0.0,0,0,,,2024
987,PYPL,2024-08-01,True,False,0,0,0,0,0,0,0.0,0.0,0.0,0,0,,,2024
988,NVDA,2026-03-21,True,False,0,0,0,0,0,0,0.0,0.0,0.0,0,0,,,2026
989,GOOGL,2026-01-09,True,False,0,0,0,0,0,0,0.0,0.0,0.0,0,0,,,2026
990,GOOGL,2026-01-09,True,False,0,0,0,0,0,0,0.0,0.0,0.0,0,0,,,2026
991,UBER,2026-01-09,True,False,0,0,0,0,0,0,0.0,0.0,0.0,0,0,,,2026
992,AAPL,2026-01-09,True,False,0,0,0,0,0,0,0.0,0.0,0.0,0,0,,,2026
993,TSLA,2024-11-05,True,False,0,0,0,0,0,0,0.0,0.0,0.0,0,0,,,2024
994,TSLA,2024-11-05,True,False,0,0,0,0,0,0,0.0,0.0,0.0,0,0,,,2024
995,GOOGL,2025-07-02,True,False,0,0,0,0,0,0,0.0,0.0,0.0,0,0,,,2025
996,AMD,2025-07-09,True,False,0,0,0,0,0,0,0.0,0.0,0.0,0,0,,,2025
997,GOOGL,2025-07-09,True,False,0,0,0,0,0,0,0.0,0.0,0.0,0,0,,,2025
998,AAPL,2022-10-02,True,False,0,0,0,0,0,0,0.0,0.0,0.0,0,0,,,2022
999,AAPL,2022-10-02,True,False,0,0,0,0,0,0,0.0,0.0,0.0,0,0,,,2022
1000,AAPL,2022-10-02,True,False,0,0,0,0,0,0,0.0,0.0,0.0,0,0,,,2022
1001,AAPL,2022-10-02,True,False,0,0,0,0,0,0,0.0,0.0,0.0,0,0,,,2022
1002,UBER,2025-02-05,True,False,0,0,0,0,0,0,0.0,0.0,0.0,0,0,,,2025
1003,NFLX,2025-02-05,True,False,0,0,0,0,0,0,0.0,0.0,0.0,0,0,,,2025
1004,AMZN,2024-09-26,True,False,0,0,0,0,0,0,0.0,0.0,0.0,0,0,,,2024
1005,NVDA,2026-02-11,True,False,0,0,0,0,0,0,0.0,0.0,0.0,0,0,,,2026
1006,NVDA,2025-03-07,True,False,0,0,0,0,0,0,0.0,0.0,0.0,0,0,,,2025
1007,AMZN,2026-05-03,True,False,0,0,0,0,0,0,0.0,0.0,0.0,0,0,,,2026
1008,AMZN,2025-04-04,True,False,0,0,0,0,0,0,0.0,0.0,0.0,0,0,,,2025
1009,TSLA,2026-01-03,True,False,0,0,0,0,0,0,0.0,0.0,0.0,0,0,,,2026
1010,AMZN,2025-02-28,True,False,0,0,0,0,0,0,0.0,0.0,0.0,0,0,,,2025
1011,TSLA,2025-02-28,True,False,0,0,0,0,0,0,0.0,0.0,0.0,0,0,,,2025
1012,GOOGL,2025-02-28,True,False,0,0,0,0,0,0,0.0,0.0,0.0,0,0,,,2025
1013,GOOGL,2025-02-28,True,False,0,0,0,0,0,0,0.0,0.0,0.0,0,0,,,2025
1014,AAPL,2025-02-28,True,False,0,0,0,0,0,0,0.0,0.0,0.0,0,0,,,2025
1015,NVDA,2025-02-28,True,False,0,0,0,0,0,0,0.0,0.0,0.0,0,0,,,2025
1016,NVDA,2025-02-28,True,False,0,0,0,0,0,0,0.0,0.0,0.0,0,0,,,2025
1017,MSFT,2025-02-28,True,False,0,0,0,0,0,0,0.0,0.0,0.0,0,0,,,2025
1018,MSFT,2025-02-28,True,False,0,0,0,0,0,0,0.0,0.0,0.0,0,0,,,2025
1019,AAPL,2024-11-27,True,False,0,0,0,0,0,0,0.0,0.0,0.0,0,0,,,2024
1020,AAPL,2024-11-27,True,False,0,0,0,0,0,0,0.0,0.0,0.0,0,0,,,2024
1021,AMZN,2025-02-14,True,False,0,0,0,0,0,0,0.0,0.0,0.0,0,0,,,2025
1022,GOOGL,2025-02-14,True,False,0,0,0,0,0,0,0.0,0.0,0.0,0,0,,,2025
1023,TSLA,2025-01-30,True,False,0,0,0,0,0,0,0.0,0.0,0.0,0,0,,,2025
1024,MSFT,2026-02-25,True,False,0,0,0,0,0,0,0.0,0.0,0.0,0,0,,,2026
1025,AMZN,2025-03-15,True,False,0,0,0,0,0,0,0.0,0.0,0.0,0,0,,,2025
1026,TSLA,2025-03-15,True,False,0,0,0,0,0,0,0.0,0.0,0.0,0,0,,,2025
1027,TSLA,2025-03-15,True,False,0,0,0,0,0,0,0.0,0.0,0.0,0,0,,,2025
1028,TSLA,2025-03-15,True,False,0,0,0,0,0,0,0.0,0.0,0.0,0,0,,,2025
1029,NFLX,2025-03-15,True,False,0,0,0,0,0,0,0.0,0.0,0.0,0,0,,,2025
1030,MSFT,2025-03-15,True,False,0,0,0,0,0,0,0.0,0.0,0.0,0,0,,,2025
1031,GOOGL,2025-02-08,True,False,0,0,0,0,0,0,0.0,0.0,0.0,0,0,,,2025
1032,GOOGL,2025-02-08,True,False,0,0,0,0,0,0,0.0,0.0,0.0,0,0,,,2025
1033,GOOGL,2025-02-08,True,False,0,0,0,0,0,0,0.0,0.0,0.0,0,0,,,2025
1034,NVDA,2025-02-08,True,False,0,0,0,0,0,0,0.0,0.0,0.0,0,0,,,2025
1035,TSLA,2025-02-08,True,False,0,0,0,0,0,0,0.0,0.0,0.0,0,0,,,2025
1036,TSLA,2025-02-08,True,False,0,0,0,0,0,0,0.0,0.0,0.0,0,0,,,2025
1037,AMZN,2025-02-08,True,False,0,0,0,0,0,0,0.0,0.0,0.0,0,0,,,2025
1038,MSFT,2025-02-08,True,False,0,0,0,0,0,0,0.0,0.0,0.0,0,0,,,2025
1039,GOOGL,2024-10-08,True,False,0,0,0,0,0,0,0.0,0.0,0.0,0,0,,,2024
1040,GOOGL,2024-10-08,True,False,0,0,0,0,0,0,0.0,0.0,0.0,0,0,,,2024
1041,GOOGL,2024-10-08,True,False,0,0,0,0,0,0,0.0,0.0,0.0,0,0,,,2024
1042,SOFI,2026-02-19,True,False,0,0,0,0,0,0,0.0,0.0,0.0,0,0,,,2026
1043,CRM,2025-08-13,True,False,0,0,0,0,0,0,0.0,0.0,0.0,0,0,,,2025
1044,NVDA,2025-08-13,True,False,0,0,0,0,0,0,0.0,0.0,0.0,0,0,,,2025
1045,AMZN,2024-10-31,True,False,0,0,0,0,0,0,0.0,0.0,0.0,0,0,,,2024
1046,MSFT,2024-10-31,True,False,0,0,0,0,0,0,0.0,0.0,0.0,0,0,,,2024
1047,AMZN,2025-02-06,True,False,0,0,0,0,0,0,0.0,0.0,0.0,0,0,,,2025
1048,AMZN,2025-02-06,True,False,0,0,0,0,0,0,0.0,0.0,0.0,0,0,,,2025
1049,NVDA,2026-02-18,True,False,0,0,0,0,0,0,0.0,0.0,0.0,0,0,,,2026
1050,NVDA,2026-02-18,True,False,0,0,0,0,0,0,0.0,0.0,0.0,0,0,,,2026
1051,META,2026-02-18,True,False,0,0,0,0,0,0,0.0,0.0,0.0,0,0,,,2026
1052,DIS,2025-11-27,True,False,0,0,0,0,0,0,0.0,0.0,0.0,0,0,,,2025
1053,AMZN,2026-03-18,True,False,0,0,0,0,0,0,0.0,0.0,0.0,0,0,,,2026
1054,NFLX,2026-04-19,True,False,0,0,0,0,0,0,0.0,0.0,0.0,0,0,,,2026
1055,AAPL,2025-12-26,True,False,0,0,0,0,0,0,0.0,0.0,0.0,0,0,,,2025
1056,AMD,2026-04-15,True,False,0,0,0,0,0,0,0.0,0.0,0.0,0,0,,,2026
1057,NVDA,2026-04-15,True,False,0,0,0,0,0,0,0.0,0.0,0.0,0,0,,,2026
1058,NVDA,2026-03-11,True,False,0,0,0,0,0,0,0.0,0.0,0.0,0,0,,,2026
1059,SMCI,2026-01-23,True,False,0,0,0,0,0,0,0.0,0.0,0.0,0,0,,,2026
1060,NVDA,2026-03-03,True,False,0,0,0,0,0,0,0.0,0.0,0.0,0,0,,,2026
1061,NVDA,2026-03-03,True,False,0,0,0,0,0,0,0.0,0.0,0.0,0,0,,,2026
1062,NVDA,2026-03-03,True,False,0,0,0,0,0,0,0.0,0.0,0.0,0,0,,,2026
1063,META,2026-03-14,True,False,0,0,0,0,0,0,0.0,0.0,0.0,0,0,,,2026
1064,AMZN,2026-04-05,True,False,0,0,0,0,0,0,0.0,0.0,0.0,0,0,,,2026
1065,NVDA,2026-01-23,True,False,0,0,0,0,0,0,0.0,0.0,0.0,0,0,,,2026
1066,NVDA,2026-01-23,True,False,0,0,0,0,0,0,0.0,0.0,0.0,0,0,,,2026
1067,AMZN,2026-03-04,True,False,0,0,0,0,0,0,0.0,0.0,0.0,0,0,,,2026
1068,GOOGL,2025-04-11,True,False,0,0,0,0,0,0,0.0,0.0,0.0,0,0,,,2025
1069,META,2025-04-11,True,False,0,0,0,0,0,0,0.0,0.0,0.0,0,0,,,2025
1070,NFLX,2025-04-11,True,False,0,0,0,0,0,0,0.0,0.0,0.0,0,0,,,2025
1071,MSFT,2025-04-11,True,False,0,0,0,0,0,0,0.0,0.0,0.0,0,0,,,2025
1072,META,2026-01-02,True,False,0,0,0,0,0,0,0.0,0.0,0.0,0,0,,,2026
1073,NVDA,2025-11-27,True,False,0,0,0,0,0,0,0.0,0.0,0.0,0,0,,,2025
1074,AAPL,2023-06-26,True,False,0,0,0,0,0,0,0.0,0.0,0.0,0,0,,,2023
1075,AMZN,2026-02-21,True,False,0,0,0,0,0,0,0.0,0.0,0.0,0,0,,,2026
1076,NVDA,2026-04-17,True,False,0,0,0,0,0,0,0.0,0.0,0.0,0,0,,,2026
1077,NVDA,2026-04-17,True,False,0,0,0,0,0,0,0.0,0.0,0.0,0,0,,,2026
1078,NVDA,2026-04-17,True,False,0,0,0,0,0,0,0.0,0.0,0.0,0,0,,,2026
1079,META,2026-04-17,True,False,0,0,0,0,0,0,0.0,0.0,0.0,0,0,,,2026
1080,AMZN,2026-04-17,True,False,0,0,0,0,0,0,0.0,0.0,0.0,0,0,,,2026
1081,AMZN,2026-04-17,True,False,0,0,0,0,0,0,0.0,0.0,0.0,0,0,,,2026
1082,MSFT,2026-02-24,True,False,0,0,0,0,0,0,0.0,0.0,0.0,0,0,,,2026
1083,GOOGL,2026-05-12,True,False,0,0,0,0,0,0,0.0,0.0,0.0,0,0,,,2026
1084,GOOGL,2026-05-12,True,False,0,0,0,0,0,0,0.0,0.0,0.0,0,0,,,2026
1085,GOOGL,2026-05-12,True,False,0,0,0,0,0,0,0.0,0.0,0.0,0,0,,,2026
1086,AMZN,2026-05-12,True,False,0,0,0,0,0,0,0.0,0.0,0.0,0,0,,,2026
1087,SOFI,2026-05-01,True,False,0,0,0,0,0,0,0.0,0.0,0.0,0,0,,,2026
1088,SOFI,2026-05-01,True,False,0,0,0,0,0,0,0.0,0.0,0.0,0,0,,,2026
1089,NVDA,2025-11-22,True,False,0,0,0,0,0,0,0.0,0.0,0.0,0,0,,,2025
1090,NVDA,2025-11-22,True,False,0,0,0,0,0,0,0.0,0.0,0.0,0,0,,,2025
1091,TSLA,2026-05-10,True,False,0,0,0,0,0,0,0.0,0.0,0.0,0,0,,,2026
1092,UBER,2025-02-07,True,False,0,0,0,0,0,0,0.0,0.0,0.0,0,0,,,2025
1093,AMZN,2026-03-15,True,False,0,0,0,0,0,0,0.0,0.0,0.0,0,0,,,2026
1094,AMZN,2025-04-30,True,False,0,0,0,0,0,0,0.0,0.0,0.0,0,0,,,2025
1095,META,2025-04-30,True,False,0,0,0,0,0,0,0.0,0.0,0.0,0,0,,,2025
1096,NVDA,2026-04-24,True,False,0,0,0,0,0,0,0.0,0.0,0.0,0,0,,,2026
1097,MSFT,2025-01-16,True,False,0,0,0,0,0,0,0.0,0.0,0.0,0,0,,,2025
1098,MSFT,2025-01-16,True,False,0,0,0,0,0,0,0.0,0.0,0.0,0,0,,,2025
1099,MSFT,2025-01-16,True,False,0,0,0,0,0,0,0.0,0.0,0.0,0,0,,,2025
1100,MSFT,2025-01-16,True,False,0,0,0,0,0,0,0.0,0.0,0.0,0,0,,,2025
1101,TSLA,2026-04-24,True,False,0,0,0,0,0,0,0.0,0.0,0.0,0,0,,,2026
1102,AMZN,2026-03-02,True,False,0,0,0,0,0,0,0.0,0.0,0.0,0,0,,,2026
1103,MSFT,2026-04-21,True,False,0,0,0,0,0,0,0.0,0.0,0.0,0,0,,,2026
1104,UBER,2026-03-12,True,False,0,0,0,0,0,0,0.0,0.0,0.0,0,0,,,2026
1105,AMD,2025-06-06,True,False,0,0,0,0,0,0,0.0,0.0,0.0,0,0,,,2025
1106,AAPL,2025-08-08,True,False,0,0,0,0,0,0,0.0,0.0,0.0,0,0,,,2025
1107,MSFT,2026-04-03,True,False,0,0,0,0,0,0,0.0,0.0,0.0,0,0,,,2026
1108,AMZN,2026-01-30,True,False,0,0,0,0,0,0,0.0,0.0,0.0,0,0,,,2026
1109,AMZN,2026-01-30,True,False,0,0,0,0,0,0,0.0,0.0,0.0,0,0,,,2026
1110,AMZN,2026-01-30,True,False,0,0,0,0,0,0,0.0,0.0,0.0,0,0,,,2026
1111,SHOP,2026-01-30,True,False,0,0,0,0,0,0,0.0,0.0,0.0,0,0,,,2026
1112,TSLA,2026-01-30,True,False,0,0,0,0,0,0,0.0,0.0,0.0,0,0,,,2026
1113,TSLA,2025-04-23,True,False,0,0,0,0,0,0,0.0,0.0,0.0,0,0,,,2025
1114,AMD,2026-05-06,True,False,0,0,0,0,0,0,0.0,0.0,0.0,0,0,,,2026
1115,AMD,2026-05-06,True,False,0,0,0,0,0,0,0.0,0.0,0.0,0,0,,,2026
1116,AMZN,2026-05-06,True,False,0,0,0,0,0,0,0.0,0.0,0.0,0,0,,,2026
1117,NFLX,2026-04-27,True,False,0,0,0,0,0,0,0.0,0.0,0.0,0,0,,,2026
1118,AAPL,2026-04-01,True,False,0,0,0,0,0,0,0.0,0.0,0.0,0,0,,,2026
1119,AMD,2026-03-10,True,False,0,0,0,0,0,0,0.0,0.0,0.0,0,0,,,2026
1120,GOOGL,2026-05-06,True,False,0,0,0,0,0,0,0.0,0.0,0.0,0,0,,,2026
1121,PYPL,2026-05-05,True,False,0,0,0,0,0,0,0.0,0.0,0.0,0,0,,,2026
1122,SOFI,2026-05-11,True,False,0,0,0,0,0,0,0.0,0.0,0.0,0,0,,,2026
1123,MSFT,2026-01-30,True,False,0,0,0,0,0,0,0.0,0.0,0.0,0,0,,,2026
1124,UBER,2025-05-22,True,False,0,0,0,0,0,0,0.0,0.0,0.0,0,0,,,2025
1125,UBER,2025-05-22,True,False,0,0,0,0,0,0,0.0,0.0,0.0,0,0,,,2025
1126,AMZN,2025-05-22,True,False,0,0,0,0,0,0,0.0,0.0,0.0,0,0,,,2025
1127,AMZN,2025-05-22,True,False,0,0,0,0,0,0,0.0,0.0,0.0,0,0,,,2025
1128,AMD,2026-03-03,True,False,0,0,0,0,0,0,0.0,0.0,0.0,0,0,,,2026
1129,AMZN,2026-03-03,True,False,0,0,0,0,0,0,0.0,0.0,0.0,0,0,,,2026
1130,UBER,2026-05-08,True,False,0,0,0,0,0,0,0.0,0.0,0.0,0,0,,,2026
1131,UBER,2026-05-08,True,False,0,0,0,0,0,0,0.0,0.0,0.0,0,0,,,2026
1132,MSFT,2023-07-26,True,False,0,0,0,0,0,0,0.0,0.0,0.0,0,0,,,2023
1133,META,2026-04-09,True,False,0,0,0,0,0,0,0.0,0.0,0.0,0,0,,,2026
1134,MSFT,2026-04-09,True,False,0,0,0,0,0,0,0.0,0.0,0.0,0,0,,,2026
1135,NVDA,2026-04-02,True,False,0,0,0,0,0,0,0.0,0.0,0.0,0,0,,,2026
1136,MSFT,2026-04-15,True,False,0,0,0,0,0,0,0.0,0.0,0.0,0,0,,,2026
1137,AAPL,2025-09-12,True,False,0,0,0,0,0,0,0.0,0.0,0.0,0,0,,,2025
1138,NVDA,2025-09-12,True,False,0,0,0,0,0,0,0.0,0.0,0.0,0,0,,,2025
1139,MSFT,2025-09-12,True,False,0,0,0,0,0,0,0.0,0.0,0.0,0,0,,,2025
1140,META,2026-04-02,True,False,0,0,0,0,0,0,0.0,0.0,0.0,0,0,,,2026
1141,AMZN,2025-12-31,True,False,0,0,0,0,0,0,0.0,0.0,0.0,0,0,,,2025
1142,AAPL,2025-04-25,True,False,0,0,0,0,0,0,0.0,0.0,0.0,0,0,,,2025
1143,NFLX,2025-12-05,True,False,0,0,0,0,0,0,0.0,0.0,0.0,0,0,,,2025
1144,AAPL,2025-12-05,True,False,0,0,0,0,0,0,0.0,0.0,0.0,0,0,,,2025
1145,NVDA,2025-12-05,True,False,0,0,0,0,0,0,0.0,0.0,0.0,0,0,,,2025
1146,NVDA,2025-12-05,True,False,0,0,0,0,0,0,0.0,0.0,0.0,0,0,,,2025
1147,NVDA,2025-12-05,True,False,0,0,0,0,0,0,0.0,0.0,0.0,0,0,,,2025
1148,PLTR,2025-11-13,True,False,0,0,0,0,0,0,0.0,0.0,0.0,0,0,,,2025
1149,GOOGL,2025-05-10,True,False,0,0,0,0,0,0,0.0,0.0,0.0,0,0,,,2025
1150,META,2026-01-14,True,False,0,0,0,0,0,0,0.0,0.0,0.0,0,0,,,2026
1151,META,2026-01-14,True,False,0,0,0,0,0,0,0.0,0.0,0.0,0,0,,,2026
1152,NFLX,2025-10-10,True,False,0,0,0,0,0,0,0.0,0.0,0.0,0,0,,,2025
1153,AAPL,2026-02-24,True,False,0,0,0,0,0,0,0.0,0.0,0.0,0,0,,,2026
1154,AMZN,2025-08-01,True,False,0,0,0,0,0,0,0.0,0.0,0.0,0,0,,,2025
1155,NFLX,2025-08-01,True,False,0,0,0,0,0,0,0.0,0.0,0.0,0,0,,,2025
1156,TSLA,2025-08-01,True,False,0,0,0,0,0,0,0.0,0.0,0.0,0,0,,,2025
1157,TSLA,2025-09-05,True,False,0,0,0,0,0,0,0.0,0.0,0.0,0,0,,,2025
1158,NVDA,2025-02-07,True,False,0,0,0,0,0,0,0.0,0.0,0.0,0,0,,,2025
1159,META,2025-07-05,True,False,0,0,0,0,0,0,0.0,0.0,0.0,0,0,,,2025
1160,AAPL,2025-09-05,True,False,0,0,0,0,0,0,0.0,0.0,0.0,0,0,,,2025
1161,AAPL,2025-09-05,True,False,0,0,0,0,0,0,0.0,0.0,0.0,0,0,,,2025
1162,AAPL,2025-09-05,True,False,0,0,0,0,0,0,0.0,0.0,0.0,0,0,,,2025
1163,AAPL,2023-07-04,True,False,0,0,0,0,0,0,0.0,0.0,0.0,0,0,,,2023
1164,SOFI,2026-04-10,True,False,0,0,0,0,0,0,0.0,0.0,0.0,0,0,,,2026
1165,AAPL,2026-01-25,True,False,0,0,0,0,0,0,0.0,0.0,0.0,0,0,,,2026
1166,GOOGL,2025-12-01,True,False,0,0,0,0,0,0,0.0,0.0,0.0,0,0,,,2025
1167,GOOGL,2025-12-01,True,False,0,0,0,0,0,0,0.0,0.0,0.0,0,0,,,2025
1168,GOOGL,2025-12-01,True,False,0,0,0,0,0,0,0.0,0.0,0.0,0,0,,,2025
1169,TSLA,2026-04-27,True,False,0,0,0,0,0,0,0.0,0.0,0.0,0,0,,,2026
1170,NVDA,2026-04-27,True,False,0,0,0,0,0,0,0.0,0.0,0.0,0,0,,,2026
1171,PYPL,2025-11-09,True,False,0,0,0,0,0,0,0.0,0.0,0.0,0,0,,,2025
1172,MSFT,2023-10-02,True,False,0,0,0,0,0,0,0.0,0.0,0.0,0,0,,,2023
1173,TSLA,2023-10-02,True,False,0,0,0,0,0,0,0.0,0.0,0.0,0,0,,,2023
1174,TSLA,2023-10-02,True,False,0,0,0,0,0,0,0.0,0.0,0.0,0,0,,,2023
1175,NVDA,2025-11-28,True,False,0,0,0,0,0,0,0.0,0.0,0.0,0,0,,,2025
1176,GOOGL,2025-11-28,True,False,0,0,0,0,0,0,0.0,0.0,0.0,0,0,,,2025
1177,META,2025-11-28,True,False,0,0,0,0,0,0,0.0,0.0,0.0,0,0,,,2025
1178,TSLA,2025-09-26,True,False,0,0,0,0,0,0,0.0,0.0,0.0,0,0,,,2025
1179,META,2026-02-10,True,False,0,0,0,0,0,0,0.0,0.0,0.0,0,0,,,2026
1180,MSFT,2025-07-31,True,False,0,0,0,0,0,0,0.0,0.0,0.0,0,0,,,2025
1181,AAPL,2026-03-07,True,False,0,0,0,0,0,0,0.0,0.0,0.0,0,0,,,2026
1182,GOOGL,2025-11-13,True,False,0,0,0,0,0,0,0.0,0.0,0.0,0,0,,,2025
1183,AMZN,2025-11-13,True,False,0,0,0,0,0,0,0.0,0.0,0.0,0,0,,,2025
1184,META,2026-05-01,True,False,0,0,0,0,0,0,0.0,0.0,0.0,0,0,,,2026
1185,AAPL,2022-06-24,True,False,0,0,0,0,0,0,0.0,0.0,0.0,0,0,,,2022
1186,AMZN,2025-08-15,True,False,0,0,0,0,0,0,0.0,0.0,0.0,0,0,,,2025
1187,GOOGL,2025-08-15,True,False,0,0,0,0,0,0,0.0,0.0,0.0,0,0,,,2025
1188,AAPL,2023-07-10,True,False,0,0,0,0,0,0,0.0,0.0,0.0,0,0,,,2023
1189,MSFT,2026-02-13,True,False,0,0,0,0,0,0,0.0,0.0,0.0,0,0,,,2026
1190,AMZN,2026-02-13,True,False,0,0,0,0,0,0,0.0,0.0,0.0,0,0,,,2026
1191,META,2026-04-22,True,False,0,0,0,0,0,0,0.0,0.0,0.0,0,0,,,2026
1192,AMZN,2022-10-29,True,False,0,0,0,0,0,0,0.0,0.0,0.0,0,0,,,2022
1193,MSFT,2026-03-10,True,False,0,0,0,0,0,0,0.0,0.0,0.0,0,0,,,2026
1194,GOOGL,2026-03-05,True,False,0,0,0,0,0,0,0.0,0.0,0.0,0,0,,,2026
1195,SOFI,2025-12-02,True,False,0,0,0,0,0,0,0.0,0.0,0.0,0,0,,,2025
1196,SOFI,2025-12-02,True,False,0,0,0,0,0,0,0.0,0.0,0.0,0,0,,,2025
1197,UBER,2025-12-02,True,False,0,0,0,0,0,0,0.0,0.0,0.0,0,0,,,2025
1198,NVDA,2025-12-13,True,False,0,0,0,0,0,0,0.0,0.0,0.0,0,0,,,2025
1199,NVDA,2026-03-20,True,False,0,0,0,0,0,0,0.0,0.0,0.0,0,0,,,2026
1200,AMD,2026-02-27,True,False,0,0,0,0,0,0,0.0,0.0,0.0,0,0,,,2026
1201,NFLX,2026-02-27,True,False,0,0,0,0,0,0,0.0,0.0,0.0,0,0,,,2026
1202,NFLX,2026-02-27,True,False,0,0,0,0,0,0,0.0,0.0,0.0,0,0,,,2026
1203,AMZN,2026-02-06,True,False,0,0,0,0,0,0,0.0,0.0,0.0,0,0,,,2026
1204,HOOD,2026-02-06,True,False,0,0,0,0,0,0,0.0,0.0,0.0,0,0,,,2026
1205,TSLA,2022-04-01,True,False,0,0,0,0,0,0,0.0,0.0,0.0,0,0,,,2022
1206,META,2026-03-26,True,False,0,0,0,0,0,0,0.0,0.0,0.0,0,0,,,2026
1207,NFLX,2026-04-18,True,False,0,0,0,0,0,0,0.0,0.0,0.0,0,0,,,2026
1208,PLTR,2026-05-12,True,False,0,0,0,0,0,0,0.0,0.0,0.0,0,0,,,2026
1209,PLTR,2026-05-12,True,False,0,0,0,0,0,0,0.0,0.0,0.0,0,0,,,2026
1210,GOOGL,2026-04-25,True,False,0,0,0,0,0,0,0.0,0.0,0.0,0,0,,,2026
1211,NVDA,2026-04-02,True,False,0,0,0,0,0,0,0.0,0.0,0.0,0,0,,,2026
1212,NVDA,2026-04-02,True,False,0,0,0,0,0,0,0.0,0.0,0.0,0,0,,,2026
1213,AAPL,2026-04-02,True,False,0,0,0,0,0,0,0.0,0.0,0.0,0,0,,,2026
1214,AMZN,2024-08-17,True,False,0,0,0,0,0,0,0.0,0.0,0.0,0,0,,,2024
1215,AMZN,2024-08-17,True,False,0,0,0,0,0,0,0.0,0.0,0.0,0,0,,,2024
1216,DIS,2024-08-17,True,False,0,0,0,0,0,0,0.0,0.0,0.0,0,0,,,2024
1217,AAPL,2024-02-02,True,False,0,0,0,0,0,0,0.0,0.0,0.0,0,0,,,2024
1218,MSFT,2024-10-01,True,False,0,0,0,0,0,0,0.0,0.0,0.0,0,0,,,2024
1219,PYPL,2025-11-17,True,False,0,0,0,0,0,0,0.0,0.0,0.0,0,0,,,2025
1220,PYPL,2025-11-17,True,False,0,0,0,0,0,0,0.0,0.0,0.0,0,0,,,2025
1221,AMZN,2025-11-17,True,False,0,0,0,0,0,0,0.0,0.0,0.0,0,0,,,2025
1222,AAPL,2025-11-17,True,False,0,0,0,0,0,0,0.0,0.0,0.0,0,0,,,2025
1223,NVDA,2024-08-15,True,False,0,0,0,0,0,0,0.0,0.0,0.0,0,0,,,2024
1224,AAPL,2024-08-15,True,False,0,0,0,0,0,0,0.0,0.0,0.0,0,0,,,2024
1225,MSFT,2024-03-29,True,False,0,0,0,0,0,0,0.0,0.0,0.0,0,0,,,2024
1226,AMZN,2024-06-04,True,False,0,0,0,0,0,0,0.0,0.0,0.0,0,0,,,2024
1227,AMZN,2024-05-11,True,False,0,0,0,0,0,0,0.0,0.0,0.0,0,0,,,2024
1228,NVDA,2024-02-02,True,False,0,0,0,0,0,0,0.0,0.0,0.0,0,0,,,2024
1229,GOOGL,2024-02-02,True,False,0,0,0,0,0,0,0.0,0.0,0.0,0,0,,,2024
1230,UBER,2025-11-10,True,False,0,0,0,0,0,0,0.0,0.0,0.0,0,0,,,2025
1231,TSLA,2024-02-17,True,False,0,0,0,0,0,0,0.0,0.0,0.0,0,0,,,2024
1232,PYPL,2024-02-07,True,False,0,0,0,0,0,0,0.0,0.0,0.0,0,0,,,2024
1233,NVDA,2024-02-07,True,False,0,0,0,0,0,0,0.0,0.0,0.0,0,0,,,2024
1234,UBER,2025-03-05,True,False,0,0,0,0,0,0,0.0,0.0,0.0,0,0,,,2025
1235,DIS,2024-03-15,True,False,0,0,0,0,0,0,0.0,0.0,0.0,0,0,,,2024
1236,AAPL,2024-03-15,True,False,0,0,0,0,0,0,0.0,0.0,0.0,0,0,,,2024
1237,AMZN,2024-03-15,True,False,0,0,0,0,0,0,0.0,0.0,0.0,0,0,,,2024
1238,GOOGL,2024-03-15,True,False,0,0,0,0,0,0,0.0,0.0,0.0,0,0,,,2024
1239,AMZN,2024-10-30,True,False,0,0,0,0,0,0,0.0,0.0,0.0,0,0,,,2024
1240,GOOGL,2024-10-30,True,False,0,0,0,0,0,0,0.0,0.0,0.0,0,0,,,2024
1241,GOOGL,2024-10-30,True,False,0,0,0,0,0,0,0.0,0.0,0.0,0,0,,,2024
1242,AMD,2025-09-25,True,False,0,0,0,0,0,0,0.0,0.0,0.0,0,0,,,2025
1243,SHOP,2024-05-13,True,False,0,0,0,0,0,0,0.0,0.0,0.0,0,0,,,2024
1244,SHOP,2024-05-13,True,False,0,0,0,0,0,0,0.0,0.0,0.0,0,0,,,2024
1245,SHOP,2024-05-13,True,False,0,0,0,0,0,0,0.0,0.0,0.0,0,0,,,2024
1246,NVDA,2024-03-09,True,False,0,0,0,0,0,0,0.0,0.0,0.0,0,0,,,2024
1247,NVDA,2024-03-09,True,False,0,0,0,0,0,0,0.0,0.0,0.0,0,0,,,2024
1248,TSLA,2024-03-09,True,False,0,0,0,0,0,0,0.0,0.0,0.0,0,0,,,2024
1249,GOOGL,2024-03-09,True,False,0,0,0,0,0,0,0.0,0.0,0.0,0,0,,,2024
1250,AMZN,2024-10-05,True,False,0,0,0,0,0,0,0.0,0.0,0.0,0,0,,,2024
1251,PYPL,2024-10-05,True,False,0,0,0,0,0,0,0.0,0.0,0.0,0,0,,,2024
1252,PYPL,2024-10-05,True,False,0,0,0,0,0,0,0.0,0.0,0.0,0,0,,,2024
1253,NVDA,2025-11-15,True,False,0,0,0,0,0,0,0.0,0.0,0.0,0,0,,,2025
1254,META,2025-11-07,True,False,0,0,0,0,0,0,0.0,0.0,0.0,0,0,,,2025
1255,SOFI,2025-11-07,True,False,0,0,0,0,0,0,0.0,0.0,0.0,0,0,,,2025
1256,META,2025-02-21,True,False,0,0,0,0,0,0,0.0,0.0,0.0,0,0,,,2025
1257,GOOGL,2025-11-14,True,False,0,0,0,0,0,0,0.0,0.0,0.0,0,0,,,2025
1258,GOOGL,2025-11-14,True,False,0,0,0,0,0,0,0.0,0.0,0.0,0,0,,,2025
1259,AMD,2025-11-14,True,False,0,0,0,0,0,0,0.0,0.0,0.0,0,0,,,2025
1260,NVDA,2024-02-02,True,False,0,0,0,0,0,0,0.0,0.0,0.0,0,0,,,2024
1261,GOOGL,2024-02-02,True,False,0,0,0,0,0,0,0.0,0.0,0.0,0,0,,,2024
1262,NVDA,2025-10-03,True,False,0,0,0,0,0,0,0.0,0.0,0.0,0,0,,,2025
1263,NVDA,2025-10-03,True,False,0,0,0,0,0,0,0.0,0.0,0.0,0,0,,,2025
1264,NVDA,2024-09-04,True,False,0,0,0,0,0,0,0.0,0.0,0.0,0,0,,,2024
1265,NVDA,2024-09-04,True,False,0,0,0,0,0,0,0.0,0.0,0.0,0,0,,,2024
1266,AAPL,2024-09-04,True,False,0,0,0,0,0,0,0.0,0.0,0.0,0,0,,,2024
1267,NVDA,2024-01-30,True,False,0,0,0,0,0,0,0.0,0.0,0.0,0,0,,,2024
1268,PYPL,2025-09-13,True,False,0,0,0,0,0,0,0.0,0.0,0.0,0,0,,,2025
1269,PYPL,2025-09-12,True,False,0,0,0,0,0,0,0.0,0.0,0.0,0,0,,,2025
1270,NVDA,2025-11-19,True,False,0,0,0,0,0,0,0.0,0.0,0.0,0,0,,,2025
1271,NVDA,2025-11-19,True,False,0,0,0,0,0,0,0.0,0.0,0.0,0,0,,,2025
1272,NVDA,2024-08-09,True,False,0,0,0,0,0,0,0.0,0.0,0.0,0,0,,,2024
1273,AAPL,2024-08-09,True,False,0,0,0,0,0,0,0.0,0.0,0.0,0,0,,,2024
1274,PYPL,2025-11-26,True,False,0,0,0,0,0,0,0.0,0.0,0.0,0,0,,,2025
1275,TSLA,2025-11-26,True,False,0,0,0,0,0,0,0.0,0.0,0.0,0,0,,,2025
1276,GOOGL,2024-07-23,True,False,0,0,0,0,0,0,0.0,0.0,0.0,0,0,,,2024
1277,GOOGL,2024-07-23,True,False,0,0,0,0,0,0,0.0,0.0,0.0,0,0,,,2024
1278,GOOGL,2024-07-23,True,False,0,0,0,0,0,0,0.0,0.0,0.0,0,0,,,2024
1279,AMZN,2024-07-23,True,False,0,0,0,0,0,0,0.0,0.0,0.0,0,0,,,2024
1280,GOOGL,2024-04-24,True,False,0,0,0,0,0,0,0.0,0.0,0.0,0,0,,,2024
1281,AMZN,2024-04-30,True,False,0,0,0,0,0,0,0.0,0.0,0.0,0,0,,,2024
1282,UBER,2024-12-12,True,False,0,0,0,0,0,0,0.0,0.0,0.0,0,0,,,2024
1283,GOOGL,2024-07-18,True,False,0,0,0,0,0,0,0.0,0.0,0.0,0,0,,,2024
1284,GOOGL,2024-07-18,True,False,0,0,0,0,0,0,0.0,0.0,0.0,0,0,,,2024
1285,GOOGL,2024-07-18,True,False,0,0,0,0,0,0,0.0,0.0,0.0,0,0,,,2024
1286,AMD,2024-04-30,True,False,0,0,0,0,0,0,0.0,0.0,0.0,0,0,,,2024
1287,CRM,2024-12-28,True,False,0,0,0,0,0,0,0.0,0.0,0.0,0,0,,,2024
1288,AMD,2024-12-28,True,False,0,0,0,0,0,0,0.0,0.0,0.0,0,0,,,2024
1289,AAPL,2025-01-07,True,False,0,0,0,0,0,0,0.0,0.0,0.0,0,0,,,2025
1290,NVDA,2025-11-19,True,False,0,0,0,0,0,0,0.0,0.0,0.0,0,0,,,2025
1291,TSLA,2024-07-24,True,False,0,0,0,0,0,0,0.0,0.0,0.0,0,0,,,2024
1292,TSLA,2024-04-24,True,False,0,0,0,0,0,0,0.0,0.0,0.0,0,0,,,2024
1293,GOOGL,2025-11-25,True,False,0,0,0,0,0,0,0.0,0.0,0.0,0,0,,,2025
1294,GOOGL,2025-11-25,True,False,0,0,0,0,0,0,0.0,0.0,0.0,0,0,,,2025
1295,NVDA,2025-11-25,True,False,0,0,0,0,0,0,0.0,0.0,0.0,0,0,,,2025
1296,AMD,2025-11-25,True,False,0,0,0,0,0,0,0.0,0.0,0.0,0,0,,,2025
1297,AMD,2025-11-25,True,False,0,0,0,0,0,0,0.0,0.0,0.0,0,0,,,2025
1298,PYPL,2025-11-25,True,False,0,0,0,0,0,0,0.0,0.0,0.0,0,0,,,2025
1299,MSFT,2025-11-25,True,False,0,0,0,0,0,0,0.0,0.0,0.0,0,0,,,2025
1300,META,2025-11-25,True,False,0,0,0,0,0,0,0.0,0.0,0.0,0,0,,,2025
1301,META,2025-11-25,True,False,0,0,0,0,0,0,0.0,0.0,0.0,0,0,,,2025
1302,MSFT,2025-06-18,True,False,0,0,0,0,0,0,0.0,0.0,0.0,0,0,,,2025
1303,TSLA,2024-11-06,True,False,0,0,0,0,0,0,0.0,0.0,0.0,0,0,,,2024
1304,GOOGL,2025-11-18,True,False,0,0,0,0,0,0,0.0,0.0,0.0,0,0,,,2025
1305,PYPL,2025-11-18,True,False,0,0,0,0,0,0,0.0,0.0,0.0,0,0,,,2025
1306,PYPL,2025-11-18,True,False,0,0,0,0,0,0,0.0,0.0,0.0,0,0,,,2025
1307,PYPL,2025-11-18,True,False,0,0,0,0,0,0,0.0,0.0,0.0,0,0,,,2025
1308,META,2025-11-18,True,False,0,0,0,0,0,0,0.0,0.0,0.0,0,0,,,2025
1309,PYPL,2024-04-30,True,False,0,0,0,0,0,0,0.0,0.0,0.0,0,0,,,2024
1310,TSLA,2025-04-25,True,False,0,0,0,0,0,0,0.0,0.0,0.0,0,0,,,2025
1311,TSLA,2025-10-22,True,False,0,0,0,0,0,0,0.0,0.0,0.0,0,0,,,2025
1312,TSLA,2025-10-22,True,False,0,0,0,0,0,0,0.0,0.0,0.0,0,0,,,2025
1313,TSLA,2025-10-22,True,False,0,0,0,0,0,0,0.0,0.0,0.0,0,0,,,2025
1314,TSLA,2025-10-22,True,False,0,0,0,0,0,0,0.0,0.0,0.0,0,0,,,2025
1315,TSLA,2025-10-22,True,False,0,0,0,0,0,0,0.0,0.0,0.0,0,0,,,2025
1316,TSLA,2025-10-22,True,False,0,0,0,0,0,0,0.0,0.0,0.0,0,0,,,2025
1317,TSLA,2025-10-22,True,False,0,0,0,0,0,0,0.0,0.0,0.0,0,0,,,2025
1318,TSLA,2025-10-22,True,False,0,0,0,0,0,0,0.0,0.0,0.0,0,0,,,2025
1319,NVDA,2025-10-22,True,False,0,0,0,0,0,0,0.0,0.0,0.0,0,0,,,2025
1320,AMZN,2025-10-22,True,False,0,0,0,0,0,0,0.0,0.0,0.0,0,0,,,2025
1321,NFLX,2026-03-29,True,False,0,0,0,0,0,0,0.0,0.0,0.0,0,0,,,2026
1322,NFLX,2026-03-29,True,False,0,0,0,0,0,0,0.0,0.0,0.0,0,0,,,2026
1323,NVDA,2024-12-14,True,False,0,0,0,0,0,0,0.0,0.0,0.0,0,0,,,2024
1324,AMD,2024-12-14,True,False,0,0,0,0,0,0,0.0,0.0,0.0,0,0,,,2024
1325,AMD,2024-12-14,True,False,0,0,0,0,0,0,0.0,0.0,0.0,0,0,,,2024
1326,AMZN,2024-12-14,True,False,0,0,0,0,0,0,0.0,0.0,0.0,0,0,,,2024
1327,UBER,2024-12-14,True,False,0,0,0,0,0,0,0.0,0.0,0.0,0,0,,,2024
1328,GOOGL,2024-12-14,True,False,0,0,0,0,0,0,0.0,0.0,0.0,0,0,,,2024
1329,GOOGL,2024-12-14,True,False,0,0,0,0,0,0,0.0,0.0,0.0,0,0,,,2024
1330,SQ,2024-12-14,True,False,0,0,0,0,0,0,0.0,0.0,0.0,0,0,,,2024
1331,MSFT,2024-04-13,True,False,0,0,0,0,0,0,0.0,0.0,0.0,0,0,,,2024
1332,MSFT,2024-04-13,True,False,0,0,0,0,0,0,0.0,0.0,0.0,0,0,,,2024
1333,AMZN,2024-04-13,True,False,0,0,0,0,0,0,0.0,0.0,0.0,0,0,,,2024
1334,TSLA,2024-04-13,True,False,0,0,0,0,0,0,0.0,0.0,0.0,0,0,,,2024
1335,NFLX,2024-04-13,True,False,0,0,0,0,0,0,0.0,0.0,0.0,0,0,,,2024
1336,NVDA,2024-11-23,True,False,0,0,0,0,0,0,0.0,0.0,0.0,0,0,,,2024
1337,MSFT,2024-11-23,True,False,0,0,0,0,0,0,0.0,0.0,0.0,0,0,,,2024
1338,MSFT,2024-11-23,True,False,0,0,0,0,0,0,0.0,0.0,0.0,0,0,,,2024
1339,AAPL,2024-11-23,True,False,0,0,0,0,0,0,0.0,0.0,0.0,0,0,,,2024
1340,AAPL,2024-11-23,True,False,0,0,0,0,0,0,0.0,0.0,0.0,0,0,,,2024
1341,UBER,2024-11-16,True,False,0,0,0,0,0,0,0.0,0.0,0.0,0,0,,,2024
1342,AMD,2025-11-04,True,False,0,0,0,0,0,0,0.0,0.0,0.0,0,0,,,2025
1343,AMD,2025-11-04,True,False,0,0,0,0,0,0,0.0,0.0,0.0,0,0,,,2025
1344,AMD,2025-11-04,True,False,0,0,0,0,0,0,0.0,0.0,0.0,0,0,,,2025
1345,AMD,2025-11-04,True,False,0,0,0,0,0,0,0.0,0.0,0.0,0,0,,,2025
1346,PLTR,2025-11-04,True,False,0,0,0,0,0,0,0.0,0.0,0.0,0,0,,,2025
1347,NVDA,2025-11-04,True,False,0,0,0,0,0,0,0.0,0.0,0.0,0,0,,,2025
1348,NVDA,2025-11-04,True,False,0,0,0,0,0,0,0.0,0.0,0.0,0,0,,,2025
1349,PLTR,2025-11-04,True,False,0,0,0,0,0,0,0.0,0.0,0.0,0,0,,,2025
1350,PLTR,2025-11-04,True,False,0,0,0,0,0,0,0.0,0.0,0.0,0,0,,,2025
1351,PLTR,2025-11-04,True,False,0,0,0,0,0,0,0.0,0.0,0.0,0,0,,,2025
1352,META,2025-11-04,True,False,0,0,0,0,0,0,0.0,0.0,0.0,0,0,,,2025
1353,GOOGL,2025-11-04,True,False,0,0,0,0,0,0,0.0,0.0,0.0,0,0,,,2025
1354,NVDA,2024-04-19,True,False,0,0,0,0,0,0,0.0,0.0,0.0,0,0,,,2024
1355,AMZN,2024-07-11,True,False,0,0,0,0,0,0,0.0,0.0,0.0,0,0,,,2024
1356,SOFI,2025-12-16,True,False,0,0,0,0,0,0,0.0,0.0,0.0,0,0,,,2025
1357,NVDA,2024-06-12,True,False,0,0,0,0,0,0,0.0,0.0,0.0,0,0,,,2024
1358,CRM,2025-03-01,True,False,0,0,0,0,0,0,0.0,0.0,0.0,0,0,,,2025
1359,AMZN,2025-03-01,True,False,0,0,0,0,0,0,0.0,0.0,0.0,0,0,,,2025
1360,AMZN,2025-03-01,True,False,0,0,0,0,0,0,0.0,0.0,0.0,0,0,,,2025
1361,AMZN,2025-03-01,True,False,0,0,0,0,0,0,0.0,0.0,0.0,0,0,,,2025
1362,NVDA,2025-03-01,True,False,0,0,0,0,0,0,0.0,0.0,0.0,0,0,,,2025
1363,PYPL,2025-03-01,True,False,0,0,0,0,0,0,0.0,0.0,0.0,0,0,,,2025
1364,NVDA,2025-01-30,True,False,0,0,0,0,0,0,0.0,0.0,0.0,0,0,,,2025
1365,AMZN,2025-02-04,True,False,0,0,0,0,0,0,0.0,0.0,0.0,0,0,,,2025
1366,NFLX,2025-12-15,True,False,0,0,0,0,0,0,0.0,0.0,0.0,0,0,,,2025
1367,TSLA,2025-12-15,True,False,0,0,0,0,0,0,0.0,0.0,0.0,0,0,,,2025
1368,NVDA,2025-11-19,True,False,0,0,0,0,0,0,0.0,0.0,0.0,0,0,,,2025
1369,NVDA,2025-11-19,True,False,0,0,0,0,0,0,0.0,0.0,0.0,0,0,,,2025
1370,NVDA,2025-11-19,True,False,0,0,0,0,0,0,0.0,0.0,0.0,0,0,,,2025
1371,AAPL,2025-09-08,True,False,0,0,0,0,0,0,0.0,0.0,0.0,0,0,,,2025
1372,AMZN,2026-04-03,True,False,0,0,0,0,0,0,0.0,0.0,0.0,0,0,,,2026
1373,UBER,2026-04-03,True,False,0,0,0,0,0,0,0.0,0.0,0.0,0,0,,,2026
1374,PYPL,2025-12-11,True,False,0,0,0,0,0,0,0.0,0.0,0.0,0,0,,,2025
1375,PYPL,2025-12-11,True,False,0,0,0,0,0,0,0.0,0.0,0.0,0,0,,,2025
1376,UBER,2025-12-11,True,False,0,0,0,0,0,0,0.0,0.0,0.0,0,0,,,2025
1377,AAPL,2025-06-19,True,False,0,0,0,0,0,0,0.0,0.0,0.0,0,0,,,2025
1378,NVDA,2024-06-28,True,False,0,0,0,0,0,0,0.0,0.0,0.0,0,0,,,2024
1379,NVDA,2024-06-28,True,False,0,0,0,0,0,0,0.0,0.0,0.0,0,0,,,2024
1380,TSLA,2024-06-28,True,False,0,0,0,0,0,0,0.0,0.0,0.0,0,0,,,2024
1381,TSLA,2024-06-28,True,False,0,0,0,0,0,0,0.0,0.0,0.0,0,0,,,2024
1382,NVDA,2024-05-22,True,False,0,0,0,0,0,0,0.0,0.0,0.0,0,0,,,2024
1383,NVDA,2024-05-22,True,False,0,0,0,0,0,0,0.0,0.0,0.0,0,0,,,2024
1384,NVDA,2024-05-22,True,False,0,0,0,0,0,0,0.0,0.0,0.0,0,0,,,2024
1385,NVDA,2024-05-22,True,False,0,0,0,0,0,0,0.0,0.0,0.0,0,0,,,2024
1386,AAPL,2024-05-22,True,False,0,0,0,0,0,0,0.0,0.0,0.0,0,0,,,2024
1387,AMZN,2025-02-15,True,False,0,0,0,0,0,0,0.0,0.0,0.0,0,0,,,2025
1388,AMZN,2024-05-31,True,False,0,0,0,0,0,0,0.0,0.0,0.0,0,0,,,2024
1389,NVDA,2024-05-31,True,False,0,0,0,0,0,0,0.0,0.0,0.0,0,0,,,2024
1390,GOOGL,2024-05-31,True,False,0,0,0,0,0,0,0.0,0.0,0.0,0,0,,,2024
1391,MSFT,2024-05-31,True,False,0,0,0,0,0,0,0.0,0.0,0.0,0,0,,,2024
1392,TSLA,2024-05-31,True,False,0,0,0,0,0,0,0.0,0.0,0.0,0,0,,,2024
1393,NFLX,2024-05-17,True,False,0,0,0,0,0,0,0.0,0.0,0.0,0,0,,,2024
1394,AAPL,2024-05-17,True,False,0,0,0,0,0,0,0.0,0.0,0.0,0,0,,,2024
1395,GOOGL,2024-05-17,True,False,0,0,0,0,0,0,0.0,0.0,0.0,0,0,,,2024
1396,TSLA,2024-05-17,True,False,0,0,0,0,0,0,0.0,0.0,0.0,0,0,,,2024
1397,TSLA,2024-05-17,True,False,0,0,0,0,0,0,0.0,0.0,0.0,0,0,,,2024
1398,NVDA,2024-06-27,True,False,0,0,0,0,0,0,0.0,0.0,0.0,0,0,,,2024
1399,SOFI,2025-12-04,True,False,0,0,0,0,0,0,0.0,0.0,0.0,0,0,,,2025
1400,AMD,2025-02-01,True,False,0,0,0,0,0,0,0.0,0.0,0.0,0,0,,,2025
1401,AAPL,2025-12-10,True,False,0,0,0,0,0,0,0.0,0.0,0.0,0,0,,,2025
1402,NFLX,2025-12-10,True,False,0,0,0,0,0,0,0.0,0.0,0.0,0,0,,,2025
1403,GOOGL,2024-07-05,True,False,0,0,0,0,0,0,0.0,0.0,0.0,0,0,,,2024
1404,MSFT,2024-07-05,True,False,0,0,0,0,0,0,0.0,0.0,0.0,0,0,,,2024
1405,NFLX,2025-12-08,True,False,0,0,0,0,0,0,0.0,0.0,0.0,0,0,,,2025
1406,NFLX,2025-12-05,True,False,0,0,0,0,0,0,0.0,0.0,0.0,0,0,,,2025
1407,NFLX,2025-12-05,True,False,0,0,0,0,0,0,0.0,0.0,0.0,0,0,,,2025
1408,PYPL,2025-12-05,True,False,0,0,0,0,0,0,0.0,0.0,0.0,0,0,,,2025
1409,SOFI,2025-12-05,True,False,0,0,0,0,0,0,0.0,0.0,0.0,0,0,,,2025
1410,AMD,2025-02-11,True,False,0,0,0,0,0,0,0.0,0.0,0.0,0,0,,,2025
1411,NVDA,2025-12-10,True,False,0,0,0,0,0,0,0.0,0.0,0.0,0,0,,,2025
1412,NVDA,2025-12-10,True,False,0,0,0,0,0,0,0.0,0.0,0.0,0,0,,,2025
1413,AMD,2025-12-10,True,False,0,0,0,0,0,0,0.0,0.0,0.0,0,0,,,2025
1414,AMD,2025-12-10,True,False,0,0,0,0,0,0,0.0,0.0,0.0,0,0,,,2025
1415,UBER,2025-12-12,True,False,0,0,0,0,0,0,0.0,0.0,0.0,0,0,,,2025
1416,PYPL,2025-12-12,True,False,0,0,0,0,0,0,0.0,0.0,0.0,0,0,,,2025
1417,AMZN,2025-12-12,True,False,0,0,0,0,0,0,0.0,0.0,0.0,0,0,,,2025
1418,AAPL,2024-06-21,True,False,0,0,0,0,0,0,0.0,0.0,0.0,0,0,,,2024
1419,MSFT,2025-07-21,True,False,0,0,0,0,0,0,0.0,0.0,0.0,0,0,,,2025
1420,GOOGL,2025-07-23,True,False,0,0,0,0,0,0,0.0,0.0,0.0,0,0,,,2025
1421,GOOGL,2025-06-15,True,False,0,0,0,0,0,0,0.0,0.0,0.0,0,0,,,2025
1422,PYPL,2024-08-29,True,False,0,0,0,0,0,0,0.0,0.0,0.0,0,0,,,2024
1423,GOOGL,2024-09-06,True,False,0,0,0,0,0,0,0.0,0.0,0.0,0,0,,,2024
1424,GOOGL,2024-09-06,True,False,0,0,0,0,0,0,0.0,0.0,0.0,0,0,,,2024
1425,PYPL,2025-12-18,True,False,0,0,0,0,0,0,0.0,0.0,0.0,0,0,,,2025
1426,NFLX,2025-12-18,True,False,0,0,0,0,0,0,0.0,0.0,0.0,0,0,,,2025
1427,NVDA,2026-01-27,True,False,0,0,0,0,0,0,0.0,0.0,0.0,0,0,,,2026
1428,NVDA,2026-01-27,True,False,0,0,0,0,0,0,0.0,0.0,0.0,0,0,,,2026
1429,AMD,2026-01-27,True,False,0,0,0,0,0,0,0.0,0.0,0.0,0,0,,,2026
1430,GOOGL,2026-01-27,True,False,0,0,0,0,0,0,0.0,0.0,0.0,0,0,,,2026
1431,AMZN,2026-01-27,True,False,0,0,0,0,0,0,0.0,0.0,0.0,0,0,,,2026
1432,MSFT,2025-03-29,True,False,0,0,0,0,0,0,0.0,0.0,0.0,0,0,,,2025
1433,GOOGL,2025-05-17,True,False,0,0,0,0,0,0,0.0,0.0,0.0,0,0,,,2025
1434,AMD,2025-05-17,True,False,0,0,0,0,0,0,0.0,0.0,0.0,0,0,,,2025
1435,AMD,2024-08-02,True,False,0,0,0,0,0,0,0.0,0.0,0.0,0,0,,,2024
1436,MSFT,2024-08-02,True,False,0,0,0,0,0,0,0.0,0.0,0.0,0,0,,,2024
1437,TSLA,2024-08-02,True,False,0,0,0,0,0,0,0.0,0.0,0.0,0,0,,,2024
1438,SOFI,2025-04-29,True,False,0,0,0,0,0,0,0.0,0.0,0.0,0,0,,,2025
1439,NVDA,2026-01-26,True,False,0,0,0,0,0,0,0.0,0.0,0.0,0,0,,,2026
1440,AAPL,2026-01-26,True,False,0,0,0,0,0,0,0.0,0.0,0.0,0,0,,,2026
1441,META,2026-01-26,True,False,0,0,0,0,0,0,0.0,0.0,0.0,0,0,,,2026
1442,AMZN,2025-03-05,True,False,0,0,0,0,0,0,0.0,0.0,0.0,0,0,,,2025
1443,AMD,2026-01-20,True,False,0,0,0,0,0,0,0.0,0.0,0.0,0,0,,,2026
1444,GOOGL,2024-07-23,True,False,0,0,0,0,0,0,0.0,0.0,0.0,0,0,,,2024
1445,PYPL,2025-12-22,True,False,0,0,0,0,0,0,0.0,0.0,0.0,0,0,,,2025
1446,TSLA,2025-12-22,True,False,0,0,0,0,0,0,0.0,0.0,0.0,0,0,,,2025
1447,AMD,2026-01-23,True,False,0,0,0,0,0,0,0.0,0.0,0.0,0,0,,,2026
1448,MSFT,2026-01-23,True,False,0,0,0,0,0,0,0.0,0.0,0.0,0,0,,,2026
1449,TSLA,2026-01-23,True,False,0,0,0,0,0,0,0.0,0.0,0.0,0,0,,,2026
1450,AAPL,2025-09-10,True,False,0,0,0,0,0,0,0.0,0.0,0.0,0,0,,,2025
1451,AAPL,2025-09-10,True,False,0,0,0,0,0,0,0.0,0.0,0.0,0,0,,,2025
1452,AMZN,2025-09-10,True,False,0,0,0,0,0,0,0.0,0.0,0.0,0,0,,,2025
1453,AMZN,2025-03-11,True,False,0,0,0,0,0,0,0.0,0.0,0.0,0,0,,,2025
1454,AMD,2024-07-30,True,False,0,0,0,0,0,0,0.0,0.0,0.0,0,0,,,2024
1455,GOOGL,2024-07-30,True,False,0,0,0,0,0,0,0.0,0.0,0.0,0,0,,,2024
1456,NFLX,2024-07-12,True,False,0,0,0,0,0,0,0.0,0.0,0.0,0,0,,,2024
1457,MSFT,2024-07-12,True,False,0,0,0,0,0,0,0.0,0.0,0.0,0,0,,,2024
1458,TSLA,2024-07-12,True,False,0,0,0,0,0,0,0.0,0.0,0.0,0,0,,,2024
1459,AAPL,2024-08-01,True,False,0,0,0,0,0,0,0.0,0.0,0.0,0,0,,,2024
1460,MSFT,2024-07-30,True,False,0,0,0,0,0,0,0.0,0.0,0.0,0,0,,,2024
1461,MSFT,2024-07-30,True,False,0,0,0,0,0,0,0.0,0.0,0.0,0,0,,,2024
1462,MSFT,2024-07-30,True,False,0,0,0,0,0,0,0.0,0.0,0.0,0,0,,,2024
1463,MSFT,2024-07-30,True,False,0,0,0,0,0,0,0.0,0.0,0.0,0,0,,,2024
1464,MSFT,2024-07-30,True,False,0,0,0,0,0,0,0.0,0.0,0.0,0,0,,,2024
1465,AMZN,2025-03-11,True,False,0,0,0,0,0,0,0.0,0.0,0.0,0,0,,,2025
1466,NVDA,2025-03-11,True,False,0,0,0,0,0,0,0.0,0.0,0.0,0,0,,,2025
1467,NFLX,2025-12-24,True,False,0,0,0,0,0,0,0.0,0.0,0.0,0,0,,,2025
1468,TSLA,2024-07-23,True,False,0,0,0,0,0,0,0.0,0.0,0.0,0,0,,,2024
1469,TSLA,2024-07-23,True,False,0,0,0,0,0,0,0.0,0.0,0.0,0,0,,,2024
1470,GOOGL,2026-01-28,True,False,0,0,0,0,0,0,0.0,0.0,0.0,0,0,,,2026
1471,META,2026-01-28,True,False,0,0,0,0,0,0,0.0,0.0,0.0,0,0,,,2026
1472,AMZN,2025-03-15,True,False,0,0,0,0,0,0,0.0,0.0,0.0,0,0,,,2025
1473,AMZN,2025-03-15,True,False,0,0,0,0,0,0,0.0,0.0,0.0,0,0,,,2025
1474,AMZN,2025-03-15,True,False,0,0,0,0,0,0,0.0,0.0,0.0,0,0,,,2025
1475,GOOGL,2025-03-15,True,False,0,0,0,0,0,0,0.0,0.0,0.0,0,0,,,2025
1476,GOOGL,2025-03-15,True,False,0,0,0,0,0,0,0.0,0.0,0.0,0,0,,,2025
1477,MSFT,2025-03-15,True,False,0,0,0,0,0,0,0.0,0.0,0.0,0,0,,,2025
1478,SOFI,2026-01-02,True,False,0,0,0,0,0,0,0.0,0.0,0.0,0,0,,,2026
1479,AMD,2026-01-22,True,False,0,0,0,0,0,0,0.0,0.0,0.0,0,0,,,2026
1480,MSFT,2026-01-22,True,False,0,0,0,0,0,0,0.0,0.0,0.0,0,0,,,2026
1481,NVDA,2024-08-29,True,False,0,0,0,0,0,0,0.0,0.0,0.0,0,0,,,2024
1482,META,2026-01-28,True,False,0,0,0,0,0,0,0.0,0.0,0.0,0,0,,,2026
1483,META,2026-01-28,True,False,0,0,0,0,0,0,0.0,0.0,0.0,0,0,,,2026
1484,MSFT,2026-01-28,True,False,0,0,0,0,0,0,0.0,0.0,0.0,0,0,,,2026
1485,MSFT,2026-01-28,True,False,0,0,0,0,0,0,0.0,0.0,0.0,0,0,,,2026
1486,MSFT,2026-01-28,True,False,0,0,0,0,0,0,0.0,0.0,0.0,0,0,,,2026
1487,AMD,2026-01-28,True,False,0,0,0,0,0,0,0.0,0.0,0.0,0,0,,,2026
1488,AMD,2026-01-28,True,False,0,0,0,0,0,0,0.0,0.0,0.0,0,0,,,2026
1489,TSLA,2026-01-28,True,False,0,0,0,0,0,0,0.0,0.0,0.0,0,0,,,2026
1490,TSLA,2026-01-28,True,False,0,0,0,0,0,0,0.0,0.0,0.0,0,0,,,2026
1491,AMD,2026-01-21,True,False,0,0,0,0,0,0,0.0,0.0,0.0,0,0,,,2026
1492,META,2026-01-21,True,False,0,0,0,0,0,0,0.0,0.0,0.0,0,0,,,2026
1493,NFLX,2026-04-18,True,False,0,0,0,0,0,0,0.0,0.0,0.0,0,0,,,2026
1494,GOOGL,2026-01-31,True,False,0,0,0,0,0,0,0.0,0.0,0.0,0,0,,,2026
1495,NVDA,2025-05-28,True,False,0,0,0,0,0,0,0.0,0.0,0.0,0,0,,,2025
1496,PYPL,2026-02-03,True,False,0,0,0,0,0,0,0.0,0.0,0.0,0,0,,,2026
1497,NFLX,2026-01-11,True,False,0,0,0,0,0,0,0.0,0.0,0.0,0,0,,,2026
1498,TSLA,2024-09-20,True,False,0,0,0,0,0,0,0.0,0.0,0.0,0,0,,,2024
1499,AMZN,2025-05-02,True,False,0,0,0,0,0,0,0.0,0.0,0.0,0,0,,,2025
1500,GOOGL,2025-05-02,True,False,0,0,0,0,0,0,0.0,0.0,0.0,0,0,,,2025
1501,GOOGL,2025-03-18,True,False,0,0,0,0,0,0,0.0,0.0,0.0,0,0,,,2025
1502,GOOGL,2025-03-18,True,False,0,0,0,0,0,0,0.0,0.0,0.0,0,0,,,2025
1503,AMZN,2025-03-18,True,False,0,0,0,0,0,0,0.0,0.0,0.0,0,0,,,2025
1504,MSFT,2026-01-29,True,False,0,0,0,0,0,0,0.0,0.0,0.0,0,0,,,2026
1505,AMD,2026-02-04,True,False,0,0,0,0,0,0,0.0,0.0,0.0,0,0,,,2026
1506,NVDA,2026-02-04,True,False,0,0,0,0,0,0,0.0,0.0,0.0,0,0,,,2026
1507,NVDA,2026-02-04,True,False,0,0,0,0,0,0,0.0,0.0,0.0,0,0,,,2026
1508,AMD,2026-02-04,True,False,0,0,0,0,0,0,0.0,0.0,0.0,0,0,,,2026
1509,AMD,2026-02-04,True,False,0,0,0,0,0,0,0.0,0.0,0.0,0,0,,,2026
1510,AMD,2026-02-04,True,False,0,0,0,0,0,0,0.0,0.0,0.0,0,0,,,2026
1511,AMD,2026-02-04,True,False,0,0,0,0,0,0,0.0,0.0,0.0,0,0,,,2026
1512,AMD,2026-02-04,True,False,0,0,0,0,0,0,0.0,0.0,0.0,0,0,,,2026
1513,AMD,2026-02-04,True,False,0,0,0,0,0,0,0.0,0.0,0.0,0,0,,,2026
1514,AMD,2026-02-04,True,False,0,0,0,0,0,0,0.0,0.0,0.0,0,0,,,2026
1515,AMD,2026-02-04,True,False,0,0,0,0,0,0,0.0,0.0,0.0,0,0,,,2026
1516,PYPL,2026-02-04,True,False,0,0,0,0,0,0,0.0,0.0,0.0,0,0,,,2026
1517,META,2026-02-04,True,False,0,0,0,0,0,0,0.0,0.0,0.0,0,0,,,2026
1518,META,2026-02-04,True,False,0,0,0,0,0,0,0.0,0.0,0.0,0,0,,,2026
1519,NVDA,2025-04-09,True,False,0,0,0,0,0,0,0.0,0.0,0.0,0,0,,,2025
1520,PYPL,2026-01-15,True,False,0,0,0,0,0,0,0.0,0.0,0.0,0,0,,,2026
1521,MSFT,2026-01-30,True,False,0,0,0,0,0,0,0.0,0.0,0.0,0,0,,,2026
1522,MSFT,2026-01-30,True,False,0,0,0,0,0,0,0.0,0.0,0.0,0,0,,,2026
1523,MSFT,2026-01-30,True,False,0,0,0,0,0,0,0.0,0.0,0.0,0,0,,,2026
1524,NVDA,2026-01-30,True,False,0,0,0,0,0,0,0.0,0.0,0.0,0,0,,,2026
1525,MSFT,2024-11-01,True,False,0,0,0,0,0,0,0.0,0.0,0.0,0,0,,,2024
1526,NFLX,2025-10-22,True,False,0,0,0,0,0,0,0.0,0.0,0.0,0,0,,,2025
1527,MSFT,2026-02-02,True,False,0,0,0,0,0,0,0.0,0.0,0.0,0,0,,,2026
1528,NVDA,2026-02-02,True,False,0,0,0,0,0,0,0.0,0.0,0.0,0,0,,,2026
1529,META,2026-02-02,True,False,0,0,0,0,0,0,0.0,0.0,0.0,0,0,,,2026
1530,NFLX,2026-02-02,True,False,0,0,0,0,0,0,0.0,0.0,0.0,0,0,,,2026
1531,NFLX,2026-02-02,True,False,0,0,0,0,0,0,0.0,0.0,0.0,0,0,,,2026
1532,TSLA,2025-04-22,True,False,0,0,0,0,0,0,0.0,0.0,0.0,0,0,,,2025
1533,TSLA,2025-04-22,True,False,0,0,0,0,0,0,0.0,0.0,0.0,0,0,,,2025
1534,META,2026-01-29,True,False,0,0,0,0,0,0,0.0,0.0,0.0,0,0,,,2026
1535,MSFT,2026-02-05,True,False,0,0,0,0,0,0,0.0,0.0,0.0,0,0,,,2026
1536,MSFT,2026-02-05,True,False,0,0,0,0,0,0,0.0,0.0,0.0,0,0,,,2026
1537,MSFT,2026-02-05,True,False,0,0,0,0,0,0,0.0,0.0,0.0,0,0,,,2026
1538,MSFT,2026-02-05,True,False,0,0,0,0,0,0,0.0,0.0,0.0,0,0,,,2026
1539,TSLA,2026-02-05,True,False,0,0,0,0,0,0,0.0,0.0,0.0,0,0,,,2026
1540,AMD,2026-02-05,True,False,0,0,0,0,0,0,0.0,0.0,0.0,0,0,,,2026
1541,AMD,2026-02-05,True,False,0,0,0,0,0,0,0.0,0.0,0.0,0,0,,,2026
1542,NVDA,2026-02-05,True,False,0,0,0,0,0,0,0.0,0.0,0.0,0,0,,,2026
1543,NFLX,2026-02-05,True,False,0,0,0,0,0,0,0.0,0.0,0.0,0,0,,,2026
1544,GOOGL,2025-06-28,True,False,0,0,0,0,0,0,0.0,0.0,0.0,0,0,,,2025
1545,MSFT,2025-04-04,True,False,0,0,0,0,0,0,0.0,0.0,0.0,0,0,,,2025
1546,AMZN,2025-04-04,True,False,0,0,0,0,0,0,0.0,0.0,0.0,0,0,,,2025
1547,MSFT,2025-10-13,True,False,0,0,0,0,0,0,0.0,0.0,0.0,0,0,,,2025
1548,NFLX,2024-10-17,True,False,0,0,0,0,0,0,0.0,0.0,0.0,0,0,,,2024
1549,NFLX,2024-10-17,True,False,0,0,0,0,0,0,0.0,0.0,0.0,0,0,,,2024
1550,MSFT,2024-10-30,True,False,0,0,0,0,0,0,0.0,0.0,0.0,0,0,,,2024
1551,GOOGL,2024-10-30,True,False,0,0,0,0,0,0,0.0,0.0,0.0,0,0,,,2024
1552,AMD,2025-07-08,True,False,0,0,0,0,0,0,0.0,0.0,0.0,0,0,,,2025
1553,PYPL,2025-07-08,True,False,0,0,0,0,0,0,0.0,0.0,0.0,0,0,,,2025
1554,GOOGL,2025-04-27,True,False,0,0,0,0,0,0,0.0,0.0,0.0,0,0,,,2025
1555,AMZN,2025-03-28,True,False,0,0,0,0,0,0,0.0,0.0,0.0,0,0,,,2025
1556,AMZN,2025-03-28,True,False,0,0,0,0,0,0,0.0,0.0,0.0,0,0,,,2025
1557,NVDA,2026-02-03,True,False,0,0,0,0,0,0,0.0,0.0,0.0,0,0,,,2026
1558,AMZN,2025-04-03,True,False,0,0,0,0,0,0,0.0,0.0,0.0,0,0,,,2025
1559,AAPL,2024-11-01,True,False,0,0,0,0,0,0,0.0,0.0,0.0,0,0,,,2024
1560,AAPL,2024-11-01,True,False,0,0,0,0,0,0,0.0,0.0,0.0,0,0,,,2024
1561,AMD,2026-02-03,True,False,0,0,0,0,0,0,0.0,0.0,0.0,0,0,,,2026
1562,AMD,2026-02-03,True,False,0,0,0,0,0,0,0.0,0.0,0.0,0,0,,,2026
1563,AMD,2026-02-03,True,False,0,0,0,0,0,0,0.0,0.0,0.0,0,0,,,2026
1564,NVDA,2026-02-03,True,False,0,0,0,0,0,0,0.0,0.0,0.0,0,0,,,2026
1565,NVDA,2026-02-03,True,False,0,0,0,0,0,0,0.0,0.0,0.0,0,0,,,2026
1566,GOOGL,2026-02-03,True,False,0,0,0,0,0,0,0.0,0.0,0.0,0,0,,,2026
1567,AAPL,2024-09-27,True,False,0,0,0,0,0,0,0.0,0.0,0.0,0,0,,,2024
1568,META,2026-01-28,True,False,0,0,0,0,0,0,0.0,0.0,0.0,0,0,,,2026
1569,MSFT,2026-01-28,True,False,0,0,0,0,0,0,0.0,0.0,0.0,0,0,,,2026
1570,MSFT,2026-01-28,True,False,0,0,0,0,0,0,0.0,0.0,0.0,0,0,,,2026
1571,AMD,2026-01-28,True,False,0,0,0,0,0,0,0.0,0.0,0.0,0,0,,,2026
1572,AMD,2026-01-28,True,False,0,0,0,0,0,0,0.0,0.0,0.0,0,0,,,2026
1573,NVDA,2026-02-10,True,False,0,0,0,0,0,0,0.0,0.0,0.0,0,0,,,2026
1574,AMD,2026-02-26,True,False,0,0,0,0,0,0,0.0,0.0,0.0,0,0,,,2026
1575,AMZN,2026-03-11,True,False,0,0,0,0,0,0,0.0,0.0,0.0,0,0,,,2026
1576,AMD,2022-12-31,True,False,0,0,0,0,0,0,0.0,0.0,0.0,0,0,,,2022
1577,MSFT,2025-01-25,True,False,0,0,0,0,0,0,0.0,0.0,0.0,0,0,,,2025
1578,PYPL,2026-03-04,True,False,0,0,0,0,0,0,0.0,0.0,0.0,0,0,,,2026
1579,PYPL,2026-03-04,True,False,0,0,0,0,0,0,0.0,0.0,0.0,0,0,,,2026
1580,GOOGL,2023-02-26,True,False,0,0,0,0,0,0,0.0,0.0,0.0,0,0,,,2023
1581,AMD,2026-04-23,True,False,0,0,0,0,0,0,0.0,0.0,0.0,0,0,,,2026
1582,UBER,2025-10-07,True,False,0,0,0,0,0,0,0.0,0.0,0.0,0,0,,,2025
1583,AMZN,2025-10-07,True,False,0,0,0,0,0,0,0.0,0.0,0.0,0,0,,,2025
1584,GOOGL,2025-07-23,True,False,0,0,0,0,0,0,0.0,0.0,0.0,0,0,,,2025
1585,TSLA,2025-07-23,True,False,0,0,0,0,0,0,0.0,0.0,0.0,0,0,,,2025
1586,AMZN,2025-10-17,True,False,0,0,0,0,0,0,0.0,0.0,0.0,0,0,,,2025
1587,MSFT,2025-10-17,True,False,0,0,0,0,0,0,0.0,0.0,0.0,0,0,,,2025
1588,TSLA,2025-08-29,True,False,0,0,0,0,0,0,0.0,0.0,0.0,0,0,,,2025
1589,NVDA,2026-02-26,True,False,0,0,0,0,0,0,0.0,0.0,0.0,0,0,,,2026
1590,NVDA,2026-02-26,True,False,0,0,0,0,0,0,0.0,0.0,0.0,0,0,,,2026
1591,SOFI,2026-02-26,True,False,0,0,0,0,0,0,0.0,0.0,0.0,0,0,,,2026
1592,NVDA,2026-02-20,True,False,0,0,0,0,0,0,0.0,0.0,0.0,0,0,,,2026
1593,META,2026-01-03,True,False,0,0,0,0,0,0,0.0,0.0,0.0,0,0,,,2026
1594,AMZN,2022-10-30,True,False,0,0,0,0,0,0,0.0,0.0,0.0,0,0,,,2022
1595,NVDA,2026-02-24,True,False,0,0,0,0,0,0,0.0,0.0,0.0,0,0,,,2026
1596,MSFT,2026-02-12,True,False,0,0,0,0,0,0,0.0,0.0,0.0,0,0,,,2026
1597,AMZN,2026-02-12,True,False,0,0,0,0,0,0,0.0,0.0,0.0,0,0,,,2026
1598,GOOGL,2025-07-25,True,False,0,0,0,0,0,0,0.0,0.0,0.0,0,0,,,2025
1599,NFLX,2025-07-25,True,False,0,0,0,0,0,0,0.0,0.0,0.0,0,0,,,2025
1600,TSLA,2025-07-25,True,False,0,0,0,0,0,0,0.0,0.0,0.0,0,0,,,2025
1601,TSLA,2025-07-25,True,False,0,0,0,0,0,0,0.0,0.0,0.0,0,0,,,2025
1602,NFLX,2025-01-21,True,False,0,0,0,0,0,0,0.0,0.0,0.0,0,0,,,2025
1603,PYPL,2026-02-03,True,False,0,0,0,0,0,0,0.0,0.0,0.0,0,0,,,2026
1604,GME,2026-01-29,True,False,0,0,0,0,0,0,0.0,0.0,0.0,0,0,,,2026
1605,AMZN,2026-01-29,True,False,0,0,0,0,0,0,0.0,0.0,0.0,0,0,,,2026
1606,MSFT,2024-06-16,True,False,0,0,0,0,0,0,0.0,0.0,0.0,0,0,,,2024
1607,AAPL,2025-01-30,True,False,0,0,0,0,0,0,0.0,0.0,0.0,0,0,,,2025
1608,AAPL,2025-01-30,True,False,0,0,0,0,0,0,0.0,0.0,0.0,0,0,,,2025
1609,AMD,2026-03-11,True,False,0,0,0,0,0,0,0.0,0.0,0.0,0,0,,,2026
1610,AMD,2026-03-11,True,False,0,0,0,0,0,0,0.0,0.0,0.0,0,0,,,2026
1611,META,2026-03-11,True,False,0,0,0,0,0,0,0.0,0.0,0.0,0,0,,,2026
1612,AAPL,2024-11-23,True,False,0,0,0,0,0,0,0.0,0.0,0.0,0,0,,,2024
1613,GOOGL,2024-11-23,True,False,0,0,0,0,0,0,0.0,0.0,0.0,0,0,,,2024
1614,GOOGL,2024-11-23,True,False,0,0,0,0,0,0,0.0,0.0,0.0,0,0,,,2024
1615,AMZN,2024-11-23,True,False,0,0,0,0,0,0,0.0,0.0,0.0,0,0,,,2024
1616,NVDA,2026-01-05,True,False,0,0,0,0,0,0,0.0,0.0,0.0,0,0,,,2026
1617,AMZN,2025-05-24,True,False,0,0,0,0,0,0,0.0,0.0,0.0,0,0,,,2025
1618,NFLX,2025-05-24,True,False,0,0,0,0,0,0,0.0,0.0,0.0,0,0,,,2025
1619,NVDA,2025-11-13,True,False,0,0,0,0,0,0,0.0,0.0,0.0,0,0,,,2025
1620,NVDA,2025-11-13,True,False,0,0,0,0,0,0,0.0,0.0,0.0,0,0,,,2025
1621,NVDA,2026-02-05,True,False,0,0,0,0,0,0,0.0,0.0,0.0,0,0,,,2026
1622,SOFI,2026-05-06,True,False,0,0,0,0,0,0,0.0,0.0,0.0,0,0,,,2026
1623,SOFI,2026-05-06,True,False,0,0,0,0,0,0,0.0,0.0,0.0,0,0,,,2026
1624,AMZN,2026-04-29,True,False,0,0,0,0,0,0,0.0,0.0,0.0,0,0,,,2026
1625,AAPL,2025-11-22,True,False,0,0,0,0,0,0,0.0,0.0,0.0,0,0,,,2025
1626,AMZN,2026-02-09,True,False,0,0,0,0,0,0,0.0,0.0,0.0,0,0,,,2026
1627,AMZN,2026-02-09,True,False,0,0,0,0,0,0,0.0,0.0,0.0,0,0,,,2026
1628,UBER,2026-02-09,True,False,0,0,0,0,0,0,0.0,0.0,0.0,0,0,,,2026
1629,GOOGL,2026-02-09,True,False,0,0,0,0,0,0,0.0,0.0,0.0,0,0,,,2026
1630,NVDA,2026-02-09,True,False,0,0,0,0,0,0,0.0,0.0,0.0,0,0,,,2026
1631,SOFI,2026-02-09,True,False,0,0,0,0,0,0,0.0,0.0,0.0,0,0,,,2026
1632,SOFI,2026-02-09,True,False,0,0,0,0,0,0,0.0,0.0,0.0,0,0,,,2026
1633,NVDA,2026-02-25,True,False,0,0,0,0,0,0,0.0,0.0,0.0,0,0,,,2026
1634,NVDA,2026-02-25,True,False,0,0,0,0,0,0,0.0,0.0,0.0,0,0,,,2026
1635,AMD,2026-02-25,True,False,0,0,0,0,0,0,0.0,0.0,0.0,0,0,,,2026
1636,SOFI,2026-04-09,True,False,0,0,0,0,0,0,0.0,0.0,0.0,0,0,,,2026
1637,SOFI,2026-04-09,True,False,0,0,0,0,0,0,0.0,0.0,0.0,0,0,,,2026
1638,SOFI,2026-04-09,True,False,0,0,0,0,0,0,0.0,0.0,0.0,0,0,,,2026
1639,SOFI,2026-04-09,True,False,0,0,0,0,0,0,0.0,0.0,0.0,0,0,,,2026
1640,AMZN,2026-05-02,True,False,0,0,0,0,0,0,0.0,0.0,0.0,0,0,,,2026
1641,META,2026-05-02,True,False,0,0,0,0,0,0,0.0,0.0,0.0,0,0,,,2026
1642,NFLX,2026-05-02,True,False,0,0,0,0,0,0,0.0,0.0,0.0,0,0,,,2026
1643,NVDA,2026-05-02,True,False,0,0,0,0,0,0,0.0,0.0,0.0,0,0,,,2026
1644,UBER,2026-05-02,True,False,0,0,0,0,0,0,0.0,0.0,0.0,0,0,,,2026
1645,MSFT,2025-04-06,True,False,0,0,0,0,0,0,0.0,0.0,0.0,0,0,,,2025
1646,AMZN,2025-07-11,True,False,0,0,0,0,0,0,0.0,0.0,0.0,0,0,,,2025
1647,NVDA,2026-02-05,True,False,0,0,0,0,0,0,0.0,0.0,0.0,0,0,,,2026
1648,AMD,2026-03-01,True,False,0,0,0,0,0,0,0.0,0.0,0.0,0,0,,,2026
1649,MSFT,2023-01-26,True,False,0,0,0,0,0,0,0.0,0.0,0.0,0,0,,,2023
1650,GOOGL,2023-01-26,True,False,0,0,0,0,0,0,0.0,0.0,0.0,0,0,,,2023
1651,AAPL,2023-01-26,True,False,0,0,0,0,0,0,0.0,0.0,0.0,0,0,,,2023
1652,DIS,2023-01-26,True,False,0,0,0,0,0,0,0.0,0.0,0.0,0,0,,,2023
1653,DIS,2023-01-26,True,False,0,0,0,0,0,0,0.0,0.0,0.0,0,0,,,2023
1654,MSFT,2025-03-16,True,False,0,0,0,0,0,0,0.0,0.0,0.0,0,0,,,2025
1655,NFLX,2026-02-15,True,False,0,0,0,0,0,0,0.0,0.0,0.0,0,0,,,2026
1656,SOFI,2026-02-15,True,False,0,0,0,0,0,0,0.0,0.0,0.0,0,0,,,2026
1657,TSLA,2026-04-22,True,False,0,0,0,0,0,0,0.0,0.0,0.0,0,0,,,2026
1658,TSLA,2026-04-22,True,False,0,0,0,0,0,0,0.0,0.0,0.0,0,0,,,2026
1659,AMD,2026-04-22,True,False,0,0,0,0,0,0,0.0,0.0,0.0,0,0,,,2026
1660,NVDA,2026-04-22,True,False,0,0,0,0,0,0,0.0,0.0,0.0,0,0,,,2026
1661,GOOGL,2026-04-22,True,False,0,0,0,0,0,0,0.0,0.0,0.0,0,0,,,2026
1662,AMZN,2026-04-22,True,False,0,0,0,0,0,0,0.0,0.0,0.0,0,0,,,2026
1663,AMZN,2026-02-10,True,False,0,0,0,0,0,0,0.0,0.0,0.0,0,0,,,2026
1664,NVDA,2026-02-10,True,False,0,0,0,0,0,0,0.0,0.0,0.0,0,0,,,2026
1665,AMZN,2026-02-05,True,False,0,0,0,0,0,0,0.0,0.0,0.0,0,0,,,2026
1666,AMZN,2026-02-05,True,False,0,0,0,0,0,0,0.0,0.0,0.0,0,0,,,2026
1667,NVDA,2026-04-01,True,False,0,0,0,0,0,0,0.0,0.0,0.0,0,0,,,2026
1668,NVDA,2026-04-01,True,False,0,0,0,0,0,0,0.0,0.0,0.0,0,0,,,2026
1669,GOOGL,2026-04-29,True,False,0,0,0,0,0,0,0.0,0.0,0.0,0,0,,,2026
1670,NVDA,2025-02-01,True,False,0,0,0,0,0,0,0.0,0.0,0.0,0,0,,,2025
1671,NFLX,2025-02-01,True,False,0,0,0,0,0,0,0.0,0.0,0.0,0,0,,,2025
1672,MSFT,2025-02-01,True,False,0,0,0,0,0,0,0.0,0.0,0.0,0,0,,,2025
1673,AAPL,2020-04-30,True,True,4,64,22,65,36,83,0.0,0.0,0.0,17,36,2020-04-23,2020-05-06,2020
1674,META,2026-01-16,True,False,0,0,0,0,0,0,0.0,0.0,0.0,0,0,,,2026
1675,MSFT,2022-11-17,True,False,0,0,0,0,0,0,0.0,0.0,0.0,0,0,,,2022
1676,NVDA,2025-08-22,True,False,0,0,0,0,0,0,0.0,0.0,0.0,0,0,,,2025
1677,AAPL,2025-08-22,True,False,0,0,0,0,0,0,0.0,0.0,0.0,0,0,,,2025
1678,NVDA,2026-01-24,True,False,0,0,0,0,0,0,0.0,0.0,0.0,0,0,,,2026
1679,NVDA,2025-08-28,True,False,0,0,0,0,0,0,0.0,0.0,0.0,0,0,,,2025
1680,AAPL,2025-10-31,True,False,0,0,0,0,0,0,0.0,0.0,0.0,0,0,,,2025
1681,AMD,2025-02-04,True,False,0,0,0,0,0,0,0.0,0.0,0.0,0,0,,,2025
1682,GOOGL,2025-10-30,True,False,0,0,0,0,0,0,0.0,0.0,0.0,0,0,,,2025
1683,PLTR,2026-04-30,True,False,0,0,0,0,0,0,0.0,0.0,0.0,0,0,,,2026
1684,MSFT,2025-08-01,True,False,0,0,0,0,0,0,0.0,0.0,0.0,0,0,,,2025
1685,AMZN,2026-02-06,True,False,0,0,0,0,0,0,0.0,0.0,0.0,0,0,,,2026
1686,NVDA,2026-02-06,True,False,0,0,0,0,0,0,0.0,0.0,0.0,0,0,,,2026
1687,META,2026-02-06,True,False,0,0,0,0,0,0,0.0,0.0,0.0,0,0,,,2026
1688,MSFT,2026-02-06,True,False,0,0,0,0,0,0,0.0,0.0,0.0,0,0,,,2026
1689,AMZN,2025-07-10,True,False,0,0,0,0,0,0,0.0,0.0,0.0,0,0,,,2025
1690,META,2025-07-10,True,False,0,0,0,0,0,0,0.0,0.0,0.0,0,0,,,2025
1691,AAPL,2023-05-19,True,False,0,0,0,0,0,0,0.0,0.0,0.0,0,0,,,2023
1692,NVDA,2026-03-02,True,False,0,0,0,0,0,0,0.0,0.0,0.0,0,0,,,2026
1693,NVDA,2026-03-02,True,False,0,0,0,0,0,0,0.0,0.0,0.0,0,0,,,2026
1694,NVDA,2026-03-02,True,False,0,0,0,0,0,0,0.0,0.0,0.0,0,0,,,2026
1695,NVDA,2026-03-02,True,False,0,0,0,0,0,0,0.0,0.0,0.0,0,0,,,2026
1696,AMZN,2026-03-02,True,False,0,0,0,0,0,0,0.0,0.0,0.0,0,0,,,2026
1697,MSFT,2026-01-29,True,False,0,0,0,0,0,0,0.0,0.0,0.0,0,0,,,2026
1698,GOOGL,2025-11-25,True,False,0,0,0,0,0,0,0.0,0.0,0.0,0,0,,,2025
1699,GOOGL,2025-11-25,True,False,0,0,0,0,0,0,0.0,0.0,0.0,0,0,,,2025
1700,GOOGL,2025-11-25,True,False,0,0,0,0,0,0,0.0,0.0,0.0,0,0,,,2025
1701,AMZN,2024-06-04,True,False,0,0,0,0,0,0,0.0,0.0,0.0,0,0,,,2024
1702,AMZN,2024-06-04,True,False,0,0,0,0,0,0,0.0,0.0,0.0,0,0,,,2024
1703,NVDA,2026-02-27,True,False,0,0,0,0,0,0,0.0,0.0,0.0,0,0,,,2026
1704,SOFI,2026-03-03,True,False,0,0,0,0,0,0,0.0,0.0,0.0,0,0,,,2026
1705,AMZN,2026-03-14,True,False,0,0,0,0,0,0,0.0,0.0,0.0,0,0,,,2026
1706,AMZN,2026-02-28,True,False,0,0,0,0,0,0,0.0,0.0,0.0,0,0,,,2026
1707,MSFT,2025-08-02,True,False,0,0,0,0,0,0,0.0,0.0,0.0,0,0,,,2025
1708,AAPL,2025-02-22,True,False,0,0,0,0,0,0,0.0,0.0,0.0,0,0,,,2025
1709,AAPL,2025-02-22,True,False,0,0,0,0,0,0,0.0,0.0,0.0,0,0,,,2025
1710,AMZN,2025-02-22,True,False,0,0,0,0,0,0,0.0,0.0,0.0,0,0,,,2025
1711,AMZN,2025-02-22,True,False,0,0,0,0,0,0,0.0,0.0,0.0,0,0,,,2025
1712,AMZN,2025-02-22,True,False,0,0,0,0,0,0,0.0,0.0,0.0,0,0,,,2025
1713,NVDA,2025-02-22,True,False,0,0,0,0,0,0,0.0,0.0,0.0,0,0,,,2025
1714,TSLA,2025-02-22,True,False,0,0,0,0,0,0,0.0,0.0,0.0,0,0,,,2025
1715,NVDA,2026-04-28,True,False,0,0,0,0,0,0,0.0,0.0,0.0,0,0,,,2026
1716,AMD,2026-04-28,True,False,0,0,0,0,0,0,0.0,0.0,0.0,0,0,,,2026
1717,MSFT,2025-10-24,True,False,0,0,0,0,0,0,0.0,0.0,0.0,0,0,,,2025
1718,NVDA,2025-11-29,True,False,0,0,0,0,0,0,0.0,0.0,0.0,0,0,,,2025
1719,TSLA,2025-03-07,True,False,0,0,0,0,0,0,0.0,0.0,0.0,0,0,,,2025
1720,AMD,2026-03-12,True,False,0,0,0,0,0,0,0.0,0.0,0.0,0,0,,,2026
1721,NVDA,2026-03-12,True,False,0,0,0,0,0,0,0.0,0.0,0.0,0,0,,,2026
1722,TSLA,2026-03-12,True,False,0,0,0,0,0,0,0.0,0.0,0.0,0,0,,,2026
1723,NVDA,2026-03-04,True,False,0,0,0,0,0,0,0.0,0.0,0.0,0,0,,,2026
1724,NVDA,2026-03-04,True,False,0,0,0,0,0,0,0.0,0.0,0.0,0,0,,,2026
1725,SOFI,2026-03-04,True,False,0,0,0,0,0,0,0.0,0.0,0.0,0,0,,,2026
1726,META,2026-03-04,True,False,0,0,0,0,0,0,0.0,0.0,0.0,0,0,,,2026
1727,META,2026-03-04,True,False,0,0,0,0,0,0,0.0,0.0,0.0,0,0,,,2026
1728,AAPL,2026-03-04,True,False,0,0,0,0,0,0,0.0,0.0,0.0,0,0,,,2026
1729,DIS,2024-09-23,True,False,0,0,0,0,0,0,0.0,0.0,0.0,0,0,,,2024
1730,DIS,2024-09-23,True,False,0,0,0,0,0,0,0.0,0.0,0.0,0,0,,,2024
1731,SOFI,2026-03-29,True,False,0,0,0,0,0,0,0.0,0.0,0.0,0,0,,,2026
1732,AMD,2026-04-25,True,False,0,0,0,0,0,0,0.0,0.0,0.0,0,0,,,2026
1733,AMZN,2025-11-14,True,False,0,0,0,0,0,0,0.0,0.0,0.0,0,0,,,2025
1734,META,2026-01-28,True,False,0,0,0,0,0,0,0.0,0.0,0.0,0,0,,,2026
1735,META,2026-01-28,True,False,0,0,0,0,0,0,0.0,0.0,0.0,0,0,,,2026
1736,SOFI,2026-05-01,True,False,0,0,0,0,0,0,0.0,0.0,0.0,0,0,,,2026
1737,NVDA,2026-03-04,True,False,0,0,0,0,0,0,0.0,0.0,0.0,0,0,,,2026
1738,NVDA,2026-03-04,True,False,0,0,0,0,0,0,0.0,0.0,0.0,0,0,,,2026
1739,META,2026-03-04,True,False,0,0,0,0,0,0,0.0,0.0,0.0,0,0,,,2026
1740,GOOGL,2025-07-17,True,False,0,0,0,0,0,0,0.0,0.0,0.0,0,0,,,2025
1741,TSLA,2025-07-17,True,False,0,0,0,0,0,0,0.0,0.0,0.0,0,0,,,2025
1742,AAPL,2025-07-17,True,False,0,0,0,0,0,0,0.0,0.0,0.0,0,0,,,2025
1743,MSFT,2025-07-17,True,False,0,0,0,0,0,0,0.0,0.0,0.0,0,0,,,2025
1744,NVDA,2025-07-17,True,False,0,0,0,0,0,0,0.0,0.0,0.0,0,0,,,2025
1745,PYPL,2026-01-16,True,False,0,0,0,0,0,0,0.0,0.0,0.0,0,0,,,2026
1746,MSFT,2026-02-05,True,False,0,0,0,0,0,0,0.0,0.0,0.0,0,0,,,2026
1747,MSFT,2022-10-17,True,False,0,0,0,0,0,0,0.0,0.0,0.0,0,0,,,2022
1748,META,2025-11-21,True,False,0,0,0,0,0,0,0.0,0.0,0.0,0,0,,,2025
1749,META,2025-11-21,True,False,0,0,0,0,0,0,0.0,0.0,0.0,0,0,,,2025
1750,NVDA,2024-11-21,True,False,0,0,0,0,0,0,0.0,0.0,0.0,0,0,,,2024
1751,NVDA,2024-11-21,True,False,0,0,0,0,0,0,0.0,0.0,0.0,0,0,,,2024
1752,NVDA,2024-11-21,True,False,0,0,0,0,0,0,0.0,0.0,0.0,0,0,,,2024
1753,META,2026-02-12,True,False,0,0,0,0,0,0,0.0,0.0,0.0,0,0,,,2026
1754,PYPL,2026-02-17,True,False,0,0,0,0,0,0,0.0,0.0,0.0,0,0,,,2026
1755,MSFT,2023-02-14,True,False,0,0,0,0,0,0,0.0,0.0,0.0,0,0,,,2023
1756,AMZN,2025-04-18,True,False,0,0,0,0,0,0,0.0,0.0,0.0,0,0,,,2025
1757,AMZN,2025-04-18,True,False,0,0,0,0,0,0,0.0,0.0,0.0,0,0,,,2025
1758,SOFI,2026-02-17,True,False,0,0,0,0,0,0,0.0,0.0,0.0,0,0,,,2026
1759,SOFI,2026-05-03,True,False,0,0,0,0,0,0,0.0,0.0,0.0,0,0,,,2026
1760,MSFT,2025-03-28,True,False,0,0,0,0,0,0,0.0,0.0,0.0,0,0,,,2025
1761,HOOD,2026-02-11,True,False,0,0,0,0,0,0,0.0,0.0,0.0,0,0,,,2026
1762,AMZN,2026-02-27,True,False,0,0,0,0,0,0,0.0,0.0,0.0,0,0,,,2026
1763,AMZN,2026-02-27,True,False,0,0,0,0,0,0,0.0,0.0,0.0,0,0,,,2026
1764,AMZN,2026-02-27,True,False,0,0,0,0,0,0,0.0,0.0,0.0,0,0,,,2026
1765,AMZN,2026-02-27,True,False,0,0,0,0,0,0,0.0,0.0,0.0,0,0,,,2026
1766,AAPL,2025-03-07,True,False,0,0,0,0,0,0,0.0,0.0,0.0,0,0,,,2025
1767,TSLA,2025-03-07,True,False,0,0,0,0,0,0,0.0,0.0,0.0,0,0,,,2025
1768,NFLX,2025-03-07,True,False,0,0,0,0,0,0,0.0,0.0,0.0,0,0,,,2025
1769,NVDA,2026-02-26,True,False,0,0,0,0,0,0,0.0,0.0,0.0,0,0,,,2026
1770,SOFI,2026-02-26,True,False,0,0,0,0,0,0,0.0,0.0,0.0,0,0,,,2026
1771,MSFT,2026-02-26,True,False,0,0,0,0,0,0,0.0,0.0,0.0,0,0,,,2026
1772,GOOGL,2025-02-05,True,False,0,0,0,0,0,0,0.0,0.0,0.0,0,0,,,2025
1773,PYPL,2023-09-25,True,False,0,0,0,0,0,0,0.0,0.0,0.0,0,0,,,2023
1774,AMZN,2022-12-09,True,False,0,0,0,0,0,0,0.0,0.0,0.0,0,0,,,2022
1775,SOFI,2026-04-29,True,False,0,0,0,0,0,0,0.0,0.0,0.0,0,0,,,2026
1776,SOFI,2026-04-29,True,False,0,0,0,0,0,0,0.0,0.0,0.0,0,0,,,2026
1777,META,2026-04-29,True,False,0,0,0,0,0,0,0.0,0.0,0.0,0,0,,,2026
1778,NVDA,2026-04-21,True,False,0,0,0,0,0,0,0.0,0.0,0.0,0,0,,,2026
1779,PLTR,2026-04-21,True,False,0,0,0,0,0,0,0.0,0.0,0.0,0,0,,,2026
1780,NVDA,2026-04-21,True,False,0,0,0,0,0,0,0.0,0.0,0.0,0,0,,,2026
1781,TSLA,2026-01-31,True,False,0,0,0,0,0,0,0.0,0.0,0.0,0,0,,,2026
1782,AMD,2025-12-31,True,False,0,0,0,0,0,0,0.0,0.0,0.0,0,0,,,2025
1783,AMZN,2026-04-12,True,False,0,0,0,0,0,0,0.0,0.0,0.0,0,0,,,2026
1784,AMZN,2026-03-16,True,False,0,0,0,0,0,0,0.0,0.0,0.0,0,0,,,2026
1785,AAPL,2026-03-16,True,False,0,0,0,0,0,0,0.0,0.0,0.0,0,0,,,2026
1786,AMD,2026-05-07,True,False,0,0,0,0,0,0,0.0,0.0,0.0,0,0,,,2026
1787,NVDA,2026-05-05,True,False,0,0,0,0,0,0,0.0,0.0,0.0,0,0,,,2026
1788,GOOGL,2026-05-05,True,False,0,0,0,0,0,0,0.0,0.0,0.0,0,0,,,2026
1789,META,2026-05-05,True,False,0,0,0,0,0,0,0.0,0.0,0.0,0,0,,,2026
1790,SHOP,2026-02-18,True,False,0,0,0,0,0,0,0.0,0.0,0.0,0,0,,,2026
1791,AMZN,2026-04-17,True,False,0,0,0,0,0,0,0.0,0.0,0.0,0,0,,,2026
1792,GOOGL,2026-01-12,True,False,0,0,0,0,0,0,0.0,0.0,0.0,0,0,,,2026
1793,UBER,2026-05-09,True,False,0,0,0,0,0,0,0.0,0.0,0.0,0,0,,,2026
1794,PLTR,2026-01-21,True,False,0,0,0,0,0,0,0.0,0.0,0.0,0,0,,,2026
1795,NFLX,2026-01-04,True,False,0,0,0,0,0,0,0.0,0.0,0.0,0,0,,,2026
1796,META,2026-05-09,True,False,0,0,0,0,0,0,0.0,0.0,0.0,0,0,,,2026
1797,META,2026-05-09,True,False,0,0,0,0,0,0,0.0,0.0,0.0,0,0,,,2026
1798,META,2026-05-09,True,False,0,0,0,0,0,0,0.0,0.0,0.0,0,0,,,2026
1799,GOOGL,2023-08-25,True,False,0,0,0,0,0,0,0.0,0.0,0.0,0,0,,,2023
1800,GOOGL,2026-04-30,True,False,0,0,0,0,0,0,0.0,0.0,0.0,0,0,,,2026
1801,PYPL,2026-05-05,True,False,0,0,0,0,0,0,0.0,0.0,0.0,0,0,,,2026
1802,PYPL,2026-05-05,True,False,0,0,0,0,0,0,0.0,0.0,0.0,0,0,,,2026
1803,MSFT,2026-05-05,True,False,0,0,0,0,0,0,0.0,0.0,0.0,0,0,,,2026
1804,SHOP,2026-05-05,True,False,0,0,0,0,0,0,0.0,0.0,0.0,0,0,,,2026
1805,MSFT,2026-04-30,True,False,0,0,0,0,0,0,0.0,0.0,0.0,0,0,,,2026
1806,META,2026-04-29,True,False,0,0,0,0,0,0,0.0,0.0,0.0,0,0,,,2026
1807,GOOGL,2026-04-29,True,False,0,0,0,0,0,0,0.0,0.0,0.0,0,0,,,2026
1808,META,2026-03-13,True,False,0,0,0,0,0,0,0.0,0.0,0.0,0,0,,,2026
1809,SOFI,2026-04-29,True,False,0,0,0,0,0,0,0.0,0.0,0.0,0,0,,,2026
1810,NFLX,2026-04-16,True,False,0,0,0,0,0,0,0.0,0.0,0.0,0,0,,,2026
1811,AMD,2026-05-05,True,False,0,0,0,0,0,0,0.0,0.0,0.0,0,0,,,2026
1812,NVDA,2026-05-05,True,False,0,0,0,0,0,0,0.0,0.0,0.0,0,0,,,2026
1813,GOOGL,2026-05-05,True,False,0,0,0,0,0,0,0.0,0.0,0.0,0,0,,,2026
1814,GOOGL,2026-04-29,True,False,0,0,0,0,0,0,0.0,0.0,0.0,0,0,,,2026
1815,META,2026-03-17,True,False,0,0,0,0,0,0,0.0,0.0,0.0,0,0,,,2026
1816,META,2026-03-17,True,False,0,0,0,0,0,0,0.0,0.0,0.0,0,0,,,2026
1817,META,2026-03-17,True,False,0,0,0,0,0,0,0.0,0.0,0.0,0,0,,,2026
1818,AAPL,2025-06-27,True,False,0,0,0,0,0,0,0.0,0.0,0.0,0,0,,,2025
1819,TSLA,2026-05-04,True,False,0,0,0,0,0,0,0.0,0.0,0.0,0,0,,,2026
1820,GOOGL,2026-02-15,True,False,0,0,0,0,0,0,0.0,0.0,0.0,0,0,,,2026
1821,PLTR,2026-04-10,True,False,0,0,0,0,0,0,0.0,0.0,0.0,0,0,,,2026
1822,META,2026-05-02,True,False,0,0,0,0,0,0,0.0,0.0,0.0,0,0,,,2026
1823,META,2026-05-08,True,False,0,0,0,0,0,0,0.0,0.0,0.0,0,0,,,2026
1824,META,2026-05-08,True,False,0,0,0,0,0,0,0.0,0.0,0.0,0,0,,,2026
1825,META,2026-05-08,True,False,0,0,0,0,0,0,0.0,0.0,0.0,0,0,,,2026
1826,SOFI,2026-05-08,True,False,0,0,0,0,0,0,0.0,0.0,0.0,0,0,,,2026
1827,NFLX,2026-05-08,True,False,0,0,0,0,0,0,0.0,0.0,0.0,0,0,,,2026
1828,NVDA,2026-04-27,True,False,0,0,0,0,0,0,0.0,0.0,0.0,0,0,,,2026
1829,NVDA,2026-04-27,True,False,0,0,0,0,0,0,0.0,0.0,0.0,0,0,,,2026
1830,GOOGL,2026-05-05,True,False,0,0,0,0,0,0,0.0,0.0,0.0,0,0,,,2026
1831,TSLA,2026-03-21,True,False,0,0,0,0,0,0,0.0,0.0,0.0,0,0,,,2026
1832,DIS,2025-04-29,True,False,0,0,0,0,0,0,0.0,0.0,0.0,0,0,,,2025
1833,DIS,2025-04-29,True,False,0,0,0,0,0,0,0.0,0.0,0.0,0,0,,,2025
1834,AMZN,2025-12-31,True,False,0,0,0,0,0,0,0.0,0.0,0.0,0,0,,,2025
1835,AMZN,2026-04-28,True,False,0,0,0,0,0,0,0.0,0.0,0.0,0,0,,,2026
1836,NVDA,2026-04-04,True,False,0,0,0,0,0,0,0.0,0.0,0.0,0,0,,,2026
1837,NVDA,2026-05-11,True,False,0,0,0,0,0,0,0.0,0.0,0.0,0,0,,,2026
1838,AMZN,2026-05-04,True,False,0,0,0,0,0,0,0.0,0.0,0.0,0,0,,,2026
1839,AMD,2026-04-30,True,False,0,0,0,0,0,0,0.0,0.0,0.0,0,0,,,2026
1840,NVDA,2026-04-30,True,False,0,0,0,0,0,0,0.0,0.0,0.0,0,0,,,2026
1841,TSLA,2025-05-14,True,False,0,0,0,0,0,0,0.0,0.0,0.0,0,0,,,2025
1842,NVDA,2025-09-02,True,False,0,0,0,0,0,0,0.0,0.0,0.0,0,0,,,2025
1843,META,2025-06-26,True,False,0,0,0,0,0,0,0.0,0.0,0.0,0,0,,,2025
1844,GOOGL,2025-07-04,True,False,0,0,0,0,0,0,0.0,0.0,0.0,0,0,,,2025
1845,NVDA,2025-08-25,True,False,0,0,0,0,0,0,0.0,0.0,0.0,0,0,,,2025
1846,META,2025-06-07,True,False,0,0,0,0,0,0,0.0,0.0,0.0,0,0,,,2025
1847,TSLA,2021-05-14,True,False,0,0,0,0,0,0,0.0,0.0,0.0,0,0,,,2021
1848,SQ,2020-11-20,True,False,0,0,0,0,0,0,0.0,0.0,0.0,0,0,,,2020
1849,AMZN,2020-07-17,True,False,0,0,0,0,0,0,0.0,0.0,0.0,0,0,,,2020
1850,TSLA,2020-06-22,True,False,0,0,0,0,0,0,0.0,0.0,0.0,0,0,,,2020
1851,TSLA,2020-06-15,True,False,0,0,0,0,0,0,0.0,0.0,0.0,0,0,,,2020
1852,TSLA,2020-06-05,True,False,0,0,0,0,0,0,0.0,0.0,0.0,0,0,,,2020
1853,TSLA,2020-06-01,True,False,0,0,0,0,0,0,0.0,0.0,0.0,0,0,,,2020
1854,TSLA,2020-05-22,True,False,0,0,0,0,0,0,0.0,0.0,0.0,0,0,,,2020
1855,GOOGL,2023-10-27,True,False,0,0,0,0,0,0,0.0,0.0,0.0,0,0,,,2023
1856,NVDA,2024-12-28,True,False,0,0,0,0,0,0,0.0,0.0,0.0,0,0,,,2024
1857,NVDA,2024-12-28,True,False,0,0,0,0,0,0,0.0,0.0,0.0,0,0,,,2024
1858,MSFT,2024-07-14,True,False,0,0,0,0,0,0,0.0,0.0,0.0,0,0,,,2024
1859,META,2026-04-09,True,False,0,0,0,0,0,0,0.0,0.0,0.0,0,0,,,2026
1860,MSFT,2025-10-11,True,False,0,0,0,0,0,0,0.0,0.0,0.0,0,0,,,2025
1861,AMC,2024-05-31,True,False,0,0,0,0,0,0,0.0,0.0,0.0,0,0,,,2024
1862,AMC,2024-05-31,True,False,0,0,0,0,0,0,0.0,0.0,0.0,0,0,,,2024
1863,DIS,2022-11-18,True,False,0,0,0,0,0,0,0.0,0.0,0.0,0,0,,,2022
1864,SHOP,2023-01-08,True,False,0,0,0,0,0,0,0.0,0.0,0.0,0,0,,,2023
1865,AAPL,2023-08-18,True,False,0,0,0,0,0,0,0.0,0.0,0.0,0,0,,,2023
1866,TSLA,2021-08-02,True,False,0,0,0,0,0,0,0.0,0.0,0.0,0,0,,,2021
1867,AMD,2025-11-24,True,False,0,0,0,0,0,0,0.0,0.0,0.0,0,0,,,2025
1868,AMD,2025-11-07,True,False,0,0,0,0,0,0,0.0,0.0,0.0,0,0,,,2025
1869,MSFT,2024-12-04,True,False,0,0,0,0,0,0,0.0,0.0,0.0,0,0,,,2024
1870,NVDA,2023-03-21,True,False,0,0,0,0,0,0,0.0,0.0,0.0,0,0,,,2023
1871,AMZN,2022-11-04,True,False,0,0,0,0,0,0,0.0,0.0,0.0,0,0,,,2022
1872,NVDA,2023-08-30,True,False,0,0,0,0,0,0,0.0,0.0,0.0,0,0,,,2023
1873,MSFT,2023-08-30,True,False,0,0,0,0,0,0,0.0,0.0,0.0,0,0,,,2023
1874,GOOGL,2023-12-18,True,False,0,0,0,0,0,0,0.0,0.0,0.0,0,0,,,2023
1875,GOOGL,2023-12-18,True,False,0,0,0,0,0,0,0.0,0.0,0.0,0,0,,,2023
1876,AMD,2023-12-18,True,False,0,0,0,0,0,0,0.0,0.0,0.0,0,0,,,2023
1877,TSLA,2023-12-18,True,False,0,0,0,0,0,0,0.0,0.0,0.0,0,0,,,2023
1878,TSLA,2022-01-20,True,False,0,0,0,0,0,0,0.0,0.0,0.0,0,0,,,2022
1879,AMZN,2025-01-22,True,False,0,0,0,0,0,0,0.0,0.0,0.0,0,0,,,2025
1880,NVDA,2025-01-22,True,False,0,0,0,0,0,0,0.0,0.0,0.0,0,0,,,2025
1881,NVDA,2025-12-12,True,False,0,0,0,0,0,0,0.0,0.0,0.0,0,0,,,2025
1882,GOOGL,2025-12-31,True,False,0,0,0,0,0,0,0.0,0.0,0.0,0,0,,,2025
1883,META,2026-02-16,True,False,0,0,0,0,0,0,0.0,0.0,0.0,0,0,,,2026
1884,PYPL,2026-02-16,True,False,0,0,0,0,0,0,0.0,0.0,0.0,0,0,,,2026
1885,PYPL,2026-02-16,True,False,0,0,0,0,0,0,0.0,0.0,0.0,0,0,,,2026
1886,PYPL,2026-02-16,True,False,0,0,0,0,0,0,0.0,0.0,0.0,0,0,,,2026
1887,PYPL,2026-02-16,True,False,0,0,0,0,0,0,0.0,0.0,0.0,0,0,,,2026
1888,NVDA,2026-02-16,True,False,0,0,0,0,0,0,0.0,0.0,0.0,0,0,,,2026
1889,MSFT,2026-03-03,True,False,0,0,0,0,0,0,0.0,0.0,0.0,0,0,,,2026
1890,MSFT,2026-03-03,True,False,0,0,0,0,0,0,0.0,0.0,0.0,0,0,,,2026
1891,MSFT,2026-03-26,True,False,0,0,0,0,0,0,0.0,0.0,0.0,0,0,,,2026
1892,SOFI,2026-04-07,True,False,0,0,0,0,0,0,0.0,0.0,0.0,0,0,,,2026
1893,AMD,2026-04-15,True,False,0,0,0,0,0,0,0.0,0.0,0.0,0,0,,,2026
1894,AMD,2026-04-15,True,False,0,0,0,0,0,0,0.0,0.0,0.0,0,0,,,2026
1895,AMD,2026-04-15,True,False,0,0,0,0,0,0,0.0,0.0,0.0,0,0,,,2026
1896,AMD,2026-04-22,True,False,0,0,0,0,0,0,0.0,0.0,0.0,0,0,,,2026
1897,TSLA,2025-02-11,True,False,0,0,0,0,0,0,0.0,0.0,0.0,0,0,,,2025
1898,TSLA,2025-02-11,True,False,0,0,0,0,0,0,0.0,0.0,0.0,0,0,,,2025
1899,TSLA,2025-02-11,True,False,0,0,0,0,0,0,0.0,0.0,0.0,0,0,,,2025
1900,TSLA,2025-02-11,True,False,0,0,0,0,0,0,0.0,0.0,0.0,0,0,,,2025
1901,TSLA,2025-02-11,True,False,0,0,0,0,0,0,0.0,0.0,0.0,0,0,,,2025
1902,GOOGL,2025-10-29,True,False,0,0,0,0,0,0,0.0,0.0,0.0,0,0,,,2025
1903,GOOGL,2025-10-29,True,False,0,0,0,0,0,0,0.0,0.0,0.0,0,0,,,2025
1904,AAPL,2025-10-29,True,False,0,0,0,0,0,0,0.0,0.0,0.0,0,0,,,2025
1905,AAPL,2025-10-29,True,False,0,0,0,0,0,0,0.0,0.0,0.0,0,0,,,2025
1906,AMZN,2026-01-31,True,False,0,0,0,0,0,0,0.0,0.0,0.0,0,0,,,2026
1907,NVDA,2026-03-30,True,False,0,0,0,0,0,0,0.0,0.0,0.0,0,0,,,2026
1908,AMZN,2026-04-22,True,False,0,0,0,0,0,0,0.0,0.0,0.0,0,0,,,2026
1909,AMZN,2026-04-22,True,False,0,0,0,0,0,0,0.0,0.0,0.0,0,0,,,2026
1910,PYPL,2024-10-29,True,False,0,0,0,0,0,0,0.0,0.0,0.0,0,0,,,2024
1911,TSLA,2025-09-01,True,False,0,0,0,0,0,0,0.0,0.0,0.0,0,0,,,2025
1912,TSLA,2025-12-21,True,False,0,0,0,0,0,0,0.0,0.0,0.0,0,0,,,2025
1913,TSLA,2025-12-17,True,False,0,0,0,0,0,0,0.0,0.0,0.0,0,0,,,2025
1914,PYPL,2026-04-30,True,False,0,0,0,0,0,0,0.0,0.0,0.0,0,0,,,2026
1915,GOOGL,2025-11-09,True,False,0,0,0,0,0,0,0.0,0.0,0.0,0,0,,,2025
1916,NVDA,2025-10-30,True,False,0,0,0,0,0,0,0.0,0.0,0.0,0,0,,,2025
1917,NVDA,2025-10-30,True,False,0,0,0,0,0,0,0.0,0.0,0.0,0,0,,,2025
1918,AAPL,2025-10-30,True,False,0,0,0,0,0,0,0.0,0.0,0.0,0,0,,,2025
1919,GOOGL,2025-10-30,True,False,0,0,0,0,0,0,0.0,0.0,0.0,0,0,,,2025
1920,AMZN,2025-10-30,True,False,0,0,0,0,0,0,0.0,0.0,0.0,0,0,,,2025
1921,NVDA,2026-02-26,True,False,0,0,0,0,0,0,0.0,0.0,0.0,0,0,,,2026
1922,NVDA,2026-02-26,True,False,0,0,0,0,0,0,0.0,0.0,0.0,0,0,,,2026
1923,AAPL,2026-04-21,True,False,0,0,0,0,0,0,0.0,0.0,0.0,0,0,,,2026
1924,TSLA,2026-04-23,True,False,0,0,0,0,0,0,0.0,0.0,0.0,0,0,,,2026
1925,TSLA,2024-10-23,True,False,0,0,0,0,0,0,0.0,0.0,0.0,0,0,,,2024
1926,TSLA,2024-10-23,True,False,0,0,0,0,0,0,0.0,0.0,0.0,0,0,,,2024
1927,TSLA,2024-10-23,True,False,0,0,0,0,0,0,0.0,0.0,0.0,0,0,,,2024
1928,TSLA,2024-10-23,True,False,0,0,0,0,0,0,0.0,0.0,0.0,0,0,,,2024
1929,TSLA,2024-10-23,True,False,0,0,0,0,0,0,0.0,0.0,0.0,0,0,,,2024
1930,TSLA,2024-10-23,True,False,0,0,0,0,0,0,0.0,0.0,0.0,0,0,,,2024
1931,NVDA,2024-10-23,True,False,0,0,0,0,0,0,0.0,0.0,0.0,0,0,,,2024
1932,NVDA,2024-10-23,True,False,0,0,0,0,0,0,0.0,0.0,0.0,0,0,,,2024
1933,NVDA,2024-10-23,True,False,0,0,0,0,0,0,0.0,0.0,0.0,0,0,,,2024
1934,AAPL,2024-10-23,True,False,0,0,0,0,0,0,0.0,0.0,0.0,0,0,,,2024
1935,AMD,2024-12-10,True,False,0,0,0,0,0,0,0.0,0.0,0.0,0,0,,,2024
1936,AMD,2024-12-10,True,False,0,0,0,0,0,0,0.0,0.0,0.0,0,0,,,2024
1937,AMD,2024-12-10,True,False,0,0,0,0,0,0,0.0,0.0,0.0,0,0,,,2024
1938,AMD,2024-12-10,True,False,0,0,0,0,0,0,0.0,0.0,0.0,0,0,,,2024
1939,AMD,2024-12-10,True,False,0,0,0,0,0,0,0.0,0.0,0.0,0,0,,,2024
1940,SHOP,2024-12-10,True,False,0,0,0,0,0,0,0.0,0.0,0.0,0,0,,,2024
1941,TSLA,2024-12-10,True,False,0,0,0,0,0,0,0.0,0.0,0.0,0,0,,,2024
1942,PYPL,2024-12-10,True,False,0,0,0,0,0,0,0.0,0.0,0.0,0,0,,,2024
1943,COIN,2025-11-05,True,False,0,0,0,0,0,0,0.0,0.0,0.0,0,0,,,2025
1944,UBER,2025-11-06,True,False,0,0,0,0,0,0,0.0,0.0,0.0,0,0,,,2025
1945,SOFI,2026-02-27,True,False,0,0,0,0,0,0,0.0,0.0,0.0,0,0,,,2026
1946,AAPL,2026-04-10,True,False,0,0,0,0,0,0,0.0,0.0,0.0,0,0,,,2026
1947,AMD,2025-10-04,True,False,0,0,0,0,0,0,0.0,0.0,0.0,0,0,,,2025
1948,TSLA,2024-10-28,True,False,0,0,0,0,0,0,0.0,0.0,0.0,0,0,,,2024
1949,TSLA,2024-07-30,True,False,0,0,0,0,0,0,0.0,0.0,0.0,0,0,,,2024
1950,MSFT,2024-07-30,True,False,0,0,0,0,0,0,0.0,0.0,0.0,0,0,,,2024
1951,META,2026-01-01,True,False,0,0,0,0,0,0,0.0,0.0,0.0,0,0,,,2026
1952,TSLA,2026-01-15,True,False,0,0,0,0,0,0,0.0,0.0,0.0,0,0,,,2026
1953,TSLA,2024-07-06,True,False,0,0,0,0,0,0,0.0,0.0,0.0,0,0,,,2024
1954,TSLA,2024-07-06,True,False,0,0,0,0,0,0,0.0,0.0,0.0,0,0,,,2024
1955,AAPL,2024-08-24,True,False,0,0,0,0,0,0,0.0,0.0,0.0,0,0,,,2024
1956,AAPL,2024-08-24,True,False,0,0,0,0,0,0,0.0,0.0,0.0,0,0,,,2024
1957,AAPL,2024-08-24,True,False,0,0,0,0,0,0,0.0,0.0,0.0,0,0,,,2024
1958,AAPL,2024-08-24,True,False,0,0,0,0,0,0,0.0,0.0,0.0,0,0,,,2024
1959,AAPL,2024-08-24,True,False,0,0,0,0,0,0,0.0,0.0,0.0,0,0,,,2024
1960,TSLA,2026-02-25,True,False,0,0,0,0,0,0,0.0,0.0,0.0,0,0,,,2026
1961,TSLA,2026-01-30,True,False,0,0,0,0,0,0,0.0,0.0,0.0,0,0,,,2026
1962,NVDA,2024-09-05,True,False,0,0,0,0,0,0,0.0,0.0,0.0,0,0,,,2024
1963,AAPL,2024-12-29,True,False,0,0,0,0,0,0,0.0,0.0,0.0,0,0,,,2024
1964,TSLA,2026-01-28,True,False,0,0,0,0,0,0,0.0,0.0,0.0,0,0,,,2026
1965,NVDA,2026-01-28,True,False,0,0,0,0,0,0,0.0,0.0,0.0,0,0,,,2026
1966,AAPL,2026-01-28,True,False,0,0,0,0,0,0,0.0,0.0,0.0,0,0,,,2026
1967,META,2026-01-28,True,False,0,0,0,0,0,0,0.0,0.0,0.0,0,0,,,2026
1968,TSLA,2024-07-27,True,False,0,0,0,0,0,0,0.0,0.0,0.0,0,0,,,2024
1969,TSLA,2024-07-27,True,False,0,0,0,0,0,0,0.0,0.0,0.0,0,0,,,2024
1970,GOOGL,2024-07-27,True,False,0,0,0,0,0,0,0.0,0.0,0.0,0,0,,,2024
1971,NVDA,2024-07-12,True,False,0,0,0,0,0,0,0.0,0.0,0.0,0,0,,,2024
1972,NVDA,2024-07-12,True,False,0,0,0,0,0,0,0.0,0.0,0.0,0,0,,,2024
1973,NVDA,2024-07-12,True,False,0,0,0,0,0,0,0.0,0.0,0.0,0,0,,,2024
1974,AMD,2024-07-12,True,False,0,0,0,0,0,0,0.0,0.0,0.0,0,0,,,2024
1975,AMD,2024-03-09,True,False,0,0,0,0,0,0,0.0,0.0,0.0,0,0,,,2024
1976,NVDA,2024-03-09,True,False,0,0,0,0,0,0,0.0,0.0,0.0,0,0,,,2024
1977,AMD,2024-01-22,True,False,0,0,0,0,0,0,0.0,0.0,0.0,0,0,,,2024
1978,AMD,2024-01-22,True,False,0,0,0,0,0,0,0.0,0.0,0.0,0,0,,,2024
1979,AMD,2024-01-22,True,False,0,0,0,0,0,0,0.0,0.0,0.0,0,0,,,2024
1980,NVDA,2024-01-22,True,False,0,0,0,0,0,0,0.0,0.0,0.0,0,0,,,2024
1981,NVDA,2024-01-22,True,False,0,0,0,0,0,0,0.0,0.0,0.0,0,0,,,2024
1982,TSLA,2024-01-29,True,False,0,0,0,0,0,0,0.0,0.0,0.0,0,0,,,2024
1983,TSLA,2024-01-29,True,False,0,0,0,0,0,0,0.0,0.0,0.0,0,0,,,2024
1984,TSLA,2024-01-29,True,False,0,0,0,0,0,0,0.0,0.0,0.0,0,0,,,2024
1985,TSLA,2024-01-29,True,False,0,0,0,0,0,0,0.0,0.0,0.0,0,0,,,2024
1986,TSLA,2024-01-29,True,False,0,0,0,0,0,0,0.0,0.0,0.0,0,0,,,2024
1987,TSLA,2024-01-29,True,False,0,0,0,0,0,0,0.0,0.0,0.0,0,0,,,2024
1988,TSLA,2024-01-29,True,False,0,0,0,0,0,0,0.0,0.0,0.0,0,0,,,2024
1989,TSLA,2024-01-29,True,False,0,0,0,0,0,0,0.0,0.0,0.0,0,0,,,2024
1990,TSLA,2024-01-29,True,False,0,0,0,0,0,0,0.0,0.0,0.0,0,0,,,2024
1991,TSLA,2022-10-25,True,False,0,0,0,0,0,0,0.0,0.0,0.0,0,0,,,2022
1992,TSLA,2022-10-25,True,False,0,0,0,0,0,0,0.0,0.0,0.0,0,0,,,2022
1993,TSLA,2026-01-12,True,False,0,0,0,0,0,0,0.0,0.0,0.0,0,0,,,2026
1994,GOOGL,2024-01-31,True,False,0,0,0,0,0,0,0.0,0.0,0.0,0,0,,,2024
1995,MSFT,2024-01-31,True,False,0,0,0,0,0,0,0.0,0.0,0.0,0,0,,,2024
1996,DIS,2024-01-31,True,False,0,0,0,0,0,0,0.0,0.0,0.0,0,0,,,2024
1997,TSLA,2023-12-21,True,False,0,0,0,0,0,0,0.0,0.0,0.0,0,0,,,2023
1998,NVDA,2024-02-22,True,False,0,0,0,0,0,0,0.0,0.0,0.0,0,0,,,2024
1999,NVDA,2024-02-22,True,False,0,0,0,0,0,0,0.0,0.0,0.0,0,0,,,2024
2000,TSLA,2026-04-05,True,False,0,0,0,0,0,0,0.0,0.0,0.0,0,0,,,2026
2001,MSFT,2024-08-06,True,False,0,0,0,0,0,0,0.0,0.0,0.0,0,0,,,2024
2002,MSFT,2024-08-06,True,False,0,0,0,0,0,0,0.0,0.0,0.0,0,0,,,2024
2003,NVDA,2024-08-06,True,False,0,0,0,0,0,0,0.0,0.0,0.0,0,0,,,2024
2004,NVDA,2024-08-06,True,False,0,0,0,0,0,0,0.0,0.0,0.0,0,0,,,2024
2005,NVDA,2024-08-06,True,False,0,0,0,0,0,0,0.0,0.0,0.0,0,0,,,2024
2006,GOOGL,2024-08-06,True,False,0,0,0,0,0,0,0.0,0.0,0.0,0,0,,,2024
2007,TSLA,2023-11-28,True,False,0,0,0,0,0,0,0.0,0.0,0.0,0,0,,,2023
2008,TSLA,2026-04-03,True,False,0,0,0,0,0,0,0.0,0.0,0.0,0,0,,,2026
2009,NVDA,2024-11-09,True,False,0,0,0,0,0,0,0.0,0.0,0.0,0,0,,,2024
2010,TSLA,2023-12-14,True,False,0,0,0,0,0,0,0.0,0.0,0.0,0,0,,,2023
2011,TSLA,2022-12-15,True,False,0,0,0,0,0,0,0.0,0.0,0.0,0,0,,,2022
2012,TSLA,2022-12-15,True,False,0,0,0,0,0,0,0.0,0.0,0.0,0,0,,,2022
2013,TSLA,2022-12-15,True,False,0,0,0,0,0,0,0.0,0.0,0.0,0,0,,,2022
2014,TSLA,2022-12-15,True,False,0,0,0,0,0,0,0.0,0.0,0.0,0,0,,,2022
2015,TSLA,2022-12-15,True,False,0,0,0,0,0,0,0.0,0.0,0.0,0,0,,,2022
2016,TSLA,2022-12-15,True,False,0,0,0,0,0,0,0.0,0.0,0.0,0,0,,,2022
2017,TSLA,2022-12-15,True,False,0,0,0,0,0,0,0.0,0.0,0.0,0,0,,,2022
2018,TSLA,2022-12-15,True,False,0,0,0,0,0,0,0.0,0.0,0.0,0,0,,,2022
2019,TSLA,2022-12-15,True,False,0,0,0,0,0,0,0.0,0.0,0.0,0,0,,,2022
2020,TSLA,2022-12-15,True,False,0,0,0,0,0,0,0.0,0.0,0.0,0,0,,,2022
2021,NVDA,2024-05-20,True,False,0,0,0,0,0,0,0.0,0.0,0.0,0,0,,,2024
2022,TSLA,2024-02-14,True,False,0,0,0,0,0,0,0.0,0.0,0.0,0,0,,,2024
2023,AAPL,2024-03-08,True,False,0,0,0,0,0,0,0.0,0.0,0.0,0,0,,,2024
2024,AAPL,2024-03-08,True,False,0,0,0,0,0,0,0.0,0.0,0.0,0,0,,,2024
2025,TSLA,2026-02-28,True,False,0,0,0,0,0,0,0.0,0.0,0.0,0,0,,,2026
2026,TSLA,2024-01-16,True,False,0,0,0,0,0,0,0.0,0.0,0.0,0,0,,,2024
2027,AAPL,2024-01-16,True,False,0,0,0,0,0,0,0.0,0.0,0.0,0,0,,,2024
2028,TSLA,2024-04-18,True,False,0,0,0,0,0,0,0.0,0.0,0.0,0,0,,,2024
2029,AMC,2023-08-11,True,False,0,0,0,0,0,0,0.0,0.0,0.0,0,0,,,2023
2030,AMC,2023-08-11,True,False,0,0,0,0,0,0,0.0,0.0,0.0,0,0,,,2023
2031,AMC,2023-08-11,True,False,0,0,0,0,0,0,0.0,0.0,0.0,0,0,,,2023
2032,AMC,2023-08-11,True,False,0,0,0,0,0,0,0.0,0.0,0.0,0,0,,,2023
2033,AMC,2023-08-11,True,False,0,0,0,0,0,0,0.0,0.0,0.0,0,0,,,2023
2034,AMC,2023-08-11,True,False,0,0,0,0,0,0,0.0,0.0,0.0,0,0,,,2023
2035,AMC,2023-08-11,True,False,0,0,0,0,0,0,0.0,0.0,0.0,0,0,,,2023
2036,AMC,2023-08-11,True,False,0,0,0,0,0,0,0.0,0.0,0.0,0,0,,,2023
2037,TSLA,2024-04-23,True,False,0,0,0,0,0,0,0.0,0.0,0.0,0,0,,,2024
2038,TSLA,2024-04-23,True,False,0,0,0,0,0,0,0.0,0.0,0.0,0,0,,,2024
2039,TSLA,2024-04-23,True,False,0,0,0,0,0,0,0.0,0.0,0.0,0,0,,,2024
2040,TSLA,2024-04-23,True,False,0,0,0,0,0,0,0.0,0.0,0.0,0,0,,,2024
2041,TSLA,2024-04-23,True,False,0,0,0,0,0,0,0.0,0.0,0.0,0,0,,,2024
2042,TSLA,2024-04-23,True,False,0,0,0,0,0,0,0.0,0.0,0.0,0,0,,,2024
2043,AMC,2023-08-22,True,False,0,0,0,0,0,0,0.0,0.0,0.0,0,0,,,2023
2044,TSLA,2024-04-25,True,False,0,0,0,0,0,0,0.0,0.0,0.0,0,0,,,2024
2045,AMC,2023-08-24,True,False,0,0,0,0,0,0,0.0,0.0,0.0,0,0,,,2023
2046,AMC,2023-08-24,True,False,0,0,0,0,0,0,0.0,0.0,0.0,0,0,,,2023
2047,AMC,2023-08-24,True,False,0,0,0,0,0,0,0.0,0.0,0.0,0,0,,,2023
2048,AMC,2023-08-24,True,False,0,0,0,0,0,0,0.0,0.0,0.0,0,0,,,2023
2049,AMC,2023-08-24,True,False,0,0,0,0,0,0,0.0,0.0,0.0,0,0,,,2023
2050,AMC,2023-08-24,True,False,0,0,0,0,0,0,0.0,0.0,0.0,0,0,,,2023
2051,AMC,2023-08-24,True,False,0,0,0,0,0,0,0.0,0.0,0.0,0,0,,,2023
2052,AMZN,2024-10-28,True,False,0,0,0,0,0,0,0.0,0.0,0.0,0,0,,,2024
2053,AMZN,2024-10-28,True,False,0,0,0,0,0,0,0.0,0.0,0.0,0,0,,,2024
2054,TSLA,2024-10-28,True,False,0,0,0,0,0,0,0.0,0.0,0.0,0,0,,,2024
2055,TSLA,2023-09-11,True,False,0,0,0,0,0,0,0.0,0.0,0.0,0,0,,,2023
2056,TSLA,2024-02-13,True,False,0,0,0,0,0,0,0.0,0.0,0.0,0,0,,,2024
2057,TSLA,2024-02-13,True,False,0,0,0,0,0,0,0.0,0.0,0.0,0,0,,,2024
2058,TSLA,2024-02-13,True,False,0,0,0,0,0,0,0.0,0.0,0.0,0,0,,,2024
2059,TSLA,2024-02-13,True,False,0,0,0,0,0,0,0.0,0.0,0.0,0,0,,,2024
2060,TSLA,2024-02-13,True,False,0,0,0,0,0,0,0.0,0.0,0.0,0,0,,,2024
2061,TSLA,2024-02-13,True,False,0,0,0,0,0,0,0.0,0.0,0.0,0,0,,,2024
2062,TSLA,2024-02-13,True,False,0,0,0,0,0,0,0.0,0.0,0.0,0,0,,,2024
2063,TSLA,2024-02-13,True,False,0,0,0,0,0,0,0.0,0.0,0.0,0,0,,,2024
2064,TSLA,2024-02-13,True,False,0,0,0,0,0,0,0.0,0.0,0.0,0,0,,,2024
2065,TSLA,2024-02-13,True,False,0,0,0,0,0,0,0.0,0.0,0.0,0,0,,,2024
2066,TSLA,2024-02-13,True,False,0,0,0,0,0,0,0.0,0.0,0.0,0,0,,,2024
2067,TSLA,2024-02-13,True,False,0,0,0,0,0,0,0.0,0.0,0.0,0,0,,,2024
2068,TSLA,2024-02-13,True,False,0,0,0,0,0,0,0.0,0.0,0.0,0,0,,,2024
2069,AAPL,2024-02-13,True,False,0,0,0,0,0,0,0.0,0.0,0.0,0,0,,,2024
2070,AAPL,2024-02-13,True,False,0,0,0,0,0,0,0.0,0.0,0.0,0,0,,,2024
2071,AAPL,2024-02-13,True,False,0,0,0,0,0,0,0.0,0.0,0.0,0,0,,,2024
2072,AAPL,2024-02-13,True,False,0,0,0,0,0,0,0.0,0.0,0.0,0,0,,,2024
2073,AAPL,2024-02-13,True,False,0,0,0,0,0,0,0.0,0.0,0.0,0,0,,,2024
2074,MSFT,2024-02-13,True,False,0,0,0,0,0,0,0.0,0.0,0.0,0,0,,,2024
2075,NVDA,2024-02-13,True,False,0,0,0,0,0,0,0.0,0.0,0.0,0,0,,,2024
2076,TSLA,2024-12-16,True,False,0,0,0,0,0,0,0.0,0.0,0.0,0,0,,,2024
2077,AMD,2025-06-13,True,False,0,0,0,0,0,0,0.0,0.0,0.0,0,0,,,2025
2078,AMD,2025-06-13,True,False,0,0,0,0,0,0,0.0,0.0,0.0,0,0,,,2025
2079,AMD,2025-06-13,True,False,0,0,0,0,0,0,0.0,0.0,0.0,0,0,,,2025
2080,AMD,2025-07-29,True,False,0,0,0,0,0,0,0.0,0.0,0.0,0,0,,,2025
2081,SOFI,2025-07-29,True,False,0,0,0,0,0,0,0.0,0.0,0.0,0,0,,,2025
2082,AAPL,2025-07-29,True,False,0,0,0,0,0,0,0.0,0.0,0.0,0,0,,,2025
2083,AAPL,2024-05-06,True,False,0,0,0,0,0,0,0.0,0.0,0.0,0,0,,,2024
2084,AAPL,2024-05-06,True,False,0,0,0,0,0,0,0.0,0.0,0.0,0,0,,,2024
2085,AAPL,2024-05-06,True,False,0,0,0,0,0,0,0.0,0.0,0.0,0,0,,,2024
2086,AAPL,2024-05-06,True,False,0,0,0,0,0,0,0.0,0.0,0.0,0,0,,,2024
2087,DIS,2023-03-07,True,False,0,0,0,0,0,0,0.0,0.0,0.0,0,0,,,2023
2088,MSFT,2023-03-07,True,False,0,0,0,0,0,0,0.0,0.0,0.0,0,0,,,2023
2089,AMZN,2023-03-07,True,False,0,0,0,0,0,0,0.0,0.0,0.0,0,0,,,2023
2090,GOOGL,2023-03-07,True,False,0,0,0,0,0,0,0.0,0.0,0.0,0,0,,,2023
2091,AMD,2025-08-06,True,False,0,0,0,0,0,0,0.0,0.0,0.0,0,0,,,2025
2092,NVDA,2025-08-06,True,False,0,0,0,0,0,0,0.0,0.0,0.0,0,0,,,2025
2093,AAPL,2024-08-06,True,False,0,0,0,0,0,0,0.0,0.0,0.0,0,0,,,2024
2094,AAPL,2024-08-06,True,False,0,0,0,0,0,0,0.0,0.0,0.0,0,0,,,2024
2095,AAPL,2024-08-06,True,False,0,0,0,0,0,0,0.0,0.0,0.0,0,0,,,2024
2096,MSFT,2024-02-03,True,False,0,0,0,0,0,0,0.0,0.0,0.0,0,0,,,2024
2097,AMD,2025-10-20,True,False,0,0,0,0,0,0,0.0,0.0,0.0,0,0,,,2025
2098,AMZN,2025-10-20,True,False,0,0,0,0,0,0,0.0,0.0,0.0,0,0,,,2025
2099,NVDA,2025-10-20,True,False,0,0,0,0,0,0,0.0,0.0,0.0,0,0,,,2025
2100,AAPL,2024-05-27,True,False,0,0,0,0,0,0,0.0,0.0,0.0,0,0,,,2024
2101,MSFT,2023-05-26,True,False,0,0,0,0,0,0,0.0,0.0,0.0,0,0,,,2023
2102,AMZN,2023-05-26,True,False,0,0,0,0,0,0,0.0,0.0,0.0,0,0,,,2023
2103,AMZN,2023-05-26,True,False,0,0,0,0,0,0,0.0,0.0,0.0,0,0,,,2023
2104,GOOGL,2023-05-26,True,False,0,0,0,0,0,0,0.0,0.0,0.0,0,0,,,2023
2105,AMD,2025-11-25,True,False,0,0,0,0,0,0,0.0,0.0,0.0,0,0,,,2025
2106,AMD,2025-11-25,True,False,0,0,0,0,0,0,0.0,0.0,0.0,0,0,,,2025
2107,AMD,2025-11-25,True,False,0,0,0,0,0,0,0.0,0.0,0.0,0,0,,,2025
2108,AMD,2025-11-25,True,False,0,0,0,0,0,0,0.0,0.0,0.0,0,0,,,2025
2109,AMD,2025-11-25,True,False,0,0,0,0,0,0,0.0,0.0,0.0,0,0,,,2025
2110,GOOGL,2025-11-25,True,False,0,0,0,0,0,0,0.0,0.0,0.0,0,0,,,2025
2111,GOOGL,2025-11-25,True,False,0,0,0,0,0,0,0.0,0.0,0.0,0,0,,,2025
2112,META,2025-11-25,True,False,0,0,0,0,0,0,0.0,0.0,0.0,0,0,,,2025
2113,META,2025-11-25,True,False,0,0,0,0,0,0,0.0,0.0,0.0,0,0,,,2025
2114,AMD,2025-12-09,True,False,0,0,0,0,0,0,0.0,0.0,0.0,0,0,,,2025
2115,AMD,2025-12-09,True,False,0,0,0,0,0,0,0.0,0.0,0.0,0,0,,,2025
2116,NFLX,2025-12-09,True,False,0,0,0,0,0,0,0.0,0.0,0.0,0,0,,,2025
2117,NVDA,2025-12-09,True,False,0,0,0,0,0,0,0.0,0.0,0.0,0,0,,,2025
2118,NVDA,2025-12-09,True,False,0,0,0,0,0,0,0.0,0.0,0.0,0,0,,,2025
2119,TSLA,2021-12-05,True,False,0,0,0,0,0,0,0.0,0.0,0.0,0,0,,,2021
2120,TSLA,2021-12-05,True,False,0,0,0,0,0,0,0.0,0.0,0.0,0,0,,,2021
2121,TSLA,2021-12-05,True,False,0,0,0,0,0,0,0.0,0.0,0.0,0,0,,,2021
2122,TSLA,2021-12-05,True,False,0,0,0,0,0,0,0.0,0.0,0.0,0,0,,,2021
2123,TSLA,2021-12-05,True,False,0,0,0,0,0,0,0.0,0.0,0.0,0,0,,,2021
2124,TSLA,2021-12-05,True,False,0,0,0,0,0,0,0.0,0.0,0.0,0,0,,,2021
2125,TSLA,2021-12-05,True,False,0,0,0,0,0,0,0.0,0.0,0.0,0,0,,,2021
2126,AMD,2025-12-11,True,False,0,0,0,0,0,0,0.0,0.0,0.0,0,0,,,2025
2127,AMD,2025-12-11,True,False,0,0,0,0,0,0,0.0,0.0,0.0,0,0,,,2025
2128,AAPL,2023-11-18,True,False,0,0,0,0,0,0,0.0,0.0,0.0,0,0,,,2023
2129,NVDA,2024-03-17,True,False,0,0,0,0,0,0,0.0,0.0,0.0,0,0,,,2024
2130,TSLA,2024-03-17,True,False,0,0,0,0,0,0,0.0,0.0,0.0,0,0,,,2024
2131,TSLA,2024-03-17,True,False,0,0,0,0,0,0,0.0,0.0,0.0,0,0,,,2024
2132,AAPL,2023-09-13,True,False,0,0,0,0,0,0,0.0,0.0,0.0,0,0,,,2023
2133,AAPL,2023-09-13,True,False,0,0,0,0,0,0,0.0,0.0,0.0,0,0,,,2023
2134,AAPL,2023-09-13,True,False,0,0,0,0,0,0,0.0,0.0,0.0,0,0,,,2023
2135,AAPL,2023-09-13,True,False,0,0,0,0,0,0,0.0,0.0,0.0,0,0,,,2023
2136,AAPL,2023-09-13,True,False,0,0,0,0,0,0,0.0,0.0,0.0,0,0,,,2023
2137,AAPL,2023-09-13,True,False,0,0,0,0,0,0,0.0,0.0,0.0,0,0,,,2023
2138,AAPL,2023-09-13,True,False,0,0,0,0,0,0,0.0,0.0,0.0,0,0,,,2023
2139,NVDA,2024-02-21,True,False,0,0,0,0,0,0,0.0,0.0,0.0,0,0,,,2024
2140,MSFT,2023-11-08,True,False,0,0,0,0,0,0,0.0,0.0,0.0,0,0,,,2023
2141,MSFT,2023-11-08,True,False,0,0,0,0,0,0,0.0,0.0,0.0,0,0,,,2023
2142,NVDA,2026-05-06,True,False,0,0,0,0,0,0,0.0,0.0,0.0,0,0,,,2026
2143,NVDA,2026-05-06,True,False,0,0,0,0,0,0,0.0,0.0,0.0,0,0,,,2026
2144,UBER,2025-09-12,True,False,0,0,0,0,0,0,0.0,0.0,0.0,0,0,,,2025
2145,NVDA,2024-02-26,True,False,0,0,0,0,0,0,0.0,0.0,0.0,0,0,,,2024
2146,NVDA,2024-02-26,True,False,0,0,0,0,0,0,0.0,0.0,0.0,0,0,,,2024
2147,AMD,2024-02-26,True,False,0,0,0,0,0,0,0.0,0.0,0.0,0,0,,,2024
2148,AMD,2024-02-26,True,False,0,0,0,0,0,0,0.0,0.0,0.0,0,0,,,2024
2149,AMD,2024-02-26,True,False,0,0,0,0,0,0,0.0,0.0,0.0,0,0,,,2024
2150,AAPL,2023-04-14,True,False,0,0,0,0,0,0,0.0,0.0,0.0,0,0,,,2023
2151,AMZN,2023-04-14,True,False,0,0,0,0,0,0,0.0,0.0,0.0,0,0,,,2023
2152,NFLX,2022-10-19,True,False,0,0,0,0,0,0,0.0,0.0,0.0,0,0,,,2022
2153,NFLX,2022-10-19,True,False,0,0,0,0,0,0,0.0,0.0,0.0,0,0,,,2022
2154,NVDA,2024-03-05,True,False,0,0,0,0,0,0,0.0,0.0,0.0,0,0,,,2024
2155,NVDA,2024-03-22,True,False,0,0,0,0,0,0,0.0,0.0,0.0,0,0,,,2024
2156,AAPL,2023-08-08,True,False,0,0,0,0,0,0,0.0,0.0,0.0,0,0,,,2023
2157,AMD,2022-11-02,True,False,0,0,0,0,0,0,0.0,0.0,0.0,0,0,,,2022
2158,AMD,2022-11-02,True,False,0,0,0,0,0,0,0.0,0.0,0.0,0,0,,,2022
2159,GOOGL,2025-11-26,True,False,0,0,0,0,0,0,0.0,0.0,0.0,0,0,,,2025
2160,DIS,2023-11-30,True,False,0,0,0,0,0,0,0.0,0.0,0.0,0,0,,,2023
2161,DIS,2023-11-30,True,False,0,0,0,0,0,0,0.0,0.0,0.0,0,0,,,2023
2162,TSLA,2023-11-30,True,False,0,0,0,0,0,0,0.0,0.0,0.0,0,0,,,2023
2163,NVDA,2023-08-25,True,False,0,0,0,0,0,0,0.0,0.0,0.0,0,0,,,2023
2164,NVDA,2023-08-25,True,False,0,0,0,0,0,0,0.0,0.0,0.0,0,0,,,2023
2165,DIS,2023-08-25,True,False,0,0,0,0,0,0,0.0,0.0,0.0,0,0,,,2023
2166,TSLA,2022-11-14,True,False,0,0,0,0,0,0,0.0,0.0,0.0,0,0,,,2022
2167,TSLA,2022-11-14,True,False,0,0,0,0,0,0,0.0,0.0,0.0,0,0,,,2022
2168,TSLA,2022-11-14,True,False,0,0,0,0,0,0,0.0,0.0,0.0,0,0,,,2022
2169,NVDA,2024-08-28,True,False,0,0,0,0,0,0,0.0,0.0,0.0,0,0,,,2024
2170,TSLA,2023-04-20,True,False,0,0,0,0,0,0,0.0,0.0,0.0,0,0,,,2023
2171,TSLA,2023-04-20,True,False,0,0,0,0,0,0,0.0,0.0,0.0,0,0,,,2023
2172,META,2026-05-01,True,False,0,0,0,0,0,0,0.0,0.0,0.0,0,0,,,2026
2173,GOOGL,2023-05-12,True,False,0,0,0,0,0,0,0.0,0.0,0.0,0,0,,,2023
2174,TSLA,2022-12-15,True,False,0,0,0,0,0,0,0.0,0.0,0.0,0,0,,,2022
2175,TSLA,2022-12-15,True,False,0,0,0,0,0,0,0.0,0.0,0.0,0,0,,,2022
2176,TSLA,2022-12-15,True,False,0,0,0,0,0,0,0.0,0.0,0.0,0,0,,,2022
2177,TSLA,2024-12-19,True,False,0,0,0,0,0,0,0.0,0.0,0.0,0,0,,,2024
2178,AAPL,2023-09-07,True,False,0,0,0,0,0,0,0.0,0.0,0.0,0,0,,,2023
2179,AAPL,2023-09-07,True,False,0,0,0,0,0,0,0.0,0.0,0.0,0,0,,,2023
2180,UBER,2025-07-08,True,False,0,0,0,0,0,0,0.0,0.0,0.0,0,0,,,2025
2181,GOOGL,2024-08-06,True,False,0,0,0,0,0,0,0.0,0.0,0.0,0,0,,,2024
2182,NVDA,2023-08-27,True,False,0,0,0,0,0,0,0.0,0.0,0.0,0,0,,,2023
2183,GOOGL,2023-02-28,True,False,0,0,0,0,0,0,0.0,0.0,0.0,0,0,,,2023
2184,NVDA,2025-07-21,True,False,0,0,0,0,0,0,0.0,0.0,0.0,0,0,,,2025
2185,NVDA,2024-08-22,True,False,0,0,0,0,0,0,0.0,0.0,0.0,0,0,,,2024
2186,NVDA,2024-08-22,True,False,0,0,0,0,0,0,0.0,0.0,0.0,0,0,,,2024
2187,NVDA,2024-08-22,True,False,0,0,0,0,0,0,0.0,0.0,0.0,0,0,,,2024
2188,AMZN,2024-08-22,True,False,0,0,0,0,0,0,0.0,0.0,0.0,0,0,,,2024
2189,AMZN,2022-09-12,True,False,0,0,0,0,0,0,0.0,0.0,0.0,0,0,,,2022
2190,GOOGL,2022-09-12,True,False,0,0,0,0,0,0,0.0,0.0,0.0,0,0,,,2022
2191,NVDA,2024-08-25,True,False,0,0,0,0,0,0,0.0,0.0,0.0,0,0,,,2024
2192,NVDA,2024-06-07,True,False,0,0,0,0,0,0,0.0,0.0,0.0,0,0,,,2024
2193,NVDA,2024-06-07,True,False,0,0,0,0,0,0,0.0,0.0,0.0,0,0,,,2024
2194,NVDA,2024-06-07,True,False,0,0,0,0,0,0,0.0,0.0,0.0,0,0,,,2024
2195,TSLA,2020-02-21,True,False,0,0,0,0,0,0,0.0,0.0,0.0,0,0,,,2020
2196,TSLA,2020-02-21,True,False,0,0,0,0,0,0,0.0,0.0,0.0,0,0,,,2020
2197,MSFT,2023-05-21,True,False,0,0,0,0,0,0,0.0,0.0,0.0,0,0,,,2023
2198,DIS,2022-12-01,True,False,0,0,0,0,0,0,0.0,0.0,0.0,0,0,,,2022
2199,AMZN,2022-12-01,True,False,0,0,0,0,0,0,0.0,0.0,0.0,0,0,,,2022
2200,MSFT,2022-12-01,True,False,0,0,0,0,0,0,0.0,0.0,0.0,0,0,,,2022
2201,AAPL,2022-11-18,True,False,0,0,0,0,0,0,0.0,0.0,0.0,0,0,,,2022
2202,AAPL,2022-11-18,True,False,0,0,0,0,0,0,0.0,0.0,0.0,0,0,,,2022
2203,NFLX,2022-11-18,True,False,0,0,0,0,0,0,0.0,0.0,0.0,0,0,,,2022
2204,TSLA,2024-05-07,True,False,0,0,0,0,0,0,0.0,0.0,0.0,0,0,,,2024
2205,SMCI,2024-03-04,True,False,0,0,0,0,0,0,0.0,0.0,0.0,0,0,,,2024
2206,TSLA,2023-12-28,True,False,0,0,0,0,0,0,0.0,0.0,0.0,0,0,,,2023
2207,NVDA,2023-12-28,True,False,0,0,0,0,0,0,0.0,0.0,0.0,0,0,,,2023
2208,MSFT,2023-12-28,True,False,0,0,0,0,0,0,0.0,0.0,0.0,0,0,,,2023
2209,GOOGL,2023-12-28,True,False,0,0,0,0,0,0,0.0,0.0,0.0,0,0,,,2023
2210,TSLA,2024-04-04,True,False,0,0,0,0,0,0,0.0,0.0,0.0,0,0,,,2024
2211,AAPL,2026-05-02,True,False,0,0,0,0,0,0,0.0,0.0,0.0,0,0,,,2026
2212,NVDA,2023-11-27,True,False,0,0,0,0,0,0,0.0,0.0,0.0,0,0,,,2023
2213,NVDA,2023-11-27,True,False,0,0,0,0,0,0,0.0,0.0,0.0,0,0,,,2023
2214,NVDA,2023-11-27,True,False,0,0,0,0,0,0,0.0,0.0,0.0,0,0,,,2023
2215,NVDA,2023-11-27,True,False,0,0,0,0,0,0,0.0,0.0,0.0,0,0,,,2023
2216,AMD,2023-11-27,True,False,0,0,0,0,0,0,0.0,0.0,0.0,0,0,,,2023
2217,AMZN,2025-06-02,True,False,0,0,0,0,0,0,0.0,0.0,0.0,0,0,,,2025
2218,TSLA,2020-07-06,True,False,0,0,0,0,0,0,0.0,0.0,0.0,0,0,,,2020
2219,NFLX,2025-10-28,True,False,0,0,0,0,0,0,0.0,0.0,0.0,0,0,,,2025
2220,TSLA,2020-07-13,True,False,0,0,0,0,0,0,0.0,0.0,0.0,0,0,,,2020
2221,NVDA,2025-11-11,True,False,0,0,0,0,0,0,0.0,0.0,0.0,0,0,,,2025
2222,NVDA,2025-11-11,True,False,0,0,0,0,0,0,0.0,0.0,0.0,0,0,,,2025
2223,NVDA,2025-11-11,True,False,0,0,0,0,0,0,0.0,0.0,0.0,0,0,,,2025
2224,NVDA,2025-11-11,True,False,0,0,0,0,0,0,0.0,0.0,0.0,0,0,,,2025
2225,TSLA,2025-02-17,True,False,0,0,0,0,0,0,0.0,0.0,0.0,0,0,,,2025
2226,NVDA,2025-02-17,True,False,0,0,0,0,0,0,0.0,0.0,0.0,0,0,,,2025
2227,TSLA,2021-07-19,True,False,0,0,0,0,0,0,0.0,0.0,0.0,0,0,,,2021
2228,TSLA,2021-07-19,True,False,0,0,0,0,0,0,0.0,0.0,0.0,0,0,,,2021
2229,TSLA,2025-03-26,True,False,0,0,0,0,0,0,0.0,0.0,0.0,0,0,,,2025
2230,UBER,2025-08-14,True,False,0,0,0,0,0,0,0.0,0.0,0.0,0,0,,,2025
2231,UBER,2025-08-14,True,False,0,0,0,0,0,0,0.0,0.0,0.0,0,0,,,2025
2232,AAPL,2022-11-02,True,False,0,0,0,0,0,0,0.0,0.0,0.0,0,0,,,2022
2233,AAPL,2022-11-02,True,False,0,0,0,0,0,0,0.0,0.0,0.0,0,0,,,2022
2234,AAPL,2022-11-02,True,False,0,0,0,0,0,0,0.0,0.0,0.0,0,0,,,2022
2235,AAPL,2022-11-02,True,False,0,0,0,0,0,0,0.0,0.0,0.0,0,0,,,2022
2236,AAPL,2022-11-02,True,False,0,0,0,0,0,0,0.0,0.0,0.0,0,0,,,2022
2237,SQ,2020-12-07,True,False,0,0,0,0,0,0,0.0,0.0,0.0,0,0,,,2020
2238,NVDA,2025-10-16,True,False,0,0,0,0,0,0,0.0,0.0,0.0,0,0,,,2025
2239,AMD,2025-10-16,True,False,0,0,0,0,0,0,0.0,0.0,0.0,0,0,,,2025
2240,MSFT,2022-09-30,True,False,0,0,0,0,0,0,0.0,0.0,0.0,0,0,,,2022
2241,DIS,2022-09-30,True,False,0,0,0,0,0,0,0.0,0.0,0.0,0,0,,,2022
2242,DIS,2022-09-30,True,False,0,0,0,0,0,0,0.0,0.0,0.0,0,0,,,2022
2243,TSLA,2021-12-21,True,False,0,0,0,0,0,0,0.0,0.0,0.0,0,0,,,2021
2244,TSLA,2020-06-12,True,False,0,0,0,0,0,0,0.0,0.0,0.0,0,0,,,2020
2245,NVDA,2026-05-06,True,False,0,0,0,0,0,0,0.0,0.0,0.0,0,0,,,2026
2246,AMD,2026-05-07,True,False,0,0,0,0,0,0,0.0,0.0,0.0,0,0,,,2026
2247,AMD,2026-05-07,True,False,0,0,0,0,0,0,0.0,0.0,0.0,0,0,,,2026
2248,TSLA,2026-04-03,True,False,0,0,0,0,0,0,0.0,0.0,0.0,0,0,,,2026
2249,NVDA,2026-04-03,True,False,0,0,0,0,0,0,0.0,0.0,0.0,0,0,,,2026
2250,TSLA,2022-09-20,True,False,0,0,0,0,0,0,0.0,0.0,0.0,0,0,,,2022
2251,TSLA,2022-09-20,True,False,0,0,0,0,0,0,0.0,0.0,0.0,0,0,,,2022
2252,GOOGL,2022-09-20,True,False,0,0,0,0,0,0,0.0,0.0,0.0,0,0,,,2022
2253,GOOGL,2022-09-20,True,False,0,0,0,0,0,0,0.0,0.0,0.0,0,0,,,2022
2254,AMD,2022-09-20,True,False,0,0,0,0,0,0,0.0,0.0,0.0,0,0,,,2022
2255,AMD,2022-09-20,True,False,0,0,0,0,0,0,0.0,0.0,0.0,0,0,,,2022
2256,AMD,2022-09-20,True,False,0,0,0,0,0,0,0.0,0.0,0.0,0,0,,,2022
2257,GOOGL,2023-04-28,True,False,0,0,0,0,0,0,0.0,0.0,0.0,0,0,,,2023
2258,UBER,2025-09-25,True,False,0,0,0,0,0,0,0.0,0.0,0.0,0,0,,,2025
2259,GOOGL,2025-09-25,True,False,0,0,0,0,0,0,0.0,0.0,0.0,0,0,,,2025
2260,NVDA,2025-11-10,True,False,0,0,0,0,0,0,0.0,0.0,0.0,0,0,,,2025
2261,TSLA,2024-06-13,True,False,0,0,0,0,0,0,0.0,0.0,0.0,0,0,,,2024
2262,TSLA,2024-06-13,True,False,0,0,0,0,0,0,0.0,0.0,0.0,0,0,,,2024
2263,TSLA,2024-06-13,True,False,0,0,0,0,0,0,0.0,0.0,0.0,0,0,,,2024
2264,MSFT,2023-07-26,True,False,0,0,0,0,0,0,0.0,0.0,0.0,0,0,,,2023
2265,TSLA,2025-12-24,True,False,0,0,0,0,0,0,0.0,0.0,0.0,0,0,,,2025
2266,MSFT,2023-10-25,True,False,0,0,0,0,0,0,0.0,0.0,0.0,0,0,,,2023
2267,GOOGL,2023-10-25,True,False,0,0,0,0,0,0,0.0,0.0,0.0,0,0,,,2023
2268,NVDA,2024-05-21,True,False,0,0,0,0,0,0,0.0,0.0,0.0,0,0,,,2024
2269,NVDA,2024-05-21,True,False,0,0,0,0,0,0,0.0,0.0,0.0,0,0,,,2024
2270,MSFT,2023-04-26,True,False,0,0,0,0,0,0,0.0,0.0,0.0,0,0,,,2023
2271,MSFT,2023-04-26,True,False,0,0,0,0,0,0,0.0,0.0,0.0,0,0,,,2023
2272,MSFT,2023-04-26,True,False,0,0,0,0,0,0,0.0,0.0,0.0,0,0,,,2023
2273,MSFT,2023-04-26,True,False,0,0,0,0,0,0,0.0,0.0,0.0,0,0,,,2023
2274,AAPL,2023-04-26,True,False,0,0,0,0,0,0,0.0,0.0,0.0,0,0,,,2023
2275,GOOGL,2023-04-26,True,False,0,0,0,0,0,0,0.0,0.0,0.0,0,0,,,2023
2276,AAPL,2022-10-12,True,False,0,0,0,0,0,0,0.0,0.0,0.0,0,0,,,2022
2277,TSLA,2021-12-10,True,False,0,0,0,0,0,0,0.0,0.0,0.0,0,0,,,2021
2278,AMZN,2023-06-19,True,False,0,0,0,0,0,0,0.0,0.0,0.0,0,0,,,2023
2279,AMZN,2023-06-19,True,False,0,0,0,0,0,0,0.0,0.0,0.0,0,0,,,2023
2280,AMZN,2023-06-19,True,False,0,0,0,0,0,0,0.0,0.0,0.0,0,0,,,2023
2281,GOOGL,2025-10-30,True,False,0,0,0,0,0,0,0.0,0.0,0.0,0,0,,,2025
2282,AAPL,2026-05-04,True,False,0,0,0,0,0,0,0.0,0.0,0.0,0,0,,,2026
2283,TSLA,2021-12-31,True,False,0,0,0,0,0,0,0.0,0.0,0.0,0,0,,,2021
2284,SQ,2021-12-31,True,False,0,0,0,0,0,0,0.0,0.0,0.0,0,0,,,2021
2285,TSLA,2020-05-18,True,False,0,0,0,0,0,0,0.0,0.0,0.0,0,0,,,2020
2286,TSLA,2023-10-31,True,False,0,0,0,0,0,0,0.0,0.0,0.0,0,0,,,2023
2287,TSLA,2021-06-04,True,False,0,0,0,0,0,0,0.0,0.0,0.0,0,0,,,2021
2288,AMD,2023-02-13,True,False,0,0,0,0,0,0,0.0,0.0,0.0,0,0,,,2023
2289,AMZN,2023-02-13,True,False,0,0,0,0,0,0,0.0,0.0,0.0,0,0,,,2023
2290,MSFT,2023-02-13,True,False,0,0,0,0,0,0,0.0,0.0,0.0,0,0,,,2023
2291,AMD,2023-05-22,True,False,0,0,0,0,0,0,0.0,0.0,0.0,0,0,,,2023
2292,AMD,2023-05-22,True,False,0,0,0,0,0,0,0.0,0.0,0.0,0,0,,,2023
2293,TSLA,2023-05-22,True,False,0,0,0,0,0,0,0.0,0.0,0.0,0,0,,,2023
2294,MSFT,2023-11-20,True,False,0,0,0,0,0,0,0.0,0.0,0.0,0,0,,,2023
2295,TSLA,2020-07-10,True,False,0,0,0,0,0,0,0.0,0.0,0.0,0,0,,,2020
2296,TSLA,2020-07-10,True,False,0,0,0,0,0,0,0.0,0.0,0.0,0,0,,,2020
2297,TSLA,2023-01-03,True,False,0,0,0,0,0,0,0.0,0.0,0.0,0,0,,,2023
2298,TSLA,2023-03-02,True,False,0,0,0,0,0,0,0.0,0.0,0.0,0,0,,,2023
2299,TSLA,2023-03-02,True,False,0,0,0,0,0,0,0.0,0.0,0.0,0,0,,,2023
2300,TSLA,2023-03-02,True,False,0,0,0,0,0,0,0.0,0.0,0.0,0,0,,,2023
2301,TSLA,2023-03-02,True,False,0,0,0,0,0,0,0.0,0.0,0.0,0,0,,,2023
2302,MSFT,2022-11-09,True,False,0,0,0,0,0,0,0.0,0.0,0.0,0,0,,,2022
2303,TSLA,2020-11-27,True,False,0,0,0,0,0,0,0.0,0.0,0.0,0,0,,,2020
2304,NVDA,2022-11-14,True,False,0,0,0,0,0,0,0.0,0.0,0.0,0,0,,,2022
2305,AMD,2022-11-14,True,False,0,0,0,0,0,0,0.0,0.0,0.0,0,0,,,2022
2306,AMD,2022-11-14,True,False,0,0,0,0,0,0,0.0,0.0,0.0,0,0,,,2022
2307,GOOGL,2023-01-31,True,False,0,0,0,0,0,0,0.0,0.0,0.0,0,0,,,2023
2308,MSFT,2023-01-31,True,False,0,0,0,0,0,0,0.0,0.0,0.0,0,0,,,2023
2309,NFLX,2023-01-31,True,False,0,0,0,0,0,0,0.0,0.0,0.0,0,0,,,2023
2310,TSLA,2023-10-28,True,False,0,0,0,0,0,0,0.0,0.0,0.0,0,0,,,2023
2311,TSLA,2023-10-28,True,False,0,0,0,0,0,0,0.0,0.0,0.0,0,0,,,2023
2312,TSLA,2023-10-28,True,False,0,0,0,0,0,0,0.0,0.0,0.0,0,0,,,2023
2313,TSLA,2024-01-17,True,False,0,0,0,0,0,0,0.0,0.0,0.0,0,0,,,2024
2314,TSLA,2024-01-17,True,False,0,0,0,0,0,0,0.0,0.0,0.0,0,0,,,2024
2315,TSLA,2024-01-17,True,False,0,0,0,0,0,0,0.0,0.0,0.0,0,0,,,2024
2316,TSLA,2024-01-17,True,False,0,0,0,0,0,0,0.0,0.0,0.0,0,0,,,2024
2317,TSLA,2024-01-17,True,False,0,0,0,0,0,0,0.0,0.0,0.0,0,0,,,2024
2318,TSLA,2024-01-17,True,False,0,0,0,0,0,0,0.0,0.0,0.0,0,0,,,2024
2319,TSLA,2024-01-17,True,False,0,0,0,0,0,0,0.0,0.0,0.0,0,0,,,2024
2320,TSLA,2024-01-17,True,False,0,0,0,0,0,0,0.0,0.0,0.0,0,0,,,2024
2321,TSLA,2024-01-17,True,False,0,0,0,0,0,0,0.0,0.0,0.0,0,0,,,2024
2322,TSLA,2024-01-17,True,False,0,0,0,0,0,0,0.0,0.0,0.0,0,0,,,2024
2323,TSLA,2024-01-17,True,False,0,0,0,0,0,0,0.0,0.0,0.0,0,0,,,2024
2324,NFLX,2024-01-17,True,False,0,0,0,0,0,0,0.0,0.0,0.0,0,0,,,2024
2325,AMZN,2024-01-17,True,False,0,0,0,0,0,0,0.0,0.0,0.0,0,0,,,2024
2326,MSFT,2024-01-17,True,False,0,0,0,0,0,0,0.0,0.0,0.0,0,0,,,2024
2327,MSFT,2024-01-17,True,False,0,0,0,0,0,0,0.0,0.0,0.0,0,0,,,2024
2328,AAPL,2024-01-17,True,False,0,0,0,0,0,0,0.0,0.0,0.0,0,0,,,2024
2329,GOOGL,2024-04-10,True,False,0,0,0,0,0,0,0.0,0.0,0.0,0,0,,,2024
2330,AMD,2024-11-02,True,False,0,0,0,0,0,0,0.0,0.0,0.0,0,0,,,2024
2331,AMD,2024-11-02,True,False,0,0,0,0,0,0,0.0,0.0,0.0,0,0,,,2024
2332,AMD,2025-10-09,True,False,0,0,0,0,0,0,0.0,0.0,0.0,0,0,,,2025
2333,NVDA,2025-12-04,True,False,0,0,0,0,0,0,0.0,0.0,0.0,0,0,,,2025
2334,GOOGL,2025-12-04,True,False,0,0,0,0,0,0,0.0,0.0,0.0,0,0,,,2025
2335,META,2025-12-04,True,False,0,0,0,0,0,0,0.0,0.0,0.0,0,0,,,2025
2336,MSFT,2026-01-26,True,False,0,0,0,0,0,0,0.0,0.0,0.0,0,0,,,2026
2337,AMZN,2026-03-17,True,False,0,0,0,0,0,0,0.0,0.0,0.0,0,0,,,2026
2338,AMZN,2026-03-17,True,False,0,0,0,0,0,0,0.0,0.0,0.0,0,0,,,2026
2339,META,2026-03-17,True,False,0,0,0,0,0,0,0.0,0.0,0.0,0,0,,,2026
2340,SOFI,2026-04-30,True,False,0,0,0,0,0,0,0.0,0.0,0.0,0,0,,,2026
2341,SOFI,2026-05-05,True,False,0,0,0,0,0,0,0.0,0.0,0.0,0,0,,,2026
