event_id,video_id,ticker,company_name,creator,publish_date,recommendation_type,event_quality_score,classification_confidence,direction_confidence,ticker_disambiguation_score,evidence_verb_count,explicit_buy_sell_hold_terms,conditional_language_flag,ambiguous_language_flag,historical_discussion_flag,option_or_crypto_confusion_flag,ticker_false_positive_risk,duplicate_cluster_id,duplicate_nearby_event_count,lookahead_risk_score,low_lookahead_flag,top5_flag,evidence_excerpt_short_hash,reason_codes,confidence_bucket
1,-AtxEBm7naw,TSLA,Tesla,The Investor Channel,2023-10-13,buy,3,65,65,90,1,buy,False,False,False,False,False,,,70,False,True,1e5dbe5b627fdb00,proxy_quality_from_locked_manifest_no_transcript_text_exported,medium
2,-AtxEBm7naw,GOOGL,Alphabet,The Investor Channel,2023-10-13,buy,3,60,60,90,1,buy,False,False,False,False,False,,,70,False,False,6a193449b981da87,proxy_quality_from_locked_manifest_no_transcript_text_exported,medium
3,-GlySQJDMq0,AMZN,Amazon,The Investor Channel,2023-06-23,buy,3,65,65,90,1,buy,False,False,False,False,False,,,70,False,True,a0665e51ce01bd9e,proxy_quality_from_locked_manifest_no_transcript_text_exported,medium
4,-GlySQJDMq0,NVDA,Nvidia,The Investor Channel,2023-06-23,buy,3,65,65,90,1,buy,False,False,False,False,False,,,70,False,True,0924f2d3e86f2ba4,proxy_quality_from_locked_manifest_no_transcript_text_exported,medium
5,-GlySQJDMq0,TSLA,Tesla,The Investor Channel,2023-06-23,buy,3,65,65,90,1,buy,False,False,False,False,False,,,70,False,True,bb1aaae8061e44bd,proxy_quality_from_locked_manifest_no_transcript_text_exported,medium
6,0HEghfHYEk4,PYPL,PayPal,"Parkev Tatevosian, CFA",2026-03-07,buy,2,50,50,90,1,buy,True,True,False,False,False,,,20,True,False,250c8ff15ca80eab,proxy_quality_from_locked_manifest_no_transcript_text_exported,medium
7,0RRkXdEEnLE,MSFT,Microsoft,"Parkev Tatevosian, CFA",2026-02-06,buy,3,70,70,90,1,buy,False,False,False,False,False,,,20,True,False,7231e2013744f965,proxy_quality_from_locked_manifest_no_transcript_text_exported,medium
8,0RRkXdEEnLE,UBER,Uber,"Parkev Tatevosian, CFA",2026-02-06,buy,3,70,70,90,1,buy,False,False,False,False,False,,,20,True,False,4ebda6a6bddf78bc,proxy_quality_from_locked_manifest_no_transcript_text_exported,medium
9,0RRkXdEEnLE,NVDA,Nvidia,"Parkev Tatevosian, CFA",2026-02-06,buy,3,75,75,90,1,buy,False,False,False,False,False,,,20,True,True,cae7ab6f2864069c,proxy_quality_from_locked_manifest_no_transcript_text_exported,high
10,0RRkXdEEnLE,NFLX,Netflix,"Parkev Tatevosian, CFA",2026-02-06,buy,3,70,70,90,1,buy,False,False,False,False,False,,,20,True,False,a9d30bc76403a89a,proxy_quality_from_locked_manifest_no_transcript_text_exported,medium
11,0d64alYucZQ,NFLX,Netflix,The Investor Channel,2023-02-10,buy,3,60,60,90,1,buy,False,False,False,False,False,,,70,False,False,5f9a644e84f7e1fb,proxy_quality_from_locked_manifest_no_transcript_text_exported,medium
12,0dWfXNl_uFg,AMZN,Amazon,The Investor Channel,2023-06-16,sell,3,65,65,90,1,sell,False,False,False,False,False,,,70,False,True,9f6fed5dcfc9e574,proxy_quality_from_locked_manifest_no_transcript_text_exported,medium
13,0dWfXNl_uFg,NFLX,Netflix,The Investor Channel,2023-06-16,buy,3,60,60,90,1,buy,False,False,False,False,False,,,70,False,False,e68fa04e5a812f4f,proxy_quality_from_locked_manifest_no_transcript_text_exported,medium
14,0dWfXNl_uFg,NVDA,Nvidia,The Investor Channel,2023-06-16,sell,2,45,45,90,1,sell,True,True,False,False,False,,,70,False,True,63dce4153d7c9db6,proxy_quality_from_locked_manifest_no_transcript_text_exported,low
15,0dWfXNl_uFg,TSLA,Tesla,The Investor Channel,2023-06-16,sell,3,65,65,90,1,sell,False,False,False,False,False,,,70,False,True,7bfde1399d5288b8,proxy_quality_from_locked_manifest_no_transcript_text_exported,medium
16,10KzfNZryVI,GOOGL,Alphabet,"Mark Roussin, CPA",2024-01-08,buy,3,60,60,90,1,buy,False,False,False,False,False,,,70,False,False,369145515e2bfc41,proxy_quality_from_locked_manifest_no_transcript_text_exported,medium
17,10KzfNZryVI,TSLA,Tesla,"Mark Roussin, CPA",2024-01-08,buy,3,65,65,90,1,buy,False,False,False,False,False,,,70,False,True,d3066f2fb5430f24,proxy_quality_from_locked_manifest_no_transcript_text_exported,medium
18,1U8L8x1VUFE,TSLA,Tesla,"Mark Roussin, CPA",2023-08-18,buy,3,75,75,90,1,buy,False,False,False,False,False,,,20,True,True,34a15e1cc4caaa11,proxy_quality_from_locked_manifest_no_transcript_text_exported,high
19,1U8L8x1VUFE,AAPL,Apple,"Mark Roussin, CPA",2023-08-18,buy,3,75,75,90,1,buy,False,False,False,False,False,,,20,True,True,5ff60ce99193fd2d,proxy_quality_from_locked_manifest_no_transcript_text_exported,high
20,1X7DdlfHaRw,AMZN,Amazon,The Investor Channel,2023-03-03,buy,3,65,65,90,1,buy,False,False,False,False,False,,,70,False,True,11d2da5545319fd2,proxy_quality_from_locked_manifest_no_transcript_text_exported,medium
21,1YqWGg78zqk,NVDA,Nvidia,Jose Najarro Stocks,2025-08-27,buy,3,65,65,90,1,buy,False,False,False,False,False,,,70,False,True,40376b89781ac008,proxy_quality_from_locked_manifest_no_transcript_text_exported,medium
22,1YqWGg78zqk,NVDA,Nvidia,Jose Najarro Stocks,2025-08-27,buy,3,65,65,90,1,buy,False,False,False,False,False,,,70,False,True,b8aab854097dc3d6,proxy_quality_from_locked_manifest_no_transcript_text_exported,medium
23,1dB1d_j52FM,DIS,Disney,The Investor Channel,2023-10-06,buy,3,60,60,90,1,buy,False,False,False,False,False,,,70,False,False,2867cc6c77b77697,proxy_quality_from_locked_manifest_no_transcript_text_exported,medium
24,1dB1d_j52FM,AMD,nan,The Investor Channel,2023-10-06,sell,3,65,65,90,1,sell,False,False,False,False,False,,,70,False,True,c9c36cd3ebde4f9c,proxy_quality_from_locked_manifest_no_transcript_text_exported,medium
25,1dB1d_j52FM,MSFT,Microsoft,The Investor Channel,2023-10-06,sell,3,60,60,90,1,sell,False,False,False,False,False,,,70,False,False,811ac1dcc43fa0f4,proxy_quality_from_locked_manifest_no_transcript_text_exported,medium
26,1dB1d_j52FM,AAPL,Apple,The Investor Channel,2023-10-06,buy,3,65,65,90,1,buy,False,False,False,False,False,,,70,False,True,684447c7ffe84a44,proxy_quality_from_locked_manifest_no_transcript_text_exported,medium
27,1dZfqxqT6_c,AAPL,Apple,Dividendology,2024-12-17,sell,3,65,65,90,1,sell,False,False,False,False,False,,,70,False,True,e3d9a2df75d518dc,proxy_quality_from_locked_manifest_no_transcript_text_exported,medium
28,23PBK_ZYCT8,NVDA,Nvidia,The Investor Channel,2023-05-24,buy,3,65,65,90,1,buy,False,False,False,False,False,,,70,False,True,4d1b17a5206754ba,proxy_quality_from_locked_manifest_no_transcript_text_exported,medium
29,2_MQtf3XOUg,NFLX,Netflix,"Mark Roussin, CPA",2023-07-28,buy,3,70,70,90,1,buy,False,False,False,False,False,,,20,True,False,29a4ab9d0f19b3ef,proxy_quality_from_locked_manifest_no_transcript_text_exported,medium
30,2_MQtf3XOUg,MSFT,Microsoft,"Mark Roussin, CPA",2023-07-28,buy,3,70,70,90,1,buy,False,False,False,False,False,,,20,True,False,492a2b46ee42faa7,proxy_quality_from_locked_manifest_no_transcript_text_exported,medium
31,2angHb8-cfU,NFLX,Netflix,The Investor Channel,2023-08-25,buy,3,60,60,90,1,buy,False,False,False,False,False,,,70,False,False,ddcbe8fad69b16a8,proxy_quality_from_locked_manifest_no_transcript_text_exported,medium
32,2angHb8-cfU,NFLX,Netflix,The Investor Channel,2023-08-25,buy,3,60,60,90,1,buy,False,False,False,False,False,,,70,False,False,e359724d9e535b5a,proxy_quality_from_locked_manifest_no_transcript_text_exported,medium
33,2angHb8-cfU,MSFT,Microsoft,The Investor Channel,2023-08-25,buy,3,60,60,90,1,buy,False,False,False,False,False,,,70,False,False,478923d02dbb095c,proxy_quality_from_locked_manifest_no_transcript_text_exported,medium
34,2hF0_S38gc0,AAPL,Apple,"Mark Roussin, CPA",2023-09-08,buy,3,75,75,90,1,buy,False,False,False,False,False,,,20,True,True,073a01bf6e9fba5d,proxy_quality_from_locked_manifest_no_transcript_text_exported,high
35,2hF0_S38gc0,AAPL,Apple,"Mark Roussin, CPA",2023-09-08,buy,3,75,75,90,1,buy,False,False,False,False,False,,,20,True,True,a29aa89bf3834e0d,proxy_quality_from_locked_manifest_no_transcript_text_exported,high
36,2hF0_S38gc0,AAPL,Apple,"Mark Roussin, CPA",2023-09-08,buy,3,75,75,90,1,buy,False,False,False,False,False,,,20,True,True,7d085f7cb4a26313,proxy_quality_from_locked_manifest_no_transcript_text_exported,high
37,2hF0_S38gc0,AAPL,Apple,"Mark Roussin, CPA",2023-09-08,buy,3,75,75,90,1,buy,False,False,False,False,False,,,20,True,True,ce8fb0cd5225d447,proxy_quality_from_locked_manifest_no_transcript_text_exported,high
38,2hF0_S38gc0,AAPL,Apple,"Mark Roussin, CPA",2023-09-08,sell,3,75,75,90,1,sell,False,False,False,False,False,,,20,True,True,7aebe433a485d7d5,proxy_quality_from_locked_manifest_no_transcript_text_exported,high
39,2hF0_S38gc0,AAPL,Apple,"Mark Roussin, CPA",2023-09-08,buy,3,75,75,90,1,buy,False,False,False,False,False,,,20,True,True,8cbf13548bd1329e,proxy_quality_from_locked_manifest_no_transcript_text_exported,high
40,2uKbBJCs6UA,AMD,nan,Jose Najarro Stocks,2025-07-11,buy,4,85,85,90,1,buy,False,False,False,False,False,,,70,False,True,a0379470dea4dcc7,proxy_quality_from_locked_manifest_no_transcript_text_exported,high
41,31vaZzJkMaU,AMZN,Amazon,The Investor Channel,2023-09-30,buy,3,75,75,90,1,buy,False,False,False,False,False,,,20,True,True,94b74190ed7c0119,proxy_quality_from_locked_manifest_no_transcript_text_exported,high
42,31vaZzJkMaU,MSFT,Microsoft,The Investor Channel,2023-09-30,buy,3,70,70,90,1,buy,False,False,False,False,False,,,20,True,False,e6c6e50acfcfe751,proxy_quality_from_locked_manifest_no_transcript_text_exported,medium
43,31vaZzJkMaU,MSFT,Microsoft,The Investor Channel,2023-09-30,buy,3,70,70,90,1,buy,False,False,False,False,False,,,20,True,False,77f2341c3b092432,proxy_quality_from_locked_manifest_no_transcript_text_exported,medium
44,34HX-1xNyng,NVDA,Nvidia,"Value Investing with Sven Carlin, Ph.D.",2025-10-05,buy,3,75,75,90,1,buy,False,False,False,False,False,,,20,True,True,a01bc88a821fc6ed,proxy_quality_from_locked_manifest_no_transcript_text_exported,high
45,35o0vzF108U,MSFT,Microsoft,"Mark Roussin, CPA",2023-07-07,buy,3,70,70,90,1,buy,False,False,False,False,False,,,20,True,False,e4c24d6778612972,proxy_quality_from_locked_manifest_no_transcript_text_exported,medium
46,3SWmWnFfXdY,AAPL,Apple,"Mark Roussin, CPA",2023-11-20,buy,3,65,65,90,1,buy,False,False,False,False,False,,,70,False,True,633b728c4a567722,proxy_quality_from_locked_manifest_no_transcript_text_exported,medium
47,3SWmWnFfXdY,AAPL,Apple,"Mark Roussin, CPA",2023-11-20,buy,3,65,65,90,1,buy,False,False,False,False,False,,,70,False,True,d900a23092aa1f7d,proxy_quality_from_locked_manifest_no_transcript_text_exported,medium
48,3SWmWnFfXdY,UBER,Uber,"Mark Roussin, CPA",2023-11-20,buy,3,60,60,90,1,buy,False,False,False,False,False,,,70,False,False,8cbe94d344946e34,proxy_quality_from_locked_manifest_no_transcript_text_exported,medium
49,3xZTFoIDDfE,PYPL,PayPal,The Investor Channel,2023-08-06,buy,3,70,70,90,1,buy,False,False,False,False,False,,,20,True,False,c3f4aab336726ae1,proxy_quality_from_locked_manifest_no_transcript_text_exported,medium
50,44bWgTeU7sM,MSFT,Microsoft,Dividendology,2024-11-01,sell,3,70,70,90,1,sell,False,False,False,False,False,,,20,True,False,abc51b5d25c161d4,proxy_quality_from_locked_manifest_no_transcript_text_exported,medium
51,44bWgTeU7sM,MSFT,Microsoft,Dividendology,2024-11-01,buy,3,70,70,90,1,buy,False,False,False,False,False,,,20,True,False,80cf0053c36a170e,proxy_quality_from_locked_manifest_no_transcript_text_exported,medium
52,65JAF7VVjdg,TSLA,Tesla,The Investor Channel,2023-04-14,sell,3,65,65,90,1,sell,False,False,False,False,False,,,70,False,True,27ace79dc8f82c96,proxy_quality_from_locked_manifest_no_transcript_text_exported,medium
53,65JAF7VVjdg,MSFT,Microsoft,The Investor Channel,2023-04-14,buy,3,60,60,90,1,buy,False,False,False,False,False,,,70,False,False,ce344d17160941c3,proxy_quality_from_locked_manifest_no_transcript_text_exported,medium
54,6748pkSNY3U,NVDA,Nvidia,"Mark Roussin, CPA",2024-02-01,sell,2,55,55,90,1,sell,True,True,False,False,False,,,20,True,True,84f4c78ffd7291fd,proxy_quality_from_locked_manifest_no_transcript_text_exported,medium
55,6748pkSNY3U,AMZN,Amazon,"Mark Roussin, CPA",2024-02-01,sell,2,55,55,90,1,sell,True,True,False,False,False,,,20,True,True,54df630467112931,proxy_quality_from_locked_manifest_no_transcript_text_exported,medium
56,6KPwRv_UBi0,NVDA,Nvidia,Jose Najarro Stocks,2025-08-25,buy,3,65,65,90,1,buy,False,False,False,False,False,,,70,False,True,7ea3cc20d952fb23,proxy_quality_from_locked_manifest_no_transcript_text_exported,medium
57,6KPwRv_UBi0,NVDA,Nvidia,Jose Najarro Stocks,2025-08-25,buy,3,65,65,90,1,buy,False,False,False,False,False,,,70,False,True,984d6a891380d5a5,proxy_quality_from_locked_manifest_no_transcript_text_exported,medium
58,7__Qgn7QUEY,TSLA,Tesla,The Investor Channel,2023-08-07,buy,3,65,65,90,1,buy,False,False,False,False,False,,,70,False,True,623d1740dc4cb9cd,proxy_quality_from_locked_manifest_no_transcript_text_exported,medium
59,7__Qgn7QUEY,AMZN,Amazon,The Investor Channel,2023-08-07,buy,3,65,65,90,1,buy,False,False,False,False,False,,,70,False,True,67861142179b3f3e,proxy_quality_from_locked_manifest_no_transcript_text_exported,medium
60,97j1_mHzIQ0,NVDA,Nvidia,Couch Investor,2025-08-28,buy,3,75,75,90,1,buy,False,False,False,False,False,,,20,True,True,e4a5d7310a23f431,proxy_quality_from_locked_manifest_no_transcript_text_exported,high
61,97j1_mHzIQ0,GOOGL,Alphabet,Couch Investor,2025-08-28,buy,3,70,70,90,1,buy,False,False,False,False,False,,,20,True,False,d777485ced53ce17,proxy_quality_from_locked_manifest_no_transcript_text_exported,medium
62,9Ru3CaETF20,TSLA,Tesla,The Investor Channel,2023-07-21,sell,3,65,65,90,1,sell,False,False,False,False,False,,,70,False,True,33d7a250ec2cf461,proxy_quality_from_locked_manifest_no_transcript_text_exported,medium
63,9bK8GPEffqA,MSFT,Microsoft,"Mark Roussin, CPA",2023-10-26,buy,3,70,70,90,1,buy,False,False,False,False,False,,,20,True,False,c9b5d8babd1479ab,proxy_quality_from_locked_manifest_no_transcript_text_exported,medium
64,9bK8GPEffqA,GOOGL,Alphabet,"Mark Roussin, CPA",2023-10-26,buy,3,70,70,90,1,buy,False,False,False,False,False,,,20,True,False,b574d6927aa69405,proxy_quality_from_locked_manifest_no_transcript_text_exported,medium
65,9bK8GPEffqA,TSLA,Tesla,"Mark Roussin, CPA",2023-10-26,buy,3,75,75,90,1,buy,False,False,False,False,False,,,20,True,True,f0828b8e05554dd8,proxy_quality_from_locked_manifest_no_transcript_text_exported,high
66,9kJI7BgxLM8,SOFI,SoFi,Couch Investor,2025-09-12,buy,4,80,80,90,1,buy,False,False,False,False,False,,,70,False,False,2016070099b39f7b,proxy_quality_from_locked_manifest_no_transcript_text_exported,high
67,9kJI7BgxLM8,NVDA,Nvidia,Couch Investor,2025-09-12,buy,3,65,65,90,1,buy,False,False,False,False,False,,,70,False,True,fdb8b65d60f15bff,proxy_quality_from_locked_manifest_no_transcript_text_exported,medium
68,B6S8a3s2hsc,NFLX,Netflix,"Parkev Tatevosian, CFA",2026-03-04,sell,3,70,70,90,1,sell,False,False,False,False,False,,,20,True,False,9c1c19da24e7f1dc,proxy_quality_from_locked_manifest_no_transcript_text_exported,medium
69,BS-FOYQpQP8,NVDA,Nvidia,Jose Najarro Stocks,2025-08-21,buy,3,75,75,90,1,buy,False,False,False,False,False,,,20,True,True,222d148dd0c1ad6d,proxy_quality_from_locked_manifest_no_transcript_text_exported,high
70,BS-FOYQpQP8,MSFT,Microsoft,Jose Najarro Stocks,2025-08-21,buy,3,70,70,90,1,buy,False,False,False,False,False,,,20,True,False,35e8a43762ee6ed0,proxy_quality_from_locked_manifest_no_transcript_text_exported,medium
71,BcrKHeLTQDU,DIS,Disney,"Parkev Tatevosian, CFA",2026-02-12,buy,3,60,60,90,1,buy,False,False,False,False,False,,,70,False,False,ebdbd3d69db7738f,proxy_quality_from_locked_manifest_no_transcript_text_exported,medium
72,CG10U8nRJrQ,UBER,Uber,Jose Najarro Stocks,2025-07-15,buy,4,80,80,90,1,buy,False,False,False,False,False,,,70,False,False,11e27e5aa217ef71,proxy_quality_from_locked_manifest_no_transcript_text_exported,high
73,CLk6va-UIRM,NFLX,Netflix,The Investor Channel,2023-04-18,buy,3,60,60,90,1,buy,False,False,False,False,False,,,70,False,False,128aa3cc50b2cf83,proxy_quality_from_locked_manifest_no_transcript_text_exported,medium
74,CLk6va-UIRM,NFLX,Netflix,The Investor Channel,2023-04-18,buy,3,60,60,90,1,buy,False,False,False,False,False,,,70,False,False,61c4153cdb92ed81,proxy_quality_from_locked_manifest_no_transcript_text_exported,medium
75,CLk6va-UIRM,GOOGL,Alphabet,The Investor Channel,2023-04-18,buy,3,60,60,90,1,buy,False,False,False,False,False,,,70,False,False,acb0d703c31d7204,proxy_quality_from_locked_manifest_no_transcript_text_exported,medium
76,DHwoJCG4ndQ,NVDA,Nvidia,"Mark Roussin, CPA",2024-02-22,buy,3,75,75,90,1,buy,False,False,False,False,False,,,20,True,True,cd9a07feb02ea958,proxy_quality_from_locked_manifest_no_transcript_text_exported,high
77,DlS4WhVvDkM,MSFT,Microsoft,"Parkev Tatevosian, CFA",2026-03-06,sell,3,70,70,90,1,sell,False,False,False,False,False,,,20,True,False,452b6bca7d9b1655,proxy_quality_from_locked_manifest_no_transcript_text_exported,medium
78,DlS4WhVvDkM,AMZN,Amazon,"Parkev Tatevosian, CFA",2026-03-06,sell,3,75,75,90,1,sell,False,False,False,False,False,,,20,True,True,993a250a79a35584,proxy_quality_from_locked_manifest_no_transcript_text_exported,high
79,Dncak16KYh8,DIS,Disney,Dividendology,2024-08-09,buy,3,70,70,90,1,buy,False,False,False,False,False,,,20,True,False,81531084b5bb07c6,proxy_quality_from_locked_manifest_no_transcript_text_exported,medium
80,E0HHNg9gi8c,PYPL,PayPal,Couch Investor,2025-09-17,buy,3,70,70,90,1,buy,False,False,False,False,False,,,20,True,False,96e90e7c2156ac49,proxy_quality_from_locked_manifest_no_transcript_text_exported,medium
81,E0HHNg9gi8c,META,Meta,Couch Investor,2025-09-17,buy,3,70,70,90,1,buy,False,False,False,False,False,,,20,True,False,cb6fabe33ffd9278,proxy_quality_from_locked_manifest_no_transcript_text_exported,medium
82,EAWKHNBmVtM,DIS,Disney,"Mark Roussin, CPA",2023-09-15,buy,3,70,70,90,1,buy,False,False,False,False,False,,,20,True,False,fdf44912a8c96af9,proxy_quality_from_locked_manifest_no_transcript_text_exported,medium
83,EAWKHNBmVtM,AAPL,Apple,"Mark Roussin, CPA",2023-09-15,sell,2,55,55,90,1,sell,True,True,False,False,False,,,20,True,True,9d4909dd4c9b150b,proxy_quality_from_locked_manifest_no_transcript_text_exported,medium
84,FLfvPzUYoPE,GOOGL,Alphabet,Jose Najarro Stocks,2025-07-25,buy,3,70,70,90,1,buy,False,False,False,False,False,,,20,True,False,34f6033b5063079d,proxy_quality_from_locked_manifest_no_transcript_text_exported,medium
85,FeENJP2vWA8,NVDA,Nvidia,Dividend Bull,2023-07-24,sell,3,65,65,90,1,sell,False,False,False,False,False,,,70,False,True,140559f4b745be6b,proxy_quality_from_locked_manifest_no_transcript_text_exported,medium
86,FeENJP2vWA8,NVDA,Nvidia,Dividend Bull,2023-07-24,sell,3,65,65,90,1,sell,False,False,False,False,False,,,70,False,True,d0eb9f5c80107c21,proxy_quality_from_locked_manifest_no_transcript_text_exported,medium
87,GIPCWsA3i4Y,GOOGL,Alphabet,Jose Najarro Stocks,2025-08-20,buy,4,80,80,90,1,buy,False,False,False,False,False,,,70,False,False,e0186757dd0ff71e,proxy_quality_from_locked_manifest_no_transcript_text_exported,high
88,GVA7lniVgiU,META,Meta,"Parkev Tatevosian, CFA",2026-02-24,buy,2,40,40,90,1,buy,True,True,False,False,False,,,70,False,False,e8816c3d8af783aa,proxy_quality_from_locked_manifest_no_transcript_text_exported,low
89,Gp5lBn3CQKM,GOOGL,Alphabet,The Investor Channel,2023-03-17,buy,3,60,60,90,1,buy,False,False,False,False,False,,,70,False,False,2e301ee6f3eacb7c,proxy_quality_from_locked_manifest_no_transcript_text_exported,medium
90,Gp5lBn3CQKM,GOOGL,Alphabet,The Investor Channel,2023-03-17,buy,3,60,60,90,1,buy,False,False,False,False,False,,,70,False,False,3b3fe22548fbd8da,proxy_quality_from_locked_manifest_no_transcript_text_exported,medium
91,Gp5lBn3CQKM,AAPL,Apple,The Investor Channel,2023-03-17,buy,3,65,65,90,1,buy,False,False,False,False,False,,,70,False,True,4864c45e9a26899e,proxy_quality_from_locked_manifest_no_transcript_text_exported,medium
92,Gp5lBn3CQKM,AAPL,Apple,The Investor Channel,2023-03-17,sell,3,65,65,90,1,sell,False,False,False,False,False,,,70,False,True,352c0e361385252e,proxy_quality_from_locked_manifest_no_transcript_text_exported,medium
93,Gp5lBn3CQKM,NFLX,Netflix,The Investor Channel,2023-03-17,buy,3,60,60,90,1,buy,False,False,False,False,False,,,70,False,False,967e89396ef1fb79,proxy_quality_from_locked_manifest_no_transcript_text_exported,medium
94,Gp5lBn3CQKM,NVDA,Nvidia,The Investor Channel,2023-03-17,buy,3,65,65,90,1,buy,False,False,False,False,False,,,70,False,True,b6d4820fe14df3ce,proxy_quality_from_locked_manifest_no_transcript_text_exported,medium
95,GrVx-TilfBE,MSFT,Microsoft,"Mark Roussin, CPA",2023-07-21,buy,3,70,70,90,1,buy,False,False,False,False,False,,,20,True,False,f4ccac992960ffbe,proxy_quality_from_locked_manifest_no_transcript_text_exported,medium
96,GrVx-TilfBE,NVDA,Nvidia,"Mark Roussin, CPA",2023-07-21,buy,3,75,75,90,1,buy,False,False,False,False,False,,,20,True,True,bd524510beb34239,proxy_quality_from_locked_manifest_no_transcript_text_exported,high
97,H-yz9DyYa8A,NVDA,Nvidia,"Mark Roussin, CPA",2023-11-23,buy,3,75,75,90,1,buy,False,False,False,False,False,,,20,True,True,c46a4159a7b1758d,proxy_quality_from_locked_manifest_no_transcript_text_exported,high
98,H-yz9DyYa8A,AAPL,Apple,"Mark Roussin, CPA",2023-11-23,sell,2,55,55,90,1,sell,True,True,False,False,False,,,20,True,True,729a007132a30721,proxy_quality_from_locked_manifest_no_transcript_text_exported,medium
99,H-yz9DyYa8A,MSFT,Microsoft,"Mark Roussin, CPA",2023-11-23,sell,3,70,70,90,1,sell,False,False,False,False,False,,,20,True,False,eb8cede3014d82a6,proxy_quality_from_locked_manifest_no_transcript_text_exported,medium
100,H8csy_L4fqg,NVDA,Nvidia,Jose Najarro Stocks,2025-08-13,buy,3,65,65,90,1,buy,False,False,False,False,False,,,70,False,True,19983e1d5a65c010,proxy_quality_from_locked_manifest_no_transcript_text_exported,medium
101,H8csy_L4fqg,NVDA,Nvidia,Jose Najarro Stocks,2025-08-13,sell,3,65,65,90,1,sell,False,False,False,False,False,,,70,False,True,f1c530c5d972cae8,proxy_quality_from_locked_manifest_no_transcript_text_exported,medium
102,H9Lco_DOsPs,NVDA,Nvidia,The Investor Channel,2023-02-25,buy,3,75,75,90,1,buy,False,False,False,False,False,,,20,True,True,1213373131fcb562,proxy_quality_from_locked_manifest_no_transcript_text_exported,high
103,H9Lco_DOsPs,NFLX,Netflix,The Investor Channel,2023-02-25,buy,3,70,70,90,1,buy,False,False,False,False,False,,,20,True,False,a01f1e9b1104b32a,proxy_quality_from_locked_manifest_no_transcript_text_exported,medium
104,H9Lco_DOsPs,MSFT,Microsoft,The Investor Channel,2023-02-25,buy,3,70,70,90,1,buy,False,False,False,False,False,,,20,True,False,6572633c1d225687,proxy_quality_from_locked_manifest_no_transcript_text_exported,medium
105,H9Lco_DOsPs,AMZN,Amazon,The Investor Channel,2023-02-25,buy,3,75,75,90,1,buy,False,False,False,False,False,,,20,True,True,e0527dab233df49e,proxy_quality_from_locked_manifest_no_transcript_text_exported,high
106,H9Lco_DOsPs,GOOGL,Alphabet,The Investor Channel,2023-02-25,buy,3,70,70,90,1,buy,False,False,False,False,False,,,20,True,False,00c70e1df1e7f7e8,proxy_quality_from_locked_manifest_no_transcript_text_exported,medium
107,HDde6rXbRCg,TSLA,Tesla,The Investor Channel,2023-01-26,buy,3,65,65,90,1,buy,False,False,False,False,False,,,70,False,True,6373121e42f9a82b,proxy_quality_from_locked_manifest_no_transcript_text_exported,medium
108,HDde6rXbRCg,TSLA,Tesla,The Investor Channel,2023-01-26,sell,3,65,65,90,1,sell,False,False,False,False,False,,,70,False,True,46c3df115477370b,proxy_quality_from_locked_manifest_no_transcript_text_exported,medium
109,IXgrCqWst4o,NVDA,Nvidia,Couch Investor,2025-08-07,buy,3,75,75,90,1,buy,False,False,False,False,False,,,20,True,True,7a2a633cd1af330f,proxy_quality_from_locked_manifest_no_transcript_text_exported,high
110,IgGPrrJCmq0,TSLA,Tesla,"Mark Roussin, CPA",2024-01-25,buy,3,75,75,90,1,buy,False,False,False,False,False,,,20,True,True,36f9aa142d7421ce,proxy_quality_from_locked_manifest_no_transcript_text_exported,high
111,J8Yi959ALgg,AMZN,Amazon,"Parkev Tatevosian, CFA",2026-02-18,buy,3,75,75,90,1,buy,False,False,False,False,False,,,20,True,True,94fbb19faf3634ed,proxy_quality_from_locked_manifest_no_transcript_text_exported,high
112,J8Yi959ALgg,META,Meta,"Parkev Tatevosian, CFA",2026-02-18,buy,2,50,50,90,1,buy,True,True,False,False,False,,,20,True,False,332cd104721f843c,proxy_quality_from_locked_manifest_no_transcript_text_exported,medium
113,JAzlSk7F9yc,MSFT,Microsoft,Dividendology,2024-08-02,buy,3,70,70,90,1,buy,False,False,False,False,False,,,20,True,False,2326f75d647b77a9,proxy_quality_from_locked_manifest_no_transcript_text_exported,medium
114,JJnHO-r1NDU,NVDA,Nvidia,Jose Najarro Stocks,2025-07-16,sell,3,65,65,90,1,sell,False,False,False,False,False,,,70,False,True,4c22cad95948a0f3,proxy_quality_from_locked_manifest_no_transcript_text_exported,medium
115,JJnHO-r1NDU,NVDA,Nvidia,Jose Najarro Stocks,2025-07-16,buy,3,65,65,90,1,buy,False,False,False,False,False,,,70,False,True,2403d7b1645f9cbd,proxy_quality_from_locked_manifest_no_transcript_text_exported,medium
116,JJnHO-r1NDU,AMD,nan,Jose Najarro Stocks,2025-07-16,buy,3,65,65,90,1,buy,False,False,False,False,False,,,70,False,True,d4dfa7c7ad891b23,proxy_quality_from_locked_manifest_no_transcript_text_exported,medium
117,Jr3qnEoyjHQ,NVDA,Nvidia,"Mark Roussin, CPA",2024-02-08,buy,3,75,75,90,1,buy,False,False,False,False,False,,,20,True,True,98d86bc6c0f1ee32,proxy_quality_from_locked_manifest_no_transcript_text_exported,high
118,Jr3qnEoyjHQ,GOOGL,Alphabet,"Mark Roussin, CPA",2024-02-08,buy,3,70,70,90,1,buy,False,False,False,False,False,,,20,True,False,60b200a5c59c6e21,proxy_quality_from_locked_manifest_no_transcript_text_exported,medium
119,KPbZs0kJhsA,AMD,nan,The Investor Channel,2023-01-26,sell,3,65,65,90,1,sell,False,False,False,False,False,,,70,False,True,04b95d374f5a2346,proxy_quality_from_locked_manifest_no_transcript_text_exported,medium
120,Kf5IeXjfEV0,TSLA,Tesla,"Mark Roussin, CPA",2023-07-05,buy,2,45,45,90,1,buy,True,True,False,False,False,,,70,False,True,48075a10819c683a,proxy_quality_from_locked_manifest_no_transcript_text_exported,low
121,Kf5IeXjfEV0,GOOGL,Alphabet,"Mark Roussin, CPA",2023-07-05,buy,2,40,40,90,1,buy,True,True,False,False,False,,,70,False,False,aefb6c9d39a9859a,proxy_quality_from_locked_manifest_no_transcript_text_exported,low
122,L203FYqE18s,MSFT,Microsoft,The Investor Channel,2023-07-07,sell,3,60,60,90,1,sell,False,False,False,False,False,,,70,False,False,3d17e647735ada61,proxy_quality_from_locked_manifest_no_transcript_text_exported,medium
123,L203FYqE18s,AAPL,Apple,The Investor Channel,2023-07-07,buy,3,65,65,90,1,buy,False,False,False,False,False,,,70,False,True,d36f945b8b12e5c1,proxy_quality_from_locked_manifest_no_transcript_text_exported,medium
124,L203FYqE18s,AMZN,Amazon,The Investor Channel,2023-07-07,buy,3,65,65,90,1,buy,False,False,False,False,False,,,70,False,True,5a2cf2530274e0c1,proxy_quality_from_locked_manifest_no_transcript_text_exported,medium
125,L203FYqE18s,GOOGL,Alphabet,The Investor Channel,2023-07-07,sell,3,60,60,90,1,sell,False,False,False,False,False,,,70,False,False,ce503f888c6b9e93,proxy_quality_from_locked_manifest_no_transcript_text_exported,medium
126,LOFBkmLXKpg,GOOGL,Alphabet,Couch Investor,2025-08-19,buy,4,90,90,90,1,buy,False,False,False,False,False,,,20,True,False,4088795270510436,proxy_quality_from_locked_manifest_no_transcript_text_exported,high
127,LOS2PyV2pqo,NVDA,Nvidia,Jose Najarro Stocks,2025-08-28,buy,3,75,75,90,1,buy,False,False,False,False,False,,,20,True,True,2c0780910b15460e,proxy_quality_from_locked_manifest_no_transcript_text_exported,high
128,LOS2PyV2pqo,GOOGL,Alphabet,Jose Najarro Stocks,2025-08-28,buy,3,70,70,90,1,buy,False,False,False,False,False,,,20,True,False,fbcc798397753daa,proxy_quality_from_locked_manifest_no_transcript_text_exported,medium
129,LSUYcqxepAM,GOOGL,Alphabet,Jose Najarro Stocks,2025-09-04,sell,3,60,60,90,1,sell,False,False,False,False,False,,,70,False,False,065b70690f301770,proxy_quality_from_locked_manifest_no_transcript_text_exported,medium
130,LUz2iGASKj8,AAPL,Apple,The Investor Channel,2023-03-31,buy,3,65,65,90,1,buy,False,False,False,False,False,,,70,False,True,e2be83ab4cd6bd5e,proxy_quality_from_locked_manifest_no_transcript_text_exported,medium
131,LW5PYybSaQc,AMZN,Amazon,The Investor Channel,2023-02-02,sell,3,65,65,90,1,sell,False,False,False,False,False,,,70,False,True,49cf6283009bf2a7,proxy_quality_from_locked_manifest_no_transcript_text_exported,medium
132,LYrD77UnYwc,PYPL,PayPal,Couch Investor,2025-09-03,buy,3,70,70,90,1,buy,False,False,False,False,False,,,20,True,False,1cdad0dd58d47671,proxy_quality_from_locked_manifest_no_transcript_text_exported,medium
133,LYrD77UnYwc,AAPL,Apple,Couch Investor,2025-09-03,buy,4,95,95,90,1,buy,False,False,False,False,False,,,20,True,True,3a5362af9074fa97,proxy_quality_from_locked_manifest_no_transcript_text_exported,high
134,M591u02m3m4,TSLA,Tesla,"Mark Roussin, CPA",2023-11-06,sell,3,65,65,90,1,sell,False,False,False,False,False,,,70,False,True,76e6290297e1eb48,proxy_quality_from_locked_manifest_no_transcript_text_exported,medium
135,MD9aPvypKlU,NVDA,Nvidia,Jose Najarro Stocks,2025-07-16,buy,4,95,95,90,1,buy,False,False,False,False,False,,,20,True,True,0bd423d63d54d7de,proxy_quality_from_locked_manifest_no_transcript_text_exported,high
136,MQ86Mut9A9I,AMD,nan,"Parkev Tatevosian, CFA",2026-02-22,buy,2,55,55,90,1,buy,True,True,False,False,False,,,20,True,True,4868938b88b441c7,proxy_quality_from_locked_manifest_no_transcript_text_exported,medium
137,MQ86Mut9A9I,AMD,nan,"Parkev Tatevosian, CFA",2026-02-22,sell,3,75,75,90,1,sell,False,False,False,False,False,,,20,True,True,abce4d8addcff91b,proxy_quality_from_locked_manifest_no_transcript_text_exported,high
138,MdBJZubgoCU,PYPL,PayPal,Jose Najarro Stocks,2025-08-19,buy,2,40,40,90,1,buy,True,True,False,False,False,,,70,False,False,bce427d0ef38987e,proxy_quality_from_locked_manifest_no_transcript_text_exported,low
139,MdBJZubgoCU,PYPL,PayPal,Jose Najarro Stocks,2025-08-19,buy,3,60,60,90,1,buy,False,False,False,False,False,,,70,False,False,c35a5da7dcd36554,proxy_quality_from_locked_manifest_no_transcript_text_exported,medium
140,MdBJZubgoCU,SOFI,SoFi,Jose Najarro Stocks,2025-08-19,buy,3,60,60,90,1,buy,False,False,False,False,False,,,70,False,False,c5de5956f3537eb3,proxy_quality_from_locked_manifest_no_transcript_text_exported,medium
141,MdBJZubgoCU,GOOGL,Alphabet,Jose Najarro Stocks,2025-08-19,buy,3,60,60,90,1,buy,False,False,False,False,False,,,70,False,False,853b53fd10853b53,proxy_quality_from_locked_manifest_no_transcript_text_exported,medium
142,MiggHZyISvg,AAPL,Apple,The Investor Channel,2023-09-22,buy,3,65,65,90,1,buy,False,False,False,False,False,,,70,False,True,0be8e0ea44c63659,proxy_quality_from_locked_manifest_no_transcript_text_exported,medium
143,MiggHZyISvg,AMZN,Amazon,The Investor Channel,2023-09-22,buy,3,65,65,90,1,buy,False,False,False,False,False,,,70,False,True,9de4ddd1fe5d75d7,proxy_quality_from_locked_manifest_no_transcript_text_exported,medium
144,MiggHZyISvg,GOOGL,Alphabet,The Investor Channel,2023-09-22,buy,3,60,60,90,1,buy,False,False,False,False,False,,,70,False,False,f95f9ca261426164,proxy_quality_from_locked_manifest_no_transcript_text_exported,medium
145,MiggHZyISvg,TSLA,Tesla,The Investor Channel,2023-09-22,buy,3,65,65,90,1,buy,False,False,False,False,False,,,70,False,True,f38bc2420753a2ea,proxy_quality_from_locked_manifest_no_transcript_text_exported,medium
146,MiggHZyISvg,TSLA,Tesla,The Investor Channel,2023-09-22,buy,3,65,65,90,1,buy,False,False,False,False,False,,,70,False,True,50386c388eed22df,proxy_quality_from_locked_manifest_no_transcript_text_exported,medium
147,MmUhgfTMrZg,NVDA,Nvidia,The Investor Channel,2023-02-17,sell,3,65,65,90,1,sell,False,False,False,False,False,,,70,False,True,4f614bcce8e7cc55,proxy_quality_from_locked_manifest_no_transcript_text_exported,medium
148,NaFTklG243s,AMD,nan,"Parkev Tatevosian, CFA",2026-02-25,buy,3,65,65,90,1,buy,False,False,False,False,False,,,70,False,True,25e59dfa28791b38,proxy_quality_from_locked_manifest_no_transcript_text_exported,medium
149,Nbe51cQi5zA,NVDA,Nvidia,"Parkev Tatevosian, CFA",2026-03-12,buy,4,95,95,90,1,buy,False,False,False,False,False,,,20,True,True,d267d996f053b3b9,proxy_quality_from_locked_manifest_no_transcript_text_exported,high
150,Ogtt6YIOnwY,AMD,nan,Couch Investor,2025-08-14,buy,3,75,75,90,1,buy,False,False,False,False,False,,,20,True,True,0355a70fe9831535,proxy_quality_from_locked_manifest_no_transcript_text_exported,high
151,OiynXzBbo90,NVDA,Nvidia,Jose Najarro Stocks,2025-08-22,sell,3,75,75,90,1,sell,False,False,False,False,False,,,20,True,True,23f214ed54dbfcfa,proxy_quality_from_locked_manifest_no_transcript_text_exported,high
152,P39lHxm2V_Q,MSFT,Microsoft,Dividendology,2024-08-12,sell,3,70,70,90,1,sell,False,False,False,False,False,,,20,True,False,ea543adaf430d64a,proxy_quality_from_locked_manifest_no_transcript_text_exported,medium
153,P39lHxm2V_Q,MSFT,Microsoft,Dividendology,2024-08-12,buy,3,70,70,90,1,buy,False,False,False,False,False,,,20,True,False,07d313f106948042,proxy_quality_from_locked_manifest_no_transcript_text_exported,medium
154,P39lHxm2V_Q,MSFT,Microsoft,Dividendology,2024-08-12,sell,3,70,70,90,1,sell,False,False,False,False,False,,,20,True,False,6319360d10c1f46d,proxy_quality_from_locked_manifest_no_transcript_text_exported,medium
155,P39lHxm2V_Q,MSFT,Microsoft,Dividendology,2024-08-12,buy,3,70,70,90,1,buy,False,False,False,False,False,,,20,True,False,b4bd4371d41e0611,proxy_quality_from_locked_manifest_no_transcript_text_exported,medium
156,P39lHxm2V_Q,MSFT,Microsoft,Dividendology,2024-08-12,buy,3,70,70,90,1,buy,False,False,False,False,False,,,20,True,False,e0939c20c277f97d,proxy_quality_from_locked_manifest_no_transcript_text_exported,medium
157,P39lHxm2V_Q,MSFT,Microsoft,Dividendology,2024-08-12,buy,3,70,70,90,1,buy,False,False,False,False,False,,,20,True,False,6d6a5add5bbec961,proxy_quality_from_locked_manifest_no_transcript_text_exported,medium
158,P5Q_TvlGI2k,TSLA,Tesla,Couch Investor,2025-09-15,buy,3,75,75,90,1,buy,False,False,False,False,False,,,20,True,True,11a646ef44533c9b,proxy_quality_from_locked_manifest_no_transcript_text_exported,high
159,P5Q_TvlGI2k,TSLA,Tesla,Couch Investor,2025-09-15,buy,3,75,75,90,1,buy,False,False,False,False,False,,,20,True,True,76931dd588e301c0,proxy_quality_from_locked_manifest_no_transcript_text_exported,high
160,P5Q_TvlGI2k,NVDA,Nvidia,Couch Investor,2025-09-15,buy,3,75,75,90,1,buy,False,False,False,False,False,,,20,True,True,f7b27b3940cad019,proxy_quality_from_locked_manifest_no_transcript_text_exported,high
161,P5Q_TvlGI2k,NVDA,Nvidia,Couch Investor,2025-09-15,sell,3,75,75,90,1,sell,False,False,False,False,False,,,20,True,True,a97444a30d666795,proxy_quality_from_locked_manifest_no_transcript_text_exported,high
162,PQ13EzRF-iU,AMD,nan,Jose Najarro Stocks,2025-08-05,buy,3,65,65,90,1,buy,False,False,False,False,False,,,70,False,True,0158868efefdca39,proxy_quality_from_locked_manifest_no_transcript_text_exported,medium
163,PQ13EzRF-iU,GOOGL,Alphabet,Jose Najarro Stocks,2025-08-05,buy,3,60,60,90,1,buy,False,False,False,False,False,,,70,False,False,f3dd03638757f9f6,proxy_quality_from_locked_manifest_no_transcript_text_exported,medium
164,PQ13EzRF-iU,AMZN,Amazon,Jose Najarro Stocks,2025-08-05,buy,3,65,65,90,1,buy,False,False,False,False,False,,,70,False,True,602b931bb8d67ae6,proxy_quality_from_locked_manifest_no_transcript_text_exported,medium
165,PhvCZV12D5M,MSFT,Microsoft,"Parkev Tatevosian, CFA",2026-03-09,buy,2,50,50,90,1,buy,True,True,False,False,False,,,20,True,False,cda3f6c299514d5c,proxy_quality_from_locked_manifest_no_transcript_text_exported,medium
166,PhvCZV12D5M,MSFT,Microsoft,"Parkev Tatevosian, CFA",2026-03-09,buy,3,70,70,90,1,buy,False,False,False,False,False,,,20,True,False,f4a5965e1f3bb300,proxy_quality_from_locked_manifest_no_transcript_text_exported,medium
167,PuL8wm2jDU8,AMZN,Amazon,"Mark Roussin, CPA",2024-01-05,buy,4,85,85,90,1,buy,False,False,False,False,False,,,70,False,True,b017ab39c635be5f,proxy_quality_from_locked_manifest_no_transcript_text_exported,high
168,RCkD9ot0sL0,MSFT,Microsoft,Dividendology,2024-09-20,buy,3,70,70,90,1,buy,False,False,False,False,False,,,20,True,False,28cd028f3fb0dcb8,proxy_quality_from_locked_manifest_no_transcript_text_exported,medium
169,RTqgOz5CG4s,NVDA,Nvidia,Dividend Bull,2023-12-15,buy,3,65,65,90,1,buy,False,False,False,False,False,,,70,False,True,fcf429e829085c58,proxy_quality_from_locked_manifest_no_transcript_text_exported,medium
170,RVY_gaWTBf8,TSLA,Tesla,The Investor Channel,2023-08-04,buy,3,65,65,90,1,buy,False,False,False,False,False,,,70,False,True,f2f9910ea5f5a8cb,proxy_quality_from_locked_manifest_no_transcript_text_exported,medium
171,RVY_gaWTBf8,NVDA,Nvidia,The Investor Channel,2023-08-04,buy,3,65,65,90,1,buy,False,False,False,False,False,,,70,False,True,2a0c8729d6da8f2f,proxy_quality_from_locked_manifest_no_transcript_text_exported,medium
172,S5qPHBVOx6s,AMD,nan,Couch Investor,2025-08-05,buy,3,65,65,90,1,buy,False,False,False,False,False,,,70,False,True,f76a9ff8e57f5624,proxy_quality_from_locked_manifest_no_transcript_text_exported,medium
173,S5qPHBVOx6s,AMD,nan,Couch Investor,2025-08-05,sell,3,65,65,90,1,sell,False,False,False,False,False,,,70,False,True,a5411517cf03c920,proxy_quality_from_locked_manifest_no_transcript_text_exported,medium
174,S5qPHBVOx6s,GOOGL,Alphabet,Couch Investor,2025-08-05,buy,3,60,60,90,1,buy,False,False,False,False,False,,,70,False,False,b0dd950589c1bc6f,proxy_quality_from_locked_manifest_no_transcript_text_exported,medium
175,S5qPHBVOx6s,AMZN,Amazon,Couch Investor,2025-08-05,buy,3,65,65,90,1,buy,False,False,False,False,False,,,70,False,True,bfd4383dc1e678bb,proxy_quality_from_locked_manifest_no_transcript_text_exported,medium
176,SD5NKdETIs0,UBER,Uber,"Parkev Tatevosian, CFA",2026-03-03,buy,2,40,40,90,1,buy,True,True,False,False,False,,,70,False,False,34ab1275877a1239,proxy_quality_from_locked_manifest_no_transcript_text_exported,low
177,SFBjjF7uLeY,MSFT,Microsoft,The Investor Channel,2023-01-25,buy,2,40,40,90,1,buy,True,True,False,False,False,,,70,False,False,83df7664134e28cd,proxy_quality_from_locked_manifest_no_transcript_text_exported,low
178,SS6iA7rkR0I,NVDA,Nvidia,Jose Najarro Stocks,2025-07-19,sell,3,75,75,90,1,sell,False,False,False,False,False,,,20,True,True,6dd47dd78890ab52,proxy_quality_from_locked_manifest_no_transcript_text_exported,high
179,SgZ_mSY9Wcs,AMD,nan,Couch Investor,2025-08-05,buy,3,75,75,90,1,buy,False,False,False,False,False,,,20,True,True,64f4cca9e65518fc,proxy_quality_from_locked_manifest_no_transcript_text_exported,high
180,St89OhMFi08,AMD,nan,Jose Najarro Stocks,2025-08-05,buy,3,75,75,90,1,buy,False,False,False,False,False,,,20,True,True,deb8ca38602ab868,proxy_quality_from_locked_manifest_no_transcript_text_exported,high
181,TjFsAeG7rLM,NVDA,Nvidia,Jose Najarro Stocks,2025-08-17,buy,4,95,95,90,1,buy,False,False,False,False,False,,,20,True,True,8939c3182d1a65ab,proxy_quality_from_locked_manifest_no_transcript_text_exported,high
182,UDqLvS18EwY,SHOP,Shopify,The Investor Channel,2023-08-18,sell,3,60,60,90,1,sell,False,False,False,False,False,,,70,False,False,4f81acf7325cfb40,proxy_quality_from_locked_manifest_no_transcript_text_exported,medium
183,UDqLvS18EwY,NVDA,Nvidia,The Investor Channel,2023-08-18,buy,3,65,65,90,1,buy,False,False,False,False,False,,,70,False,True,065d94e05f8323d7,proxy_quality_from_locked_manifest_no_transcript_text_exported,medium
184,UDqLvS18EwY,GOOGL,Alphabet,The Investor Channel,2023-08-18,buy,3,60,60,90,1,buy,False,False,False,False,False,,,70,False,False,6e57551b6d435e3e,proxy_quality_from_locked_manifest_no_transcript_text_exported,medium
185,UDqLvS18EwY,MSFT,Microsoft,The Investor Channel,2023-08-18,buy,3,60,60,90,1,buy,False,False,False,False,False,,,70,False,False,bb5de5be18ca1464,proxy_quality_from_locked_manifest_no_transcript_text_exported,medium
186,UoT3BZRjozE,DIS,Disney,The Investor Channel,2023-02-08,buy,3,60,60,90,1,buy,False,False,False,False,False,,,70,False,False,4ce13474e31d5958,proxy_quality_from_locked_manifest_no_transcript_text_exported,medium
187,V2n8fGThJas,NVDA,Nvidia,Jose Najarro Stocks,2025-07-25,buy,3,65,65,90,1,buy,False,False,False,False,False,,,70,False,True,1110738287288cbc,proxy_quality_from_locked_manifest_no_transcript_text_exported,medium
188,V81J4r1Ynwo,AMZN,Amazon,The Investor Channel,2023-04-27,buy,3,65,65,90,1,buy,False,False,False,False,False,,,70,False,True,97db1c904452189d,proxy_quality_from_locked_manifest_no_transcript_text_exported,medium
189,WZn7DEvbUSg,NVDA,Nvidia,Jose Najarro Stocks,2025-07-16,buy,3,65,65,90,1,buy,False,False,False,False,False,,,70,False,True,31c6382d46db053f,proxy_quality_from_locked_manifest_no_transcript_text_exported,medium
190,WnC3Y0FeI4w,MSFT,Microsoft,"Parkev Tatevosian, CFA",2026-03-10,sell,4,90,90,90,1,sell,False,False,False,False,False,,,20,True,False,f1aa52e8fa1bd0d1,proxy_quality_from_locked_manifest_no_transcript_text_exported,high
191,WnC3Y0FeI4w,MSFT,Microsoft,"Parkev Tatevosian, CFA",2026-03-10,sell,3,70,70,90,1,sell,False,False,False,False,False,,,20,True,False,9e37dddd9bff10c9,proxy_quality_from_locked_manifest_no_transcript_text_exported,medium
192,WuXwBigWRnM,MSFT,Microsoft,"Mark Roussin, CPA",2023-09-25,buy,4,80,80,90,1,buy,False,False,False,False,False,,,70,False,False,3a81bc2b22abb459,proxy_quality_from_locked_manifest_no_transcript_text_exported,high
193,XIFBe1sQ154,AMD,nan,Jose Najarro Stocks,2025-08-10,sell,3,75,75,90,1,sell,False,False,False,False,False,,,20,True,True,c1f70278fba4990a,proxy_quality_from_locked_manifest_no_transcript_text_exported,high
194,XIFBe1sQ154,NVDA,Nvidia,Jose Najarro Stocks,2025-08-10,sell,3,75,75,90,1,sell,False,False,False,False,False,,,20,True,True,9f493e9ccff4419b,proxy_quality_from_locked_manifest_no_transcript_text_exported,high
195,XJhgSiCH4Bs,PYPL,PayPal,Couch Investor,2025-08-18,buy,2,50,50,90,1,buy,True,True,False,False,False,,,20,True,False,cf54eaea6155db5e,proxy_quality_from_locked_manifest_no_transcript_text_exported,medium
196,XJhgSiCH4Bs,SOFI,SoFi,Couch Investor,2025-08-18,buy,3,70,70,90,1,buy,False,False,False,False,False,,,20,True,False,41acb9296cec8d6d,proxy_quality_from_locked_manifest_no_transcript_text_exported,medium
197,XJhgSiCH4Bs,GOOGL,Alphabet,Couch Investor,2025-08-18,buy,3,70,70,90,1,buy,False,False,False,False,False,,,20,True,False,7ee88f25fda1e894,proxy_quality_from_locked_manifest_no_transcript_text_exported,medium
198,XSUg0rwuMaM,AMD,nan,Couch Investor,2025-08-11,sell,3,75,75,90,1,sell,False,False,False,False,False,,,20,True,True,2a1dc5a7fc6407e5,proxy_quality_from_locked_manifest_no_transcript_text_exported,high
199,XSUg0rwuMaM,AMD,nan,Couch Investor,2025-08-11,buy,3,75,75,90,1,buy,False,False,False,False,False,,,20,True,True,af9cd0ef75e7e305,proxy_quality_from_locked_manifest_no_transcript_text_exported,high
200,XSUg0rwuMaM,AMD,nan,Couch Investor,2025-08-11,sell,3,75,75,90,1,sell,False,False,False,False,False,,,20,True,True,9362f04b7e5a1b9b,proxy_quality_from_locked_manifest_no_transcript_text_exported,high
201,XSUg0rwuMaM,AMD,nan,Couch Investor,2025-08-11,sell,3,75,75,90,1,sell,False,False,False,False,False,,,20,True,True,91e9e1c6d263a524,proxy_quality_from_locked_manifest_no_transcript_text_exported,high
202,XSUg0rwuMaM,NVDA,Nvidia,Couch Investor,2025-08-11,sell,3,75,75,90,1,sell,False,False,False,False,False,,,20,True,True,5c5836aaed4e71f8,proxy_quality_from_locked_manifest_no_transcript_text_exported,high
203,XSUg0rwuMaM,NVDA,Nvidia,Couch Investor,2025-08-11,sell,3,75,75,90,1,sell,False,False,False,False,False,,,20,True,True,5113fdc25b8b9712,proxy_quality_from_locked_manifest_no_transcript_text_exported,high
204,XZ5iutKcq3c,UBER,Uber,"Parkev Tatevosian, CFA",2026-03-19,buy,2,50,50,90,1,buy,True,True,False,False,False,,,20,True,False,16f8d21b23b72a06,proxy_quality_from_locked_manifest_no_transcript_text_exported,medium
205,XZ5iutKcq3c,UBER,Uber,"Parkev Tatevosian, CFA",2026-03-19,buy,3,70,70,90,1,buy,False,False,False,False,False,,,20,True,False,fe3fd238682cd3fc,proxy_quality_from_locked_manifest_no_transcript_text_exported,medium
206,Y4NVOCAnKzI,AAPL,Apple,"Mark Roussin, CPA",2024-01-18,sell,2,55,55,90,1,sell,True,True,False,False,False,,,20,True,True,03512fcf5978b267,proxy_quality_from_locked_manifest_no_transcript_text_exported,medium
207,Y4NVOCAnKzI,AAPL,Apple,"Mark Roussin, CPA",2024-01-18,sell,3,75,75,90,1,sell,False,False,False,False,False,,,20,True,True,68191446fa223544,proxy_quality_from_locked_manifest_no_transcript_text_exported,high
208,Y4NVOCAnKzI,NVDA,Nvidia,"Mark Roussin, CPA",2024-01-18,buy,3,75,75,90,1,buy,False,False,False,False,False,,,20,True,True,803c8a8006785dc4,proxy_quality_from_locked_manifest_no_transcript_text_exported,high
209,Y4NVOCAnKzI,GOOGL,Alphabet,"Mark Roussin, CPA",2024-01-18,buy,3,70,70,90,1,buy,False,False,False,False,False,,,20,True,False,a235160518f5972d,proxy_quality_from_locked_manifest_no_transcript_text_exported,medium
210,YNxgKIqwPew,PYPL,PayPal,The Investor Channel,2023-08-06,buy,3,70,70,90,1,buy,False,False,False,False,False,,,20,True,False,f4eda49bd06473e3,proxy_quality_from_locked_manifest_no_transcript_text_exported,medium
211,YVPkNk3gVI8,AMD,nan,"Parkev Tatevosian, CFA",2026-02-09,buy,3,75,75,90,1,buy,False,False,False,False,False,,,20,True,True,826b28537a5a259f,proxy_quality_from_locked_manifest_no_transcript_text_exported,high
212,YVPkNk3gVI8,AMD,nan,"Parkev Tatevosian, CFA",2026-02-09,buy,3,75,75,90,1,buy,False,False,False,False,False,,,20,True,True,bf7ad0c55c89191b,proxy_quality_from_locked_manifest_no_transcript_text_exported,high
213,YVPkNk3gVI8,AMD,nan,"Parkev Tatevosian, CFA",2026-02-09,buy,3,75,75,90,1,buy,False,False,False,False,False,,,20,True,True,681c31909a7ae3c4,proxy_quality_from_locked_manifest_no_transcript_text_exported,high
214,YVPkNk3gVI8,NVDA,Nvidia,"Parkev Tatevosian, CFA",2026-02-09,buy,2,55,55,90,1,buy,True,True,False,False,False,,,20,True,True,9ca11d7b3870ae8a,proxy_quality_from_locked_manifest_no_transcript_text_exported,medium
215,YkhnRbBTtPs,NVDA,Nvidia,Couch Investor,2025-08-11,buy,5,100,100,90,1,buy,False,False,False,False,False,,,20,True,True,0fe53961781037dc,proxy_quality_from_locked_manifest_no_transcript_text_exported,high
216,YohV6wKnHHI,TSLA,Tesla,The Investor Channel,2023-04-19,sell,3,65,65,90,1,sell,False,False,False,False,False,,,70,False,True,14680fb61b941b5e,proxy_quality_from_locked_manifest_no_transcript_text_exported,medium
217,YohV6wKnHHI,NVDA,Nvidia,The Investor Channel,2023-04-19,buy,3,65,65,90,1,buy,False,False,False,False,False,,,70,False,True,a9c0c51ca577260e,proxy_quality_from_locked_manifest_no_transcript_text_exported,medium
218,ZTDmzaBxq6Y,PYPL,PayPal,Couch Investor,2025-08-24,buy,3,70,70,90,1,buy,False,False,False,False,False,,,20,True,False,7d7782bd30755773,proxy_quality_from_locked_manifest_no_transcript_text_exported,medium
219,Zvssf-n6JsE,NFLX,Netflix,The Investor Channel,2023-03-24,buy,3,60,60,90,1,buy,False,False,False,False,False,,,70,False,False,fb939a424b59a7ff,proxy_quality_from_locked_manifest_no_transcript_text_exported,medium
220,_2ZHIcyoupo,AAPL,Apple,The Investor Channel,2023-04-28,buy,3,65,65,90,1,buy,False,False,False,False,False,,,70,False,True,a58aba77f4913c0c,proxy_quality_from_locked_manifest_no_transcript_text_exported,medium
221,_2ZHIcyoupo,AAPL,Apple,The Investor Channel,2023-04-28,buy,3,65,65,90,1,buy,False,False,False,False,False,,,70,False,True,4a7400dd203fac9b,proxy_quality_from_locked_manifest_no_transcript_text_exported,medium
222,_2ZHIcyoupo,AMZN,Amazon,The Investor Channel,2023-04-28,buy,3,65,65,90,1,buy,False,False,False,False,False,,,70,False,True,26d9ad62a46b35c0,proxy_quality_from_locked_manifest_no_transcript_text_exported,medium
223,_2ZHIcyoupo,TSLA,Tesla,The Investor Channel,2023-04-28,buy,3,65,65,90,1,buy,False,False,False,False,False,,,70,False,True,c73caf3a05094e03,proxy_quality_from_locked_manifest_no_transcript_text_exported,medium
224,_6AAcgMidn8,GOOGL,Alphabet,Couch Investor,2025-08-31,sell,3,70,70,90,1,sell,False,False,False,False,False,,,20,True,False,9c5ca8231a8f0340,proxy_quality_from_locked_manifest_no_transcript_text_exported,medium
225,a201UgqFksc,AAPL,Apple,The Investor Channel,2023-04-07,buy,3,65,65,90,1,buy,False,False,False,False,False,,,70,False,True,127c66184b97bd38,proxy_quality_from_locked_manifest_no_transcript_text_exported,medium
226,a747blHtGTw,NVDA,Nvidia,Couch Investor,2025-08-27,buy,3,65,65,90,1,buy,False,False,False,False,False,,,70,False,True,916f334e38b0dc73,proxy_quality_from_locked_manifest_no_transcript_text_exported,medium
227,a747blHtGTw,NVDA,Nvidia,Couch Investor,2025-08-27,buy,3,65,65,90,1,buy,False,False,False,False,False,,,70,False,True,e031763b9dd9e2fa,proxy_quality_from_locked_manifest_no_transcript_text_exported,medium
228,a8FTVi563ko,NVDA,Nvidia,The Investor Channel,2023-07-14,buy,3,65,65,90,1,buy,False,False,False,False,False,,,70,False,True,0fa972859d526a42,proxy_quality_from_locked_manifest_no_transcript_text_exported,medium
229,aUJ23FNHidI,SHOP,Shopify,The Investor Channel,2023-02-16,sell,3,60,60,90,1,sell,False,False,False,False,False,,,70,False,False,81608c582ea269e6,proxy_quality_from_locked_manifest_no_transcript_text_exported,medium
230,aUJ23FNHidI,META,Meta,The Investor Channel,2023-02-16,sell,3,60,60,90,1,sell,False,False,False,False,False,,,70,False,False,e168a11fb592dcfc,proxy_quality_from_locked_manifest_no_transcript_text_exported,medium
231,aUJ23FNHidI,AMZN,Amazon,The Investor Channel,2023-02-16,buy,3,65,65,90,1,buy,False,False,False,False,False,,,70,False,True,da2f11ed81470b7c,proxy_quality_from_locked_manifest_no_transcript_text_exported,medium
232,aWhISB2Q1kM,MSFT,Microsoft,"Parkev Tatevosian, CFA",2026-02-19,sell,3,60,60,90,1,sell,False,False,False,False,False,,,70,False,False,d8df7c82734a12b4,proxy_quality_from_locked_manifest_no_transcript_text_exported,medium
233,afLq38XS0r0,GOOGL,Alphabet,The Investor Channel,2023-04-25,buy,3,60,60,90,1,buy,False,False,False,False,False,,,70,False,False,fa17082a5fb74688,proxy_quality_from_locked_manifest_no_transcript_text_exported,medium
234,bZ_Q8CdmSw0,NFLX,Netflix,"Parkev Tatevosian, CFA",2026-03-10,buy,3,60,60,90,1,buy,False,False,False,False,False,,,70,False,False,c78c7fd3ad566656,proxy_quality_from_locked_manifest_no_transcript_text_exported,medium
235,btE2UZZYReU,UBER,Uber,"Parkev Tatevosian, CFA",2026-02-07,buy,3,70,70,90,1,buy,False,False,False,False,False,,,20,True,False,c1ecf86d16d28418,proxy_quality_from_locked_manifest_no_transcript_text_exported,medium
236,bybEREMXLTA,MSFT,Microsoft,"Parkev Tatevosian, CFA",2026-02-24,buy,3,60,60,90,1,buy,False,False,False,False,False,,,70,False,False,716e45ede715695c,proxy_quality_from_locked_manifest_no_transcript_text_exported,medium
237,bybEREMXLTA,MSFT,Microsoft,"Parkev Tatevosian, CFA",2026-02-24,buy,2,40,40,90,1,buy,True,True,False,False,False,,,70,False,False,37c3a4df7a1a90ba,proxy_quality_from_locked_manifest_no_transcript_text_exported,low
238,cE-YZcHRNz8,TSLA,Tesla,The Investor Channel,2023-04-21,buy,4,85,85,90,1,buy,False,False,False,False,False,,,70,False,True,5d632a937f7e7107,proxy_quality_from_locked_manifest_no_transcript_text_exported,high
239,cE-YZcHRNz8,TSLA,Tesla,The Investor Channel,2023-04-21,buy,5,100,100,90,1,buy,False,False,False,False,False,,,70,False,True,a1f46840c6d1462a,proxy_quality_from_locked_manifest_no_transcript_text_exported,high
240,cHP26eV1bYU,AMC,nan,The Investor Channel,2023-03-28,buy,3,60,60,90,1,buy,False,False,False,False,False,,,70,False,False,0ff2c088a4c3fdf4,proxy_quality_from_locked_manifest_no_transcript_text_exported,medium
241,cHP26eV1bYU,AMZN,Amazon,The Investor Channel,2023-03-28,buy,3,65,65,90,1,buy,False,False,False,False,False,,,70,False,True,adaf4a695f8cd8b2,proxy_quality_from_locked_manifest_no_transcript_text_exported,medium
242,cHP26eV1bYU,AMZN,Amazon,The Investor Channel,2023-03-28,buy,3,65,65,90,1,buy,False,False,False,False,False,,,70,False,True,91dd4adbb4a28ce6,proxy_quality_from_locked_manifest_no_transcript_text_exported,medium
243,cHP26eV1bYU,AMZN,Amazon,The Investor Channel,2023-03-28,buy,3,65,65,90,1,buy,False,False,False,False,False,,,70,False,True,f100a359618156b2,proxy_quality_from_locked_manifest_no_transcript_text_exported,medium
244,cPwqjwQUXnY,DIS,Disney,"Mark Roussin, CPA",2023-11-17,buy,4,80,80,90,1,buy,False,False,False,False,False,,,70,False,False,2985a81edb5abb85,proxy_quality_from_locked_manifest_no_transcript_text_exported,high
245,cPwqjwQUXnY,AAPL,Apple,"Mark Roussin, CPA",2023-11-17,buy,4,85,85,90,1,buy,False,False,False,False,False,,,70,False,True,cb3f125199ce2f4d,proxy_quality_from_locked_manifest_no_transcript_text_exported,high
246,dHw6Q5198dc,AAPL,Apple,"Value Investing with Sven Carlin, Ph.D.",2025-09-13,buy,3,75,75,90,1,buy,False,False,False,False,False,,,20,True,True,f524bdea2153339f,proxy_quality_from_locked_manifest_no_transcript_text_exported,high
247,dP7YEnFTLz8,TSLA,Tesla,The Investor Channel,2023-07-19,buy,3,65,65,90,1,buy,False,False,False,False,False,,,70,False,True,8e44b47c9cfaeea9,proxy_quality_from_locked_manifest_no_transcript_text_exported,medium
248,dantlSyvqTA,META,Meta,"Parkev Tatevosian, CFA",2026-03-08,buy,3,70,70,90,1,buy,False,False,False,False,False,,,20,True,False,8de70f38aea150f5,proxy_quality_from_locked_manifest_no_transcript_text_exported,medium
249,dm8n8UDiE1E,MSFT,Microsoft,"Mark Roussin, CPA",2024-02-12,buy,3,60,60,90,1,buy,False,False,False,False,False,,,70,False,False,a401d9b3382d7fe7,proxy_quality_from_locked_manifest_no_transcript_text_exported,medium
250,dmq4mGV6cns,MSFT,Microsoft,The Investor Channel,2023-03-08,buy,3,60,60,90,1,buy,False,False,False,False,False,,,70,False,False,4e711c5cc9353118,proxy_quality_from_locked_manifest_no_transcript_text_exported,medium
251,f0A0avZH-Bo,MSFT,Microsoft,Dividendology,2024-10-02,buy,3,70,70,90,1,buy,False,False,False,False,False,,,20,True,False,e526b55a0a6a385e,proxy_quality_from_locked_manifest_no_transcript_text_exported,medium
252,fEddj8s8az8,NVDA,Nvidia,Jose Najarro Stocks,2025-08-11,buy,5,100,100,90,1,buy,False,False,False,False,False,,,20,True,True,a93cf774d9fb7781,proxy_quality_from_locked_manifest_no_transcript_text_exported,high
253,fOUYCspyUVQ,PYPL,PayPal,Couch Investor,2025-08-20,buy,3,70,70,90,1,buy,False,False,False,False,False,,,20,True,False,eaf15de7307c47f0,proxy_quality_from_locked_manifest_no_transcript_text_exported,medium
254,fOUYCspyUVQ,NVDA,Nvidia,Couch Investor,2025-08-20,buy,3,75,75,90,1,buy,False,False,False,False,False,,,20,True,True,dc0044126f697ec6,proxy_quality_from_locked_manifest_no_transcript_text_exported,high
255,fOUYCspyUVQ,SOFI,SoFi,Couch Investor,2025-08-20,buy,3,70,70,90,1,buy,False,False,False,False,False,,,20,True,False,39ac032724ae4e41,proxy_quality_from_locked_manifest_no_transcript_text_exported,medium
256,fOUYCspyUVQ,AMD,nan,Couch Investor,2025-08-20,buy,3,75,75,90,1,buy,False,False,False,False,False,,,20,True,True,3e1e5b1fd06a0e3e,proxy_quality_from_locked_manifest_no_transcript_text_exported,high
257,fTSQ5OIPc3c,AMD,nan,Couch Investor,2025-08-27,sell,3,65,65,90,1,sell,False,False,False,False,False,,,70,False,True,f0c1513df5c37cd1,proxy_quality_from_locked_manifest_no_transcript_text_exported,medium
258,fTSQ5OIPc3c,NVDA,Nvidia,Couch Investor,2025-08-27,buy,4,85,85,90,1,buy,False,False,False,False,False,,,70,False,True,6d7624261fef787e,proxy_quality_from_locked_manifest_no_transcript_text_exported,high
259,fdMKEkJj7kU,AAPL,Apple,The Investor Channel,2023-06-09,sell,3,65,65,90,1,sell,False,False,False,False,False,,,70,False,True,61e84863472d3a6c,proxy_quality_from_locked_manifest_no_transcript_text_exported,medium
260,fdMKEkJj7kU,AAPL,Apple,The Investor Channel,2023-06-09,buy,3,65,65,90,1,buy,False,False,False,False,False,,,70,False,True,9e9cda0cadba18fa,proxy_quality_from_locked_manifest_no_transcript_text_exported,medium
261,fdMKEkJj7kU,AMZN,Amazon,The Investor Channel,2023-06-09,buy,2,45,45,90,1,buy,True,True,False,False,False,,,70,False,True,3e49a1d010bc11ab,proxy_quality_from_locked_manifest_no_transcript_text_exported,low
262,fdMKEkJj7kU,GOOGL,Alphabet,The Investor Channel,2023-06-09,buy,3,60,60,90,1,buy,False,False,False,False,False,,,70,False,False,fddea8434d309cf7,proxy_quality_from_locked_manifest_no_transcript_text_exported,medium
263,fgJbQDty1X0,MSFT,Microsoft,"Parkev Tatevosian, CFA",2026-02-21,buy,2,50,50,90,1,buy,True,True,False,False,False,,,20,True,False,c84f6a669a78b1d9,proxy_quality_from_locked_manifest_no_transcript_text_exported,medium
264,fgJbQDty1X0,MSFT,Microsoft,"Parkev Tatevosian, CFA",2026-02-21,buy,4,90,90,90,1,buy,False,False,False,False,False,,,20,True,False,b75447625394eb50,proxy_quality_from_locked_manifest_no_transcript_text_exported,high
265,fgJbQDty1X0,MSFT,Microsoft,"Parkev Tatevosian, CFA",2026-02-21,buy,4,90,90,90,1,buy,False,False,False,False,False,,,20,True,False,2b0f6417c09785f9,proxy_quality_from_locked_manifest_no_transcript_text_exported,high
266,gmr6BqOOPWk,TSLA,Tesla,Dividend Bull,2023-04-28,sell,3,65,65,90,1,sell,False,False,False,False,False,,,70,False,True,d6802ad733aa65f1,proxy_quality_from_locked_manifest_no_transcript_text_exported,medium
267,h4VU_bSlV3I,GOOGL,Alphabet,The Investor Channel,2023-05-12,buy,3,60,60,90,1,buy,False,False,False,False,False,,,70,False,False,0e54212a9e89bc31,proxy_quality_from_locked_manifest_no_transcript_text_exported,medium
268,h4VU_bSlV3I,MSFT,Microsoft,The Investor Channel,2023-05-12,buy,3,60,60,90,1,buy,False,False,False,False,False,,,70,False,False,c1b9aeb55b35f1b6,proxy_quality_from_locked_manifest_no_transcript_text_exported,medium
269,h4VU_bSlV3I,TSLA,Tesla,The Investor Channel,2023-05-12,buy,3,65,65,90,1,buy,False,False,False,False,False,,,70,False,True,e32e2906748592b0,proxy_quality_from_locked_manifest_no_transcript_text_exported,medium
270,h4VU_bSlV3I,TSLA,Tesla,The Investor Channel,2023-05-12,buy,3,65,65,90,1,buy,False,False,False,False,False,,,70,False,True,dda4142c7f345ef6,proxy_quality_from_locked_manifest_no_transcript_text_exported,medium
271,hMUicUZouvQ,AAPL,Apple,The Investor Channel,2023-09-14,buy,3,65,65,90,1,buy,False,False,False,False,False,,,70,False,True,4e647bfe2996f921,proxy_quality_from_locked_manifest_no_transcript_text_exported,medium
272,hMUicUZouvQ,AAPL,Apple,The Investor Channel,2023-09-14,buy,3,65,65,90,1,buy,False,False,False,False,False,,,70,False,True,3a8ddfc993e24771,proxy_quality_from_locked_manifest_no_transcript_text_exported,medium
273,hp7YC4lmPE0,NVDA,Nvidia,Jose Najarro Stocks,2025-08-28,buy,4,85,85,90,1,buy,False,False,False,False,False,,,70,False,True,daa7104e0de61d71,proxy_quality_from_locked_manifest_no_transcript_text_exported,high
274,hxiv9hXcyz4,MSFT,Microsoft,Dividendology,2025-01-10,buy,2,40,40,90,1,buy,True,True,False,False,False,,,70,False,False,4d3abb8a6e31c6e4,proxy_quality_from_locked_manifest_no_transcript_text_exported,low
275,i9bnkpRjAik,MSFT,Microsoft,The Investor Channel,2023-05-05,buy,3,60,60,90,1,buy,False,False,False,False,False,,,70,False,False,ad8341c964ec2450,proxy_quality_from_locked_manifest_no_transcript_text_exported,medium
276,iSeqY8AHvq4,AAPL,Apple,Dividendology,2024-09-06,buy,3,75,75,90,1,buy,False,False,False,False,False,,,20,True,True,c99727a671cfd99c,proxy_quality_from_locked_manifest_no_transcript_text_exported,high
277,iSeqY8AHvq4,AAPL,Apple,Dividendology,2024-09-06,buy,3,75,75,90,1,buy,False,False,False,False,False,,,20,True,True,b38fadd6c0062b25,proxy_quality_from_locked_manifest_no_transcript_text_exported,high
278,iTetpxvFy1c,UBER,Uber,"Value Investing with Sven Carlin, Ph.D.",2025-09-12,buy,3,60,60,90,1,buy,False,False,False,False,False,,,70,False,False,480172bb5f6fb1f1,proxy_quality_from_locked_manifest_no_transcript_text_exported,medium
279,ipI6hloEgos,NFLX,Netflix,"Parkev Tatevosian, CFA",2026-02-24,buy,3,70,70,90,1,buy,False,False,False,False,False,,,20,True,False,8ba19cb1851beb79,proxy_quality_from_locked_manifest_no_transcript_text_exported,medium
280,izfKyD6i4qo,NVDA,Nvidia,Couch Investor,2025-08-21,buy,3,75,75,90,1,buy,False,False,False,False,False,,,20,True,True,7fadf049fedfaf40,proxy_quality_from_locked_manifest_no_transcript_text_exported,high
281,izfKyD6i4qo,MSFT,Microsoft,Couch Investor,2025-08-21,buy,3,70,70,90,1,buy,False,False,False,False,False,,,20,True,False,f24956ec11e58a26,proxy_quality_from_locked_manifest_no_transcript_text_exported,medium
282,j72U8gHCXKQ,AAPL,Apple,The Investor Channel,2023-08-03,buy,3,65,65,90,1,buy,False,False,False,False,False,,,70,False,True,5e2cd989998b6e82,proxy_quality_from_locked_manifest_no_transcript_text_exported,medium
283,j72U8gHCXKQ,AAPL,Apple,The Investor Channel,2023-08-03,buy,3,65,65,90,1,buy,False,False,False,False,False,,,70,False,True,168a6aa992f0c1f1,proxy_quality_from_locked_manifest_no_transcript_text_exported,medium
284,j72U8gHCXKQ,AAPL,Apple,The Investor Channel,2023-08-03,buy,3,65,65,90,1,buy,False,False,False,False,False,,,70,False,True,896d33fbaed74180,proxy_quality_from_locked_manifest_no_transcript_text_exported,medium
285,jKiwXmzi814,GOOGL,Alphabet,Couch Investor,2025-08-08,buy,3,70,70,90,1,buy,False,False,False,False,False,,,20,True,False,f6c37a556c49bb8c,proxy_quality_from_locked_manifest_no_transcript_text_exported,medium
286,jUCXqUoH-90,NFLX,Netflix,The Investor Channel,2023-07-28,buy,3,60,60,90,1,buy,False,False,False,False,False,,,70,False,False,641059b205411f37,proxy_quality_from_locked_manifest_no_transcript_text_exported,medium
287,jUCXqUoH-90,MSFT,Microsoft,The Investor Channel,2023-07-28,sell,3,60,60,90,1,sell,False,False,False,False,False,,,70,False,False,4c0c7e8a0d4b6bf1,proxy_quality_from_locked_manifest_no_transcript_text_exported,medium
288,jVEMNgn7Zmo,AMD,nan,"Mark Roussin, CPA",2023-08-25,sell,3,75,75,90,1,sell,False,False,False,False,False,,,20,True,True,b7c64d7651a5ee30,proxy_quality_from_locked_manifest_no_transcript_text_exported,high
289,jVEMNgn7Zmo,NVDA,Nvidia,"Mark Roussin, CPA",2023-08-25,sell,3,75,75,90,1,sell,False,False,False,False,False,,,20,True,True,a9db9842d2fb249f,proxy_quality_from_locked_manifest_no_transcript_text_exported,high
290,jVEMNgn7Zmo,AMZN,Amazon,"Mark Roussin, CPA",2023-08-25,sell,3,75,75,90,1,sell,False,False,False,False,False,,,20,True,True,9d08c8e196e262ad,proxy_quality_from_locked_manifest_no_transcript_text_exported,high
291,jYHqvLhtESg,NVDA,Nvidia,The Investor Channel,2023-08-12,buy,3,75,75,90,1,buy,False,False,False,False,False,,,20,True,True,d79f145cc1898a46,proxy_quality_from_locked_manifest_no_transcript_text_exported,high
292,jYHqvLhtESg,AAPL,Apple,The Investor Channel,2023-08-12,buy,3,75,75,90,1,buy,False,False,False,False,False,,,20,True,True,3a444eedd61ee012,proxy_quality_from_locked_manifest_no_transcript_text_exported,high
293,jYHqvLhtESg,GOOGL,Alphabet,The Investor Channel,2023-08-12,buy,3,70,70,90,1,buy,False,False,False,False,False,,,20,True,False,6a4d123470f35f93,proxy_quality_from_locked_manifest_no_transcript_text_exported,medium
294,jYHqvLhtESg,MSFT,Microsoft,The Investor Channel,2023-08-12,buy,3,70,70,90,1,buy,False,False,False,False,False,,,20,True,False,78667a9a2a784025,proxy_quality_from_locked_manifest_no_transcript_text_exported,medium
295,jYHqvLhtESg,TSLA,Tesla,The Investor Channel,2023-08-12,buy,3,75,75,90,1,buy,False,False,False,False,False,,,20,True,True,8ec9622a689bec30,proxy_quality_from_locked_manifest_no_transcript_text_exported,high
296,k7V84N-44_0,NVDA,Nvidia,"Mark Roussin, CPA",2024-02-29,buy,3,65,65,90,1,buy,False,False,False,False,False,,,70,False,True,d63e6aa825696c25,proxy_quality_from_locked_manifest_no_transcript_text_exported,medium
297,k7V84N-44_0,NVDA,Nvidia,"Mark Roussin, CPA",2024-02-29,sell,3,65,65,90,1,sell,False,False,False,False,False,,,70,False,True,194a5b5ce44ecaa5,proxy_quality_from_locked_manifest_no_transcript_text_exported,medium
298,k99bkGEwEXk,GOOGL,Alphabet,Couch Investor,2025-08-03,buy,3,70,70,90,1,buy,False,False,False,False,False,,,20,True,False,262c90f1399e9c42,proxy_quality_from_locked_manifest_no_transcript_text_exported,medium
299,kSzohaLWEDc,MSFT,Microsoft,Jose Najarro Stocks,2025-07-30,buy,3,60,60,90,1,buy,False,False,False,False,False,,,70,False,False,dd56b21319334698,proxy_quality_from_locked_manifest_no_transcript_text_exported,medium
300,kSzohaLWEDc,GOOGL,Alphabet,Jose Najarro Stocks,2025-07-30,buy,3,60,60,90,1,buy,False,False,False,False,False,,,70,False,False,864b34dd632a9ca1,proxy_quality_from_locked_manifest_no_transcript_text_exported,medium
301,khgEy6N0PYQ,MSFT,Microsoft,"Mark Roussin, CPA",2023-06-26,buy,4,80,80,90,1,buy,False,False,False,False,False,,,70,False,False,9f8fc03d46914600,proxy_quality_from_locked_manifest_no_transcript_text_exported,high
302,kueJkmDs3Kw,PYPL,PayPal,Couch Investor,2025-09-12,buy,3,60,60,90,1,buy,False,False,False,False,False,,,70,False,False,d8dbbd1643d84cf9,proxy_quality_from_locked_manifest_no_transcript_text_exported,medium
303,lEj97WMkN8o,AAPL,Apple,The Investor Channel,2023-05-19,buy,2,45,45,90,1,buy,True,True,False,False,False,,,70,False,True,327d892a53b61f2e,proxy_quality_from_locked_manifest_no_transcript_text_exported,low
304,lEj97WMkN8o,TSLA,Tesla,The Investor Channel,2023-05-19,buy,3,65,65,90,1,buy,False,False,False,False,False,,,70,False,True,63d54c4b23bbc441,proxy_quality_from_locked_manifest_no_transcript_text_exported,medium
305,lRuwTMyosK8,META,Meta,"Parkev Tatevosian, CFA",2026-02-05,buy,3,70,70,90,1,buy,False,False,False,False,False,,,20,True,False,af778a2b8a7bfb76,proxy_quality_from_locked_manifest_no_transcript_text_exported,medium
306,lRuwTMyosK8,META,Meta,"Parkev Tatevosian, CFA",2026-02-05,buy,3,70,70,90,1,buy,False,False,False,False,False,,,20,True,False,83eadb9b73d9cc39,proxy_quality_from_locked_manifest_no_transcript_text_exported,medium
307,lS5d1IXawe8,AMD,nan,Jose Najarro Stocks,2025-08-11,buy,3,65,65,90,1,buy,False,False,False,False,False,,,70,False,True,667773c590db72cf,proxy_quality_from_locked_manifest_no_transcript_text_exported,medium
308,lztttvdkZg4,PYPL,PayPal,Couch Investor,2025-09-13,buy,3,70,70,90,1,buy,False,False,False,False,False,,,20,True,False,35185d0f105a0f36,proxy_quality_from_locked_manifest_no_transcript_text_exported,medium
309,m36LzqCdLxs,PYPL,PayPal,The Investor Channel,2023-08-05,buy,3,70,70,90,1,buy,False,False,False,False,False,,,20,True,False,380ca3fa77424f71,proxy_quality_from_locked_manifest_no_transcript_text_exported,medium
310,m36LzqCdLxs,PYPL,PayPal,The Investor Channel,2023-08-05,buy,3,70,70,90,1,buy,False,False,False,False,False,,,20,True,False,427b8ac92e0f4eb4,proxy_quality_from_locked_manifest_no_transcript_text_exported,medium
311,m7lY98A-N0E,MSFT,Microsoft,The Investor Channel,2023-07-25,buy,3,60,60,90,1,buy,False,False,False,False,False,,,70,False,False,6218513835a5efcd,proxy_quality_from_locked_manifest_no_transcript_text_exported,medium
312,mROqMg8un_k,AAPL,Apple,The Investor Channel,2023-02-03,buy,3,65,65,90,1,buy,False,False,False,False,False,,,70,False,True,d53c0dfb15eb3e78,proxy_quality_from_locked_manifest_no_transcript_text_exported,medium
313,mk0_dRwu5zs,NVDA,Nvidia,"Parkev Tatevosian, CFA",2026-02-09,buy,3,65,65,90,1,buy,False,False,False,False,False,,,70,False,True,606a0f1afcf92074,proxy_quality_from_locked_manifest_no_transcript_text_exported,medium
314,oKF0Rab0YfQ,AAPL,Apple,"Mark Roussin, CPA",2023-10-19,buy,3,75,75,90,1,buy,False,False,False,False,False,,,20,True,True,8cd93812536881b7,proxy_quality_from_locked_manifest_no_transcript_text_exported,high
315,oKF0Rab0YfQ,AAPL,Apple,"Mark Roussin, CPA",2023-10-19,buy,3,75,75,90,1,buy,False,False,False,False,False,,,20,True,True,6e5b4f3ef6c72922,proxy_quality_from_locked_manifest_no_transcript_text_exported,high
316,och7bOYmlnM,NVDA,Nvidia,Jose Najarro Stocks,2025-07-15,sell,3,65,65,90,1,sell,False,False,False,False,False,,,70,False,True,eaf000507c6a0bbd,proxy_quality_from_locked_manifest_no_transcript_text_exported,medium
317,pWDG5Z0yxAM,NVDA,Nvidia,The Investor Channel,2023-09-01,buy,3,65,65,90,1,buy,False,False,False,False,False,,,70,False,True,c9180b8a91874688,proxy_quality_from_locked_manifest_no_transcript_text_exported,medium
318,pWDG5Z0yxAM,NVDA,Nvidia,The Investor Channel,2023-09-01,buy,3,65,65,90,1,buy,False,False,False,False,False,,,70,False,True,088e999701dedf29,proxy_quality_from_locked_manifest_no_transcript_text_exported,medium
319,pgJMI_OiSSc,NVDA,Nvidia,"Parkev Tatevosian, CFA",2026-02-04,buy,3,65,65,90,1,buy,False,False,False,False,False,,,70,False,True,1014bc17e68e55e4,proxy_quality_from_locked_manifest_no_transcript_text_exported,medium
320,qjiJMgAHtJk,SOFI,SoFi,Couch Investor,2025-08-30,buy,5,100,100,90,1,buy,False,False,False,False,False,,,20,True,False,f338785d986103dd,proxy_quality_from_locked_manifest_no_transcript_text_exported,high
321,qnEz-y4U9cM,PYPL,PayPal,Jose Najarro Stocks,2025-07-28,buy,3,70,70,90,1,buy,False,False,False,False,False,,,20,True,False,aca236cf1f9e0a4f,proxy_quality_from_locked_manifest_no_transcript_text_exported,medium
322,qnEz-y4U9cM,AMD,nan,Jose Najarro Stocks,2025-07-28,buy,3,75,75,90,1,buy,False,False,False,False,False,,,20,True,True,70b4fc9f86eee70b,proxy_quality_from_locked_manifest_no_transcript_text_exported,high
323,qnEz-y4U9cM,META,Meta,Jose Najarro Stocks,2025-07-28,buy,3,70,70,90,1,buy,False,False,False,False,False,,,20,True,False,04c46af3109c2d3c,proxy_quality_from_locked_manifest_no_transcript_text_exported,medium
324,qnEz-y4U9cM,TSLA,Tesla,Jose Najarro Stocks,2025-07-28,buy,3,75,75,90,1,buy,False,False,False,False,False,,,20,True,True,aa592a3f9ae1ae45,proxy_quality_from_locked_manifest_no_transcript_text_exported,high
325,qnNpsmtCNf4,NVDA,Nvidia,The Investor Channel,2023-08-23,sell,2,45,45,90,1,sell,True,True,False,False,False,,,70,False,True,79e1096fd040fa4e,proxy_quality_from_locked_manifest_no_transcript_text_exported,low
326,qnNpsmtCNf4,NVDA,Nvidia,The Investor Channel,2023-08-23,buy,3,65,65,90,1,buy,False,False,False,False,False,,,70,False,True,f9f5a0ca455d7cdd,proxy_quality_from_locked_manifest_no_transcript_text_exported,medium
327,rS2Se5qnmrI,META,Meta,"Parkev Tatevosian, CFA",2026-03-05,buy,3,70,70,90,1,buy,False,False,False,False,False,,,20,True,False,10bd7e8e2db08926,proxy_quality_from_locked_manifest_no_transcript_text_exported,medium
328,rS2Se5qnmrI,META,Meta,"Parkev Tatevosian, CFA",2026-03-05,buy,3,70,70,90,1,buy,False,False,False,False,False,,,20,True,False,24701214e047840d,proxy_quality_from_locked_manifest_no_transcript_text_exported,medium
329,rSyBXYX00Jc,NVDA,Nvidia,Jose Najarro Stocks,2025-08-29,buy,3,65,65,90,1,buy,False,False,False,False,False,,,70,False,True,e8daf471ee2b481c,proxy_quality_from_locked_manifest_no_transcript_text_exported,medium
330,s77tJN1pzOg,AAPL,Apple,Dividendology,2024-08-05,sell,3,65,65,90,1,sell,False,False,False,False,False,,,70,False,True,e67659a1aca01f4e,proxy_quality_from_locked_manifest_no_transcript_text_exported,medium
331,sY-aTBWbSp0,NVDA,Nvidia,"Mark Roussin, CPA",2023-10-09,buy,4,85,85,90,1,buy,False,False,False,False,False,,,70,False,True,545c913e3b697bd7,proxy_quality_from_locked_manifest_no_transcript_text_exported,high
332,sf9KaSgSp0A,GOOGL,Alphabet,Dividendology,2024-12-30,buy,3,60,60,90,1,buy,False,False,False,False,False,,,70,False,False,ffcd4cf22259c9c1,proxy_quality_from_locked_manifest_no_transcript_text_exported,medium
333,snbx6W1_XhE,NVDA,Nvidia,Couch Investor,2025-08-12,buy,3,75,75,90,1,buy,False,False,False,False,False,,,20,True,True,d286c9c4cff8cae4,proxy_quality_from_locked_manifest_no_transcript_text_exported,high
334,snbx6W1_XhE,NVDA,Nvidia,Couch Investor,2025-08-12,sell,3,75,75,90,1,sell,False,False,False,False,False,,,20,True,True,c32193850cb78566,proxy_quality_from_locked_manifest_no_transcript_text_exported,high
335,t0TD0BDsTbo,GOOGL,Alphabet,The Investor Channel,2023-05-26,buy,3,60,60,90,1,buy,False,False,False,False,False,,,70,False,False,8e3bb06b7e610c56,proxy_quality_from_locked_manifest_no_transcript_text_exported,medium
336,tA4MvDytqIw,AMZN,Amazon,"Parkev Tatevosian, CFA",2026-03-05,buy,3,65,65,90,1,buy,False,False,False,False,False,,,70,False,True,7f6a2e4b1ae441de,proxy_quality_from_locked_manifest_no_transcript_text_exported,medium
337,u06v5_aHrtw,NVDA,Nvidia,"Mark Roussin, CPA",2023-07-14,buy,3,75,75,90,1,buy,False,False,False,False,False,,,20,True,True,06948fe0bf395363,proxy_quality_from_locked_manifest_no_transcript_text_exported,high
338,uGY9kOmAnjA,PYPL,PayPal,Couch Investor,2025-09-06,buy,3,70,70,90,1,buy,False,False,False,False,False,,,20,True,False,40542c2f5d1dd2aa,proxy_quality_from_locked_manifest_no_transcript_text_exported,medium
339,uGY9kOmAnjA,PYPL,PayPal,Couch Investor,2025-09-06,buy,2,50,50,90,1,buy,True,True,False,False,False,,,20,True,False,c9511bfe1b91d2fd,proxy_quality_from_locked_manifest_no_transcript_text_exported,medium
340,upJkqs1Opzk,NVDA,Nvidia,"Parkev Tatevosian, CFA",2026-03-01,sell,3,75,75,90,1,sell,False,False,False,False,False,,,20,True,True,0c597a9f1bd032b6,proxy_quality_from_locked_manifest_no_transcript_text_exported,high
341,upJkqs1Opzk,NVDA,Nvidia,"Parkev Tatevosian, CFA",2026-03-01,buy,2,55,55,90,1,buy,True,True,False,False,False,,,20,True,True,af450788f1907116,proxy_quality_from_locked_manifest_no_transcript_text_exported,medium
342,upJkqs1Opzk,NVDA,Nvidia,"Parkev Tatevosian, CFA",2026-03-01,sell,3,75,75,90,1,sell,False,False,False,False,False,,,20,True,True,3cdaedb0c804f3e4,proxy_quality_from_locked_manifest_no_transcript_text_exported,high
343,upJkqs1Opzk,NVDA,Nvidia,"Parkev Tatevosian, CFA",2026-03-01,buy,3,75,75,90,1,buy,False,False,False,False,False,,,20,True,True,7389f9786338f8c7,proxy_quality_from_locked_manifest_no_transcript_text_exported,high
344,vL74flRwikQ,AMZN,Amazon,"Mark Roussin, CPA",2023-09-13,sell,3,65,65,90,1,sell,False,False,False,False,False,,,70,False,True,528df901b7468272,proxy_quality_from_locked_manifest_no_transcript_text_exported,medium
345,vvYPkYLT6VM,NVDA,Nvidia,The Investor Channel,2023-02-22,buy,3,65,65,90,1,buy,False,False,False,False,False,,,70,False,True,52316fa15a083fed,proxy_quality_from_locked_manifest_no_transcript_text_exported,medium
346,wEClaixCGg8,PYPL,PayPal,Couch Investor,2025-08-15,sell,3,60,60,90,1,sell,False,False,False,False,False,,,70,False,False,cf5c75e30132044e,proxy_quality_from_locked_manifest_no_transcript_text_exported,medium
347,wEClaixCGg8,AMZN,Amazon,Couch Investor,2025-08-15,buy,3,65,65,90,1,buy,False,False,False,False,False,,,70,False,True,4d960078a008108f,proxy_quality_from_locked_manifest_no_transcript_text_exported,medium
348,xCy3luLzE8g,MSFT,Microsoft,"Mark Roussin, CPA",2024-02-17,buy,4,90,90,90,1,buy,False,False,False,False,False,,,20,True,False,c701c8b6873f7d74,proxy_quality_from_locked_manifest_no_transcript_text_exported,high
349,xizSkAM-tZU,GOOGL,Alphabet,The Investor Channel,2023-02-03,buy,3,60,60,90,1,buy,False,False,False,False,False,,,70,False,False,017885643fdc94fe,proxy_quality_from_locked_manifest_no_transcript_text_exported,medium
350,xksOkElewr8,SOFI,SoFi,"Parkev Tatevosian, CFA",2026-02-11,buy,3,60,60,90,1,buy,False,False,False,False,False,,,70,False,False,96e2dbecf4b1a314,proxy_quality_from_locked_manifest_no_transcript_text_exported,medium
351,yXwf2eRspjk,SOFI,SoFi,"Parkev Tatevosian, CFA",2026-03-07,buy,2,50,50,90,1,buy,True,True,False,False,False,,,20,True,False,0b2bde00bb52b134,proxy_quality_from_locked_manifest_no_transcript_text_exported,medium
352,yXwf2eRspjk,SOFI,SoFi,"Parkev Tatevosian, CFA",2026-03-07,buy,2,50,50,90,1,buy,True,True,False,False,False,,,20,True,False,b6b4fbe245e6f946,proxy_quality_from_locked_manifest_no_transcript_text_exported,medium
353,yXwf2eRspjk,SOFI,SoFi,"Parkev Tatevosian, CFA",2026-03-07,sell,4,90,90,90,1,sell,False,False,False,False,False,,,20,True,False,93eb5d42d441f7cf,proxy_quality_from_locked_manifest_no_transcript_text_exported,high
354,yXwf2eRspjk,SOFI,SoFi,"Parkev Tatevosian, CFA",2026-03-07,sell,3,70,70,90,1,sell,False,False,False,False,False,,,20,True,False,d7ecd1afafbfb480,proxy_quality_from_locked_manifest_no_transcript_text_exported,medium
355,yeTOgMlq984,PYPL,PayPal,Jose Najarro Stocks,2025-08-20,buy,3,70,70,90,1,buy,False,False,False,False,False,,,20,True,False,7477975d70a1d5f3,proxy_quality_from_locked_manifest_no_transcript_text_exported,medium
356,yeTOgMlq984,NVDA,Nvidia,Jose Najarro Stocks,2025-08-20,buy,3,75,75,90,1,buy,False,False,False,False,False,,,20,True,True,8261921183c26136,proxy_quality_from_locked_manifest_no_transcript_text_exported,high
357,yeTOgMlq984,SOFI,SoFi,Jose Najarro Stocks,2025-08-20,buy,3,70,70,90,1,buy,False,False,False,False,False,,,20,True,False,8f5d555ffee73e20,proxy_quality_from_locked_manifest_no_transcript_text_exported,medium
358,yeTOgMlq984,AMD,nan,Jose Najarro Stocks,2025-08-20,buy,3,75,75,90,1,buy,False,False,False,False,False,,,20,True,True,a3c666c627488354,proxy_quality_from_locked_manifest_no_transcript_text_exported,high
359,yw6r_v-msWQ,AAPL,Apple,"Mark Roussin, CPA",2023-08-11,buy,3,75,75,90,1,buy,False,False,False,False,False,,,20,True,True,1621cd1c77e4270c,proxy_quality_from_locked_manifest_no_transcript_text_exported,high
360,zUDaOQQEGTs,MSFT,Microsoft,Dividendology,2024-10-31,sell,3,70,70,90,1,sell,False,False,False,False,False,,,20,True,False,b6c0011b35040432,proxy_quality_from_locked_manifest_no_transcript_text_exported,medium
361,zmt-ZobtBLI,NVDA,Nvidia,Jose Najarro Stocks,2025-07-17,buy,3,75,75,90,1,buy,False,False,False,False,False,,,20,True,True,1a60a7bd731d1688,proxy_quality_from_locked_manifest_no_transcript_text_exported,high
362,zmt-ZobtBLI,TSLA,Tesla,Jose Najarro Stocks,2025-07-17,sell,3,75,75,90,1,sell,False,False,False,False,False,,,20,True,True,30b308920292ccea,proxy_quality_from_locked_manifest_no_transcript_text_exported,high
363,zmt-ZobtBLI,TSLA,Tesla,Jose Najarro Stocks,2025-07-17,buy,3,75,75,90,1,buy,False,False,False,False,False,,,20,True,True,2be8e5511e783040,proxy_quality_from_locked_manifest_no_transcript_text_exported,high
364,zmt-ZobtBLI,TSLA,Tesla,Jose Najarro Stocks,2025-07-17,buy,3,75,75,90,1,buy,False,False,False,False,False,,,20,True,True,db53d76e56e8721d,proxy_quality_from_locked_manifest_no_transcript_text_exported,high
365,zy_5aBHqZIc,AMZN,Amazon,"Parkev Tatevosian, CFA",2026-03-19,buy,3,75,75,90,1,buy,False,False,False,False,False,,,20,True,True,0b11f9963db91cf3,proxy_quality_from_locked_manifest_no_transcript_text_exported,high
366,-CuK5E9EMuY,PYPL,PayPal,Couch Investor,2025-10-28,buy,3,70,70,90,1,buy,False,False,False,False,False,,,20,True,False,50360ab02a1aae98,proxy_quality_from_locked_manifest_no_transcript_text_exported,medium
367,-CuK5E9EMuY,PYPL,PayPal,Couch Investor,2025-10-28,buy,3,70,70,90,1,buy,False,False,False,False,False,,,20,True,False,9619aabe4f23edc8,proxy_quality_from_locked_manifest_no_transcript_text_exported,medium
368,-zyg-sJrYKY,NVDA,Nvidia,The Investor Channel,2024-01-05,buy,3,65,65,90,1,buy,False,False,False,False,False,,,70,False,True,c1ffe7768e9753b6,proxy_quality_from_locked_manifest_no_transcript_text_exported,medium
369,-zyg-sJrYKY,MSFT,Microsoft,The Investor Channel,2024-01-05,buy,3,60,60,90,1,buy,False,False,False,False,False,,,70,False,False,4683ba804d40a200,proxy_quality_from_locked_manifest_no_transcript_text_exported,medium
370,0nKHUI2Q_a8,NVDA,Nvidia,"Parkev Tatevosian, CFA",2026-04-06,buy,2,55,55,90,1,buy,True,True,False,False,False,,,20,True,True,6107ed1190c48226,proxy_quality_from_locked_manifest_no_transcript_text_exported,medium
371,0nKHUI2Q_a8,AMD,nan,"Parkev Tatevosian, CFA",2026-04-06,buy,3,75,75,90,1,buy,False,False,False,False,False,,,20,True,True,097c80a9220b5522,proxy_quality_from_locked_manifest_no_transcript_text_exported,high
372,1fBKzL8eNA8,TSLA,Tesla,The Investor Channel,2024-01-25,buy,3,65,65,90,1,buy,False,False,False,False,False,,,70,False,True,db566b835d336130,proxy_quality_from_locked_manifest_no_transcript_text_exported,medium
373,1fBKzL8eNA8,TSLA,Tesla,The Investor Channel,2024-01-25,buy,3,65,65,90,1,buy,False,False,False,False,False,,,70,False,True,d4b9393b193de3ce,proxy_quality_from_locked_manifest_no_transcript_text_exported,medium
374,1riZ8iWtaAY,AMZN,Amazon,The Investor Channel,2023-11-17,sell,3,65,65,90,1,sell,False,False,False,False,False,,,70,False,True,79ad0c593c11a601,proxy_quality_from_locked_manifest_no_transcript_text_exported,medium
375,1riZ8iWtaAY,NFLX,Netflix,The Investor Channel,2023-11-17,buy,3,60,60,90,1,buy,False,False,False,False,False,,,70,False,False,7bf1e5e6b83b84e5,proxy_quality_from_locked_manifest_no_transcript_text_exported,medium
376,2QiOJesgQuw,AAPL,Apple,Daniel Pronk,2023-10-21,buy,3,75,75,90,1,buy,False,False,False,False,False,,,20,True,True,73751055e8690797,proxy_quality_from_locked_manifest_no_transcript_text_exported,high
377,2QiOJesgQuw,AAPL,Apple,Daniel Pronk,2023-10-21,buy,3,75,75,90,1,buy,False,False,False,False,False,,,20,True,True,c617637ba181a232,proxy_quality_from_locked_manifest_no_transcript_text_exported,high
378,2XezpH4HFMg,PYPL,PayPal,Couch Investor,2025-10-10,buy,3,60,60,90,1,buy,False,False,False,False,False,,,70,False,False,d2848d0ee3152550,proxy_quality_from_locked_manifest_no_transcript_text_exported,medium
379,2XezpH4HFMg,PYPL,PayPal,Couch Investor,2025-10-10,buy,3,60,60,90,1,buy,False,False,False,False,False,,,70,False,False,86ff54a4a5951813,proxy_quality_from_locked_manifest_no_transcript_text_exported,medium
380,2xuileGcJ1M,DIS,Disney,The Investor Channel,2024-05-07,sell,3,60,60,90,1,sell,False,False,False,False,False,,,70,False,False,198ed6d32ba708f4,proxy_quality_from_locked_manifest_no_transcript_text_exported,medium
381,315gFCoLfwY,AAPL,Apple,The Investor Channel,2024-05-03,sell,3,65,65,90,1,sell,False,False,False,False,False,,,70,False,True,aa4466863dc27312,proxy_quality_from_locked_manifest_no_transcript_text_exported,medium
382,315gFCoLfwY,AAPL,Apple,The Investor Channel,2024-05-03,sell,3,65,65,90,1,sell,False,False,False,False,False,,,70,False,True,ec70d3126adfada9,proxy_quality_from_locked_manifest_no_transcript_text_exported,medium
383,4BVzemPJOC4,NFLX,Netflix,The Investor Channel,2023-12-09,buy,3,70,70,90,1,buy,False,False,False,False,False,,,20,True,False,5fe7997f6388729e,proxy_quality_from_locked_manifest_no_transcript_text_exported,medium
384,4BVzemPJOC4,GOOGL,Alphabet,The Investor Channel,2023-12-09,buy,3,70,70,90,1,buy,False,False,False,False,False,,,20,True,False,eb941225f71124fd,proxy_quality_from_locked_manifest_no_transcript_text_exported,medium
385,4C3eQiJkWFg,AMZN,Amazon,Daniel Pronk,2022-07-06,buy,3,65,65,90,1,buy,False,False,False,False,False,,,70,False,True,bba2a0220a0314df,proxy_quality_from_locked_manifest_no_transcript_text_exported,medium
386,5VeZdJgvV_8,MSFT,Microsoft,"Mark Roussin, CPA",2024-04-26,buy,3,60,60,90,1,buy,False,False,False,False,False,,,70,False,False,a7db44e5f7e8c8ce,proxy_quality_from_locked_manifest_no_transcript_text_exported,medium
387,5VeZdJgvV_8,MSFT,Microsoft,"Mark Roussin, CPA",2024-04-26,buy,3,60,60,90,1,buy,False,False,False,False,False,,,70,False,False,3cac7456a2e0af06,proxy_quality_from_locked_manifest_no_transcript_text_exported,medium
388,5kWJGohrhIU,AMD,nan,Couch Investor,2025-09-22,buy,3,75,75,90,1,buy,False,False,False,False,False,,,20,True,True,6a778a13cfe1aed3,proxy_quality_from_locked_manifest_no_transcript_text_exported,high
389,5kWJGohrhIU,META,Meta,Couch Investor,2025-09-22,buy,4,90,90,90,1,buy,False,False,False,False,False,,,20,True,False,7a56a77c37649da1,proxy_quality_from_locked_manifest_no_transcript_text_exported,high
390,5kWJGohrhIU,AAPL,Apple,Couch Investor,2025-09-22,buy,3,75,75,90,1,buy,False,False,False,False,False,,,20,True,True,837008b9e205e2d9,proxy_quality_from_locked_manifest_no_transcript_text_exported,high
391,5lkKf0aRh0o,AMD,nan,The Investor Channel,2023-12-08,sell,3,65,65,90,1,sell,False,False,False,False,False,,,70,False,True,5eb932810ed26d73,proxy_quality_from_locked_manifest_no_transcript_text_exported,medium
392,5lkKf0aRh0o,NVDA,Nvidia,The Investor Channel,2023-12-08,sell,3,65,65,90,1,sell,False,False,False,False,False,,,70,False,True,ed6dc8b9c8e1b391,proxy_quality_from_locked_manifest_no_transcript_text_exported,medium
393,6-_hF_07leA,NVDA,Nvidia,Jose Najarro Stocks,2025-12-01,buy,3,65,65,90,1,buy,False,False,False,False,False,,,70,False,True,a312b92c265c6ecc,proxy_quality_from_locked_manifest_no_transcript_text_exported,medium
394,69tvwNdEijo,NVDA,Nvidia,"Mark Roussin, CPA",2024-06-06,buy,3,65,65,90,1,buy,False,False,False,False,False,,,70,False,True,bf91685ff5b13553,proxy_quality_from_locked_manifest_no_transcript_text_exported,medium
395,69tvwNdEijo,AAPL,Apple,"Mark Roussin, CPA",2024-06-06,buy,3,65,65,90,1,buy,False,False,False,False,False,,,70,False,True,e27e882e41611733,proxy_quality_from_locked_manifest_no_transcript_text_exported,medium
396,6TNTCOVubH8,GOOGL,Alphabet,Dividendology,2025-03-02,sell,3,70,70,90,1,sell,False,False,False,False,False,,,20,True,False,65920fe48453ceee,proxy_quality_from_locked_manifest_no_transcript_text_exported,medium
397,6TNTCOVubH8,GOOGL,Alphabet,Dividendology,2025-03-02,buy,3,70,70,90,1,buy,False,False,False,False,False,,,20,True,False,bac52c9a9fa75949,proxy_quality_from_locked_manifest_no_transcript_text_exported,medium
398,6jb7sTqueaY,NVDA,Nvidia,Couch Investor,2025-11-03,buy,3,65,65,90,1,buy,False,False,False,False,False,,,70,False,True,4ee981a887df0e5c,proxy_quality_from_locked_manifest_no_transcript_text_exported,medium
399,6jb7sTqueaY,META,Meta,Couch Investor,2025-11-03,buy,3,60,60,90,1,buy,False,False,False,False,False,,,70,False,False,c1f5abc2590759bc,proxy_quality_from_locked_manifest_no_transcript_text_exported,medium
400,6tSZzEBxrSc,GOOGL,Alphabet,Daniel Pronk,2022-08-15,buy,3,60,60,90,1,buy,False,False,False,False,False,,,70,False,False,53c901814c887c70,proxy_quality_from_locked_manifest_no_transcript_text_exported,medium
401,73tB9acyazI,AAPL,Apple,The Investor Channel,2023-10-20,sell,3,65,65,90,1,sell,False,False,False,False,False,,,70,False,True,dc65be213fb2ceec,proxy_quality_from_locked_manifest_no_transcript_text_exported,medium
402,73tB9acyazI,MSFT,Microsoft,The Investor Channel,2023-10-20,sell,3,60,60,90,1,sell,False,False,False,False,False,,,70,False,False,e615fbff6c5f0a3b,proxy_quality_from_locked_manifest_no_transcript_text_exported,medium
403,73tB9acyazI,MSFT,Microsoft,The Investor Channel,2023-10-20,sell,3,60,60,90,1,sell,False,False,False,False,False,,,70,False,False,08aa0dea8d953aa1,proxy_quality_from_locked_manifest_no_transcript_text_exported,medium
404,73tB9acyazI,NVDA,Nvidia,The Investor Channel,2023-10-20,buy,3,65,65,90,1,buy,False,False,False,False,False,,,70,False,True,5fef5fd2e43332ce,proxy_quality_from_locked_manifest_no_transcript_text_exported,medium
405,7cdt3rRny8s,GOOGL,Alphabet,Daniel Pronk,2022-08-19,buy,3,60,60,90,1,buy,False,False,False,False,False,,,70,False,False,8904d3f3a00a7588,proxy_quality_from_locked_manifest_no_transcript_text_exported,medium
406,7cdt3rRny8s,AMZN,Amazon,Daniel Pronk,2022-08-19,buy,3,65,65,90,1,buy,False,False,False,False,False,,,70,False,True,45aa242827074641,proxy_quality_from_locked_manifest_no_transcript_text_exported,medium
407,7cdt3rRny8s,AMZN,Amazon,Daniel Pronk,2022-08-19,buy,2,45,45,90,1,buy,True,True,False,False,False,,,70,False,True,afdb6de879d844a7,proxy_quality_from_locked_manifest_no_transcript_text_exported,low
408,7xjcq6UCQeg,TSLA,Tesla,"Mark Roussin, CPA",2024-04-12,buy,3,65,65,90,1,buy,False,False,False,False,False,,,70,False,True,c13cd59e314c1878,proxy_quality_from_locked_manifest_no_transcript_text_exported,medium
409,8gvqfLkzcag,AAPL,Apple,The Investor Channel,2023-11-11,buy,3,75,75,90,1,buy,False,False,False,False,False,,,20,True,True,45646ed1538de3ec,proxy_quality_from_locked_manifest_no_transcript_text_exported,high
410,8gvqfLkzcag,NVDA,Nvidia,The Investor Channel,2023-11-11,sell,3,75,75,90,1,sell,False,False,False,False,False,,,20,True,True,ef2f3bdcb82054a3,proxy_quality_from_locked_manifest_no_transcript_text_exported,high
411,8gvqfLkzcag,GOOGL,Alphabet,The Investor Channel,2023-11-11,buy,3,70,70,90,1,buy,False,False,False,False,False,,,20,True,False,93c32cb1c67350af,proxy_quality_from_locked_manifest_no_transcript_text_exported,medium
412,8h1cYskr0Ng,GOOGL,Alphabet,Couch Investor,2025-10-16,buy,4,90,90,90,1,buy,False,False,False,False,False,,,20,True,False,02fd82736b6b5fcb,proxy_quality_from_locked_manifest_no_transcript_text_exported,high
413,8h1cYskr0Ng,GOOGL,Alphabet,Couch Investor,2025-10-16,buy,3,70,70,90,1,buy,False,False,False,False,False,,,20,True,False,5f31d6434e1904f4,proxy_quality_from_locked_manifest_no_transcript_text_exported,medium
414,8h1cYskr0Ng,GOOGL,Alphabet,Couch Investor,2025-10-16,sell,3,70,70,90,1,sell,False,False,False,False,False,,,20,True,False,042be9ea7bb0d9ea,proxy_quality_from_locked_manifest_no_transcript_text_exported,medium
415,8h1cYskr0Ng,AMZN,Amazon,Couch Investor,2025-10-16,sell,3,75,75,90,1,sell,False,False,False,False,False,,,20,True,True,1d547a73000a4b15,proxy_quality_from_locked_manifest_no_transcript_text_exported,high
416,8isifZYjwJk,TSLA,Tesla,Couch Investor,2025-09-19,buy,3,75,75,90,1,buy,False,False,False,False,False,,,20,True,True,6a4a8ae846f46c18,proxy_quality_from_locked_manifest_no_transcript_text_exported,high
417,8uucHSsjrRk,TSLA,Tesla,"Mark Roussin, CPA",2024-07-25,buy,3,65,65,90,1,buy,False,False,False,False,False,,,70,False,True,53c85ef21747ab16,proxy_quality_from_locked_manifest_no_transcript_text_exported,medium
418,94sq8Fe8zO0,PYPL,PayPal,Couch Investor,2025-10-08,buy,3,60,60,90,1,buy,False,False,False,False,False,,,70,False,False,adebf71e68d8843b,proxy_quality_from_locked_manifest_no_transcript_text_exported,medium
419,9FJuXiNNtVc,NFLX,Netflix,"Parkev Tatevosian, CFA",2026-04-15,buy,2,50,50,90,1,buy,True,True,False,False,False,,,20,True,False,cf825e3f66912ef7,proxy_quality_from_locked_manifest_no_transcript_text_exported,medium
420,9FJuXiNNtVc,NFLX,Netflix,"Parkev Tatevosian, CFA",2026-04-15,buy,3,70,70,90,1,buy,False,False,False,False,False,,,20,True,False,30d717b0daf2ed0c,proxy_quality_from_locked_manifest_no_transcript_text_exported,medium
421,9RAhp7eX9sg,NVDA,Nvidia,"Mark Roussin, CPA",2024-07-18,buy,3,65,65,90,1,buy,False,False,False,False,False,,,70,False,True,8e0e5eaf62f030b9,proxy_quality_from_locked_manifest_no_transcript_text_exported,medium
422,9tQ4d-LJbbY,NFLX,Netflix,Daniel Pronk,2021-09-13,buy,3,60,60,90,1,buy,False,False,False,False,False,,,70,False,False,e5be6d9453304f78,proxy_quality_from_locked_manifest_no_transcript_text_exported,medium
423,9tQ4d-LJbbY,NFLX,Netflix,Daniel Pronk,2021-09-13,buy,3,60,60,90,1,buy,False,False,False,False,False,,,70,False,False,e0c064826f846c64,proxy_quality_from_locked_manifest_no_transcript_text_exported,medium
424,9tQ4d-LJbbY,AMZN,Amazon,Daniel Pronk,2021-09-13,buy,3,65,65,90,1,buy,False,False,False,False,False,,,70,False,True,95eca402717c55df,proxy_quality_from_locked_manifest_no_transcript_text_exported,medium
425,9tQ4d-LJbbY,META,Meta,Daniel Pronk,2021-09-13,buy,3,60,60,90,1,buy,False,False,False,False,False,,,70,False,False,ccb6ce10b6d672a4,proxy_quality_from_locked_manifest_no_transcript_text_exported,medium
426,ADryjBZl_7k,GOOGL,Alphabet,"Mark Roussin, CPA",2024-05-09,buy,3,70,70,90,1,buy,False,False,False,False,False,,,20,True,False,fb76c95be6030b6d,proxy_quality_from_locked_manifest_no_transcript_text_exported,medium
427,ADryjBZl_7k,AAPL,Apple,"Mark Roussin, CPA",2024-05-09,sell,3,75,75,90,1,sell,False,False,False,False,False,,,20,True,True,15f44b4db6fe8cf5,proxy_quality_from_locked_manifest_no_transcript_text_exported,high
428,ADryjBZl_7k,MSFT,Microsoft,"Mark Roussin, CPA",2024-05-09,buy,3,70,70,90,1,buy,False,False,False,False,False,,,20,True,False,b072089932defaec,proxy_quality_from_locked_manifest_no_transcript_text_exported,medium
429,AJtdtwQfGPE,AMD,nan,Couch Investor,2025-11-04,sell,3,65,65,90,1,sell,False,False,False,False,False,,,70,False,True,70fcef74a572397f,proxy_quality_from_locked_manifest_no_transcript_text_exported,medium
430,AJtdtwQfGPE,AMD,nan,Couch Investor,2025-11-04,buy,3,65,65,90,1,buy,False,False,False,False,False,,,70,False,True,82e0aaae508deb0a,proxy_quality_from_locked_manifest_no_transcript_text_exported,medium
431,AJtdtwQfGPE,AMD,nan,Couch Investor,2025-11-04,buy,3,65,65,90,1,buy,False,False,False,False,False,,,70,False,True,7f1a2db79fc75af3,proxy_quality_from_locked_manifest_no_transcript_text_exported,medium
432,AJtdtwQfGPE,AMD,nan,Couch Investor,2025-11-04,buy,3,65,65,90,1,buy,False,False,False,False,False,,,70,False,True,03c02ac56ace394d,proxy_quality_from_locked_manifest_no_transcript_text_exported,medium
433,ALzU9Najh6A,UBER,Uber,"Parkev Tatevosian, CFA",2026-04-01,buy,2,50,50,90,1,buy,True,True,False,False,False,,,20,True,False,7a7bf94e1a8dc112,proxy_quality_from_locked_manifest_no_transcript_text_exported,medium
434,BDQCEz780Tg,META,Meta,Jose Najarro Stocks,2025-11-25,sell,3,60,60,90,1,sell,False,False,False,False,False,,,70,False,False,5f9c8f9b912b4895,proxy_quality_from_locked_manifest_no_transcript_text_exported,medium
435,BGVx3FzIkCg,AMZN,Amazon,The Investor Channel,2024-03-22,buy,3,65,65,90,1,buy,False,False,False,False,False,,,70,False,True,1c739a21b758045f,proxy_quality_from_locked_manifest_no_transcript_text_exported,medium
436,BGVx3FzIkCg,MSFT,Microsoft,The Investor Channel,2024-03-22,buy,3,60,60,90,1,buy,False,False,False,False,False,,,70,False,False,236944f4ea194734,proxy_quality_from_locked_manifest_no_transcript_text_exported,medium
437,BGVx3FzIkCg,TSLA,Tesla,The Investor Channel,2024-03-22,buy,3,65,65,90,1,buy,False,False,False,False,False,,,70,False,True,c4efc5715176a98e,proxy_quality_from_locked_manifest_no_transcript_text_exported,medium
438,CM4TGehCUF0,AMZN,Amazon,The Investor Channel,2024-02-23,buy,3,65,65,90,1,buy,False,False,False,False,False,,,70,False,True,578f249319ae506f,proxy_quality_from_locked_manifest_no_transcript_text_exported,medium
439,CM4TGehCUF0,MSFT,Microsoft,The Investor Channel,2024-02-23,buy,3,60,60,90,1,buy,False,False,False,False,False,,,70,False,False,4f89ada4aad4945a,proxy_quality_from_locked_manifest_no_transcript_text_exported,medium
440,CM4TGehCUF0,TSLA,Tesla,The Investor Channel,2024-02-23,buy,3,65,65,90,1,buy,False,False,False,False,False,,,70,False,True,e504e60391c6abdd,proxy_quality_from_locked_manifest_no_transcript_text_exported,medium
441,CRKqAg9YKHo,AAPL,Apple,Dividendology,2025-03-13,sell,3,75,75,90,1,sell,False,False,False,False,False,,,20,True,True,fdb1bc7178140630,proxy_quality_from_locked_manifest_no_transcript_text_exported,high
442,CRKqAg9YKHo,AAPL,Apple,Dividendology,2025-03-13,sell,3,75,75,90,1,sell,False,False,False,False,False,,,20,True,True,cce8545c2bce9f05,proxy_quality_from_locked_manifest_no_transcript_text_exported,high
443,CT2pUJ90wUg,NVDA,Nvidia,"Mark Roussin, CPA",2024-09-07,sell,3,75,75,90,1,sell,False,False,False,False,False,,,20,True,True,f5b581d36fb4f724,proxy_quality_from_locked_manifest_no_transcript_text_exported,high
444,CWSl67EDADs,AMZN,Amazon,The Investor Channel,2023-10-27,sell,3,65,65,90,1,sell,False,False,False,False,False,,,70,False,True,1cfdbe3ab72476de,proxy_quality_from_locked_manifest_no_transcript_text_exported,medium
445,CySDoMyamVU,NVDA,Nvidia,Jose Najarro Stocks,2025-10-08,buy,3,65,65,90,1,buy,False,False,False,False,False,,,70,False,True,c834b5108b043d72,proxy_quality_from_locked_manifest_no_transcript_text_exported,medium
446,DZmAGPtKjPo,AMZN,Amazon,"Mark Roussin, CPA",2024-05-02,buy,3,65,65,90,1,buy,False,False,False,False,False,,,70,False,True,f94a743a61ba7128,proxy_quality_from_locked_manifest_no_transcript_text_exported,medium
447,DZmAGPtKjPo,TSLA,Tesla,"Mark Roussin, CPA",2024-05-02,sell,3,65,65,90,1,sell,False,False,False,False,False,,,70,False,True,987a640c2c1af83e,proxy_quality_from_locked_manifest_no_transcript_text_exported,medium
448,DaKIfcEqyPg,NVDA,Nvidia,Couch Investor,2025-10-09,buy,3,65,65,90,1,buy,False,False,False,False,False,,,70,False,True,edbdd636b37f51d5,proxy_quality_from_locked_manifest_no_transcript_text_exported,medium
449,DaKIfcEqyPg,CRM,nan,Couch Investor,2025-10-09,buy,4,80,80,90,1,buy,False,False,False,False,False,,,70,False,False,a8072469a8f92763,proxy_quality_from_locked_manifest_no_transcript_text_exported,high
450,DaKIfcEqyPg,TSLA,Tesla,Couch Investor,2025-10-09,buy,3,65,65,90,1,buy,False,False,False,False,False,,,70,False,True,ea1a7c51812ec107,proxy_quality_from_locked_manifest_no_transcript_text_exported,medium
451,DaKIfcEqyPg,UBER,Uber,Couch Investor,2025-10-09,buy,3,60,60,90,1,buy,False,False,False,False,False,,,70,False,False,af9c37b9ff4315d2,proxy_quality_from_locked_manifest_no_transcript_text_exported,medium
452,DflxOfLJ8xQ,AAPL,Apple,The Investor Channel,2024-02-10,buy,3,75,75,90,1,buy,False,False,False,False,False,,,20,True,True,04be476abd597857,proxy_quality_from_locked_manifest_no_transcript_text_exported,high
453,DflxOfLJ8xQ,AMZN,Amazon,The Investor Channel,2024-02-10,buy,3,75,75,90,1,buy,False,False,False,False,False,,,20,True,True,4c38037eb9accdd4,proxy_quality_from_locked_manifest_no_transcript_text_exported,high
454,DflxOfLJ8xQ,NVDA,Nvidia,The Investor Channel,2024-02-10,sell,3,75,75,90,1,sell,False,False,False,False,False,,,20,True,True,23b4166397d79866,proxy_quality_from_locked_manifest_no_transcript_text_exported,high
455,DflxOfLJ8xQ,TSLA,Tesla,The Investor Channel,2024-02-10,buy,3,75,75,90,1,buy,False,False,False,False,False,,,20,True,True,f50e74c72f4af096,proxy_quality_from_locked_manifest_no_transcript_text_exported,high
456,DflxOfLJ8xQ,TSLA,Tesla,The Investor Channel,2024-02-10,buy,3,75,75,90,1,buy,False,False,False,False,False,,,20,True,True,a08ccc47a4da62d9,proxy_quality_from_locked_manifest_no_transcript_text_exported,high
457,EO2vWQwk_Qo,AMD,nan,"Parkev Tatevosian, CFA",2026-04-14,sell,2,55,55,90,1,sell,True,True,False,False,False,,,20,True,True,06e48c1b00d4bbaf,proxy_quality_from_locked_manifest_no_transcript_text_exported,medium
458,EO2vWQwk_Qo,AMD,nan,"Parkev Tatevosian, CFA",2026-04-14,buy,3,75,75,90,1,buy,False,False,False,False,False,,,20,True,True,7f37af9f6def612e,proxy_quality_from_locked_manifest_no_transcript_text_exported,high
459,ElltxVRB1i8,NVDA,Nvidia,"Mark Roussin, CPA",2024-06-27,sell,3,75,75,90,1,sell,False,False,False,False,False,,,20,True,True,effd2f5dafdf05e7,proxy_quality_from_locked_manifest_no_transcript_text_exported,high
460,EtK8NBC96yQ,AMZN,Amazon,"Mark Roussin, CPA",2024-08-22,buy,3,65,65,90,1,buy,False,False,False,False,False,,,70,False,True,3e33d1a8a2961030,proxy_quality_from_locked_manifest_no_transcript_text_exported,medium
461,EtK8NBC96yQ,AMZN,Amazon,"Mark Roussin, CPA",2024-08-22,buy,3,65,65,90,1,buy,False,False,False,False,False,,,70,False,True,7f6f82bd2f673788,proxy_quality_from_locked_manifest_no_transcript_text_exported,medium
462,EtK8NBC96yQ,AMZN,Amazon,"Mark Roussin, CPA",2024-08-22,buy,3,65,65,90,1,buy,False,False,False,False,False,,,70,False,True,bd8823c23b26b7c7,proxy_quality_from_locked_manifest_no_transcript_text_exported,medium
463,EtK8NBC96yQ,GOOGL,Alphabet,"Mark Roussin, CPA",2024-08-22,buy,3,60,60,90,1,buy,False,False,False,False,False,,,70,False,False,331d1b35685207a5,proxy_quality_from_locked_manifest_no_transcript_text_exported,medium
464,F8lWDNujGRI,MSFT,Microsoft,Dividendology,2025-03-18,buy,3,60,60,90,1,buy,False,False,False,False,False,,,70,False,False,732df07e281e2c06,proxy_quality_from_locked_manifest_no_transcript_text_exported,medium
465,FOq2vKhUYvY,NVDA,Nvidia,"Parkev Tatevosian, CFA",2026-03-30,buy,2,55,55,90,1,buy,True,True,False,False,False,,,20,True,True,03e61fb1fdff19ff,proxy_quality_from_locked_manifest_no_transcript_text_exported,medium
466,FXHUZ-1p8Nk,NVDA,Nvidia,The Investor Channel,2024-01-22,sell,3,65,65,90,1,sell,False,False,False,False,False,,,70,False,True,e0c41905d89323eb,proxy_quality_from_locked_manifest_no_transcript_text_exported,medium
467,FcsdeRkD-OU,TSLA,Tesla,"Parkev Tatevosian, CFA",2026-04-01,sell,3,75,75,90,1,sell,False,False,False,False,False,,,20,True,True,b05212dd26dffb20,proxy_quality_from_locked_manifest_no_transcript_text_exported,high
468,FgMYYrG6j6c,GOOGL,Alphabet,Dividendology,2025-05-09,buy,2,50,50,90,1,buy,True,True,False,False,False,,,20,True,False,738b3f8e789a6415,proxy_quality_from_locked_manifest_no_transcript_text_exported,medium
469,FyL889Uw5Vs,NVDA,Nvidia,"Mark Roussin, CPA",2024-08-29,buy,3,65,65,90,1,buy,False,False,False,False,False,,,70,False,True,eba3ba40ded0a860,proxy_quality_from_locked_manifest_no_transcript_text_exported,medium
470,GZ_5WYJCgAo,AMD,nan,Jose Najarro Stocks,2025-10-04,buy,3,75,75,90,1,buy,False,False,False,False,False,,,20,True,True,790e9f9fb3f6dbdf,proxy_quality_from_locked_manifest_no_transcript_text_exported,high
471,Gfxx6rBsjwg,AMZN,Amazon,The Investor Channel,2024-05-11,buy,3,75,75,90,1,buy,False,False,False,False,False,,,20,True,True,d0609ffbd3420ba3,proxy_quality_from_locked_manifest_no_transcript_text_exported,high
472,Gh_Uc-iLTbY,META,Meta,Jose Najarro Stocks,2025-11-26,sell,3,60,60,90,1,sell,False,False,False,False,False,,,70,False,False,8551fcdf53c58ebf,proxy_quality_from_locked_manifest_no_transcript_text_exported,medium
473,H4omu31OkBg,AMZN,Amazon,"Mark Roussin, CPA",2024-07-22,buy,3,65,65,90,1,buy,False,False,False,False,False,,,70,False,True,80b238d1e1d56bf7,proxy_quality_from_locked_manifest_no_transcript_text_exported,medium
474,H4omu31OkBg,AMZN,Amazon,"Mark Roussin, CPA",2024-07-22,buy,4,85,85,90,1,buy,False,False,False,False,False,,,70,False,True,3c5fe91fd6081d7f,proxy_quality_from_locked_manifest_no_transcript_text_exported,high
475,H7CX1Oy3jsU,AMZN,Amazon,"Mark Roussin, CPA",2024-06-07,buy,2,45,45,90,1,buy,True,True,False,False,False,,,70,False,True,2439538113cfc519,proxy_quality_from_locked_manifest_no_transcript_text_exported,low
476,HXAqE8f_m1I,NVDA,Nvidia,The Investor Channel,2023-11-21,buy,3,65,65,90,1,buy,False,False,False,False,False,,,70,False,True,53232fd7ebd193b4,proxy_quality_from_locked_manifest_no_transcript_text_exported,medium
477,HXAqE8f_m1I,NVDA,Nvidia,The Investor Channel,2023-11-21,sell,3,65,65,90,1,sell,False,False,False,False,False,,,70,False,True,e3d79231cc8bb4bd,proxy_quality_from_locked_manifest_no_transcript_text_exported,medium
478,HcjSjEiIw4s,META,Meta,Daniel Pronk,2022-02-17,buy,3,60,60,90,1,buy,False,False,False,False,False,,,70,False,False,61d1eb7ee651eb90,proxy_quality_from_locked_manifest_no_transcript_text_exported,medium
479,HcjSjEiIw4s,META,Meta,Daniel Pronk,2022-02-17,sell,3,60,60,90,1,sell,False,False,False,False,False,,,70,False,False,f1d6f543a64034e4,proxy_quality_from_locked_manifest_no_transcript_text_exported,medium
480,HcjSjEiIw4s,META,Meta,Daniel Pronk,2022-02-17,buy,3,60,60,90,1,buy,False,False,False,False,False,,,70,False,False,831dc5eac30a91c7,proxy_quality_from_locked_manifest_no_transcript_text_exported,medium
481,HcjSjEiIw4s,META,Meta,Daniel Pronk,2022-02-17,buy,2,40,40,90,1,buy,True,True,False,False,False,,,70,False,False,f1edff524b21f7d3,proxy_quality_from_locked_manifest_no_transcript_text_exported,low
482,HcjSjEiIw4s,META,Meta,Daniel Pronk,2022-02-17,buy,3,60,60,90,1,buy,False,False,False,False,False,,,70,False,False,2000250409c4667c,proxy_quality_from_locked_manifest_no_transcript_text_exported,medium
483,IPZ83wMtW3o,DIS,Disney,Daniel Pronk,2023-09-01,buy,3,60,60,90,1,buy,False,False,False,False,False,,,70,False,False,86c32fc209bc83e4,proxy_quality_from_locked_manifest_no_transcript_text_exported,medium
484,IPZ83wMtW3o,DIS,Disney,Daniel Pronk,2023-09-01,buy,3,60,60,90,1,buy,False,False,False,False,False,,,70,False,False,ecd8fd07fd479247,proxy_quality_from_locked_manifest_no_transcript_text_exported,medium
485,IPZ83wMtW3o,DIS,Disney,Daniel Pronk,2023-09-01,sell,3,60,60,90,1,sell,False,False,False,False,False,,,70,False,False,eb8a63325810dcd0,proxy_quality_from_locked_manifest_no_transcript_text_exported,medium
486,IUUDPM8NXgA,GOOGL,Alphabet,"Parkev Tatevosian, CFA",2026-03-27,buy,2,40,40,90,1,buy,True,True,False,False,False,,,70,False,False,77e6ace9c977ab33,proxy_quality_from_locked_manifest_no_transcript_text_exported,low
487,IYpcxacwS2s,TSLA,Tesla,The Investor Channel,2024-03-01,buy,3,65,65,90,1,buy,False,False,False,False,False,,,70,False,True,c14b08c300dccf98,proxy_quality_from_locked_manifest_no_transcript_text_exported,medium
488,IYpcxacwS2s,TSLA,Tesla,The Investor Channel,2024-03-01,buy,3,65,65,90,1,buy,False,False,False,False,False,,,70,False,True,bc1774320be0cc37,proxy_quality_from_locked_manifest_no_transcript_text_exported,medium
489,IYpcxacwS2s,AAPL,Apple,The Investor Channel,2024-03-01,sell,3,65,65,90,1,sell,False,False,False,False,False,,,70,False,True,d6ceadca542b69e3,proxy_quality_from_locked_manifest_no_transcript_text_exported,medium
490,IYpcxacwS2s,NFLX,Netflix,The Investor Channel,2024-03-01,buy,3,60,60,90,1,buy,False,False,False,False,False,,,70,False,False,d0b9342a282500a1,proxy_quality_from_locked_manifest_no_transcript_text_exported,medium
491,IncQgF07zCE,CRM,nan,"Mark Roussin, CPA",2024-07-27,buy,3,70,70,90,1,buy,False,False,False,False,False,,,20,True,False,ecbb049f15303d33,proxy_quality_from_locked_manifest_no_transcript_text_exported,medium
492,Jtb2d9Qowx8,GOOGL,Alphabet,Dividendology,2025-03-30,buy,2,50,50,90,1,buy,True,True,False,False,False,,,20,True,False,033ebf8616db1e8d,proxy_quality_from_locked_manifest_no_transcript_text_exported,medium
493,JzGoUK4QVIk,GOOGL,Alphabet,Daniel Pronk,2022-05-26,buy,3,60,60,90,1,buy,False,False,False,False,False,,,70,False,False,2a5d3914a618d1fd,proxy_quality_from_locked_manifest_no_transcript_text_exported,medium
494,JzGoUK4QVIk,GOOGL,Alphabet,Daniel Pronk,2022-05-26,sell,3,60,60,90,1,sell,False,False,False,False,False,,,70,False,False,29dd2c939f73c573,proxy_quality_from_locked_manifest_no_transcript_text_exported,medium
495,JzGoUK4QVIk,GOOGL,Alphabet,Daniel Pronk,2022-05-26,buy,3,60,60,90,1,buy,False,False,False,False,False,,,70,False,False,99bfd43d6c0e3133,proxy_quality_from_locked_manifest_no_transcript_text_exported,medium
496,K-_qencWHxA,AMZN,Amazon,The Investor Channel,2024-01-05,buy,3,75,75,90,1,buy,False,False,False,False,False,,,20,True,True,ef0ade32aec79b6f,proxy_quality_from_locked_manifest_no_transcript_text_exported,high
497,LAgFGbkIg3Q,AAPL,Apple,The Investor Channel,2024-01-13,sell,3,75,75,90,1,sell,False,False,False,False,False,,,20,True,True,dd9960eae450591e,proxy_quality_from_locked_manifest_no_transcript_text_exported,high
498,LAgFGbkIg3Q,MSFT,Microsoft,The Investor Channel,2024-01-13,buy,3,70,70,90,1,buy,False,False,False,False,False,,,20,True,False,b4447219fbfd0ee7,proxy_quality_from_locked_manifest_no_transcript_text_exported,medium
499,LODkUrGJzd0,AAPL,Apple,The Investor Channel,2024-05-08,sell,3,65,65,90,1,sell,False,False,False,False,False,,,70,False,True,9878115377fea478,proxy_quality_from_locked_manifest_no_transcript_text_exported,medium
500,LX3ugn9QBCo,AMD,nan,Jose Najarro Stocks,2025-10-12,buy,5,100,100,90,1,buy,False,False,False,False,False,,,20,True,True,7a4fa6229217f9a2,proxy_quality_from_locked_manifest_no_transcript_text_exported,high
501,LX3ugn9QBCo,AMD,nan,Jose Najarro Stocks,2025-10-12,buy,3,75,75,90,1,buy,False,False,False,False,False,,,20,True,True,b523b119dc3c2868,proxy_quality_from_locked_manifest_no_transcript_text_exported,high
502,MQuPT2q1W94,MSFT,Microsoft,The Investor Channel,2023-12-22,buy,3,60,60,90,1,buy,False,False,False,False,False,,,70,False,False,65b73950e586bc82,proxy_quality_from_locked_manifest_no_transcript_text_exported,medium
503,MQuPT2q1W94,NVDA,Nvidia,The Investor Channel,2023-12-22,buy,3,65,65,90,1,buy,False,False,False,False,False,,,70,False,True,a9c0cf8b8a94e839,proxy_quality_from_locked_manifest_no_transcript_text_exported,medium
504,N2abqrg8TyA,GOOGL,Alphabet,The Investor Channel,2024-04-25,buy,2,40,40,90,1,buy,True,True,False,False,False,,,70,False,False,72794867a996f2c0,proxy_quality_from_locked_manifest_no_transcript_text_exported,low
505,N2e_N1nBlvA,AAPL,Apple,The Investor Channel,2024-05-03,sell,3,65,65,90,1,sell,False,False,False,False,False,,,70,False,True,332dc12bcae8a77e,proxy_quality_from_locked_manifest_no_transcript_text_exported,medium
506,N2e_N1nBlvA,TSLA,Tesla,The Investor Channel,2024-05-03,buy,3,65,65,90,1,buy,False,False,False,False,False,,,70,False,True,db3f35f2f01e5881,proxy_quality_from_locked_manifest_no_transcript_text_exported,medium
507,NGNmJILVBZo,MSFT,Microsoft,Couch Investor,2025-10-30,buy,4,80,80,90,1,buy,False,False,False,False,False,,,70,False,False,0e04a71d0874c963,proxy_quality_from_locked_manifest_no_transcript_text_exported,high
508,NGNmJILVBZo,GOOGL,Alphabet,Couch Investor,2025-10-30,buy,4,80,80,90,1,buy,False,False,False,False,False,,,70,False,False,3e100bbd6131ea57,proxy_quality_from_locked_manifest_no_transcript_text_exported,high
509,NGNmJILVBZo,META,Meta,Couch Investor,2025-10-30,buy,3,60,60,90,1,buy,False,False,False,False,False,,,70,False,False,cd05438bc19b7d0c,proxy_quality_from_locked_manifest_no_transcript_text_exported,medium
510,NGNmJILVBZo,META,Meta,Couch Investor,2025-10-30,buy,3,60,60,90,1,buy,False,False,False,False,False,,,70,False,False,a6507fe857d6897d,proxy_quality_from_locked_manifest_no_transcript_text_exported,medium
511,NGNmJILVBZo,NVDA,Nvidia,Couch Investor,2025-10-30,buy,3,65,65,90,1,buy,False,False,False,False,False,,,70,False,True,d157a6775682bd15,proxy_quality_from_locked_manifest_no_transcript_text_exported,medium
512,OcO4Ox388Z0,GOOGL,Alphabet,Daniel Pronk,2021-04-01,sell,3,60,60,90,1,sell,False,False,False,False,False,,,70,False,False,207210ecf34deec9,proxy_quality_from_locked_manifest_no_transcript_text_exported,medium
513,OcO4Ox388Z0,GOOGL,Alphabet,Daniel Pronk,2021-04-01,sell,3,60,60,90,1,sell,False,False,False,False,False,,,70,False,False,9450c5a2e569aaf2,proxy_quality_from_locked_manifest_no_transcript_text_exported,medium
514,OcO4Ox388Z0,AAPL,Apple,Daniel Pronk,2021-04-01,buy,3,65,65,90,1,buy,False,False,False,False,False,,,70,False,True,8450cfd1e73d360c,proxy_quality_from_locked_manifest_no_transcript_text_exported,medium
515,Ot1jMl0baYo,META,Meta,The Investor Channel,2023-10-27,sell,3,60,60,90,1,sell,False,False,False,False,False,,,70,False,False,25fbcc1a58b9af8f,proxy_quality_from_locked_manifest_no_transcript_text_exported,medium
516,Ot1jMl0baYo,AMZN,Amazon,The Investor Channel,2023-10-27,buy,2,45,45,90,1,buy,True,True,False,False,False,,,70,False,True,546e97ff2954f9fa,proxy_quality_from_locked_manifest_no_transcript_text_exported,low
517,Ot1jMl0baYo,AMZN,Amazon,The Investor Channel,2023-10-27,buy,2,45,45,90,1,buy,True,True,False,False,False,,,70,False,True,1867cd79a75a6463,proxy_quality_from_locked_manifest_no_transcript_text_exported,low
518,P6wHevNNmMU,AAPL,Apple,"Value Investing with Sven Carlin, Ph.D.",2025-12-19,sell,3,65,65,90,1,sell,False,False,False,False,False,,,70,False,True,093469d68b90c2a2,proxy_quality_from_locked_manifest_no_transcript_text_exported,medium
519,P6wHevNNmMU,AAPL,Apple,"Value Investing with Sven Carlin, Ph.D.",2025-12-19,sell,3,65,65,90,1,sell,False,False,False,False,False,,,70,False,True,67d5cb4808b08002,proxy_quality_from_locked_manifest_no_transcript_text_exported,medium
520,PmODfnAbAq0,NVDA,Nvidia,Couch Investor,2025-11-04,sell,2,45,45,90,1,sell,True,True,False,False,False,,,70,False,True,bac291636fad2495,proxy_quality_from_locked_manifest_no_transcript_text_exported,low
521,PmODfnAbAq0,NVDA,Nvidia,Couch Investor,2025-11-04,buy,4,85,85,90,1,buy,False,False,False,False,False,,,70,False,True,818720d6a2445fda,proxy_quality_from_locked_manifest_no_transcript_text_exported,high
522,PmODfnAbAq0,META,Meta,Couch Investor,2025-11-04,sell,2,40,40,90,1,sell,True,True,False,False,False,,,70,False,False,82363321a6cd8552,proxy_quality_from_locked_manifest_no_transcript_text_exported,low
523,PmODfnAbAq0,GOOGL,Alphabet,Couch Investor,2025-11-04,sell,2,40,40,90,1,sell,True,True,False,False,False,,,70,False,False,290b6ef15003f47a,proxy_quality_from_locked_manifest_no_transcript_text_exported,low
524,Puu2pYNqcbA,AMD,nan,Jose Najarro Stocks,2025-09-27,buy,3,75,75,90,1,buy,False,False,False,False,False,,,20,True,True,c810869e36c4295d,proxy_quality_from_locked_manifest_no_transcript_text_exported,high
525,QI1-fVa3k0Y,AAPL,Apple,"Mark Roussin, CPA",2024-03-14,buy,3,75,75,90,1,buy,False,False,False,False,False,,,20,True,True,632feba224204146,proxy_quality_from_locked_manifest_no_transcript_text_exported,high
526,QI1-fVa3k0Y,NVDA,Nvidia,"Mark Roussin, CPA",2024-03-14,buy,3,75,75,90,1,buy,False,False,False,False,False,,,20,True,True,fc9172a62cacc16f,proxy_quality_from_locked_manifest_no_transcript_text_exported,high
527,QMPm2uYybHQ,AAPL,Apple,The Investor Channel,2023-11-02,buy,3,65,65,90,1,buy,False,False,False,False,False,,,70,False,True,99e93bf3ec6d752c,proxy_quality_from_locked_manifest_no_transcript_text_exported,medium
528,QMPm2uYybHQ,AAPL,Apple,The Investor Channel,2023-11-02,buy,3,65,65,90,1,buy,False,False,False,False,False,,,70,False,True,2d6ae54a14583fa4,proxy_quality_from_locked_manifest_no_transcript_text_exported,medium
529,QMPm2uYybHQ,AAPL,Apple,The Investor Channel,2023-11-02,buy,3,65,65,90,1,buy,False,False,False,False,False,,,70,False,True,29d4c7484c574492,proxy_quality_from_locked_manifest_no_transcript_text_exported,medium
530,QMPm2uYybHQ,DIS,Disney,The Investor Channel,2023-11-02,buy,3,60,60,90,1,buy,False,False,False,False,False,,,70,False,False,17050c8b401c0377,proxy_quality_from_locked_manifest_no_transcript_text_exported,medium
531,QWi1PAvoDlo,MSFT,Microsoft,"Parkev Tatevosian, CFA",2026-04-12,buy,3,70,70,90,1,buy,False,False,False,False,False,,,20,True,False,575c54573663d66c,proxy_quality_from_locked_manifest_no_transcript_text_exported,medium
532,QqMTP8BgSWQ,TGT,nan,"Mark Roussin, CPA",2024-10-08,buy,4,80,80,90,1,buy,False,False,False,False,False,,,70,False,False,ba296e35ae72f96a,proxy_quality_from_locked_manifest_no_transcript_text_exported,high
533,QuWT-ExuT-Q,AAPL,Apple,"Value Investing with Sven Carlin, Ph.D.",2026-01-01,sell,3,75,75,90,1,sell,False,False,False,False,False,,,20,True,True,8eec85c7e162c86e,proxy_quality_from_locked_manifest_no_transcript_text_exported,high
534,R6wvd_Z8B0M,AMZN,Amazon,The Investor Channel,2024-01-26,buy,3,65,65,90,1,buy,False,False,False,False,False,,,70,False,True,7d9e3d8f083c5955,proxy_quality_from_locked_manifest_no_transcript_text_exported,medium
535,R6wvd_Z8B0M,NVDA,Nvidia,The Investor Channel,2024-01-26,buy,2,45,45,90,1,buy,True,True,False,False,False,,,70,False,True,a5746419dc82f0c3,proxy_quality_from_locked_manifest_no_transcript_text_exported,low
536,R6wvd_Z8B0M,NVDA,Nvidia,The Investor Channel,2024-01-26,buy,2,45,45,90,1,buy,True,True,False,False,False,,,70,False,True,890e5e21059a8dbf,proxy_quality_from_locked_manifest_no_transcript_text_exported,low
537,R6wvd_Z8B0M,MSFT,Microsoft,The Investor Channel,2024-01-26,buy,3,60,60,90,1,buy,False,False,False,False,False,,,70,False,False,df72d9be56b57033,proxy_quality_from_locked_manifest_no_transcript_text_exported,medium
538,RKlo_dWfxSU,AMZN,Amazon,"Parkev Tatevosian, CFA",2026-04-09,buy,2,45,45,90,1,buy,True,True,False,False,False,,,70,False,True,02b2879824a4998e,proxy_quality_from_locked_manifest_no_transcript_text_exported,low
539,Rgp84JuJ2nY,AMD,nan,Couch Investor,2025-09-18,buy,3,75,75,90,1,buy,False,False,False,False,False,,,20,True,True,f84186b476c899ac,proxy_quality_from_locked_manifest_no_transcript_text_exported,high
540,S1ukBsrglQk,AMZN,Amazon,Daniel Pronk,2020-07-12,buy,3,75,75,90,1,buy,False,False,False,False,False,,,20,True,True,efe1584550d885a3,proxy_quality_from_locked_manifest_no_transcript_text_exported,high
541,S1ukBsrglQk,AMZN,Amazon,Daniel Pronk,2020-07-12,buy,3,75,75,90,1,buy,False,False,False,False,False,,,20,True,True,6940158ebc8084a8,proxy_quality_from_locked_manifest_no_transcript_text_exported,high
542,SJixRhYHKhg,AMZN,Amazon,Couch Investor,2025-09-29,buy,3,75,75,90,1,buy,False,False,False,False,False,,,20,True,True,2f40ae9e507d0a56,proxy_quality_from_locked_manifest_no_transcript_text_exported,high
543,T-A3OfJxGz4,NVDA,Nvidia,"Parkev Tatevosian, CFA",2026-04-16,sell,3,75,75,90,1,sell,False,False,False,False,False,,,20,True,True,ac7c1fa4feb703fc,proxy_quality_from_locked_manifest_no_transcript_text_exported,high
544,TBhc51r61aE,GOOGL,Alphabet,Daniel Pronk,2023-12-07,buy,3,60,60,90,1,buy,False,False,False,False,False,,,70,False,False,40f2c046432df27f,proxy_quality_from_locked_manifest_no_transcript_text_exported,medium
545,TZKPxgRqJgg,NVDA,Nvidia,Jose Najarro Stocks,2025-10-03,buy,3,65,65,90,1,buy,False,False,False,False,False,,,70,False,True,3444037985338abe,proxy_quality_from_locked_manifest_no_transcript_text_exported,medium
546,TcYhlMb-swE,AMZN,Amazon,The Investor Channel,2023-12-01,buy,3,65,65,90,1,buy,False,False,False,False,False,,,70,False,True,4c1d13a4fe448422,proxy_quality_from_locked_manifest_no_transcript_text_exported,medium
547,UGOgeUoo8S0,AAPL,Apple,Dividendology,2025-02-20,sell,3,65,65,90,1,sell,False,False,False,False,False,,,70,False,True,38ec5c598b820e6a,proxy_quality_from_locked_manifest_no_transcript_text_exported,medium
548,V0c9kZdpiWo,TSLA,Tesla,"Value Investing with Sven Carlin, Ph.D.",2025-11-19,buy,3,65,65,90,1,buy,False,False,False,False,False,,,70,False,True,c13eb13f87853ec2,proxy_quality_from_locked_manifest_no_transcript_text_exported,medium
549,VAHDAxRNx08,META,Meta,"Parkev Tatevosian, CFA",2026-04-11,buy,3,70,70,90,1,buy,False,False,False,False,False,,,20,True,False,4f126d0720ce72d4,proxy_quality_from_locked_manifest_no_transcript_text_exported,medium
550,VLGOO8yqgzs,NVDA,Nvidia,Jose Najarro Stocks,2025-11-22,buy,3,75,75,90,1,buy,False,False,False,False,False,,,20,True,True,d4a2d70d554bddc7,proxy_quality_from_locked_manifest_no_transcript_text_exported,high
551,VLGOO8yqgzs,NVDA,Nvidia,Jose Najarro Stocks,2025-11-22,buy,3,75,75,90,1,buy,False,False,False,False,False,,,20,True,True,1ff89c910172e952,proxy_quality_from_locked_manifest_no_transcript_text_exported,high
552,VLGOO8yqgzs,MSFT,Microsoft,Jose Najarro Stocks,2025-11-22,buy,3,70,70,90,1,buy,False,False,False,False,False,,,20,True,False,860c7ecdd3cea5a5,proxy_quality_from_locked_manifest_no_transcript_text_exported,medium
553,VM6-KSk5TYE,PYPL,PayPal,Jose Najarro Stocks,2025-09-17,buy,3,70,70,90,1,buy,False,False,False,False,False,,,20,True,False,f4a33c893a6d3848,proxy_quality_from_locked_manifest_no_transcript_text_exported,medium
554,VM6-KSk5TYE,META,Meta,Jose Najarro Stocks,2025-09-17,buy,3,70,70,90,1,buy,False,False,False,False,False,,,20,True,False,45d6de68fad01d70,proxy_quality_from_locked_manifest_no_transcript_text_exported,medium
555,VUyEZJu4eXE,AMZN,Amazon,Daniel Pronk,2021-04-08,sell,3,65,65,90,1,sell,False,False,False,False,False,,,70,False,True,eec903e1ae447203,proxy_quality_from_locked_manifest_no_transcript_text_exported,medium
556,VUyEZJu4eXE,GOOGL,Alphabet,Daniel Pronk,2021-04-08,sell,3,60,60,90,1,sell,False,False,False,False,False,,,70,False,False,90cd4818f655fae9,proxy_quality_from_locked_manifest_no_transcript_text_exported,medium
557,VUyEZJu4eXE,AAPL,Apple,Daniel Pronk,2021-04-08,sell,3,65,65,90,1,sell,False,False,False,False,False,,,70,False,True,22db62c909c9050d,proxy_quality_from_locked_manifest_no_transcript_text_exported,medium
558,XD_A6QxK6Ys,TSLA,Tesla,"Mark Roussin, CPA",2024-07-04,sell,3,75,75,90,1,sell,False,False,False,False,False,,,20,True,True,2d33ee2a3d25b467,proxy_quality_from_locked_manifest_no_transcript_text_exported,high
559,XD_A6QxK6Ys,NVDA,Nvidia,"Mark Roussin, CPA",2024-07-04,buy,3,75,75,90,1,buy,False,False,False,False,False,,,20,True,True,26b93d016b4ee1e6,proxy_quality_from_locked_manifest_no_transcript_text_exported,high
560,XD_A6QxK6Ys,AMZN,Amazon,"Mark Roussin, CPA",2024-07-04,buy,3,75,75,90,1,buy,False,False,False,False,False,,,20,True,True,c5165933772b5e81,proxy_quality_from_locked_manifest_no_transcript_text_exported,high
561,XD_A6QxK6Ys,AAPL,Apple,"Mark Roussin, CPA",2024-07-04,buy,3,75,75,90,1,buy,False,False,False,False,False,,,20,True,True,e89445c5a994bd2e,proxy_quality_from_locked_manifest_no_transcript_text_exported,high
562,X_-mIlpniv0,HOOD,Robinhood,"Parkev Tatevosian, CFA",2026-03-25,buy,3,70,70,90,1,buy,False,False,False,False,False,,,20,True,False,7be028725ebab460,proxy_quality_from_locked_manifest_no_transcript_text_exported,medium
563,X_-mIlpniv0,HOOD,Robinhood,"Parkev Tatevosian, CFA",2026-03-25,buy,3,70,70,90,1,buy,False,False,False,False,False,,,20,True,False,97a0bf81fdb2d3ce,proxy_quality_from_locked_manifest_no_transcript_text_exported,medium
564,X_-mIlpniv0,HOOD,Robinhood,"Parkev Tatevosian, CFA",2026-03-25,sell,3,70,70,90,1,sell,False,False,False,False,False,,,20,True,False,39ab78a61c4c225b,proxy_quality_from_locked_manifest_no_transcript_text_exported,medium
565,X_8rqT14vnw,GOOGL,Alphabet,The Investor Channel,2024-01-30,buy,3,60,60,90,1,buy,False,False,False,False,False,,,70,False,False,ea2d5bddd290d02a,proxy_quality_from_locked_manifest_no_transcript_text_exported,medium
566,X_8rqT14vnw,GOOGL,Alphabet,The Investor Channel,2024-01-30,buy,3,60,60,90,1,buy,False,False,False,False,False,,,70,False,False,4543a251e658da1a,proxy_quality_from_locked_manifest_no_transcript_text_exported,medium
567,Xguvua8LkEg,TSLA,Tesla,"Parkev Tatevosian, CFA",2026-04-07,sell,2,55,55,90,1,sell,True,True,False,False,False,,,20,True,True,3348169302b96e6f,proxy_quality_from_locked_manifest_no_transcript_text_exported,medium
568,XySu0nBipaA,AMZN,Amazon,Daniel Pronk,2021-07-17,buy,3,75,75,90,1,buy,False,False,False,False,False,,,20,True,True,74f4179a74ad3ce7,proxy_quality_from_locked_manifest_no_transcript_text_exported,high
569,YG30s6R0kO0,PYPL,PayPal,Couch Investor,2025-10-15,buy,3,60,60,90,1,buy,False,False,False,False,False,,,70,False,False,8304ee9f34fab1f3,proxy_quality_from_locked_manifest_no_transcript_text_exported,medium
570,YG30s6R0kO0,GOOGL,Alphabet,Couch Investor,2025-10-15,buy,3,60,60,90,1,buy,False,False,False,False,False,,,70,False,False,a4f50e6557790191,proxy_quality_from_locked_manifest_no_transcript_text_exported,medium
571,YG30s6R0kO0,SOFI,SoFi,Couch Investor,2025-10-15,buy,3,60,60,90,1,buy,False,False,False,False,False,,,70,False,False,dcce93c2194f8815,proxy_quality_from_locked_manifest_no_transcript_text_exported,medium
572,YjNhEjkFpUI,NVDA,Nvidia,The Investor Channel,2024-02-22,buy,3,65,65,90,1,buy,False,False,False,False,False,,,70,False,True,10c503ebf17e5053,proxy_quality_from_locked_manifest_no_transcript_text_exported,medium
573,YsPXt3LawoQ,PYPL,PayPal,Couch Investor,2025-10-29,buy,3,70,70,90,1,buy,False,False,False,False,False,,,20,True,False,b8c5fdbbc7b88af7,proxy_quality_from_locked_manifest_no_transcript_text_exported,medium
574,YsPXt3LawoQ,PYPL,PayPal,Couch Investor,2025-10-29,buy,3,70,70,90,1,buy,False,False,False,False,False,,,20,True,False,f98f2b1a9e2e7498,proxy_quality_from_locked_manifest_no_transcript_text_exported,medium
575,YsPXt3LawoQ,PYPL,PayPal,Couch Investor,2025-10-29,buy,3,70,70,90,1,buy,False,False,False,False,False,,,20,True,False,cfd2304d7d2c3472,proxy_quality_from_locked_manifest_no_transcript_text_exported,medium
576,YsPXt3LawoQ,PYPL,PayPal,Couch Investor,2025-10-29,buy,4,90,90,90,1,buy,False,False,False,False,False,,,20,True,False,8cd36dfbeb872379,proxy_quality_from_locked_manifest_no_transcript_text_exported,high
577,YsPXt3LawoQ,NVDA,Nvidia,Couch Investor,2025-10-29,buy,4,95,95,90,1,buy,False,False,False,False,False,,,20,True,True,4162dc2e24541c9b,proxy_quality_from_locked_manifest_no_transcript_text_exported,high
578,ZXpwYq07qOg,MSFT,Microsoft,Daniel Pronk,2023-05-31,buy,3,60,60,90,1,buy,False,False,False,False,False,,,70,False,False,e309e1a6c346ea84,proxy_quality_from_locked_manifest_no_transcript_text_exported,medium
579,ZXpwYq07qOg,GOOGL,Alphabet,Daniel Pronk,2023-05-31,buy,3,60,60,90,1,buy,False,False,False,False,False,,,70,False,False,1ecb09e437e79c68,proxy_quality_from_locked_manifest_no_transcript_text_exported,medium
580,_4x-tMr38D0,PLTR,Palantir,"Parkev Tatevosian, CFA",2026-03-31,buy,3,70,70,90,1,buy,False,False,False,False,False,,,20,True,False,6be863c4a3c7fc94,proxy_quality_from_locked_manifest_no_transcript_text_exported,medium
581,_VJPAZDFYVE,AMD,nan,Couch Investor,2025-10-13,buy,4,95,95,90,1,buy,False,False,False,False,False,,,20,True,True,c6c7d71e4411d36a,proxy_quality_from_locked_manifest_no_transcript_text_exported,high
582,_r-6KPbghHQ,AMC,nan,Dividend Bull,2024-03-29,sell,3,60,60,90,1,sell,False,False,False,False,False,,,70,False,False,7ae931d71fcdd5a4,proxy_quality_from_locked_manifest_no_transcript_text_exported,medium
583,b2Uv6OHjme4,TSLA,Tesla,Couch Investor,2025-09-30,buy,4,95,95,90,1,buy,False,False,False,False,False,,,20,True,True,e0d661a97edff5a8,proxy_quality_from_locked_manifest_no_transcript_text_exported,high
584,cA9G2OXZXVQ,NVDA,Nvidia,Jose Najarro Stocks,2025-09-15,buy,3,65,65,90,1,buy,False,False,False,False,False,,,70,False,True,161b48680340f9e9,proxy_quality_from_locked_manifest_no_transcript_text_exported,medium
585,ccjblJ_mtGw,MSFT,Microsoft,Daniel Pronk,2023-10-25,buy,3,60,60,90,1,buy,False,False,False,False,False,,,70,False,False,b1b51e30ff88ee16,proxy_quality_from_locked_manifest_no_transcript_text_exported,medium
586,ccjblJ_mtGw,MSFT,Microsoft,Daniel Pronk,2023-10-25,buy,3,60,60,90,1,buy,False,False,False,False,False,,,70,False,False,5b32f9bb81d8e74d,proxy_quality_from_locked_manifest_no_transcript_text_exported,medium
587,clLVVcds1AI,NVDA,Nvidia,Dividendology,2025-01-27,buy,3,65,65,90,1,buy,False,False,False,False,False,,,70,False,True,d92f47d682dca87f,proxy_quality_from_locked_manifest_no_transcript_text_exported,medium
588,cswa4YVAnyM,TSLA,Tesla,The Investor Channel,2024-04-26,buy,3,65,65,90,1,buy,False,False,False,False,False,,,70,False,True,343ef39b0e8e49c7,proxy_quality_from_locked_manifest_no_transcript_text_exported,medium
589,cswa4YVAnyM,AAPL,Apple,The Investor Channel,2024-04-26,buy,3,65,65,90,1,buy,False,False,False,False,False,,,70,False,True,05803c79e3fd6d9a,proxy_quality_from_locked_manifest_no_transcript_text_exported,medium
590,cswa4YVAnyM,AMZN,Amazon,The Investor Channel,2024-04-26,buy,3,65,65,90,1,buy,False,False,False,False,False,,,70,False,True,d3cfda57bd6aa45e,proxy_quality_from_locked_manifest_no_transcript_text_exported,medium
591,cswa4YVAnyM,NFLX,Netflix,The Investor Channel,2024-04-26,buy,3,60,60,90,1,buy,False,False,False,False,False,,,70,False,False,f6c8d34bfb3f6fd5,proxy_quality_from_locked_manifest_no_transcript_text_exported,medium
592,cswa4YVAnyM,NVDA,Nvidia,The Investor Channel,2024-04-26,sell,3,65,65,90,1,sell,False,False,False,False,False,,,70,False,True,e2e2d7d47e587738,proxy_quality_from_locked_manifest_no_transcript_text_exported,medium
593,d5bOzoJlSs4,TSLA,Tesla,"Parkev Tatevosian, CFA",2026-04-16,sell,2,55,55,90,1,sell,True,True,False,False,False,,,20,True,True,e7c9532905a76aba,proxy_quality_from_locked_manifest_no_transcript_text_exported,medium
594,dm1B5DjPP3E,NVDA,Nvidia,"Value Investing with Sven Carlin, Ph.D.",2025-11-13,sell,2,45,45,90,1,sell,True,True,False,False,False,,,70,False,True,389f31e2d409f79e,proxy_quality_from_locked_manifest_no_transcript_text_exported,low
595,e067Z5l9jPE,ROKU,Roku,"Parkev Tatevosian, CFA",2026-04-08,buy,2,40,40,90,1,buy,True,True,False,False,False,,,70,False,False,78ba8dae5faec5a2,proxy_quality_from_locked_manifest_no_transcript_text_exported,low
596,eGlv_q4KSoI,MSFT,Microsoft,Couch Investor,2025-10-07,buy,3,60,60,90,1,buy,False,False,False,False,False,,,70,False,False,baba5ef36e2db12f,proxy_quality_from_locked_manifest_no_transcript_text_exported,medium
597,eGlv_q4KSoI,PYPL,PayPal,Couch Investor,2025-10-07,buy,4,80,80,90,1,buy,False,False,False,False,False,,,70,False,False,c394dbefec1e5b67,proxy_quality_from_locked_manifest_no_transcript_text_exported,high
598,eGlv_q4KSoI,NFLX,Netflix,Couch Investor,2025-10-07,buy,3,60,60,90,1,buy,False,False,False,False,False,,,70,False,False,851b3772566c50a0,proxy_quality_from_locked_manifest_no_transcript_text_exported,medium
599,eGlv_q4KSoI,AMD,nan,Couch Investor,2025-10-07,buy,4,85,85,90,1,buy,False,False,False,False,False,,,70,False,True,7766ee9be50a12ed,proxy_quality_from_locked_manifest_no_transcript_text_exported,high
600,eGlv_q4KSoI,AMD,nan,Couch Investor,2025-10-07,buy,3,65,65,90,1,buy,False,False,False,False,False,,,70,False,True,be2335878f65da54,proxy_quality_from_locked_manifest_no_transcript_text_exported,medium
601,eGlv_q4KSoI,AMZN,Amazon,Couch Investor,2025-10-07,buy,3,65,65,90,1,buy,False,False,False,False,False,,,70,False,True,42b2765004148a5d,proxy_quality_from_locked_manifest_no_transcript_text_exported,medium
602,fGxKLd_vZiE,AAPL,Apple,"Mark Roussin, CPA",2024-03-15,buy,2,45,45,90,1,buy,True,True,False,False,False,,,70,False,True,5d780903aeda680f,proxy_quality_from_locked_manifest_no_transcript_text_exported,low
603,grDxXjdWJ4g,AMZN,Amazon,"Mark Roussin, CPA",2025-03-26,buy,3,65,65,90,1,buy,False,False,False,False,False,,,70,False,True,776254423b350348,proxy_quality_from_locked_manifest_no_transcript_text_exported,medium
604,h6ymtWhz83M,PYPL,PayPal,The Investor Channel,2023-11-01,buy,3,60,60,90,1,buy,False,False,False,False,False,,,70,False,False,57299ae5c277678e,proxy_quality_from_locked_manifest_no_transcript_text_exported,medium
605,h6ymtWhz83M,PYPL,PayPal,The Investor Channel,2023-11-01,buy,3,60,60,90,1,buy,False,False,False,False,False,,,70,False,False,c7d11dc116bab7fa,proxy_quality_from_locked_manifest_no_transcript_text_exported,medium
606,i6k5X9MJgKw,GOOGL,Alphabet,Couch Investor,2025-10-07,buy,3,60,60,90,1,buy,False,False,False,False,False,,,70,False,False,9e88b63dbf107502,proxy_quality_from_locked_manifest_no_transcript_text_exported,medium
607,i6k5X9MJgKw,META,Meta,Couch Investor,2025-10-07,buy,3,60,60,90,1,buy,False,False,False,False,False,,,70,False,False,f064a5256d19d422,proxy_quality_from_locked_manifest_no_transcript_text_exported,medium
608,iNPfkVVLq2E,AMD,nan,"Mark Roussin, CPA",2024-08-01,buy,3,65,65,90,1,buy,False,False,False,False,False,,,70,False,True,1fe1012600780c11,proxy_quality_from_locked_manifest_no_transcript_text_exported,medium
609,iNPfkVVLq2E,NVDA,Nvidia,"Mark Roussin, CPA",2024-08-01,buy,2,45,45,90,1,buy,True,True,False,False,False,,,70,False,True,6471e372452d2950,proxy_quality_from_locked_manifest_no_transcript_text_exported,low
610,iuKfWZeZQXc,AMZN,Amazon,"Mark Roussin, CPA",2024-07-10,buy,3,65,65,90,1,buy,False,False,False,False,False,,,70,False,True,3dc74da72c1cd5de,proxy_quality_from_locked_manifest_no_transcript_text_exported,medium
611,iuKfWZeZQXc,GOOGL,Alphabet,"Mark Roussin, CPA",2024-07-10,buy,3,60,60,90,1,buy,False,False,False,False,False,,,70,False,False,6a7e1285cab4e1c6,proxy_quality_from_locked_manifest_no_transcript_text_exported,medium
612,k3WysVWRs6U,GOOGL,Alphabet,"Parkev Tatevosian, CFA",2026-04-16,buy,3,70,70,90,1,buy,False,False,False,False,False,,,20,True,False,86040e7246fd62e9,proxy_quality_from_locked_manifest_no_transcript_text_exported,medium
613,kFuT8FBg-T8,AMZN,Amazon,The Investor Channel,2024-02-02,sell,3,65,65,90,1,sell,False,False,False,False,False,,,70,False,True,df2ef45f3b2b2ab1,proxy_quality_from_locked_manifest_no_transcript_text_exported,medium
614,kh-qIeu-wEA,AMD,nan,Jose Najarro Stocks,2025-09-21,buy,3,75,75,90,1,buy,False,False,False,False,False,,,20,True,True,f6bdc23a6bb83dc9,proxy_quality_from_locked_manifest_no_transcript_text_exported,high
615,kh-qIeu-wEA,NVDA,Nvidia,Jose Najarro Stocks,2025-09-21,sell,3,75,75,90,1,sell,False,False,False,False,False,,,20,True,True,fcb8d08b5b5e432b,proxy_quality_from_locked_manifest_no_transcript_text_exported,high
616,kr9snQXliDg,SOFI,SoFi,"Parkev Tatevosian, CFA",2026-04-13,buy,3,70,70,90,1,buy,False,False,False,False,False,,,20,True,False,6f2ee64dd4739910,proxy_quality_from_locked_manifest_no_transcript_text_exported,medium
617,l4IqwY5nz4g,TSLA,Tesla,The Investor Channel,2024-01-19,buy,3,65,65,90,1,buy,False,False,False,False,False,,,70,False,True,6e30787ce059f554,proxy_quality_from_locked_manifest_no_transcript_text_exported,medium
618,l4IqwY5nz4g,PYPL,PayPal,The Investor Channel,2024-01-19,buy,3,60,60,90,1,buy,False,False,False,False,False,,,70,False,False,90f6810eb36c6dba,proxy_quality_from_locked_manifest_no_transcript_text_exported,medium
619,lPn6paBIAoM,TSLA,Tesla,Dividend Bull,2024-02-22,sell,3,65,65,90,1,sell,False,False,False,False,False,,,70,False,True,ddb2ed9707fc2451,proxy_quality_from_locked_manifest_no_transcript_text_exported,medium
620,lv7abqWNEJs,AMD,nan,Jose Najarro Stocks,2025-10-28,sell,3,65,65,90,1,sell,False,False,False,False,False,,,70,False,True,fa1a07e9d023a511,proxy_quality_from_locked_manifest_no_transcript_text_exported,medium
621,mkeGh__GV0A,GOOGL,Alphabet,Daniel Pronk,2023-11-25,buy,3,70,70,90,1,buy,False,False,False,False,False,,,20,True,False,ceadf344ffaaf757,proxy_quality_from_locked_manifest_no_transcript_text_exported,medium
622,nHiwla2OsAc,NVDA,Nvidia,The Investor Channel,2024-02-02,buy,3,75,75,90,1,buy,False,False,False,False,False,,,20,True,True,5d3f42f9af8a9322,proxy_quality_from_locked_manifest_no_transcript_text_exported,high
623,nHiwla2OsAc,AAPL,Apple,The Investor Channel,2024-02-02,buy,3,75,75,90,1,buy,False,False,False,False,False,,,20,True,True,2c39906a6d6fa31f,proxy_quality_from_locked_manifest_no_transcript_text_exported,high
624,nHiwla2OsAc,AMZN,Amazon,The Investor Channel,2024-02-02,buy,3,75,75,90,1,buy,False,False,False,False,False,,,20,True,True,a36b3d8eae1cabcb,proxy_quality_from_locked_manifest_no_transcript_text_exported,high
625,nQM4C_K_UpQ,AMD,nan,Couch Investor,2025-09-25,buy,3,75,75,90,1,buy,False,False,False,False,False,,,20,True,True,ec3a507fa715203e,proxy_quality_from_locked_manifest_no_transcript_text_exported,high
626,nhjlm0LV4zw,PYPL,PayPal,Couch Investor,2025-10-01,buy,3,70,70,90,1,buy,False,False,False,False,False,,,20,True,False,84033d79f8ee7f36,proxy_quality_from_locked_manifest_no_transcript_text_exported,medium
627,oPpUoGbiyv0,TSLA,Tesla,Jose Najarro Stocks,2025-09-15,buy,3,75,75,90,1,buy,False,False,False,False,False,,,20,True,True,0b5c2020028c7559,proxy_quality_from_locked_manifest_no_transcript_text_exported,high
628,oPpUoGbiyv0,TSLA,Tesla,Jose Najarro Stocks,2025-09-15,buy,3,75,75,90,1,buy,False,False,False,False,False,,,20,True,True,7c7481e686d101e5,proxy_quality_from_locked_manifest_no_transcript_text_exported,high
629,oPpUoGbiyv0,NVDA,Nvidia,Jose Najarro Stocks,2025-09-15,buy,3,75,75,90,1,buy,False,False,False,False,False,,,20,True,True,02e29a749e5e1263,proxy_quality_from_locked_manifest_no_transcript_text_exported,high
630,oPpUoGbiyv0,NVDA,Nvidia,Jose Najarro Stocks,2025-09-15,sell,3,75,75,90,1,sell,False,False,False,False,False,,,20,True,True,58fe8c85925ef293,proxy_quality_from_locked_manifest_no_transcript_text_exported,high
631,ogbJMAEePzM,NVDA,Nvidia,Couch Investor,2025-11-03,sell,3,65,65,90,1,sell,False,False,False,False,False,,,70,False,True,4b7e037c2b7004b2,proxy_quality_from_locked_manifest_no_transcript_text_exported,medium
632,ooyo9wx08JY,GOOGL,Alphabet,The Investor Channel,2023-10-27,sell,3,60,60,90,1,sell,False,False,False,False,False,,,70,False,False,741d247502c44aa5,proxy_quality_from_locked_manifest_no_transcript_text_exported,medium
633,ooyo9wx08JY,AAPL,Apple,The Investor Channel,2023-10-27,buy,3,65,65,90,1,buy,False,False,False,False,False,,,70,False,True,11fa82fb14edd49d,proxy_quality_from_locked_manifest_no_transcript_text_exported,medium
634,ooyo9wx08JY,DIS,Disney,The Investor Channel,2023-10-27,buy,3,60,60,90,1,buy,False,False,False,False,False,,,70,False,False,dc35214e84d8fffc,proxy_quality_from_locked_manifest_no_transcript_text_exported,medium
635,pYM6ty5nfkQ,GOOGL,Alphabet,Daniel Pronk,2022-08-23,buy,3,60,60,90,1,buy,False,False,False,False,False,,,70,False,False,b472ae2b7d0fb674,proxy_quality_from_locked_manifest_no_transcript_text_exported,medium
636,pjZCTABmbhA,AMZN,Amazon,Daniel Pronk,2023-10-27,sell,3,65,65,90,1,sell,False,False,False,False,False,,,70,False,True,94cdcfe5d6f919b4,proxy_quality_from_locked_manifest_no_transcript_text_exported,medium
637,rDcn3wmLoYU,PYPL,PayPal,Couch Investor,2025-10-03,buy,3,70,70,90,1,buy,False,False,False,False,False,,,20,True,False,42f2402b81d0026a,proxy_quality_from_locked_manifest_no_transcript_text_exported,medium
638,rDcn3wmLoYU,NVDA,Nvidia,Couch Investor,2025-10-03,buy,2,55,55,90,1,buy,True,True,False,False,False,,,20,True,True,1c337122667b9513,proxy_quality_from_locked_manifest_no_transcript_text_exported,medium
639,rMWiPJxiWsE,AAPL,Apple,Daniel Pronk,2021-05-04,buy,3,65,65,90,1,buy,False,False,False,False,False,,,70,False,True,cd81a72ad65d616a,proxy_quality_from_locked_manifest_no_transcript_text_exported,medium
640,sRJBhyHIDHA,SOFI,SoFi,Couch Investor,2025-10-20,sell,3,70,70,90,1,sell,False,False,False,False,False,,,20,True,False,d091b5966457d5ac,proxy_quality_from_locked_manifest_no_transcript_text_exported,medium
641,sRJBhyHIDHA,META,Meta,Couch Investor,2025-10-20,buy,3,70,70,90,1,buy,False,False,False,False,False,,,20,True,False,105dd520c8e492a3,proxy_quality_from_locked_manifest_no_transcript_text_exported,medium
642,sRJBhyHIDHA,PYPL,PayPal,Couch Investor,2025-10-20,buy,3,70,70,90,1,buy,False,False,False,False,False,,,20,True,False,b0d581e2fb3ab3e9,proxy_quality_from_locked_manifest_no_transcript_text_exported,medium
643,sUoXl_cnvEw,AMZN,Amazon,"Mark Roussin, CPA",2024-08-10,buy,4,95,95,90,1,buy,False,False,False,False,False,,,20,True,True,d1d6f06fd501a96a,proxy_quality_from_locked_manifest_no_transcript_text_exported,high
644,sUoXl_cnvEw,GOOGL,Alphabet,"Mark Roussin, CPA",2024-08-10,buy,3,70,70,90,1,buy,False,False,False,False,False,,,20,True,False,0d3321589970af45,proxy_quality_from_locked_manifest_no_transcript_text_exported,medium
645,sUoXl_cnvEw,AAPL,Apple,"Mark Roussin, CPA",2024-08-10,buy,4,95,95,90,1,buy,False,False,False,False,False,,,20,True,True,9ba5ebb27e4be148,proxy_quality_from_locked_manifest_no_transcript_text_exported,high
646,sUoXl_cnvEw,TSLA,Tesla,"Mark Roussin, CPA",2024-08-10,buy,4,95,95,90,1,buy,False,False,False,False,False,,,20,True,True,6e68eea66d8fa204,proxy_quality_from_locked_manifest_no_transcript_text_exported,high
647,sz_hSry3zJI,NVDA,Nvidia,Jose Najarro Stocks,2025-09-12,buy,3,65,65,90,1,buy,False,False,False,False,False,,,70,False,True,f11d9c2a870972ba,proxy_quality_from_locked_manifest_no_transcript_text_exported,medium
648,uzYivf6iZts,AMZN,Amazon,Couch Investor,2025-10-23,buy,3,65,65,90,1,buy,False,False,False,False,False,,,70,False,True,117fd02ede326967,proxy_quality_from_locked_manifest_no_transcript_text_exported,medium
649,vcXzlFtS4RE,NFLX,Netflix,The Investor Channel,2024-01-23,buy,3,60,60,90,1,buy,False,False,False,False,False,,,70,False,False,81a2602405b9cb9b,proxy_quality_from_locked_manifest_no_transcript_text_exported,medium
650,vcXzlFtS4RE,NFLX,Netflix,The Investor Channel,2024-01-23,buy,3,60,60,90,1,buy,False,False,False,False,False,,,70,False,False,8cefe8781b9ec5ab,proxy_quality_from_locked_manifest_no_transcript_text_exported,medium
651,vf-5jNQNsgE,GOOGL,Alphabet,Daniel Pronk,2023-12-09,sell,3,70,70,90,1,sell,False,False,False,False,False,,,20,True,False,988dbbb268fecab1,proxy_quality_from_locked_manifest_no_transcript_text_exported,medium
652,vpbnPcCzZmg,NVDA,Nvidia,Jose Najarro Stocks,2025-11-01,buy,3,75,75,90,1,buy,False,False,False,False,False,,,20,True,True,904a0c29354fdcf7,proxy_quality_from_locked_manifest_no_transcript_text_exported,high
653,vpbnPcCzZmg,NVDA,Nvidia,Jose Najarro Stocks,2025-11-01,buy,3,75,75,90,1,buy,False,False,False,False,False,,,20,True,True,72ef7f134a2f9a00,proxy_quality_from_locked_manifest_no_transcript_text_exported,high
654,vpbnPcCzZmg,NVDA,Nvidia,Jose Najarro Stocks,2025-11-01,buy,3,75,75,90,1,buy,False,False,False,False,False,,,20,True,True,8929c3449c2f3969,proxy_quality_from_locked_manifest_no_transcript_text_exported,high
655,w_B4UAOg6eE,NVDA,Nvidia,Daniel Pronk,2023-12-03,buy,3,75,75,90,1,buy,False,False,False,False,False,,,20,True,True,99030252ccb089b0,proxy_quality_from_locked_manifest_no_transcript_text_exported,high
656,w_B4UAOg6eE,NVDA,Nvidia,Daniel Pronk,2023-12-03,buy,3,75,75,90,1,buy,False,False,False,False,False,,,20,True,True,92d752d57a035a6d,proxy_quality_from_locked_manifest_no_transcript_text_exported,high
657,w_B4UAOg6eE,NVDA,Nvidia,Daniel Pronk,2023-12-03,buy,3,75,75,90,1,buy,False,False,False,False,False,,,20,True,True,82fa37ba11af15b3,proxy_quality_from_locked_manifest_no_transcript_text_exported,high
658,w_B4UAOg6eE,NVDA,Nvidia,Daniel Pronk,2023-12-03,buy,3,75,75,90,1,buy,False,False,False,False,False,,,20,True,True,272c7ca646fee091,proxy_quality_from_locked_manifest_no_transcript_text_exported,high
659,x1CWG9Nkkms,NVDA,Nvidia,Dividend Bull,2024-04-16,sell,3,65,65,90,1,sell,False,False,False,False,False,,,70,False,True,7af57a5cd6b767e2,proxy_quality_from_locked_manifest_no_transcript_text_exported,medium
660,yBRl97boRzI,NVDA,Nvidia,Dividendology,2025-03-04,sell,3,65,65,90,1,sell,False,False,False,False,False,,,70,False,True,d1f0e8f2107c1728,proxy_quality_from_locked_manifest_no_transcript_text_exported,medium
661,yLQATDoXNUU,NVDA,Nvidia,"Mark Roussin, CPA",2024-07-01,buy,4,85,85,90,1,buy,False,False,False,False,False,,,70,False,True,32dbbd03125af7e0,proxy_quality_from_locked_manifest_no_transcript_text_exported,high
662,yPX_Z4EQLh0,AMZN,Amazon,The Investor Channel,2023-12-15,buy,4,85,85,90,1,buy,False,False,False,False,False,,,70,False,True,dd5bf0b1ae000c0c,proxy_quality_from_locked_manifest_no_transcript_text_exported,high
663,yPX_Z4EQLh0,NFLX,Netflix,The Investor Channel,2023-12-15,buy,3,60,60,90,1,buy,False,False,False,False,False,,,70,False,False,741c039cb0ebfbfd,proxy_quality_from_locked_manifest_no_transcript_text_exported,medium
664,yPX_Z4EQLh0,NFLX,Netflix,The Investor Channel,2023-12-15,buy,3,60,60,90,1,buy,False,False,False,False,False,,,70,False,False,b11f7db9847d6a85,proxy_quality_from_locked_manifest_no_transcript_text_exported,medium
665,yPX_Z4EQLh0,PYPL,PayPal,The Investor Channel,2023-12-15,buy,3,60,60,90,1,buy,False,False,False,False,False,,,70,False,False,a6989c05b797e4e8,proxy_quality_from_locked_manifest_no_transcript_text_exported,medium
666,yPX_Z4EQLh0,GOOGL,Alphabet,The Investor Channel,2023-12-15,buy,3,60,60,90,1,buy,False,False,False,False,False,,,70,False,False,c1dd845866ffbcad,proxy_quality_from_locked_manifest_no_transcript_text_exported,medium
667,yPX_Z4EQLh0,TSLA,Tesla,The Investor Channel,2023-12-15,buy,2,45,45,90,1,buy,True,True,False,False,False,,,70,False,True,7fc542495247854c,proxy_quality_from_locked_manifest_no_transcript_text_exported,low
668,ycJP5cE1yOE,GOOGL,Alphabet,"Value Investing with Sven Carlin, Ph.D.",2025-11-24,buy,3,70,70,90,1,buy,False,False,False,False,False,,,20,True,False,c7a97ee7af788bde,proxy_quality_from_locked_manifest_no_transcript_text_exported,medium
669,zpinxnMqFS8,META,Meta,Daniel Pronk,2022-06-06,buy,3,60,60,90,1,buy,False,False,False,False,False,,,70,False,False,763281bcd06b2f51,proxy_quality_from_locked_manifest_no_transcript_text_exported,medium
670,zpinxnMqFS8,META,Meta,Daniel Pronk,2022-06-06,buy,3,60,60,90,1,buy,False,False,False,False,False,,,70,False,False,87edb4cb1f98df3a,proxy_quality_from_locked_manifest_no_transcript_text_exported,medium
671,zpinxnMqFS8,META,Meta,Daniel Pronk,2022-06-06,buy,3,60,60,90,1,buy,False,False,False,False,False,,,70,False,False,eeb838fd465500fb,proxy_quality_from_locked_manifest_no_transcript_text_exported,medium
672,zpinxnMqFS8,MSFT,Microsoft,Daniel Pronk,2022-06-06,buy,3,60,60,90,1,buy,False,False,False,False,False,,,70,False,False,acd297c9a6384121,proxy_quality_from_locked_manifest_no_transcript_text_exported,medium
673,zpinxnMqFS8,MSFT,Microsoft,Daniel Pronk,2022-06-06,buy,3,60,60,90,1,buy,False,False,False,False,False,,,70,False,False,9a8ce3dc8ac8c1a7,proxy_quality_from_locked_manifest_no_transcript_text_exported,medium
674,zpinxnMqFS8,GOOGL,Alphabet,Daniel Pronk,2022-06-06,buy,3,60,60,90,1,buy,False,False,False,False,False,,,70,False,False,b194d27d9e416054,proxy_quality_from_locked_manifest_no_transcript_text_exported,medium
675,zpinxnMqFS8,AMZN,Amazon,Daniel Pronk,2022-06-06,buy,3,65,65,90,1,buy,False,False,False,False,False,,,70,False,True,5a11d14a4d47968d,proxy_quality_from_locked_manifest_no_transcript_text_exported,medium
676,zpinxnMqFS8,AMZN,Amazon,Daniel Pronk,2022-06-06,buy,3,65,65,90,1,buy,False,False,False,False,False,,,70,False,True,cc7b1804ee89e95f,proxy_quality_from_locked_manifest_no_transcript_text_exported,medium
677,-oAVTOm2yHM,NVDA,Nvidia,The Investor Channel,2024-09-14,buy,2,55,55,90,1,buy,True,True,False,False,False,,,20,True,True,efe491a9535b0d64,proxy_quality_from_locked_manifest_no_transcript_text_exported,medium
678,-oAVTOm2yHM,AAPL,Apple,The Investor Channel,2024-09-14,buy,3,75,75,90,1,buy,False,False,False,False,False,,,20,True,True,f100ccba3245a64b,proxy_quality_from_locked_manifest_no_transcript_text_exported,high
679,-oAVTOm2yHM,NFLX,Netflix,The Investor Channel,2024-09-14,sell,3,70,70,90,1,sell,False,False,False,False,False,,,20,True,False,f440828ac11f68e4,proxy_quality_from_locked_manifest_no_transcript_text_exported,medium
680,2N5ecN8mPlQ,PYPL,PayPal,Couch Investor,2025-11-24,buy,3,60,60,90,1,buy,False,False,False,False,False,,,70,False,False,211fa5ef339153cc,proxy_quality_from_locked_manifest_no_transcript_text_exported,medium
681,2eyBzyijoII,NVDA,Nvidia,The Investor Channel,2024-08-09,sell,3,65,65,90,1,sell,False,False,False,False,False,,,70,False,True,7eeee410b5af122f,proxy_quality_from_locked_manifest_no_transcript_text_exported,medium
682,2eyBzyijoII,TSLA,Tesla,The Investor Channel,2024-08-09,sell,3,65,65,90,1,sell,False,False,False,False,False,,,70,False,True,3733b287cc27b3b9,proxy_quality_from_locked_manifest_no_transcript_text_exported,medium
683,4RbHcZBVnoA,PYPL,PayPal,Couch Investor,2025-11-20,buy,2,40,40,90,1,buy,True,True,False,False,False,,,70,False,False,929b5d3cfb193851,proxy_quality_from_locked_manifest_no_transcript_text_exported,low
684,556v5h86gX4,UBER,Uber,The Investor Channel,2024-05-12,buy,3,70,70,90,1,buy,False,False,False,False,False,,,20,True,False,02e27e4a308ac536,proxy_quality_from_locked_manifest_no_transcript_text_exported,medium
685,5_wTAu9SGi8,NVDA,Nvidia,Jose Najarro Stocks,2025-12-31,buy,3,65,65,90,1,buy,False,False,False,False,False,,,70,False,True,c71aaef20a76fbe3,proxy_quality_from_locked_manifest_no_transcript_text_exported,medium
686,64u3Bn_tKiQ,AMD,nan,Jose Najarro Stocks,2025-12-22,buy,3,65,65,90,1,buy,False,False,False,False,False,,,70,False,True,0ca54277e0743568,proxy_quality_from_locked_manifest_no_transcript_text_exported,medium
687,7qBevLQZwaE,META,Meta,Couch Investor,2025-11-23,buy,3,70,70,90,1,buy,False,False,False,False,False,,,20,True,False,d13540e0d648273a,proxy_quality_from_locked_manifest_no_transcript_text_exported,medium
688,8LCfFVYJ1i8,UBER,Uber,"Mark Roussin, CPA",2024-11-05,buy,4,80,80,90,1,buy,False,False,False,False,False,,,70,False,False,fadb21cb76f0094d,proxy_quality_from_locked_manifest_no_transcript_text_exported,high
689,8OYX7ddffrM,SOFI,SoFi,Couch Investor,2025-11-13,buy,3,70,70,90,1,buy,False,False,False,False,False,,,20,True,False,e96cee3b05d0db8d,proxy_quality_from_locked_manifest_no_transcript_text_exported,medium
690,8uvNemu6lSs,AMZN,Amazon,The Investor Channel,2024-06-14,buy,3,65,65,90,1,buy,False,False,False,False,False,,,70,False,True,f1009440760d2adb,proxy_quality_from_locked_manifest_no_transcript_text_exported,medium
691,8uvNemu6lSs,GOOGL,Alphabet,The Investor Channel,2024-06-14,buy,3,60,60,90,1,buy,False,False,False,False,False,,,70,False,False,9b15176914e41d6c,proxy_quality_from_locked_manifest_no_transcript_text_exported,medium
692,A-KwDB5UcBA,SOFI,SoFi,"Parkev Tatevosian, CFA",2026-04-19,buy,3,70,70,90,1,buy,False,False,False,False,False,,,20,True,False,3704f7d7e617818d,proxy_quality_from_locked_manifest_no_transcript_text_exported,medium
693,A-KwDB5UcBA,SOFI,SoFi,"Parkev Tatevosian, CFA",2026-04-19,buy,3,70,70,90,1,buy,False,False,False,False,False,,,20,True,False,2634e75cfbb7c8cb,proxy_quality_from_locked_manifest_no_transcript_text_exported,medium
694,AyVCP7BVQEs,GOOGL,Alphabet,Couch Investor,2025-11-28,sell,3,60,60,90,1,sell,False,False,False,False,False,,,70,False,False,4de915c073bba208,proxy_quality_from_locked_manifest_no_transcript_text_exported,medium
695,AyVCP7BVQEs,META,Meta,Couch Investor,2025-11-28,buy,3,60,60,90,1,buy,False,False,False,False,False,,,70,False,False,2e36564bca44b588,proxy_quality_from_locked_manifest_no_transcript_text_exported,medium
696,CHaKoFHkcj4,NVDA,Nvidia,"Mark Roussin, CPA",2025-01-23,buy,3,65,65,90,1,buy,False,False,False,False,False,,,70,False,True,7048c01ee9f40628,proxy_quality_from_locked_manifest_no_transcript_text_exported,medium
697,CHaKoFHkcj4,NFLX,Netflix,"Mark Roussin, CPA",2025-01-23,sell,3,60,60,90,1,sell,False,False,False,False,False,,,70,False,False,5db4c2fd7fe5a4a1,proxy_quality_from_locked_manifest_no_transcript_text_exported,medium
698,CKzyNHIb8C0,AMZN,Amazon,The Investor Channel,2024-10-25,buy,3,65,65,90,1,buy,False,False,False,False,False,,,70,False,True,6b581d90e5843a97,proxy_quality_from_locked_manifest_no_transcript_text_exported,medium
699,CKzyNHIb8C0,AMZN,Amazon,The Investor Channel,2024-10-25,buy,3,65,65,90,1,buy,False,False,False,False,False,,,70,False,True,ed6a2b4b3c1a6a3e,proxy_quality_from_locked_manifest_no_transcript_text_exported,medium
700,CKzyNHIb8C0,TSLA,Tesla,The Investor Channel,2024-10-25,buy,4,85,85,90,1,buy,False,False,False,False,False,,,70,False,True,1865a4e1f7f2802f,proxy_quality_from_locked_manifest_no_transcript_text_exported,high
701,DpX8MsVFvfo,NVDA,Nvidia,The Investor Channel,2024-10-31,buy,3,65,65,90,1,buy,False,False,False,False,False,,,70,False,True,a768bab90044b601,proxy_quality_from_locked_manifest_no_transcript_text_exported,medium
702,EZCWg6z8Ask,NVDA,Nvidia,The Investor Channel,2024-10-18,buy,3,65,65,90,1,buy,False,False,False,False,False,,,70,False,True,cd118f1e6b4b7d76,proxy_quality_from_locked_manifest_no_transcript_text_exported,medium
703,G1YjWlbaXPk,MSFT,Microsoft,"Mark Roussin, CPA",2025-02-13,buy,3,60,60,90,1,buy,False,False,False,False,False,,,70,False,False,0c6a3a487aad4b7a,proxy_quality_from_locked_manifest_no_transcript_text_exported,medium
704,G1YjWlbaXPk,MSFT,Microsoft,"Mark Roussin, CPA",2025-02-13,buy,3,60,60,90,1,buy,False,False,False,False,False,,,70,False,False,3a4950548b78cebd,proxy_quality_from_locked_manifest_no_transcript_text_exported,medium
705,G1YjWlbaXPk,AAPL,Apple,"Mark Roussin, CPA",2025-02-13,sell,2,45,45,90,1,sell,True,True,False,False,False,,,70,False,True,b6ea9bbf65dfc6ff,proxy_quality_from_locked_manifest_no_transcript_text_exported,low
706,GWOCCKlFhMY,NVDA,Nvidia,The Investor Channel,2024-08-30,buy,3,65,65,90,1,buy,False,False,False,False,False,,,70,False,True,77ff709e8fae62d4,proxy_quality_from_locked_manifest_no_transcript_text_exported,medium
707,GWOCCKlFhMY,NVDA,Nvidia,The Investor Channel,2024-08-30,buy,3,65,65,90,1,buy,False,False,False,False,False,,,70,False,True,78c865e7fe1bc37a,proxy_quality_from_locked_manifest_no_transcript_text_exported,medium
708,GWOCCKlFhMY,AMZN,Amazon,The Investor Channel,2024-08-30,buy,3,65,65,90,1,buy,False,False,False,False,False,,,70,False,True,841f0eaa8002f82a,proxy_quality_from_locked_manifest_no_transcript_text_exported,medium
709,GWOCCKlFhMY,AMZN,Amazon,The Investor Channel,2024-08-30,buy,3,65,65,90,1,buy,False,False,False,False,False,,,70,False,True,0439532fffe127bd,proxy_quality_from_locked_manifest_no_transcript_text_exported,medium
710,GWOCCKlFhMY,MSFT,Microsoft,The Investor Channel,2024-08-30,buy,3,60,60,90,1,buy,False,False,False,False,False,,,70,False,False,36a28ba6326f3205,proxy_quality_from_locked_manifest_no_transcript_text_exported,medium
711,IQeul6oxymE,AMD,nan,Jose Najarro Stocks,2025-12-19,sell,3,65,65,90,1,sell,False,False,False,False,False,,,70,False,True,d7653a427f787bb4,proxy_quality_from_locked_manifest_no_transcript_text_exported,medium
712,L6RVLGK1lL4,AMD,nan,Couch Investor,2025-11-14,buy,3,65,65,90,1,buy,False,False,False,False,False,,,70,False,True,d8763fcc1e25fe19,proxy_quality_from_locked_manifest_no_transcript_text_exported,medium
713,L6RVLGK1lL4,GOOGL,Alphabet,Couch Investor,2025-11-14,buy,3,60,60,90,1,buy,False,False,False,False,False,,,70,False,False,1d6b23ccf9117432,proxy_quality_from_locked_manifest_no_transcript_text_exported,medium
714,L6RVLGK1lL4,GOOGL,Alphabet,Couch Investor,2025-11-14,buy,3,60,60,90,1,buy,False,False,False,False,False,,,70,False,False,daf4e3bcb3607b18,proxy_quality_from_locked_manifest_no_transcript_text_exported,medium
715,L6RVLGK1lL4,UBER,Uber,Couch Investor,2025-11-14,buy,3,60,60,90,1,buy,False,False,False,False,False,,,70,False,False,9ba1d06f3b453565,proxy_quality_from_locked_manifest_no_transcript_text_exported,medium
716,L6RVLGK1lL4,META,Meta,Couch Investor,2025-11-14,buy,3,60,60,90,1,buy,False,False,False,False,False,,,70,False,False,894fc6e0772d1a40,proxy_quality_from_locked_manifest_no_transcript_text_exported,medium
717,L6RVLGK1lL4,META,Meta,Couch Investor,2025-11-14,buy,3,60,60,90,1,buy,False,False,False,False,False,,,70,False,False,42abf752dea32211,proxy_quality_from_locked_manifest_no_transcript_text_exported,medium
718,L6RVLGK1lL4,SOFI,SoFi,Couch Investor,2025-11-14,buy,3,60,60,90,1,buy,False,False,False,False,False,,,70,False,False,6b05badcef35b1a3,proxy_quality_from_locked_manifest_no_transcript_text_exported,medium
719,L6RVLGK1lL4,NVDA,Nvidia,Couch Investor,2025-11-14,buy,4,85,85,90,1,buy,False,False,False,False,False,,,70,False,True,b9494cb0248a6971,proxy_quality_from_locked_manifest_no_transcript_text_exported,high
720,MQm_kCp_U1c,AMD,nan,"Mark Roussin, CPA",2025-01-09,buy,3,65,65,90,1,buy,False,False,False,False,False,,,70,False,True,cc17de95f6507a9a,proxy_quality_from_locked_manifest_no_transcript_text_exported,medium
721,MT8AzjsB0y4,TSLA,Tesla,The Investor Channel,2024-10-11,sell,3,65,65,90,1,sell,False,False,False,False,False,,,70,False,True,fd42de8f80b8cf8d,proxy_quality_from_locked_manifest_no_transcript_text_exported,medium
722,MT8AzjsB0y4,TSLA,Tesla,The Investor Channel,2024-10-11,sell,3,65,65,90,1,sell,False,False,False,False,False,,,70,False,True,783889c50415379d,proxy_quality_from_locked_manifest_no_transcript_text_exported,medium
723,MT8AzjsB0y4,AAPL,Apple,The Investor Channel,2024-10-11,buy,3,65,65,90,1,buy,False,False,False,False,False,,,70,False,True,79288d964becc014,proxy_quality_from_locked_manifest_no_transcript_text_exported,medium
724,MT8AzjsB0y4,AMZN,Amazon,The Investor Channel,2024-10-11,buy,2,45,45,90,1,buy,True,True,False,False,False,,,70,False,True,63a356c71ec71ef6,proxy_quality_from_locked_manifest_no_transcript_text_exported,low
725,MT8AzjsB0y4,NVDA,Nvidia,The Investor Channel,2024-10-11,sell,3,65,65,90,1,sell,False,False,False,False,False,,,70,False,True,9c6e2b337f643c06,proxy_quality_from_locked_manifest_no_transcript_text_exported,medium
726,MT8AzjsB0y4,GOOGL,Alphabet,The Investor Channel,2024-10-11,buy,3,60,60,90,1,buy,False,False,False,False,False,,,70,False,False,bf5482f363ec149f,proxy_quality_from_locked_manifest_no_transcript_text_exported,medium
727,MT8AzjsB0y4,GOOGL,Alphabet,The Investor Channel,2024-10-11,buy,3,60,60,90,1,buy,False,False,False,False,False,,,70,False,False,95af533c4b199858,proxy_quality_from_locked_manifest_no_transcript_text_exported,medium
728,OZ5lN-viUeU,NVDA,Nvidia,Daniel Pronk,2024-02-24,buy,3,75,75,90,1,buy,False,False,False,False,False,,,20,True,True,28e6c0d52a5440cc,proxy_quality_from_locked_manifest_no_transcript_text_exported,high
729,OZ5lN-viUeU,NVDA,Nvidia,Daniel Pronk,2024-02-24,buy,3,75,75,90,1,buy,False,False,False,False,False,,,20,True,True,5b3872357aee4f7a,proxy_quality_from_locked_manifest_no_transcript_text_exported,high
730,PBlR0_R14mA,MSFT,Microsoft,Daniel Pronk,2024-01-31,buy,3,60,60,90,1,buy,False,False,False,False,False,,,70,False,False,923c3919de06dfd7,proxy_quality_from_locked_manifest_no_transcript_text_exported,medium
731,PBlR0_R14mA,GOOGL,Alphabet,Daniel Pronk,2024-01-31,buy,3,60,60,90,1,buy,False,False,False,False,False,,,70,False,False,cef46c37ebce9c0f,proxy_quality_from_locked_manifest_no_transcript_text_exported,medium
732,PBlR0_R14mA,GOOGL,Alphabet,Daniel Pronk,2024-01-31,buy,3,60,60,90,1,buy,False,False,False,False,False,,,70,False,False,6975d77eebf0de33,proxy_quality_from_locked_manifest_no_transcript_text_exported,medium
733,PLyn4Uhw-Hg,UBER,Uber,Couch Investor,2025-12-08,buy,3,60,60,90,1,buy,False,False,False,False,False,,,70,False,False,0d0735c6896eee23,proxy_quality_from_locked_manifest_no_transcript_text_exported,medium
734,Pi2GdZ3dx2k,NVDA,Nvidia,Couch Investor,2025-11-20,buy,4,85,85,90,1,buy,False,False,False,False,False,,,70,False,True,b1d4ad3818084d8f,proxy_quality_from_locked_manifest_no_transcript_text_exported,high
735,Pi2GdZ3dx2k,UBER,Uber,Couch Investor,2025-11-20,buy,2,40,40,90,1,buy,True,True,False,False,False,,,70,False,False,1d2086f9759bc056,proxy_quality_from_locked_manifest_no_transcript_text_exported,low
736,S-l7D8KmXy8,AAPL,Apple,The Investor Channel,2024-08-16,buy,3,65,65,90,1,buy,False,False,False,False,False,,,70,False,True,65e618bd09be4a78,proxy_quality_from_locked_manifest_no_transcript_text_exported,medium
737,S-l7D8KmXy8,NVDA,Nvidia,The Investor Channel,2024-08-16,sell,3,65,65,90,1,sell,False,False,False,False,False,,,70,False,True,7b17cd18d15c846a,proxy_quality_from_locked_manifest_no_transcript_text_exported,medium
738,S-l7D8KmXy8,NVDA,Nvidia,The Investor Channel,2024-08-16,buy,3,65,65,90,1,buy,False,False,False,False,False,,,70,False,True,1d0223af22adc3e7,proxy_quality_from_locked_manifest_no_transcript_text_exported,medium
739,S-l7D8KmXy8,GOOGL,Alphabet,The Investor Channel,2024-08-16,buy,2,40,40,90,1,buy,True,True,False,False,False,,,70,False,False,bcf1e54044e82e01,proxy_quality_from_locked_manifest_no_transcript_text_exported,low
740,S-l7D8KmXy8,AMZN,Amazon,The Investor Channel,2024-08-16,buy,3,65,65,90,1,buy,False,False,False,False,False,,,70,False,True,bf59c80ecf9b8563,proxy_quality_from_locked_manifest_no_transcript_text_exported,medium
741,S-l7D8KmXy8,AMZN,Amazon,The Investor Channel,2024-08-16,buy,3,65,65,90,1,buy,False,False,False,False,False,,,70,False,True,4156f8276be91afc,proxy_quality_from_locked_manifest_no_transcript_text_exported,medium
742,S-l7D8KmXy8,MSFT,Microsoft,The Investor Channel,2024-08-16,buy,3,60,60,90,1,buy,False,False,False,False,False,,,70,False,False,39fc3631ab03d55d,proxy_quality_from_locked_manifest_no_transcript_text_exported,medium
743,S115YsuWX8g,AMD,nan,Couch Investor,2025-11-26,buy,3,65,65,90,1,buy,False,False,False,False,False,,,70,False,True,cdf1b465bce2af51,proxy_quality_from_locked_manifest_no_transcript_text_exported,medium
744,T1O1R31FfE8,NVDA,Nvidia,"Mark Roussin, CPA",2025-01-25,sell,3,75,75,90,1,sell,False,False,False,False,False,,,20,True,True,61a5179cdb0bfb89,proxy_quality_from_locked_manifest_no_transcript_text_exported,high
745,T1O1R31FfE8,AAPL,Apple,"Mark Roussin, CPA",2025-01-25,sell,3,75,75,90,1,sell,False,False,False,False,False,,,20,True,True,99ee4cdf352c3993,proxy_quality_from_locked_manifest_no_transcript_text_exported,high
746,T1O1R31FfE8,MSFT,Microsoft,"Mark Roussin, CPA",2025-01-25,sell,3,70,70,90,1,sell,False,False,False,False,False,,,20,True,False,60c6e8601b22f61c,proxy_quality_from_locked_manifest_no_transcript_text_exported,medium
747,T1O1R31FfE8,TSLA,Tesla,"Mark Roussin, CPA",2025-01-25,sell,3,75,75,90,1,sell,False,False,False,False,False,,,20,True,True,927b1aea82884d4a,proxy_quality_from_locked_manifest_no_transcript_text_exported,high
748,TWyTh7zkf-o,PYPL,PayPal,Daniel Pronk,2024-02-08,buy,3,60,60,90,1,buy,False,False,False,False,False,,,70,False,False,29cf85abfe0759ec,proxy_quality_from_locked_manifest_no_transcript_text_exported,medium
749,TWyTh7zkf-o,AMZN,Amazon,Daniel Pronk,2024-02-08,buy,3,65,65,90,1,buy,False,False,False,False,False,,,70,False,True,019d58fcb7d99e9b,proxy_quality_from_locked_manifest_no_transcript_text_exported,medium
750,ToNE55pOgLY,NVDA,Nvidia,Jose Najarro Stocks,2025-12-28,buy,3,75,75,90,1,buy,False,False,False,False,False,,,20,True,True,287103372db9c93e,proxy_quality_from_locked_manifest_no_transcript_text_exported,high
751,U4QOkflbLNM,AMD,nan,Jose Najarro Stocks,2026-01-07,buy,3,65,65,90,1,buy,False,False,False,False,False,,,70,False,True,c447e18fa0031222,proxy_quality_from_locked_manifest_no_transcript_text_exported,medium
752,VUxFpwOip8Q,NVDA,Nvidia,The Investor Channel,2024-07-26,buy,3,65,65,90,1,buy,False,False,False,False,False,,,70,False,True,0b4c535182bcc892,proxy_quality_from_locked_manifest_no_transcript_text_exported,medium
753,W98W_y0FMko,AMZN,Amazon,Daniel Pronk,2024-02-05,buy,3,65,65,90,1,buy,False,False,False,False,False,,,70,False,True,c2afa4af83ba1133,proxy_quality_from_locked_manifest_no_transcript_text_exported,medium
754,W98W_y0FMko,AMZN,Amazon,Daniel Pronk,2024-02-05,buy,3,65,65,90,1,buy,False,False,False,False,False,,,70,False,True,b585ae689fbb2834,proxy_quality_from_locked_manifest_no_transcript_text_exported,medium
755,WDoJCoKI38A,NFLX,Netflix,Couch Investor,2025-12-03,buy,3,60,60,90,1,buy,False,False,False,False,False,,,70,False,False,9a849ac365dae39d,proxy_quality_from_locked_manifest_no_transcript_text_exported,medium
756,WZr4NjBXMAQ,AMZN,Amazon,Daniel Pronk,2024-02-17,buy,3,75,75,90,1,buy,False,False,False,False,False,,,20,True,True,8aab0f34ce4f7c1b,proxy_quality_from_locked_manifest_no_transcript_text_exported,high
757,WrNoXANEOLk,NVDA,Nvidia,The Investor Channel,2024-07-20,sell,3,75,75,90,1,sell,False,False,False,False,False,,,20,True,True,b9768074a7a4520c,proxy_quality_from_locked_manifest_no_transcript_text_exported,high
758,WrNoXANEOLk,NVDA,Nvidia,The Investor Channel,2024-07-20,buy,3,75,75,90,1,buy,False,False,False,False,False,,,20,True,True,090bb975bb683e01,proxy_quality_from_locked_manifest_no_transcript_text_exported,high
759,WrNoXANEOLk,MSFT,Microsoft,The Investor Channel,2024-07-20,buy,3,70,70,90,1,buy,False,False,False,False,False,,,20,True,False,6788634d3ec8928e,proxy_quality_from_locked_manifest_no_transcript_text_exported,medium
760,WrNoXANEOLk,MSFT,Microsoft,The Investor Channel,2024-07-20,buy,3,70,70,90,1,buy,False,False,False,False,False,,,20,True,False,e8f6964672a3a3f8,proxy_quality_from_locked_manifest_no_transcript_text_exported,medium
761,WrNoXANEOLk,MSFT,Microsoft,The Investor Channel,2024-07-20,buy,3,70,70,90,1,buy,False,False,False,False,False,,,20,True,False,e3cccc2a15968a7f,proxy_quality_from_locked_manifest_no_transcript_text_exported,medium
762,WrNoXANEOLk,TSLA,Tesla,The Investor Channel,2024-07-20,buy,3,75,75,90,1,buy,False,False,False,False,False,,,20,True,True,94b8a776379200cc,proxy_quality_from_locked_manifest_no_transcript_text_exported,high
763,WrNoXANEOLk,TSLA,Tesla,The Investor Channel,2024-07-20,buy,2,55,55,90,1,buy,True,True,False,False,False,,,20,True,True,2acd68a71f846510,proxy_quality_from_locked_manifest_no_transcript_text_exported,medium
764,WrNoXANEOLk,TSLA,Tesla,The Investor Channel,2024-07-20,sell,3,75,75,90,1,sell,False,False,False,False,False,,,20,True,True,61a57067a28234b8,proxy_quality_from_locked_manifest_no_transcript_text_exported,high
765,XGt7kO0JSTA,MSFT,Microsoft,Learn to Invest - Investors Grow,2022-10-15,buy,3,70,70,90,1,buy,False,False,False,False,False,,,20,True,False,cea74a8bc7332c7b,proxy_quality_from_locked_manifest_no_transcript_text_exported,medium
766,XgUGXRwt2Cs,AAPL,Apple,Dividendology,2025-08-18,sell,3,65,65,90,1,sell,False,False,False,False,False,,,70,False,True,e2c37ec7e3ee1063,proxy_quality_from_locked_manifest_no_transcript_text_exported,medium
767,XgUGXRwt2Cs,AAPL,Apple,Dividendology,2025-08-18,sell,3,65,65,90,1,sell,False,False,False,False,False,,,70,False,True,bb595e11286712e1,proxy_quality_from_locked_manifest_no_transcript_text_exported,medium
768,Xv8vECOjIfA,NVDA,Nvidia,The Investor Channel,2024-05-24,buy,3,65,65,90,1,buy,False,False,False,False,False,,,70,False,True,ef5172bdef3b41cb,proxy_quality_from_locked_manifest_no_transcript_text_exported,medium
769,Xv8vECOjIfA,MSFT,Microsoft,The Investor Channel,2024-05-24,buy,3,60,60,90,1,buy,False,False,False,False,False,,,70,False,False,1084ce5acf539afe,proxy_quality_from_locked_manifest_no_transcript_text_exported,medium
770,Xv8vECOjIfA,NFLX,Netflix,The Investor Channel,2024-05-24,buy,3,60,60,90,1,buy,False,False,False,False,False,,,70,False,False,22b2715185dd1134,proxy_quality_from_locked_manifest_no_transcript_text_exported,medium
771,YUCBI_gt8nY,AAPL,Apple,The Investor Channel,2024-08-23,sell,4,85,85,90,1,sell,False,False,False,False,False,,,70,False,True,054c81e0e1d82aa9,proxy_quality_from_locked_manifest_no_transcript_text_exported,high
772,YUCBI_gt8nY,AAPL,Apple,The Investor Channel,2024-08-23,buy,3,65,65,90,1,buy,False,False,False,False,False,,,70,False,True,e324d2c154f8ea63,proxy_quality_from_locked_manifest_no_transcript_text_exported,medium
773,YUCBI_gt8nY,TSLA,Tesla,The Investor Channel,2024-08-23,buy,3,65,65,90,1,buy,False,False,False,False,False,,,70,False,True,9e27be080d20dfa3,proxy_quality_from_locked_manifest_no_transcript_text_exported,medium
774,YUCBI_gt8nY,GOOGL,Alphabet,The Investor Channel,2024-08-23,buy,3,60,60,90,1,buy,False,False,False,False,False,,,70,False,False,a0b652215780878f,proxy_quality_from_locked_manifest_no_transcript_text_exported,medium
775,_-zDCWDR2Lw,PYPL,PayPal,Couch Investor,2025-11-21,buy,3,60,60,90,1,buy,False,False,False,False,False,,,70,False,False,123b54f7b0c1c57c,proxy_quality_from_locked_manifest_no_transcript_text_exported,medium
776,aC01ZzXIvhs,GOOGL,Alphabet,Couch Investor,2025-12-01,buy,3,60,60,90,1,buy,False,False,False,False,False,,,70,False,False,2ea4d3b75a6ca713,proxy_quality_from_locked_manifest_no_transcript_text_exported,medium
777,aiy_--mBQvY,GOOGL,Alphabet,"Parkev Tatevosian, CFA",2026-04-22,buy,3,70,70,90,1,buy,False,False,False,False,False,,,20,True,False,b6e25e1b0bc1d8d2,proxy_quality_from_locked_manifest_no_transcript_text_exported,medium
778,cMqseoXj6QI,AAPL,Apple,Daniel Pronk,2024-02-15,sell,3,65,65,90,1,sell,False,False,False,False,False,,,70,False,True,c984baec3bc592fa,proxy_quality_from_locked_manifest_no_transcript_text_exported,medium
779,cMqseoXj6QI,MSFT,Microsoft,Daniel Pronk,2024-02-15,sell,3,60,60,90,1,sell,False,False,False,False,False,,,70,False,False,39297b9ce938a6aa,proxy_quality_from_locked_manifest_no_transcript_text_exported,medium
780,dJmdt4xwPQs,NVDA,Nvidia,Couch Investor,2025-12-09,sell,3,65,65,90,1,sell,False,False,False,False,False,,,70,False,True,b772dce5d2d2dbbc,proxy_quality_from_locked_manifest_no_transcript_text_exported,medium
781,dJmdt4xwPQs,PYPL,PayPal,Couch Investor,2025-12-09,buy,4,80,80,90,1,buy,False,False,False,False,False,,,70,False,False,bf824572067084a9,proxy_quality_from_locked_manifest_no_transcript_text_exported,high
782,dJmdt4xwPQs,PYPL,PayPal,Couch Investor,2025-12-09,buy,3,60,60,90,1,buy,False,False,False,False,False,,,70,False,False,f2275474934b7988,proxy_quality_from_locked_manifest_no_transcript_text_exported,medium
783,e3tDUR4uOQY,SMCI,Super Micro,The Investor Channel,2024-08-06,buy,3,60,60,90,1,buy,False,False,False,False,False,,,70,False,False,03c0b296aa41c05f,proxy_quality_from_locked_manifest_no_transcript_text_exported,medium
784,eU1agLKOZFs,NFLX,Netflix,Daniel Pronk,2024-01-26,buy,3,60,60,90,1,buy,False,False,False,False,False,,,70,False,False,9db2fc416e421630,proxy_quality_from_locked_manifest_no_transcript_text_exported,medium
785,iB_DWTJ_Qz4,AAPL,Apple,Daniel Pronk,2024-02-01,buy,3,65,65,90,1,buy,False,False,False,False,False,,,70,False,True,2c495bdf677c2655,proxy_quality_from_locked_manifest_no_transcript_text_exported,medium
786,iB_DWTJ_Qz4,AMZN,Amazon,Daniel Pronk,2024-02-01,buy,2,45,45,90,1,buy,True,True,False,False,False,,,70,False,True,48d85b7326e6a0ef,proxy_quality_from_locked_manifest_no_transcript_text_exported,low
787,igJSfk0mN1Q,MSFT,Microsoft,Dividendology,2025-06-20,buy,3,70,70,90,1,buy,False,False,False,False,False,,,20,True,False,55da29eb41264a74,proxy_quality_from_locked_manifest_no_transcript_text_exported,medium
788,jxZjX7GqX90,NVDA,Nvidia,The Investor Channel,2024-09-07,buy,3,75,75,90,1,buy,False,False,False,False,False,,,20,True,True,9d3f19bd1abb86e8,proxy_quality_from_locked_manifest_no_transcript_text_exported,high
789,jxZjX7GqX90,GOOGL,Alphabet,The Investor Channel,2024-09-07,buy,3,70,70,90,1,buy,False,False,False,False,False,,,20,True,False,67287696da95acda,proxy_quality_from_locked_manifest_no_transcript_text_exported,medium
790,kE7WMVMKJLA,AAPL,Apple,Daniel Pronk,2023-12-26,buy,3,65,65,90,1,buy,False,False,False,False,False,,,70,False,True,997416d99fcac392,proxy_quality_from_locked_manifest_no_transcript_text_exported,medium
791,kE7WMVMKJLA,AAPL,Apple,Daniel Pronk,2023-12-26,buy,3,65,65,90,1,buy,False,False,False,False,False,,,70,False,True,ef1db5286e47bc5e,proxy_quality_from_locked_manifest_no_transcript_text_exported,medium
792,kZepf6X3ObU,HOOD,Robinhood,"Parkev Tatevosian, CFA",2026-04-23,buy,3,70,70,90,1,buy,False,False,False,False,False,,,20,True,False,855bd59e7e6157a9,proxy_quality_from_locked_manifest_no_transcript_text_exported,medium
793,kZepf6X3ObU,HOOD,Robinhood,"Parkev Tatevosian, CFA",2026-04-23,sell,3,70,70,90,1,sell,False,False,False,False,False,,,20,True,False,61385417c8b08c1e,proxy_quality_from_locked_manifest_no_transcript_text_exported,medium
794,kZepf6X3ObU,HOOD,Robinhood,"Parkev Tatevosian, CFA",2026-04-23,sell,2,50,50,90,1,sell,True,True,False,False,False,,,20,True,False,9e64a5466082ffd8,proxy_quality_from_locked_manifest_no_transcript_text_exported,medium
795,mgpvDcSf3rw,MSFT,Microsoft,Daniel Pronk,2024-01-30,sell,3,60,60,90,1,sell,False,False,False,False,False,,,70,False,False,b020bf3aa4688714,proxy_quality_from_locked_manifest_no_transcript_text_exported,medium
796,mgpvDcSf3rw,GOOGL,Alphabet,Daniel Pronk,2024-01-30,sell,3,60,60,90,1,sell,False,False,False,False,False,,,70,False,False,44b421798dcd1634,proxy_quality_from_locked_manifest_no_transcript_text_exported,medium
797,movlfnGuZV4,AMZN,Amazon,The Investor Channel,2024-08-01,sell,3,65,65,90,1,sell,False,False,False,False,False,,,70,False,True,0d64ea5df60c24a9,proxy_quality_from_locked_manifest_no_transcript_text_exported,medium
798,movlfnGuZV4,AMZN,Amazon,The Investor Channel,2024-08-01,sell,3,65,65,90,1,sell,False,False,False,False,False,,,70,False,True,5e8523d3d057a3d8,proxy_quality_from_locked_manifest_no_transcript_text_exported,medium
799,o7JOhblet2o,DIS,Disney,Learn to Invest - Investors Grow,2022-11-17,sell,3,70,70,90,1,sell,False,False,False,False,False,,,20,True,False,a49ade70c71bd630,proxy_quality_from_locked_manifest_no_transcript_text_exported,medium
800,qO8z0crLmgQ,AAPL,Apple,The Investor Channel,2024-06-07,buy,2,45,45,90,1,buy,True,True,False,False,False,,,70,False,True,31e8c27b664338b6,proxy_quality_from_locked_manifest_no_transcript_text_exported,low
801,qO8z0crLmgQ,GOOGL,Alphabet,The Investor Channel,2024-06-07,buy,3,60,60,90,1,buy,False,False,False,False,False,,,70,False,False,37b56f7368c0e184,proxy_quality_from_locked_manifest_no_transcript_text_exported,medium
802,r4394JsMBV0,AMZN,Amazon,Daniel Pronk,2024-02-13,buy,3,65,65,90,1,buy,False,False,False,False,False,,,70,False,True,98e76065a2bb2176,proxy_quality_from_locked_manifest_no_transcript_text_exported,medium
803,rKhsYu_9Trw,AMD,nan,Couch Investor,2025-11-12,buy,3,75,75,90,1,buy,False,False,False,False,False,,,20,True,True,0645d66cd123f84c,proxy_quality_from_locked_manifest_no_transcript_text_exported,high
804,sZe5wohROtE,NVDA,Nvidia,Jose Najarro Stocks,2025-12-17,buy,3,65,65,90,1,buy,False,False,False,False,False,,,70,False,True,7c26ed88f7d61cca,proxy_quality_from_locked_manifest_no_transcript_text_exported,medium
805,uQASTitwUrs,NFLX,Netflix,Learn to Invest - Investors Grow,2022-10-11,buy,3,70,70,90,1,buy,False,False,False,False,False,,,20,True,False,4b665bd1262848a4,proxy_quality_from_locked_manifest_no_transcript_text_exported,medium
806,wsHCMWViys4,UBER,Uber,"Parkev Tatevosian, CFA",2026-04-17,buy,2,50,50,90,1,buy,True,True,False,False,False,,,20,True,False,dacfcf7b0e6fe891,proxy_quality_from_locked_manifest_no_transcript_text_exported,medium
807,xWs2FWXdmBE,PYPL,PayPal,Couch Investor,2025-11-30,buy,3,70,70,90,1,buy,False,False,False,False,False,,,20,True,False,91ce58ee46bf2af0,proxy_quality_from_locked_manifest_no_transcript_text_exported,medium
808,xaiENctxhXk,PYPL,PayPal,"Value Investing with Sven Carlin, Ph.D.",2026-02-05,buy,3,70,70,90,1,buy,False,False,False,False,False,,,20,True,False,3807e085c60c39aa,proxy_quality_from_locked_manifest_no_transcript_text_exported,medium
809,zWlM8Gw8Pmo,AMZN,Amazon,Daniel Pronk,2024-02-07,buy,2,45,45,90,1,buy,True,True,False,False,False,,,70,False,True,36f023cf3175fbd5,proxy_quality_from_locked_manifest_no_transcript_text_exported,low
810,-NybGF20r84,AMZN,Amazon,"Value Investing with Sven Carlin, Ph.D.",2026-03-01,buy,3,75,75,90,1,buy,False,False,False,False,False,,,20,True,True,ae2b1fba14fe2807,proxy_quality_from_locked_manifest_no_transcript_text_exported,high
811,42RfznSu91o,PYPL,PayPal,Couch Investor,2025-12-28,sell,3,70,70,90,1,sell,False,False,False,False,False,,,20,True,False,31ed96f1b7e6a914,proxy_quality_from_locked_manifest_no_transcript_text_exported,medium
812,5DEhNDP7LTM,NVDA,Nvidia,Couch Investor,2026-01-03,buy,3,75,75,90,1,buy,False,False,False,False,False,,,20,True,True,3eb0580fbb8c6c0a,proxy_quality_from_locked_manifest_no_transcript_text_exported,high
813,6hljr9_6cDw,AMZN,Amazon,"Parkev Tatevosian, CFA",2026-04-26,buy,3,75,75,90,1,buy,False,False,False,False,False,,,20,True,True,c7b5865cef61a7b0,proxy_quality_from_locked_manifest_no_transcript_text_exported,high
814,7QXx3FmuVLI,PYPL,PayPal,Daniel Pronk,2024-04-29,buy,3,60,60,90,1,buy,False,False,False,False,False,,,70,False,False,f3efd306d2bea96f,proxy_quality_from_locked_manifest_no_transcript_text_exported,medium
815,7QXx3FmuVLI,AMD,nan,Daniel Pronk,2024-04-29,sell,2,45,45,90,1,sell,True,True,False,False,False,,,70,False,True,c75bce840da01ea4,proxy_quality_from_locked_manifest_no_transcript_text_exported,low
816,8PNFMVvAfeI,AMZN,Amazon,"Mark Roussin, CPA",2025-04-16,buy,3,65,65,90,1,buy,False,False,False,False,False,,,70,False,True,e94b6ec2f8eba384,proxy_quality_from_locked_manifest_no_transcript_text_exported,medium
817,8PNFMVvAfeI,AMZN,Amazon,"Mark Roussin, CPA",2025-04-16,buy,3,65,65,90,1,buy,False,False,False,False,False,,,70,False,True,787b06473e882d36,proxy_quality_from_locked_manifest_no_transcript_text_exported,medium
818,8WVdvD0wjW8,TSLA,Tesla,"Mark Roussin, CPA",2025-03-19,buy,3,65,65,90,1,buy,False,False,False,False,False,,,70,False,True,cfec20eb7530077a,proxy_quality_from_locked_manifest_no_transcript_text_exported,medium
819,8WVdvD0wjW8,AMZN,Amazon,"Mark Roussin, CPA",2025-03-19,buy,3,65,65,90,1,buy,False,False,False,False,False,,,70,False,True,d9d3b144aab4ee81,proxy_quality_from_locked_manifest_no_transcript_text_exported,medium
820,AV-QiCiuAU8,NVDA,Nvidia,Learn to Invest - Investors Grow,2024-05-22,sell,2,55,55,90,1,sell,True,True,False,False,False,,,20,True,True,9a27e5cb11ba2652,proxy_quality_from_locked_manifest_no_transcript_text_exported,medium
821,AV-QiCiuAU8,NVDA,Nvidia,Learn to Invest - Investors Grow,2024-05-22,sell,2,55,55,90,1,sell,True,True,False,False,False,,,20,True,True,4ec2c3c719681388,proxy_quality_from_locked_manifest_no_transcript_text_exported,medium
822,BRFOIgoRoeM,AMZN,Amazon,The Investor Channel,2025-01-12,buy,3,75,75,90,1,buy,False,False,False,False,False,,,20,True,True,d519da76a1177d0e,proxy_quality_from_locked_manifest_no_transcript_text_exported,high
823,BRFOIgoRoeM,TSLA,Tesla,The Investor Channel,2025-01-12,sell,3,75,75,90,1,sell,False,False,False,False,False,,,20,True,True,748a158d5f456d4e,proxy_quality_from_locked_manifest_no_transcript_text_exported,high
824,BRFOIgoRoeM,TSLA,Tesla,The Investor Channel,2025-01-12,sell,3,75,75,90,1,sell,False,False,False,False,False,,,20,True,True,03e8f0a921b53187,proxy_quality_from_locked_manifest_no_transcript_text_exported,high
825,BRFOIgoRoeM,GOOGL,Alphabet,The Investor Channel,2025-01-12,buy,3,70,70,90,1,buy,False,False,False,False,False,,,20,True,False,e4cb1e2bce55ad62,proxy_quality_from_locked_manifest_no_transcript_text_exported,medium
826,CXppu0L0ASk,UBER,Uber,"Parkev Tatevosian, CFA",2026-04-26,buy,2,50,50,90,1,buy,True,True,False,False,False,,,20,True,False,98dc13e9ebd31808,proxy_quality_from_locked_manifest_no_transcript_text_exported,medium
827,CXppu0L0ASk,UBER,Uber,"Parkev Tatevosian, CFA",2026-04-26,buy,2,50,50,90,1,buy,True,True,False,False,False,,,20,True,False,6a5291dcbcec5bd1,proxy_quality_from_locked_manifest_no_transcript_text_exported,medium
828,DM3gCwoIpRk,MSFT,Microsoft,Daniel Pronk,2024-03-27,sell,3,60,60,90,1,sell,False,False,False,False,False,,,70,False,False,a31c2740aa54401d,proxy_quality_from_locked_manifest_no_transcript_text_exported,medium
829,DM3gCwoIpRk,AMZN,Amazon,Daniel Pronk,2024-03-27,buy,3,65,65,90,1,buy,False,False,False,False,False,,,70,False,True,9c91f453172d7c34,proxy_quality_from_locked_manifest_no_transcript_text_exported,medium
830,DM3gCwoIpRk,GOOGL,Alphabet,Daniel Pronk,2024-03-27,sell,3,60,60,90,1,sell,False,False,False,False,False,,,70,False,False,7567276dc0b8ef1b,proxy_quality_from_locked_manifest_no_transcript_text_exported,medium
831,DM3gCwoIpRk,NVDA,Nvidia,Daniel Pronk,2024-03-27,buy,3,65,65,90,1,buy,False,False,False,False,False,,,70,False,True,ca8fd9842a3619ba,proxy_quality_from_locked_manifest_no_transcript_text_exported,medium
832,FKtytrIH-PU,META,Meta,Couch Investor,2026-01-16,buy,3,60,60,90,1,buy,False,False,False,False,False,,,70,False,False,61b826b5bd708b0b,proxy_quality_from_locked_manifest_no_transcript_text_exported,medium
833,FtyHVuOfGKo,NVDA,Nvidia,Jose Najarro Stocks,2026-01-29,buy,3,65,65,90,1,buy,False,False,False,False,False,,,70,False,True,2169b3caffe6b570,proxy_quality_from_locked_manifest_no_transcript_text_exported,medium
834,FyHsqIbfFLk,GOOGL,Alphabet,Daniel Pronk,2024-04-25,buy,3,60,60,90,1,buy,False,False,False,False,False,,,70,False,False,c320fe4a374c5a45,proxy_quality_from_locked_manifest_no_transcript_text_exported,medium
835,FyHsqIbfFLk,GOOGL,Alphabet,Daniel Pronk,2024-04-25,sell,3,60,60,90,1,sell,False,False,False,False,False,,,70,False,False,df10786a9416562b,proxy_quality_from_locked_manifest_no_transcript_text_exported,medium
836,GWSEhkOgL5Q,GOOGL,Alphabet,STOCK UP! with LARRY JONES,2026-02-04,buy,3,60,60,90,1,buy,False,False,False,False,False,,,70,False,False,118d17f6f6d1d2b3,proxy_quality_from_locked_manifest_no_transcript_text_exported,medium
837,Ip8Lpa_0nmI,NVDA,Nvidia,"Mark Roussin, CPA",2025-05-03,buy,2,55,55,90,1,buy,True,True,False,False,False,,,20,True,True,7b3bbefcf3362c01,proxy_quality_from_locked_manifest_no_transcript_text_exported,medium
838,Ip8Lpa_0nmI,GOOGL,Alphabet,"Mark Roussin, CPA",2025-05-03,buy,3,70,70,90,1,buy,False,False,False,False,False,,,20,True,False,b97ef61cc51debce,proxy_quality_from_locked_manifest_no_transcript_text_exported,medium
839,Ip8Lpa_0nmI,AMZN,Amazon,"Mark Roussin, CPA",2025-05-03,buy,3,75,75,90,1,buy,False,False,False,False,False,,,20,True,True,2a1897a9cd9f001c,proxy_quality_from_locked_manifest_no_transcript_text_exported,high
840,KmdDY5LadsQ,SOFI,SoFi,"Mark Roussin, CPA",2025-06-11,buy,3,60,60,90,1,buy,False,False,False,False,False,,,70,False,False,22b0b220dd5b3655,proxy_quality_from_locked_manifest_no_transcript_text_exported,medium
841,KmdDY5LadsQ,SOFI,SoFi,"Mark Roussin, CPA",2025-06-11,buy,3,60,60,90,1,buy,False,False,False,False,False,,,70,False,False,841db79513d88af7,proxy_quality_from_locked_manifest_no_transcript_text_exported,medium
842,KrmkOLL2IWE,NVDA,Nvidia,The Investor Channel,2024-12-14,buy,3,75,75,90,1,buy,False,False,False,False,False,,,20,True,True,42cf6f34f0f96576,proxy_quality_from_locked_manifest_no_transcript_text_exported,high
843,KrmkOLL2IWE,GOOGL,Alphabet,The Investor Channel,2024-12-14,buy,3,70,70,90,1,buy,False,False,False,False,False,,,20,True,False,2fb90dfc8498c45d,proxy_quality_from_locked_manifest_no_transcript_text_exported,medium
844,KrmkOLL2IWE,MSFT,Microsoft,The Investor Channel,2024-12-14,buy,3,70,70,90,1,buy,False,False,False,False,False,,,20,True,False,aa92aaa152219b20,proxy_quality_from_locked_manifest_no_transcript_text_exported,medium
845,Ming72kfHAM,AAPL,Apple,Learn to Invest - Investors Grow,2024-05-16,buy,3,75,75,90,1,buy,False,False,False,False,False,,,20,True,True,06e1bdbab9bdf102,proxy_quality_from_locked_manifest_no_transcript_text_exported,high
846,Ming72kfHAM,AAPL,Apple,Learn to Invest - Investors Grow,2024-05-16,buy,3,75,75,90,1,buy,False,False,False,False,False,,,20,True,True,b75cfeee268afbc7,proxy_quality_from_locked_manifest_no_transcript_text_exported,high
847,Peycp01r6u4,AMZN,Amazon,The Investor Channel,2024-11-29,buy,3,65,65,90,1,buy,False,False,False,False,False,,,70,False,True,70784bfc6dd1291d,proxy_quality_from_locked_manifest_no_transcript_text_exported,medium
848,Peycp01r6u4,TSLA,Tesla,The Investor Channel,2024-11-29,buy,3,65,65,90,1,buy,False,False,False,False,False,,,70,False,True,80db3f3175f57316,proxy_quality_from_locked_manifest_no_transcript_text_exported,medium
849,Peycp01r6u4,AAPL,Apple,The Investor Channel,2024-11-29,buy,3,65,65,90,1,buy,False,False,False,False,False,,,70,False,True,0e867f456b452f4d,proxy_quality_from_locked_manifest_no_transcript_text_exported,medium
850,Peycp01r6u4,MSFT,Microsoft,The Investor Channel,2024-11-29,buy,3,60,60,90,1,buy,False,False,False,False,False,,,70,False,False,299e2ccb9c46c17d,proxy_quality_from_locked_manifest_no_transcript_text_exported,medium
851,Q9SL7uRBHT4,AMD,nan,Jose Najarro Stocks,2026-01-30,buy,3,65,65,90,1,buy,False,False,False,False,False,,,70,False,True,70f6b78bc8cf5882,proxy_quality_from_locked_manifest_no_transcript_text_exported,medium
852,QPJ60pzn_EA,TSLA,Tesla,STOCK UP! with LARRY JONES,2026-01-29,buy,3,65,65,90,1,buy,False,False,False,False,False,,,70,False,True,e1d123638907b742,proxy_quality_from_locked_manifest_no_transcript_text_exported,medium
853,QPJ60pzn_EA,TSLA,Tesla,STOCK UP! with LARRY JONES,2026-01-29,buy,3,65,65,90,1,buy,False,False,False,False,False,,,70,False,True,7ca247aba0dc8111,proxy_quality_from_locked_manifest_no_transcript_text_exported,medium
854,QPJ60pzn_EA,AMZN,Amazon,STOCK UP! with LARRY JONES,2026-01-29,buy,3,65,65,90,1,buy,False,False,False,False,False,,,70,False,True,11e81f79bd2e98b5,proxy_quality_from_locked_manifest_no_transcript_text_exported,medium
855,QPJ60pzn_EA,MSFT,Microsoft,STOCK UP! with LARRY JONES,2026-01-29,buy,3,60,60,90,1,buy,False,False,False,False,False,,,70,False,False,fd5abcb53f49799e,proxy_quality_from_locked_manifest_no_transcript_text_exported,medium
856,QWBRTE_h4X0,SOFI,SoFi,Couch Investor,2026-01-04,buy,3,70,70,90,1,buy,False,False,False,False,False,,,20,True,False,2b2dd8bec37f4516,proxy_quality_from_locked_manifest_no_transcript_text_exported,medium
857,QoXefyYRu18,GOOGL,Alphabet,"Mark Roussin, CPA",2025-04-22,buy,3,60,60,90,1,buy,False,False,False,False,False,,,70,False,False,2db6fe72c5f19ec5,proxy_quality_from_locked_manifest_no_transcript_text_exported,medium
858,RQMrqHyfZbM,META,Meta,"Parkev Tatevosian, CFA",2026-04-27,buy,3,70,70,90,1,buy,False,False,False,False,False,,,20,True,False,ffa7f8141565ba74,proxy_quality_from_locked_manifest_no_transcript_text_exported,medium
859,SY9ORvJVagQ,META,Meta,"Parkev Tatevosian, CFA",2026-04-24,buy,2,50,50,90,1,buy,True,True,False,False,False,,,20,True,False,16b0b45ece83b476,proxy_quality_from_locked_manifest_no_transcript_text_exported,medium
860,SY9ORvJVagQ,META,Meta,"Parkev Tatevosian, CFA",2026-04-24,buy,3,70,70,90,1,buy,False,False,False,False,False,,,20,True,False,a42911c572a5443d,proxy_quality_from_locked_manifest_no_transcript_text_exported,medium
861,Tzra-Zi2dtA,GOOGL,Alphabet,Learn to Invest - Investors Grow,2022-11-30,buy,3,70,70,90,1,buy,False,False,False,False,False,,,20,True,False,0589c62ecfb0b9a9,proxy_quality_from_locked_manifest_no_transcript_text_exported,medium
862,UV9Ys584C6A,PYPL,PayPal,"Value Investing with Sven Carlin, Ph.D.",2026-02-15,sell,3,70,70,90,1,sell,False,False,False,False,False,,,20,True,False,1a170f410bb51634,proxy_quality_from_locked_manifest_no_transcript_text_exported,medium
863,UsYehoYUVjU,AMZN,Amazon,"Parkev Tatevosian, CFA",2026-04-24,buy,3,75,75,90,1,buy,False,False,False,False,False,,,20,True,True,99db2ce1310f718c,proxy_quality_from_locked_manifest_no_transcript_text_exported,high
864,UsYehoYUVjU,AMZN,Amazon,"Parkev Tatevosian, CFA",2026-04-24,buy,2,55,55,90,1,buy,True,True,False,False,False,,,20,True,True,7768ff3d84c8b552,proxy_quality_from_locked_manifest_no_transcript_text_exported,medium
865,VHaU-KUxg7E,GOOGL,Alphabet,Daniel Pronk,2024-04-17,buy,3,60,60,90,1,buy,False,False,False,False,False,,,70,False,False,3424958860eb7a61,proxy_quality_from_locked_manifest_no_transcript_text_exported,medium
866,Va0eNSWGyg4,NVDA,Nvidia,"Value Investing with Sven Carlin, Ph.D.",2026-02-25,sell,3,75,75,90,1,sell,False,False,False,False,False,,,20,True,True,47ec88b050ea1bb9,proxy_quality_from_locked_manifest_no_transcript_text_exported,high
867,W2iQpv3_7oY,PYPL,PayPal,Couch Investor,2026-01-05,buy,4,80,80,90,1,buy,False,False,False,False,False,,,70,False,False,389f33758edf74c9,proxy_quality_from_locked_manifest_no_transcript_text_exported,high
868,XN9IW9kvZ3U,NVDA,Nvidia,Couch Investor,2025-12-31,buy,3,65,65,90,1,buy,False,False,False,False,False,,,70,False,True,56bc830296402054,proxy_quality_from_locked_manifest_no_transcript_text_exported,medium
869,XN9IW9kvZ3U,NVDA,Nvidia,Couch Investor,2025-12-31,buy,3,65,65,90,1,buy,False,False,False,False,False,,,70,False,True,3b7c4766bec3423f,proxy_quality_from_locked_manifest_no_transcript_text_exported,medium
870,XN9IW9kvZ3U,AMD,nan,Couch Investor,2025-12-31,buy,3,65,65,90,1,buy,False,False,False,False,False,,,70,False,True,14433a1398200dfa,proxy_quality_from_locked_manifest_no_transcript_text_exported,medium
871,Xi9WAWFTUhs,TSLA,Tesla,The Investor Channel,2025-01-18,buy,3,75,75,90,1,buy,False,False,False,False,False,,,20,True,True,eabdc9ebff29dea1,proxy_quality_from_locked_manifest_no_transcript_text_exported,high
872,Xi9WAWFTUhs,AAPL,Apple,The Investor Channel,2025-01-18,buy,3,75,75,90,1,buy,False,False,False,False,False,,,20,True,True,788b91ba563a73b8,proxy_quality_from_locked_manifest_no_transcript_text_exported,high
873,Xi9WAWFTUhs,MSFT,Microsoft,The Investor Channel,2025-01-18,buy,3,70,70,90,1,buy,False,False,False,False,False,,,20,True,False,003991aab73b9246,proxy_quality_from_locked_manifest_no_transcript_text_exported,medium
874,ZoNcukTNJWU,NVDA,Nvidia,Jose Najarro Stocks,2026-01-16,buy,3,75,75,90,1,buy,False,False,False,False,False,,,20,True,True,523c5609966dbba3,proxy_quality_from_locked_manifest_no_transcript_text_exported,high
875,ZoNcukTNJWU,AMD,nan,Jose Najarro Stocks,2026-01-16,buy,3,75,75,90,1,buy,False,False,False,False,False,,,20,True,True,adfd121cf6b56ecc,proxy_quality_from_locked_manifest_no_transcript_text_exported,high
876,Zr58IwUcOGA,MSFT,Microsoft,The Investor Channel,2024-12-27,buy,3,60,60,90,1,buy,False,False,False,False,False,,,70,False,False,f4dbe0aa8fbc98ec,proxy_quality_from_locked_manifest_no_transcript_text_exported,medium
877,Zr58IwUcOGA,MSFT,Microsoft,The Investor Channel,2024-12-27,buy,3,60,60,90,1,buy,False,False,False,False,False,,,70,False,False,c2b0428d0827eb50,proxy_quality_from_locked_manifest_no_transcript_text_exported,medium
878,Zr58IwUcOGA,NFLX,Netflix,The Investor Channel,2024-12-27,buy,3,60,60,90,1,buy,False,False,False,False,False,,,70,False,False,b994749d95f7af3f,proxy_quality_from_locked_manifest_no_transcript_text_exported,medium
879,_XxCzacLTjM,TSLA,Tesla,The Investor Channel,2025-01-03,buy,3,65,65,90,1,buy,False,False,False,False,False,,,70,False,True,81e19909822f559f,proxy_quality_from_locked_manifest_no_transcript_text_exported,medium
880,_XxCzacLTjM,NFLX,Netflix,The Investor Channel,2025-01-03,buy,3,60,60,90,1,buy,False,False,False,False,False,,,70,False,False,70b4a2b1aced411a,proxy_quality_from_locked_manifest_no_transcript_text_exported,medium
881,bJEMMnsCnAI,NFLX,Netflix,Couch Investor,2026-01-12,buy,3,60,60,90,1,buy,False,False,False,False,False,,,70,False,False,260c54bc665d15d9,proxy_quality_from_locked_manifest_no_transcript_text_exported,medium
882,bJEMMnsCnAI,NFLX,Netflix,Couch Investor,2026-01-12,buy,3,60,60,90,1,buy,False,False,False,False,False,,,70,False,False,89dd81095e0e5f3b,proxy_quality_from_locked_manifest_no_transcript_text_exported,medium
883,bJEMMnsCnAI,MSFT,Microsoft,Couch Investor,2026-01-12,buy,4,80,80,90,1,buy,False,False,False,False,False,,,70,False,False,706b1e891f4bb215,proxy_quality_from_locked_manifest_no_transcript_text_exported,high
884,bJEMMnsCnAI,AMZN,Amazon,Couch Investor,2026-01-12,buy,4,85,85,90,1,buy,False,False,False,False,False,,,70,False,True,d3fd5d4e61a1d18a,proxy_quality_from_locked_manifest_no_transcript_text_exported,high
885,cDD2rxBhMgo,AAPL,Apple,The Investor Channel,2024-12-06,buy,3,65,65,90,1,buy,False,False,False,False,False,,,70,False,True,adab928b0ab586fd,proxy_quality_from_locked_manifest_no_transcript_text_exported,medium
886,cDD2rxBhMgo,GOOGL,Alphabet,The Investor Channel,2024-12-06,buy,3,60,60,90,1,buy,False,False,False,False,False,,,70,False,False,c516cf9bc9373859,proxy_quality_from_locked_manifest_no_transcript_text_exported,medium
887,dAN6LHn21qw,TSLA,Tesla,Daniel Pronk,2024-04-22,buy,2,45,45,90,1,buy,True,True,False,False,False,,,70,False,True,a95bcd30329955e7,proxy_quality_from_locked_manifest_no_transcript_text_exported,low
888,dAN6LHn21qw,MSFT,Microsoft,Daniel Pronk,2024-04-22,sell,3,60,60,90,1,sell,False,False,False,False,False,,,70,False,False,0219b5f67c846fb6,proxy_quality_from_locked_manifest_no_transcript_text_exported,medium
889,dAN6LHn21qw,GOOGL,Alphabet,Daniel Pronk,2024-04-22,sell,3,60,60,90,1,sell,False,False,False,False,False,,,70,False,False,5f4014f2619f3f62,proxy_quality_from_locked_manifest_no_transcript_text_exported,medium
890,dAN6LHn21qw,GOOGL,Alphabet,Daniel Pronk,2024-04-22,sell,3,60,60,90,1,sell,False,False,False,False,False,,,70,False,False,f53053bd0bcd03e6,proxy_quality_from_locked_manifest_no_transcript_text_exported,medium
891,deZJaYmRzh0,AMZN,Amazon,"Mark Roussin, CPA",2025-05-14,buy,3,65,65,90,1,buy,False,False,False,False,False,,,70,False,True,8b8934ebf6e6a01d,proxy_quality_from_locked_manifest_no_transcript_text_exported,medium
892,elRyn1ICfXo,TSLA,Tesla,The Investor Channel,2024-11-09,sell,3,75,75,90,1,sell,False,False,False,False,False,,,20,True,True,509ddff8bda81a02,proxy_quality_from_locked_manifest_no_transcript_text_exported,high
893,elRyn1ICfXo,AMZN,Amazon,The Investor Channel,2024-11-09,buy,3,75,75,90,1,buy,False,False,False,False,False,,,20,True,True,c8e1859124cb456e,proxy_quality_from_locked_manifest_no_transcript_text_exported,high
894,elRyn1ICfXo,MSFT,Microsoft,The Investor Channel,2024-11-09,buy,3,70,70,90,1,buy,False,False,False,False,False,,,20,True,False,bd461c1c7e582288,proxy_quality_from_locked_manifest_no_transcript_text_exported,medium
895,elRyn1ICfXo,NFLX,Netflix,The Investor Channel,2024-11-09,buy,3,70,70,90,1,buy,False,False,False,False,False,,,20,True,False,9c724a7ec3f81892,proxy_quality_from_locked_manifest_no_transcript_text_exported,medium
896,epiPR0k7XJI,UBER,Uber,Couch Investor,2025-12-17,buy,3,60,60,90,1,buy,False,False,False,False,False,,,70,False,False,32a5e935319f66b4,proxy_quality_from_locked_manifest_no_transcript_text_exported,medium
897,epiPR0k7XJI,PYPL,PayPal,Couch Investor,2025-12-17,buy,3,60,60,90,1,buy,False,False,False,False,False,,,70,False,False,aa3b26bad57e9ccd,proxy_quality_from_locked_manifest_no_transcript_text_exported,medium
898,fOznSynSQEA,META,Meta,Jose Najarro Stocks,2026-01-25,sell,3,70,70,90,1,sell,False,False,False,False,False,,,20,True,False,8b081fa1ddc9693d,proxy_quality_from_locked_manifest_no_transcript_text_exported,medium
899,flgfribAxYM,AAPL,Apple,Daniel Pronk,2024-05-06,sell,3,65,65,90,1,sell,False,False,False,False,False,,,70,False,True,7f0133e2882b9768,proxy_quality_from_locked_manifest_no_transcript_text_exported,medium
900,flgfribAxYM,AAPL,Apple,Daniel Pronk,2024-05-06,sell,3,65,65,90,1,sell,False,False,False,False,False,,,70,False,True,f734238f32f2fc01,proxy_quality_from_locked_manifest_no_transcript_text_exported,medium
901,flgfribAxYM,AAPL,Apple,Daniel Pronk,2024-05-06,sell,3,65,65,90,1,sell,False,False,False,False,False,,,70,False,True,0a900e83391f1a13,proxy_quality_from_locked_manifest_no_transcript_text_exported,medium
902,flgfribAxYM,AAPL,Apple,Daniel Pronk,2024-05-06,sell,3,65,65,90,1,sell,False,False,False,False,False,,,70,False,True,3d8c8ed583a9ef68,proxy_quality_from_locked_manifest_no_transcript_text_exported,medium
903,flgfribAxYM,AAPL,Apple,Daniel Pronk,2024-05-06,sell,3,65,65,90,1,sell,False,False,False,False,False,,,70,False,True,867fbbc03659d21d,proxy_quality_from_locked_manifest_no_transcript_text_exported,medium
904,flgfribAxYM,AAPL,Apple,Daniel Pronk,2024-05-06,sell,3,65,65,90,1,sell,False,False,False,False,False,,,70,False,True,fa1ee52e0d7ae9d8,proxy_quality_from_locked_manifest_no_transcript_text_exported,medium
905,flgfribAxYM,AAPL,Apple,Daniel Pronk,2024-05-06,buy,3,65,65,90,1,buy,False,False,False,False,False,,,70,False,True,dd0b0e66dcd145a2,proxy_quality_from_locked_manifest_no_transcript_text_exported,medium
906,flgfribAxYM,AAPL,Apple,Daniel Pronk,2024-05-06,sell,3,65,65,90,1,sell,False,False,False,False,False,,,70,False,True,49b8526e4ccc6ce3,proxy_quality_from_locked_manifest_no_transcript_text_exported,medium
907,flgfribAxYM,AAPL,Apple,Daniel Pronk,2024-05-06,sell,3,65,65,90,1,sell,False,False,False,False,False,,,70,False,True,1e32ae65f304d6b2,proxy_quality_from_locked_manifest_no_transcript_text_exported,medium
908,gK5KPzRYb-8,NFLX,Netflix,The Investor Channel,2024-12-20,buy,3,60,60,90,1,buy,False,False,False,False,False,,,70,False,False,3819c42bedc99c61,proxy_quality_from_locked_manifest_no_transcript_text_exported,medium
909,gK5KPzRYb-8,NVDA,Nvidia,The Investor Channel,2024-12-20,sell,3,65,65,90,1,sell,False,False,False,False,False,,,70,False,True,d49b2824f4de4f09,proxy_quality_from_locked_manifest_no_transcript_text_exported,medium
910,gK5KPzRYb-8,NVDA,Nvidia,The Investor Channel,2024-12-20,buy,3,65,65,90,1,buy,False,False,False,False,False,,,70,False,True,9d56b01987a8cd3b,proxy_quality_from_locked_manifest_no_transcript_text_exported,medium
911,gK5KPzRYb-8,NVDA,Nvidia,The Investor Channel,2024-12-20,buy,3,65,65,90,1,buy,False,False,False,False,False,,,70,False,True,9eb33333f3980171,proxy_quality_from_locked_manifest_no_transcript_text_exported,medium
912,gK5KPzRYb-8,MSFT,Microsoft,The Investor Channel,2024-12-20,buy,3,60,60,90,1,buy,False,False,False,False,False,,,70,False,False,61e2a3457cb639db,proxy_quality_from_locked_manifest_no_transcript_text_exported,medium
913,gK5KPzRYb-8,GOOGL,Alphabet,The Investor Channel,2024-12-20,buy,3,60,60,90,1,buy,False,False,False,False,False,,,70,False,False,4e8f5e7e0571e252,proxy_quality_from_locked_manifest_no_transcript_text_exported,medium
914,gK5KPzRYb-8,AMZN,Amazon,The Investor Channel,2024-12-20,buy,3,65,65,90,1,buy,False,False,False,False,False,,,70,False,True,91bbb1d3a7e40923,proxy_quality_from_locked_manifest_no_transcript_text_exported,medium
915,jkuQjEyfKwM,AMD,nan,Jose Najarro Stocks,2026-01-20,buy,3,65,65,90,1,buy,False,False,False,False,False,,,70,False,True,ff89410d06e8fb0f,proxy_quality_from_locked_manifest_no_transcript_text_exported,medium
916,jn3unywFg24,MSFT,Microsoft,Jose Najarro Stocks,2026-01-14,buy,3,60,60,90,1,buy,False,False,False,False,False,,,70,False,False,30e634b30bdfa965,proxy_quality_from_locked_manifest_no_transcript_text_exported,medium
917,jn3unywFg24,NFLX,Netflix,Jose Najarro Stocks,2026-01-14,buy,3,60,60,90,1,buy,False,False,False,False,False,,,70,False,False,c981b20702f608df,proxy_quality_from_locked_manifest_no_transcript_text_exported,medium
918,jn3unywFg24,NVDA,Nvidia,Jose Najarro Stocks,2026-01-14,buy,3,65,65,90,1,buy,False,False,False,False,False,,,70,False,True,0b216525e4adaad6,proxy_quality_from_locked_manifest_no_transcript_text_exported,medium
919,jx629-rrP2w,MSFT,Microsoft,The Investor Channel,2025-01-30,buy,3,60,60,90,1,buy,False,False,False,False,False,,,70,False,False,f9ad4bdde083c4f0,proxy_quality_from_locked_manifest_no_transcript_text_exported,medium
920,kOIWF9NNGaY,AAPL,Apple,Couch Investor,2025-12-13,buy,3,75,75,90,1,buy,False,False,False,False,False,,,20,True,True,ff5c3c9e7f79fd4e,proxy_quality_from_locked_manifest_no_transcript_text_exported,high
921,kpGvfsjDrus,AMD,nan,"Parkev Tatevosian, CFA",2026-04-28,buy,3,75,75,90,1,buy,False,False,False,False,False,,,20,True,True,7b78976872ebc49e,proxy_quality_from_locked_manifest_no_transcript_text_exported,high
922,kpGvfsjDrus,AMD,nan,"Parkev Tatevosian, CFA",2026-04-28,sell,2,55,55,90,1,sell,True,True,False,False,False,,,20,True,True,10137ba0512f324a,proxy_quality_from_locked_manifest_no_transcript_text_exported,medium
923,kpGvfsjDrus,AMD,nan,"Parkev Tatevosian, CFA",2026-04-28,buy,3,75,75,90,1,buy,False,False,False,False,False,,,20,True,True,30b7eda0ce80d1fe,proxy_quality_from_locked_manifest_no_transcript_text_exported,high
924,lBbrekG9mJc,DIS,Disney,"Mark Roussin, CPA",2025-05-21,sell,3,60,60,90,1,sell,False,False,False,False,False,,,70,False,False,7edb2f8971de79c2,proxy_quality_from_locked_manifest_no_transcript_text_exported,medium
925,mxLmmO0JHTM,GOOGL,Alphabet,Dividendology,2025-09-17,sell,3,70,70,90,1,sell,False,False,False,False,False,,,20,True,False,6808f7f204ef240e,proxy_quality_from_locked_manifest_no_transcript_text_exported,medium
926,mxLmmO0JHTM,GOOGL,Alphabet,Dividendology,2025-09-17,buy,3,70,70,90,1,buy,False,False,False,False,False,,,20,True,False,3f3269fb6d3ead33,proxy_quality_from_locked_manifest_no_transcript_text_exported,medium
927,ntKIeUrxyws,AAPL,Apple,"Mark Roussin, CPA",2025-03-12,buy,3,65,65,90,1,buy,False,False,False,False,False,,,70,False,True,064883b0a067b812,proxy_quality_from_locked_manifest_no_transcript_text_exported,medium
928,ntKIeUrxyws,AAPL,Apple,"Mark Roussin, CPA",2025-03-12,sell,3,65,65,90,1,sell,False,False,False,False,False,,,70,False,True,f71d82a79a0cf8b6,proxy_quality_from_locked_manifest_no_transcript_text_exported,medium
929,oEA_Yfd3ilE,TSLA,Tesla,The Investor Channel,2024-12-29,buy,3,75,75,90,1,buy,False,False,False,False,False,,,20,True,True,0105fc66bcd83518,proxy_quality_from_locked_manifest_no_transcript_text_exported,high
930,piBEBxMfg8U,AAPL,Apple,Daniel Pronk,2024-05-03,buy,3,65,65,90,1,buy,False,False,False,False,False,,,70,False,True,fde7301c7d7375f0,proxy_quality_from_locked_manifest_no_transcript_text_exported,medium
931,rURV8SvxbEw,AMZN,Amazon,Daniel Pronk,2024-04-11,buy,3,65,65,90,1,buy,False,False,False,False,False,,,70,False,True,9436cd5fb10f98d1,proxy_quality_from_locked_manifest_no_transcript_text_exported,medium
932,rURV8SvxbEw,AMZN,Amazon,Daniel Pronk,2024-04-11,sell,3,65,65,90,1,sell,False,False,False,False,False,,,70,False,True,ef6583d89f4068b0,proxy_quality_from_locked_manifest_no_transcript_text_exported,medium
933,rURV8SvxbEw,AMZN,Amazon,Daniel Pronk,2024-04-11,buy,3,65,65,90,1,buy,False,False,False,False,False,,,70,False,True,4455e6c255b56beb,proxy_quality_from_locked_manifest_no_transcript_text_exported,medium
934,sJZUBYjsuRM,META,Meta,Jose Najarro Stocks,2026-01-13,sell,3,60,60,90,1,sell,False,False,False,False,False,,,70,False,False,069f597d26eebc93,proxy_quality_from_locked_manifest_no_transcript_text_exported,medium
935,sJZUBYjsuRM,AMZN,Amazon,Jose Najarro Stocks,2026-01-13,buy,3,65,65,90,1,buy,False,False,False,False,False,,,70,False,True,595ba791c4fd2123,proxy_quality_from_locked_manifest_no_transcript_text_exported,medium
936,tTgdBy6R790,GOOGL,Alphabet,"Mark Roussin, CPA",2025-03-06,buy,3,60,60,90,1,buy,False,False,False,False,False,,,70,False,False,545d6c178ce3ee90,proxy_quality_from_locked_manifest_no_transcript_text_exported,medium
937,tTgdBy6R790,UBER,Uber,"Mark Roussin, CPA",2025-03-06,buy,3,60,60,90,1,buy,False,False,False,False,False,,,70,False,False,5d9a24c0ea3fcde2,proxy_quality_from_locked_manifest_no_transcript_text_exported,medium
938,tTgdBy6R790,UBER,Uber,"Mark Roussin, CPA",2025-03-06,buy,3,60,60,90,1,buy,False,False,False,False,False,,,70,False,False,7a805ed7ce778607,proxy_quality_from_locked_manifest_no_transcript_text_exported,medium
939,tTgdBy6R790,AMD,nan,"Mark Roussin, CPA",2025-03-06,buy,3,65,65,90,1,buy,False,False,False,False,False,,,70,False,True,13f01ff41ff81355,proxy_quality_from_locked_manifest_no_transcript_text_exported,medium
940,vjBYxPhdNr4,GOOGL,Alphabet,Daniel Pronk,2024-04-24,buy,3,60,60,90,1,buy,False,False,False,False,False,,,70,False,False,b2e3b48f2c9f421d,proxy_quality_from_locked_manifest_no_transcript_text_exported,medium
941,x7UTYS2-fMU,NVDA,Nvidia,Jose Najarro Stocks,2026-01-13,sell,3,65,65,90,1,sell,False,False,False,False,False,,,70,False,True,4a0c7899f767c87c,proxy_quality_from_locked_manifest_no_transcript_text_exported,medium
942,x7UTYS2-fMU,NVDA,Nvidia,Jose Najarro Stocks,2026-01-13,buy,3,65,65,90,1,buy,False,False,False,False,False,,,70,False,True,d97be1d593c785ec,proxy_quality_from_locked_manifest_no_transcript_text_exported,medium
943,xmAs_Dg9QNM,UBER,Uber,Couch Investor,2026-01-05,buy,4,80,80,90,1,buy,False,False,False,False,False,,,70,False,False,aa52e4119e3c50c8,proxy_quality_from_locked_manifest_no_transcript_text_exported,high
944,xmAs_Dg9QNM,NFLX,Netflix,Couch Investor,2026-01-05,buy,3,60,60,90,1,buy,False,False,False,False,False,,,70,False,False,ea4a5e02454df5d5,proxy_quality_from_locked_manifest_no_transcript_text_exported,medium
945,yyyGluuHR8g,AMZN,Amazon,"Mark Roussin, CPA",2025-03-15,buy,4,95,95,90,1,buy,False,False,False,False,False,,,20,True,True,543a666eb6233794,proxy_quality_from_locked_manifest_no_transcript_text_exported,high
946,-IAtgzC9VhA,AAPL,Apple,"Parkev Tatevosian, CFA",2026-05-04,buy,3,65,65,90,1,buy,False,False,False,False,False,,,70,False,True,259e6424a484ca74,proxy_quality_from_locked_manifest_no_transcript_text_exported,medium
947,-IAtgzC9VhA,AAPL,Apple,"Parkev Tatevosian, CFA",2026-05-04,buy,3,65,65,90,1,buy,False,False,False,False,False,,,70,False,True,23e054bcc4287519,proxy_quality_from_locked_manifest_no_transcript_text_exported,medium
948,18A3qOqj3Uw,AMZN,Amazon,Jose Najarro Stocks,2026-02-19,buy,3,65,65,90,1,buy,False,False,False,False,False,,,70,False,True,a6f1793226aefc97,proxy_quality_from_locked_manifest_no_transcript_text_exported,medium
949,18A3qOqj3Uw,GOOGL,Alphabet,Jose Najarro Stocks,2026-02-19,sell,3,60,60,90,1,sell,False,False,False,False,False,,,70,False,False,34fbe4e0ef09a470,proxy_quality_from_locked_manifest_no_transcript_text_exported,medium
950,18A3qOqj3Uw,NVDA,Nvidia,Jose Najarro Stocks,2026-02-19,buy,3,65,65,90,1,buy,False,False,False,False,False,,,70,False,True,dc620d888e4278e6,proxy_quality_from_locked_manifest_no_transcript_text_exported,medium
951,1RmU4ZvQYDY,MSFT,Microsoft,"Parkev Tatevosian, CFA",2026-05-05,buy,3,70,70,90,1,buy,False,False,False,False,False,,,20,True,False,1490d9a6eda4c70a,proxy_quality_from_locked_manifest_no_transcript_text_exported,medium
952,3e8N4gHdpWg,NFLX,Netflix,The Investor Channel,2025-03-21,buy,3,60,60,90,1,buy,False,False,False,False,False,,,70,False,False,2f82b8ee4641f1ec,proxy_quality_from_locked_manifest_no_transcript_text_exported,medium
953,3e8N4gHdpWg,TSLA,Tesla,The Investor Channel,2025-03-21,buy,3,65,65,90,1,buy,False,False,False,False,False,,,70,False,True,a23edb4d7050c862,proxy_quality_from_locked_manifest_no_transcript_text_exported,medium
954,5c6eH0YNPWE,AMZN,Amazon,STOCK UP! with LARRY JONES,2026-02-20,buy,3,65,65,90,1,buy,False,False,False,False,False,,,70,False,True,317cdb914e4b698e,proxy_quality_from_locked_manifest_no_transcript_text_exported,medium
955,6TKfI_EMSLc,GOOGL,Alphabet,Jose Najarro Stocks,2026-03-31,sell,3,60,60,90,1,sell,False,False,False,False,False,,,70,False,False,801ecf694ef56564,proxy_quality_from_locked_manifest_no_transcript_text_exported,medium
956,6qv208HC3UY,MSFT,Microsoft,Daniel Pronk,2024-09-25,buy,3,60,60,90,1,buy,False,False,False,False,False,,,70,False,False,adcd250a3b6e06da,proxy_quality_from_locked_manifest_no_transcript_text_exported,medium
957,6qv208HC3UY,MSFT,Microsoft,Daniel Pronk,2024-09-25,buy,3,60,60,90,1,buy,False,False,False,False,False,,,70,False,False,9b25b57e43c23ff0,proxy_quality_from_locked_manifest_no_transcript_text_exported,medium
958,7IEqtb8Ww9c,UBER,Uber,Couch Investor,2026-02-01,buy,3,70,70,90,1,buy,False,False,False,False,False,,,20,True,False,db0d3f1e005e21fe,proxy_quality_from_locked_manifest_no_transcript_text_exported,medium
959,7tgcSuxRSb4,MSFT,Microsoft,Daniel Pronk,2024-10-30,sell,3,60,60,90,1,sell,False,False,False,False,False,,,70,False,False,1b06750320644f8b,proxy_quality_from_locked_manifest_no_transcript_text_exported,medium
960,8VTAAFMq81Y,NFLX,Netflix,Couch Investor,2026-02-18,buy,3,60,60,90,1,buy,False,False,False,False,False,,,70,False,False,d44fb990fad04f12,proxy_quality_from_locked_manifest_no_transcript_text_exported,medium
961,95BaBmr8jH0,GOOGL,Alphabet,Dividendology,2025-12-23,buy,3,60,60,90,1,buy,False,False,False,False,False,,,70,False,False,912c588db0b0bfc7,proxy_quality_from_locked_manifest_no_transcript_text_exported,medium
962,ATrJZ_TLvbs,GOOGL,Alphabet,Dividendology,2025-11-20,buy,3,60,60,90,1,buy,False,False,False,False,False,,,70,False,False,d752f7c9aea3cf61,proxy_quality_from_locked_manifest_no_transcript_text_exported,medium
963,ATrJZ_TLvbs,GOOGL,Alphabet,Dividendology,2025-11-20,buy,3,60,60,90,1,buy,False,False,False,False,False,,,70,False,False,9efef9207904d5b1,proxy_quality_from_locked_manifest_no_transcript_text_exported,medium
964,ATrJZ_TLvbs,AAPL,Apple,Dividendology,2025-11-20,sell,3,65,65,90,1,sell,False,False,False,False,False,,,70,False,True,20b03cc4833d862c,proxy_quality_from_locked_manifest_no_transcript_text_exported,medium
965,B5gwzT7O0fE,GOOGL,Alphabet,Daniel Pronk,2024-10-11,buy,4,80,80,90,1,buy,False,False,False,False,False,,,70,False,False,0a776aa42ae390bb,proxy_quality_from_locked_manifest_no_transcript_text_exported,high
966,BWZPxiXrrHA,MSFT,Microsoft,Learn to Invest - Investors Grow,2024-09-30,buy,3,70,70,90,1,buy,False,False,False,False,False,,,20,True,False,fdeac9b65cf04cc7,proxy_quality_from_locked_manifest_no_transcript_text_exported,medium
967,CspT5_OlGik,MSFT,Microsoft,The Swedish Investor,2021-03-08,buy,3,70,70,90,1,buy,False,False,False,False,False,,,20,True,False,7ba5bd508e33fdf1,proxy_quality_from_locked_manifest_no_transcript_text_exported,medium
968,FTRoNZOolRY,MSFT,Microsoft,Daniel Pronk,2024-12-06,buy,3,60,60,90,1,buy,False,False,False,False,False,,,70,False,False,4ea8773081a8bc61,proxy_quality_from_locked_manifest_no_transcript_text_exported,medium
969,Fr68_uKiwjc,AAPL,Apple,"Mark Roussin, CPA",2025-06-25,buy,3,65,65,90,1,buy,False,False,False,False,False,,,70,False,True,21a5cb8cbe063eb3,proxy_quality_from_locked_manifest_no_transcript_text_exported,medium
970,Fr68_uKiwjc,GOOGL,Alphabet,"Mark Roussin, CPA",2025-06-25,buy,3,60,60,90,1,buy,False,False,False,False,False,,,70,False,False,7d0b86a2691f4100,proxy_quality_from_locked_manifest_no_transcript_text_exported,medium
971,HKB74bKP5mo,GOOGL,Alphabet,Dividendology,2025-11-14,buy,3,60,60,90,1,buy,False,False,False,False,False,,,70,False,False,ec032b1a03fd5ffe,proxy_quality_from_locked_manifest_no_transcript_text_exported,medium
972,IXRr4b8tk3k,HOOD,Robinhood,Couch Investor,2026-02-08,sell,3,70,70,90,1,sell,False,False,False,False,False,,,20,True,False,b3a21fca8a22896d,proxy_quality_from_locked_manifest_no_transcript_text_exported,medium
973,IXRr4b8tk3k,PYPL,PayPal,Couch Investor,2026-02-08,sell,3,70,70,90,1,sell,False,False,False,False,False,,,20,True,False,06cf35af4112eafc,proxy_quality_from_locked_manifest_no_transcript_text_exported,medium
974,IXRr4b8tk3k,PYPL,PayPal,Couch Investor,2026-02-08,buy,3,70,70,90,1,buy,False,False,False,False,False,,,20,True,False,8982f5b7ea650a42,proxy_quality_from_locked_manifest_no_transcript_text_exported,medium
975,KKtAToe8Gm4,AMD,nan,Couch Investor,2026-01-25,buy,3,75,75,90,1,buy,False,False,False,False,False,,,20,True,True,556f977d6f4c5fe4,proxy_quality_from_locked_manifest_no_transcript_text_exported,high
976,Ld4zhcEYzSE,PYPL,PayPal,"Mark Roussin, CPA",2025-07-29,buy,4,80,80,90,1,buy,False,False,False,False,False,,,70,False,False,1a70b76b67d5d336,proxy_quality_from_locked_manifest_no_transcript_text_exported,high
977,NE7cuy7AxYQ,AMD,nan,Jose Najarro Stocks,2026-02-19,buy,3,75,75,90,1,buy,False,False,False,False,False,,,20,True,True,bf7fc0969b5c4dfe,proxy_quality_from_locked_manifest_no_transcript_text_exported,high
978,NE7cuy7AxYQ,AMD,nan,Jose Najarro Stocks,2026-02-19,buy,3,75,75,90,1,buy,False,False,False,False,False,,,20,True,True,81d2b9bc00bde85e,proxy_quality_from_locked_manifest_no_transcript_text_exported,high
979,NE7cuy7AxYQ,NVDA,Nvidia,Jose Najarro Stocks,2026-02-19,sell,3,75,75,90,1,sell,False,False,False,False,False,,,20,True,True,45d9a0d482dbab6b,proxy_quality_from_locked_manifest_no_transcript_text_exported,high
980,NE7cuy7AxYQ,SOFI,SoFi,Jose Najarro Stocks,2026-02-19,buy,3,70,70,90,1,buy,False,False,False,False,False,,,20,True,False,683628490376eb1d,proxy_quality_from_locked_manifest_no_transcript_text_exported,medium
981,NE7cuy7AxYQ,AAPL,Apple,Jose Najarro Stocks,2026-02-19,sell,3,75,75,90,1,sell,False,False,False,False,False,,,20,True,True,a64301f38b0581eb,proxy_quality_from_locked_manifest_no_transcript_text_exported,high
982,RjSum3OUNqw,AAPL,Apple,The Investor Channel,2025-03-28,sell,3,65,65,90,1,sell,False,False,False,False,False,,,70,False,True,ce415bc61466b3b3,proxy_quality_from_locked_manifest_no_transcript_text_exported,medium
983,RjSum3OUNqw,NVDA,Nvidia,The Investor Channel,2025-03-28,sell,3,65,65,90,1,sell,False,False,False,False,False,,,70,False,True,a1b80c083624c846,proxy_quality_from_locked_manifest_no_transcript_text_exported,medium
984,RjSum3OUNqw,AMZN,Amazon,The Investor Channel,2025-03-28,buy,3,65,65,90,1,buy,False,False,False,False,False,,,70,False,True,e4284f0bd07c01f0,proxy_quality_from_locked_manifest_no_transcript_text_exported,medium
985,Rx68Sf3y500,PYPL,PayPal,Daniel Pronk,2024-08-01,buy,3,70,70,90,1,buy,False,False,False,False,False,,,20,True,False,9deea90b476780a9,proxy_quality_from_locked_manifest_no_transcript_text_exported,medium
986,Rx68Sf3y500,PYPL,PayPal,Daniel Pronk,2024-08-01,buy,2,50,50,90,1,buy,True,True,False,False,False,,,20,True,False,969142d1429060b1,proxy_quality_from_locked_manifest_no_transcript_text_exported,medium
987,Rx68Sf3y500,PYPL,PayPal,Daniel Pronk,2024-08-01,buy,2,50,50,90,1,buy,True,True,False,False,False,,,20,True,False,61c74d5f482fff2a,proxy_quality_from_locked_manifest_no_transcript_text_exported,medium
988,S7Y8rTGurSc,NVDA,Nvidia,"Value Investing with Sven Carlin, Ph.D.",2026-03-21,buy,3,75,75,90,1,buy,False,False,False,False,False,,,20,True,True,0768d633a19c33c4,proxy_quality_from_locked_manifest_no_transcript_text_exported,high
989,Sq4McaiFM3I,GOOGL,Alphabet,Stock Moe,2026-01-09,buy,3,70,70,90,1,buy,False,False,False,False,False,,,20,True,False,ccf2084266a7cc16,proxy_quality_from_locked_manifest_no_transcript_text_exported,medium
990,Sq4McaiFM3I,GOOGL,Alphabet,Stock Moe,2026-01-09,buy,3,70,70,90,1,buy,False,False,False,False,False,,,20,True,False,1e6476f89168ae45,proxy_quality_from_locked_manifest_no_transcript_text_exported,medium
991,Sq4McaiFM3I,UBER,Uber,Stock Moe,2026-01-09,buy,3,70,70,90,1,buy,False,False,False,False,False,,,20,True,False,456006fef2f61b04,proxy_quality_from_locked_manifest_no_transcript_text_exported,medium
992,Sq4McaiFM3I,AAPL,Apple,Stock Moe,2026-01-09,sell,3,75,75,90,1,sell,False,False,False,False,False,,,20,True,True,2a8a348fa5266e3f,proxy_quality_from_locked_manifest_no_transcript_text_exported,high
993,SyvKBT4Uv7M,TSLA,Tesla,Learn to Invest - Investors Grow,2024-11-05,buy,3,75,75,90,1,buy,False,False,False,False,False,,,20,True,True,c62b9cf2dda36e97,proxy_quality_from_locked_manifest_no_transcript_text_exported,high
994,SyvKBT4Uv7M,TSLA,Tesla,Learn to Invest - Investors Grow,2024-11-05,sell,2,55,55,90,1,sell,True,True,False,False,False,,,20,True,True,c98098e51df27f78,proxy_quality_from_locked_manifest_no_transcript_text_exported,medium
995,UTpQ9y4jlJM,GOOGL,Alphabet,"Mark Roussin, CPA",2025-07-02,buy,3,60,60,90,1,buy,False,False,False,False,False,,,70,False,False,4869e047e6beda4a,proxy_quality_from_locked_manifest_no_transcript_text_exported,medium
996,UWtNR1yleKQ,AMD,nan,"Mark Roussin, CPA",2025-07-09,buy,3,65,65,90,1,buy,False,False,False,False,False,,,70,False,True,a80b034c1bab406f,proxy_quality_from_locked_manifest_no_transcript_text_exported,medium
997,UWtNR1yleKQ,GOOGL,Alphabet,"Mark Roussin, CPA",2025-07-09,buy,3,60,60,90,1,buy,False,False,False,False,False,,,70,False,False,32f532b80914491f,proxy_quality_from_locked_manifest_no_transcript_text_exported,medium
998,YN4eorNiVkQ,AAPL,Apple,Investing with Tom,2022-10-02,buy,2,55,55,90,1,buy,True,True,False,False,False,,,20,True,True,8496a53035f47c6b,proxy_quality_from_locked_manifest_no_transcript_text_exported,medium
999,YN4eorNiVkQ,AAPL,Apple,Investing with Tom,2022-10-02,buy,3,75,75,90,1,buy,False,False,False,False,False,,,20,True,True,3efff868fbe3ad83,proxy_quality_from_locked_manifest_no_transcript_text_exported,high
1000,YN4eorNiVkQ,AAPL,Apple,Investing with Tom,2022-10-02,sell,3,75,75,90,1,sell,False,False,False,False,False,,,20,True,True,0a856beab6fb1557,proxy_quality_from_locked_manifest_no_transcript_text_exported,high
1001,YN4eorNiVkQ,AAPL,Apple,Investing with Tom,2022-10-02,sell,3,75,75,90,1,sell,False,False,False,False,False,,,20,True,True,adba3398a4eeee6c,proxy_quality_from_locked_manifest_no_transcript_text_exported,high
1002,YUNoaXRIvwU,UBER,Uber,The Investor Channel,2025-02-05,buy,3,60,60,90,1,buy,False,False,False,False,False,,,70,False,False,96ff819a76c75e18,proxy_quality_from_locked_manifest_no_transcript_text_exported,medium
1003,YUNoaXRIvwU,NFLX,Netflix,The Investor Channel,2025-02-05,buy,3,60,60,90,1,buy,False,False,False,False,False,,,70,False,False,a16317b4daabd235,proxy_quality_from_locked_manifest_no_transcript_text_exported,medium
1004,_AU4Rj6WnPw,AMZN,Amazon,Daniel Pronk,2024-09-26,buy,3,65,65,90,1,buy,False,False,False,False,False,,,70,False,True,bd2765cf61dc153e,proxy_quality_from_locked_manifest_no_transcript_text_exported,medium
1005,aGMuqlTH0rU,NVDA,Nvidia,STOCK UP! with LARRY JONES,2026-02-11,sell,3,65,65,90,1,sell,False,False,False,False,False,,,70,False,True,423303dc44420937,proxy_quality_from_locked_manifest_no_transcript_text_exported,medium
1006,fWS-LA-9gZ8,NVDA,Nvidia,The Investor Channel,2025-03-07,buy,3,65,65,90,1,buy,False,False,False,False,False,,,70,False,True,74e42315ea458b1e,proxy_quality_from_locked_manifest_no_transcript_text_exported,medium
1007,fqLoYCVHQdk,AMZN,Amazon,"Parkev Tatevosian, CFA",2026-05-03,buy,3,75,75,90,1,buy,False,False,False,False,False,,,20,True,True,ec0c851e36f70726,proxy_quality_from_locked_manifest_no_transcript_text_exported,high
1008,gA9gqoTFT3U,AMZN,Amazon,The Investor Channel,2025-04-04,buy,3,65,65,90,1,buy,False,False,False,False,False,,,70,False,True,3182d1c131812d1f,proxy_quality_from_locked_manifest_no_transcript_text_exported,medium
1009,iGSojuWBg20,TSLA,Tesla,Stock Moe,2026-01-03,buy,3,75,75,90,1,buy,False,False,False,False,False,,,20,True,True,8ba2ef20dc60f90e,proxy_quality_from_locked_manifest_no_transcript_text_exported,high
1010,ilqte36NThc,AMZN,Amazon,The Investor Channel,2025-02-28,buy,3,65,65,90,1,buy,False,False,False,False,False,,,70,False,True,51927a1e63f4ca50,proxy_quality_from_locked_manifest_no_transcript_text_exported,medium
1011,ilqte36NThc,TSLA,Tesla,The Investor Channel,2025-02-28,buy,3,65,65,90,1,buy,False,False,False,False,False,,,70,False,True,5abbccb5a8dfe248,proxy_quality_from_locked_manifest_no_transcript_text_exported,medium
1012,ilqte36NThc,GOOGL,Alphabet,The Investor Channel,2025-02-28,buy,3,60,60,90,1,buy,False,False,False,False,False,,,70,False,False,c0b34287db56717e,proxy_quality_from_locked_manifest_no_transcript_text_exported,medium
1013,ilqte36NThc,GOOGL,Alphabet,The Investor Channel,2025-02-28,buy,3,60,60,90,1,buy,False,False,False,False,False,,,70,False,False,0a2fee12c93c3853,proxy_quality_from_locked_manifest_no_transcript_text_exported,medium
1014,ilqte36NThc,AAPL,Apple,The Investor Channel,2025-02-28,buy,3,65,65,90,1,buy,False,False,False,False,False,,,70,False,True,f7b31ea72a79d3da,proxy_quality_from_locked_manifest_no_transcript_text_exported,medium
1015,ilqte36NThc,NVDA,Nvidia,The Investor Channel,2025-02-28,buy,3,65,65,90,1,buy,False,False,False,False,False,,,70,False,True,3459426a76b1d72f,proxy_quality_from_locked_manifest_no_transcript_text_exported,medium
1016,ilqte36NThc,NVDA,Nvidia,The Investor Channel,2025-02-28,buy,3,65,65,90,1,buy,False,False,False,False,False,,,70,False,True,7b683b7da156a144,proxy_quality_from_locked_manifest_no_transcript_text_exported,medium
1017,ilqte36NThc,MSFT,Microsoft,The Investor Channel,2025-02-28,buy,3,60,60,90,1,buy,False,False,False,False,False,,,70,False,False,f0067251f5bcead9,proxy_quality_from_locked_manifest_no_transcript_text_exported,medium
1018,ilqte36NThc,MSFT,Microsoft,The Investor Channel,2025-02-28,buy,3,60,60,90,1,buy,False,False,False,False,False,,,70,False,False,26a65ae29d1d81fb,proxy_quality_from_locked_manifest_no_transcript_text_exported,medium
1019,jngGZ353LOo,AAPL,Apple,Daniel Pronk,2024-11-27,sell,3,65,65,90,1,sell,False,False,False,False,False,,,70,False,True,293bbe8bec92c065,proxy_quality_from_locked_manifest_no_transcript_text_exported,medium
1020,jngGZ353LOo,AAPL,Apple,Daniel Pronk,2024-11-27,sell,3,65,65,90,1,sell,False,False,False,False,False,,,70,False,True,a06c6f84521067b0,proxy_quality_from_locked_manifest_no_transcript_text_exported,medium
1021,nU9e3rhyYPc,AMZN,Amazon,The Investor Channel,2025-02-14,buy,3,65,65,90,1,buy,False,False,False,False,False,,,70,False,True,5d5ab55495404f51,proxy_quality_from_locked_manifest_no_transcript_text_exported,medium
1022,nU9e3rhyYPc,GOOGL,Alphabet,The Investor Channel,2025-02-14,buy,3,60,60,90,1,buy,False,False,False,False,False,,,70,False,False,1973d79db682236f,proxy_quality_from_locked_manifest_no_transcript_text_exported,medium
1023,p9ARdxW280Y,TSLA,Tesla,The Investor Channel,2025-01-30,buy,3,65,65,90,1,buy,False,False,False,False,False,,,70,False,True,b4c1aed5a8faa98f,proxy_quality_from_locked_manifest_no_transcript_text_exported,medium
1024,qywRMvAMJnM,MSFT,Microsoft,STOCK UP! with LARRY JONES,2026-02-25,buy,3,60,60,90,1,buy,False,False,False,False,False,,,70,False,False,bedaf53d6a3509b5,proxy_quality_from_locked_manifest_no_transcript_text_exported,medium
1025,rUm6ZNT0jEE,AMZN,Amazon,The Investor Channel,2025-03-15,buy,3,75,75,90,1,buy,False,False,False,False,False,,,20,True,True,36ed5cbfa0f033b1,proxy_quality_from_locked_manifest_no_transcript_text_exported,high
1026,rUm6ZNT0jEE,TSLA,Tesla,The Investor Channel,2025-03-15,buy,3,75,75,90,1,buy,False,False,False,False,False,,,20,True,True,e46d5991eeea1681,proxy_quality_from_locked_manifest_no_transcript_text_exported,high
1027,rUm6ZNT0jEE,TSLA,Tesla,The Investor Channel,2025-03-15,buy,3,75,75,90,1,buy,False,False,False,False,False,,,20,True,True,895e570c34cd0733,proxy_quality_from_locked_manifest_no_transcript_text_exported,high
1028,rUm6ZNT0jEE,TSLA,Tesla,The Investor Channel,2025-03-15,buy,3,75,75,90,1,buy,False,False,False,False,False,,,20,True,True,3ff1756c9bdb82e1,proxy_quality_from_locked_manifest_no_transcript_text_exported,high
1029,rUm6ZNT0jEE,NFLX,Netflix,The Investor Channel,2025-03-15,buy,3,70,70,90,1,buy,False,False,False,False,False,,,20,True,False,cdf43ab1679fdfba,proxy_quality_from_locked_manifest_no_transcript_text_exported,medium
1030,rUm6ZNT0jEE,MSFT,Microsoft,The Investor Channel,2025-03-15,buy,3,70,70,90,1,buy,False,False,False,False,False,,,20,True,False,934993b73d997502,proxy_quality_from_locked_manifest_no_transcript_text_exported,medium
1031,toFV-kmwsf0,GOOGL,Alphabet,The Investor Channel,2025-02-08,buy,3,70,70,90,1,buy,False,False,False,False,False,,,20,True,False,39be55eb9d708027,proxy_quality_from_locked_manifest_no_transcript_text_exported,medium
1032,toFV-kmwsf0,GOOGL,Alphabet,The Investor Channel,2025-02-08,buy,3,70,70,90,1,buy,False,False,False,False,False,,,20,True,False,89b0b6a9c157a2b2,proxy_quality_from_locked_manifest_no_transcript_text_exported,medium
1033,toFV-kmwsf0,GOOGL,Alphabet,The Investor Channel,2025-02-08,buy,3,70,70,90,1,buy,False,False,False,False,False,,,20,True,False,88fac3271badd4a6,proxy_quality_from_locked_manifest_no_transcript_text_exported,medium
1034,toFV-kmwsf0,NVDA,Nvidia,The Investor Channel,2025-02-08,buy,3,75,75,90,1,buy,False,False,False,False,False,,,20,True,True,d8e5649fdb890fa1,proxy_quality_from_locked_manifest_no_transcript_text_exported,high
1035,toFV-kmwsf0,TSLA,Tesla,The Investor Channel,2025-02-08,buy,3,75,75,90,1,buy,False,False,False,False,False,,,20,True,True,f20310431a881051,proxy_quality_from_locked_manifest_no_transcript_text_exported,high
1036,toFV-kmwsf0,TSLA,Tesla,The Investor Channel,2025-02-08,buy,3,75,75,90,1,buy,False,False,False,False,False,,,20,True,True,061cf430afb7cce9,proxy_quality_from_locked_manifest_no_transcript_text_exported,high
1037,toFV-kmwsf0,AMZN,Amazon,The Investor Channel,2025-02-08,buy,3,75,75,90,1,buy,False,False,False,False,False,,,20,True,True,7edac63a0b145c50,proxy_quality_from_locked_manifest_no_transcript_text_exported,high
1038,toFV-kmwsf0,MSFT,Microsoft,The Investor Channel,2025-02-08,buy,3,70,70,90,1,buy,False,False,False,False,False,,,20,True,False,4e063dea48ff7772,proxy_quality_from_locked_manifest_no_transcript_text_exported,medium
1039,uJi4KdcuHPQ,GOOGL,Alphabet,Learn to Invest - Investors Grow,2024-10-08,buy,3,70,70,90,1,buy,False,False,False,False,False,,,20,True,False,6f9845899b412b57,proxy_quality_from_locked_manifest_no_transcript_text_exported,medium
1040,uJi4KdcuHPQ,GOOGL,Alphabet,Learn to Invest - Investors Grow,2024-10-08,buy,3,70,70,90,1,buy,False,False,False,False,False,,,20,True,False,5e0e5511c1864da8,proxy_quality_from_locked_manifest_no_transcript_text_exported,medium
1041,uJi4KdcuHPQ,GOOGL,Alphabet,Learn to Invest - Investors Grow,2024-10-08,buy,3,70,70,90,1,buy,False,False,False,False,False,,,20,True,False,2ddee923dd836392,proxy_quality_from_locked_manifest_no_transcript_text_exported,medium
1042,ueMEh6rTTm4,SOFI,SoFi,Couch Investor,2026-02-19,buy,3,70,70,90,1,buy,False,False,False,False,False,,,20,True,False,cf8f4dc219899707,proxy_quality_from_locked_manifest_no_transcript_text_exported,medium
1043,vRT41fint9A,CRM,nan,"Mark Roussin, CPA",2025-08-13,buy,3,60,60,90,1,buy,False,False,False,False,False,,,70,False,False,13328f4b98819417,proxy_quality_from_locked_manifest_no_transcript_text_exported,medium
1044,vRT41fint9A,NVDA,Nvidia,"Mark Roussin, CPA",2025-08-13,buy,3,65,65,90,1,buy,False,False,False,False,False,,,70,False,True,4b055f54588b086c,proxy_quality_from_locked_manifest_no_transcript_text_exported,medium
1045,wco0o71LYmk,AMZN,Amazon,Daniel Pronk,2024-10-31,buy,3,65,65,90,1,buy,False,False,False,False,False,,,70,False,True,ae1912c001784ceb,proxy_quality_from_locked_manifest_no_transcript_text_exported,medium
1046,wco0o71LYmk,MSFT,Microsoft,Daniel Pronk,2024-10-31,buy,2,40,40,90,1,buy,True,True,False,False,False,,,70,False,False,641e99e9e18b87d8,proxy_quality_from_locked_manifest_no_transcript_text_exported,low
1047,yC9c0lZj77w,AMZN,Amazon,The Investor Channel,2025-02-06,buy,3,65,65,90,1,buy,False,False,False,False,False,,,70,False,True,442148393ce24f80,proxy_quality_from_locked_manifest_no_transcript_text_exported,medium
1048,yC9c0lZj77w,AMZN,Amazon,The Investor Channel,2025-02-06,buy,3,65,65,90,1,buy,False,False,False,False,False,,,70,False,True,cf57d9b86bcf2840,proxy_quality_from_locked_manifest_no_transcript_text_exported,medium
1049,y_wftxsICXQ,NVDA,Nvidia,Couch Investor,2026-02-18,buy,3,75,75,90,1,buy,False,False,False,False,False,,,20,True,True,4e52b64af6548003,proxy_quality_from_locked_manifest_no_transcript_text_exported,high
1050,y_wftxsICXQ,NVDA,Nvidia,Couch Investor,2026-02-18,buy,3,75,75,90,1,buy,False,False,False,False,False,,,20,True,True,f06b299a8631eda0,proxy_quality_from_locked_manifest_no_transcript_text_exported,high
1051,y_wftxsICXQ,META,Meta,Couch Investor,2026-02-18,buy,3,70,70,90,1,buy,False,False,False,False,False,,,20,True,False,09cc8f61b96a05b6,proxy_quality_from_locked_manifest_no_transcript_text_exported,medium
1052,z2Qc6dt5AxU,DIS,Disney,Dividendology,2025-11-27,buy,3,60,60,90,1,buy,False,False,False,False,False,,,70,False,False,787960ade5ab3ec8,proxy_quality_from_locked_manifest_no_transcript_text_exported,medium
1053,zo5gCbvAFBA,AMZN,Amazon,"Value Investing with Sven Carlin, Ph.D.",2026-03-18,buy,3,75,75,90,1,buy,False,False,False,False,False,,,20,True,True,b8256587147762b1,proxy_quality_from_locked_manifest_no_transcript_text_exported,high
1054,-0eHJkfOYZM,NFLX,Netflix,Couch Investor,2026-04-19,buy,3,70,70,90,1,buy,False,False,False,False,False,,,20,True,False,3bedc021f1e52eb0,proxy_quality_from_locked_manifest_no_transcript_text_exported,medium
1055,-lQPxe-MiOs,AAPL,Apple,The Investor Channel,2025-12-26,buy,3,65,65,90,1,buy,False,False,False,False,False,,,70,False,True,e6b74c3f57bae826,proxy_quality_from_locked_manifest_no_transcript_text_exported,medium
1056,-zEp9gR5pPU,AMD,nan,Couch Investor,2026-04-15,buy,3,65,65,90,1,buy,False,False,False,False,False,,,70,False,True,e3b353e136a5696c,proxy_quality_from_locked_manifest_no_transcript_text_exported,medium
1057,-zEp9gR5pPU,NVDA,Nvidia,Couch Investor,2026-04-15,buy,3,65,65,90,1,buy,False,False,False,False,False,,,70,False,True,fcb220a6956b1900,proxy_quality_from_locked_manifest_no_transcript_text_exported,medium
1058,1FXGrKWtIvc,NVDA,Nvidia,Jose Najarro Stocks,2026-03-11,buy,3,65,65,90,1,buy,False,False,False,False,False,,,70,False,True,c5d9d75594c9ef8f,proxy_quality_from_locked_manifest_no_transcript_text_exported,medium
1059,2RH3v9msQyk,SMCI,Super Micro,ZipTrader,2026-01-23,buy,3,60,60,90,1,buy,False,False,False,False,False,,,70,False,False,670bcd2bc03436b0,proxy_quality_from_locked_manifest_no_transcript_text_exported,medium
1060,2ZUCP6Fmrsg,NVDA,Nvidia,Best of Us Investors,2026-03-03,sell,3,75,75,90,1,sell,False,False,False,False,False,,,20,True,True,192cec404fa9d205,proxy_quality_from_locked_manifest_no_transcript_text_exported,high
1061,2ZUCP6Fmrsg,NVDA,Nvidia,Best of Us Investors,2026-03-03,buy,3,75,75,90,1,buy,False,False,False,False,False,,,20,True,True,e4af4c6e5f8b5876,proxy_quality_from_locked_manifest_no_transcript_text_exported,high
1062,2ZUCP6Fmrsg,NVDA,Nvidia,Best of Us Investors,2026-03-03,sell,3,75,75,90,1,sell,False,False,False,False,False,,,20,True,True,13ea7cf18d80d623,proxy_quality_from_locked_manifest_no_transcript_text_exported,high
1063,3bBmJC0f7OU,META,Meta,Jose Najarro Stocks,2026-03-14,buy,3,70,70,90,1,buy,False,False,False,False,False,,,20,True,False,cedf67bedd6f273c,proxy_quality_from_locked_manifest_no_transcript_text_exported,medium
1064,4gfxotzawCE,AMZN,Amazon,Couch Investor,2026-04-05,buy,3,75,75,90,1,buy,False,False,False,False,False,,,20,True,True,a514b7f86ea204c9,proxy_quality_from_locked_manifest_no_transcript_text_exported,high
1065,4tt70lHZUNo,NVDA,Nvidia,Dumb Money Live,2026-01-23,sell,3,65,65,90,1,sell,False,False,False,False,False,,,70,False,True,79b03200034a8942,proxy_quality_from_locked_manifest_no_transcript_text_exported,medium
1066,4tt70lHZUNo,NVDA,Nvidia,Dumb Money Live,2026-01-23,sell,3,65,65,90,1,sell,False,False,False,False,False,,,70,False,True,e18d2e3020abc3af,proxy_quality_from_locked_manifest_no_transcript_text_exported,medium
1067,68Ghvl3mV-w,AMZN,Amazon,Jose Najarro Stocks,2026-03-04,buy,3,65,65,90,1,buy,False,False,False,False,False,,,70,False,True,d0d990ca0ff5deeb,proxy_quality_from_locked_manifest_no_transcript_text_exported,medium
1068,6YbeD5lBmPk,GOOGL,Alphabet,The Investor Channel,2025-04-11,buy,3,60,60,90,1,buy,False,False,False,False,False,,,70,False,False,1d061c8e6335a8d4,proxy_quality_from_locked_manifest_no_transcript_text_exported,medium
1069,6YbeD5lBmPk,META,Meta,The Investor Channel,2025-04-11,buy,3,60,60,90,1,buy,False,False,False,False,False,,,70,False,False,7053f6c897c8b5a5,proxy_quality_from_locked_manifest_no_transcript_text_exported,medium
1070,6YbeD5lBmPk,NFLX,Netflix,The Investor Channel,2025-04-11,buy,3,60,60,90,1,buy,False,False,False,False,False,,,70,False,False,4530bdedc22ca712,proxy_quality_from_locked_manifest_no_transcript_text_exported,medium
1071,6YbeD5lBmPk,MSFT,Microsoft,The Investor Channel,2025-04-11,buy,3,60,60,90,1,buy,False,False,False,False,False,,,70,False,False,9596bf37c14bdf24,proxy_quality_from_locked_manifest_no_transcript_text_exported,medium
1072,75Jw9T3-DFw,META,Meta,The Investor Channel,2026-01-02,buy,3,60,60,90,1,buy,False,False,False,False,False,,,70,False,False,3a68a5eb4f906f99,proxy_quality_from_locked_manifest_no_transcript_text_exported,medium
1073,7HgjoZydyHg,NVDA,Nvidia,Learn to Invest - Investors Grow,2025-11-27,sell,3,75,75,90,1,sell,False,False,False,False,False,,,20,True,True,274543e9b735fd41,proxy_quality_from_locked_manifest_no_transcript_text_exported,high
1074,7M6hoe1HOzY,AAPL,Apple,Investing with Tom,2023-06-26,buy,3,75,75,90,1,buy,False,False,False,False,False,,,20,True,True,6b2ae8d39b0a6879,proxy_quality_from_locked_manifest_no_transcript_text_exported,high
1075,7gCactFEaqY,AMZN,Amazon,Daniel Pronk,2026-02-21,buy,3,75,75,90,1,buy,False,False,False,False,False,,,20,True,True,4472a8178c3040cc,proxy_quality_from_locked_manifest_no_transcript_text_exported,high
1076,7mZFoRAuKGI,NVDA,Nvidia,"Mark Roussin, CPA",2026-04-17,sell,3,65,65,90,1,sell,False,False,False,False,False,,,70,False,True,28d9bee45b6da2c8,proxy_quality_from_locked_manifest_no_transcript_text_exported,medium
1077,7mZFoRAuKGI,NVDA,Nvidia,"Mark Roussin, CPA",2026-04-17,sell,3,65,65,90,1,sell,False,False,False,False,False,,,70,False,True,b79103c974322a25,proxy_quality_from_locked_manifest_no_transcript_text_exported,medium
1078,7mZFoRAuKGI,NVDA,Nvidia,"Mark Roussin, CPA",2026-04-17,buy,3,65,65,90,1,buy,False,False,False,False,False,,,70,False,True,d333bfbc4af91eb1,proxy_quality_from_locked_manifest_no_transcript_text_exported,medium
1079,7mZFoRAuKGI,META,Meta,"Mark Roussin, CPA",2026-04-17,buy,3,60,60,90,1,buy,False,False,False,False,False,,,70,False,False,4fbffdb8ea8c2871,proxy_quality_from_locked_manifest_no_transcript_text_exported,medium
1080,7mZFoRAuKGI,AMZN,Amazon,"Mark Roussin, CPA",2026-04-17,sell,3,65,65,90,1,sell,False,False,False,False,False,,,70,False,True,160185714a932d64,proxy_quality_from_locked_manifest_no_transcript_text_exported,medium
1081,7mZFoRAuKGI,AMZN,Amazon,"Mark Roussin, CPA",2026-04-17,buy,3,65,65,90,1,buy,False,False,False,False,False,,,70,False,True,31b37efea8a0486e,proxy_quality_from_locked_manifest_no_transcript_text_exported,medium
1082,7w4DjgN2BEE,MSFT,Microsoft,Dividendology,2026-02-24,sell,3,60,60,90,1,sell,False,False,False,False,False,,,70,False,False,1decbd4d0f4f6c89,proxy_quality_from_locked_manifest_no_transcript_text_exported,medium
1083,9-AUPTW_qV8,GOOGL,Alphabet,"Parkev Tatevosian, CFA",2026-05-12,sell,3,70,70,90,1,sell,False,False,False,False,False,,,20,True,False,7aab9890bbf88ad1,proxy_quality_from_locked_manifest_no_transcript_text_exported,medium
1084,9-AUPTW_qV8,GOOGL,Alphabet,"Parkev Tatevosian, CFA",2026-05-12,buy,2,50,50,90,1,buy,True,True,False,False,False,,,20,True,False,9aa49ff6ffdfc37e,proxy_quality_from_locked_manifest_no_transcript_text_exported,medium
1085,9XJPbiYtkkM,GOOGL,Alphabet,Couch Investor,2026-05-12,buy,3,60,60,90,1,buy,False,False,False,False,False,,,70,False,False,e922318cfd68701f,proxy_quality_from_locked_manifest_no_transcript_text_exported,medium
1086,9XJPbiYtkkM,AMZN,Amazon,Couch Investor,2026-05-12,buy,3,65,65,90,1,buy,False,False,False,False,False,,,70,False,True,34b32cba4ecabc15,proxy_quality_from_locked_manifest_no_transcript_text_exported,medium
1087,9ss1GH8SYAw,SOFI,SoFi,Couch Investor,2026-05-01,buy,3,60,60,90,1,buy,False,False,False,False,False,,,70,False,False,d6c8064c5d65ea40,proxy_quality_from_locked_manifest_no_transcript_text_exported,medium
1088,9ss1GH8SYAw,SOFI,SoFi,Couch Investor,2026-05-01,buy,3,60,60,90,1,buy,False,False,False,False,False,,,70,False,False,a5c02c9f20c2d26b,proxy_quality_from_locked_manifest_no_transcript_text_exported,medium
1089,A1th4ZANaIw,NVDA,Nvidia,"Mark Roussin, CPA",2025-11-22,buy,3,75,75,90,1,buy,False,False,False,False,False,,,20,True,True,baf649ae15fea615,proxy_quality_from_locked_manifest_no_transcript_text_exported,high
1090,A1th4ZANaIw,NVDA,Nvidia,"Mark Roussin, CPA",2025-11-22,buy,3,75,75,90,1,buy,False,False,False,False,False,,,20,True,True,368e8cc308ae185b,proxy_quality_from_locked_manifest_no_transcript_text_exported,high
1091,AGE3h2MBbpo,TSLA,Tesla,"Parkev Tatevosian, CFA",2026-05-10,sell,3,75,75,90,1,sell,False,False,False,False,False,,,20,True,True,edf96cd92efeeeb9,proxy_quality_from_locked_manifest_no_transcript_text_exported,high
1092,AJtozWaYnsc,UBER,Uber,Daniel Pronk,2025-02-07,buy,2,40,40,90,1,buy,True,True,False,False,False,,,70,False,False,786217d1e8da324f,proxy_quality_from_locked_manifest_no_transcript_text_exported,low
1093,B0DK0m8nNx0,AMZN,Amazon,Dividendology,2026-03-15,buy,3,75,75,90,1,buy,False,False,False,False,False,,,20,True,True,6af94d36ea1fa6e7,proxy_quality_from_locked_manifest_no_transcript_text_exported,high
1094,BkyvNRCDvmY,AMZN,Amazon,Daniel Pronk,2025-04-30,buy,3,65,65,90,1,buy,False,False,False,False,False,,,70,False,True,a0aacc0cc5e7b55c,proxy_quality_from_locked_manifest_no_transcript_text_exported,medium
1095,BkyvNRCDvmY,META,Meta,Daniel Pronk,2025-04-30,sell,3,60,60,90,1,sell,False,False,False,False,False,,,70,False,False,e288f33b726ea2bd,proxy_quality_from_locked_manifest_no_transcript_text_exported,medium
1096,C5G_tNCOD-Y,NVDA,Nvidia,Chris Sain,2026-04-24,buy,3,65,65,90,1,buy,False,False,False,False,False,,,70,False,True,91ad804f2d92fe73,proxy_quality_from_locked_manifest_no_transcript_text_exported,medium
1097,CFfnNMjxE9g,MSFT,Microsoft,Learn to Invest - Investors Grow,2025-01-16,buy,3,70,70,90,1,buy,False,False,False,False,False,,,20,True,False,fe12107db9460fed,proxy_quality_from_locked_manifest_no_transcript_text_exported,medium
1098,CFfnNMjxE9g,MSFT,Microsoft,Learn to Invest - Investors Grow,2025-01-16,buy,3,70,70,90,1,buy,False,False,False,False,False,,,20,True,False,52203d14a82fb0e9,proxy_quality_from_locked_manifest_no_transcript_text_exported,medium
1099,CFfnNMjxE9g,MSFT,Microsoft,Learn to Invest - Investors Grow,2025-01-16,buy,3,70,70,90,1,buy,False,False,False,False,False,,,20,True,False,be3c670eec8eb5d6,proxy_quality_from_locked_manifest_no_transcript_text_exported,medium
1100,CFfnNMjxE9g,MSFT,Microsoft,Learn to Invest - Investors Grow,2025-01-16,buy,3,70,70,90,1,buy,False,False,False,False,False,,,20,True,False,5c1fa0bf1d759ba1,proxy_quality_from_locked_manifest_no_transcript_text_exported,medium
1101,CYSanuPtG6o,TSLA,Tesla,STOCK UP! with LARRY JONES,2026-04-24,buy,3,65,65,90,1,buy,False,False,False,False,False,,,70,False,True,303fae31019c6073,proxy_quality_from_locked_manifest_no_transcript_text_exported,medium
1102,ClXsR6KAiic,AMZN,Amazon,Couch Investor,2026-03-02,buy,3,65,65,90,1,buy,False,False,False,False,False,,,70,False,True,5e41fc430c48006b,proxy_quality_from_locked_manifest_no_transcript_text_exported,medium
1103,D34xtfP6PJY,MSFT,Microsoft,Dividendology,2026-04-21,buy,2,50,50,90,1,buy,True,True,False,False,False,,,20,True,False,e098d664ed5a2295,proxy_quality_from_locked_manifest_no_transcript_text_exported,medium
1104,EEjUnFgIYuY,UBER,Uber,Everything Money,2026-03-12,buy,3,70,70,90,1,buy,False,False,False,False,False,,,20,True,False,d5068c839994bf74,proxy_quality_from_locked_manifest_no_transcript_text_exported,medium
1105,FfqUKPcfTu4,AMD,nan,The Investor Channel,2025-06-06,sell,3,65,65,90,1,sell,False,False,False,False,False,,,70,False,True,c9254c52b40b7260,proxy_quality_from_locked_manifest_no_transcript_text_exported,medium
1106,FhodF_SCc2o,AAPL,Apple,The Investor Channel,2025-08-08,buy,3,65,65,90,1,buy,False,False,False,False,False,,,70,False,True,ee8860ae97b6087a,proxy_quality_from_locked_manifest_no_transcript_text_exported,medium
1107,G6DJOLKHxsU,MSFT,Microsoft,The Investor Channel,2026-04-03,buy,3,60,60,90,1,buy,False,False,False,False,False,,,70,False,False,5f17e4874ff723ed,proxy_quality_from_locked_manifest_no_transcript_text_exported,medium
1108,GFR45x706zc,AMZN,Amazon,Dumb Money Live,2026-01-30,buy,3,65,65,90,1,buy,False,False,False,False,False,,,70,False,True,84b4635f54152806,proxy_quality_from_locked_manifest_no_transcript_text_exported,medium
1109,GFR45x706zc,AMZN,Amazon,Dumb Money Live,2026-01-30,buy,3,65,65,90,1,buy,False,False,False,False,False,,,70,False,True,65f206511e7981b9,proxy_quality_from_locked_manifest_no_transcript_text_exported,medium
1110,GFR45x706zc,AMZN,Amazon,Dumb Money Live,2026-01-30,buy,3,65,65,90,1,buy,False,False,False,False,False,,,70,False,True,02af08061602dc20,proxy_quality_from_locked_manifest_no_transcript_text_exported,medium
1111,GFR45x706zc,SHOP,Shopify,Dumb Money Live,2026-01-30,buy,3,60,60,90,1,buy,False,False,False,False,False,,,70,False,False,40476c110a03c020,proxy_quality_from_locked_manifest_no_transcript_text_exported,medium
1112,GFR45x706zc,TSLA,Tesla,Dumb Money Live,2026-01-30,buy,3,65,65,90,1,buy,False,False,False,False,False,,,70,False,True,05687172f683db72,proxy_quality_from_locked_manifest_no_transcript_text_exported,medium
1113,GZ7yVRHhh9w,TSLA,Tesla,The Investor Channel,2025-04-23,sell,3,65,65,90,1,sell,False,False,False,False,False,,,70,False,True,d6a2c4e2df477ec9,proxy_quality_from_locked_manifest_no_transcript_text_exported,medium
1114,Iu-LF0kbb-M,AMD,nan,Jose Najarro Stocks,2026-05-06,buy,3,65,65,90,1,buy,False,False,False,False,False,,,70,False,True,576ba9fe7c095779,proxy_quality_from_locked_manifest_no_transcript_text_exported,medium
1115,Iu-LF0kbb-M,AMD,nan,Jose Najarro Stocks,2026-05-06,sell,3,65,65,90,1,sell,False,False,False,False,False,,,70,False,True,3898cea9dc7f97d9,proxy_quality_from_locked_manifest_no_transcript_text_exported,medium
1116,Iu-LF0kbb-M,AMZN,Amazon,Jose Najarro Stocks,2026-05-06,buy,3,65,65,90,1,buy,False,False,False,False,False,,,70,False,True,48e3707d4c7cdfc4,proxy_quality_from_locked_manifest_no_transcript_text_exported,medium
1117,JURyOwjbd88,NFLX,Netflix,Stock Moe,2026-04-27,buy,3,70,70,90,1,buy,False,False,False,False,False,,,20,True,False,dd4bc4f91970ae87,proxy_quality_from_locked_manifest_no_transcript_text_exported,medium
1118,K7Wuf7IRqrA,AAPL,Apple,"Value Investing with Sven Carlin, Ph.D.",2026-04-01,sell,3,75,75,90,1,sell,False,False,False,False,False,,,20,True,True,3d574a97f6e656ac,proxy_quality_from_locked_manifest_no_transcript_text_exported,high
1119,KS_cIBPbE_o,AMD,nan,Ticker Symbol: YOU,2026-03-10,sell,3,65,65,90,1,sell,False,False,False,False,False,,,70,False,True,67c8f050613a2fff,proxy_quality_from_locked_manifest_no_transcript_text_exported,medium
1120,L1LqaoS3-xE,GOOGL,Alphabet,"Parkev Tatevosian, CFA",2026-05-06,buy,2,50,50,90,1,buy,True,True,False,False,False,,,20,True,False,b7641a003efcbc9e,proxy_quality_from_locked_manifest_no_transcript_text_exported,medium
1121,Lnj-iJ0fqvU,PYPL,PayPal,Couch Investor,2026-05-05,buy,3,60,60,90,1,buy,False,False,False,False,False,,,70,False,False,7167f166dbb71d25,proxy_quality_from_locked_manifest_no_transcript_text_exported,medium
1122,LzRGi7e2QwE,SOFI,SoFi,"Parkev Tatevosian, CFA",2026-05-11,buy,2,50,50,90,1,buy,True,True,False,False,False,,,20,True,False,dfa3221871df3d55,proxy_quality_from_locked_manifest_no_transcript_text_exported,medium
1123,M-bDg1cYof8,MSFT,Microsoft,The Investor Channel,2026-01-30,buy,3,60,60,90,1,buy,False,False,False,False,False,,,70,False,False,7efdf74255a46d3f,proxy_quality_from_locked_manifest_no_transcript_text_exported,medium
1124,MPie9c9IivA,UBER,Uber,Daniel Pronk,2025-05-22,buy,3,60,60,90,1,buy,False,False,False,False,False,,,70,False,False,0fba07cddf6f83a2,proxy_quality_from_locked_manifest_no_transcript_text_exported,medium
1125,MPie9c9IivA,UBER,Uber,Daniel Pronk,2025-05-22,buy,3,60,60,90,1,buy,False,False,False,False,False,,,70,False,False,ca812cb3aaa9db58,proxy_quality_from_locked_manifest_no_transcript_text_exported,medium
1126,MPie9c9IivA,AMZN,Amazon,Daniel Pronk,2025-05-22,buy,3,65,65,90,1,buy,False,False,False,False,False,,,70,False,True,e0635af228322fea,proxy_quality_from_locked_manifest_no_transcript_text_exported,medium
1127,MPie9c9IivA,AMZN,Amazon,Daniel Pronk,2025-05-22,buy,3,65,65,90,1,buy,False,False,False,False,False,,,70,False,True,2d1f5c5df815fa69,proxy_quality_from_locked_manifest_no_transcript_text_exported,medium
1128,MtBPLqBR93E,AMD,nan,Jose Najarro Stocks,2026-03-03,sell,3,65,65,90,1,sell,False,False,False,False,False,,,70,False,True,c3e43109b7030d35,proxy_quality_from_locked_manifest_no_transcript_text_exported,medium
1129,MtBPLqBR93E,AMZN,Amazon,Jose Najarro Stocks,2026-03-03,sell,3,65,65,90,1,sell,False,False,False,False,False,,,70,False,True,4ac78c9ca244e871,proxy_quality_from_locked_manifest_no_transcript_text_exported,medium
1130,NEBRBiVp6LM,UBER,Uber,"Parkev Tatevosian, CFA",2026-05-08,buy,2,40,40,90,1,buy,True,True,False,False,False,,,70,False,False,db843c73c726b046,proxy_quality_from_locked_manifest_no_transcript_text_exported,low
1131,NEBRBiVp6LM,UBER,Uber,"Parkev Tatevosian, CFA",2026-05-08,buy,3,60,60,90,1,buy,False,False,False,False,False,,,70,False,False,0dab7518cbbb4ee1,proxy_quality_from_locked_manifest_no_transcript_text_exported,medium
1132,NLgW8E-HMFw,MSFT,Microsoft,Investing with Tom,2023-07-26,buy,3,70,70,90,1,buy,False,False,False,False,False,,,20,True,False,7252989d1f939ec6,proxy_quality_from_locked_manifest_no_transcript_text_exported,medium
1133,O5tcZQkTvXc,META,Meta,"Mark Roussin, CPA",2026-04-09,buy,3,60,60,90,1,buy,False,False,False,False,False,,,70,False,False,469856eb7e1781e7,proxy_quality_from_locked_manifest_no_transcript_text_exported,medium
1134,O5tcZQkTvXc,MSFT,Microsoft,"Mark Roussin, CPA",2026-04-09,buy,3,60,60,90,1,buy,False,False,False,False,False,,,70,False,False,fdc2720a012eaac6,proxy_quality_from_locked_manifest_no_transcript_text_exported,medium
1135,OAmRecXyCFA,NVDA,Nvidia,Jose Najarro Stocks,2026-04-02,sell,3,65,65,90,1,sell,False,False,False,False,False,,,70,False,True,5cc80b2cfa75ce65,proxy_quality_from_locked_manifest_no_transcript_text_exported,medium
1136,OCbTDPCVBSM,MSFT,Microsoft,ZipTrader,2026-04-15,buy,4,80,80,90,1,buy,False,False,False,False,False,,,70,False,False,e41e140e01b3fb13,proxy_quality_from_locked_manifest_no_transcript_text_exported,high
1137,OVihPug8C_k,AAPL,Apple,The Investor Channel,2025-09-12,buy,3,65,65,90,1,buy,False,False,False,False,False,,,70,False,True,45626a6a9007596e,proxy_quality_from_locked_manifest_no_transcript_text_exported,medium
1138,OVihPug8C_k,NVDA,Nvidia,The Investor Channel,2025-09-12,buy,3,65,65,90,1,buy,False,False,False,False,False,,,70,False,True,4dd8c912c6a6c691,proxy_quality_from_locked_manifest_no_transcript_text_exported,medium
1139,OVihPug8C_k,MSFT,Microsoft,The Investor Channel,2025-09-12,buy,3,60,60,90,1,buy,False,False,False,False,False,,,70,False,False,2ade9392aea947a0,proxy_quality_from_locked_manifest_no_transcript_text_exported,medium
1140,QgYD0orS2-Q,META,Meta,ZipTrader,2026-04-02,buy,3,60,60,90,1,buy,False,False,False,False,False,,,70,False,False,41f30b3a6808e8f2,proxy_quality_from_locked_manifest_no_transcript_text_exported,medium
1141,QwEiOQPkrw0,AMZN,Amazon,Meet Kevin,2025-12-31,buy,3,65,65,90,1,buy,False,False,False,False,False,,,70,False,True,25f2ff150c59564d,proxy_quality_from_locked_manifest_no_transcript_text_exported,medium
1142,RKRgD2H7zqI,AAPL,Apple,The Investor Channel,2025-04-25,buy,3,65,65,90,1,buy,False,False,False,False,False,,,70,False,True,12bf525ea1f23217,proxy_quality_from_locked_manifest_no_transcript_text_exported,medium
1143,SN9FjfeAnGU,NFLX,Netflix,The Investor Channel,2025-12-05,buy,3,60,60,90,1,buy,False,False,False,False,False,,,70,False,False,bca68c6aad84ef6d,proxy_quality_from_locked_manifest_no_transcript_text_exported,medium
1144,SN9FjfeAnGU,AAPL,Apple,The Investor Channel,2025-12-05,buy,3,65,65,90,1,buy,False,False,False,False,False,,,70,False,True,cceccc529518a965,proxy_quality_from_locked_manifest_no_transcript_text_exported,medium
1145,SN9FjfeAnGU,NVDA,Nvidia,The Investor Channel,2025-12-05,sell,3,65,65,90,1,sell,False,False,False,False,False,,,70,False,True,db33a97088c124d2,proxy_quality_from_locked_manifest_no_transcript_text_exported,medium
1146,SN9FjfeAnGU,NVDA,Nvidia,The Investor Channel,2025-12-05,sell,3,65,65,90,1,sell,False,False,False,False,False,,,70,False,True,4b62f91cdf4c693e,proxy_quality_from_locked_manifest_no_transcript_text_exported,medium
1147,SN9FjfeAnGU,NVDA,Nvidia,The Investor Channel,2025-12-05,sell,3,65,65,90,1,sell,False,False,False,False,False,,,70,False,True,891e2c0f2a4e0eb8,proxy_quality_from_locked_manifest_no_transcript_text_exported,medium
1148,SbAnIeNGVm0,PLTR,Palantir,Dividend Bull,2025-11-13,buy,2,40,40,90,1,buy,True,True,False,False,False,,,70,False,False,4c55f45397507f9f,proxy_quality_from_locked_manifest_no_transcript_text_exported,low
1149,SezBpiM2PSI,GOOGL,Alphabet,The Investor Channel,2025-05-10,buy,3,70,70,90,1,buy,False,False,False,False,False,,,20,True,False,b1e0baa4dcf8a1f6,proxy_quality_from_locked_manifest_no_transcript_text_exported,medium
1150,TAoUWYB3l7w,META,Meta,Financial Education,2026-01-14,buy,3,60,60,90,1,buy,False,False,False,False,False,,,70,False,False,9dda9183a78bde7f,proxy_quality_from_locked_manifest_no_transcript_text_exported,medium
1151,TAoUWYB3l7w,META,Meta,Financial Education,2026-01-14,buy,3,60,60,90,1,buy,False,False,False,False,False,,,70,False,False,f40e321e79fff837,proxy_quality_from_locked_manifest_no_transcript_text_exported,medium
1152,TbtrFrIzT-g,NFLX,Netflix,The Investor Channel,2025-10-10,buy,3,60,60,90,1,buy,False,False,False,False,False,,,70,False,False,bbcd2315f5cb2053,proxy_quality_from_locked_manifest_no_transcript_text_exported,medium
1153,WcoxqTZYmbU,AAPL,Apple,Dividendology,2026-02-24,sell,3,65,65,90,1,sell,False,False,False,False,False,,,70,False,True,c8750172f643dc40,proxy_quality_from_locked_manifest_no_transcript_text_exported,medium
1154,XohXRtWL88I,AMZN,Amazon,The Investor Channel,2025-08-01,buy,3,65,65,90,1,buy,False,False,False,False,False,,,70,False,True,3e89f5448c1273ac,proxy_quality_from_locked_manifest_no_transcript_text_exported,medium
1155,XohXRtWL88I,NFLX,Netflix,The Investor Channel,2025-08-01,buy,3,60,60,90,1,buy,False,False,False,False,False,,,70,False,False,71b9104183500f68,proxy_quality_from_locked_manifest_no_transcript_text_exported,medium
1156,XohXRtWL88I,TSLA,Tesla,The Investor Channel,2025-08-01,sell,3,65,65,90,1,sell,False,False,False,False,False,,,70,False,True,a4809ca0a83d651e,proxy_quality_from_locked_manifest_no_transcript_text_exported,medium
1157,YYCB1iOtjqk,TSLA,Tesla,The Investor Channel,2025-09-05,sell,3,65,65,90,1,sell,False,False,False,False,False,,,70,False,True,69609671439c861a,proxy_quality_from_locked_manifest_no_transcript_text_exported,medium
1158,YpR_TuCvFYM,NVDA,Nvidia,Daniel Pronk,2025-02-07,buy,3,65,65,90,1,buy,False,False,False,False,False,,,70,False,True,311f1ba7e123c612,proxy_quality_from_locked_manifest_no_transcript_text_exported,medium
1159,ZRla33cVtrc,META,Meta,The Investor Channel,2025-07-05,buy,3,70,70,90,1,buy,False,False,False,False,False,,,20,True,False,abd9b8d59ce04da7,proxy_quality_from_locked_manifest_no_transcript_text_exported,medium
1160,_j9bLFvKJw0,AAPL,Apple,Daniel Pronk,2025-09-05,sell,3,65,65,90,1,sell,False,False,False,False,False,,,70,False,True,b598cff5306b33a1,proxy_quality_from_locked_manifest_no_transcript_text_exported,medium
1161,_j9bLFvKJw0,AAPL,Apple,Daniel Pronk,2025-09-05,sell,3,65,65,90,1,sell,False,False,False,False,False,,,70,False,True,1f7135f695e55ab0,proxy_quality_from_locked_manifest_no_transcript_text_exported,medium
1162,_j9bLFvKJw0,AAPL,Apple,Daniel Pronk,2025-09-05,sell,3,65,65,90,1,sell,False,False,False,False,False,,,70,False,True,d26e1cc147f63fe9,proxy_quality_from_locked_manifest_no_transcript_text_exported,medium
1163,b192yNCfoCc,AAPL,Apple,Investing with Tom,2023-07-04,buy,3,75,75,90,1,buy,False,False,False,False,False,,,20,True,True,e9873fb8a234f731,proxy_quality_from_locked_manifest_no_transcript_text_exported,high
1164,bG5dqYhfUd4,SOFI,SoFi,Couch Investor,2026-04-10,buy,3,70,70,90,1,buy,False,False,False,False,False,,,20,True,False,e71a2fc96289539c,proxy_quality_from_locked_manifest_no_transcript_text_exported,medium
1165,cM08_4oNLFw,AAPL,Apple,Stock Moe,2026-01-25,buy,3,75,75,90,1,buy,False,False,False,False,False,,,20,True,True,0b049f11e9c0de85,proxy_quality_from_locked_manifest_no_transcript_text_exported,high
1166,dFjn1g6hmL4,GOOGL,Alphabet,Daniel Pronk,2025-12-01,buy,3,60,60,90,1,buy,False,False,False,False,False,,,70,False,False,87310374df5bc986,proxy_quality_from_locked_manifest_no_transcript_text_exported,medium
1167,dFjn1g6hmL4,GOOGL,Alphabet,Daniel Pronk,2025-12-01,sell,3,60,60,90,1,sell,False,False,False,False,False,,,70,False,False,17ac873f119164c2,proxy_quality_from_locked_manifest_no_transcript_text_exported,medium
1168,dFjn1g6hmL4,GOOGL,Alphabet,Daniel Pronk,2025-12-01,buy,3,60,60,90,1,buy,False,False,False,False,False,,,70,False,False,cf96aeaff00cc028,proxy_quality_from_locked_manifest_no_transcript_text_exported,medium
1169,dIogpK0rmXg,TSLA,Tesla,"Value Investing with Sven Carlin, Ph.D.",2026-04-27,sell,3,75,75,90,1,sell,False,False,False,False,False,,,20,True,True,fbe3509be3886751,proxy_quality_from_locked_manifest_no_transcript_text_exported,high
1170,dIogpK0rmXg,NVDA,Nvidia,"Value Investing with Sven Carlin, Ph.D.",2026-04-27,sell,3,75,75,90,1,sell,False,False,False,False,False,,,20,True,True,07e392923a9cbd1e,proxy_quality_from_locked_manifest_no_transcript_text_exported,high
1171,eBb8AKlIqo8,PYPL,PayPal,Daniel Pronk,2025-11-09,sell,3,70,70,90,1,sell,False,False,False,False,False,,,20,True,False,7e8af09fe2282386,proxy_quality_from_locked_manifest_no_transcript_text_exported,medium
1172,eOYSS02TuqY,MSFT,Microsoft,The Swedish Investor,2023-10-02,buy,3,70,70,90,1,buy,False,False,False,False,False,,,20,True,False,7622ac994e9aacc1,proxy_quality_from_locked_manifest_no_transcript_text_exported,medium
1173,eOYSS02TuqY,TSLA,Tesla,The Swedish Investor,2023-10-02,buy,3,75,75,90,1,buy,False,False,False,False,False,,,20,True,True,3027234e3abc8bc0,proxy_quality_from_locked_manifest_no_transcript_text_exported,high
1174,eOYSS02TuqY,TSLA,Tesla,The Swedish Investor,2023-10-02,buy,2,55,55,90,1,buy,True,True,False,False,False,,,20,True,True,f84b6fc3901a7ad8,proxy_quality_from_locked_manifest_no_transcript_text_exported,medium
1175,fHug5GWwaF4,NVDA,Nvidia,The Investor Channel,2025-11-28,buy,3,65,65,90,1,buy,False,False,False,False,False,,,70,False,True,06be59064c37756c,proxy_quality_from_locked_manifest_no_transcript_text_exported,medium
1176,fHug5GWwaF4,GOOGL,Alphabet,The Investor Channel,2025-11-28,sell,3,60,60,90,1,sell,False,False,False,False,False,,,70,False,False,4f46b24b314704f1,proxy_quality_from_locked_manifest_no_transcript_text_exported,medium
1177,fHug5GWwaF4,META,Meta,The Investor Channel,2025-11-28,sell,3,60,60,90,1,sell,False,False,False,False,False,,,70,False,False,e5655bd07ec29ba8,proxy_quality_from_locked_manifest_no_transcript_text_exported,medium
1178,fyDMDptrwvo,TSLA,Tesla,The Investor Channel,2025-09-26,buy,3,65,65,90,1,buy,False,False,False,False,False,,,70,False,True,087556cc55a6968c,proxy_quality_from_locked_manifest_no_transcript_text_exported,medium
1179,gKKg4p2E8Mc,META,Meta,Dividendology,2026-02-10,buy,3,60,60,90,1,buy,False,False,False,False,False,,,70,False,False,e56233d1dcbbe326,proxy_quality_from_locked_manifest_no_transcript_text_exported,medium
1180,j9OjfCX_uzo,MSFT,Microsoft,Learn to Invest - Investors Grow,2025-07-31,buy,3,70,70,90,1,buy,False,False,False,False,False,,,20,True,False,ea602e65d2d78928,proxy_quality_from_locked_manifest_no_transcript_text_exported,medium
1181,kMEFyG4jrTw,AAPL,Apple,Everything Money,2026-03-07,sell,3,75,75,90,1,sell,False,False,False,False,False,,,20,True,True,54b840946c0890b1,proxy_quality_from_locked_manifest_no_transcript_text_exported,high
1182,k_dPTNmR0u8,GOOGL,Alphabet,Daniel Pronk,2025-11-13,buy,3,60,60,90,1,buy,False,False,False,False,False,,,70,False,False,1ae58c963c5ef540,proxy_quality_from_locked_manifest_no_transcript_text_exported,medium
1183,k_dPTNmR0u8,AMZN,Amazon,Daniel Pronk,2025-11-13,buy,3,65,65,90,1,buy,False,False,False,False,False,,,70,False,True,6317bfeb114d4d8d,proxy_quality_from_locked_manifest_no_transcript_text_exported,medium
1184,ktwqd2fBQUc,META,Meta,Jose Najarro Stocks,2026-05-01,buy,2,40,40,90,1,buy,True,True,False,False,False,,,70,False,False,ff1a52785c204adb,proxy_quality_from_locked_manifest_no_transcript_text_exported,low
1185,l7cc-nLKaqc,AAPL,Apple,The Swedish Investor,2022-06-24,buy,3,75,75,90,1,buy,False,False,False,False,False,,,20,True,True,72978913297168e3,proxy_quality_from_locked_manifest_no_transcript_text_exported,high
1186,lb-Y5Qp1olE,AMZN,Amazon,The Investor Channel,2025-08-15,buy,3,65,65,90,1,buy,False,False,False,False,False,,,70,False,True,3753c993cb2f5cd3,proxy_quality_from_locked_manifest_no_transcript_text_exported,medium
1187,lb-Y5Qp1olE,GOOGL,Alphabet,The Investor Channel,2025-08-15,buy,2,40,40,90,1,buy,True,True,False,False,False,,,70,False,False,d787c92ad3c9ab92,proxy_quality_from_locked_manifest_no_transcript_text_exported,low
1188,n5qeSVckVoo,AAPL,Apple,Investing with Tom,2023-07-10,sell,3,75,75,90,1,sell,False,False,False,False,False,,,20,True,True,773ef744dcc8171c,proxy_quality_from_locked_manifest_no_transcript_text_exported,high
1189,nH1XBBeOP2Y,MSFT,Microsoft,Dividendology,2026-02-13,sell,3,60,60,90,1,sell,False,False,False,False,False,,,70,False,False,89a602ed34cf026a,proxy_quality_from_locked_manifest_no_transcript_text_exported,medium
1190,nH1XBBeOP2Y,AMZN,Amazon,Dividendology,2026-02-13,sell,3,65,65,90,1,sell,False,False,False,False,False,,,70,False,True,e43589dd69acbbe5,proxy_quality_from_locked_manifest_no_transcript_text_exported,medium
1191,nQUIDGMadWs,META,Meta,Dividendology,2026-04-22,buy,3,70,70,90,1,buy,False,False,False,False,False,,,20,True,False,63be9f9902fd7ff2,proxy_quality_from_locked_manifest_no_transcript_text_exported,medium
1192,nUucyfWpL0A,AMZN,Amazon,The Swedish Investor,2022-10-29,sell,3,75,75,90,1,sell,False,False,False,False,False,,,20,True,True,691575ce21bf5f59,proxy_quality_from_locked_manifest_no_transcript_text_exported,high
1193,q04HFOjr40s,MSFT,Microsoft,Everything Money,2026-03-10,buy,3,70,70,90,1,buy,False,False,False,False,False,,,20,True,False,9baf2a6e9a4ed401,proxy_quality_from_locked_manifest_no_transcript_text_exported,medium
1194,qiwiI5V-rO4,GOOGL,Alphabet,Couch Investor,2026-03-05,buy,3,60,60,90,1,buy,False,False,False,False,False,,,70,False,False,4aa3f4f6b23667ef,proxy_quality_from_locked_manifest_no_transcript_text_exported,medium
1195,rC9H_yMTdHE,SOFI,SoFi,"Mark Roussin, CPA",2025-12-02,buy,3,60,60,90,1,buy,False,False,False,False,False,,,70,False,False,df619ae441525db8,proxy_quality_from_locked_manifest_no_transcript_text_exported,medium
1196,rC9H_yMTdHE,SOFI,SoFi,"Mark Roussin, CPA",2025-12-02,buy,3,60,60,90,1,buy,False,False,False,False,False,,,70,False,False,babf48fcacd999f5,proxy_quality_from_locked_manifest_no_transcript_text_exported,medium
1197,rC9H_yMTdHE,UBER,Uber,"Mark Roussin, CPA",2025-12-02,buy,3,60,60,90,1,buy,False,False,False,False,False,,,70,False,False,21dbbf26305ebff6,proxy_quality_from_locked_manifest_no_transcript_text_exported,medium
1198,rrs1s-T4qqA,NVDA,Nvidia,"Mark Roussin, CPA",2025-12-13,buy,3,75,75,90,1,buy,False,False,False,False,False,,,20,True,True,7c4566b339c4744f,proxy_quality_from_locked_manifest_no_transcript_text_exported,high
1199,sBc1r0BZZjU,NVDA,Nvidia,The Investor Channel,2026-03-20,sell,3,65,65,90,1,sell,False,False,False,False,False,,,70,False,True,35f1c79e4c268edf,proxy_quality_from_locked_manifest_no_transcript_text_exported,medium
1200,sSDidRcIK1c,AMD,nan,The Investor Channel,2026-02-27,buy,3,65,65,90,1,buy,False,False,False,False,False,,,70,False,True,2de56dff857e583b,proxy_quality_from_locked_manifest_no_transcript_text_exported,medium
1201,sSDidRcIK1c,NFLX,Netflix,The Investor Channel,2026-02-27,sell,3,60,60,90,1,sell,False,False,False,False,False,,,70,False,False,07ec3f5beb96d516,proxy_quality_from_locked_manifest_no_transcript_text_exported,medium
1202,sSDidRcIK1c,NFLX,Netflix,The Investor Channel,2026-02-27,sell,3,60,60,90,1,sell,False,False,False,False,False,,,70,False,False,3bcc90ca8bb79b79,proxy_quality_from_locked_manifest_no_transcript_text_exported,medium
1203,tOMwDcdxd_c,AMZN,Amazon,Dumb Money Live,2026-02-06,sell,3,65,65,90,1,sell,False,False,False,False,False,,,70,False,True,58bf09eafb0bbbb6,proxy_quality_from_locked_manifest_no_transcript_text_exported,medium
1204,tOMwDcdxd_c,HOOD,Robinhood,Dumb Money Live,2026-02-06,sell,3,60,60,90,1,sell,False,False,False,False,False,,,70,False,False,e4648e748d683109,proxy_quality_from_locked_manifest_no_transcript_text_exported,medium
1205,uEjKr_Z92mA,TSLA,Tesla,The Swedish Investor,2022-04-01,sell,3,65,65,90,1,sell,False,False,False,False,False,,,70,False,True,b5e902999b4808ce,proxy_quality_from_locked_manifest_no_transcript_text_exported,medium
1206,uoOGvrau7i4,META,Meta,"Mark Roussin, CPA",2026-03-26,buy,3,60,60,90,1,buy,False,False,False,False,False,,,70,False,False,b8315baf72992f72,proxy_quality_from_locked_manifest_no_transcript_text_exported,medium
1207,utPMsa-caTI,NFLX,Netflix,"Mark Roussin, CPA",2026-04-18,buy,3,70,70,90,1,buy,False,False,False,False,False,,,20,True,False,fdaa6ff8b1264dce,proxy_quality_from_locked_manifest_no_transcript_text_exported,medium
1208,w0dToEPrvvk,PLTR,Palantir,"Parkev Tatevosian, CFA",2026-05-12,buy,2,50,50,90,1,buy,True,True,False,False,False,,,20,True,False,13f86510b37242eb,proxy_quality_from_locked_manifest_no_transcript_text_exported,medium
1209,w0dToEPrvvk,PLTR,Palantir,"Parkev Tatevosian, CFA",2026-05-12,buy,3,70,70,90,1,buy,False,False,False,False,False,,,20,True,False,21bf1231cf7ba177,proxy_quality_from_locked_manifest_no_transcript_text_exported,medium
1210,w1JAuGqM7hk,GOOGL,Alphabet,"Mark Roussin, CPA",2026-04-25,sell,3,70,70,90,1,sell,False,False,False,False,False,,,20,True,False,12801fcb0d8eab06,proxy_quality_from_locked_manifest_no_transcript_text_exported,medium
1211,zgFYJLNGkAc,NVDA,Nvidia,"Value Investing with Sven Carlin, Ph.D.",2026-04-02,buy,2,55,55,90,1,buy,True,True,False,False,False,,,20,True,True,55309ad048bfb02e,proxy_quality_from_locked_manifest_no_transcript_text_exported,medium
1212,zgFYJLNGkAc,NVDA,Nvidia,"Value Investing with Sven Carlin, Ph.D.",2026-04-02,buy,3,75,75,90,1,buy,False,False,False,False,False,,,20,True,True,c327cdc307b4a16c,proxy_quality_from_locked_manifest_no_transcript_text_exported,high
1213,zgFYJLNGkAc,AAPL,Apple,"Value Investing with Sven Carlin, Ph.D.",2026-04-02,buy,3,75,75,90,1,buy,False,False,False,False,False,,,20,True,True,0414a0018bf857f2,proxy_quality_from_locked_manifest_no_transcript_text_exported,high
1214,0GRyV8uCtNk,AMZN,Amazon,"Mark Roussin, CPA",2024-08-17,buy,2,55,55,90,1,buy,True,True,False,False,False,,,20,True,True,ae3848e237c278d0,proxy_quality_from_locked_manifest_no_transcript_text_exported,medium
1215,0GRyV8uCtNk,AMZN,Amazon,"Mark Roussin, CPA",2024-08-17,buy,2,55,55,90,1,buy,True,True,False,False,False,,,20,True,True,d785338f87589559,proxy_quality_from_locked_manifest_no_transcript_text_exported,medium
1216,0GRyV8uCtNk,DIS,Disney,"Mark Roussin, CPA",2024-08-17,buy,4,90,90,90,1,buy,False,False,False,False,False,,,20,True,False,e8821908e9b5d6e3,proxy_quality_from_locked_manifest_no_transcript_text_exported,high
1217,0rs5kIomIjI,AAPL,Apple,The Investor Channel,2024-02-02,buy,3,65,65,90,1,buy,False,False,False,False,False,,,70,False,True,de97d7482afab2ca,proxy_quality_from_locked_manifest_no_transcript_text_exported,medium
1218,2qrHvyWm1Nk,MSFT,Microsoft,"Mark Roussin, CPA",2024-10-01,buy,3,60,60,90,1,buy,False,False,False,False,False,,,70,False,False,7f0b70126bdfa9ca,proxy_quality_from_locked_manifest_no_transcript_text_exported,medium
1219,67MNSCXuY2I,PYPL,PayPal,Couch Investor,2025-11-17,buy,3,60,60,90,1,buy,False,False,False,False,False,,,70,False,False,f893d2962c36578f,proxy_quality_from_locked_manifest_no_transcript_text_exported,medium
1220,67MNSCXuY2I,PYPL,PayPal,Couch Investor,2025-11-17,buy,2,40,40,90,1,buy,True,True,False,False,False,,,70,False,False,f27017bbeabeefce,proxy_quality_from_locked_manifest_no_transcript_text_exported,low
1221,67MNSCXuY2I,AMZN,Amazon,Couch Investor,2025-11-17,sell,3,65,65,90,1,sell,False,False,False,False,False,,,70,False,True,4ce146ea4f27dba1,proxy_quality_from_locked_manifest_no_transcript_text_exported,medium
1222,67MNSCXuY2I,AAPL,Apple,Couch Investor,2025-11-17,buy,3,65,65,90,1,buy,False,False,False,False,False,,,70,False,True,30246dfc7ba845e9,proxy_quality_from_locked_manifest_no_transcript_text_exported,medium
1223,7NlWCxxhYhA,NVDA,Nvidia,"Mark Roussin, CPA",2024-08-15,buy,3,65,65,90,1,buy,False,False,False,False,False,,,70,False,True,0fd7e4f76392964e,proxy_quality_from_locked_manifest_no_transcript_text_exported,medium
1224,7NlWCxxhYhA,AAPL,Apple,"Mark Roussin, CPA",2024-08-15,sell,3,65,65,90,1,sell,False,False,False,False,False,,,70,False,True,2f7023a27722901f,proxy_quality_from_locked_manifest_no_transcript_text_exported,medium
1225,9ph98Km7DlI,MSFT,Microsoft,The Investor Channel,2024-03-29,buy,3,60,60,90,1,buy,False,False,False,False,False,,,70,False,False,c1d03ceda7f043cc,proxy_quality_from_locked_manifest_no_transcript_text_exported,medium
1226,CBkJYmCLwuk,AMZN,Amazon,Daniel Pronk,2024-06-04,buy,3,65,65,90,1,buy,False,False,False,False,False,,,70,False,True,504beb5cf95e8440,proxy_quality_from_locked_manifest_no_transcript_text_exported,medium
1227,CCgjum72pOI,AMZN,Amazon,Daniel Pronk,2024-05-11,buy,2,55,55,90,1,buy,True,True,False,False,False,,,20,True,True,a1cf33b2f19a7fdf,proxy_quality_from_locked_manifest_no_transcript_text_exported,medium
1228,EIfUFqfsx8s,NVDA,Nvidia,The Investor Channel,2024-02-02,buy,3,65,65,90,1,buy,False,False,False,False,False,,,70,False,True,39dda508cf16c332,proxy_quality_from_locked_manifest_no_transcript_text_exported,medium
1229,EIfUFqfsx8s,GOOGL,Alphabet,The Investor Channel,2024-02-02,buy,2,40,40,90,1,buy,True,True,False,False,False,,,70,False,False,56b423c222528f84,proxy_quality_from_locked_manifest_no_transcript_text_exported,low
1230,I-ETli5RvXI,UBER,Uber,Couch Investor,2025-11-10,buy,3,60,60,90,1,buy,False,False,False,False,False,,,70,False,False,fd6b1609c88ea663,proxy_quality_from_locked_manifest_no_transcript_text_exported,medium
1231,ICaYMgaCq_c,TSLA,Tesla,The Investor Channel,2024-02-17,sell,3,75,75,90,1,sell,False,False,False,False,False,,,20,True,True,c3283b863e878b38,proxy_quality_from_locked_manifest_no_transcript_text_exported,high
1232,NHjhaF1KmvA,PYPL,PayPal,The Investor Channel,2024-02-07,buy,3,60,60,90,1,buy,False,False,False,False,False,,,70,False,False,76406844f859bb0b,proxy_quality_from_locked_manifest_no_transcript_text_exported,medium
1233,NHjhaF1KmvA,NVDA,Nvidia,The Investor Channel,2024-02-07,buy,2,45,45,90,1,buy,True,True,False,False,False,,,70,False,True,d9c894789238f60a,proxy_quality_from_locked_manifest_no_transcript_text_exported,low
1234,NwJu_BEmFaw,UBER,Uber,"Value Investing with Sven Carlin, Ph.D.",2025-03-05,buy,3,70,70,90,1,buy,False,False,False,False,False,,,20,True,False,1ea93f37c725d6fd,proxy_quality_from_locked_manifest_no_transcript_text_exported,medium
1235,Qqyh_M2m8q4,DIS,Disney,The Investor Channel,2024-03-15,buy,3,60,60,90,1,buy,False,False,False,False,False,,,70,False,False,f50d77659e46f395,proxy_quality_from_locked_manifest_no_transcript_text_exported,medium
1236,Qqyh_M2m8q4,AAPL,Apple,The Investor Channel,2024-03-15,sell,3,65,65,90,1,sell,False,False,False,False,False,,,70,False,True,b08ecaf81e732c28,proxy_quality_from_locked_manifest_no_transcript_text_exported,medium
1237,Qqyh_M2m8q4,AMZN,Amazon,The Investor Channel,2024-03-15,buy,3,65,65,90,1,buy,False,False,False,False,False,,,70,False,True,9761c341c0ea298d,proxy_quality_from_locked_manifest_no_transcript_text_exported,medium
1238,Qqyh_M2m8q4,GOOGL,Alphabet,The Investor Channel,2024-03-15,buy,3,60,60,90,1,buy,False,False,False,False,False,,,70,False,False,4b57adfe9aab36fc,proxy_quality_from_locked_manifest_no_transcript_text_exported,medium
1239,X2o6D0dnnx0,AMZN,Amazon,"Mark Roussin, CPA",2024-10-30,buy,3,65,65,90,1,buy,False,False,False,False,False,,,70,False,True,aaf6a5728028970e,proxy_quality_from_locked_manifest_no_transcript_text_exported,medium
1240,X2o6D0dnnx0,GOOGL,Alphabet,"Mark Roussin, CPA",2024-10-30,buy,3,60,60,90,1,buy,False,False,False,False,False,,,70,False,False,e2647375de453d63,proxy_quality_from_locked_manifest_no_transcript_text_exported,medium
1241,X2o6D0dnnx0,GOOGL,Alphabet,"Mark Roussin, CPA",2024-10-30,buy,3,60,60,90,1,buy,False,False,False,False,False,,,70,False,False,934645f8736d893a,proxy_quality_from_locked_manifest_no_transcript_text_exported,medium
1242,Zk0jV8RP_Ak,AMD,nan,Jose Najarro Stocks,2025-09-25,buy,3,75,75,90,1,buy,False,False,False,False,False,,,20,True,True,dc9b193a2eaa6119,proxy_quality_from_locked_manifest_no_transcript_text_exported,high
1243,aIEQTFt8NZM,SHOP,Shopify,Daniel Pronk,2024-05-13,buy,3,60,60,90,1,buy,False,False,False,False,False,,,70,False,False,0910fef532b5acb1,proxy_quality_from_locked_manifest_no_transcript_text_exported,medium
1244,aIEQTFt8NZM,SHOP,Shopify,Daniel Pronk,2024-05-13,buy,3,60,60,90,1,buy,False,False,False,False,False,,,70,False,False,f9b77e31138118e4,proxy_quality_from_locked_manifest_no_transcript_text_exported,medium
1245,aIEQTFt8NZM,SHOP,Shopify,Daniel Pronk,2024-05-13,buy,3,60,60,90,1,buy,False,False,False,False,False,,,70,False,False,2101bf73feb92ab6,proxy_quality_from_locked_manifest_no_transcript_text_exported,medium
1246,b2jd57munzA,NVDA,Nvidia,The Investor Channel,2024-03-09,buy,3,75,75,90,1,buy,False,False,False,False,False,,,20,True,True,b53df598cb94f7cd,proxy_quality_from_locked_manifest_no_transcript_text_exported,high
1247,b2jd57munzA,NVDA,Nvidia,The Investor Channel,2024-03-09,sell,3,75,75,90,1,sell,False,False,False,False,False,,,20,True,True,969cc9de43e309ea,proxy_quality_from_locked_manifest_no_transcript_text_exported,high
1248,b2jd57munzA,TSLA,Tesla,The Investor Channel,2024-03-09,buy,3,75,75,90,1,buy,False,False,False,False,False,,,20,True,True,3bc056a65bc24628,proxy_quality_from_locked_manifest_no_transcript_text_exported,high
1249,b2jd57munzA,GOOGL,Alphabet,The Investor Channel,2024-03-09,buy,3,70,70,90,1,buy,False,False,False,False,False,,,20,True,False,e750f0383640648b,proxy_quality_from_locked_manifest_no_transcript_text_exported,medium
1250,dAsglLC8um8,AMZN,Amazon,"Mark Roussin, CPA",2024-10-05,buy,4,95,95,90,1,buy,False,False,False,False,False,,,20,True,True,fb09cdb0382cd508,proxy_quality_from_locked_manifest_no_transcript_text_exported,high
1251,dAsglLC8um8,PYPL,PayPal,"Mark Roussin, CPA",2024-10-05,buy,4,90,90,90,1,buy,False,False,False,False,False,,,20,True,False,928deda6a9ed8526,proxy_quality_from_locked_manifest_no_transcript_text_exported,high
1252,dAsglLC8um8,PYPL,PayPal,"Mark Roussin, CPA",2024-10-05,buy,2,50,50,90,1,buy,True,True,False,False,False,,,20,True,False,db56a82645633fe7,proxy_quality_from_locked_manifest_no_transcript_text_exported,medium
1253,eAFVLpVL9gQ,NVDA,Nvidia,Couch Investor,2025-11-15,sell,3,75,75,90,1,sell,False,False,False,False,False,,,20,True,True,358e1bbfac5f4dc2,proxy_quality_from_locked_manifest_no_transcript_text_exported,high
1254,e_8sMMyMj_U,META,Meta,Couch Investor,2025-11-07,buy,3,60,60,90,1,buy,False,False,False,False,False,,,70,False,False,2db5d390615dd825,proxy_quality_from_locked_manifest_no_transcript_text_exported,medium
1255,e_8sMMyMj_U,SOFI,SoFi,Couch Investor,2025-11-07,buy,3,60,60,90,1,buy,False,False,False,False,False,,,70,False,False,e969090b54647ea5,proxy_quality_from_locked_manifest_no_transcript_text_exported,medium
1256,fBIC3Nf0hPU,META,Meta,"Value Investing with Sven Carlin, Ph.D.",2025-02-21,buy,5,100,100,90,1,buy,False,False,False,False,False,,,20,True,False,400e76e56336ab60,proxy_quality_from_locked_manifest_no_transcript_text_exported,high
1257,hyox8s4fJmo,GOOGL,Alphabet,Couch Investor,2025-11-14,buy,3,60,60,90,1,buy,False,False,False,False,False,,,70,False,False,8435ed26defe513f,proxy_quality_from_locked_manifest_no_transcript_text_exported,medium
1258,hyox8s4fJmo,GOOGL,Alphabet,Couch Investor,2025-11-14,buy,3,60,60,90,1,buy,False,False,False,False,False,,,70,False,False,15d1c10d79904c6b,proxy_quality_from_locked_manifest_no_transcript_text_exported,medium
1259,hyox8s4fJmo,AMD,nan,Couch Investor,2025-11-14,buy,3,65,65,90,1,buy,False,False,False,False,False,,,70,False,True,395059a97e3eaa2e,proxy_quality_from_locked_manifest_no_transcript_text_exported,medium
1260,jovyGTDTNfg,NVDA,Nvidia,The Investor Channel,2024-02-02,buy,3,65,65,90,1,buy,False,False,False,False,False,,,70,False,True,63163f4bc0998f0a,proxy_quality_from_locked_manifest_no_transcript_text_exported,medium
1261,jovyGTDTNfg,GOOGL,Alphabet,The Investor Channel,2024-02-02,buy,3,60,60,90,1,buy,False,False,False,False,False,,,70,False,False,7060a61d3706d758,proxy_quality_from_locked_manifest_no_transcript_text_exported,medium
1262,m3MQwaywF6w,NVDA,Nvidia,Jose Najarro Stocks,2025-10-03,buy,2,55,55,90,1,buy,True,True,False,False,False,,,20,True,True,a47a4122c4a2fd0e,proxy_quality_from_locked_manifest_no_transcript_text_exported,medium
1263,m3MQwaywF6w,NVDA,Nvidia,Jose Najarro Stocks,2025-10-03,buy,3,75,75,90,1,buy,False,False,False,False,False,,,20,True,True,4747de580429320f,proxy_quality_from_locked_manifest_no_transcript_text_exported,high
1264,msQ4vtXVREI,NVDA,Nvidia,"Mark Roussin, CPA",2024-09-04,buy,3,65,65,90,1,buy,False,False,False,False,False,,,70,False,True,9c4f57daaa97970a,proxy_quality_from_locked_manifest_no_transcript_text_exported,medium
1265,msQ4vtXVREI,NVDA,Nvidia,"Mark Roussin, CPA",2024-09-04,sell,3,65,65,90,1,sell,False,False,False,False,False,,,70,False,True,9c7b14b51dcbfc86,proxy_quality_from_locked_manifest_no_transcript_text_exported,medium
1266,msQ4vtXVREI,AAPL,Apple,"Mark Roussin, CPA",2024-09-04,sell,3,65,65,90,1,sell,False,False,False,False,False,,,70,False,True,058ebee612900ff3,proxy_quality_from_locked_manifest_no_transcript_text_exported,medium
1267,pj-Kxuu8n8Y,NVDA,Nvidia,The Investor Channel,2024-01-30,buy,3,65,65,90,1,buy,False,False,False,False,False,,,70,False,True,6d0a153487d51c6d,proxy_quality_from_locked_manifest_no_transcript_text_exported,medium
1268,qf-5Lg2fT5M,PYPL,PayPal,Jose Najarro Stocks,2025-09-13,buy,3,70,70,90,1,buy,False,False,False,False,False,,,20,True,False,9e0484fbb0446c72,proxy_quality_from_locked_manifest_no_transcript_text_exported,medium
1269,yslEPeWGu5I,PYPL,PayPal,Jose Najarro Stocks,2025-09-12,buy,3,60,60,90,1,buy,False,False,False,False,False,,,70,False,False,42e36d056acaf788,proxy_quality_from_locked_manifest_no_transcript_text_exported,medium
1270,-sI2lSNKp60,NVDA,Nvidia,Couch Investor,2025-11-19,buy,3,65,65,90,1,buy,False,False,False,False,False,,,70,False,True,f166b683455a2400,proxy_quality_from_locked_manifest_no_transcript_text_exported,medium
1271,-sI2lSNKp60,NVDA,Nvidia,Couch Investor,2025-11-19,buy,3,65,65,90,1,buy,False,False,False,False,False,,,70,False,True,f6d4877dae7de825,proxy_quality_from_locked_manifest_no_transcript_text_exported,medium
1272,106DBitSrOw,NVDA,Nvidia,Daniel Pronk,2024-08-09,buy,3,65,65,90,1,buy,False,False,False,False,False,,,70,False,True,5bf15eb68b47655f,proxy_quality_from_locked_manifest_no_transcript_text_exported,medium
1273,106DBitSrOw,AAPL,Apple,Daniel Pronk,2024-08-09,buy,3,65,65,90,1,buy,False,False,False,False,False,,,70,False,True,a70519820d45ae85,proxy_quality_from_locked_manifest_no_transcript_text_exported,medium
1274,3qXTO8cJEQ0,PYPL,PayPal,Couch Investor,2025-11-26,buy,3,60,60,90,1,buy,False,False,False,False,False,,,70,False,False,2b1fe5880587bd3c,proxy_quality_from_locked_manifest_no_transcript_text_exported,medium
1275,3qXTO8cJEQ0,TSLA,Tesla,Couch Investor,2025-11-26,buy,3,65,65,90,1,buy,False,False,False,False,False,,,70,False,True,66b5daa4fbc15ae3,proxy_quality_from_locked_manifest_no_transcript_text_exported,medium
1276,59HNpkTtKSk,GOOGL,Alphabet,Daniel Pronk,2024-07-23,buy,3,60,60,90,1,buy,False,False,False,False,False,,,70,False,False,ace5cd6f96412042,proxy_quality_from_locked_manifest_no_transcript_text_exported,medium
1277,59HNpkTtKSk,GOOGL,Alphabet,Daniel Pronk,2024-07-23,sell,2,40,40,90,1,sell,True,True,False,False,False,,,70,False,False,b6d0a5fd1fef210d,proxy_quality_from_locked_manifest_no_transcript_text_exported,low
1278,59HNpkTtKSk,GOOGL,Alphabet,Daniel Pronk,2024-07-23,buy,3,60,60,90,1,buy,False,False,False,False,False,,,70,False,False,099bfcb5e949e6ad,proxy_quality_from_locked_manifest_no_transcript_text_exported,medium
1279,59HNpkTtKSk,AMZN,Amazon,Daniel Pronk,2024-07-23,buy,3,65,65,90,1,buy,False,False,False,False,False,,,70,False,True,f05cd926ecce85d3,proxy_quality_from_locked_manifest_no_transcript_text_exported,medium
1280,5PLoEQ4HQ6k,GOOGL,Alphabet,The Investor Channel,2024-04-24,buy,3,60,60,90,1,buy,False,False,False,False,False,,,70,False,False,32dbbd9b6430b8c0,proxy_quality_from_locked_manifest_no_transcript_text_exported,medium
1281,5zWVlMFDctw,AMZN,Amazon,The Investor Channel,2024-04-30,sell,3,65,65,90,1,sell,False,False,False,False,False,,,70,False,True,eb8c6b9967d0bb22,proxy_quality_from_locked_manifest_no_transcript_text_exported,medium
1282,6YvweUV-ajQ,UBER,Uber,"Mark Roussin, CPA",2024-12-12,buy,3,60,60,90,1,buy,False,False,False,False,False,,,70,False,False,c50344db0fc66566,proxy_quality_from_locked_manifest_no_transcript_text_exported,medium
1283,AI6Eg40wiIA,GOOGL,Alphabet,Daniel Pronk,2024-07-18,sell,3,60,60,90,1,sell,False,False,False,False,False,,,70,False,False,187ae07a95a48c67,proxy_quality_from_locked_manifest_no_transcript_text_exported,medium
1284,AI6Eg40wiIA,GOOGL,Alphabet,Daniel Pronk,2024-07-18,sell,3,60,60,90,1,sell,False,False,False,False,False,,,70,False,False,ac843a4a491f9bce,proxy_quality_from_locked_manifest_no_transcript_text_exported,medium
1285,AI6Eg40wiIA,GOOGL,Alphabet,Daniel Pronk,2024-07-18,sell,3,60,60,90,1,sell,False,False,False,False,False,,,70,False,False,b3d57f4eee5370fd,proxy_quality_from_locked_manifest_no_transcript_text_exported,medium
1286,BWqKW5FhMPU,AMD,nan,The Investor Channel,2024-04-30,buy,3,65,65,90,1,buy,False,False,False,False,False,,,70,False,True,82793e91708023a4,proxy_quality_from_locked_manifest_no_transcript_text_exported,medium
1287,EBmGIYljxE8,CRM,nan,"Mark Roussin, CPA",2024-12-28,buy,3,70,70,90,1,buy,False,False,False,False,False,,,20,True,False,28de78ae3a11b3b8,proxy_quality_from_locked_manifest_no_transcript_text_exported,medium
1288,EBmGIYljxE8,AMD,nan,"Mark Roussin, CPA",2024-12-28,buy,2,55,55,90,1,buy,True,True,False,False,False,,,20,True,True,0d49903bc84a37bb,proxy_quality_from_locked_manifest_no_transcript_text_exported,medium
1289,EFs06gRjeng,AAPL,Apple,"Mark Roussin, CPA",2025-01-07,sell,3,65,65,90,1,sell,False,False,False,False,False,,,70,False,True,97cb8de1602c3623,proxy_quality_from_locked_manifest_no_transcript_text_exported,medium
1290,Ecya2aXzbIQ,NVDA,Nvidia,Couch Investor,2025-11-19,buy,3,65,65,90,1,buy,False,False,False,False,False,,,70,False,True,d7d8798a2380d55b,proxy_quality_from_locked_manifest_no_transcript_text_exported,medium
1291,IGq1dbxALWw,TSLA,Tesla,Daniel Pronk,2024-07-24,sell,3,65,65,90,1,sell,False,False,False,False,False,,,70,False,True,38f5090d2de59511,proxy_quality_from_locked_manifest_no_transcript_text_exported,medium
1292,JYfll2c5rwk,TSLA,Tesla,The Investor Channel,2024-04-24,buy,3,65,65,90,1,buy,False,False,False,False,False,,,70,False,True,e718431f3946314e,proxy_quality_from_locked_manifest_no_transcript_text_exported,medium
1293,Jk4AD9iZjPI,GOOGL,Alphabet,Couch Investor,2025-11-25,buy,3,60,60,90,1,buy,False,False,False,False,False,,,70,False,False,c3ea332a736a8eeb,proxy_quality_from_locked_manifest_no_transcript_text_exported,medium
1294,Jk4AD9iZjPI,GOOGL,Alphabet,Couch Investor,2025-11-25,buy,3,60,60,90,1,buy,False,False,False,False,False,,,70,False,False,247e11b3bbc4cb13,proxy_quality_from_locked_manifest_no_transcript_text_exported,medium
1295,Jk4AD9iZjPI,NVDA,Nvidia,Couch Investor,2025-11-25,sell,3,65,65,90,1,sell,False,False,False,False,False,,,70,False,True,7252fd03ee6a8b8e,proxy_quality_from_locked_manifest_no_transcript_text_exported,medium
1296,Jk4AD9iZjPI,AMD,nan,Couch Investor,2025-11-25,buy,3,65,65,90,1,buy,False,False,False,False,False,,,70,False,True,d279d89f980c8d19,proxy_quality_from_locked_manifest_no_transcript_text_exported,medium
1297,Jk4AD9iZjPI,AMD,nan,Couch Investor,2025-11-25,sell,3,65,65,90,1,sell,False,False,False,False,False,,,70,False,True,ceeb408d95141e00,proxy_quality_from_locked_manifest_no_transcript_text_exported,medium
1298,Jk4AD9iZjPI,PYPL,PayPal,Couch Investor,2025-11-25,buy,4,80,80,90,1,buy,False,False,False,False,False,,,70,False,False,d31049c7c8f8767d,proxy_quality_from_locked_manifest_no_transcript_text_exported,high
1299,Jk4AD9iZjPI,MSFT,Microsoft,Couch Investor,2025-11-25,buy,4,80,80,90,1,buy,False,False,False,False,False,,,70,False,False,45f991e7e03f9099,proxy_quality_from_locked_manifest_no_transcript_text_exported,high
1300,Jk4AD9iZjPI,META,Meta,Couch Investor,2025-11-25,sell,3,60,60,90,1,sell,False,False,False,False,False,,,70,False,False,b0295384afd823a2,proxy_quality_from_locked_manifest_no_transcript_text_exported,medium
1301,Jk4AD9iZjPI,META,Meta,Couch Investor,2025-11-25,buy,3,60,60,90,1,buy,False,False,False,False,False,,,70,False,False,76e33c1f37bcd28a,proxy_quality_from_locked_manifest_no_transcript_text_exported,medium
1302,KFZsdeOBIGo,MSFT,Microsoft,Dividendology,2025-06-18,buy,3,70,70,90,1,buy,False,False,False,False,False,,,20,True,False,82b16548310dc4e0,proxy_quality_from_locked_manifest_no_transcript_text_exported,medium
1303,KVZG8lFsusw,TSLA,Tesla,"Mark Roussin, CPA",2024-11-06,buy,3,65,65,90,1,buy,False,False,False,False,False,,,70,False,True,485392d65299790c,proxy_quality_from_locked_manifest_no_transcript_text_exported,medium
1304,M0LVn5AuRtE,GOOGL,Alphabet,Couch Investor,2025-11-18,buy,4,80,80,90,1,buy,False,False,False,False,False,,,70,False,False,6defaa8533a84d5d,proxy_quality_from_locked_manifest_no_transcript_text_exported,high
1305,M0LVn5AuRtE,PYPL,PayPal,Couch Investor,2025-11-18,buy,3,60,60,90,1,buy,False,False,False,False,False,,,70,False,False,62da8b8f7739d4b0,proxy_quality_from_locked_manifest_no_transcript_text_exported,medium
1306,M0LVn5AuRtE,PYPL,PayPal,Couch Investor,2025-11-18,sell,3,60,60,90,1,sell,False,False,False,False,False,,,70,False,False,7a35c16789d2416d,proxy_quality_from_locked_manifest_no_transcript_text_exported,medium
1307,M0LVn5AuRtE,PYPL,PayPal,Couch Investor,2025-11-18,buy,2,40,40,90,1,buy,True,True,False,False,False,,,70,False,False,07f94718e455a4fc,proxy_quality_from_locked_manifest_no_transcript_text_exported,low
1308,M0LVn5AuRtE,META,Meta,Couch Investor,2025-11-18,buy,3,60,60,90,1,buy,False,False,False,False,False,,,70,False,False,0a0e8c835c0f018c,proxy_quality_from_locked_manifest_no_transcript_text_exported,medium
1309,QWuUXX2SotE,PYPL,PayPal,The Investor Channel,2024-04-30,buy,3,60,60,90,1,buy,False,False,False,False,False,,,70,False,False,ed69b75533faa947,proxy_quality_from_locked_manifest_no_transcript_text_exported,medium
1310,WSsgV5bChu8,TSLA,Tesla,"Value Investing with Sven Carlin, Ph.D.",2025-04-25,sell,3,65,65,90,1,sell,False,False,False,False,False,,,70,False,True,0da2f09d990d4b03,proxy_quality_from_locked_manifest_no_transcript_text_exported,medium
1311,X9Uzxwt5qzo,TSLA,Tesla,Jose Najarro Stocks,2025-10-22,buy,4,85,85,90,1,buy,False,False,False,False,False,,,70,False,True,4bb0e8091cbfea2b,proxy_quality_from_locked_manifest_no_transcript_text_exported,high
1312,X9Uzxwt5qzo,TSLA,Tesla,Jose Najarro Stocks,2025-10-22,buy,3,65,65,90,1,buy,False,False,False,False,False,,,70,False,True,25e56af548419f9c,proxy_quality_from_locked_manifest_no_transcript_text_exported,medium
1313,X9Uzxwt5qzo,TSLA,Tesla,Jose Najarro Stocks,2025-10-22,buy,3,65,65,90,1,buy,False,False,False,False,False,,,70,False,True,0455e63a1c9c35dd,proxy_quality_from_locked_manifest_no_transcript_text_exported,medium
1314,X9Uzxwt5qzo,TSLA,Tesla,Jose Najarro Stocks,2025-10-22,buy,3,65,65,90,1,buy,False,False,False,False,False,,,70,False,True,1515a7ca1db64305,proxy_quality_from_locked_manifest_no_transcript_text_exported,medium
1315,X9Uzxwt5qzo,TSLA,Tesla,Jose Najarro Stocks,2025-10-22,buy,3,65,65,90,1,buy,False,False,False,False,False,,,70,False,True,eda865793efff566,proxy_quality_from_locked_manifest_no_transcript_text_exported,medium
1316,X9Uzxwt5qzo,TSLA,Tesla,Jose Najarro Stocks,2025-10-22,buy,3,65,65,90,1,buy,False,False,False,False,False,,,70,False,True,a0c49c8563bdb90f,proxy_quality_from_locked_manifest_no_transcript_text_exported,medium
1317,X9Uzxwt5qzo,TSLA,Tesla,Jose Najarro Stocks,2025-10-22,buy,3,65,65,90,1,buy,False,False,False,False,False,,,70,False,True,79a7edbfe55de5d7,proxy_quality_from_locked_manifest_no_transcript_text_exported,medium
1318,X9Uzxwt5qzo,TSLA,Tesla,Jose Najarro Stocks,2025-10-22,buy,3,65,65,90,1,buy,False,False,False,False,False,,,70,False,True,4ae1fe71d3806d21,proxy_quality_from_locked_manifest_no_transcript_text_exported,medium
1319,X9Uzxwt5qzo,NVDA,Nvidia,Jose Najarro Stocks,2025-10-22,buy,3,65,65,90,1,buy,False,False,False,False,False,,,70,False,True,9d9b4a026a9b3649,proxy_quality_from_locked_manifest_no_transcript_text_exported,medium
1320,X9Uzxwt5qzo,AMZN,Amazon,Jose Najarro Stocks,2025-10-22,buy,3,65,65,90,1,buy,False,False,False,False,False,,,70,False,True,e84ffa31772d1bed,proxy_quality_from_locked_manifest_no_transcript_text_exported,medium
1321,dGPgChUSbDY,NFLX,Netflix,"Parkev Tatevosian, CFA",2026-03-29,sell,3,70,70,90,1,sell,False,False,False,False,False,,,20,True,False,9e80a4df8353d535,proxy_quality_from_locked_manifest_no_transcript_text_exported,medium
1322,dGPgChUSbDY,NFLX,Netflix,"Parkev Tatevosian, CFA",2026-03-29,buy,2,50,50,90,1,buy,True,True,False,False,False,,,20,True,False,8777b630db5eaaf4,proxy_quality_from_locked_manifest_no_transcript_text_exported,medium
1323,eNw6yS2Y56s,NVDA,Nvidia,"Mark Roussin, CPA",2024-12-14,buy,3,75,75,90,1,buy,False,False,False,False,False,,,20,True,True,9dfde70f436ba075,proxy_quality_from_locked_manifest_no_transcript_text_exported,high
1324,eNw6yS2Y56s,AMD,nan,"Mark Roussin, CPA",2024-12-14,buy,4,95,95,90,1,buy,False,False,False,False,False,,,20,True,True,7b95898778b12e25,proxy_quality_from_locked_manifest_no_transcript_text_exported,high
1325,eNw6yS2Y56s,AMD,nan,"Mark Roussin, CPA",2024-12-14,buy,3,75,75,90,1,buy,False,False,False,False,False,,,20,True,True,2c5826e53c7d9f3b,proxy_quality_from_locked_manifest_no_transcript_text_exported,high
1326,eNw6yS2Y56s,AMZN,Amazon,"Mark Roussin, CPA",2024-12-14,buy,4,95,95,90,1,buy,False,False,False,False,False,,,20,True,True,3b2647cc3dadeebf,proxy_quality_from_locked_manifest_no_transcript_text_exported,high
1327,eNw6yS2Y56s,UBER,Uber,"Mark Roussin, CPA",2024-12-14,buy,4,90,90,90,1,buy,False,False,False,False,False,,,20,True,False,9c856f0a036d6605,proxy_quality_from_locked_manifest_no_transcript_text_exported,high
1328,eNw6yS2Y56s,GOOGL,Alphabet,"Mark Roussin, CPA",2024-12-14,buy,4,90,90,90,1,buy,False,False,False,False,False,,,20,True,False,ffa6c90735765ce4,proxy_quality_from_locked_manifest_no_transcript_text_exported,high
1329,eNw6yS2Y56s,GOOGL,Alphabet,"Mark Roussin, CPA",2024-12-14,buy,3,70,70,90,1,buy,False,False,False,False,False,,,20,True,False,724b3fe39ba5da6f,proxy_quality_from_locked_manifest_no_transcript_text_exported,medium
1330,eNw6yS2Y56s,SQ,nan,"Mark Roussin, CPA",2024-12-14,buy,4,90,90,60,1,buy,False,False,False,False,True,,,20,True,False,fe3fa94bc59b8b9a,proxy_quality_from_locked_manifest_no_transcript_text_exported,high
1331,eggEEC821zU,MSFT,Microsoft,The Investor Channel,2024-04-13,buy,3,70,70,90,1,buy,False,False,False,False,False,,,20,True,False,6478f44ab45ec41d,proxy_quality_from_locked_manifest_no_transcript_text_exported,medium
1332,eggEEC821zU,MSFT,Microsoft,The Investor Channel,2024-04-13,buy,3,70,70,90,1,buy,False,False,False,False,False,,,20,True,False,7379352aea85d31e,proxy_quality_from_locked_manifest_no_transcript_text_exported,medium
1333,eggEEC821zU,AMZN,Amazon,The Investor Channel,2024-04-13,buy,3,75,75,90,1,buy,False,False,False,False,False,,,20,True,True,bd255c865151c482,proxy_quality_from_locked_manifest_no_transcript_text_exported,high
1334,eggEEC821zU,TSLA,Tesla,The Investor Channel,2024-04-13,buy,3,75,75,90,1,buy,False,False,False,False,False,,,20,True,True,213b9de98b7efb3e,proxy_quality_from_locked_manifest_no_transcript_text_exported,high
1335,eggEEC821zU,NFLX,Netflix,The Investor Channel,2024-04-13,buy,3,70,70,90,1,buy,False,False,False,False,False,,,20,True,False,165b5542fa0607ac,proxy_quality_from_locked_manifest_no_transcript_text_exported,medium
1336,h-e9icfFDRg,NVDA,Nvidia,"Mark Roussin, CPA",2024-11-23,sell,3,75,75,90,1,sell,False,False,False,False,False,,,20,True,True,22345042b3902a8b,proxy_quality_from_locked_manifest_no_transcript_text_exported,high
1337,h-e9icfFDRg,MSFT,Microsoft,"Mark Roussin, CPA",2024-11-23,buy,3,70,70,90,1,buy,False,False,False,False,False,,,20,True,False,a17c96709d3c3d69,proxy_quality_from_locked_manifest_no_transcript_text_exported,medium
1338,h-e9icfFDRg,MSFT,Microsoft,"Mark Roussin, CPA",2024-11-23,buy,4,90,90,90,1,buy,False,False,False,False,False,,,20,True,False,f3d2196ebd3cdacb,proxy_quality_from_locked_manifest_no_transcript_text_exported,high
1339,h-e9icfFDRg,AAPL,Apple,"Mark Roussin, CPA",2024-11-23,buy,2,55,55,90,1,buy,True,True,False,False,False,,,20,True,True,620457cd29bc1769,proxy_quality_from_locked_manifest_no_transcript_text_exported,medium
1340,h-e9icfFDRg,AAPL,Apple,"Mark Roussin, CPA",2024-11-23,buy,4,95,95,90,1,buy,False,False,False,False,False,,,20,True,True,c9fbc1084b415cb1,proxy_quality_from_locked_manifest_no_transcript_text_exported,high
1341,mHYihT3g6wE,UBER,Uber,"Mark Roussin, CPA",2024-11-16,buy,3,70,70,90,1,buy,False,False,False,False,False,,,20,True,False,c34737c24356c925,proxy_quality_from_locked_manifest_no_transcript_text_exported,medium
1342,nGu7J4V2yGQ,AMD,nan,Jose Najarro Stocks,2025-11-04,sell,3,65,65,90,1,sell,False,False,False,False,False,,,70,False,True,56dcecb48126a9b5,proxy_quality_from_locked_manifest_no_transcript_text_exported,medium
1343,nGu7J4V2yGQ,AMD,nan,Jose Najarro Stocks,2025-11-04,buy,3,65,65,90,1,buy,False,False,False,False,False,,,70,False,True,ad7e58a7ac377fe6,proxy_quality_from_locked_manifest_no_transcript_text_exported,medium
1344,nGu7J4V2yGQ,AMD,nan,Jose Najarro Stocks,2025-11-04,buy,3,65,65,90,1,buy,False,False,False,False,False,,,70,False,True,7b9fe038886fc942,proxy_quality_from_locked_manifest_no_transcript_text_exported,medium
1345,nGu7J4V2yGQ,AMD,nan,Jose Najarro Stocks,2025-11-04,buy,3,65,65,90,1,buy,False,False,False,False,False,,,70,False,True,db5031d31c1936ca,proxy_quality_from_locked_manifest_no_transcript_text_exported,medium
1346,nGu7J4V2yGQ,PLTR,Palantir,Jose Najarro Stocks,2025-11-04,buy,3,60,60,90,1,buy,False,False,False,False,False,,,70,False,False,91d7cf703472ab81,proxy_quality_from_locked_manifest_no_transcript_text_exported,medium
1347,oixTTXv5JFo,NVDA,Nvidia,Jose Najarro Stocks,2025-11-04,sell,3,65,65,90,1,sell,False,False,False,False,False,,,70,False,True,fa4e8abfdca0d641,proxy_quality_from_locked_manifest_no_transcript_text_exported,medium
1348,oixTTXv5JFo,NVDA,Nvidia,Jose Najarro Stocks,2025-11-04,sell,2,45,45,90,1,sell,True,True,False,False,False,,,70,False,True,ff6ee73c4e903656,proxy_quality_from_locked_manifest_no_transcript_text_exported,low
1349,oixTTXv5JFo,PLTR,Palantir,Jose Najarro Stocks,2025-11-04,sell,3,60,60,90,1,sell,False,False,False,False,False,,,70,False,False,16068bad64526fdc,proxy_quality_from_locked_manifest_no_transcript_text_exported,medium
1350,oixTTXv5JFo,PLTR,Palantir,Jose Najarro Stocks,2025-11-04,buy,4,80,80,90,1,buy,False,False,False,False,False,,,70,False,False,fcb344649e8481e8,proxy_quality_from_locked_manifest_no_transcript_text_exported,high
1351,oixTTXv5JFo,PLTR,Palantir,Jose Najarro Stocks,2025-11-04,sell,3,60,60,90,1,sell,False,False,False,False,False,,,70,False,False,900bf412dbac0209,proxy_quality_from_locked_manifest_no_transcript_text_exported,medium
1352,oixTTXv5JFo,META,Meta,Jose Najarro Stocks,2025-11-04,sell,2,40,40,90,1,sell,True,True,False,False,False,,,70,False,False,a2f9b632ff1e2487,proxy_quality_from_locked_manifest_no_transcript_text_exported,low
1353,oixTTXv5JFo,GOOGL,Alphabet,Jose Najarro Stocks,2025-11-04,sell,2,40,40,90,1,sell,True,True,False,False,False,,,70,False,False,6fb106518fffdeef,proxy_quality_from_locked_manifest_no_transcript_text_exported,low
1354,qH6EtG6cMdg,NVDA,Nvidia,The Investor Channel,2024-04-19,buy,3,65,65,90,1,buy,False,False,False,False,False,,,70,False,True,6d6ce726a8542a4b,proxy_quality_from_locked_manifest_no_transcript_text_exported,medium
1355,rQOt1FluT8Q,AMZN,Amazon,Daniel Pronk,2024-07-11,buy,3,65,65,90,1,buy,False,False,False,False,False,,,70,False,True,9fe974cbbe525d0a,proxy_quality_from_locked_manifest_no_transcript_text_exported,medium
1356,-TOHi_Y2UpQ,SOFI,SoFi,Couch Investor,2025-12-16,sell,3,60,60,90,1,sell,False,False,False,False,False,,,70,False,False,386bdb845397c425,proxy_quality_from_locked_manifest_no_transcript_text_exported,medium
1357,0sKFt_JMcTY,NVDA,Nvidia,The Investor Channel,2024-06-12,sell,3,65,65,90,1,sell,False,False,False,False,False,,,70,False,True,c26fe3f2202c54f2,proxy_quality_from_locked_manifest_no_transcript_text_exported,medium
1358,0xLoc5ZFIMU,CRM,nan,"Mark Roussin, CPA",2025-03-01,buy,4,90,90,90,1,buy,False,False,False,False,False,,,20,True,False,9f0a9569cc1f203c,proxy_quality_from_locked_manifest_no_transcript_text_exported,high
1359,0xLoc5ZFIMU,AMZN,Amazon,"Mark Roussin, CPA",2025-03-01,buy,4,95,95,90,1,buy,False,False,False,False,False,,,20,True,True,f85f710e1c688545,proxy_quality_from_locked_manifest_no_transcript_text_exported,high
1360,0xLoc5ZFIMU,AMZN,Amazon,"Mark Roussin, CPA",2025-03-01,sell,3,75,75,90,1,sell,False,False,False,False,False,,,20,True,True,2adf8d571a4451ab,proxy_quality_from_locked_manifest_no_transcript_text_exported,high
1361,0xLoc5ZFIMU,AMZN,Amazon,"Mark Roussin, CPA",2025-03-01,buy,4,95,95,90,1,buy,False,False,False,False,False,,,20,True,True,7948ac8a07eedf9b,proxy_quality_from_locked_manifest_no_transcript_text_exported,high
1362,0xLoc5ZFIMU,NVDA,Nvidia,"Mark Roussin, CPA",2025-03-01,buy,4,95,95,90,1,buy,False,False,False,False,False,,,20,True,True,545cc3a14d1d4a03,proxy_quality_from_locked_manifest_no_transcript_text_exported,high
1363,0xLoc5ZFIMU,PYPL,PayPal,"Mark Roussin, CPA",2025-03-01,buy,4,90,90,90,1,buy,False,False,False,False,False,,,20,True,False,47342703a9957c48,proxy_quality_from_locked_manifest_no_transcript_text_exported,high
1364,1EawsAPK3Dc,NVDA,Nvidia,"Mark Roussin, CPA",2025-01-30,sell,3,65,65,90,1,sell,False,False,False,False,False,,,70,False,True,83b54730b61c1fc0,proxy_quality_from_locked_manifest_no_transcript_text_exported,medium
1365,5K5AbqFlvDo,AMZN,Amazon,"Mark Roussin, CPA",2025-02-04,buy,3,65,65,90,1,buy,False,False,False,False,False,,,70,False,True,7ab4ca5614107150,proxy_quality_from_locked_manifest_no_transcript_text_exported,medium
1366,5KczevwSTvA,NFLX,Netflix,Couch Investor,2025-12-15,buy,3,60,60,90,1,buy,False,False,False,False,False,,,70,False,False,2b52a685da873c1d,proxy_quality_from_locked_manifest_no_transcript_text_exported,medium
1367,5KczevwSTvA,TSLA,Tesla,Couch Investor,2025-12-15,buy,3,65,65,90,1,buy,False,False,False,False,False,,,70,False,True,a5afc55d0f3a4eb9,proxy_quality_from_locked_manifest_no_transcript_text_exported,medium
1368,5SwfsZKX0Wk,NVDA,Nvidia,Jose Najarro Stocks,2025-11-19,buy,3,65,65,90,1,buy,False,False,False,False,False,,,70,False,True,40a5e7d1472525f5,proxy_quality_from_locked_manifest_no_transcript_text_exported,medium
1369,5SwfsZKX0Wk,NVDA,Nvidia,Jose Najarro Stocks,2025-11-19,buy,3,65,65,90,1,buy,False,False,False,False,False,,,70,False,True,ea018df308815a10,proxy_quality_from_locked_manifest_no_transcript_text_exported,medium
1370,5SwfsZKX0Wk,NVDA,Nvidia,Jose Najarro Stocks,2025-11-19,buy,3,65,65,90,1,buy,False,False,False,False,False,,,70,False,True,4509eb038b537ebd,proxy_quality_from_locked_manifest_no_transcript_text_exported,medium
1371,5ZPmwYaROH4,AAPL,Apple,"Value Investing with Sven Carlin, Ph.D.",2025-09-08,sell,3,75,75,90,1,sell,False,False,False,False,False,,,20,True,True,2c7d19cad270fa41,proxy_quality_from_locked_manifest_no_transcript_text_exported,high
1372,B0768azDNlg,AMZN,Amazon,"Parkev Tatevosian, CFA",2026-04-03,buy,3,75,75,90,1,buy,False,False,False,False,False,,,20,True,True,87d1066e592b05f4,proxy_quality_from_locked_manifest_no_transcript_text_exported,high
1373,B0768azDNlg,UBER,Uber,"Parkev Tatevosian, CFA",2026-04-03,buy,3,70,70,90,1,buy,False,False,False,False,False,,,20,True,False,970c369090181f59,proxy_quality_from_locked_manifest_no_transcript_text_exported,medium
1374,BD1amYah6XY,PYPL,PayPal,Couch Investor,2025-12-11,buy,4,80,80,90,1,buy,False,False,False,False,False,,,70,False,False,bcb930691598c28e,proxy_quality_from_locked_manifest_no_transcript_text_exported,high
1375,BD1amYah6XY,PYPL,PayPal,Couch Investor,2025-12-11,buy,3,60,60,90,1,buy,False,False,False,False,False,,,70,False,False,43753d1b4ced8e95,proxy_quality_from_locked_manifest_no_transcript_text_exported,medium
1376,BD1amYah6XY,UBER,Uber,Couch Investor,2025-12-11,buy,4,80,80,90,1,buy,False,False,False,False,False,,,70,False,False,83c95e925bc8f89d,proxy_quality_from_locked_manifest_no_transcript_text_exported,high
1377,F-rlTnig8kM,AAPL,Apple,"Value Investing with Sven Carlin, Ph.D.",2025-06-19,sell,3,75,75,90,1,sell,False,False,False,False,False,,,20,True,True,4d2fba913fc50505,proxy_quality_from_locked_manifest_no_transcript_text_exported,high
1378,F0AbrBHeBaA,NVDA,Nvidia,The Investor Channel,2024-06-28,buy,3,65,65,90,1,buy,False,False,False,False,False,,,70,False,True,681f8414527fbc61,proxy_quality_from_locked_manifest_no_transcript_text_exported,medium
1379,F0AbrBHeBaA,NVDA,Nvidia,The Investor Channel,2024-06-28,buy,3,65,65,90,1,buy,False,False,False,False,False,,,70,False,True,eb64ffe7074b0cf6,proxy_quality_from_locked_manifest_no_transcript_text_exported,medium
1380,F0AbrBHeBaA,TSLA,Tesla,The Investor Channel,2024-06-28,sell,3,65,65,90,1,sell,False,False,False,False,False,,,70,False,True,85aaf68b8af42de3,proxy_quality_from_locked_manifest_no_transcript_text_exported,medium
1381,F0AbrBHeBaA,TSLA,Tesla,The Investor Channel,2024-06-28,buy,3,65,65,90,1,buy,False,False,False,False,False,,,70,False,True,bd902827e92dac7c,proxy_quality_from_locked_manifest_no_transcript_text_exported,medium
1382,GSMDAFFGQfY,NVDA,Nvidia,The Investor Channel,2024-05-22,buy,3,65,65,90,1,buy,False,False,False,False,False,,,70,False,True,b888aabc6ed3fb4d,proxy_quality_from_locked_manifest_no_transcript_text_exported,medium
1383,GSMDAFFGQfY,NVDA,Nvidia,The Investor Channel,2024-05-22,buy,3,65,65,90,1,buy,False,False,False,False,False,,,70,False,True,08741892cd74c302,proxy_quality_from_locked_manifest_no_transcript_text_exported,medium
1384,GSMDAFFGQfY,NVDA,Nvidia,The Investor Channel,2024-05-22,buy,3,65,65,90,1,buy,False,False,False,False,False,,,70,False,True,7eb49ff2bfe7a572,proxy_quality_from_locked_manifest_no_transcript_text_exported,medium
1385,GSMDAFFGQfY,NVDA,Nvidia,The Investor Channel,2024-05-22,buy,3,65,65,90,1,buy,False,False,False,False,False,,,70,False,True,9bf2d5417d24fa4f,proxy_quality_from_locked_manifest_no_transcript_text_exported,medium
1386,GSMDAFFGQfY,AAPL,Apple,The Investor Channel,2024-05-22,buy,3,65,65,90,1,buy,False,False,False,False,False,,,70,False,True,1d6efe1448cba52d,proxy_quality_from_locked_manifest_no_transcript_text_exported,medium
1387,GtCiy06cRBM,AMZN,Amazon,"Mark Roussin, CPA",2025-02-15,buy,3,75,75,90,1,buy,False,False,False,False,False,,,20,True,True,5d84b73cea7930ac,proxy_quality_from_locked_manifest_no_transcript_text_exported,high
1388,HxRtMnno26U,AMZN,Amazon,The Investor Channel,2024-05-31,buy,3,65,65,90,1,buy,False,False,False,False,False,,,70,False,True,98537043d6b975f5,proxy_quality_from_locked_manifest_no_transcript_text_exported,medium
1389,HxRtMnno26U,NVDA,Nvidia,The Investor Channel,2024-05-31,buy,3,65,65,90,1,buy,False,False,False,False,False,,,70,False,True,c99afb4dbd0f6d6c,proxy_quality_from_locked_manifest_no_transcript_text_exported,medium
1390,HxRtMnno26U,GOOGL,Alphabet,The Investor Channel,2024-05-31,buy,3,60,60,90,1,buy,False,False,False,False,False,,,70,False,False,349ff3d24f4481ac,proxy_quality_from_locked_manifest_no_transcript_text_exported,medium
1391,HxRtMnno26U,MSFT,Microsoft,The Investor Channel,2024-05-31,buy,3,60,60,90,1,buy,False,False,False,False,False,,,70,False,False,ee75141d26bb84d7,proxy_quality_from_locked_manifest_no_transcript_text_exported,medium
1392,HxRtMnno26U,TSLA,Tesla,The Investor Channel,2024-05-31,buy,3,65,65,90,1,buy,False,False,False,False,False,,,70,False,True,69bc975d144ce4e8,proxy_quality_from_locked_manifest_no_transcript_text_exported,medium
1393,KO0r8HCnpNA,NFLX,Netflix,The Investor Channel,2024-05-17,buy,3,60,60,90,1,buy,False,False,False,False,False,,,70,False,False,8c615636cb026a5a,proxy_quality_from_locked_manifest_no_transcript_text_exported,medium
1394,KO0r8HCnpNA,AAPL,Apple,The Investor Channel,2024-05-17,buy,3,65,65,90,1,buy,False,False,False,False,False,,,70,False,True,e53a80d42c7ffc2f,proxy_quality_from_locked_manifest_no_transcript_text_exported,medium
1395,KO0r8HCnpNA,GOOGL,Alphabet,The Investor Channel,2024-05-17,buy,3,60,60,90,1,buy,False,False,False,False,False,,,70,False,False,a511feb307371e73,proxy_quality_from_locked_manifest_no_transcript_text_exported,medium
1396,KO0r8HCnpNA,TSLA,Tesla,The Investor Channel,2024-05-17,buy,3,65,65,90,1,buy,False,False,False,False,False,,,70,False,True,e22f19fa80370d71,proxy_quality_from_locked_manifest_no_transcript_text_exported,medium
1397,KO0r8HCnpNA,TSLA,Tesla,The Investor Channel,2024-05-17,buy,3,65,65,90,1,buy,False,False,False,False,False,,,70,False,True,18ecfeb1eb7dbbb5,proxy_quality_from_locked_manifest_no_transcript_text_exported,medium
1398,LHgMtd6cQYc,NVDA,Nvidia,The Investor Channel,2024-06-27,buy,2,55,55,90,1,buy,True,True,False,False,False,,,20,True,True,111f386d65f612b7,proxy_quality_from_locked_manifest_no_transcript_text_exported,medium
1399,N4DW8bNH20Q,SOFI,SoFi,Couch Investor,2025-12-04,buy,4,80,80,90,1,buy,False,False,False,False,False,,,70,False,False,99aa48dcd0633b86,proxy_quality_from_locked_manifest_no_transcript_text_exported,high
1400,Phjel1okTXY,AMD,nan,"Mark Roussin, CPA",2025-02-01,buy,4,95,95,90,1,buy,False,False,False,False,False,,,20,True,True,0ec40f8d813b521a,proxy_quality_from_locked_manifest_no_transcript_text_exported,high
1401,QJhB7VKEn7Q,AAPL,Apple,Couch Investor,2025-12-10,buy,3,65,65,90,1,buy,False,False,False,False,False,,,70,False,True,03eee19ffd8a741e,proxy_quality_from_locked_manifest_no_transcript_text_exported,medium
1402,QJhB7VKEn7Q,NFLX,Netflix,Couch Investor,2025-12-10,buy,3,60,60,90,1,buy,False,False,False,False,False,,,70,False,False,c8a8ea832e12f8c6,proxy_quality_from_locked_manifest_no_transcript_text_exported,medium
1403,V0ywPcUZB9k,GOOGL,Alphabet,The Investor Channel,2024-07-05,buy,3,60,60,90,1,buy,False,False,False,False,False,,,70,False,False,0c09961fe6f7abc3,proxy_quality_from_locked_manifest_no_transcript_text_exported,medium
1404,V0ywPcUZB9k,MSFT,Microsoft,The Investor Channel,2024-07-05,buy,2,40,40,90,1,buy,True,True,False,False,False,,,70,False,False,c67032b76ead6805,proxy_quality_from_locked_manifest_no_transcript_text_exported,low
1405,ZAv7XTbqkGY,NFLX,Netflix,Couch Investor,2025-12-08,buy,3,60,60,90,1,buy,False,False,False,False,False,,,70,False,False,02a2d23c2dc18572,proxy_quality_from_locked_manifest_no_transcript_text_exported,medium
1406,aDAwhIDS6dM,NFLX,Netflix,Couch Investor,2025-12-05,buy,3,60,60,90,1,buy,False,False,False,False,False,,,70,False,False,ce66c2af79ae7c8c,proxy_quality_from_locked_manifest_no_transcript_text_exported,medium
1407,aDAwhIDS6dM,NFLX,Netflix,Couch Investor,2025-12-05,buy,3,60,60,90,1,buy,False,False,False,False,False,,,70,False,False,885c3bee25ef575f,proxy_quality_from_locked_manifest_no_transcript_text_exported,medium
1408,aDAwhIDS6dM,PYPL,PayPal,Couch Investor,2025-12-05,buy,2,40,40,90,1,buy,True,True,False,False,False,,,70,False,False,682b11b6bbbe92b7,proxy_quality_from_locked_manifest_no_transcript_text_exported,low
1409,aDAwhIDS6dM,SOFI,SoFi,Couch Investor,2025-12-05,buy,3,60,60,90,1,buy,False,False,False,False,False,,,70,False,False,8f20ae2fe4d0a7a3,proxy_quality_from_locked_manifest_no_transcript_text_exported,medium
1410,cYm6zLgYueU,AMD,nan,"Mark Roussin, CPA",2025-02-11,buy,3,65,65,90,1,buy,False,False,False,False,False,,,70,False,True,3b85cf06f2cc149d,proxy_quality_from_locked_manifest_no_transcript_text_exported,medium
1411,ch8lrl5bz5Q,NVDA,Nvidia,Couch Investor,2025-12-10,buy,3,65,65,90,1,buy,False,False,False,False,False,,,70,False,True,091b16c67f6b068b,proxy_quality_from_locked_manifest_no_transcript_text_exported,medium
1412,ch8lrl5bz5Q,NVDA,Nvidia,Couch Investor,2025-12-10,buy,3,65,65,90,1,buy,False,False,False,False,False,,,70,False,True,cd4261afed7d6627,proxy_quality_from_locked_manifest_no_transcript_text_exported,medium
1413,ch8lrl5bz5Q,AMD,nan,Couch Investor,2025-12-10,buy,3,65,65,90,1,buy,False,False,False,False,False,,,70,False,True,afbb92ccb8876433,proxy_quality_from_locked_manifest_no_transcript_text_exported,medium
1414,ch8lrl5bz5Q,AMD,nan,Couch Investor,2025-12-10,buy,2,45,45,90,1,buy,True,True,False,False,False,,,70,False,True,8815af9f3037dfdd,proxy_quality_from_locked_manifest_no_transcript_text_exported,low
1415,f-0l8JyYnRQ,UBER,Uber,Couch Investor,2025-12-12,buy,3,60,60,90,1,buy,False,False,False,False,False,,,70,False,False,4c88c228e7b297ac,proxy_quality_from_locked_manifest_no_transcript_text_exported,medium
1416,f-0l8JyYnRQ,PYPL,PayPal,Couch Investor,2025-12-12,buy,3,60,60,90,1,buy,False,False,False,False,False,,,70,False,False,9ec8ba9d4ded1153,proxy_quality_from_locked_manifest_no_transcript_text_exported,medium
1417,f-0l8JyYnRQ,AMZN,Amazon,Couch Investor,2025-12-12,buy,2,45,45,90,1,buy,True,True,False,False,False,,,70,False,True,de4cf9aa20691d35,proxy_quality_from_locked_manifest_no_transcript_text_exported,low
1418,h6HIi6lt54A,AAPL,Apple,The Investor Channel,2024-06-21,buy,3,65,65,90,1,buy,False,False,False,False,False,,,70,False,True,f9ed684f1071d256,proxy_quality_from_locked_manifest_no_transcript_text_exported,medium
1419,n8jYsbCxYl0,MSFT,Microsoft,Dividendology,2025-07-21,buy,3,60,60,90,1,buy,False,False,False,False,False,,,70,False,False,6b0d77ceb1acaef7,proxy_quality_from_locked_manifest_no_transcript_text_exported,medium
1420,oTEK1i5pHPk,GOOGL,Alphabet,Dividendology,2025-07-23,buy,3,60,60,90,1,buy,False,False,False,False,False,,,70,False,False,02751439355f5607,proxy_quality_from_locked_manifest_no_transcript_text_exported,medium
1421,w5XLVGMh-Vs,GOOGL,Alphabet,"Value Investing with Sven Carlin, Ph.D.",2025-06-15,buy,3,70,70,90,1,buy,False,False,False,False,False,,,20,True,False,0fe9d1a0232ccae3,proxy_quality_from_locked_manifest_no_transcript_text_exported,medium
1422,wNI0xbwJT4g,PYPL,PayPal,Daniel Pronk,2024-08-29,buy,2,40,40,90,1,buy,True,True,False,False,False,,,70,False,False,f2da45b03d0c4ed9,proxy_quality_from_locked_manifest_no_transcript_text_exported,low
1423,zcrNVzQTX5c,GOOGL,Alphabet,Daniel Pronk,2024-09-06,buy,3,60,60,90,1,buy,False,False,False,False,False,,,70,False,False,bf17870bc938db2e,proxy_quality_from_locked_manifest_no_transcript_text_exported,medium
1424,zcrNVzQTX5c,GOOGL,Alphabet,Daniel Pronk,2024-09-06,sell,3,60,60,90,1,sell,False,False,False,False,False,,,70,False,False,0d72119e33e18814,proxy_quality_from_locked_manifest_no_transcript_text_exported,medium
1425,-VwKgl9Gil0,PYPL,PayPal,Couch Investor,2025-12-18,buy,3,60,60,90,1,buy,False,False,False,False,False,,,70,False,False,2e896c1245ba4bf9,proxy_quality_from_locked_manifest_no_transcript_text_exported,medium
1426,-VwKgl9Gil0,NFLX,Netflix,Couch Investor,2025-12-18,buy,3,60,60,90,1,buy,False,False,False,False,False,,,70,False,False,0ec8fffed8c8b995,proxy_quality_from_locked_manifest_no_transcript_text_exported,medium
1427,061mMhIHwAo,NVDA,Nvidia,Jose Najarro Stocks,2026-01-27,buy,3,65,65,90,1,buy,False,False,False,False,False,,,70,False,True,d48cc889ae2b5211,proxy_quality_from_locked_manifest_no_transcript_text_exported,medium
1428,061mMhIHwAo,NVDA,Nvidia,Jose Najarro Stocks,2026-01-27,sell,3,65,65,90,1,sell,False,False,False,False,False,,,70,False,True,a3cbd72e294e2c09,proxy_quality_from_locked_manifest_no_transcript_text_exported,medium
1429,061mMhIHwAo,AMD,nan,Jose Najarro Stocks,2026-01-27,buy,3,65,65,90,1,buy,False,False,False,False,False,,,70,False,True,6cd02249b714b769,proxy_quality_from_locked_manifest_no_transcript_text_exported,medium
1430,061mMhIHwAo,GOOGL,Alphabet,Jose Najarro Stocks,2026-01-27,buy,3,60,60,90,1,buy,False,False,False,False,False,,,70,False,False,0c98122eb5953e54,proxy_quality_from_locked_manifest_no_transcript_text_exported,medium
1431,061mMhIHwAo,AMZN,Amazon,Jose Najarro Stocks,2026-01-27,buy,3,65,65,90,1,buy,False,False,False,False,False,,,70,False,True,f123eae23160e6e7,proxy_quality_from_locked_manifest_no_transcript_text_exported,medium
1432,3z4R3WdBgRs,MSFT,Microsoft,"Mark Roussin, CPA",2025-03-29,buy,4,90,90,90,1,buy,False,False,False,False,False,,,20,True,False,30635fcd3c49f2f7,proxy_quality_from_locked_manifest_no_transcript_text_exported,high
1433,6HzyLo0qD7E,GOOGL,Alphabet,"Mark Roussin, CPA",2025-05-17,buy,2,50,50,90,1,buy,True,True,False,False,False,,,20,True,False,c7a10b0c8ac4566b,proxy_quality_from_locked_manifest_no_transcript_text_exported,medium
1434,6HzyLo0qD7E,AMD,nan,"Mark Roussin, CPA",2025-05-17,buy,4,95,95,90,1,buy,False,False,False,False,False,,,20,True,True,4b0b3985375a8df7,proxy_quality_from_locked_manifest_no_transcript_text_exported,high
1435,9eKmFGuV38g,AMD,nan,The Investor Channel,2024-08-02,buy,3,65,65,90,1,buy,False,False,False,False,False,,,70,False,True,9a24bbb8134543e6,proxy_quality_from_locked_manifest_no_transcript_text_exported,medium
1436,9eKmFGuV38g,MSFT,Microsoft,The Investor Channel,2024-08-02,buy,3,60,60,90,1,buy,False,False,False,False,False,,,70,False,False,4db5edf2b63fc116,proxy_quality_from_locked_manifest_no_transcript_text_exported,medium
1437,9eKmFGuV38g,TSLA,Tesla,The Investor Channel,2024-08-02,buy,3,65,65,90,1,buy,False,False,False,False,False,,,70,False,True,ff62806d893654de,proxy_quality_from_locked_manifest_no_transcript_text_exported,medium
1438,F0jcfe1ChZI,SOFI,SoFi,"Mark Roussin, CPA",2025-04-29,buy,3,60,60,90,1,buy,False,False,False,False,False,,,70,False,False,f8011c9f02533d1e,proxy_quality_from_locked_manifest_no_transcript_text_exported,medium
1439,F50Y0D7RboA,NVDA,Nvidia,Jose Najarro Stocks,2026-01-26,buy,3,65,65,90,1,buy,False,False,False,False,False,,,70,False,True,f19883ad2f9f4119,proxy_quality_from_locked_manifest_no_transcript_text_exported,medium
1440,F50Y0D7RboA,AAPL,Apple,Jose Najarro Stocks,2026-01-26,buy,3,65,65,90,1,buy,False,False,False,False,False,,,70,False,True,17c0db4163f98f4c,proxy_quality_from_locked_manifest_no_transcript_text_exported,medium
1441,F50Y0D7RboA,META,Meta,Jose Najarro Stocks,2026-01-26,buy,2,40,40,90,1,buy,True,True,False,False,False,,,70,False,False,84ee7d2207ef7c5d,proxy_quality_from_locked_manifest_no_transcript_text_exported,low
1442,I9TbGxFlLn0,AMZN,Amazon,Daniel Pronk,2025-03-05,buy,3,65,65,90,1,buy,False,False,False,False,False,,,70,False,True,6ddd4f44cec04779,proxy_quality_from_locked_manifest_no_transcript_text_exported,medium
1443,KRTyI-VlrgU,AMD,nan,Jose Najarro Stocks,2026-01-20,buy,3,65,65,90,1,buy,False,False,False,False,False,,,70,False,True,9c825391f1cd748e,proxy_quality_from_locked_manifest_no_transcript_text_exported,medium
1444,MTf2pSEkct0,GOOGL,Alphabet,The Investor Channel,2024-07-23,buy,3,60,60,90,1,buy,False,False,False,False,False,,,70,False,False,fe4307818c32634e,proxy_quality_from_locked_manifest_no_transcript_text_exported,medium
1445,PLV20YplFpk,PYPL,PayPal,Couch Investor,2025-12-22,buy,3,60,60,90,1,buy,False,False,False,False,False,,,70,False,False,11dbcab00ff6def7,proxy_quality_from_locked_manifest_no_transcript_text_exported,medium
1446,PLV20YplFpk,TSLA,Tesla,Couch Investor,2025-12-22,buy,3,65,65,90,1,buy,False,False,False,False,False,,,70,False,True,87f025d31626a106,proxy_quality_from_locked_manifest_no_transcript_text_exported,medium
1447,QBZPFkWrjY4,AMD,nan,Jose Najarro Stocks,2026-01-23,buy,3,65,65,90,1,buy,False,False,False,False,False,,,70,False,True,914bb58fe77351e8,proxy_quality_from_locked_manifest_no_transcript_text_exported,medium
1448,QBZPFkWrjY4,MSFT,Microsoft,Jose Najarro Stocks,2026-01-23,buy,2,40,40,90,1,buy,True,True,False,False,False,,,70,False,False,78c05ae6e8e8b4ff,proxy_quality_from_locked_manifest_no_transcript_text_exported,low
1449,QBZPFkWrjY4,TSLA,Tesla,Jose Najarro Stocks,2026-01-23,buy,3,65,65,90,1,buy,False,False,False,False,False,,,70,False,True,58d0458e21f1c14c,proxy_quality_from_locked_manifest_no_transcript_text_exported,medium
1450,UTQ26wh6hgQ,AAPL,Apple,"Value Investing with Sven Carlin, Ph.D.",2025-09-10,sell,3,75,75,90,1,sell,False,False,False,False,False,,,20,True,True,8e82239c30628cf1,proxy_quality_from_locked_manifest_no_transcript_text_exported,high
1451,UTQ26wh6hgQ,AAPL,Apple,"Value Investing with Sven Carlin, Ph.D.",2025-09-10,sell,3,75,75,90,1,sell,False,False,False,False,False,,,20,True,True,a35d8c6477564c93,proxy_quality_from_locked_manifest_no_transcript_text_exported,high
1452,UTQ26wh6hgQ,AMZN,Amazon,"Value Investing with Sven Carlin, Ph.D.",2025-09-10,buy,3,75,75,90,1,buy,False,False,False,False,False,,,20,True,True,3b6faf94f5e4bff6,proxy_quality_from_locked_manifest_no_transcript_text_exported,high
1453,VPO0PCjRmRY,AMZN,Amazon,Daniel Pronk,2025-03-11,buy,3,65,65,90,1,buy,False,False,False,False,False,,,70,False,True,ce43613f9bca826b,proxy_quality_from_locked_manifest_no_transcript_text_exported,medium
1454,XTlUWtaAG3M,AMD,nan,The Investor Channel,2024-07-30,buy,3,65,65,90,1,buy,False,False,False,False,False,,,70,False,True,f9afd83458d1e124,proxy_quality_from_locked_manifest_no_transcript_text_exported,medium
1455,XTlUWtaAG3M,GOOGL,Alphabet,The Investor Channel,2024-07-30,buy,3,60,60,90,1,buy,False,False,False,False,False,,,70,False,False,300a0d1daedbdd56,proxy_quality_from_locked_manifest_no_transcript_text_exported,medium
1456,XrKLFEvv3ss,NFLX,Netflix,The Investor Channel,2024-07-12,buy,3,60,60,90,1,buy,False,False,False,False,False,,,70,False,False,0c4f9cea8a04e890,proxy_quality_from_locked_manifest_no_transcript_text_exported,medium
1457,XrKLFEvv3ss,MSFT,Microsoft,The Investor Channel,2024-07-12,buy,3,60,60,90,1,buy,False,False,False,False,False,,,70,False,False,29f25dc981c7249f,proxy_quality_from_locked_manifest_no_transcript_text_exported,medium
1458,XrKLFEvv3ss,TSLA,Tesla,The Investor Channel,2024-07-12,buy,3,65,65,90,1,buy,False,False,False,False,False,,,70,False,True,a2fd1b820b488a77,proxy_quality_from_locked_manifest_no_transcript_text_exported,medium
1459,XvyPcBUIg1o,AAPL,Apple,The Investor Channel,2024-08-01,buy,3,65,65,90,1,buy,False,False,False,False,False,,,70,False,True,b9832ba8dde8db35,proxy_quality_from_locked_manifest_no_transcript_text_exported,medium
1460,YtXLGN64_Ko,MSFT,Microsoft,The Investor Channel,2024-07-30,buy,3,60,60,90,1,buy,False,False,False,False,False,,,70,False,False,26ea798fa8b2f5b2,proxy_quality_from_locked_manifest_no_transcript_text_exported,medium
1461,YtXLGN64_Ko,MSFT,Microsoft,The Investor Channel,2024-07-30,buy,3,60,60,90,1,buy,False,False,False,False,False,,,70,False,False,8540de8bf3276f49,proxy_quality_from_locked_manifest_no_transcript_text_exported,medium
1462,YtXLGN64_Ko,MSFT,Microsoft,The Investor Channel,2024-07-30,sell,3,60,60,90,1,sell,False,False,False,False,False,,,70,False,False,6e0fb31ccb2c8ffd,proxy_quality_from_locked_manifest_no_transcript_text_exported,medium
1463,YtXLGN64_Ko,MSFT,Microsoft,The Investor Channel,2024-07-30,buy,3,60,60,90,1,buy,False,False,False,False,False,,,70,False,False,0a6fd9739ff8d71b,proxy_quality_from_locked_manifest_no_transcript_text_exported,medium
1464,YtXLGN64_Ko,MSFT,Microsoft,The Investor Channel,2024-07-30,buy,3,60,60,90,1,buy,False,False,False,False,False,,,70,False,False,610c5673a1e390ee,proxy_quality_from_locked_manifest_no_transcript_text_exported,medium
1465,b_hHuv_Phtg,AMZN,Amazon,"Mark Roussin, CPA",2025-03-11,sell,3,65,65,90,1,sell,False,False,False,False,False,,,70,False,True,4ed817a46482672f,proxy_quality_from_locked_manifest_no_transcript_text_exported,medium
1466,b_hHuv_Phtg,NVDA,Nvidia,"Mark Roussin, CPA",2025-03-11,sell,3,65,65,90,1,sell,False,False,False,False,False,,,70,False,True,28bd9005a96b8188,proxy_quality_from_locked_manifest_no_transcript_text_exported,medium
1467,cKjp0N59XwE,NFLX,Netflix,Couch Investor,2025-12-24,buy,3,60,60,90,1,buy,False,False,False,False,False,,,70,False,False,ba365dc3f062fed0,proxy_quality_from_locked_manifest_no_transcript_text_exported,medium
1468,fhilgLVRlis,TSLA,Tesla,The Investor Channel,2024-07-23,sell,3,65,65,90,1,sell,False,False,False,False,False,,,70,False,True,0f79d39d96ad8844,proxy_quality_from_locked_manifest_no_transcript_text_exported,medium
1469,fhilgLVRlis,TSLA,Tesla,The Investor Channel,2024-07-23,buy,3,65,65,90,1,buy,False,False,False,False,False,,,70,False,True,881c1590acc54886,proxy_quality_from_locked_manifest_no_transcript_text_exported,medium
1470,pTQXWJvkCoU,GOOGL,Alphabet,Jose Najarro Stocks,2026-01-28,sell,3,60,60,90,1,sell,False,False,False,False,False,,,70,False,False,b7da6def4b13c85b,proxy_quality_from_locked_manifest_no_transcript_text_exported,medium
1471,pTQXWJvkCoU,META,Meta,Jose Najarro Stocks,2026-01-28,sell,3,60,60,90,1,sell,False,False,False,False,False,,,70,False,False,717ffa7faad6f69e,proxy_quality_from_locked_manifest_no_transcript_text_exported,medium
1472,sVOEBCiQQkk,AMZN,Amazon,Daniel Pronk,2025-03-15,sell,3,75,75,90,1,sell,False,False,False,False,False,,,20,True,True,547fa52fc118df30,proxy_quality_from_locked_manifest_no_transcript_text_exported,high
1473,sVOEBCiQQkk,AMZN,Amazon,Daniel Pronk,2025-03-15,buy,3,75,75,90,1,buy,False,False,False,False,False,,,20,True,True,d01b07d429180e7c,proxy_quality_from_locked_manifest_no_transcript_text_exported,high
1474,sVOEBCiQQkk,AMZN,Amazon,Daniel Pronk,2025-03-15,buy,3,75,75,90,1,buy,False,False,False,False,False,,,20,True,True,ecaf29702295be93,proxy_quality_from_locked_manifest_no_transcript_text_exported,high
1475,sVOEBCiQQkk,GOOGL,Alphabet,Daniel Pronk,2025-03-15,sell,3,70,70,90,1,sell,False,False,False,False,False,,,20,True,False,e39fde6319218da9,proxy_quality_from_locked_manifest_no_transcript_text_exported,medium
1476,sVOEBCiQQkk,GOOGL,Alphabet,Daniel Pronk,2025-03-15,buy,3,70,70,90,1,buy,False,False,False,False,False,,,20,True,False,d7eb856b6dbc5f99,proxy_quality_from_locked_manifest_no_transcript_text_exported,medium
1477,sVOEBCiQQkk,MSFT,Microsoft,Daniel Pronk,2025-03-15,sell,3,70,70,90,1,sell,False,False,False,False,False,,,20,True,False,545e9e351740e539,proxy_quality_from_locked_manifest_no_transcript_text_exported,medium
1478,tna5Ua3foyI,SOFI,SoFi,Couch Investor,2026-01-02,buy,3,70,70,90,1,buy,False,False,False,False,False,,,20,True,False,87fe3d51d815c4f4,proxy_quality_from_locked_manifest_no_transcript_text_exported,medium
1479,uix1ZJiwrPs,AMD,nan,Jose Najarro Stocks,2026-01-22,buy,3,65,65,90,1,buy,False,False,False,False,False,,,70,False,True,0cddd68f82dc4ac0,proxy_quality_from_locked_manifest_no_transcript_text_exported,medium
1480,uix1ZJiwrPs,MSFT,Microsoft,Jose Najarro Stocks,2026-01-22,sell,3,60,60,90,1,sell,False,False,False,False,False,,,70,False,False,0493a0e8ab9b42c7,proxy_quality_from_locked_manifest_no_transcript_text_exported,medium
1481,va6CBbAJmgY,NVDA,Nvidia,The Investor Channel,2024-08-29,sell,3,65,65,90,1,sell,False,False,False,False,False,,,70,False,True,ea73c9e741e5d648,proxy_quality_from_locked_manifest_no_transcript_text_exported,medium
1482,xSI8A133f9Y,META,Meta,Jose Najarro Stocks,2026-01-28,buy,3,60,60,90,1,buy,False,False,False,False,False,,,70,False,False,f9312ee5fc635024,proxy_quality_from_locked_manifest_no_transcript_text_exported,medium
1483,xSI8A133f9Y,META,Meta,Jose Najarro Stocks,2026-01-28,buy,3,60,60,90,1,buy,False,False,False,False,False,,,70,False,False,bc166f9b8b85b25f,proxy_quality_from_locked_manifest_no_transcript_text_exported,medium
1484,xSI8A133f9Y,MSFT,Microsoft,Jose Najarro Stocks,2026-01-28,buy,3,60,60,90,1,buy,False,False,False,False,False,,,70,False,False,eeadcb9442291a13,proxy_quality_from_locked_manifest_no_transcript_text_exported,medium
1485,xSI8A133f9Y,MSFT,Microsoft,Jose Najarro Stocks,2026-01-28,sell,3,60,60,90,1,sell,False,False,False,False,False,,,70,False,False,5cd495b10a44301b,proxy_quality_from_locked_manifest_no_transcript_text_exported,medium
1486,xSI8A133f9Y,MSFT,Microsoft,Jose Najarro Stocks,2026-01-28,sell,3,60,60,90,1,sell,False,False,False,False,False,,,70,False,False,0a1776b52ed7df55,proxy_quality_from_locked_manifest_no_transcript_text_exported,medium
1487,xSI8A133f9Y,AMD,nan,Jose Najarro Stocks,2026-01-28,buy,3,65,65,90,1,buy,False,False,False,False,False,,,70,False,True,61732d7fb29112ab,proxy_quality_from_locked_manifest_no_transcript_text_exported,medium
1488,xSI8A133f9Y,AMD,nan,Jose Najarro Stocks,2026-01-28,buy,3,65,65,90,1,buy,False,False,False,False,False,,,70,False,True,a14c8549db9fd2db,proxy_quality_from_locked_manifest_no_transcript_text_exported,medium
1489,xSI8A133f9Y,TSLA,Tesla,Jose Najarro Stocks,2026-01-28,sell,3,65,65,90,1,sell,False,False,False,False,False,,,70,False,True,287b878bdd5b44ec,proxy_quality_from_locked_manifest_no_transcript_text_exported,medium
1490,xSI8A133f9Y,TSLA,Tesla,Jose Najarro Stocks,2026-01-28,sell,3,65,65,90,1,sell,False,False,False,False,False,,,70,False,True,8c56e6e3f1beda81,proxy_quality_from_locked_manifest_no_transcript_text_exported,medium
1491,zHfdl-0tI-4,AMD,nan,Jose Najarro Stocks,2026-01-21,buy,3,65,65,90,1,buy,False,False,False,False,False,,,70,False,True,780e2bd044689813,proxy_quality_from_locked_manifest_no_transcript_text_exported,medium
1492,zHfdl-0tI-4,META,Meta,Jose Najarro Stocks,2026-01-21,buy,3,60,60,90,1,buy,False,False,False,False,False,,,70,False,False,2c3b56cc31b2b4f2,proxy_quality_from_locked_manifest_no_transcript_text_exported,medium
1493,-bIZUuxNK8Y,NFLX,Netflix,"Parkev Tatevosian, CFA",2026-04-18,buy,3,70,70,90,1,buy,False,False,False,False,False,,,20,True,False,69c3fc006d74a577,proxy_quality_from_locked_manifest_no_transcript_text_exported,medium
1494,0547qV7-oBY,GOOGL,Alphabet,Couch Investor,2026-01-31,sell,3,70,70,90,1,sell,False,False,False,False,False,,,20,True,False,8aef311054b2cc3a,proxy_quality_from_locked_manifest_no_transcript_text_exported,medium
1495,3HVmj0ekB3o,NVDA,Nvidia,"Mark Roussin, CPA",2025-05-28,sell,2,45,45,90,1,sell,True,True,False,False,False,,,70,False,True,367d316aab511b42,proxy_quality_from_locked_manifest_no_transcript_text_exported,low
1496,4jAHbwDbZTU,PYPL,PayPal,Couch Investor,2026-02-03,buy,3,70,70,90,1,buy,False,False,False,False,False,,,20,True,False,df636325e585ed0c,proxy_quality_from_locked_manifest_no_transcript_text_exported,medium
1497,6nGar-4acY4,NFLX,Netflix,Couch Investor,2026-01-11,buy,3,70,70,90,1,buy,False,False,False,False,False,,,20,True,False,5ed48e0e07e35b42,proxy_quality_from_locked_manifest_no_transcript_text_exported,medium
1498,BtM-Yexjpt0,TSLA,Tesla,The Investor Channel,2024-09-20,buy,3,65,65,90,1,buy,False,False,False,False,False,,,70,False,True,d31c86d380ccd495,proxy_quality_from_locked_manifest_no_transcript_text_exported,medium
1499,DRbD9NQo9lA,AMZN,Amazon,Daniel Pronk,2025-05-02,buy,3,65,65,90,1,buy,False,False,False,False,False,,,70,False,True,285676d42d47985d,proxy_quality_from_locked_manifest_no_transcript_text_exported,medium
1500,DRbD9NQo9lA,GOOGL,Alphabet,Daniel Pronk,2025-05-02,buy,3,60,60,90,1,buy,False,False,False,False,False,,,70,False,False,be1c5d35d62fa114,proxy_quality_from_locked_manifest_no_transcript_text_exported,medium
1501,HdjAR956Q1s,GOOGL,Alphabet,Daniel Pronk,2025-03-18,buy,3,60,60,90,1,buy,False,False,False,False,False,,,70,False,False,bd0b55b53ce7a180,proxy_quality_from_locked_manifest_no_transcript_text_exported,medium
1502,HdjAR956Q1s,GOOGL,Alphabet,Daniel Pronk,2025-03-18,sell,3,60,60,90,1,sell,False,False,False,False,False,,,70,False,False,49a3d6b548e26edf,proxy_quality_from_locked_manifest_no_transcript_text_exported,medium
1503,HdjAR956Q1s,AMZN,Amazon,Daniel Pronk,2025-03-18,buy,3,65,65,90,1,buy,False,False,False,False,False,,,70,False,True,5b07934717059838,proxy_quality_from_locked_manifest_no_transcript_text_exported,medium
1504,J9hz_gf9zkU,MSFT,Microsoft,Jose Najarro Stocks,2026-01-29,buy,3,60,60,90,1,buy,False,False,False,False,False,,,70,False,False,6e7452e76dea676e,proxy_quality_from_locked_manifest_no_transcript_text_exported,medium
1505,JM26ElOnrOA,AMD,nan,Jose Najarro Stocks,2026-02-04,sell,3,65,65,90,1,sell,False,False,False,False,False,,,70,False,True,58e763a33aa85998,proxy_quality_from_locked_manifest_no_transcript_text_exported,medium
1506,Ks5EmUsapoc,NVDA,Nvidia,Jose Najarro Stocks,2026-02-04,sell,3,65,65,90,1,sell,False,False,False,False,False,,,70,False,True,151cf8a14501d0dd,proxy_quality_from_locked_manifest_no_transcript_text_exported,medium
1507,Ks5EmUsapoc,NVDA,Nvidia,Jose Najarro Stocks,2026-02-04,sell,3,65,65,90,1,sell,False,False,False,False,False,,,70,False,True,0c02d4e63f6cf299,proxy_quality_from_locked_manifest_no_transcript_text_exported,medium
1508,Ks5EmUsapoc,AMD,nan,Jose Najarro Stocks,2026-02-04,buy,3,65,65,90,1,buy,False,False,False,False,False,,,70,False,True,88fc4418fe6f675e,proxy_quality_from_locked_manifest_no_transcript_text_exported,medium
1509,Ks5EmUsapoc,AMD,nan,Jose Najarro Stocks,2026-02-04,sell,3,65,65,90,1,sell,False,False,False,False,False,,,70,False,True,296ac82e0274a50b,proxy_quality_from_locked_manifest_no_transcript_text_exported,medium
1510,Ks5EmUsapoc,AMD,nan,Jose Najarro Stocks,2026-02-04,buy,3,65,65,90,1,buy,False,False,False,False,False,,,70,False,True,8bbe058195467fec,proxy_quality_from_locked_manifest_no_transcript_text_exported,medium
1511,Ks5EmUsapoc,AMD,nan,Jose Najarro Stocks,2026-02-04,sell,3,65,65,90,1,sell,False,False,False,False,False,,,70,False,True,f1da67a2b14508cd,proxy_quality_from_locked_manifest_no_transcript_text_exported,medium
1512,Ks5EmUsapoc,AMD,nan,Jose Najarro Stocks,2026-02-04,buy,3,65,65,90,1,buy,False,False,False,False,False,,,70,False,True,b5614b2af3714639,proxy_quality_from_locked_manifest_no_transcript_text_exported,medium
1513,Ks5EmUsapoc,AMD,nan,Jose Najarro Stocks,2026-02-04,buy,3,65,65,90,1,buy,False,False,False,False,False,,,70,False,True,346df9fcb2a0a555,proxy_quality_from_locked_manifest_no_transcript_text_exported,medium
1514,Ks5EmUsapoc,AMD,nan,Jose Najarro Stocks,2026-02-04,buy,3,65,65,90,1,buy,False,False,False,False,False,,,70,False,True,a67c7d5e1b3822f6,proxy_quality_from_locked_manifest_no_transcript_text_exported,medium
1515,Ks5EmUsapoc,AMD,nan,Jose Najarro Stocks,2026-02-04,buy,3,65,65,90,1,buy,False,False,False,False,False,,,70,False,True,34f9f5da3452b57d,proxy_quality_from_locked_manifest_no_transcript_text_exported,medium
1516,Ks5EmUsapoc,PYPL,PayPal,Jose Najarro Stocks,2026-02-04,buy,3,60,60,90,1,buy,False,False,False,False,False,,,70,False,False,34f3379da4e069b8,proxy_quality_from_locked_manifest_no_transcript_text_exported,medium
1517,Ks5EmUsapoc,META,Meta,Jose Najarro Stocks,2026-02-04,buy,3,60,60,90,1,buy,False,False,False,False,False,,,70,False,False,3479a389f59306a7,proxy_quality_from_locked_manifest_no_transcript_text_exported,medium
1518,Ks5EmUsapoc,META,Meta,Jose Najarro Stocks,2026-02-04,buy,3,60,60,90,1,buy,False,False,False,False,False,,,70,False,False,420a29ac87c00d5b,proxy_quality_from_locked_manifest_no_transcript_text_exported,medium
1519,QPYF3JyP9gc,NVDA,Nvidia,Daniel Pronk,2025-04-09,buy,3,65,65,90,1,buy,False,False,False,False,False,,,70,False,True,1f6396033c095bef,proxy_quality_from_locked_manifest_no_transcript_text_exported,medium
1520,R9dud3MgJZ8,PYPL,PayPal,Couch Investor,2026-01-15,buy,3,60,60,90,1,buy,False,False,False,False,False,,,70,False,False,c2eecaf441c4b947,proxy_quality_from_locked_manifest_no_transcript_text_exported,medium
1521,ROFEegbRrxY,MSFT,Microsoft,Jose Najarro Stocks,2026-01-30,buy,3,60,60,90,1,buy,False,False,False,False,False,,,70,False,False,fe86e240114cdca2,proxy_quality_from_locked_manifest_no_transcript_text_exported,medium
1522,ROFEegbRrxY,MSFT,Microsoft,Jose Najarro Stocks,2026-01-30,buy,3,60,60,90,1,buy,False,False,False,False,False,,,70,False,False,84dd02a84659a35e,proxy_quality_from_locked_manifest_no_transcript_text_exported,medium
1523,ROFEegbRrxY,MSFT,Microsoft,Jose Najarro Stocks,2026-01-30,buy,3,60,60,90,1,buy,False,False,False,False,False,,,70,False,False,0441c7a9ab2f4414,proxy_quality_from_locked_manifest_no_transcript_text_exported,medium
1524,ROFEegbRrxY,NVDA,Nvidia,Jose Najarro Stocks,2026-01-30,buy,3,65,65,90,1,buy,False,False,False,False,False,,,70,False,True,136f40b60ade826c,proxy_quality_from_locked_manifest_no_transcript_text_exported,medium
1525,RVeTgcO9X3w,MSFT,Microsoft,The Investor Channel,2024-11-01,buy,3,60,60,90,1,buy,False,False,False,False,False,,,70,False,False,aa4d23e6d32f6cea,proxy_quality_from_locked_manifest_no_transcript_text_exported,medium
1526,RwQsEcYrDTo,NFLX,Netflix,Daniel Pronk,2025-10-22,buy,3,60,60,90,1,buy,False,False,False,False,False,,,70,False,False,ea6575cfe0f9ed6f,proxy_quality_from_locked_manifest_no_transcript_text_exported,medium
1527,UCgPCZTm3CM,MSFT,Microsoft,Jose Najarro Stocks,2026-02-02,buy,3,60,60,90,1,buy,False,False,False,False,False,,,70,False,False,8622a895fda426a6,proxy_quality_from_locked_manifest_no_transcript_text_exported,medium
1528,UCgPCZTm3CM,NVDA,Nvidia,Jose Najarro Stocks,2026-02-02,buy,3,65,65,90,1,buy,False,False,False,False,False,,,70,False,True,87ed1c195a485ad5,proxy_quality_from_locked_manifest_no_transcript_text_exported,medium
1529,UCgPCZTm3CM,META,Meta,Jose Najarro Stocks,2026-02-02,buy,3,60,60,90,1,buy,False,False,False,False,False,,,70,False,False,f4b34f1eff4ecd11,proxy_quality_from_locked_manifest_no_transcript_text_exported,medium
1530,UCgPCZTm3CM,NFLX,Netflix,Jose Najarro Stocks,2026-02-02,buy,3,60,60,90,1,buy,False,False,False,False,False,,,70,False,False,48979c79e9f7834a,proxy_quality_from_locked_manifest_no_transcript_text_exported,medium
1531,UCgPCZTm3CM,NFLX,Netflix,Jose Najarro Stocks,2026-02-02,buy,3,60,60,90,1,buy,False,False,False,False,False,,,70,False,False,78eea8736b1d21cf,proxy_quality_from_locked_manifest_no_transcript_text_exported,medium
1532,UECqui19X24,TSLA,Tesla,Daniel Pronk,2025-04-22,buy,3,65,65,90,1,buy,False,False,False,False,False,,,70,False,True,0ee4a4ce8f234e5a,proxy_quality_from_locked_manifest_no_transcript_text_exported,medium
1533,UECqui19X24,TSLA,Tesla,Daniel Pronk,2025-04-22,sell,2,45,45,90,1,sell,True,True,False,False,False,,,70,False,True,ddc2b25766c2c916,proxy_quality_from_locked_manifest_no_transcript_text_exported,low
1534,UWMfqa2i1Jc,META,Meta,Jose Najarro Stocks,2026-01-29,buy,3,60,60,90,1,buy,False,False,False,False,False,,,70,False,False,76ab7c4f90106ade,proxy_quality_from_locked_manifest_no_transcript_text_exported,medium
1535,Xn1iyswilSQ,MSFT,Microsoft,Jose Najarro Stocks,2026-02-05,buy,3,60,60,90,1,buy,False,False,False,False,False,,,70,False,False,e907932586b94827,proxy_quality_from_locked_manifest_no_transcript_text_exported,medium
1536,Xn1iyswilSQ,MSFT,Microsoft,Jose Najarro Stocks,2026-02-05,buy,3,60,60,90,1,buy,False,False,False,False,False,,,70,False,False,a18b39274527ed0c,proxy_quality_from_locked_manifest_no_transcript_text_exported,medium
1537,Xn1iyswilSQ,MSFT,Microsoft,Jose Najarro Stocks,2026-02-05,buy,3,60,60,90,1,buy,False,False,False,False,False,,,70,False,False,fc0e98654387978c,proxy_quality_from_locked_manifest_no_transcript_text_exported,medium
1538,Xn1iyswilSQ,MSFT,Microsoft,Jose Najarro Stocks,2026-02-05,buy,3,60,60,90,1,buy,False,False,False,False,False,,,70,False,False,3e77bd41cde397fd,proxy_quality_from_locked_manifest_no_transcript_text_exported,medium
1539,Xn1iyswilSQ,TSLA,Tesla,Jose Najarro Stocks,2026-02-05,sell,3,65,65,90,1,sell,False,False,False,False,False,,,70,False,True,9a1f3dc0ad68dee8,proxy_quality_from_locked_manifest_no_transcript_text_exported,medium
1540,Xn1iyswilSQ,AMD,nan,Jose Najarro Stocks,2026-02-05,buy,3,65,65,90,1,buy,False,False,False,False,False,,,70,False,True,86268d91d413ef7e,proxy_quality_from_locked_manifest_no_transcript_text_exported,medium
1541,Xn1iyswilSQ,AMD,nan,Jose Najarro Stocks,2026-02-05,buy,3,65,65,90,1,buy,False,False,False,False,False,,,70,False,True,b2500db8505be0c7,proxy_quality_from_locked_manifest_no_transcript_text_exported,medium
1542,Xn1iyswilSQ,NVDA,Nvidia,Jose Najarro Stocks,2026-02-05,buy,3,65,65,90,1,buy,False,False,False,False,False,,,70,False,True,40dd1a4f8acd6b24,proxy_quality_from_locked_manifest_no_transcript_text_exported,medium
1543,Xn1iyswilSQ,NFLX,Netflix,Jose Najarro Stocks,2026-02-05,sell,3,60,60,90,1,sell,False,False,False,False,False,,,70,False,False,8b58d24d3ad088e6,proxy_quality_from_locked_manifest_no_transcript_text_exported,medium
1544,YImsDJ8hR2A,GOOGL,Alphabet,"Mark Roussin, CPA",2025-06-28,buy,4,90,90,90,1,buy,False,False,False,False,False,,,20,True,False,308d9f20fe4762ba,proxy_quality_from_locked_manifest_no_transcript_text_exported,high
1545,_QxILIyoTpY,MSFT,Microsoft,Daniel Pronk,2025-04-04,buy,3,60,60,90,1,buy,False,False,False,False,False,,,70,False,False,17a275bd26ae224d,proxy_quality_from_locked_manifest_no_transcript_text_exported,medium
1546,_QxILIyoTpY,AMZN,Amazon,Daniel Pronk,2025-04-04,buy,3,65,65,90,1,buy,False,False,False,False,False,,,70,False,True,eb5668790d38b691,proxy_quality_from_locked_manifest_no_transcript_text_exported,medium
1547,_WK_pxhuz0I,MSFT,Microsoft,Dividendology,2025-10-13,buy,3,60,60,90,1,buy,False,False,False,False,False,,,70,False,False,e0d6fdc3c888c88c,proxy_quality_from_locked_manifest_no_transcript_text_exported,medium
1548,aB-vNHVnZj8,NFLX,Netflix,The Investor Channel,2024-10-17,buy,2,40,40,90,1,buy,True,True,False,False,False,,,70,False,False,c00aa86113de796f,proxy_quality_from_locked_manifest_no_transcript_text_exported,low
1549,aB-vNHVnZj8,NFLX,Netflix,The Investor Channel,2024-10-17,buy,3,60,60,90,1,buy,False,False,False,False,False,,,70,False,False,b5031d751466d1a6,proxy_quality_from_locked_manifest_no_transcript_text_exported,medium
1550,m3XqgJCqVIw,MSFT,Microsoft,The Investor Channel,2024-10-30,buy,3,60,60,90,1,buy,False,False,False,False,False,,,70,False,False,fdfd27014a55a9fb,proxy_quality_from_locked_manifest_no_transcript_text_exported,medium
1551,m3XqgJCqVIw,GOOGL,Alphabet,The Investor Channel,2024-10-30,buy,2,40,40,90,1,buy,True,True,False,False,False,,,70,False,False,c47586a46d6e827a,proxy_quality_from_locked_manifest_no_transcript_text_exported,low
1552,o72YzcjiICw,AMD,nan,"Mark Roussin, CPA",2025-07-08,buy,3,75,75,90,1,buy,False,False,False,False,False,,,20,True,True,34fa2d1700ca60b3,proxy_quality_from_locked_manifest_no_transcript_text_exported,high
1553,o72YzcjiICw,PYPL,PayPal,"Mark Roussin, CPA",2025-07-08,buy,3,70,70,90,1,buy,False,False,False,False,False,,,20,True,False,530d47ea6cd09244,proxy_quality_from_locked_manifest_no_transcript_text_exported,medium
1554,oqzd0wkImYc,GOOGL,Alphabet,Daniel Pronk,2025-04-27,buy,3,70,70,90,1,buy,False,False,False,False,False,,,20,True,False,f3f7d8e4922ebc38,proxy_quality_from_locked_manifest_no_transcript_text_exported,medium
1555,pRVAAb8Pdrg,AMZN,Amazon,Daniel Pronk,2025-03-28,sell,3,65,65,90,1,sell,False,False,False,False,False,,,70,False,True,2cc707a46e6bc23d,proxy_quality_from_locked_manifest_no_transcript_text_exported,medium
1556,pRVAAb8Pdrg,AMZN,Amazon,Daniel Pronk,2025-03-28,buy,3,65,65,90,1,buy,False,False,False,False,False,,,70,False,True,88b5907ecee2cc0f,proxy_quality_from_locked_manifest_no_transcript_text_exported,medium
1557,pTzz8J-XlYQ,NVDA,Nvidia,Jose Najarro Stocks,2026-02-03,buy,3,65,65,90,1,buy,False,False,False,False,False,,,70,False,True,f1309426bc0706c0,proxy_quality_from_locked_manifest_no_transcript_text_exported,medium
1558,rCyVqHoh0Uw,AMZN,Amazon,Daniel Pronk,2025-04-03,sell,3,65,65,90,1,sell,False,False,False,False,False,,,70,False,True,eb9742fec6cdb88e,proxy_quality_from_locked_manifest_no_transcript_text_exported,medium
1559,syC5FsFwz_I,AAPL,Apple,The Investor Channel,2024-11-01,buy,3,65,65,90,1,buy,False,False,False,False,False,,,70,False,True,b5879468fea96706,proxy_quality_from_locked_manifest_no_transcript_text_exported,medium
1560,syC5FsFwz_I,AAPL,Apple,The Investor Channel,2024-11-01,buy,3,65,65,90,1,buy,False,False,False,False,False,,,70,False,True,3d495d6e86f17306,proxy_quality_from_locked_manifest_no_transcript_text_exported,medium
1561,tay_WWcsWiE,AMD,nan,Jose Najarro Stocks,2026-02-03,buy,3,65,65,90,1,buy,False,False,False,False,False,,,70,False,True,452b82b6820a4049,proxy_quality_from_locked_manifest_no_transcript_text_exported,medium
1562,tay_WWcsWiE,AMD,nan,Jose Najarro Stocks,2026-02-03,buy,3,65,65,90,1,buy,False,False,False,False,False,,,70,False,True,5328c20de919bcea,proxy_quality_from_locked_manifest_no_transcript_text_exported,medium
1563,tay_WWcsWiE,AMD,nan,Jose Najarro Stocks,2026-02-03,sell,3,65,65,90,1,sell,False,False,False,False,False,,,70,False,True,dd436847cf39c9d0,proxy_quality_from_locked_manifest_no_transcript_text_exported,medium
1564,tay_WWcsWiE,NVDA,Nvidia,Jose Najarro Stocks,2026-02-03,sell,3,65,65,90,1,sell,False,False,False,False,False,,,70,False,True,533b012a5d0ca053,proxy_quality_from_locked_manifest_no_transcript_text_exported,medium
1565,tay_WWcsWiE,NVDA,Nvidia,Jose Najarro Stocks,2026-02-03,sell,3,65,65,90,1,sell,False,False,False,False,False,,,70,False,True,c2d9981b12c01c90,proxy_quality_from_locked_manifest_no_transcript_text_exported,medium
1566,tay_WWcsWiE,GOOGL,Alphabet,Jose Najarro Stocks,2026-02-03,buy,3,60,60,90,1,buy,False,False,False,False,False,,,70,False,False,5385f2fed6a5c31a,proxy_quality_from_locked_manifest_no_transcript_text_exported,medium
1567,ue7nbewrXzM,AAPL,Apple,The Investor Channel,2024-09-27,buy,3,65,65,90,1,buy,False,False,False,False,False,,,70,False,True,075d02e406391f7f,proxy_quality_from_locked_manifest_no_transcript_text_exported,medium
1568,wmxIGGwf9KY,META,Meta,Couch Investor,2026-01-28,buy,3,60,60,90,1,buy,False,False,False,False,False,,,70,False,False,c3f3f068ca42f9c5,proxy_quality_from_locked_manifest_no_transcript_text_exported,medium
1569,wmxIGGwf9KY,MSFT,Microsoft,Couch Investor,2026-01-28,buy,3,60,60,90,1,buy,False,False,False,False,False,,,70,False,False,e486e7779a0a22a2,proxy_quality_from_locked_manifest_no_transcript_text_exported,medium
1570,wmxIGGwf9KY,MSFT,Microsoft,Couch Investor,2026-01-28,sell,3,60,60,90,1,sell,False,False,False,False,False,,,70,False,False,2bd7247b5bb9406f,proxy_quality_from_locked_manifest_no_transcript_text_exported,medium
1571,wmxIGGwf9KY,AMD,nan,Couch Investor,2026-01-28,buy,3,65,65,90,1,buy,False,False,False,False,False,,,70,False,True,b7a1d41c64f10627,proxy_quality_from_locked_manifest_no_transcript_text_exported,medium
1572,wmxIGGwf9KY,AMD,nan,Couch Investor,2026-01-28,buy,3,65,65,90,1,buy,False,False,False,False,False,,,70,False,True,0847e1adc75ce488,proxy_quality_from_locked_manifest_no_transcript_text_exported,medium
1573,-0eJaDGdzv4,NVDA,Nvidia,Couch Investor,2026-02-10,buy,3,65,65,90,1,buy,False,False,False,False,False,,,70,False,True,e6021f57168c0a51,proxy_quality_from_locked_manifest_no_transcript_text_exported,medium
1574,-aJCvv54OuY,AMD,nan,Jose Najarro Stocks,2026-02-26,buy,2,45,45,90,1,buy,True,True,False,False,False,,,70,False,True,eb2cf66a12355527,proxy_quality_from_locked_manifest_no_transcript_text_exported,low
1575,-hsiLDUX5e8,AMZN,Amazon,"Value Investing with Sven Carlin, Ph.D.",2026-03-11,buy,3,75,75,90,1,buy,False,False,False,False,False,,,20,True,True,23852bfdba8c6501,proxy_quality_from_locked_manifest_no_transcript_text_exported,high
1576,05dHr2LWjsU,AMD,nan,Learn to Invest - Investors Grow,2022-12-31,sell,3,75,75,90,1,sell,False,False,False,False,False,,,20,True,True,4ffa5a888b5e844d,proxy_quality_from_locked_manifest_no_transcript_text_exported,high
1577,06V7SVt3GjI,MSFT,Microsoft,The Investor Channel,2025-01-25,buy,3,70,70,90,1,buy,False,False,False,False,False,,,20,True,False,c56a4c6a8cb0c11b,proxy_quality_from_locked_manifest_no_transcript_text_exported,medium
1578,0JgKITX4Y8s,PYPL,PayPal,Couch Investor,2026-03-04,buy,3,60,60,90,1,buy,False,False,False,False,False,,,70,False,False,e42a48852a0aa76d,proxy_quality_from_locked_manifest_no_transcript_text_exported,medium
1579,0JgKITX4Y8s,PYPL,PayPal,Couch Investor,2026-03-04,buy,3,60,60,90,1,buy,False,False,False,False,False,,,70,False,False,3b64835e7367ed00,proxy_quality_from_locked_manifest_no_transcript_text_exported,medium
1580,0OKXg-ufLY4,GOOGL,Alphabet,Investing with Tom,2023-02-26,buy,3,70,70,90,1,buy,False,False,False,False,False,,,20,True,False,498faa9b0a039753,proxy_quality_from_locked_manifest_no_transcript_text_exported,medium
1581,0hFQi22v5l0,AMD,nan,Jose Najarro Stocks,2026-04-23,buy,3,65,65,90,1,buy,False,False,False,False,False,,,70,False,True,6e49dc0f58f2bf38,proxy_quality_from_locked_manifest_no_transcript_text_exported,medium
1582,22f21hgEU6s,UBER,Uber,"Mark Roussin, CPA",2025-10-07,buy,3,60,60,90,1,buy,False,False,False,False,False,,,70,False,False,8f94325033f26d62,proxy_quality_from_locked_manifest_no_transcript_text_exported,medium
1583,22f21hgEU6s,AMZN,Amazon,"Mark Roussin, CPA",2025-10-07,buy,3,65,65,90,1,buy,False,False,False,False,False,,,70,False,True,4cd0c10cc26fd4b5,proxy_quality_from_locked_manifest_no_transcript_text_exported,medium
1584,2SY-Ut8tnSs,GOOGL,Alphabet,"Mark Roussin, CPA",2025-07-23,buy,3,60,60,90,1,buy,False,False,False,False,False,,,70,False,False,e65aae9f483a6578,proxy_quality_from_locked_manifest_no_transcript_text_exported,medium
1585,2SY-Ut8tnSs,TSLA,Tesla,"Mark Roussin, CPA",2025-07-23,buy,3,65,65,90,1,buy,False,False,False,False,False,,,70,False,True,cc0fe9644f0a240a,proxy_quality_from_locked_manifest_no_transcript_text_exported,medium
1586,2khvg8CZC_k,AMZN,Amazon,The Investor Channel,2025-10-17,sell,3,65,65,90,1,sell,False,False,False,False,False,,,70,False,True,b4636309f5af8629,proxy_quality_from_locked_manifest_no_transcript_text_exported,medium
1587,2khvg8CZC_k,MSFT,Microsoft,The Investor Channel,2025-10-17,buy,2,40,40,90,1,buy,True,True,False,False,False,,,70,False,False,c478dcecba6d5767,proxy_quality_from_locked_manifest_no_transcript_text_exported,low
1588,2tVhdKZH-Qw,TSLA,Tesla,The Investor Channel,2025-08-29,buy,3,65,65,90,1,buy,False,False,False,False,False,,,70,False,True,ca1c87d35c200f13,proxy_quality_from_locked_manifest_no_transcript_text_exported,medium
1589,4VeppQ_YKbU,NVDA,Nvidia,Couch Investor,2026-02-26,sell,3,65,65,90,1,sell,False,False,False,False,False,,,70,False,True,653abbc8bcb25c76,proxy_quality_from_locked_manifest_no_transcript_text_exported,medium
1590,4VeppQ_YKbU,NVDA,Nvidia,Couch Investor,2026-02-26,buy,3,65,65,90,1,buy,False,False,False,False,False,,,70,False,True,702e3f6c0d18bee3,proxy_quality_from_locked_manifest_no_transcript_text_exported,medium
1591,4VeppQ_YKbU,SOFI,SoFi,Couch Investor,2026-02-26,sell,3,60,60,90,1,sell,False,False,False,False,False,,,70,False,False,09922d07d32b0d9f,proxy_quality_from_locked_manifest_no_transcript_text_exported,medium
1592,5Cwr9rX3VsE,NVDA,Nvidia,Jose Najarro Stocks,2026-02-20,sell,3,65,65,90,1,sell,False,False,False,False,False,,,70,False,True,cf9990e9f09db238,proxy_quality_from_locked_manifest_no_transcript_text_exported,medium
1593,61v6t1y3nbA,META,Meta,Everything Money,2026-01-03,buy,3,70,70,90,1,buy,False,False,False,False,False,,,20,True,False,c8ed4540b50bf9d8,proxy_quality_from_locked_manifest_no_transcript_text_exported,medium
1594,6EDsN7k3VY0,AMZN,Amazon,Investing with Tom,2022-10-30,sell,3,75,75,90,1,sell,False,False,False,False,False,,,20,True,True,f5b9d0a4ac3dde45,proxy_quality_from_locked_manifest_no_transcript_text_exported,high
1595,6XiCCkvYHIc,NVDA,Nvidia,Jose Najarro Stocks,2026-02-24,sell,3,65,65,90,1,sell,False,False,False,False,False,,,70,False,True,67ed605014f42feb,proxy_quality_from_locked_manifest_no_transcript_text_exported,medium
1596,88zPG2RKrT8,MSFT,Microsoft,Ale's World of Stocks,2026-02-12,buy,3,70,70,90,1,buy,False,False,False,False,False,,,20,True,False,a163ed184fd04802,proxy_quality_from_locked_manifest_no_transcript_text_exported,medium
1597,88zPG2RKrT8,AMZN,Amazon,Ale's World of Stocks,2026-02-12,buy,3,75,75,90,1,buy,False,False,False,False,False,,,20,True,True,0b887423aacb85ac,proxy_quality_from_locked_manifest_no_transcript_text_exported,high
1598,89lxKPzAWXc,GOOGL,Alphabet,Daniel Pronk,2025-07-25,sell,3,60,60,90,1,sell,False,False,False,False,False,,,70,False,False,3cb12f05af54267f,proxy_quality_from_locked_manifest_no_transcript_text_exported,medium
1599,89lxKPzAWXc,NFLX,Netflix,Daniel Pronk,2025-07-25,sell,2,40,40,90,1,sell,True,True,False,False,False,,,70,False,False,42bcc8a8c10e3b6a,proxy_quality_from_locked_manifest_no_transcript_text_exported,low
1600,89lxKPzAWXc,TSLA,Tesla,Daniel Pronk,2025-07-25,buy,4,85,85,90,1,buy,False,False,False,False,False,,,70,False,True,15283396cb8827a9,proxy_quality_from_locked_manifest_no_transcript_text_exported,high
1601,89lxKPzAWXc,TSLA,Tesla,Daniel Pronk,2025-07-25,buy,4,85,85,90,1,buy,False,False,False,False,False,,,70,False,True,f8abac1cb12950cc,proxy_quality_from_locked_manifest_no_transcript_text_exported,high
1602,8gBZgigQuJw,NFLX,Netflix,The Investor Channel,2025-01-21,buy,3,60,60,90,1,buy,False,False,False,False,False,,,70,False,False,058e1f5a17d853fc,proxy_quality_from_locked_manifest_no_transcript_text_exported,medium
1603,9DRBLkEBAEQ,PYPL,PayPal,Daniel Pronk,2026-02-03,buy,3,60,60,90,1,buy,False,False,False,False,False,,,70,False,False,45412fdfc2f74f6d,proxy_quality_from_locked_manifest_no_transcript_text_exported,medium
1604,9Le2ETJNoqk,GME,nan,Ale's World of Stocks,2026-01-29,buy,3,70,70,90,1,buy,False,False,False,False,False,,,20,True,False,ab47c2287fe79369,proxy_quality_from_locked_manifest_no_transcript_text_exported,medium
1605,9Le2ETJNoqk,AMZN,Amazon,Ale's World of Stocks,2026-01-29,sell,3,75,75,90,1,sell,False,False,False,False,False,,,20,True,True,43cf9db24d251158,proxy_quality_from_locked_manifest_no_transcript_text_exported,high
1606,9VLh8B-euGA,MSFT,Microsoft,Learn to Invest - Investors Grow,2024-06-16,sell,3,70,70,90,1,sell,False,False,False,False,False,,,20,True,False,2f40546b1531a818,proxy_quality_from_locked_manifest_no_transcript_text_exported,medium
1607,AlCzv5zsmxo,AAPL,Apple,The Investor Channel,2025-01-30,sell,3,65,65,90,1,sell,False,False,False,False,False,,,70,False,True,a59faad43cb407c8,proxy_quality_from_locked_manifest_no_transcript_text_exported,medium
1608,AlCzv5zsmxo,AAPL,Apple,The Investor Channel,2025-01-30,buy,3,65,65,90,1,buy,False,False,False,False,False,,,70,False,True,8235eeb98740a9bd,proxy_quality_from_locked_manifest_no_transcript_text_exported,medium
1609,BEicjf5naLk,AMD,nan,Jose Najarro Stocks,2026-03-11,buy,3,65,65,90,1,buy,False,False,False,False,False,,,70,False,True,d9ba38fe5f244042,proxy_quality_from_locked_manifest_no_transcript_text_exported,medium
1610,BEicjf5naLk,AMD,nan,Jose Najarro Stocks,2026-03-11,buy,3,65,65,90,1,buy,False,False,False,False,False,,,70,False,True,17f2aa0ded2e6ebc,proxy_quality_from_locked_manifest_no_transcript_text_exported,medium
1611,BEicjf5naLk,META,Meta,Jose Najarro Stocks,2026-03-11,buy,3,60,60,90,1,buy,False,False,False,False,False,,,70,False,False,cd8a2be888cf08b3,proxy_quality_from_locked_manifest_no_transcript_text_exported,medium
1612,E2T89zidPF4,AAPL,Apple,The Investor Channel,2024-11-23,sell,3,75,75,90,1,sell,False,False,False,False,False,,,20,True,True,12ec90796286f672,proxy_quality_from_locked_manifest_no_transcript_text_exported,high
1613,E2T89zidPF4,GOOGL,Alphabet,The Investor Channel,2024-11-23,buy,3,70,70,90,1,buy,False,False,False,False,False,,,20,True,False,d0cbb132ab4ca322,proxy_quality_from_locked_manifest_no_transcript_text_exported,medium
1614,E2T89zidPF4,GOOGL,Alphabet,The Investor Channel,2024-11-23,buy,2,50,50,90,1,buy,True,True,False,False,False,,,20,True,False,9756c8382f20b320,proxy_quality_from_locked_manifest_no_transcript_text_exported,medium
1615,E2T89zidPF4,AMZN,Amazon,The Investor Channel,2024-11-23,buy,3,75,75,90,1,buy,False,False,False,False,False,,,20,True,True,6a0c148a64929c69,proxy_quality_from_locked_manifest_no_transcript_text_exported,high
1616,FP5G4E07WCM,NVDA,Nvidia,Everything Money,2026-01-05,sell,3,75,75,90,1,sell,False,False,False,False,False,,,20,True,True,3ba6a5cd548758ef,proxy_quality_from_locked_manifest_no_transcript_text_exported,high
1617,FXQwVHHbuwo,AMZN,Amazon,The Investor Channel,2025-05-24,sell,3,75,75,90,1,sell,False,False,False,False,False,,,20,True,True,3354bd4317fd8bd0,proxy_quality_from_locked_manifest_no_transcript_text_exported,high
1618,FXQwVHHbuwo,NFLX,Netflix,The Investor Channel,2025-05-24,buy,3,70,70,90,1,buy,False,False,False,False,False,,,20,True,False,e7583ca18a721b4b,proxy_quality_from_locked_manifest_no_transcript_text_exported,medium
1619,GKtXZWCwFPQ,NVDA,Nvidia,Daniel Pronk,2025-11-13,buy,3,65,65,90,1,buy,False,False,False,False,False,,,70,False,True,3d2599f5152eecdf,proxy_quality_from_locked_manifest_no_transcript_text_exported,medium
1620,GKtXZWCwFPQ,NVDA,Nvidia,Daniel Pronk,2025-11-13,buy,3,65,65,90,1,buy,False,False,False,False,False,,,70,False,True,7f4801581a1f4679,proxy_quality_from_locked_manifest_no_transcript_text_exported,medium
1621,GL4CpYiaUb0,NVDA,Nvidia,Jose Najarro Stocks,2026-02-05,buy,3,65,65,90,1,buy,False,False,False,False,False,,,70,False,True,9e2b3a9fbe1de2be,proxy_quality_from_locked_manifest_no_transcript_text_exported,medium
1622,GT3JCVOftkw,SOFI,SoFi,"Parkev Tatevosian, CFA",2026-05-06,buy,2,50,50,90,1,buy,True,True,False,False,False,,,20,True,False,ec36c6a5e802ab16,proxy_quality_from_locked_manifest_no_transcript_text_exported,medium
1623,GT3JCVOftkw,SOFI,SoFi,"Parkev Tatevosian, CFA",2026-05-06,buy,3,70,70,90,1,buy,False,False,False,False,False,,,20,True,False,b9854f61e60a17bf,proxy_quality_from_locked_manifest_no_transcript_text_exported,medium
1624,GaK9N1jUFR4,AMZN,Amazon,Jose Najarro Stocks,2026-04-29,buy,3,65,65,90,1,buy,False,False,False,False,False,,,70,False,True,dcf0f3af8d5022a3,proxy_quality_from_locked_manifest_no_transcript_text_exported,medium
1625,GeqEjvs1vFQ,AAPL,Apple,The Investor Channel,2025-11-22,buy,3,75,75,90,1,buy,False,False,False,False,False,,,20,True,True,a316e04675df482c,proxy_quality_from_locked_manifest_no_transcript_text_exported,high
1626,HaNkGELV_uk,AMZN,Amazon,Jose Najarro Stocks,2026-02-09,buy,3,65,65,90,1,buy,False,False,False,False,False,,,70,False,True,3b20fa4ab3665801,proxy_quality_from_locked_manifest_no_transcript_text_exported,medium
1627,HaNkGELV_uk,AMZN,Amazon,Jose Najarro Stocks,2026-02-09,buy,3,65,65,90,1,buy,False,False,False,False,False,,,70,False,True,1c74004174970f79,proxy_quality_from_locked_manifest_no_transcript_text_exported,medium
1628,HaNkGELV_uk,UBER,Uber,Jose Najarro Stocks,2026-02-09,buy,3,60,60,90,1,buy,False,False,False,False,False,,,70,False,False,08059e58d953eff0,proxy_quality_from_locked_manifest_no_transcript_text_exported,medium
1629,HaNkGELV_uk,GOOGL,Alphabet,Jose Najarro Stocks,2026-02-09,buy,3,60,60,90,1,buy,False,False,False,False,False,,,70,False,False,fed90be9520bc719,proxy_quality_from_locked_manifest_no_transcript_text_exported,medium
1630,HaNkGELV_uk,NVDA,Nvidia,Jose Najarro Stocks,2026-02-09,buy,3,65,65,90,1,buy,False,False,False,False,False,,,70,False,True,14f81a6a2e88ada1,proxy_quality_from_locked_manifest_no_transcript_text_exported,medium
1631,HaNkGELV_uk,SOFI,SoFi,Jose Najarro Stocks,2026-02-09,buy,3,60,60,90,1,buy,False,False,False,False,False,,,70,False,False,fc465f12c84b7293,proxy_quality_from_locked_manifest_no_transcript_text_exported,medium
1632,HaNkGELV_uk,SOFI,SoFi,Jose Najarro Stocks,2026-02-09,buy,3,60,60,90,1,buy,False,False,False,False,False,,,70,False,False,81e4c69d89baa899,proxy_quality_from_locked_manifest_no_transcript_text_exported,medium
1633,IZgE6qE8cCs,NVDA,Nvidia,Jose Najarro Stocks,2026-02-25,buy,2,45,45,90,1,buy,True,True,False,False,False,,,70,False,True,7ed40bdacfffda39,proxy_quality_from_locked_manifest_no_transcript_text_exported,low
1634,IZgE6qE8cCs,NVDA,Nvidia,Jose Najarro Stocks,2026-02-25,buy,3,65,65,90,1,buy,False,False,False,False,False,,,70,False,True,0f0c4c3357177b01,proxy_quality_from_locked_manifest_no_transcript_text_exported,medium
1635,IZgE6qE8cCs,AMD,nan,Jose Najarro Stocks,2026-02-25,sell,3,65,65,90,1,sell,False,False,False,False,False,,,70,False,True,45362d533495d82b,proxy_quality_from_locked_manifest_no_transcript_text_exported,medium
1636,K815zINuzYQ,SOFI,SoFi,Couch Investor,2026-04-09,buy,3,70,70,90,1,buy,False,False,False,False,False,,,20,True,False,7165cac96b45fee9,proxy_quality_from_locked_manifest_no_transcript_text_exported,medium
1637,K815zINuzYQ,SOFI,SoFi,Couch Investor,2026-04-09,buy,3,70,70,90,1,buy,False,False,False,False,False,,,20,True,False,7587c8d08abee6a2,proxy_quality_from_locked_manifest_no_transcript_text_exported,medium
1638,K815zINuzYQ,SOFI,SoFi,Couch Investor,2026-04-09,buy,3,70,70,90,1,buy,False,False,False,False,False,,,20,True,False,983542cda67dcedd,proxy_quality_from_locked_manifest_no_transcript_text_exported,medium
1639,K815zINuzYQ,SOFI,SoFi,Couch Investor,2026-04-09,buy,3,70,70,90,1,buy,False,False,False,False,False,,,20,True,False,f5a907c549d8eb9d,proxy_quality_from_locked_manifest_no_transcript_text_exported,medium
1640,KPJ44s9LNfk,AMZN,Amazon,"Parkev Tatevosian, CFA",2026-05-02,buy,3,75,75,90,1,buy,False,False,False,False,False,,,20,True,True,13bbc31411f0b70b,proxy_quality_from_locked_manifest_no_transcript_text_exported,high
1641,KPJ44s9LNfk,META,Meta,"Parkev Tatevosian, CFA",2026-05-02,buy,3,70,70,90,1,buy,False,False,False,False,False,,,20,True,False,fe8d33254bc5d402,proxy_quality_from_locked_manifest_no_transcript_text_exported,medium
1642,KPJ44s9LNfk,NFLX,Netflix,"Parkev Tatevosian, CFA",2026-05-02,buy,3,70,70,90,1,buy,False,False,False,False,False,,,20,True,False,50eb63b9fbbe955f,proxy_quality_from_locked_manifest_no_transcript_text_exported,medium
1643,KPJ44s9LNfk,NVDA,Nvidia,"Parkev Tatevosian, CFA",2026-05-02,buy,3,75,75,90,1,buy,False,False,False,False,False,,,20,True,True,cc9a49ad8a111ea8,proxy_quality_from_locked_manifest_no_transcript_text_exported,high
1644,KPJ44s9LNfk,UBER,Uber,"Parkev Tatevosian, CFA",2026-05-02,sell,3,70,70,90,1,sell,False,False,False,False,False,,,20,True,False,acdb2fca6b7d3088,proxy_quality_from_locked_manifest_no_transcript_text_exported,medium
1645,KkwARDjcjjg,MSFT,Microsoft,Learn to Invest - Investors Grow,2025-04-06,buy,3,70,70,90,1,buy,False,False,False,False,False,,,20,True,False,0b451faa3a8e4ddf,proxy_quality_from_locked_manifest_no_transcript_text_exported,medium
1646,KqvdR_iAHQs,AMZN,Amazon,The Investor Channel,2025-07-11,sell,3,65,65,90,1,sell,False,False,False,False,False,,,70,False,True,fbdcec04f543032c,proxy_quality_from_locked_manifest_no_transcript_text_exported,medium
1647,Kr-0EQVTWxs,NVDA,Nvidia,Couch Investor,2026-02-05,buy,3,65,65,90,1,buy,False,False,False,False,False,,,70,False,True,8d43ff8a8211e59c,proxy_quality_from_locked_manifest_no_transcript_text_exported,medium
1648,LPOmLXLY7HE,AMD,nan,Couch Investor,2026-03-01,buy,3,75,75,90,1,buy,False,False,False,False,False,,,20,True,True,1ea10fa14fc6f66c,proxy_quality_from_locked_manifest_no_transcript_text_exported,high
1649,Lmdxc9mER4M,MSFT,Microsoft,Learn to Invest - Investors Grow,2023-01-26,buy,3,70,70,90,1,buy,False,False,False,False,False,,,20,True,False,116e2900525ebe03,proxy_quality_from_locked_manifest_no_transcript_text_exported,medium
1650,Lmdxc9mER4M,GOOGL,Alphabet,Learn to Invest - Investors Grow,2023-01-26,buy,3,70,70,90,1,buy,False,False,False,False,False,,,20,True,False,da67e377176f43b4,proxy_quality_from_locked_manifest_no_transcript_text_exported,medium
1651,Lmdxc9mER4M,AAPL,Apple,Learn to Invest - Investors Grow,2023-01-26,buy,3,75,75,90,1,buy,False,False,False,False,False,,,20,True,True,e7b1136e749ed919,proxy_quality_from_locked_manifest_no_transcript_text_exported,high
1652,Lmdxc9mER4M,DIS,Disney,Learn to Invest - Investors Grow,2023-01-26,buy,3,70,70,90,1,buy,False,False,False,False,False,,,20,True,False,219af49162baca74,proxy_quality_from_locked_manifest_no_transcript_text_exported,medium
1653,Lmdxc9mER4M,DIS,Disney,Learn to Invest - Investors Grow,2023-01-26,buy,3,70,70,90,1,buy,False,False,False,False,False,,,20,True,False,da1ff4015b8da925,proxy_quality_from_locked_manifest_no_transcript_text_exported,medium
1654,MiibryTnAjo,MSFT,Microsoft,Learn to Invest - Investors Grow,2025-03-16,buy,3,70,70,90,1,buy,False,False,False,False,False,,,20,True,False,deb340021cd9424a,proxy_quality_from_locked_manifest_no_transcript_text_exported,medium
1655,MpFapZJ2JMU,NFLX,Netflix,Couch Investor,2026-02-15,buy,3,70,70,90,1,buy,False,False,False,False,False,,,20,True,False,dc7b656f88232cb3,proxy_quality_from_locked_manifest_no_transcript_text_exported,medium
1656,MpFapZJ2JMU,SOFI,SoFi,Couch Investor,2026-02-15,buy,3,70,70,90,1,buy,False,False,False,False,False,,,20,True,False,38c56a99248449a3,proxy_quality_from_locked_manifest_no_transcript_text_exported,medium
1657,NAZpNXvK3aE,TSLA,Tesla,Jose Najarro Stocks,2026-04-22,buy,3,65,65,90,1,buy,False,False,False,False,False,,,70,False,True,73cb7e63843b32d6,proxy_quality_from_locked_manifest_no_transcript_text_exported,medium
1658,NAZpNXvK3aE,TSLA,Tesla,Jose Najarro Stocks,2026-04-22,buy,3,65,65,90,1,buy,False,False,False,False,False,,,70,False,True,8d544cb83fcabec8,proxy_quality_from_locked_manifest_no_transcript_text_exported,medium
1659,NAZpNXvK3aE,AMD,nan,Jose Najarro Stocks,2026-04-22,buy,3,65,65,90,1,buy,False,False,False,False,False,,,70,False,True,b7615d16864723ec,proxy_quality_from_locked_manifest_no_transcript_text_exported,medium
1660,NAZpNXvK3aE,NVDA,Nvidia,Jose Najarro Stocks,2026-04-22,buy,3,65,65,90,1,buy,False,False,False,False,False,,,70,False,True,1aeb48a98fc8b178,proxy_quality_from_locked_manifest_no_transcript_text_exported,medium
1661,NAZpNXvK3aE,GOOGL,Alphabet,Jose Najarro Stocks,2026-04-22,buy,3,60,60,90,1,buy,False,False,False,False,False,,,70,False,False,e5f7ae3c09f81ec0,proxy_quality_from_locked_manifest_no_transcript_text_exported,medium
1662,NAZpNXvK3aE,AMZN,Amazon,Jose Najarro Stocks,2026-04-22,buy,3,65,65,90,1,buy,False,False,False,False,False,,,70,False,True,a3aee11073f1f711,proxy_quality_from_locked_manifest_no_transcript_text_exported,medium
1663,NLag_b_QXhk,AMZN,Amazon,Jose Najarro Stocks,2026-02-10,buy,3,65,65,90,1,buy,False,False,False,False,False,,,70,False,True,0bab4040c90b71dc,proxy_quality_from_locked_manifest_no_transcript_text_exported,medium
1664,NLag_b_QXhk,NVDA,Nvidia,Jose Najarro Stocks,2026-02-10,buy,3,65,65,90,1,buy,False,False,False,False,False,,,70,False,True,515e4c3dc99d872f,proxy_quality_from_locked_manifest_no_transcript_text_exported,medium
1665,OLLhwiT-fMg,AMZN,Amazon,Daniel Pronk,2026-02-05,sell,3,65,65,90,1,sell,False,False,False,False,False,,,70,False,True,13a12b5b13bd490b,proxy_quality_from_locked_manifest_no_transcript_text_exported,medium
1666,OLLhwiT-fMg,AMZN,Amazon,Daniel Pronk,2026-02-05,buy,2,45,45,90,1,buy,True,True,False,False,False,,,70,False,True,060dd156e16c2bb6,proxy_quality_from_locked_manifest_no_transcript_text_exported,low
1667,OYDczFnn2BA,NVDA,Nvidia,Couch Investor,2026-04-01,buy,3,65,65,90,1,buy,False,False,False,False,False,,,70,False,True,5b863084fa3e6da3,proxy_quality_from_locked_manifest_no_transcript_text_exported,medium
1668,OYDczFnn2BA,NVDA,Nvidia,Couch Investor,2026-04-01,buy,3,65,65,90,1,buy,False,False,False,False,False,,,70,False,True,28eabd21b320392e,proxy_quality_from_locked_manifest_no_transcript_text_exported,medium
1669,OyB-iFndK3M,GOOGL,Alphabet,Jose Najarro Stocks,2026-04-29,buy,3,60,60,90,1,buy,False,False,False,False,False,,,70,False,False,a6c2f88dbf7d90ef,proxy_quality_from_locked_manifest_no_transcript_text_exported,medium
1670,P3PyYK1o7yw,NVDA,Nvidia,The Investor Channel,2025-02-01,buy,3,75,75,90,1,buy,False,False,False,False,False,,,20,True,True,cfe9d36330068159,proxy_quality_from_locked_manifest_no_transcript_text_exported,high
1671,P3PyYK1o7yw,NFLX,Netflix,The Investor Channel,2025-02-01,buy,3,70,70,90,1,buy,False,False,False,False,False,,,20,True,False,2035100bac97d327,proxy_quality_from_locked_manifest_no_transcript_text_exported,medium
1672,P3PyYK1o7yw,MSFT,Microsoft,The Investor Channel,2025-02-01,buy,3,70,70,90,1,buy,False,False,False,False,False,,,20,True,False,35e67fa403cd35cb,proxy_quality_from_locked_manifest_no_transcript_text_exported,medium
1673,QIAWUXXSoQM,AAPL,Apple,The Swedish Investor,2020-04-30,buy,3,75,75,90,1,buy,False,False,False,False,False,,,20,True,True,a0e0a803a5b75f2d,proxy_quality_from_locked_manifest_no_transcript_text_exported,high
1674,Qh8aI14uZ48,META,Meta,The Investor Channel,2026-01-16,buy,3,60,60,90,1,buy,False,False,False,False,False,,,70,False,False,059c73f9dd848e7e,proxy_quality_from_locked_manifest_no_transcript_text_exported,medium
1675,Ro2fVhXze58,MSFT,Microsoft,Investing with Tom,2022-11-17,buy,3,60,60,90,1,buy,False,False,False,False,False,,,70,False,False,d68ed3d53224424d,proxy_quality_from_locked_manifest_no_transcript_text_exported,medium
1676,SmljtuGoV7s,NVDA,Nvidia,The Investor Channel,2025-08-22,sell,3,65,65,90,1,sell,False,False,False,False,False,,,70,False,True,1e3857aaa37ce1e5,proxy_quality_from_locked_manifest_no_transcript_text_exported,medium
1677,SmljtuGoV7s,AAPL,Apple,The Investor Channel,2025-08-22,buy,2,45,45,90,1,buy,True,True,False,False,False,,,70,False,True,babaa232a7fd8afa,proxy_quality_from_locked_manifest_no_transcript_text_exported,low
1678,SuGaHKOvBPY,NVDA,Nvidia,The Investor Channel,2026-01-24,buy,2,55,55,90,1,buy,True,True,False,False,False,,,20,True,True,5c34c15944395535,proxy_quality_from_locked_manifest_no_transcript_text_exported,medium
1679,UDnrbOicxiI,NVDA,Nvidia,Daniel Pronk,2025-08-28,buy,3,65,65,90,1,buy,False,False,False,False,False,,,70,False,True,54beab0c0ffb4979,proxy_quality_from_locked_manifest_no_transcript_text_exported,medium
1680,XiAXdtD9Gsg,AAPL,Apple,The Investor Channel,2025-10-31,buy,3,65,65,90,1,buy,False,False,False,False,False,,,70,False,True,bf9ee578918547f6,proxy_quality_from_locked_manifest_no_transcript_text_exported,medium
1681,YainaNr8tPw,AMD,nan,The Investor Channel,2025-02-04,buy,3,65,65,90,1,buy,False,False,False,False,False,,,70,False,True,fc6b3b664324e51a,proxy_quality_from_locked_manifest_no_transcript_text_exported,medium
1682,ZQeoYO8ZdfY,GOOGL,Alphabet,Daniel Pronk,2025-10-30,buy,2,40,40,90,1,buy,True,True,False,False,False,,,70,False,False,7385e6909677367d,proxy_quality_from_locked_manifest_no_transcript_text_exported,low
1683,ZRaTSAxYCBk,PLTR,Palantir,"Parkev Tatevosian, CFA",2026-04-30,buy,3,70,70,90,1,buy,False,False,False,False,False,,,20,True,False,f43496b1b56e30b3,proxy_quality_from_locked_manifest_no_transcript_text_exported,medium
1684,ZTHRbIdPkOw,MSFT,Microsoft,Daniel Pronk,2025-08-01,buy,3,60,60,90,1,buy,False,False,False,False,False,,,70,False,False,bf3e5a6d8db5712f,proxy_quality_from_locked_manifest_no_transcript_text_exported,medium
1685,ZgzDmoaQPzw,AMZN,Amazon,Jose Najarro Stocks,2026-02-06,buy,3,65,65,90,1,buy,False,False,False,False,False,,,70,False,True,411456f161ec3118,proxy_quality_from_locked_manifest_no_transcript_text_exported,medium
1686,ZgzDmoaQPzw,NVDA,Nvidia,Jose Najarro Stocks,2026-02-06,buy,3,65,65,90,1,buy,False,False,False,False,False,,,70,False,True,500def0c468b3037,proxy_quality_from_locked_manifest_no_transcript_text_exported,medium
1687,ZgzDmoaQPzw,META,Meta,Jose Najarro Stocks,2026-02-06,buy,3,60,60,90,1,buy,False,False,False,False,False,,,70,False,False,76aaebbdbca67bdc,proxy_quality_from_locked_manifest_no_transcript_text_exported,medium
1688,ZgzDmoaQPzw,MSFT,Microsoft,Jose Najarro Stocks,2026-02-06,buy,3,60,60,90,1,buy,False,False,False,False,False,,,70,False,False,8cbe1b83e978bb80,proxy_quality_from_locked_manifest_no_transcript_text_exported,medium
1689,_cZhr7MIffI,AMZN,Amazon,Daniel Pronk,2025-07-10,sell,3,65,65,90,1,sell,False,False,False,False,False,,,70,False,True,cf83e456dd2384fe,proxy_quality_from_locked_manifest_no_transcript_text_exported,medium
1690,_cZhr7MIffI,META,Meta,Daniel Pronk,2025-07-10,buy,3,60,60,90,1,buy,False,False,False,False,False,,,70,False,False,9358ca624f00490a,proxy_quality_from_locked_manifest_no_transcript_text_exported,medium
1691,_hiDU8IyEV4,AAPL,Apple,Investing with Tom,2023-05-19,buy,3,75,75,90,1,buy,False,False,False,False,False,,,20,True,True,ddbe55647abed2ef,proxy_quality_from_locked_manifest_no_transcript_text_exported,high
1692,a1ObcmtxzfI,NVDA,Nvidia,Jose Najarro Stocks,2026-03-02,buy,3,65,65,90,1,buy,False,False,False,False,False,,,70,False,True,2396b545c7ca976f,proxy_quality_from_locked_manifest_no_transcript_text_exported,medium
1693,a1ObcmtxzfI,NVDA,Nvidia,Jose Najarro Stocks,2026-03-02,buy,3,65,65,90,1,buy,False,False,False,False,False,,,70,False,True,fa60bd845851860a,proxy_quality_from_locked_manifest_no_transcript_text_exported,medium
1694,a1ObcmtxzfI,NVDA,Nvidia,Jose Najarro Stocks,2026-03-02,sell,3,65,65,90,1,sell,False,False,False,False,False,,,70,False,True,1bef5c3d49891a68,proxy_quality_from_locked_manifest_no_transcript_text_exported,medium
1695,a1ObcmtxzfI,NVDA,Nvidia,Jose Najarro Stocks,2026-03-02,sell,3,65,65,90,1,sell,False,False,False,False,False,,,70,False,True,dcc6784ff74fd692,proxy_quality_from_locked_manifest_no_transcript_text_exported,medium
1696,a1ObcmtxzfI,AMZN,Amazon,Jose Najarro Stocks,2026-03-02,buy,3,65,65,90,1,buy,False,False,False,False,False,,,70,False,True,ea37257bf46e9890,proxy_quality_from_locked_manifest_no_transcript_text_exported,medium
1697,aAdBjx2VV5E,MSFT,Microsoft,Dividendology,2026-01-29,buy,3,70,70,90,1,buy,False,False,False,False,False,,,20,True,False,eb9dbf1032a7d072,proxy_quality_from_locked_manifest_no_transcript_text_exported,medium
1698,b5rO7Fb9Ek0,GOOGL,Alphabet,"Value Investing with Sven Carlin, Ph.D.",2025-11-25,buy,3,70,70,90,1,buy,False,False,False,False,False,,,20,True,False,59a478b7e2e59359,proxy_quality_from_locked_manifest_no_transcript_text_exported,medium
1699,b5rO7Fb9Ek0,GOOGL,Alphabet,"Value Investing with Sven Carlin, Ph.D.",2025-11-25,buy,3,70,70,90,1,buy,False,False,False,False,False,,,20,True,False,730eb655e4e89f89,proxy_quality_from_locked_manifest_no_transcript_text_exported,medium
1700,b5rO7Fb9Ek0,GOOGL,Alphabet,"Value Investing with Sven Carlin, Ph.D.",2025-11-25,buy,2,50,50,90,1,buy,True,True,False,False,False,,,20,True,False,1bff7d3004f0e39b,proxy_quality_from_locked_manifest_no_transcript_text_exported,medium
1701,bCjiTqdpD0w,AMZN,Amazon,Learn to Invest - Investors Grow,2024-06-04,buy,2,55,55,90,1,buy,True,True,False,False,False,,,20,True,True,43f0d4b760d56d17,proxy_quality_from_locked_manifest_no_transcript_text_exported,medium
1702,bCjiTqdpD0w,AMZN,Amazon,Learn to Invest - Investors Grow,2024-06-04,buy,3,75,75,90,1,buy,False,False,False,False,False,,,20,True,True,4d325d55402d1bff,proxy_quality_from_locked_manifest_no_transcript_text_exported,high
1703,bOcxvTxg9b8,NVDA,Nvidia,Jose Najarro Stocks,2026-02-27,sell,3,65,65,90,1,sell,False,False,False,False,False,,,70,False,True,32522400465ebc1e,proxy_quality_from_locked_manifest_no_transcript_text_exported,medium
1704,bOfvWTYdATQ,SOFI,SoFi,Couch Investor,2026-03-03,buy,2,50,50,90,1,buy,True,True,False,False,False,,,20,True,False,44ec8684bec66faf,proxy_quality_from_locked_manifest_no_transcript_text_exported,medium
1705,eBn3iqktP1k,AMZN,Amazon,"Value Investing with Sven Carlin, Ph.D.",2026-03-14,buy,2,55,55,90,1,buy,True,True,False,False,False,,,20,True,True,e8dbcdaacd3e6e3f,proxy_quality_from_locked_manifest_no_transcript_text_exported,medium
1706,eD54PgLZrWM,AMZN,Amazon,"Value Investing with Sven Carlin, Ph.D.",2026-02-28,buy,3,75,75,90,1,buy,False,False,False,False,False,,,20,True,True,94f15d04cac55206,proxy_quality_from_locked_manifest_no_transcript_text_exported,high
1707,ebJB5e-7KlU,MSFT,Microsoft,"Mark Roussin, CPA",2025-08-02,buy,3,70,70,90,1,buy,False,False,False,False,False,,,20,True,False,1b2899b0a21c0fc3,proxy_quality_from_locked_manifest_no_transcript_text_exported,medium
1708,ep5g-IJwkbg,AAPL,Apple,The Investor Channel,2025-02-22,buy,3,75,75,90,1,buy,False,False,False,False,False,,,20,True,True,74dca8451dda838f,proxy_quality_from_locked_manifest_no_transcript_text_exported,high
1709,ep5g-IJwkbg,AAPL,Apple,The Investor Channel,2025-02-22,buy,3,75,75,90,1,buy,False,False,False,False,False,,,20,True,True,77e6dea0ff56b88e,proxy_quality_from_locked_manifest_no_transcript_text_exported,high
1710,ep5g-IJwkbg,AMZN,Amazon,The Investor Channel,2025-02-22,buy,3,75,75,90,1,buy,False,False,False,False,False,,,20,True,True,c7bbcec594cac62e,proxy_quality_from_locked_manifest_no_transcript_text_exported,high
1711,ep5g-IJwkbg,AMZN,Amazon,The Investor Channel,2025-02-22,sell,3,75,75,90,1,sell,False,False,False,False,False,,,20,True,True,195ee603b76305e8,proxy_quality_from_locked_manifest_no_transcript_text_exported,high
1712,ep5g-IJwkbg,AMZN,Amazon,The Investor Channel,2025-02-22,buy,3,75,75,90,1,buy,False,False,False,False,False,,,20,True,True,06ef7765b898c006,proxy_quality_from_locked_manifest_no_transcript_text_exported,high
1713,ep5g-IJwkbg,NVDA,Nvidia,The Investor Channel,2025-02-22,buy,3,75,75,90,1,buy,False,False,False,False,False,,,20,True,True,fb77283276c6dc38,proxy_quality_from_locked_manifest_no_transcript_text_exported,high
1714,ep5g-IJwkbg,TSLA,Tesla,The Investor Channel,2025-02-22,buy,3,75,75,90,1,buy,False,False,False,False,False,,,20,True,True,35638e3d1c375a37,proxy_quality_from_locked_manifest_no_transcript_text_exported,high
1715,fX-nv0hZwMM,NVDA,Nvidia,Jose Najarro Stocks,2026-04-28,buy,3,75,75,90,1,buy,False,False,False,False,False,,,20,True,True,0fd1ca6e68e08338,proxy_quality_from_locked_manifest_no_transcript_text_exported,high
1716,fX-nv0hZwMM,AMD,nan,Jose Najarro Stocks,2026-04-28,buy,3,75,75,90,1,buy,False,False,False,False,False,,,20,True,True,8149ebe0d345689b,proxy_quality_from_locked_manifest_no_transcript_text_exported,high
1717,fc1XQyB5tPM,MSFT,Microsoft,The Investor Channel,2025-10-24,buy,2,40,40,90,1,buy,True,True,False,False,False,,,70,False,False,debfae436a7466ba,proxy_quality_from_locked_manifest_no_transcript_text_exported,low
1718,fiQTZo2ibKA,NVDA,Nvidia,"Mark Roussin, CPA",2025-11-29,sell,3,75,75,90,1,sell,False,False,False,False,False,,,20,True,True,ca1bf6eca44fbcf3,proxy_quality_from_locked_manifest_no_transcript_text_exported,high
1719,fumAfswKdjI,TSLA,Tesla,Dividend Bull,2025-03-07,sell,3,65,65,90,1,sell,False,False,False,False,False,,,70,False,True,d12466a9f6db8649,proxy_quality_from_locked_manifest_no_transcript_text_exported,medium
1720,h0y25tnm0us,AMD,nan,Jose Najarro Stocks,2026-03-12,buy,3,65,65,90,1,buy,False,False,False,False,False,,,70,False,True,8a73ce4dfa619edd,proxy_quality_from_locked_manifest_no_transcript_text_exported,medium
1721,h0y25tnm0us,NVDA,Nvidia,Jose Najarro Stocks,2026-03-12,buy,3,65,65,90,1,buy,False,False,False,False,False,,,70,False,True,aa15819421cc865c,proxy_quality_from_locked_manifest_no_transcript_text_exported,medium
1722,h0y25tnm0us,TSLA,Tesla,Jose Najarro Stocks,2026-03-12,buy,3,65,65,90,1,buy,False,False,False,False,False,,,70,False,True,f61b3f8b9de55c3a,proxy_quality_from_locked_manifest_no_transcript_text_exported,medium
1723,i3asx63XnMs,NVDA,Nvidia,Couch Investor,2026-03-04,sell,3,65,65,90,1,sell,False,False,False,False,False,,,70,False,True,1453b0c2644f10f3,proxy_quality_from_locked_manifest_no_transcript_text_exported,medium
1724,i3asx63XnMs,NVDA,Nvidia,Couch Investor,2026-03-04,buy,4,85,85,90,1,buy,False,False,False,False,False,,,70,False,True,e40376776c4b1a35,proxy_quality_from_locked_manifest_no_transcript_text_exported,high
1725,i3asx63XnMs,SOFI,SoFi,Couch Investor,2026-03-04,buy,3,60,60,90,1,buy,False,False,False,False,False,,,70,False,False,d539c339c18d2d99,proxy_quality_from_locked_manifest_no_transcript_text_exported,medium
1726,i3asx63XnMs,META,Meta,Couch Investor,2026-03-04,buy,3,60,60,90,1,buy,False,False,False,False,False,,,70,False,False,446f0ba5b4573dd0,proxy_quality_from_locked_manifest_no_transcript_text_exported,medium
1727,i3asx63XnMs,META,Meta,Couch Investor,2026-03-04,buy,3,60,60,90,1,buy,False,False,False,False,False,,,70,False,False,785fe1a766af7164,proxy_quality_from_locked_manifest_no_transcript_text_exported,medium
1728,i3asx63XnMs,AAPL,Apple,Couch Investor,2026-03-04,buy,3,65,65,90,1,buy,False,False,False,False,False,,,70,False,True,bd297f065c52a50d,proxy_quality_from_locked_manifest_no_transcript_text_exported,medium
1729,j3cDPUdOZEQ,DIS,Disney,Learn to Invest - Investors Grow,2024-09-23,buy,3,70,70,90,1,buy,False,False,False,False,False,,,20,True,False,7dffd493dc44d3a3,proxy_quality_from_locked_manifest_no_transcript_text_exported,medium
1730,j3cDPUdOZEQ,DIS,Disney,Learn to Invest - Investors Grow,2024-09-23,buy,3,70,70,90,1,buy,False,False,False,False,False,,,20,True,False,5c5f235bde9e7354,proxy_quality_from_locked_manifest_no_transcript_text_exported,medium
1731,jknts65JqrQ,SOFI,SoFi,Couch Investor,2026-03-29,buy,3,70,70,90,1,buy,False,False,False,False,False,,,20,True,False,2edd0255264926db,proxy_quality_from_locked_manifest_no_transcript_text_exported,medium
1732,jzQc6ic31Kw,AMD,nan,Couch Investor,2026-04-25,buy,3,75,75,90,1,buy,False,False,False,False,False,,,20,True,True,577b24529b601074,proxy_quality_from_locked_manifest_no_transcript_text_exported,high
1733,kT4OdZ-tdnw,AMZN,Amazon,The Investor Channel,2025-11-14,sell,3,65,65,90,1,sell,False,False,False,False,False,,,70,False,True,51a74a2da8986084,proxy_quality_from_locked_manifest_no_transcript_text_exported,medium
1734,kgsbo09tXeA,META,Meta,Daniel Pronk,2026-01-28,buy,2,40,40,90,1,buy,True,True,False,False,False,,,70,False,False,ece1e16181cb5b73,proxy_quality_from_locked_manifest_no_transcript_text_exported,low
1735,kgsbo09tXeA,META,Meta,Daniel Pronk,2026-01-28,buy,3,60,60,90,1,buy,False,False,False,False,False,,,70,False,False,8210f09496217c33,proxy_quality_from_locked_manifest_no_transcript_text_exported,medium
1736,l2EnBa-7fdg,SOFI,SoFi,"Parkev Tatevosian, CFA",2026-05-01,buy,3,70,70,90,1,buy,False,False,False,False,False,,,20,True,False,07890aca00500743,proxy_quality_from_locked_manifest_no_transcript_text_exported,medium
1737,lii5Ppd0Fvk,NVDA,Nvidia,Jose Najarro Stocks,2026-03-04,sell,3,65,65,90,1,sell,False,False,False,False,False,,,70,False,True,b6d76304bb06fb28,proxy_quality_from_locked_manifest_no_transcript_text_exported,medium
1738,lii5Ppd0Fvk,NVDA,Nvidia,Jose Najarro Stocks,2026-03-04,buy,4,85,85,90,1,buy,False,False,False,False,False,,,70,False,True,7163b460f3b6d08c,proxy_quality_from_locked_manifest_no_transcript_text_exported,high
1739,lii5Ppd0Fvk,META,Meta,Jose Najarro Stocks,2026-03-04,buy,3,60,60,90,1,buy,False,False,False,False,False,,,70,False,False,c7ba3372b379b81d,proxy_quality_from_locked_manifest_no_transcript_text_exported,medium
1740,lzXp9c353yA,GOOGL,Alphabet,Daniel Pronk,2025-07-17,sell,3,70,70,90,1,sell,False,False,False,False,False,,,20,True,False,c2ba80e8d88dd269,proxy_quality_from_locked_manifest_no_transcript_text_exported,medium
1741,lzXp9c353yA,TSLA,Tesla,Daniel Pronk,2025-07-17,sell,2,55,55,90,1,sell,True,True,False,False,False,,,20,True,True,8027d02a7c441bb1,proxy_quality_from_locked_manifest_no_transcript_text_exported,medium
1742,lzXp9c353yA,AAPL,Apple,Daniel Pronk,2025-07-17,sell,2,55,55,90,1,sell,True,True,False,False,False,,,20,True,True,c9e992f1807f01a4,proxy_quality_from_locked_manifest_no_transcript_text_exported,medium
1743,lzXp9c353yA,MSFT,Microsoft,Daniel Pronk,2025-07-17,sell,2,50,50,90,1,sell,True,True,False,False,False,,,20,True,False,9e9986ab71a1bc23,proxy_quality_from_locked_manifest_no_transcript_text_exported,medium
1744,lzXp9c353yA,NVDA,Nvidia,Daniel Pronk,2025-07-17,sell,2,55,55,90,1,sell,True,True,False,False,False,,,20,True,True,1dcce8ff2798a7d4,proxy_quality_from_locked_manifest_no_transcript_text_exported,medium
1745,nUDXbFXTxLU,PYPL,PayPal,Daniel Pronk,2026-01-16,buy,3,60,60,90,1,buy,False,False,False,False,False,,,70,False,False,5dd23e6ccd4c4d5f,proxy_quality_from_locked_manifest_no_transcript_text_exported,medium
1746,nf7MTvSgpLA,MSFT,Microsoft,Dividendology,2026-02-05,buy,3,60,60,90,1,buy,False,False,False,False,False,,,70,False,False,52627c1d9ede3918,proxy_quality_from_locked_manifest_no_transcript_text_exported,medium
1747,ntX9bHqygrU,MSFT,Microsoft,Learn to Invest - Investors Grow,2022-10-17,buy,3,70,70,90,1,buy,False,False,False,False,False,,,20,True,False,9c7bfa489bd0ff09,proxy_quality_from_locked_manifest_no_transcript_text_exported,medium
1748,oD5dQTzOjlM,META,Meta,Daniel Pronk,2025-11-21,sell,3,60,60,90,1,sell,False,False,False,False,False,,,70,False,False,a6a5912b83dc16e6,proxy_quality_from_locked_manifest_no_transcript_text_exported,medium
1749,oD5dQTzOjlM,META,Meta,Daniel Pronk,2025-11-21,buy,3,60,60,90,1,buy,False,False,False,False,False,,,70,False,False,de151fe4b9cb8792,proxy_quality_from_locked_manifest_no_transcript_text_exported,medium
1750,oY2d8UmUW40,NVDA,Nvidia,The Investor Channel,2024-11-21,sell,3,65,65,90,1,sell,False,False,False,False,False,,,70,False,True,5969b30ecb99661a,proxy_quality_from_locked_manifest_no_transcript_text_exported,medium
1751,oY2d8UmUW40,NVDA,Nvidia,The Investor Channel,2024-11-21,sell,3,65,65,90,1,sell,False,False,False,False,False,,,70,False,True,9a4086a16aea2e51,proxy_quality_from_locked_manifest_no_transcript_text_exported,medium
1752,oY2d8UmUW40,NVDA,Nvidia,The Investor Channel,2024-11-21,buy,3,65,65,90,1,buy,False,False,False,False,False,,,70,False,True,f9e0aead3290d11b,proxy_quality_from_locked_manifest_no_transcript_text_exported,medium
1753,p2AmerL1cDw,META,Meta,Jose Najarro Stocks,2026-02-12,buy,3,60,60,90,1,buy,False,False,False,False,False,,,70,False,False,7d7c295b7bd96f85,proxy_quality_from_locked_manifest_no_transcript_text_exported,medium
1754,p71nSCCjeYk,PYPL,PayPal,Everything Money,2026-02-17,buy,3,70,70,90,1,buy,False,False,False,False,False,,,20,True,False,fde4bb8da33a3e72,proxy_quality_from_locked_manifest_no_transcript_text_exported,medium
1755,pEsk8RvuT64,MSFT,Microsoft,Investing with Tom,2023-02-14,buy,3,60,60,90,1,buy,False,False,False,False,False,,,70,False,False,ce1668a9d8ca24d2,proxy_quality_from_locked_manifest_no_transcript_text_exported,medium
1756,tEmA258ybFM,AMZN,Amazon,The Investor Channel,2025-04-18,buy,3,65,65,90,1,buy,False,False,False,False,False,,,70,False,True,e9e5a74e8ec2eff1,proxy_quality_from_locked_manifest_no_transcript_text_exported,medium
1757,tEmA258ybFM,AMZN,Amazon,The Investor Channel,2025-04-18,buy,3,65,65,90,1,buy,False,False,False,False,False,,,70,False,True,32784f4fa2192b62,proxy_quality_from_locked_manifest_no_transcript_text_exported,medium
1758,uCKILxbFuEE,SOFI,SoFi,"Mark Roussin, CPA",2026-02-17,buy,3,60,60,90,1,buy,False,False,False,False,False,,,70,False,False,072a93227ec3ca3b,proxy_quality_from_locked_manifest_no_transcript_text_exported,medium
1759,ubr5rZvkrpY,SOFI,SoFi,"Parkev Tatevosian, CFA",2026-05-03,buy,3,70,70,90,1,buy,False,False,False,False,False,,,20,True,False,8a90b5d72587ad44,proxy_quality_from_locked_manifest_no_transcript_text_exported,medium
1760,wyCQuzCkjIc,MSFT,Microsoft,Learn to Invest - Investors Grow,2025-03-28,buy,3,70,70,90,1,buy,False,False,False,False,False,,,20,True,False,f62dc88aa62c31f6,proxy_quality_from_locked_manifest_no_transcript_text_exported,medium
1761,x0y3hAxpwKw,HOOD,Robinhood,Couch Investor,2026-02-11,buy,3,60,60,90,1,buy,False,False,False,False,False,,,70,False,False,65dfeb4b2d976a7e,proxy_quality_from_locked_manifest_no_transcript_text_exported,medium
1762,xJHP43izznA,AMZN,Amazon,"Value Investing with Sven Carlin, Ph.D.",2026-02-27,buy,3,75,75,90,1,buy,False,False,False,False,False,,,20,True,True,6b3e709f97b29296,proxy_quality_from_locked_manifest_no_transcript_text_exported,high
1763,xJHP43izznA,AMZN,Amazon,"Value Investing with Sven Carlin, Ph.D.",2026-02-27,buy,3,75,75,90,1,buy,False,False,False,False,False,,,20,True,True,2b9dc6949dedd52b,proxy_quality_from_locked_manifest_no_transcript_text_exported,high
1764,xJHP43izznA,AMZN,Amazon,"Value Investing with Sven Carlin, Ph.D.",2026-02-27,buy,3,75,75,90,1,buy,False,False,False,False,False,,,20,True,True,f7656a36ea966aee,proxy_quality_from_locked_manifest_no_transcript_text_exported,high
1765,xJHP43izznA,AMZN,Amazon,"Value Investing with Sven Carlin, Ph.D.",2026-02-27,buy,3,75,75,90,1,buy,False,False,False,False,False,,,20,True,True,5eb54170412b00cc,proxy_quality_from_locked_manifest_no_transcript_text_exported,high
1766,y4fA-Io6T0A,AAPL,Apple,The Investor Channel,2025-03-07,buy,3,65,65,90,1,buy,False,False,False,False,False,,,70,False,True,fa3296d7fc495312,proxy_quality_from_locked_manifest_no_transcript_text_exported,medium
1767,y4fA-Io6T0A,TSLA,Tesla,The Investor Channel,2025-03-07,buy,3,65,65,90,1,buy,False,False,False,False,False,,,70,False,True,f730e81d5d9251d3,proxy_quality_from_locked_manifest_no_transcript_text_exported,medium
1768,y4fA-Io6T0A,NFLX,Netflix,The Investor Channel,2025-03-07,buy,3,60,60,90,1,buy,False,False,False,False,False,,,70,False,False,16cee7f8e5e7fd8f,proxy_quality_from_locked_manifest_no_transcript_text_exported,medium
1769,z01g14mnDOs,NVDA,Nvidia,Jose Najarro Stocks,2026-02-26,buy,3,65,65,90,1,buy,False,False,False,False,False,,,70,False,True,b51849bbf323d1bb,proxy_quality_from_locked_manifest_no_transcript_text_exported,medium
1770,z01g14mnDOs,SOFI,SoFi,Jose Najarro Stocks,2026-02-26,sell,3,60,60,90,1,sell,False,False,False,False,False,,,70,False,False,a3f6e98d3b4d2bcc,proxy_quality_from_locked_manifest_no_transcript_text_exported,medium
1771,z01g14mnDOs,MSFT,Microsoft,Jose Najarro Stocks,2026-02-26,sell,3,60,60,90,1,sell,False,False,False,False,False,,,70,False,False,a5428c5bff88dd8a,proxy_quality_from_locked_manifest_no_transcript_text_exported,medium
1772,z0Bm0nDtgKo,GOOGL,Alphabet,The Investor Channel,2025-02-05,buy,3,60,60,90,1,buy,False,False,False,False,False,,,70,False,False,916c4fdea15f2c84,proxy_quality_from_locked_manifest_no_transcript_text_exported,medium
1773,z6EJWLrf_1s,PYPL,PayPal,Learn to Invest - Investors Grow,2023-09-25,buy,3,70,70,90,1,buy,False,False,False,False,False,,,20,True,False,ae46ccf3aca16164,proxy_quality_from_locked_manifest_no_transcript_text_exported,medium
1774,zLyrZKltbdw,AMZN,Amazon,Investing with Tom,2022-12-09,buy,3,65,65,90,1,buy,False,False,False,False,False,,,70,False,True,b10b9e5f2ea4e8b1,proxy_quality_from_locked_manifest_no_transcript_text_exported,medium
1775,-47wA5ldJgU,SOFI,SoFi,Couch Investor,2026-04-29,buy,2,50,50,90,1,buy,True,True,False,False,False,,,20,True,False,ea02a4d42bab418f,proxy_quality_from_locked_manifest_no_transcript_text_exported,medium
1776,-47wA5ldJgU,SOFI,SoFi,Couch Investor,2026-04-29,sell,3,70,70,90,1,sell,False,False,False,False,False,,,20,True,False,5c830edb3a332f54,proxy_quality_from_locked_manifest_no_transcript_text_exported,medium
1777,-47wA5ldJgU,META,Meta,Couch Investor,2026-04-29,sell,3,70,70,90,1,sell,False,False,False,False,False,,,20,True,False,9a6f4927540fa499,proxy_quality_from_locked_manifest_no_transcript_text_exported,medium
1778,2Y82M282wEE,NVDA,Nvidia,"Value Investing with Sven Carlin, Ph.D.",2026-04-21,sell,3,75,75,90,1,sell,False,False,False,False,False,,,20,True,True,7ffd37a643cf4a2e,proxy_quality_from_locked_manifest_no_transcript_text_exported,high
1779,2Y82M282wEE,PLTR,Palantir,"Value Investing with Sven Carlin, Ph.D.",2026-04-21,sell,3,70,70,90,1,sell,False,False,False,False,False,,,20,True,False,d16ca18320e1be30,proxy_quality_from_locked_manifest_no_transcript_text_exported,medium
1780,2dJH0dAoBOQ,NVDA,Nvidia,"Value Investing with Sven Carlin, Ph.D.",2026-04-21,sell,3,65,65,90,1,sell,False,False,False,False,False,,,70,False,True,7fb8767dafd8d5f8,proxy_quality_from_locked_manifest_no_transcript_text_exported,medium
1781,4fV6z5xqw0U,TSLA,Tesla,Stock Moe,2026-01-31,sell,3,75,75,90,1,sell,False,False,False,False,False,,,20,True,True,c821ac3b57e4344a,proxy_quality_from_locked_manifest_no_transcript_text_exported,high
1782,566DGPT1-yQ,AMD,nan,Financial Education,2025-12-31,buy,3,65,65,90,1,buy,False,False,False,False,False,,,70,False,True,122b0b088e79d5d7,proxy_quality_from_locked_manifest_no_transcript_text_exported,medium
1783,79-99DvYn88,AMZN,Amazon,Daniel Pronk,2026-04-12,buy,2,55,55,90,1,buy,True,True,False,False,False,,,20,True,True,6bb714b11bd88dce,proxy_quality_from_locked_manifest_no_transcript_text_exported,medium
1784,9LAzdM1JFkE,AMZN,Amazon,Best of Us Investors,2026-03-16,buy,3,75,75,90,1,buy,False,False,False,False,False,,,20,True,True,50c2b1f4e99b57dd,proxy_quality_from_locked_manifest_no_transcript_text_exported,high
1785,9LAzdM1JFkE,AAPL,Apple,Best of Us Investors,2026-03-16,buy,3,75,75,90,1,buy,False,False,False,False,False,,,20,True,True,c8a114f7989967e4,proxy_quality_from_locked_manifest_no_transcript_text_exported,high
1786,FjvAA4ClBIA,AMD,nan,Jose Najarro Stocks,2026-05-07,buy,3,65,65,90,1,buy,False,False,False,False,False,,,70,False,True,91b8d2d19d5f7163,proxy_quality_from_locked_manifest_no_transcript_text_exported,medium
1787,JEQdeEOLX3c,NVDA,Nvidia,Jose Najarro Stocks,2026-05-05,buy,3,65,65,90,1,buy,False,False,False,False,False,,,70,False,True,937973aaa1284255,proxy_quality_from_locked_manifest_no_transcript_text_exported,medium
1788,JEQdeEOLX3c,GOOGL,Alphabet,Jose Najarro Stocks,2026-05-05,sell,3,60,60,90,1,sell,False,False,False,False,False,,,70,False,False,154fe51abb52318e,proxy_quality_from_locked_manifest_no_transcript_text_exported,medium
1789,JEQdeEOLX3c,META,Meta,Jose Najarro Stocks,2026-05-05,buy,3,60,60,90,1,buy,False,False,False,False,False,,,70,False,False,c9adf5d3f29377dd,proxy_quality_from_locked_manifest_no_transcript_text_exported,medium
1790,Msk4jV-NMi4,SHOP,Shopify,Ale's World of Stocks,2026-02-18,buy,3,60,60,90,1,buy,False,False,False,False,False,,,70,False,False,7f2fd98f1a4ad0e6,proxy_quality_from_locked_manifest_no_transcript_text_exported,medium
1791,RUuCGXBMBts,AMZN,Amazon,The Investor Channel,2026-04-17,buy,3,65,65,90,1,buy,False,False,False,False,False,,,70,False,True,ec4fa6b2f36bd435,proxy_quality_from_locked_manifest_no_transcript_text_exported,medium
1792,T2II8itYQLY,GOOGL,Alphabet,Stock Moe,2026-01-12,buy,3,60,60,90,1,buy,False,False,False,False,False,,,70,False,False,1b78a8c1432c4f7e,proxy_quality_from_locked_manifest_no_transcript_text_exported,medium
1793,VkegraEo8N8,UBER,Uber,"Parkev Tatevosian, CFA",2026-05-09,buy,2,50,50,90,1,buy,True,True,False,False,False,,,20,True,False,78cd2900d5155afe,proxy_quality_from_locked_manifest_no_transcript_text_exported,medium
1794,YnIhU8buVqM,PLTR,Palantir,Financial Education,2026-01-21,buy,2,40,40,90,1,buy,True,True,False,False,False,,,70,False,False,3249b0ecd3a9bc38,proxy_quality_from_locked_manifest_no_transcript_text_exported,low
1795,ZoNdAG4wL_M,NFLX,Netflix,Learn to Invest - Investors Grow,2026-01-04,buy,3,70,70,90,1,buy,False,False,False,False,False,,,20,True,False,07e64e701e0ec133,proxy_quality_from_locked_manifest_no_transcript_text_exported,medium
1796,b3IcD1Ki3mw,META,Meta,"Parkev Tatevosian, CFA",2026-05-09,buy,3,70,70,90,1,buy,False,False,False,False,False,,,20,True,False,6619590b5b9ff917,proxy_quality_from_locked_manifest_no_transcript_text_exported,medium
1797,b3IcD1Ki3mw,META,Meta,"Parkev Tatevosian, CFA",2026-05-09,buy,3,70,70,90,1,buy,False,False,False,False,False,,,20,True,False,0b6a569df424ef70,proxy_quality_from_locked_manifest_no_transcript_text_exported,medium
1798,b3IcD1Ki3mw,META,Meta,"Parkev Tatevosian, CFA",2026-05-09,buy,3,70,70,90,1,buy,False,False,False,False,False,,,20,True,False,1155eb6ec6044b59,proxy_quality_from_locked_manifest_no_transcript_text_exported,medium
1799,cQ3VZJJDwI4,GOOGL,Alphabet,Investing with Tom,2023-08-25,sell,3,70,70,90,1,sell,False,False,False,False,False,,,20,True,False,0c5ab95dd97ccfec,proxy_quality_from_locked_manifest_no_transcript_text_exported,medium
1800,iE0ya4QEP6M,GOOGL,Alphabet,Jose Najarro Stocks,2026-04-30,sell,3,60,60,90,1,sell,False,False,False,False,False,,,70,False,False,23ed74f52d1d4c98,proxy_quality_from_locked_manifest_no_transcript_text_exported,medium
1801,iOJ34Usmi7c,PYPL,PayPal,Couch Investor,2026-05-05,buy,3,70,70,90,1,buy,False,False,False,False,False,,,20,True,False,c09900e054988d8f,proxy_quality_from_locked_manifest_no_transcript_text_exported,medium
1802,iOJ34Usmi7c,PYPL,PayPal,Couch Investor,2026-05-05,sell,3,70,70,90,1,sell,False,False,False,False,False,,,20,True,False,fe25ba99c4f5294a,proxy_quality_from_locked_manifest_no_transcript_text_exported,medium
1803,iOJ34Usmi7c,MSFT,Microsoft,Couch Investor,2026-05-05,buy,3,70,70,90,1,buy,False,False,False,False,False,,,20,True,False,081135608fd4227b,proxy_quality_from_locked_manifest_no_transcript_text_exported,medium
1804,iOJ34Usmi7c,SHOP,Shopify,Couch Investor,2026-05-05,buy,3,70,70,90,1,buy,False,False,False,False,False,,,20,True,False,324bfe2669bacccf,proxy_quality_from_locked_manifest_no_transcript_text_exported,medium
1805,pqQ-v51DN9U,MSFT,Microsoft,Couch Investor,2026-04-30,buy,2,40,40,90,1,buy,True,True,False,False,False,,,70,False,False,1c24c6afe24c40e6,proxy_quality_from_locked_manifest_no_transcript_text_exported,low
1806,urKw6UgHy7U,META,Meta,Couch Investor,2026-04-29,buy,3,60,60,90,1,buy,False,False,False,False,False,,,70,False,False,a0b730c6abddd66b,proxy_quality_from_locked_manifest_no_transcript_text_exported,medium
1807,urKw6UgHy7U,GOOGL,Alphabet,Couch Investor,2026-04-29,buy,3,60,60,90,1,buy,False,False,False,False,False,,,70,False,False,221768906bcc6c9c,proxy_quality_from_locked_manifest_no_transcript_text_exported,medium
1808,xEd3BKPx_5w,META,Meta,The Investor Channel,2026-03-13,buy,3,60,60,90,1,buy,False,False,False,False,False,,,70,False,False,502f41f3d921cf7c,proxy_quality_from_locked_manifest_no_transcript_text_exported,medium
1809,yMcHC559ms0,SOFI,SoFi,Couch Investor,2026-04-29,buy,3,60,60,90,1,buy,False,False,False,False,False,,,70,False,False,c7076db310d02d6b,proxy_quality_from_locked_manifest_no_transcript_text_exported,medium
1810,yyMU6QkRdX4,NFLX,Netflix,Daniel Pronk,2026-04-16,sell,3,60,60,90,1,sell,False,False,False,False,False,,,70,False,False,8cd8dfcc9fabe891,proxy_quality_from_locked_manifest_no_transcript_text_exported,medium
1811,VxullUlwyfk,AMD,nan,Couch Investor,2026-05-05,buy,3,65,65,90,1,buy,False,False,False,False,False,,,70,False,True,77fed0bdaa05680a,proxy_quality_from_locked_manifest_no_transcript_text_exported,medium
1812,VxullUlwyfk,NVDA,Nvidia,Couch Investor,2026-05-05,buy,3,65,65,90,1,buy,False,False,False,False,False,,,70,False,True,583d6f7f69e495ad,proxy_quality_from_locked_manifest_no_transcript_text_exported,medium
1813,VxullUlwyfk,GOOGL,Alphabet,Couch Investor,2026-05-05,sell,3,60,60,90,1,sell,False,False,False,False,False,,,70,False,False,2f58d8f3ee9753bf,proxy_quality_from_locked_manifest_no_transcript_text_exported,medium
1814,mnJf3yEipI8,GOOGL,Alphabet,Dividendology,2026-04-29,buy,3,60,60,90,1,buy,False,False,False,False,False,,,70,False,False,c164724473c19d41,proxy_quality_from_locked_manifest_no_transcript_text_exported,medium
1815,ZT5Y9OWWduo,META,Meta,Financial Education,2026-03-17,buy,3,60,60,90,1,buy,False,False,False,False,False,,,70,False,False,b356cced9efe745d,proxy_quality_from_locked_manifest_no_transcript_text_exported,medium
1816,ZT5Y9OWWduo,META,Meta,Financial Education,2026-03-17,buy,3,60,60,90,1,buy,False,False,False,False,False,,,70,False,False,2781d92dc41561d1,proxy_quality_from_locked_manifest_no_transcript_text_exported,medium
1817,ZT5Y9OWWduo,META,Meta,Financial Education,2026-03-17,buy,3,60,60,90,1,buy,False,False,False,False,False,,,70,False,False,638f57818fbb9084,proxy_quality_from_locked_manifest_no_transcript_text_exported,medium
1818,37HErhv0PDw,AAPL,Apple,The Swedish Investor,2025-06-27,buy,3,75,75,90,1,buy,False,False,False,False,False,,,20,True,True,1d1d0857e1a96072,proxy_quality_from_locked_manifest_no_transcript_text_exported,high
1819,8YAO5OMzEqo,TSLA,Tesla,Everything Money,2026-05-04,buy,3,75,75,90,1,buy,False,False,False,False,False,,,20,True,True,ee48794a715babe9,proxy_quality_from_locked_manifest_no_transcript_text_exported,high
1820,BxDjTZzN_vw,GOOGL,Alphabet,Sasha Yanshin,2026-02-15,buy,3,70,70,90,1,buy,False,False,False,False,False,,,20,True,False,38c0c345377929c3,proxy_quality_from_locked_manifest_no_transcript_text_exported,medium
1821,DspkdrYD3mE,PLTR,Palantir,Tom Nash,2026-04-10,sell,2,50,50,90,1,sell,True,True,False,False,False,,,20,True,False,e6e075f543facf69,proxy_quality_from_locked_manifest_no_transcript_text_exported,medium
1822,HnhI8RqeZPU,META,Meta,Daniel Pronk,2026-05-02,buy,3,70,70,90,1,buy,False,False,False,False,False,,,20,True,False,29c6adfe4763ea45,proxy_quality_from_locked_manifest_no_transcript_text_exported,medium
1823,IuqZ4FVA3ck,META,Meta,Couch Investor,2026-05-08,buy,3,60,60,90,1,buy,False,False,False,False,False,,,70,False,False,515d22e49ed1f5a0,proxy_quality_from_locked_manifest_no_transcript_text_exported,medium
1824,IuqZ4FVA3ck,META,Meta,Couch Investor,2026-05-08,buy,2,40,40,90,1,buy,True,True,False,False,False,,,70,False,False,89fe73d4f5ccd205,proxy_quality_from_locked_manifest_no_transcript_text_exported,low
1825,IuqZ4FVA3ck,META,Meta,Couch Investor,2026-05-08,buy,3,60,60,90,1,buy,False,False,False,False,False,,,70,False,False,6d7db18cfc2b643d,proxy_quality_from_locked_manifest_no_transcript_text_exported,medium
1826,IuqZ4FVA3ck,SOFI,SoFi,Couch Investor,2026-05-08,buy,3,60,60,90,1,buy,False,False,False,False,False,,,70,False,False,ee936fe37789381f,proxy_quality_from_locked_manifest_no_transcript_text_exported,medium
1827,IuqZ4FVA3ck,NFLX,Netflix,Couch Investor,2026-05-08,buy,3,60,60,90,1,buy,False,False,False,False,False,,,70,False,False,76ca8a9d854e9b4b,proxy_quality_from_locked_manifest_no_transcript_text_exported,medium
1828,JpGyIp6-Icw,NVDA,Nvidia,ZipTrader,2026-04-27,buy,3,65,65,90,1,buy,False,False,False,False,False,,,70,False,True,54706eb1471f3e5e,proxy_quality_from_locked_manifest_no_transcript_text_exported,medium
1829,JpGyIp6-Icw,NVDA,Nvidia,ZipTrader,2026-04-27,buy,3,65,65,90,1,buy,False,False,False,False,False,,,70,False,True,3c96e289b6285e7a,proxy_quality_from_locked_manifest_no_transcript_text_exported,medium
1830,N2AKFXEJrmw,GOOGL,Alphabet,Daniel Pronk,2026-05-05,buy,3,60,60,90,1,buy,False,False,False,False,False,,,70,False,False,a42faac450a2e46e,proxy_quality_from_locked_manifest_no_transcript_text_exported,medium
1831,U3eGEycHccU,TSLA,Tesla,Financial Education,2026-03-21,sell,3,75,75,90,1,sell,False,False,False,False,False,,,20,True,True,ea25a284b7239638,proxy_quality_from_locked_manifest_no_transcript_text_exported,high
1832,XR57WlqX4iM,DIS,Disney,The Swedish Investor,2025-04-29,buy,3,70,70,90,1,buy,False,False,False,False,False,,,20,True,False,b41b1e8a5d707c61,proxy_quality_from_locked_manifest_no_transcript_text_exported,medium
1833,XR57WlqX4iM,DIS,Disney,The Swedish Investor,2025-04-29,buy,3,70,70,90,1,buy,False,False,False,False,False,,,20,True,False,4072d0c663ba39b1,proxy_quality_from_locked_manifest_no_transcript_text_exported,medium
1834,ZdxSfpyE3io,AMZN,Amazon,Meet Kevin,2025-12-31,buy,3,65,65,90,1,buy,False,False,False,False,False,,,70,False,True,f941659b75a93d9c,proxy_quality_from_locked_manifest_no_transcript_text_exported,medium
1835,_vefC6wbulo,AMZN,Amazon,Daniel Pronk,2026-04-28,buy,3,65,65,90,1,buy,False,False,False,False,False,,,70,False,True,179bcb76a9da3c89,proxy_quality_from_locked_manifest_no_transcript_text_exported,medium
1836,ha595tW5ZYI,NVDA,Nvidia,Learn to Invest - Investors Grow,2026-04-04,buy,3,75,75,90,1,buy,False,False,False,False,False,,,20,True,True,5849c588c5d70fcb,proxy_quality_from_locked_manifest_no_transcript_text_exported,high
1837,j0UlfSd4mj0,NVDA,Nvidia,Couch Investor,2026-05-11,buy,3,75,75,90,1,buy,False,False,False,False,False,,,20,True,True,b4aee7abd5b86bb2,proxy_quality_from_locked_manifest_no_transcript_text_exported,high
1838,ogRgEob9-pY,AMZN,Amazon,Best of Us Investors,2026-05-04,sell,3,75,75,90,1,sell,False,False,False,False,False,,,20,True,True,15848ef4a6f9cbf6,proxy_quality_from_locked_manifest_no_transcript_text_exported,high
1839,t07A312EiCo,AMD,nan,Ticker Symbol: YOU,2026-04-30,buy,3,65,65,90,1,buy,False,False,False,False,False,,,70,False,True,e32b4e79669a56d5,proxy_quality_from_locked_manifest_no_transcript_text_exported,medium
1840,t07A312EiCo,NVDA,Nvidia,Ticker Symbol: YOU,2026-04-30,buy,3,65,65,90,1,buy,False,False,False,False,False,,,70,False,True,1640e4c513e5cb44,proxy_quality_from_locked_manifest_no_transcript_text_exported,medium
1841,TWbl-PTpWUY,TSLA,Tesla,Chris Sain,2025-05-14,buy,2,45,45,90,1,buy,True,True,False,False,False,,,70,False,True,a29b815d5ef1488b,proxy_quality_from_locked_manifest_no_transcript_text_exported,low
1842,3UksR3ghPi4,NVDA,Nvidia,Best of Us Investors,2025-09-02,sell,3,75,75,90,1,sell,False,False,False,False,False,,,20,True,True,e3fd459b479d177f,proxy_quality_from_locked_manifest_no_transcript_text_exported,high
1843,3cZ0meXHFSU,META,Meta,Chris Sain,2025-06-26,buy,3,60,60,90,1,buy,False,False,False,False,False,,,70,False,False,3d545cf6af230f1d,proxy_quality_from_locked_manifest_no_transcript_text_exported,medium
1844,OALvs2pdQfY,GOOGL,Alphabet,Chris Sain,2025-07-04,buy,3,60,60,90,1,buy,False,False,False,False,False,,,70,False,False,c7542fc4c9e6585d,proxy_quality_from_locked_manifest_no_transcript_text_exported,medium
1845,WQRRgjZvw48,NVDA,Nvidia,Best of Us Investors,2025-08-25,buy,3,75,75,90,1,buy,False,False,False,False,False,,,20,True,True,a8e243015b0ae0b8,proxy_quality_from_locked_manifest_no_transcript_text_exported,high
1846,zCnBQKLEAmo,META,Meta,Chris Sain,2025-06-07,buy,3,70,70,90,1,buy,False,False,False,False,False,,,20,True,False,6438eb84bd1bb8ad,proxy_quality_from_locked_manifest_no_transcript_text_exported,medium
1847,1kkYirZWToE,TSLA,Tesla,Chicken Genius Singapore,2021-05-14,buy,3,75,75,90,1,buy,False,False,False,False,False,,,20,True,True,a6fc879fcaf4004d,proxy_quality_from_locked_manifest_no_transcript_text_exported,high
1848,yHaFZjH1po8,SQ,nan,Chicken Genius Singapore,2020-11-20,sell,3,70,70,60,1,sell,False,False,False,False,True,,,20,True,False,79635b5a4a541fa1,proxy_quality_from_locked_manifest_no_transcript_text_exported,medium
1849,2EsN8-iGb9I,AMZN,Amazon,Chicken Genius Singapore,2020-07-17,sell,3,75,75,90,1,sell,False,False,False,False,False,,,20,True,True,063f1e6febe54fd3,proxy_quality_from_locked_manifest_no_transcript_text_exported,high
1850,DgzWuS5_XyI,TSLA,Tesla,Chicken Genius Singapore,2020-06-22,buy,4,95,95,90,1,buy,False,False,False,False,False,,,20,True,True,f6b356c034394c0f,proxy_quality_from_locked_manifest_no_transcript_text_exported,high
1851,Zxz4CiEoyeE,TSLA,Tesla,Chicken Genius Singapore,2020-06-15,buy,3,75,75,90,1,buy,False,False,False,False,False,,,20,True,True,f9e8bc9d6fbf09f7,proxy_quality_from_locked_manifest_no_transcript_text_exported,high
1852,qSAEtgOMcUc,TSLA,Tesla,Chicken Genius Singapore,2020-06-05,buy,3,75,75,90,1,buy,False,False,False,False,False,,,20,True,True,c9a954e4cc228f13,proxy_quality_from_locked_manifest_no_transcript_text_exported,high
1853,lAjQ0a8EFLg,TSLA,Tesla,Chicken Genius Singapore,2020-06-01,buy,3,75,75,90,1,buy,False,False,False,False,False,,,20,True,True,973e0275f8e7774a,proxy_quality_from_locked_manifest_no_transcript_text_exported,high
1854,vq2OzoJ-xSk,TSLA,Tesla,Chicken Genius Singapore,2020-05-22,buy,3,75,75,90,1,buy,False,False,False,False,False,,,20,True,True,a440bcd63fb551d5,proxy_quality_from_locked_manifest_no_transcript_text_exported,high
1855,wBjBs0VibaY,GOOGL,Alphabet,The Plain Bagel,2023-10-27,buy,3,60,60,90,1,buy,False,False,False,False,False,,,70,False,False,118e50e39b140036,proxy_quality_from_locked_manifest_no_transcript_text_exported,medium
1856,nKHzfQd4lOo,NVDA,Nvidia,The Plain Bagel,2024-12-28,buy,3,75,75,90,1,buy,False,False,False,False,False,,,20,True,True,720bb501cd6a81e2,proxy_quality_from_locked_manifest_no_transcript_text_exported,high
1857,nKHzfQd4lOo,NVDA,Nvidia,The Plain Bagel,2024-12-28,buy,3,75,75,90,1,buy,False,False,False,False,False,,,20,True,True,9be06fbfcce44a2a,proxy_quality_from_locked_manifest_no_transcript_text_exported,high
1858,dsVxaGMD2q8,MSFT,Microsoft,New Money,2024-07-14,buy,3,70,70,90,1,buy,False,False,False,False,False,,,20,True,False,8261f570d5c924b9,proxy_quality_from_locked_manifest_no_transcript_text_exported,medium
1859,wwIh2NK3GMM,META,Meta,Kenan Grace,2026-04-09,buy,3,60,60,90,1,buy,False,False,False,False,False,,,70,False,False,60576ffb78451da4,proxy_quality_from_locked_manifest_no_transcript_text_exported,medium
1860,8ZllCsuVEaM,MSFT,Microsoft,Everything Money,2025-10-11,buy,3,70,70,90,1,buy,False,False,False,False,False,,,20,True,False,3bcadece782c0bf9,proxy_quality_from_locked_manifest_no_transcript_text_exported,medium
1861,JooqHEF0kBo,AMC,nan,The Plain Bagel,2024-05-31,sell,3,60,60,90,1,sell,False,False,False,False,False,,,70,False,False,5326455fa8f648ed,proxy_quality_from_locked_manifest_no_transcript_text_exported,medium
1862,JooqHEF0kBo,AMC,nan,The Plain Bagel,2024-05-31,sell,3,60,60,90,1,sell,False,False,False,False,False,,,70,False,False,fd065183cefe5c05,proxy_quality_from_locked_manifest_no_transcript_text_exported,medium
1863,BL_L4hHBTLc,DIS,Disney,The Plain Bagel,2022-11-18,buy,3,60,60,90,1,buy,False,False,False,False,False,,,70,False,False,51b0292e0652ca83,proxy_quality_from_locked_manifest_no_transcript_text_exported,medium
1864,kG6MzOFT9RM,SHOP,Shopify,Ticker Symbol: YOU,2023-01-08,buy,3,70,70,90,1,buy,False,False,False,False,False,,,20,True,False,e198d6361360842e,proxy_quality_from_locked_manifest_no_transcript_text_exported,medium
1865,gaG787XWIXc,AAPL,Apple,New Money,2023-08-18,sell,3,75,75,90,1,sell,False,False,False,False,False,,,20,True,True,f41dffba4ae10a05,proxy_quality_from_locked_manifest_no_transcript_text_exported,high
1866,5T_EgAUWhhg,TSLA,Tesla,Chicken Genius Singapore,2021-08-02,buy,3,75,75,90,1,buy,False,False,False,False,False,,,20,True,True,308201c572b8ca76,proxy_quality_from_locked_manifest_no_transcript_text_exported,high
1867,Q91eWzrwLeY,AMD,nan,Meet Kevin,2025-11-24,buy,3,65,65,90,1,buy,False,False,False,False,False,,,70,False,True,faf16d87fda1782e,proxy_quality_from_locked_manifest_no_transcript_text_exported,medium
1868,fIcWfHikAOo,AMD,nan,The Plain Bagel,2025-11-07,buy,3,65,65,90,1,buy,False,False,False,False,False,,,70,False,True,da439f09fc078d38,proxy_quality_from_locked_manifest_no_transcript_text_exported,medium
1869,kLq9UBVTUYY,MSFT,Microsoft,Tom Nash,2024-12-04,buy,3,60,60,90,1,buy,False,False,False,False,False,,,70,False,False,55aeedd458967d35,proxy_quality_from_locked_manifest_no_transcript_text_exported,medium
1870,9ykRV2OMPbE,NVDA,Nvidia,Ticker Symbol: YOU,2023-03-21,buy,3,65,65,90,1,buy,False,False,False,False,False,,,70,False,True,2d56202cfdc68978,proxy_quality_from_locked_manifest_no_transcript_text_exported,medium
1871,AqZbO8Ojhmw,AMZN,Amazon,The Plain Bagel,2022-11-04,sell,3,65,65,90,1,sell,False,False,False,False,False,,,70,False,True,8bbfc0202ee5ec83,proxy_quality_from_locked_manifest_no_transcript_text_exported,medium
1872,Uf85jlmd5_4,NVDA,Nvidia,Sasha Yanshin,2023-08-30,buy,3,75,75,90,1,buy,False,False,False,False,False,,,20,True,True,280da564399dbcdc,proxy_quality_from_locked_manifest_no_transcript_text_exported,high
1873,Uf85jlmd5_4,MSFT,Microsoft,Sasha Yanshin,2023-08-30,buy,3,70,70,90,1,buy,False,False,False,False,False,,,20,True,False,a71ce970c8541980,proxy_quality_from_locked_manifest_no_transcript_text_exported,medium
1874,HFxdNdd1BW0,GOOGL,Alphabet,Sasha Yanshin,2023-12-18,buy,2,40,40,90,1,buy,True,True,False,False,False,,,70,False,False,ab24a55e6b55691d,proxy_quality_from_locked_manifest_no_transcript_text_exported,low
1875,HFxdNdd1BW0,GOOGL,Alphabet,Sasha Yanshin,2023-12-18,sell,4,80,80,90,1,sell,False,False,False,False,False,,,70,False,False,e0fe68eab4435203,proxy_quality_from_locked_manifest_no_transcript_text_exported,high
1876,HFxdNdd1BW0,AMD,nan,Sasha Yanshin,2023-12-18,sell,4,85,85,90,1,sell,False,False,False,False,False,,,70,False,True,8d2a971035e07af1,proxy_quality_from_locked_manifest_no_transcript_text_exported,high
1877,HFxdNdd1BW0,TSLA,Tesla,Sasha Yanshin,2023-12-18,sell,3,65,65,90,1,sell,False,False,False,False,False,,,70,False,True,d22a6cd6bc93b7f5,proxy_quality_from_locked_manifest_no_transcript_text_exported,medium
1878,daw3A_OI1ac,TSLA,Tesla,HyperChange,2022-01-20,buy,3,65,65,90,1,buy,False,False,False,False,False,,,70,False,True,b1b35bda92a10058,proxy_quality_from_locked_manifest_no_transcript_text_exported,medium
1879,HEvRiI2r2lQ,AMZN,Amazon,ZipTrader,2025-01-22,buy,3,65,65,90,1,buy,False,False,False,False,False,,,70,False,True,fb4086aea0042e4e,proxy_quality_from_locked_manifest_no_transcript_text_exported,medium
1880,HEvRiI2r2lQ,NVDA,Nvidia,ZipTrader,2025-01-22,buy,3,65,65,90,1,buy,False,False,False,False,False,,,70,False,True,a5c85c55b90e815c,proxy_quality_from_locked_manifest_no_transcript_text_exported,medium
1881,Md0F7Bvwtz4,NVDA,Nvidia,Meet Kevin,2025-12-12,sell,3,65,65,90,1,sell,False,False,False,False,False,,,70,False,True,43a18d6eca0ad1c7,proxy_quality_from_locked_manifest_no_transcript_text_exported,medium
1882,V-T-k1pK4LY,GOOGL,Alphabet,Stock Moe,2025-12-31,buy,3,60,60,90,1,buy,False,False,False,False,False,,,70,False,False,2a34cb2277bfda2c,proxy_quality_from_locked_manifest_no_transcript_text_exported,medium
1883,y-EbYtfeI5o,META,Meta,Everything Money,2026-02-16,buy,3,70,70,90,1,buy,False,False,False,False,False,,,20,True,False,f427844f47be23e3,proxy_quality_from_locked_manifest_no_transcript_text_exported,medium
1884,y-EbYtfeI5o,PYPL,PayPal,Everything Money,2026-02-16,buy,3,70,70,90,1,buy,False,False,False,False,False,,,20,True,False,76243122f4582b1f,proxy_quality_from_locked_manifest_no_transcript_text_exported,medium
1885,y-EbYtfeI5o,PYPL,PayPal,Everything Money,2026-02-16,buy,3,70,70,90,1,buy,False,False,False,False,False,,,20,True,False,9fef8ad1415a10a9,proxy_quality_from_locked_manifest_no_transcript_text_exported,medium
1886,y-EbYtfeI5o,PYPL,PayPal,Everything Money,2026-02-16,buy,3,70,70,90,1,buy,False,False,False,False,False,,,20,True,False,d88f610c6d18076d,proxy_quality_from_locked_manifest_no_transcript_text_exported,medium
1887,y-EbYtfeI5o,PYPL,PayPal,Everything Money,2026-02-16,buy,3,70,70,90,1,buy,False,False,False,False,False,,,20,True,False,c8619b346f3018be,proxy_quality_from_locked_manifest_no_transcript_text_exported,medium
1888,y-EbYtfeI5o,NVDA,Nvidia,Everything Money,2026-02-16,buy,3,75,75,90,1,buy,False,False,False,False,False,,,20,True,True,2856433076fd1102,proxy_quality_from_locked_manifest_no_transcript_text_exported,high
1889,gpxJkp9Dv0k,MSFT,Microsoft,Everything Money,2026-03-03,buy,3,70,70,90,1,buy,False,False,False,False,False,,,20,True,False,f737d3d6dac581f0,proxy_quality_from_locked_manifest_no_transcript_text_exported,medium
1890,gpxJkp9Dv0k,MSFT,Microsoft,Everything Money,2026-03-03,sell,3,70,70,90,1,sell,False,False,False,False,False,,,20,True,False,fa451cc71ff7f946,proxy_quality_from_locked_manifest_no_transcript_text_exported,medium
1891,jkF0tlSV5qk,MSFT,Microsoft,Financial Education,2026-03-26,buy,3,60,60,90,1,buy,False,False,False,False,False,,,70,False,False,581e7f9abd862ed3,proxy_quality_from_locked_manifest_no_transcript_text_exported,medium
1892,MDcoPZ5cAbg,SOFI,SoFi,Financial Education,2026-04-07,buy,4,80,80,90,1,buy,False,False,False,False,False,,,70,False,False,a669394640ae10b1,proxy_quality_from_locked_manifest_no_transcript_text_exported,high
1893,ljWJDprZM4o,AMD,nan,Financial Education,2026-04-15,buy,4,85,85,90,1,buy,False,False,False,False,False,,,70,False,True,1c4f41106e247c41,proxy_quality_from_locked_manifest_no_transcript_text_exported,high
1894,ljWJDprZM4o,AMD,nan,Financial Education,2026-04-15,buy,4,85,85,90,1,buy,False,False,False,False,False,,,70,False,True,342be576ad7fb55f,proxy_quality_from_locked_manifest_no_transcript_text_exported,high
1895,ljWJDprZM4o,AMD,nan,Financial Education,2026-04-15,buy,3,65,65,90,1,buy,False,False,False,False,False,,,70,False,True,29b048319ab35d39,proxy_quality_from_locked_manifest_no_transcript_text_exported,medium
1896,bsXdpDzDTqk,AMD,nan,Financial Education,2026-04-22,buy,4,85,85,90,1,buy,False,False,False,False,False,,,70,False,True,5780b8c0fd43b75a,proxy_quality_from_locked_manifest_no_transcript_text_exported,high
1897,uydkWBlPHg0,TSLA,Tesla,Sasha Yanshin,2025-02-11,buy,3,65,65,90,1,buy,False,False,False,False,False,,,70,False,True,71f06e2ad65294b4,proxy_quality_from_locked_manifest_no_transcript_text_exported,medium
1898,uydkWBlPHg0,TSLA,Tesla,Sasha Yanshin,2025-02-11,buy,3,65,65,90,1,buy,False,False,False,False,False,,,70,False,True,52907af8a79616f1,proxy_quality_from_locked_manifest_no_transcript_text_exported,medium
1899,uydkWBlPHg0,TSLA,Tesla,Sasha Yanshin,2025-02-11,sell,3,65,65,90,1,sell,False,False,False,False,False,,,70,False,True,6fdb763786b4df92,proxy_quality_from_locked_manifest_no_transcript_text_exported,medium
1900,uydkWBlPHg0,TSLA,Tesla,Sasha Yanshin,2025-02-11,sell,3,65,65,90,1,sell,False,False,False,False,False,,,70,False,True,9281ab70c4984c95,proxy_quality_from_locked_manifest_no_transcript_text_exported,medium
1901,uydkWBlPHg0,TSLA,Tesla,Sasha Yanshin,2025-02-11,sell,3,65,65,90,1,sell,False,False,False,False,False,,,70,False,True,6e1ee87fcf3bafcb,proxy_quality_from_locked_manifest_no_transcript_text_exported,medium
1902,c_FA16k8i_c,GOOGL,Alphabet,Dumb Money Live,2025-10-29,sell,3,60,60,90,1,sell,False,False,False,False,False,,,70,False,False,5581b1c30e02a472,proxy_quality_from_locked_manifest_no_transcript_text_exported,medium
1903,c_FA16k8i_c,GOOGL,Alphabet,Dumb Money Live,2025-10-29,buy,3,60,60,90,1,buy,False,False,False,False,False,,,70,False,False,39f4b5dea0083ade,proxy_quality_from_locked_manifest_no_transcript_text_exported,medium
1904,c_FA16k8i_c,AAPL,Apple,Dumb Money Live,2025-10-29,buy,3,65,65,90,1,buy,False,False,False,False,False,,,70,False,True,c4467ab1f5950564,proxy_quality_from_locked_manifest_no_transcript_text_exported,medium
1905,c_FA16k8i_c,AAPL,Apple,Dumb Money Live,2025-10-29,sell,3,65,65,90,1,sell,False,False,False,False,False,,,70,False,True,180921e8b82accef,proxy_quality_from_locked_manifest_no_transcript_text_exported,medium
1906,RS9uOBSp_iU,AMZN,Amazon,Minority Mindset,2026-01-31,buy,3,75,75,90,1,buy,False,False,False,False,False,,,20,True,True,f1d3318f90c4d8ad,proxy_quality_from_locked_manifest_no_transcript_text_exported,high
1907,gV_ofJTp8vA,NVDA,Nvidia,Kenan Grace,2026-03-30,buy,3,65,65,90,1,buy,False,False,False,False,False,,,70,False,True,e5f5949c7b5d0e56,proxy_quality_from_locked_manifest_no_transcript_text_exported,medium
1908,0rYWdlmhOag,AMZN,Amazon,Kenan Grace,2026-04-22,buy,3,65,65,90,1,buy,False,False,False,False,False,,,70,False,True,6595c8c20606562d,proxy_quality_from_locked_manifest_no_transcript_text_exported,medium
1909,0rYWdlmhOag,AMZN,Amazon,Kenan Grace,2026-04-22,buy,3,65,65,90,1,buy,False,False,False,False,False,,,70,False,True,25dae7f18b09f7aa,proxy_quality_from_locked_manifest_no_transcript_text_exported,medium
1910,I6loWAUoXuE,PYPL,PayPal,Financial Education,2024-10-29,buy,3,60,60,90,1,buy,False,False,False,False,False,,,70,False,False,3a0dbafa9b7614eb,proxy_quality_from_locked_manifest_no_transcript_text_exported,medium
1911,1vMAWsYU0ng,TSLA,Tesla,Graham Stephan,2025-09-01,buy,3,65,65,90,1,buy,False,False,False,False,False,,,70,False,True,66f337208f7fe7cd,proxy_quality_from_locked_manifest_no_transcript_text_exported,medium
1912,3DZMUqKAc0w,TSLA,Tesla,Graham Stephan,2025-12-21,buy,3,75,75,90,1,buy,False,False,False,False,False,,,20,True,True,d149e97c93e84a18,proxy_quality_from_locked_manifest_no_transcript_text_exported,high
1913,v_IZ6Z7jFO0,TSLA,Tesla,Graham Stephan,2025-12-17,buy,3,65,65,90,1,buy,False,False,False,False,False,,,70,False,True,03a1802cb6235b6b,proxy_quality_from_locked_manifest_no_transcript_text_exported,medium
1914,vNkpBE68i5M,PYPL,PayPal,Everything Money,2026-04-30,sell,3,70,70,90,1,sell,False,False,False,False,False,,,20,True,False,2be0344ac997c22c,proxy_quality_from_locked_manifest_no_transcript_text_exported,medium
1915,KsKKUwxSOI8,GOOGL,Alphabet,Dumb Money Live,2025-11-09,buy,3,70,70,90,1,buy,False,False,False,False,False,,,20,True,False,ffb8a7974623650a,proxy_quality_from_locked_manifest_no_transcript_text_exported,medium
1916,c1R83JYNJQ4,NVDA,Nvidia,STOCK UP! with LARRY JONES,2025-10-30,buy,3,65,65,90,1,buy,False,False,False,False,False,,,70,False,True,a05c87142473b13b,proxy_quality_from_locked_manifest_no_transcript_text_exported,medium
1917,c1R83JYNJQ4,NVDA,Nvidia,STOCK UP! with LARRY JONES,2025-10-30,buy,3,65,65,90,1,buy,False,False,False,False,False,,,70,False,True,bfe1aa2793aad9e4,proxy_quality_from_locked_manifest_no_transcript_text_exported,medium
1918,c1R83JYNJQ4,AAPL,Apple,STOCK UP! with LARRY JONES,2025-10-30,sell,3,65,65,90,1,sell,False,False,False,False,False,,,70,False,True,aec1fb59df45ee3d,proxy_quality_from_locked_manifest_no_transcript_text_exported,medium
1919,c1R83JYNJQ4,GOOGL,Alphabet,STOCK UP! with LARRY JONES,2025-10-30,buy,3,60,60,90,1,buy,False,False,False,False,False,,,70,False,False,6b9ed909b2e51ddd,proxy_quality_from_locked_manifest_no_transcript_text_exported,medium
1920,c1R83JYNJQ4,AMZN,Amazon,STOCK UP! with LARRY JONES,2025-10-30,sell,3,65,65,90,1,sell,False,False,False,False,False,,,70,False,True,3f13f87d38e00187,proxy_quality_from_locked_manifest_no_transcript_text_exported,medium
1921,aHQCPfkjsc8,NVDA,Nvidia,STOCK UP! with LARRY JONES,2026-02-26,sell,3,65,65,90,1,sell,False,False,False,False,False,,,70,False,True,8cc51ba4096c3994,proxy_quality_from_locked_manifest_no_transcript_text_exported,medium
1922,aHQCPfkjsc8,NVDA,Nvidia,STOCK UP! with LARRY JONES,2026-02-26,buy,3,65,65,90,1,buy,False,False,False,False,False,,,70,False,True,6a1bef5710237a0f,proxy_quality_from_locked_manifest_no_transcript_text_exported,medium
1923,MECPdeRM03M,AAPL,Apple,Kenan Grace,2026-04-21,buy,3,65,65,90,1,buy,False,False,False,False,False,,,70,False,True,2ce0a213f7d22ac3,proxy_quality_from_locked_manifest_no_transcript_text_exported,medium
1924,vljvbEyhsHg,TSLA,Tesla,Kenan Grace,2026-04-23,sell,3,65,65,90,1,sell,False,False,False,False,False,,,70,False,True,5d83473199f64d62,proxy_quality_from_locked_manifest_no_transcript_text_exported,medium
1925,Bh0WFgMNWS4,TSLA,Tesla,Financial Education,2024-10-23,sell,3,65,65,90,1,sell,False,False,False,False,False,,,70,False,True,c9056d7fcb181305,proxy_quality_from_locked_manifest_no_transcript_text_exported,medium
1926,Bh0WFgMNWS4,TSLA,Tesla,Financial Education,2024-10-23,buy,3,65,65,90,1,buy,False,False,False,False,False,,,70,False,True,9e3ede9b91457965,proxy_quality_from_locked_manifest_no_transcript_text_exported,medium
1927,Bh0WFgMNWS4,TSLA,Tesla,Financial Education,2024-10-23,sell,3,65,65,90,1,sell,False,False,False,False,False,,,70,False,True,e313f9a0d0ade63a,proxy_quality_from_locked_manifest_no_transcript_text_exported,medium
1928,Bh0WFgMNWS4,TSLA,Tesla,Financial Education,2024-10-23,buy,3,65,65,90,1,buy,False,False,False,False,False,,,70,False,True,4f8221be25a17579,proxy_quality_from_locked_manifest_no_transcript_text_exported,medium
1929,Bh0WFgMNWS4,TSLA,Tesla,Financial Education,2024-10-23,buy,3,65,65,90,1,buy,False,False,False,False,False,,,70,False,True,cf0b86a2e6f140e2,proxy_quality_from_locked_manifest_no_transcript_text_exported,medium
1930,Bh0WFgMNWS4,TSLA,Tesla,Financial Education,2024-10-23,buy,3,65,65,90,1,buy,False,False,False,False,False,,,70,False,True,22a2edfa9fdfec48,proxy_quality_from_locked_manifest_no_transcript_text_exported,medium
1931,Bh0WFgMNWS4,NVDA,Nvidia,Financial Education,2024-10-23,buy,3,65,65,90,1,buy,False,False,False,False,False,,,70,False,True,03855d123793c0bb,proxy_quality_from_locked_manifest_no_transcript_text_exported,medium
1932,Bh0WFgMNWS4,NVDA,Nvidia,Financial Education,2024-10-23,sell,3,65,65,90,1,sell,False,False,False,False,False,,,70,False,True,000a427fe0b35784,proxy_quality_from_locked_manifest_no_transcript_text_exported,medium
1933,Bh0WFgMNWS4,NVDA,Nvidia,Financial Education,2024-10-23,sell,3,65,65,90,1,sell,False,False,False,False,False,,,70,False,True,3456d5ef59373b69,proxy_quality_from_locked_manifest_no_transcript_text_exported,medium
1934,Bh0WFgMNWS4,AAPL,Apple,Financial Education,2024-10-23,sell,3,65,65,90,1,sell,False,False,False,False,False,,,70,False,True,394bce127af9c81e,proxy_quality_from_locked_manifest_no_transcript_text_exported,medium
1935,x3Uw6BppRb4,AMD,nan,Financial Education,2024-12-10,buy,3,65,65,90,1,buy,False,False,False,False,False,,,70,False,True,f5084a81771c9681,proxy_quality_from_locked_manifest_no_transcript_text_exported,medium
1936,x3Uw6BppRb4,AMD,nan,Financial Education,2024-12-10,buy,3,65,65,90,1,buy,False,False,False,False,False,,,70,False,True,81166c04d1a9fdbc,proxy_quality_from_locked_manifest_no_transcript_text_exported,medium
1937,x3Uw6BppRb4,AMD,nan,Financial Education,2024-12-10,buy,3,65,65,90,1,buy,False,False,False,False,False,,,70,False,True,4051c7174bc2a2da,proxy_quality_from_locked_manifest_no_transcript_text_exported,medium
1938,x3Uw6BppRb4,AMD,nan,Financial Education,2024-12-10,buy,3,65,65,90,1,buy,False,False,False,False,False,,,70,False,True,2f7e83be68eb8625,proxy_quality_from_locked_manifest_no_transcript_text_exported,medium
1939,x3Uw6BppRb4,AMD,nan,Financial Education,2024-12-10,sell,3,65,65,90,1,sell,False,False,False,False,False,,,70,False,True,718bb1b3022cae40,proxy_quality_from_locked_manifest_no_transcript_text_exported,medium
1940,x3Uw6BppRb4,SHOP,Shopify,Financial Education,2024-12-10,buy,3,60,60,90,1,buy,False,False,False,False,False,,,70,False,False,67a9b86618669be5,proxy_quality_from_locked_manifest_no_transcript_text_exported,medium
1941,x3Uw6BppRb4,TSLA,Tesla,Financial Education,2024-12-10,buy,3,65,65,90,1,buy,False,False,False,False,False,,,70,False,True,762cf2a06fe7c07a,proxy_quality_from_locked_manifest_no_transcript_text_exported,medium
1942,x3Uw6BppRb4,PYPL,PayPal,Financial Education,2024-12-10,buy,3,60,60,90,1,buy,False,False,False,False,False,,,70,False,False,94bbcdd0549aad7f,proxy_quality_from_locked_manifest_no_transcript_text_exported,medium
1943,nYWHivR6hdM,COIN,Coinbase,STOCK UP! with LARRY JONES,2025-11-05,buy,3,60,60,90,1,buy,False,False,False,False,False,,,70,False,False,2263c7e39c81c1a2,proxy_quality_from_locked_manifest_no_transcript_text_exported,medium
1944,xiK_zuUwpSc,UBER,Uber,STOCK UP! with LARRY JONES,2025-11-06,buy,3,60,60,90,1,buy,False,False,False,False,False,,,70,False,False,ff6d446a61fb7361,proxy_quality_from_locked_manifest_no_transcript_text_exported,medium
1945,mC9GZkoXaOk,SOFI,SoFi,STOCK UP! with LARRY JONES,2026-02-27,buy,3,60,60,90,1,buy,False,False,False,False,False,,,70,False,False,3edd4cc2f75220c8,proxy_quality_from_locked_manifest_no_transcript_text_exported,medium
1946,Iz7leDWCmHU,AAPL,Apple,Ale's World of Stocks,2026-04-10,sell,3,75,75,90,1,sell,False,False,False,False,False,,,20,True,True,8de2d02d6a8790d5,proxy_quality_from_locked_manifest_no_transcript_text_exported,high
1947,bYSosJ-t4Rk,AMD,nan,Ale's World of Stocks,2025-10-04,buy,3,75,75,90,1,buy,False,False,False,False,False,,,20,True,True,998c54d6e19e6848,proxy_quality_from_locked_manifest_no_transcript_text_exported,high
1948,paKnoskDdbk,TSLA,Tesla,Sasha Yanshin,2024-10-28,buy,3,65,65,90,1,buy,False,False,False,False,False,,,70,False,True,7256f7a2c2a9570c,proxy_quality_from_locked_manifest_no_transcript_text_exported,medium
1949,9DANrNUHzSM,TSLA,Tesla,Sasha Yanshin,2024-07-30,buy,3,65,65,90,1,buy,False,False,False,False,False,,,70,False,True,8d77789649006971,proxy_quality_from_locked_manifest_no_transcript_text_exported,medium
1950,9DANrNUHzSM,MSFT,Microsoft,Sasha Yanshin,2024-07-30,sell,3,60,60,90,1,sell,False,False,False,False,False,,,70,False,False,3749c30a034344d3,proxy_quality_from_locked_manifest_no_transcript_text_exported,medium
1951,En_k9XZCTQc,META,Meta,Meet Kevin,2026-01-01,buy,3,60,60,90,1,buy,False,False,False,False,False,,,70,False,False,82c4bc82d5ab66fb,proxy_quality_from_locked_manifest_no_transcript_text_exported,medium
1952,NFFMAJnvop8,TSLA,Tesla,Meet Kevin,2026-01-15,sell,2,45,45,90,1,sell,True,True,False,False,False,,,70,False,True,3b6b717d59a31035,proxy_quality_from_locked_manifest_no_transcript_text_exported,low
1953,nDHhN9YQEMQ,TSLA,Tesla,Ale's World of Stocks,2024-07-06,buy,2,55,55,90,1,buy,True,True,False,False,False,,,20,True,True,86b76934553a69f9,proxy_quality_from_locked_manifest_no_transcript_text_exported,medium
1954,nDHhN9YQEMQ,TSLA,Tesla,Ale's World of Stocks,2024-07-06,buy,3,75,75,90,1,buy,False,False,False,False,False,,,20,True,True,4011209d386f3bd5,proxy_quality_from_locked_manifest_no_transcript_text_exported,high
1955,oi_sc__iBVM,AAPL,Apple,Ale's World of Stocks,2024-08-24,buy,3,75,75,90,1,buy,False,False,False,False,False,,,20,True,True,6c0e38055c2866b4,proxy_quality_from_locked_manifest_no_transcript_text_exported,high
1956,oi_sc__iBVM,AAPL,Apple,Ale's World of Stocks,2024-08-24,sell,3,75,75,90,1,sell,False,False,False,False,False,,,20,True,True,f78b1a68af436ea6,proxy_quality_from_locked_manifest_no_transcript_text_exported,high
1957,oi_sc__iBVM,AAPL,Apple,Ale's World of Stocks,2024-08-24,sell,3,75,75,90,1,sell,False,False,False,False,False,,,20,True,True,b37d91a96b796225,proxy_quality_from_locked_manifest_no_transcript_text_exported,high
1958,oi_sc__iBVM,AAPL,Apple,Ale's World of Stocks,2024-08-24,sell,3,75,75,90,1,sell,False,False,False,False,False,,,20,True,True,b8fc1703fd91f7a9,proxy_quality_from_locked_manifest_no_transcript_text_exported,high
1959,oi_sc__iBVM,AAPL,Apple,Ale's World of Stocks,2024-08-24,sell,3,75,75,90,1,sell,False,False,False,False,False,,,20,True,True,42c2351a999c13cc,proxy_quality_from_locked_manifest_no_transcript_text_exported,high
1960,ZhL002qy2lo,TSLA,Tesla,Meet Kevin,2026-02-25,buy,3,65,65,90,1,buy,False,False,False,False,False,,,70,False,True,8520d6f49d51263b,proxy_quality_from_locked_manifest_no_transcript_text_exported,medium
1961,rImoL62xd5M,TSLA,Tesla,Meet Kevin,2026-01-30,buy,3,65,65,90,1,buy,False,False,False,False,False,,,70,False,True,0a263859e672ab23,proxy_quality_from_locked_manifest_no_transcript_text_exported,medium
1962,3yNC-hV4XeQ,NVDA,Nvidia,Ale's World of Stocks,2024-09-05,sell,3,75,75,90,1,sell,False,False,False,False,False,,,20,True,True,ebb6fb0063e9a3b9,proxy_quality_from_locked_manifest_no_transcript_text_exported,high
1963,iL5_zy2PCsA,AAPL,Apple,Ale's World of Stocks,2024-12-29,sell,3,75,75,90,1,sell,False,False,False,False,False,,,20,True,True,f93c6acea2ee33a6,proxy_quality_from_locked_manifest_no_transcript_text_exported,high
1964,7_8t4ietHaw,TSLA,Tesla,Meet Kevin,2026-01-28,sell,3,65,65,90,1,sell,False,False,False,False,False,,,70,False,True,8bb28215d0a7cf89,proxy_quality_from_locked_manifest_no_transcript_text_exported,medium
1965,7_8t4ietHaw,NVDA,Nvidia,Meet Kevin,2026-01-28,sell,3,65,65,90,1,sell,False,False,False,False,False,,,70,False,True,083321fca9f876d9,proxy_quality_from_locked_manifest_no_transcript_text_exported,medium
1966,7_8t4ietHaw,AAPL,Apple,Meet Kevin,2026-01-28,buy,3,65,65,90,1,buy,False,False,False,False,False,,,70,False,True,05d3c0035021bd51,proxy_quality_from_locked_manifest_no_transcript_text_exported,medium
1967,7_8t4ietHaw,META,Meta,Meet Kevin,2026-01-28,sell,3,60,60,90,1,sell,False,False,False,False,False,,,70,False,False,f0709b4bd2c526b5,proxy_quality_from_locked_manifest_no_transcript_text_exported,medium
1968,TjnN1HYrORI,TSLA,Tesla,Ale's World of Stocks,2024-07-27,buy,3,75,75,90,1,buy,False,False,False,False,False,,,20,True,True,85d89f56f6e96456,proxy_quality_from_locked_manifest_no_transcript_text_exported,high
1969,TjnN1HYrORI,TSLA,Tesla,Ale's World of Stocks,2024-07-27,buy,3,75,75,90,1,buy,False,False,False,False,False,,,20,True,True,383be55ea6904fd6,proxy_quality_from_locked_manifest_no_transcript_text_exported,high
1970,TjnN1HYrORI,GOOGL,Alphabet,Ale's World of Stocks,2024-07-27,buy,3,70,70,90,1,buy,False,False,False,False,False,,,20,True,False,6ff1000a7f609748,proxy_quality_from_locked_manifest_no_transcript_text_exported,medium
1971,TWfBbgfxarA,NVDA,Nvidia,Ticker Symbol: YOU,2024-07-12,buy,4,85,85,90,1,buy,False,False,False,False,False,,,70,False,True,71b9f91eb94d6e39,proxy_quality_from_locked_manifest_no_transcript_text_exported,high
1972,TWfBbgfxarA,NVDA,Nvidia,Ticker Symbol: YOU,2024-07-12,buy,3,65,65,90,1,buy,False,False,False,False,False,,,70,False,True,6f0393bdaaa7a165,proxy_quality_from_locked_manifest_no_transcript_text_exported,medium
1973,TWfBbgfxarA,NVDA,Nvidia,Ticker Symbol: YOU,2024-07-12,buy,3,65,65,90,1,buy,False,False,False,False,False,,,70,False,True,6d012773847904cb,proxy_quality_from_locked_manifest_no_transcript_text_exported,medium
1974,TWfBbgfxarA,AMD,nan,Ticker Symbol: YOU,2024-07-12,buy,3,65,65,90,1,buy,False,False,False,False,False,,,70,False,True,c67bf397d0a2dcde,proxy_quality_from_locked_manifest_no_transcript_text_exported,medium
1975,xGytjbBLnWA,AMD,nan,Ticker Symbol: YOU,2024-03-09,buy,3,75,75,90,1,buy,False,False,False,False,False,,,20,True,True,b0f675e3ca0020d3,proxy_quality_from_locked_manifest_no_transcript_text_exported,high
1976,xGytjbBLnWA,NVDA,Nvidia,Ticker Symbol: YOU,2024-03-09,buy,3,75,75,90,1,buy,False,False,False,False,False,,,20,True,True,e087d6556a2c9f0e,proxy_quality_from_locked_manifest_no_transcript_text_exported,high
1977,wnCQ4ICBIfc,AMD,nan,Ticker Symbol: YOU,2024-01-22,buy,3,65,65,90,1,buy,False,False,False,False,False,,,70,False,True,8da1259f93573f5d,proxy_quality_from_locked_manifest_no_transcript_text_exported,medium
1978,wnCQ4ICBIfc,AMD,nan,Ticker Symbol: YOU,2024-01-22,sell,3,65,65,90,1,sell,False,False,False,False,False,,,70,False,True,95bf2fa973654f3c,proxy_quality_from_locked_manifest_no_transcript_text_exported,medium
1979,wnCQ4ICBIfc,AMD,nan,Ticker Symbol: YOU,2024-01-22,buy,3,65,65,90,1,buy,False,False,False,False,False,,,70,False,True,5a486397fd2f94a1,proxy_quality_from_locked_manifest_no_transcript_text_exported,medium
1980,wnCQ4ICBIfc,NVDA,Nvidia,Ticker Symbol: YOU,2024-01-22,buy,3,65,65,90,1,buy,False,False,False,False,False,,,70,False,True,5a20f1dc5ce95bd4,proxy_quality_from_locked_manifest_no_transcript_text_exported,medium
1981,wnCQ4ICBIfc,NVDA,Nvidia,Ticker Symbol: YOU,2024-01-22,buy,3,65,65,90,1,buy,False,False,False,False,False,,,70,False,True,3fcd7a1ad7af04b4,proxy_quality_from_locked_manifest_no_transcript_text_exported,medium
1982,wWpApU_SLeY,TSLA,Tesla,Ticker Symbol: YOU,2024-01-29,buy,3,65,65,90,1,buy,False,False,False,False,False,,,70,False,True,d429cbe29c6c95cc,proxy_quality_from_locked_manifest_no_transcript_text_exported,medium
1983,wWpApU_SLeY,TSLA,Tesla,Ticker Symbol: YOU,2024-01-29,buy,3,65,65,90,1,buy,False,False,False,False,False,,,70,False,True,a1fb47efbb6ab187,proxy_quality_from_locked_manifest_no_transcript_text_exported,medium
1984,wWpApU_SLeY,TSLA,Tesla,Ticker Symbol: YOU,2024-01-29,buy,3,65,65,90,1,buy,False,False,False,False,False,,,70,False,True,5781c96f661cf9ca,proxy_quality_from_locked_manifest_no_transcript_text_exported,medium
1985,wWpApU_SLeY,TSLA,Tesla,Ticker Symbol: YOU,2024-01-29,buy,3,65,65,90,1,buy,False,False,False,False,False,,,70,False,True,acf0ab9700f17fe4,proxy_quality_from_locked_manifest_no_transcript_text_exported,medium
1986,wWpApU_SLeY,TSLA,Tesla,Ticker Symbol: YOU,2024-01-29,buy,3,65,65,90,1,buy,False,False,False,False,False,,,70,False,True,1be84e72e218bd59,proxy_quality_from_locked_manifest_no_transcript_text_exported,medium
1987,wWpApU_SLeY,TSLA,Tesla,Ticker Symbol: YOU,2024-01-29,buy,3,65,65,90,1,buy,False,False,False,False,False,,,70,False,True,f772a8212cd7eab8,proxy_quality_from_locked_manifest_no_transcript_text_exported,medium
1988,wWpApU_SLeY,TSLA,Tesla,Ticker Symbol: YOU,2024-01-29,buy,3,65,65,90,1,buy,False,False,False,False,False,,,70,False,True,92ccca9fa0b5796b,proxy_quality_from_locked_manifest_no_transcript_text_exported,medium
1989,wWpApU_SLeY,TSLA,Tesla,Ticker Symbol: YOU,2024-01-29,buy,3,65,65,90,1,buy,False,False,False,False,False,,,70,False,True,86434b2273c2d4b7,proxy_quality_from_locked_manifest_no_transcript_text_exported,medium
1990,wWpApU_SLeY,TSLA,Tesla,Ticker Symbol: YOU,2024-01-29,buy,3,65,65,90,1,buy,False,False,False,False,False,,,70,False,True,31c025c154d7aa79,proxy_quality_from_locked_manifest_no_transcript_text_exported,medium
1991,tZfS0V7i0Do,TSLA,Tesla,HyperChange,2022-10-25,buy,3,65,65,90,1,buy,False,False,False,False,False,,,70,False,True,fbfc1dcfc64e3b5f,proxy_quality_from_locked_manifest_no_transcript_text_exported,medium
1992,tZfS0V7i0Do,TSLA,Tesla,HyperChange,2022-10-25,sell,3,65,65,90,1,sell,False,False,False,False,False,,,70,False,True,cc4102e6bd8e100c,proxy_quality_from_locked_manifest_no_transcript_text_exported,medium
1993,AWOZIz8wUzo,TSLA,Tesla,Graham Stephan,2026-01-12,buy,3,65,65,90,1,buy,False,False,False,False,False,,,70,False,True,ff762bddd3f83480,proxy_quality_from_locked_manifest_no_transcript_text_exported,medium
1994,f4djIqbt5ik,GOOGL,Alphabet,Ticker Symbol: YOU,2024-01-31,buy,3,60,60,90,1,buy,False,False,False,False,False,,,70,False,False,ad1c4a1bab50f869,proxy_quality_from_locked_manifest_no_transcript_text_exported,medium
1995,f4djIqbt5ik,MSFT,Microsoft,Ticker Symbol: YOU,2024-01-31,buy,3,60,60,90,1,buy,False,False,False,False,False,,,70,False,False,0ae06d30b4287a34,proxy_quality_from_locked_manifest_no_transcript_text_exported,medium
1996,f4djIqbt5ik,DIS,Disney,Ticker Symbol: YOU,2024-01-31,buy,3,60,60,90,1,buy,False,False,False,False,False,,,70,False,False,8d7cb9c0024d97f4,proxy_quality_from_locked_manifest_no_transcript_text_exported,medium
1997,hewlGP_9TT4,TSLA,Tesla,HyperChange,2023-12-21,buy,3,65,65,90,1,buy,False,False,False,False,False,,,70,False,True,794e8c9e450deed2,proxy_quality_from_locked_manifest_no_transcript_text_exported,medium
1998,2c-FSmratsw,NVDA,Nvidia,Ticker Symbol: YOU,2024-02-22,buy,3,65,65,90,1,buy,False,False,False,False,False,,,70,False,True,e30efd9bf8826b63,proxy_quality_from_locked_manifest_no_transcript_text_exported,medium
1999,2c-FSmratsw,NVDA,Nvidia,Ticker Symbol: YOU,2024-02-22,buy,3,65,65,90,1,buy,False,False,False,False,False,,,70,False,True,631be782012ba99d,proxy_quality_from_locked_manifest_no_transcript_text_exported,medium
2000,ThzfDYILLK4,TSLA,Tesla,Graham Stephan,2026-04-05,buy,3,75,75,90,1,buy,False,False,False,False,False,,,20,True,True,89cbbe1cf2bfb5db,proxy_quality_from_locked_manifest_no_transcript_text_exported,high
2001,TzVOmTHnUiI,MSFT,Microsoft,Ticker Symbol: YOU,2024-08-06,buy,3,60,60,90,1,buy,False,False,False,False,False,,,70,False,False,6b83f9fc8cff1e6e,proxy_quality_from_locked_manifest_no_transcript_text_exported,medium
2002,TzVOmTHnUiI,MSFT,Microsoft,Ticker Symbol: YOU,2024-08-06,buy,3,60,60,90,1,buy,False,False,False,False,False,,,70,False,False,7080a8b1552bac2c,proxy_quality_from_locked_manifest_no_transcript_text_exported,medium
2003,TzVOmTHnUiI,NVDA,Nvidia,Ticker Symbol: YOU,2024-08-06,buy,3,65,65,90,1,buy,False,False,False,False,False,,,70,False,True,466aef859f170c7f,proxy_quality_from_locked_manifest_no_transcript_text_exported,medium
2004,TzVOmTHnUiI,NVDA,Nvidia,Ticker Symbol: YOU,2024-08-06,buy,3,65,65,90,1,buy,False,False,False,False,False,,,70,False,True,d48506d03e965e72,proxy_quality_from_locked_manifest_no_transcript_text_exported,medium
2005,TzVOmTHnUiI,NVDA,Nvidia,Ticker Symbol: YOU,2024-08-06,buy,3,65,65,90,1,buy,False,False,False,False,False,,,70,False,True,8dcbab2fedd8c109,proxy_quality_from_locked_manifest_no_transcript_text_exported,medium
2006,TzVOmTHnUiI,GOOGL,Alphabet,Ticker Symbol: YOU,2024-08-06,buy,3,60,60,90,1,buy,False,False,False,False,False,,,70,False,False,05fd551bafb484ed,proxy_quality_from_locked_manifest_no_transcript_text_exported,medium
2007,Z31engGgFwA,TSLA,Tesla,HyperChange,2023-11-28,buy,3,65,65,90,1,buy,False,False,False,False,False,,,70,False,True,d75a5eb6e7757471,proxy_quality_from_locked_manifest_no_transcript_text_exported,medium
2008,6IhfL_5jb4c,TSLA,Tesla,Graham Stephan,2026-04-03,buy,3,65,65,90,1,buy,False,False,False,False,False,,,70,False,True,48efe196a694ea91,proxy_quality_from_locked_manifest_no_transcript_text_exported,medium
2009,m-b2tgJRswc,NVDA,Nvidia,Ticker Symbol: YOU,2024-11-09,buy,3,75,75,90,1,buy,False,False,False,False,False,,,20,True,True,9ab6ea19b84467c1,proxy_quality_from_locked_manifest_no_transcript_text_exported,high
2010,cCHRhDh7KD4,TSLA,Tesla,HyperChange,2023-12-14,buy,3,65,65,90,1,buy,False,False,False,False,False,,,70,False,True,f82138ebf62809b7,proxy_quality_from_locked_manifest_no_transcript_text_exported,medium
2011,digfWZMG-fw,TSLA,Tesla,HyperChange,2022-12-15,buy,3,65,65,90,1,buy,False,False,False,False,False,,,70,False,True,d502e5c8da1bed90,proxy_quality_from_locked_manifest_no_transcript_text_exported,medium
2012,digfWZMG-fw,TSLA,Tesla,HyperChange,2022-12-15,buy,4,85,85,90,1,buy,False,False,False,False,False,,,70,False,True,3bac962b4ae962a1,proxy_quality_from_locked_manifest_no_transcript_text_exported,high
2013,digfWZMG-fw,TSLA,Tesla,HyperChange,2022-12-15,buy,3,65,65,90,1,buy,False,False,False,False,False,,,70,False,True,ee7afd3ae58ba2ab,proxy_quality_from_locked_manifest_no_transcript_text_exported,medium
2014,digfWZMG-fw,TSLA,Tesla,HyperChange,2022-12-15,buy,3,65,65,90,1,buy,False,False,False,False,False,,,70,False,True,41f351ac71ea2f4b,proxy_quality_from_locked_manifest_no_transcript_text_exported,medium
2015,digfWZMG-fw,TSLA,Tesla,HyperChange,2022-12-15,buy,3,65,65,90,1,buy,False,False,False,False,False,,,70,False,True,5613d565e79ad913,proxy_quality_from_locked_manifest_no_transcript_text_exported,medium
2016,digfWZMG-fw,TSLA,Tesla,HyperChange,2022-12-15,buy,3,65,65,90,1,buy,False,False,False,False,False,,,70,False,True,39e29693ec00e6c7,proxy_quality_from_locked_manifest_no_transcript_text_exported,medium
2017,digfWZMG-fw,TSLA,Tesla,HyperChange,2022-12-15,buy,3,65,65,90,1,buy,False,False,False,False,False,,,70,False,True,259578c7156aa5c8,proxy_quality_from_locked_manifest_no_transcript_text_exported,medium
2018,digfWZMG-fw,TSLA,Tesla,HyperChange,2022-12-15,buy,3,65,65,90,1,buy,False,False,False,False,False,,,70,False,True,1be485426580774d,proxy_quality_from_locked_manifest_no_transcript_text_exported,medium
2019,digfWZMG-fw,TSLA,Tesla,HyperChange,2022-12-15,sell,3,65,65,90,1,sell,False,False,False,False,False,,,70,False,True,3dda041ff4ef3a77,proxy_quality_from_locked_manifest_no_transcript_text_exported,medium
2020,digfWZMG-fw,TSLA,Tesla,HyperChange,2022-12-15,sell,3,65,65,90,1,sell,False,False,False,False,False,,,70,False,True,10b218fc329e4671,proxy_quality_from_locked_manifest_no_transcript_text_exported,medium
2021,dBL3Uuddag8,NVDA,Nvidia,Ticker Symbol: YOU,2024-05-20,buy,3,65,65,90,1,buy,False,False,False,False,False,,,70,False,True,5458b3b06bf46a44,proxy_quality_from_locked_manifest_no_transcript_text_exported,medium
2022,sgX1hADBm1o,TSLA,Tesla,HyperChange,2024-02-14,sell,3,65,65,90,1,sell,False,False,False,False,False,,,70,False,True,0510091d099a3136,proxy_quality_from_locked_manifest_no_transcript_text_exported,medium
2023,xcgzbhFC8cI,AAPL,Apple,HyperChange,2024-03-08,buy,3,65,65,90,1,buy,False,False,False,False,False,,,70,False,True,f5fe439b08529482,proxy_quality_from_locked_manifest_no_transcript_text_exported,medium
2024,xcgzbhFC8cI,AAPL,Apple,HyperChange,2024-03-08,buy,3,65,65,90,1,buy,False,False,False,False,False,,,70,False,True,72bbae2874afa430,proxy_quality_from_locked_manifest_no_transcript_text_exported,medium
2025,VTbd0_n9qQA,TSLA,Tesla,Dumb Money Live,2026-02-28,buy,3,75,75,90,1,buy,False,False,False,False,False,,,20,True,True,454ef0f1d8333a33,proxy_quality_from_locked_manifest_no_transcript_text_exported,high
2026,zIEbL5x23zk,TSLA,Tesla,HyperChange,2024-01-16,buy,5,100,100,90,1,buy,False,False,False,False,False,,,70,False,True,8ae28e3a06b4341e,proxy_quality_from_locked_manifest_no_transcript_text_exported,high
2027,zIEbL5x23zk,AAPL,Apple,HyperChange,2024-01-16,buy,3,65,65,90,1,buy,False,False,False,False,False,,,70,False,True,3425b11fcb29f10b,proxy_quality_from_locked_manifest_no_transcript_text_exported,medium
2028,v-H-njyqsjk,TSLA,Tesla,HyperChange,2024-04-18,buy,3,65,65,90,1,buy,False,False,False,False,False,,,70,False,True,80b874f9d4098de5,proxy_quality_from_locked_manifest_no_transcript_text_exported,medium
2029,sHK-T2G21o4,AMC,nan,ZipTrader,2023-08-11,sell,3,60,60,90,1,sell,False,False,False,False,False,,,70,False,False,d2fb797032b231ee,proxy_quality_from_locked_manifest_no_transcript_text_exported,medium
2030,sHK-T2G21o4,AMC,nan,ZipTrader,2023-08-11,sell,3,60,60,90,1,sell,False,False,False,False,False,,,70,False,False,0b5bdbe93abf47ab,proxy_quality_from_locked_manifest_no_transcript_text_exported,medium
2031,sHK-T2G21o4,AMC,nan,ZipTrader,2023-08-11,sell,3,60,60,90,1,sell,False,False,False,False,False,,,70,False,False,f09feddf23e5c249,proxy_quality_from_locked_manifest_no_transcript_text_exported,medium
2032,sHK-T2G21o4,AMC,nan,ZipTrader,2023-08-11,buy,3,60,60,90,1,buy,False,False,False,False,False,,,70,False,False,c1207625aadbde8f,proxy_quality_from_locked_manifest_no_transcript_text_exported,medium
2033,sHK-T2G21o4,AMC,nan,ZipTrader,2023-08-11,sell,3,60,60,90,1,sell,False,False,False,False,False,,,70,False,False,3de5c3f223c515f3,proxy_quality_from_locked_manifest_no_transcript_text_exported,medium
2034,sHK-T2G21o4,AMC,nan,ZipTrader,2023-08-11,buy,3,60,60,90,1,buy,False,False,False,False,False,,,70,False,False,090e47430550fa2b,proxy_quality_from_locked_manifest_no_transcript_text_exported,medium
2035,sHK-T2G21o4,AMC,nan,ZipTrader,2023-08-11,sell,3,60,60,90,1,sell,False,False,False,False,False,,,70,False,False,72e3b65d6e4d2773,proxy_quality_from_locked_manifest_no_transcript_text_exported,medium
2036,sHK-T2G21o4,AMC,nan,ZipTrader,2023-08-11,sell,3,60,60,90,1,sell,False,False,False,False,False,,,70,False,False,039ebda790408e39,proxy_quality_from_locked_manifest_no_transcript_text_exported,medium
2037,UlV2ZZU3LcM,TSLA,Tesla,HyperChange,2024-04-23,buy,3,65,65,90,1,buy,False,False,False,False,False,,,70,False,True,fbacd3e9c0b5fa3a,proxy_quality_from_locked_manifest_no_transcript_text_exported,medium
2038,UlV2ZZU3LcM,TSLA,Tesla,HyperChange,2024-04-23,buy,3,65,65,90,1,buy,False,False,False,False,False,,,70,False,True,77d56e31197535af,proxy_quality_from_locked_manifest_no_transcript_text_exported,medium
2039,UlV2ZZU3LcM,TSLA,Tesla,HyperChange,2024-04-23,buy,2,45,45,90,1,buy,True,True,False,False,False,,,70,False,True,cb249cad74b780b0,proxy_quality_from_locked_manifest_no_transcript_text_exported,low
2040,UlV2ZZU3LcM,TSLA,Tesla,HyperChange,2024-04-23,buy,3,65,65,90,1,buy,False,False,False,False,False,,,70,False,True,443a6736769eed27,proxy_quality_from_locked_manifest_no_transcript_text_exported,medium
2041,UlV2ZZU3LcM,TSLA,Tesla,HyperChange,2024-04-23,buy,3,65,65,90,1,buy,False,False,False,False,False,,,70,False,True,4983afdf7564f380,proxy_quality_from_locked_manifest_no_transcript_text_exported,medium
2042,UlV2ZZU3LcM,TSLA,Tesla,HyperChange,2024-04-23,buy,3,65,65,90,1,buy,False,False,False,False,False,,,70,False,True,c16736109c5400b7,proxy_quality_from_locked_manifest_no_transcript_text_exported,medium
2043,YzNrg2hlw14,AMC,nan,ZipTrader,2023-08-22,sell,3,60,60,90,1,sell,False,False,False,False,False,,,70,False,False,5a390d7480aeb54e,proxy_quality_from_locked_manifest_no_transcript_text_exported,medium
2044,CXipshs1kKs,TSLA,Tesla,HyperChange,2024-04-25,buy,3,65,65,90,1,buy,False,False,False,False,False,,,70,False,True,377e2d6f18dd36e6,proxy_quality_from_locked_manifest_no_transcript_text_exported,medium
2045,hr3usFlFBMU,AMC,nan,ZipTrader,2023-08-24,sell,3,60,60,90,1,sell,False,False,False,False,False,,,70,False,False,87e755f1956aeada,proxy_quality_from_locked_manifest_no_transcript_text_exported,medium
2046,hr3usFlFBMU,AMC,nan,ZipTrader,2023-08-24,sell,3,60,60,90,1,sell,False,False,False,False,False,,,70,False,False,59e2456f019ed5f2,proxy_quality_from_locked_manifest_no_transcript_text_exported,medium
2047,hr3usFlFBMU,AMC,nan,ZipTrader,2023-08-24,sell,3,60,60,90,1,sell,False,False,False,False,False,,,70,False,False,f2854f4f0e697e91,proxy_quality_from_locked_manifest_no_transcript_text_exported,medium
2048,hr3usFlFBMU,AMC,nan,ZipTrader,2023-08-24,sell,3,60,60,90,1,sell,False,False,False,False,False,,,70,False,False,720367bbb158f89c,proxy_quality_from_locked_manifest_no_transcript_text_exported,medium
2049,hr3usFlFBMU,AMC,nan,ZipTrader,2023-08-24,sell,3,60,60,90,1,sell,False,False,False,False,False,,,70,False,False,70059302bda4f56f,proxy_quality_from_locked_manifest_no_transcript_text_exported,medium
2050,hr3usFlFBMU,AMC,nan,ZipTrader,2023-08-24,sell,3,60,60,90,1,sell,False,False,False,False,False,,,70,False,False,427fe435703b7538,proxy_quality_from_locked_manifest_no_transcript_text_exported,medium
2051,hr3usFlFBMU,AMC,nan,ZipTrader,2023-08-24,sell,3,60,60,90,1,sell,False,False,False,False,False,,,70,False,False,db572d91d0c9bffe,proxy_quality_from_locked_manifest_no_transcript_text_exported,medium
2052,mwGbJHvTDb8,AMZN,Amazon,HyperChange,2024-10-28,buy,3,65,65,90,1,buy,False,False,False,False,False,,,70,False,True,d9781279eac62f69,proxy_quality_from_locked_manifest_no_transcript_text_exported,medium
2053,mwGbJHvTDb8,AMZN,Amazon,HyperChange,2024-10-28,buy,3,65,65,90,1,buy,False,False,False,False,False,,,70,False,True,7abeb1af4ac2e678,proxy_quality_from_locked_manifest_no_transcript_text_exported,medium
2054,mwGbJHvTDb8,TSLA,Tesla,HyperChange,2024-10-28,buy,3,65,65,90,1,buy,False,False,False,False,False,,,70,False,True,1de5c6e23932f049,proxy_quality_from_locked_manifest_no_transcript_text_exported,medium
2055,dJ2x4dsEJzQ,TSLA,Tesla,ZipTrader,2023-09-11,sell,3,65,65,90,1,sell,False,False,False,False,False,,,70,False,True,abcd039c0dd84f57,proxy_quality_from_locked_manifest_no_transcript_text_exported,medium
2056,8TkQMAOSeSU,TSLA,Tesla,HyperChange,2024-02-13,buy,3,65,65,90,1,buy,False,False,False,False,False,,,70,False,True,91f397b0f4f41788,proxy_quality_from_locked_manifest_no_transcript_text_exported,medium
2057,8TkQMAOSeSU,TSLA,Tesla,HyperChange,2024-02-13,buy,3,65,65,90,1,buy,False,False,False,False,False,,,70,False,True,92ca8d002ff327cb,proxy_quality_from_locked_manifest_no_transcript_text_exported,medium
2058,8TkQMAOSeSU,TSLA,Tesla,HyperChange,2024-02-13,buy,3,65,65,90,1,buy,False,False,False,False,False,,,70,False,True,6c2d22992fb65a70,proxy_quality_from_locked_manifest_no_transcript_text_exported,medium
2059,8TkQMAOSeSU,TSLA,Tesla,HyperChange,2024-02-13,buy,3,65,65,90,1,buy,False,False,False,False,False,,,70,False,True,e5126f3614554feb,proxy_quality_from_locked_manifest_no_transcript_text_exported,medium
2060,8TkQMAOSeSU,TSLA,Tesla,HyperChange,2024-02-13,buy,3,65,65,90,1,buy,False,False,False,False,False,,,70,False,True,587697405d083fb2,proxy_quality_from_locked_manifest_no_transcript_text_exported,medium
2061,8TkQMAOSeSU,TSLA,Tesla,HyperChange,2024-02-13,buy,5,100,100,90,1,buy,False,False,False,False,False,,,70,False,True,f28a1a0e78dee32e,proxy_quality_from_locked_manifest_no_transcript_text_exported,high
2062,8TkQMAOSeSU,TSLA,Tesla,HyperChange,2024-02-13,buy,3,65,65,90,1,buy,False,False,False,False,False,,,70,False,True,e90d086385ff07c4,proxy_quality_from_locked_manifest_no_transcript_text_exported,medium
2063,8TkQMAOSeSU,TSLA,Tesla,HyperChange,2024-02-13,buy,3,65,65,90,1,buy,False,False,False,False,False,,,70,False,True,d9ed53fd92feb33c,proxy_quality_from_locked_manifest_no_transcript_text_exported,medium
2064,8TkQMAOSeSU,TSLA,Tesla,HyperChange,2024-02-13,buy,3,65,65,90,1,buy,False,False,False,False,False,,,70,False,True,d65165c84f8629a8,proxy_quality_from_locked_manifest_no_transcript_text_exported,medium
2065,8TkQMAOSeSU,TSLA,Tesla,HyperChange,2024-02-13,sell,3,65,65,90,1,sell,False,False,False,False,False,,,70,False,True,4711f6775ba7a0bd,proxy_quality_from_locked_manifest_no_transcript_text_exported,medium
2066,8TkQMAOSeSU,TSLA,Tesla,HyperChange,2024-02-13,sell,3,65,65,90,1,sell,False,False,False,False,False,,,70,False,True,0b22ba110bb9db8b,proxy_quality_from_locked_manifest_no_transcript_text_exported,medium
2067,8TkQMAOSeSU,TSLA,Tesla,HyperChange,2024-02-13,buy,3,65,65,90,1,buy,False,False,False,False,False,,,70,False,True,eff4df23a1f80807,proxy_quality_from_locked_manifest_no_transcript_text_exported,medium
2068,8TkQMAOSeSU,TSLA,Tesla,HyperChange,2024-02-13,buy,3,65,65,90,1,buy,False,False,False,False,False,,,70,False,True,531c8046e5595864,proxy_quality_from_locked_manifest_no_transcript_text_exported,medium
2069,8TkQMAOSeSU,AAPL,Apple,HyperChange,2024-02-13,buy,3,65,65,90,1,buy,False,False,False,False,False,,,70,False,True,839728356e39b9c2,proxy_quality_from_locked_manifest_no_transcript_text_exported,medium
2070,8TkQMAOSeSU,AAPL,Apple,HyperChange,2024-02-13,buy,3,65,65,90,1,buy,False,False,False,False,False,,,70,False,True,b919fa62db089bf9,proxy_quality_from_locked_manifest_no_transcript_text_exported,medium
2071,8TkQMAOSeSU,AAPL,Apple,HyperChange,2024-02-13,buy,3,65,65,90,1,buy,False,False,False,False,False,,,70,False,True,4a4fc4d4861161a6,proxy_quality_from_locked_manifest_no_transcript_text_exported,medium
2072,8TkQMAOSeSU,AAPL,Apple,HyperChange,2024-02-13,sell,3,65,65,90,1,sell,False,False,False,False,False,,,70,False,True,e342fcc7e1df260c,proxy_quality_from_locked_manifest_no_transcript_text_exported,medium
2073,8TkQMAOSeSU,AAPL,Apple,HyperChange,2024-02-13,buy,3,65,65,90,1,buy,False,False,False,False,False,,,70,False,True,50376b086028c14f,proxy_quality_from_locked_manifest_no_transcript_text_exported,medium
2074,8TkQMAOSeSU,MSFT,Microsoft,HyperChange,2024-02-13,buy,3,60,60,90,1,buy,False,False,False,False,False,,,70,False,False,026f89fcb4966e94,proxy_quality_from_locked_manifest_no_transcript_text_exported,medium
2075,8TkQMAOSeSU,NVDA,Nvidia,HyperChange,2024-02-13,buy,3,65,65,90,1,buy,False,False,False,False,False,,,70,False,True,c73ba220fc5f7d8c,proxy_quality_from_locked_manifest_no_transcript_text_exported,medium
2076,4uMukGPVwfs,TSLA,Tesla,HyperChange,2024-12-16,buy,3,65,65,90,1,buy,False,False,False,False,False,,,70,False,True,96420d9d187f9980,proxy_quality_from_locked_manifest_no_transcript_text_exported,medium
2077,VUdL13x5WJ4,AMD,nan,Financial Education,2025-06-13,buy,3,65,65,90,1,buy,False,False,False,False,False,,,70,False,True,6f74d256fed381c7,proxy_quality_from_locked_manifest_no_transcript_text_exported,medium
2078,VUdL13x5WJ4,AMD,nan,Financial Education,2025-06-13,buy,3,65,65,90,1,buy,False,False,False,False,False,,,70,False,True,bffa9a5ebcec71b4,proxy_quality_from_locked_manifest_no_transcript_text_exported,medium
2079,VUdL13x5WJ4,AMD,nan,Financial Education,2025-06-13,sell,3,65,65,90,1,sell,False,False,False,False,False,,,70,False,True,d4d42c556656a462,proxy_quality_from_locked_manifest_no_transcript_text_exported,medium
2080,VKqFKUJAGhI,AMD,nan,Financial Education,2025-07-29,buy,3,65,65,90,1,buy,False,False,False,False,False,,,70,False,True,89c26cf1343dc54d,proxy_quality_from_locked_manifest_no_transcript_text_exported,medium
2081,VKqFKUJAGhI,SOFI,SoFi,Financial Education,2025-07-29,buy,3,60,60,90,1,buy,False,False,False,False,False,,,70,False,False,7619585958f6910d,proxy_quality_from_locked_manifest_no_transcript_text_exported,medium
2082,VKqFKUJAGhI,AAPL,Apple,Financial Education,2025-07-29,buy,3,65,65,90,1,buy,False,False,False,False,False,,,70,False,True,30dfd7e5f2cc04a9,proxy_quality_from_locked_manifest_no_transcript_text_exported,medium
2083,Am6p8enFLNE,AAPL,Apple,New Money,2024-05-06,buy,3,65,65,90,1,buy,False,False,False,False,False,,,70,False,True,706e7eb9c6645892,proxy_quality_from_locked_manifest_no_transcript_text_exported,medium
2084,Am6p8enFLNE,AAPL,Apple,New Money,2024-05-06,sell,3,65,65,90,1,sell,False,False,False,False,False,,,70,False,True,50a3b0c5219dc819,proxy_quality_from_locked_manifest_no_transcript_text_exported,medium
2085,Am6p8enFLNE,AAPL,Apple,New Money,2024-05-06,sell,3,65,65,90,1,sell,False,False,False,False,False,,,70,False,True,eb3a872f805332d7,proxy_quality_from_locked_manifest_no_transcript_text_exported,medium
2086,Am6p8enFLNE,AAPL,Apple,New Money,2024-05-06,sell,3,65,65,90,1,sell,False,False,False,False,False,,,70,False,True,1f97add3a0f0fa03,proxy_quality_from_locked_manifest_no_transcript_text_exported,medium
2087,QlMFDo4pY7c,DIS,Disney,New Money,2023-03-07,buy,3,60,60,90,1,buy,False,False,False,False,False,,,70,False,False,ac517958bd55f79e,proxy_quality_from_locked_manifest_no_transcript_text_exported,medium
2088,QlMFDo4pY7c,MSFT,Microsoft,New Money,2023-03-07,buy,3,60,60,90,1,buy,False,False,False,False,False,,,70,False,False,1d921d8b70f5493b,proxy_quality_from_locked_manifest_no_transcript_text_exported,medium
2089,QlMFDo4pY7c,AMZN,Amazon,New Money,2023-03-07,buy,3,65,65,90,1,buy,False,False,False,False,False,,,70,False,True,bc0357dce59e1a43,proxy_quality_from_locked_manifest_no_transcript_text_exported,medium
2090,QlMFDo4pY7c,GOOGL,Alphabet,New Money,2023-03-07,buy,3,60,60,90,1,buy,False,False,False,False,False,,,70,False,False,71c9fe6af12be174,proxy_quality_from_locked_manifest_no_transcript_text_exported,medium
2091,R3icAh9z77s,AMD,nan,Financial Education,2025-08-06,buy,3,65,65,90,1,buy,False,False,False,False,False,,,70,False,True,f6861c98121e4658,proxy_quality_from_locked_manifest_no_transcript_text_exported,medium
2092,R3icAh9z77s,NVDA,Nvidia,Financial Education,2025-08-06,buy,3,65,65,90,1,buy,False,False,False,False,False,,,70,False,True,3c8b18baeb3975a0,proxy_quality_from_locked_manifest_no_transcript_text_exported,medium
2093,zecjFAPHjVg,AAPL,Apple,New Money,2024-08-06,sell,3,75,75,90,1,sell,False,False,False,False,False,,,20,True,True,0fc2bca91978b73a,proxy_quality_from_locked_manifest_no_transcript_text_exported,high
2094,zecjFAPHjVg,AAPL,Apple,New Money,2024-08-06,buy,3,75,75,90,1,buy,False,False,False,False,False,,,20,True,True,81252538e810ee26,proxy_quality_from_locked_manifest_no_transcript_text_exported,high
2095,zecjFAPHjVg,AAPL,Apple,New Money,2024-08-06,sell,3,75,75,90,1,sell,False,False,False,False,False,,,20,True,True,0de5ac67a6ce636a,proxy_quality_from_locked_manifest_no_transcript_text_exported,high
2096,bJxpE2Q1Vgk,MSFT,Microsoft,New Money,2024-02-03,sell,3,70,70,90,1,sell,False,False,False,False,False,,,20,True,False,427e3383f1feb697,proxy_quality_from_locked_manifest_no_transcript_text_exported,medium
2097,XAsQRjjpma4,AMD,nan,Financial Education,2025-10-20,sell,3,65,65,90,1,sell,False,False,False,False,False,,,70,False,True,374b0fbfae91b9e2,proxy_quality_from_locked_manifest_no_transcript_text_exported,medium
2098,XAsQRjjpma4,AMZN,Amazon,Financial Education,2025-10-20,sell,3,65,65,90,1,sell,False,False,False,False,False,,,70,False,True,7847e41386882715,proxy_quality_from_locked_manifest_no_transcript_text_exported,medium
2099,XAsQRjjpma4,NVDA,Nvidia,Financial Education,2025-10-20,sell,3,65,65,90,1,sell,False,False,False,False,False,,,70,False,True,117d623cbc157fb1,proxy_quality_from_locked_manifest_no_transcript_text_exported,medium
2100,e9SQIJdpip4,AAPL,Apple,New Money,2024-05-27,buy,3,75,75,90,1,buy,False,False,False,False,False,,,20,True,True,97fa72abc1bf67ac,proxy_quality_from_locked_manifest_no_transcript_text_exported,high
2101,7l3hyQDvKuw,MSFT,Microsoft,New Money,2023-05-26,buy,3,60,60,90,1,buy,False,False,False,False,False,,,70,False,False,6048b74304de901e,proxy_quality_from_locked_manifest_no_transcript_text_exported,medium
2102,7l3hyQDvKuw,AMZN,Amazon,New Money,2023-05-26,buy,3,65,65,90,1,buy,False,False,False,False,False,,,70,False,True,efc4bd247c7c8e7d,proxy_quality_from_locked_manifest_no_transcript_text_exported,medium
2103,7l3hyQDvKuw,AMZN,Amazon,New Money,2023-05-26,buy,3,65,65,90,1,buy,False,False,False,False,False,,,70,False,True,9f3f0fd93e2c909b,proxy_quality_from_locked_manifest_no_transcript_text_exported,medium
2104,7l3hyQDvKuw,GOOGL,Alphabet,New Money,2023-05-26,sell,3,60,60,90,1,sell,False,False,False,False,False,,,70,False,False,35ad8b789ebb8946,proxy_quality_from_locked_manifest_no_transcript_text_exported,medium
2105,Ui8wrQFniL0,AMD,nan,Financial Education,2025-11-25,buy,3,65,65,90,1,buy,False,False,False,False,False,,,70,False,True,8d6cb1fb6c0b0b99,proxy_quality_from_locked_manifest_no_transcript_text_exported,medium
2106,Ui8wrQFniL0,AMD,nan,Financial Education,2025-11-25,buy,3,65,65,90,1,buy,False,False,False,False,False,,,70,False,True,660af3d4ea0e7e69,proxy_quality_from_locked_manifest_no_transcript_text_exported,medium
2107,Ui8wrQFniL0,AMD,nan,Financial Education,2025-11-25,buy,3,65,65,90,1,buy,False,False,False,False,False,,,70,False,True,0a319ef1b1f8a961,proxy_quality_from_locked_manifest_no_transcript_text_exported,medium
2108,Ui8wrQFniL0,AMD,nan,Financial Education,2025-11-25,buy,3,65,65,90,1,buy,False,False,False,False,False,,,70,False,True,d95f5722b389036b,proxy_quality_from_locked_manifest_no_transcript_text_exported,medium
2109,Ui8wrQFniL0,AMD,nan,Financial Education,2025-11-25,buy,3,65,65,90,1,buy,False,False,False,False,False,,,70,False,True,814d1448653c7b12,proxy_quality_from_locked_manifest_no_transcript_text_exported,medium
2110,Ui8wrQFniL0,GOOGL,Alphabet,Financial Education,2025-11-25,buy,3,60,60,90,1,buy,False,False,False,False,False,,,70,False,False,40bbb9393fe553c6,proxy_quality_from_locked_manifest_no_transcript_text_exported,medium
2111,Ui8wrQFniL0,GOOGL,Alphabet,Financial Education,2025-11-25,buy,3,60,60,90,1,buy,False,False,False,False,False,,,70,False,False,c7e5a4ca69e05416,proxy_quality_from_locked_manifest_no_transcript_text_exported,medium
2112,Ui8wrQFniL0,META,Meta,Financial Education,2025-11-25,buy,3,60,60,90,1,buy,False,False,False,False,False,,,70,False,False,0c1432ee935a40b8,proxy_quality_from_locked_manifest_no_transcript_text_exported,medium
2113,Ui8wrQFniL0,META,Meta,Financial Education,2025-11-25,buy,3,60,60,90,1,buy,False,False,False,False,False,,,70,False,False,afc4f00d651f362f,proxy_quality_from_locked_manifest_no_transcript_text_exported,medium
2114,uP6u9wkd_sw,AMD,nan,Financial Education,2025-12-09,buy,3,65,65,90,1,buy,False,False,False,False,False,,,70,False,True,91ba91d3eb7e0855,proxy_quality_from_locked_manifest_no_transcript_text_exported,medium
2115,uP6u9wkd_sw,AMD,nan,Financial Education,2025-12-09,buy,2,45,45,90,1,buy,True,True,False,False,False,,,70,False,True,ffde6df57df0ea0e,proxy_quality_from_locked_manifest_no_transcript_text_exported,low
2116,uP6u9wkd_sw,NFLX,Netflix,Financial Education,2025-12-09,buy,3,60,60,90,1,buy,False,False,False,False,False,,,70,False,False,c392fbb17eaf4fdd,proxy_quality_from_locked_manifest_no_transcript_text_exported,medium
2117,uP6u9wkd_sw,NVDA,Nvidia,Financial Education,2025-12-09,buy,3,65,65,90,1,buy,False,False,False,False,False,,,70,False,True,da3bd27bbd1bf74a,proxy_quality_from_locked_manifest_no_transcript_text_exported,medium
2118,uP6u9wkd_sw,NVDA,Nvidia,Financial Education,2025-12-09,buy,3,65,65,90,1,buy,False,False,False,False,False,,,70,False,True,76b53028088b429f,proxy_quality_from_locked_manifest_no_transcript_text_exported,medium
2119,rcrH-op51Lc,TSLA,Tesla,HyperChange,2021-12-05,buy,3,75,75,90,1,buy,False,False,False,False,False,,,20,True,True,3d89e8efce190a6a,proxy_quality_from_locked_manifest_no_transcript_text_exported,high
2120,rcrH-op51Lc,TSLA,Tesla,HyperChange,2021-12-05,sell,3,75,75,90,1,sell,False,False,False,False,False,,,20,True,True,068e862c8173b4f9,proxy_quality_from_locked_manifest_no_transcript_text_exported,high
2121,rcrH-op51Lc,TSLA,Tesla,HyperChange,2021-12-05,buy,3,75,75,90,1,buy,False,False,False,False,False,,,20,True,True,05a3d7e9555ee7aa,proxy_quality_from_locked_manifest_no_transcript_text_exported,high
2122,rcrH-op51Lc,TSLA,Tesla,HyperChange,2021-12-05,sell,3,75,75,90,1,sell,False,False,False,False,False,,,20,True,True,384606d8ecc7ceea,proxy_quality_from_locked_manifest_no_transcript_text_exported,high
2123,rcrH-op51Lc,TSLA,Tesla,HyperChange,2021-12-05,buy,3,75,75,90,1,buy,False,False,False,False,False,,,20,True,True,d5304c9b05838207,proxy_quality_from_locked_manifest_no_transcript_text_exported,high
2124,rcrH-op51Lc,TSLA,Tesla,HyperChange,2021-12-05,sell,3,75,75,90,1,sell,False,False,False,False,False,,,20,True,True,8137b50bbd6482d4,proxy_quality_from_locked_manifest_no_transcript_text_exported,high
2125,rcrH-op51Lc,TSLA,Tesla,HyperChange,2021-12-05,sell,4,95,95,90,1,sell,False,False,False,False,False,,,20,True,True,e9f5ba79f6176873,proxy_quality_from_locked_manifest_no_transcript_text_exported,high
2126,_eWsP_5tlp8,AMD,nan,Financial Education,2025-12-11,buy,3,65,65,90,1,buy,False,False,False,False,False,,,70,False,True,e82000a43319e96e,proxy_quality_from_locked_manifest_no_transcript_text_exported,medium
2127,_eWsP_5tlp8,AMD,nan,Financial Education,2025-12-11,buy,3,65,65,90,1,buy,False,False,False,False,False,,,70,False,True,14f1fdf2bd4d5d61,proxy_quality_from_locked_manifest_no_transcript_text_exported,medium
2128,L-g2YwTq6RY,AAPL,Apple,New Money,2023-11-18,buy,3,75,75,90,1,buy,False,False,False,False,False,,,20,True,True,99f220d58794ee90,proxy_quality_from_locked_manifest_no_transcript_text_exported,high
2129,idxW9VGdXoA,NVDA,Nvidia,New Money,2024-03-17,sell,2,55,55,90,1,sell,True,True,False,False,False,,,20,True,True,dd5b2b6eb929196e,proxy_quality_from_locked_manifest_no_transcript_text_exported,medium
2130,idxW9VGdXoA,TSLA,Tesla,New Money,2024-03-17,buy,3,75,75,90,1,buy,False,False,False,False,False,,,20,True,True,d0d634fde0afe9e4,proxy_quality_from_locked_manifest_no_transcript_text_exported,high
2131,idxW9VGdXoA,TSLA,Tesla,New Money,2024-03-17,buy,3,75,75,90,1,buy,False,False,False,False,False,,,20,True,True,86576aab8055a382,proxy_quality_from_locked_manifest_no_transcript_text_exported,high
2132,p2dAB-GdG-0,AAPL,Apple,Joseph Carlson,2023-09-13,buy,3,65,65,90,1,buy,False,False,False,False,False,,,70,False,True,4943ac1aabe1538f,proxy_quality_from_locked_manifest_no_transcript_text_exported,medium
2133,p2dAB-GdG-0,AAPL,Apple,Joseph Carlson,2023-09-13,buy,3,65,65,90,1,buy,False,False,False,False,False,,,70,False,True,53308da23dd62876,proxy_quality_from_locked_manifest_no_transcript_text_exported,medium
2134,p2dAB-GdG-0,AAPL,Apple,Joseph Carlson,2023-09-13,buy,3,65,65,90,1,buy,False,False,False,False,False,,,70,False,True,80ef97283801363e,proxy_quality_from_locked_manifest_no_transcript_text_exported,medium
2135,p2dAB-GdG-0,AAPL,Apple,Joseph Carlson,2023-09-13,buy,3,65,65,90,1,buy,False,False,False,False,False,,,70,False,True,0d5b43fc1722e239,proxy_quality_from_locked_manifest_no_transcript_text_exported,medium
2136,p2dAB-GdG-0,AAPL,Apple,Joseph Carlson,2023-09-13,buy,3,65,65,90,1,buy,False,False,False,False,False,,,70,False,True,c70858d886cddbd7,proxy_quality_from_locked_manifest_no_transcript_text_exported,medium
2137,p2dAB-GdG-0,AAPL,Apple,Joseph Carlson,2023-09-13,buy,3,65,65,90,1,buy,False,False,False,False,False,,,70,False,True,34bf52176f9260b9,proxy_quality_from_locked_manifest_no_transcript_text_exported,medium
2138,p2dAB-GdG-0,AAPL,Apple,Joseph Carlson,2023-09-13,buy,3,65,65,90,1,buy,False,False,False,False,False,,,70,False,True,6830965041d762c1,proxy_quality_from_locked_manifest_no_transcript_text_exported,medium
2139,a39gLDh1qOM,NVDA,Nvidia,ZipTrader,2024-02-21,buy,3,65,65,90,1,buy,False,False,False,False,False,,,70,False,True,200a039b3f57bc28,proxy_quality_from_locked_manifest_no_transcript_text_exported,medium
2140,WHqzBSjTn8U,MSFT,Microsoft,Joseph Carlson,2023-11-08,buy,3,60,60,90,1,buy,False,False,False,False,False,,,70,False,False,8fcd92b5a518bb8f,proxy_quality_from_locked_manifest_no_transcript_text_exported,medium
2141,WHqzBSjTn8U,MSFT,Microsoft,Joseph Carlson,2023-11-08,buy,3,60,60,90,1,buy,False,False,False,False,False,,,70,False,False,a89e7db4e7a721ad,proxy_quality_from_locked_manifest_no_transcript_text_exported,medium
2142,UCNZet0b_LE,NVDA,Nvidia,Bloomberg Television,2026-05-06,buy,3,65,65,90,1,buy,False,False,False,False,False,,,70,False,True,a42da79c93596a67,proxy_quality_from_locked_manifest_no_transcript_text_exported,medium
2143,UCNZet0b_LE,NVDA,Nvidia,Bloomberg Television,2026-05-06,buy,3,65,65,90,1,buy,False,False,False,False,False,,,70,False,True,9991ab7c655a3d13,proxy_quality_from_locked_manifest_no_transcript_text_exported,medium
2144,h3IyIxsBlWg,UBER,Uber,Kenan Grace,2025-09-12,buy,3,60,60,90,1,buy,False,False,False,False,False,,,70,False,False,6287edfc8919c14e,proxy_quality_from_locked_manifest_no_transcript_text_exported,medium
2145,W076zJiNRzc,NVDA,Nvidia,ZipTrader,2024-02-26,buy,3,65,65,90,1,buy,False,False,False,False,False,,,70,False,True,6203e0a3ad118b0a,proxy_quality_from_locked_manifest_no_transcript_text_exported,medium
2146,W076zJiNRzc,NVDA,Nvidia,ZipTrader,2024-02-26,buy,3,65,65,90,1,buy,False,False,False,False,False,,,70,False,True,0b61084504e119d1,proxy_quality_from_locked_manifest_no_transcript_text_exported,medium
2147,W076zJiNRzc,AMD,nan,ZipTrader,2024-02-26,buy,3,65,65,90,1,buy,False,False,False,False,False,,,70,False,True,4fd3d13a4c08efbe,proxy_quality_from_locked_manifest_no_transcript_text_exported,medium
2148,W076zJiNRzc,AMD,nan,ZipTrader,2024-02-26,sell,3,65,65,90,1,sell,False,False,False,False,False,,,70,False,True,251250a50007514a,proxy_quality_from_locked_manifest_no_transcript_text_exported,medium
2149,W076zJiNRzc,AMD,nan,ZipTrader,2024-02-26,buy,4,85,85,90,1,buy,False,False,False,False,False,,,70,False,True,8d58ee2eac9d3ad4,proxy_quality_from_locked_manifest_no_transcript_text_exported,high
2150,DicVJpvazRI,AAPL,Apple,Joseph Carlson,2023-04-14,buy,3,65,65,90,1,buy,False,False,False,False,False,,,70,False,True,d49d6343b3682e2e,proxy_quality_from_locked_manifest_no_transcript_text_exported,medium
2151,DicVJpvazRI,AMZN,Amazon,Joseph Carlson,2023-04-14,buy,3,65,65,90,1,buy,False,False,False,False,False,,,70,False,True,33156ce5979fdd1d,proxy_quality_from_locked_manifest_no_transcript_text_exported,medium
2152,-n1OBVi8zTw,NFLX,Netflix,Sasha Yanshin,2022-10-19,sell,3,60,60,90,1,sell,False,False,False,False,False,,,70,False,False,c77bf54df5408871,proxy_quality_from_locked_manifest_no_transcript_text_exported,medium
2153,-n1OBVi8zTw,NFLX,Netflix,Sasha Yanshin,2022-10-19,buy,2,40,40,90,1,buy,True,True,False,False,False,,,70,False,False,147c693efa6b963a,proxy_quality_from_locked_manifest_no_transcript_text_exported,low
2154,UQufws2hsEg,NVDA,Nvidia,ZipTrader,2024-03-05,buy,5,100,100,90,1,buy,False,False,False,False,False,,,20,True,True,f0872c7bb4e4b68e,proxy_quality_from_locked_manifest_no_transcript_text_exported,high
2155,CmKN0xbLrZ0,NVDA,Nvidia,ZipTrader,2024-03-22,buy,3,65,65,90,1,buy,False,False,False,False,False,,,70,False,True,61c9f05e72623af2,proxy_quality_from_locked_manifest_no_transcript_text_exported,medium
2156,a_MZxP6WLdM,AAPL,Apple,Joseph Carlson,2023-08-08,buy,3,65,65,90,1,buy,False,False,False,False,False,,,70,False,True,a536b1e7b4de59cf,proxy_quality_from_locked_manifest_no_transcript_text_exported,medium
2157,FzESKTRUVIg,AMD,nan,Sasha Yanshin,2022-11-02,buy,3,65,65,90,1,buy,False,False,False,False,False,,,70,False,True,557df8f4e0745f66,proxy_quality_from_locked_manifest_no_transcript_text_exported,medium
2158,FzESKTRUVIg,AMD,nan,Sasha Yanshin,2022-11-02,buy,4,85,85,90,1,buy,False,False,False,False,False,,,70,False,True,19bfe016b272a1e4,proxy_quality_from_locked_manifest_no_transcript_text_exported,high
2159,vBPLZBDXuQ8,GOOGL,Alphabet,Kenan Grace,2025-11-26,buy,3,60,60,90,1,buy,False,False,False,False,False,,,70,False,False,d1815849c4e93deb,proxy_quality_from_locked_manifest_no_transcript_text_exported,medium
2160,Cw9KxezdFM8,DIS,Disney,Joseph Carlson,2023-11-30,buy,3,60,60,90,1,buy,False,False,False,False,False,,,70,False,False,b90af4f716579068,proxy_quality_from_locked_manifest_no_transcript_text_exported,medium
2161,Cw9KxezdFM8,DIS,Disney,Joseph Carlson,2023-11-30,buy,3,60,60,90,1,buy,False,False,False,False,False,,,70,False,False,9338c27d0cb1ea0b,proxy_quality_from_locked_manifest_no_transcript_text_exported,medium
2162,Cw9KxezdFM8,TSLA,Tesla,Joseph Carlson,2023-11-30,sell,3,65,65,90,1,sell,False,False,False,False,False,,,70,False,True,4078445201759eba,proxy_quality_from_locked_manifest_no_transcript_text_exported,medium
2163,TAhw6g2KD4c,NVDA,Nvidia,Joseph Carlson,2023-08-25,buy,2,45,45,90,1,buy,True,True,False,False,False,,,70,False,True,4d225b87ad484156,proxy_quality_from_locked_manifest_no_transcript_text_exported,low
2164,TAhw6g2KD4c,NVDA,Nvidia,Joseph Carlson,2023-08-25,sell,3,65,65,90,1,sell,False,False,False,False,False,,,70,False,True,1c2953464dfba8fa,proxy_quality_from_locked_manifest_no_transcript_text_exported,medium
2165,TAhw6g2KD4c,DIS,Disney,Joseph Carlson,2023-08-25,sell,3,60,60,90,1,sell,False,False,False,False,False,,,70,False,False,cee2d2ec7e1e90e2,proxy_quality_from_locked_manifest_no_transcript_text_exported,medium
2166,CBv5L6iiyLY,TSLA,Tesla,Sasha Yanshin,2022-11-14,buy,3,65,65,90,1,buy,False,False,False,False,False,,,70,False,True,d447f3eacfb68f1b,proxy_quality_from_locked_manifest_no_transcript_text_exported,medium
2167,CBv5L6iiyLY,TSLA,Tesla,Sasha Yanshin,2022-11-14,buy,3,65,65,90,1,buy,False,False,False,False,False,,,70,False,True,b8082a4794d488e4,proxy_quality_from_locked_manifest_no_transcript_text_exported,medium
2168,CBv5L6iiyLY,TSLA,Tesla,Sasha Yanshin,2022-11-14,buy,3,65,65,90,1,buy,False,False,False,False,False,,,70,False,True,9562313a67db4269,proxy_quality_from_locked_manifest_no_transcript_text_exported,medium
2169,cH-CrgACU0Q,NVDA,Nvidia,ZipTrader,2024-08-28,sell,3,65,65,90,1,sell,False,False,False,False,False,,,70,False,True,62ac290eb5521ff4,proxy_quality_from_locked_manifest_no_transcript_text_exported,medium
2170,R78_LcxTAVQ,TSLA,Tesla,Joseph Carlson,2023-04-20,sell,3,65,65,90,1,sell,False,False,False,False,False,,,70,False,True,167dbef123cb6718,proxy_quality_from_locked_manifest_no_transcript_text_exported,medium
2171,R78_LcxTAVQ,TSLA,Tesla,Joseph Carlson,2023-04-20,sell,3,65,65,90,1,sell,False,False,False,False,False,,,70,False,True,aa4e0b5daad476ae,proxy_quality_from_locked_manifest_no_transcript_text_exported,medium
2172,EY4uVt71sVY,META,Meta,Bloomberg Television,2026-05-01,sell,3,60,60,90,1,sell,False,False,False,False,False,,,70,False,False,0628dcc934702613,proxy_quality_from_locked_manifest_no_transcript_text_exported,medium
2173,pjnSFJZv0JY,GOOGL,Alphabet,Joseph Carlson,2023-05-12,buy,3,60,60,90,1,buy,False,False,False,False,False,,,70,False,False,203fbcc9335d1211,proxy_quality_from_locked_manifest_no_transcript_text_exported,medium
2174,xHOvgHAqeIc,TSLA,Tesla,Sasha Yanshin,2022-12-15,sell,3,65,65,90,1,sell,False,False,False,False,False,,,70,False,True,d1a73ee983453ab7,proxy_quality_from_locked_manifest_no_transcript_text_exported,medium
2175,xHOvgHAqeIc,TSLA,Tesla,Sasha Yanshin,2022-12-15,buy,3,65,65,90,1,buy,False,False,False,False,False,,,70,False,True,5c0359c10c60c55f,proxy_quality_from_locked_manifest_no_transcript_text_exported,medium
2176,xHOvgHAqeIc,TSLA,Tesla,Sasha Yanshin,2022-12-15,buy,3,65,65,90,1,buy,False,False,False,False,False,,,70,False,True,c08a52a4ea4e1312,proxy_quality_from_locked_manifest_no_transcript_text_exported,medium
2177,HbUvydKt8EI,TSLA,Tesla,ZipTrader,2024-12-19,buy,3,65,65,90,1,buy,False,False,False,False,False,,,70,False,True,05182d2d9cbe781a,proxy_quality_from_locked_manifest_no_transcript_text_exported,medium
2178,NY9jK1cPB-g,AAPL,Apple,Joseph Carlson,2023-09-07,sell,3,65,65,90,1,sell,False,False,False,False,False,,,70,False,True,2b43c55ee748c941,proxy_quality_from_locked_manifest_no_transcript_text_exported,medium
2179,NY9jK1cPB-g,AAPL,Apple,Joseph Carlson,2023-09-07,sell,3,65,65,90,1,sell,False,False,False,False,False,,,70,False,True,3c24a67b2f3b8b8b,proxy_quality_from_locked_manifest_no_transcript_text_exported,medium
2180,ytsNssXX3Ik,UBER,Uber,Chris Sain,2025-07-08,buy,3,60,60,90,1,buy,False,False,False,False,False,,,70,False,False,45d3b4005501c2ea,proxy_quality_from_locked_manifest_no_transcript_text_exported,medium
2181,KVpqcgux86I,GOOGL,Alphabet,Tom Nash,2024-08-06,sell,3,70,70,90,1,sell,False,False,False,False,False,,,20,True,False,c0ae4c0aa155abb2,proxy_quality_from_locked_manifest_no_transcript_text_exported,medium
2182,npALYUk_cqc,NVDA,Nvidia,Ticker Symbol: YOU,2023-08-27,buy,3,75,75,90,1,buy,False,False,False,False,False,,,20,True,True,3da7ef22428f204a,proxy_quality_from_locked_manifest_no_transcript_text_exported,high
2183,tSsI3eqxbUA,GOOGL,Alphabet,Ticker Symbol: YOU,2023-02-28,buy,3,60,60,90,1,buy,False,False,False,False,False,,,70,False,False,9d94331322761de0,proxy_quality_from_locked_manifest_no_transcript_text_exported,medium
2184,55fKMiktDC4,NVDA,Nvidia,Chris Sain,2025-07-21,buy,3,65,65,90,1,buy,False,False,False,False,False,,,70,False,True,b0fae595f9e81f4a,proxy_quality_from_locked_manifest_no_transcript_text_exported,medium
2185,yZ1vJZZb-08,NVDA,Nvidia,Tom Nash,2024-08-22,buy,3,65,65,90,1,buy,False,False,False,False,False,,,70,False,True,f33827562f7d21e1,proxy_quality_from_locked_manifest_no_transcript_text_exported,medium
2186,yZ1vJZZb-08,NVDA,Nvidia,Tom Nash,2024-08-22,buy,2,45,45,90,1,buy,True,True,False,False,False,,,70,False,True,d040db66694012eb,proxy_quality_from_locked_manifest_no_transcript_text_exported,low
2187,yZ1vJZZb-08,NVDA,Nvidia,Tom Nash,2024-08-22,buy,3,65,65,90,1,buy,False,False,False,False,False,,,70,False,True,640bcd532413407a,proxy_quality_from_locked_manifest_no_transcript_text_exported,medium
2188,yZ1vJZZb-08,AMZN,Amazon,Tom Nash,2024-08-22,buy,3,65,65,90,1,buy,False,False,False,False,False,,,70,False,True,870e23af4533849c,proxy_quality_from_locked_manifest_no_transcript_text_exported,medium
2189,bWxoFJQsaww,AMZN,Amazon,New Money,2022-09-12,buy,3,75,75,90,1,buy,False,False,False,False,False,,,20,True,True,50331a21da6d0bef,proxy_quality_from_locked_manifest_no_transcript_text_exported,high
2190,bWxoFJQsaww,GOOGL,Alphabet,New Money,2022-09-12,buy,3,70,70,90,1,buy,False,False,False,False,False,,,20,True,False,9aed81e3b7996d63,proxy_quality_from_locked_manifest_no_transcript_text_exported,medium
2191,lsiaZYfs7-U,NVDA,Nvidia,Tom Nash,2024-08-25,sell,3,75,75,90,1,sell,False,False,False,False,False,,,20,True,True,ab989a7e02042502,proxy_quality_from_locked_manifest_no_transcript_text_exported,high
2192,VX1kzNPKsdg,NVDA,Nvidia,Tom Nash,2024-06-07,sell,2,45,45,90,1,sell,True,True,False,False,False,,,70,False,True,d0eb50bf6be389f1,proxy_quality_from_locked_manifest_no_transcript_text_exported,low
2193,VX1kzNPKsdg,NVDA,Nvidia,Tom Nash,2024-06-07,buy,3,65,65,90,1,buy,False,False,False,False,False,,,70,False,True,9f915afa32b6a9b1,proxy_quality_from_locked_manifest_no_transcript_text_exported,medium
2194,VX1kzNPKsdg,NVDA,Nvidia,Tom Nash,2024-06-07,buy,3,65,65,90,1,buy,False,False,False,False,False,,,70,False,True,96df5e47ff31c185,proxy_quality_from_locked_manifest_no_transcript_text_exported,medium
2195,ilwk1Dm7Yzg,TSLA,Tesla,The Plain Bagel,2020-02-21,buy,3,65,65,90,1,buy,False,False,False,False,False,,,70,False,True,fa7c15fd2670f3bb,proxy_quality_from_locked_manifest_no_transcript_text_exported,medium
2196,ilwk1Dm7Yzg,TSLA,Tesla,The Plain Bagel,2020-02-21,buy,3,65,65,90,1,buy,False,False,False,False,False,,,70,False,True,1480443ea9e2b5fa,proxy_quality_from_locked_manifest_no_transcript_text_exported,medium
2197,jd4T0FsCEIo,MSFT,Microsoft,Ticker Symbol: YOU,2023-05-21,buy,3,70,70,90,1,buy,False,False,False,False,False,,,20,True,False,bc584486fea1e788,proxy_quality_from_locked_manifest_no_transcript_text_exported,medium
2198,4IxS7pfGukM,DIS,Disney,New Money,2022-12-01,buy,3,60,60,90,1,buy,False,False,False,False,False,,,70,False,False,0dd4ecc8f107a0f9,proxy_quality_from_locked_manifest_no_transcript_text_exported,medium
2199,4IxS7pfGukM,AMZN,Amazon,New Money,2022-12-01,buy,3,65,65,90,1,buy,False,False,False,False,False,,,70,False,True,b51b5c69b942bf56,proxy_quality_from_locked_manifest_no_transcript_text_exported,medium
2200,4IxS7pfGukM,MSFT,Microsoft,New Money,2022-12-01,buy,3,60,60,90,1,buy,False,False,False,False,False,,,70,False,False,424accf59165f043,proxy_quality_from_locked_manifest_no_transcript_text_exported,medium
2201,8omvXYV4toQ,AAPL,Apple,Joseph Carlson,2022-11-18,buy,3,65,65,90,1,buy,False,False,False,False,False,,,70,False,True,33a389c140d37d65,proxy_quality_from_locked_manifest_no_transcript_text_exported,medium
2202,8omvXYV4toQ,AAPL,Apple,Joseph Carlson,2022-11-18,buy,3,65,65,90,1,buy,False,False,False,False,False,,,70,False,True,c1205415c09a3500,proxy_quality_from_locked_manifest_no_transcript_text_exported,medium
2203,8omvXYV4toQ,NFLX,Netflix,Joseph Carlson,2022-11-18,buy,3,60,60,90,1,buy,False,False,False,False,False,,,70,False,False,46fae80745f2a27b,proxy_quality_from_locked_manifest_no_transcript_text_exported,medium
2204,tbpowoLx-J8,TSLA,Tesla,Tom Nash,2024-05-07,buy,3,75,75,90,1,buy,False,False,False,False,False,,,20,True,True,acc6c45206ecb0e6,proxy_quality_from_locked_manifest_no_transcript_text_exported,high
2205,aHzGTH_khbk,SMCI,Super Micro,Tom Nash,2024-03-04,buy,3,60,60,90,1,buy,False,False,False,False,False,,,70,False,False,9d7e3f21af378c82,proxy_quality_from_locked_manifest_no_transcript_text_exported,medium
2206,jG0gBi7Ps4U,TSLA,Tesla,Ticker Symbol: YOU,2023-12-28,buy,3,65,65,90,1,buy,False,False,False,False,False,,,70,False,True,6aea97fda853581c,proxy_quality_from_locked_manifest_no_transcript_text_exported,medium
2207,jG0gBi7Ps4U,NVDA,Nvidia,Ticker Symbol: YOU,2023-12-28,buy,3,65,65,90,1,buy,False,False,False,False,False,,,70,False,True,81bc157c08abe6e6,proxy_quality_from_locked_manifest_no_transcript_text_exported,medium
2208,jG0gBi7Ps4U,MSFT,Microsoft,Ticker Symbol: YOU,2023-12-28,buy,3,60,60,90,1,buy,False,False,False,False,False,,,70,False,False,1e3ac8b974833a91,proxy_quality_from_locked_manifest_no_transcript_text_exported,medium
2209,jG0gBi7Ps4U,GOOGL,Alphabet,Ticker Symbol: YOU,2023-12-28,buy,3,60,60,90,1,buy,False,False,False,False,False,,,70,False,False,3b690a026750a7e8,proxy_quality_from_locked_manifest_no_transcript_text_exported,medium
2210,CDRoV47XNcY,TSLA,Tesla,Tom Nash,2024-04-04,buy,3,65,65,90,1,buy,False,False,False,False,False,,,70,False,True,7a30828650241060,proxy_quality_from_locked_manifest_no_transcript_text_exported,medium
2211,FlYACTA-pkI,AAPL,Apple,CNBC Television,2026-05-02,buy,3,75,75,90,1,buy,False,False,False,False,False,,,20,True,True,8eab3a26b82e4355,proxy_quality_from_locked_manifest_no_transcript_text_exported,high
2212,hKAapBunwXo,NVDA,Nvidia,Ticker Symbol: YOU,2023-11-27,buy,3,65,65,90,1,buy,False,False,False,False,False,,,70,False,True,0ca388652209ede3,proxy_quality_from_locked_manifest_no_transcript_text_exported,medium
2213,hKAapBunwXo,NVDA,Nvidia,Ticker Symbol: YOU,2023-11-27,buy,3,65,65,90,1,buy,False,False,False,False,False,,,70,False,True,09b79f608db3c590,proxy_quality_from_locked_manifest_no_transcript_text_exported,medium
2214,hKAapBunwXo,NVDA,Nvidia,Ticker Symbol: YOU,2023-11-27,sell,3,65,65,90,1,sell,False,False,False,False,False,,,70,False,True,3800a4d8bf4b89c2,proxy_quality_from_locked_manifest_no_transcript_text_exported,medium
2215,hKAapBunwXo,NVDA,Nvidia,Ticker Symbol: YOU,2023-11-27,buy,3,65,65,90,1,buy,False,False,False,False,False,,,70,False,True,966abcd4931457a3,proxy_quality_from_locked_manifest_no_transcript_text_exported,medium
2216,hKAapBunwXo,AMD,nan,Ticker Symbol: YOU,2023-11-27,buy,3,65,65,90,1,buy,False,False,False,False,False,,,70,False,True,2fd40540e574183c,proxy_quality_from_locked_manifest_no_transcript_text_exported,medium
2217,J2ysrIiwgZE,AMZN,Amazon,Everything Money,2025-06-02,buy,3,75,75,90,1,buy,False,False,False,False,False,,,20,True,True,bf3c9fc004e724c2,proxy_quality_from_locked_manifest_no_transcript_text_exported,high
2218,CpYfmgehgis,TSLA,Tesla,Chicken Genius Singapore,2020-07-06,sell,3,75,75,90,1,sell,False,False,False,False,False,,,20,True,True,f80e29d379c55f4f,proxy_quality_from_locked_manifest_no_transcript_text_exported,high
2219,MLMUxTWU6cg,NFLX,Netflix,Everything Money,2025-10-28,sell,3,70,70,90,1,sell,False,False,False,False,False,,,20,True,False,1eccb669a07c73ac,proxy_quality_from_locked_manifest_no_transcript_text_exported,medium
2220,iQFuA2Gkxwo,TSLA,Tesla,Chicken Genius Singapore,2020-07-13,buy,3,75,75,90,1,buy,False,False,False,False,False,,,20,True,True,151e7b459d466c9b,proxy_quality_from_locked_manifest_no_transcript_text_exported,high
2221,oaqv-LP9ed0,NVDA,Nvidia,Everything Money,2025-11-11,buy,3,75,75,90,1,buy,False,False,False,False,False,,,20,True,True,ab227bb4c063a573,proxy_quality_from_locked_manifest_no_transcript_text_exported,high
2222,oaqv-LP9ed0,NVDA,Nvidia,Everything Money,2025-11-11,buy,4,95,95,90,1,buy,False,False,False,False,False,,,20,True,True,837652bd2f9e9193,proxy_quality_from_locked_manifest_no_transcript_text_exported,high
2223,oaqv-LP9ed0,NVDA,Nvidia,Everything Money,2025-11-11,buy,3,75,75,90,1,buy,False,False,False,False,False,,,20,True,True,63d2012ccf9a07c8,proxy_quality_from_locked_manifest_no_transcript_text_exported,high
2224,oaqv-LP9ed0,NVDA,Nvidia,Everything Money,2025-11-11,sell,3,75,75,90,1,sell,False,False,False,False,False,,,20,True,True,fe11beaf65b3db3e,proxy_quality_from_locked_manifest_no_transcript_text_exported,high
2225,k0rpxeieWDA,TSLA,Tesla,Everything Money,2025-02-17,sell,3,75,75,90,1,sell,False,False,False,False,False,,,20,True,True,d083074c1fd690c8,proxy_quality_from_locked_manifest_no_transcript_text_exported,high
2226,k0rpxeieWDA,NVDA,Nvidia,Everything Money,2025-02-17,buy,3,75,75,90,1,buy,False,False,False,False,False,,,20,True,True,1500916c3f7aaf16,proxy_quality_from_locked_manifest_no_transcript_text_exported,high
2227,MqmV9HzTO3M,TSLA,Tesla,Chicken Genius Singapore,2021-07-19,sell,3,75,75,90,1,sell,False,False,False,False,False,,,20,True,True,0d958840dd5ff62d,proxy_quality_from_locked_manifest_no_transcript_text_exported,high
2228,MqmV9HzTO3M,TSLA,Tesla,Chicken Genius Singapore,2021-07-19,buy,3,75,75,90,1,buy,False,False,False,False,False,,,20,True,True,a45c86a777d88d81,proxy_quality_from_locked_manifest_no_transcript_text_exported,high
2229,w73gVwZQdZU,TSLA,Tesla,Everything Money,2025-03-26,buy,3,75,75,90,1,buy,False,False,False,False,False,,,20,True,True,381706d03ac7ddaf,proxy_quality_from_locked_manifest_no_transcript_text_exported,high
2230,O9H33R9D0KA,UBER,Uber,Everything Money,2025-08-14,buy,3,70,70,90,1,buy,False,False,False,False,False,,,20,True,False,aa79eb7a5c6d2bde,proxy_quality_from_locked_manifest_no_transcript_text_exported,medium
2231,O9H33R9D0KA,UBER,Uber,Everything Money,2025-08-14,buy,3,70,70,90,1,buy,False,False,False,False,False,,,20,True,False,e19e8d96104cc09f,proxy_quality_from_locked_manifest_no_transcript_text_exported,medium
2232,wP40yOXIb5Y,AAPL,Apple,Joseph Carlson,2022-11-02,buy,3,65,65,90,1,buy,False,False,False,False,False,,,70,False,True,f24c3d0d427a4ab0,proxy_quality_from_locked_manifest_no_transcript_text_exported,medium
2233,wP40yOXIb5Y,AAPL,Apple,Joseph Carlson,2022-11-02,buy,3,65,65,90,1,buy,False,False,False,False,False,,,70,False,True,562cb98ad49c1c87,proxy_quality_from_locked_manifest_no_transcript_text_exported,medium
2234,wP40yOXIb5Y,AAPL,Apple,Joseph Carlson,2022-11-02,buy,3,65,65,90,1,buy,False,False,False,False,False,,,70,False,True,12531918fb3aff5b,proxy_quality_from_locked_manifest_no_transcript_text_exported,medium
2235,wP40yOXIb5Y,AAPL,Apple,Joseph Carlson,2022-11-02,buy,3,65,65,90,1,buy,False,False,False,False,False,,,70,False,True,fa61d7271f11987a,proxy_quality_from_locked_manifest_no_transcript_text_exported,medium
2236,wP40yOXIb5Y,AAPL,Apple,Joseph Carlson,2022-11-02,sell,3,65,65,90,1,sell,False,False,False,False,False,,,70,False,True,cd0ad461f96c30e1,proxy_quality_from_locked_manifest_no_transcript_text_exported,medium
2237,hdslUPcMz2Y,SQ,nan,Chicken Genius Singapore,2020-12-07,buy,3,70,70,60,1,buy,False,False,False,False,True,,,20,True,False,ca673f446b8f73ce,proxy_quality_from_locked_manifest_no_transcript_text_exported,medium
2238,20PT-O46nkc,NVDA,Nvidia,Everything Money,2025-10-16,buy,3,75,75,90,1,buy,False,False,False,False,False,,,20,True,True,17dcd2260326a30f,proxy_quality_from_locked_manifest_no_transcript_text_exported,high
2239,20PT-O46nkc,AMD,nan,Everything Money,2025-10-16,buy,3,75,75,90,1,buy,False,False,False,False,False,,,20,True,True,43e1243cf58b3d76,proxy_quality_from_locked_manifest_no_transcript_text_exported,high
2240,OZ0N74Ea0sg,MSFT,Microsoft,Joseph Carlson,2022-09-30,buy,3,60,60,90,1,buy,False,False,False,False,False,,,70,False,False,3eea81f2f0cab866,proxy_quality_from_locked_manifest_no_transcript_text_exported,medium
2241,OZ0N74Ea0sg,DIS,Disney,Joseph Carlson,2022-09-30,sell,3,60,60,90,1,sell,False,False,False,False,False,,,70,False,False,db4b204a65eded5d,proxy_quality_from_locked_manifest_no_transcript_text_exported,medium
2242,OZ0N74Ea0sg,DIS,Disney,Joseph Carlson,2022-09-30,buy,3,60,60,90,1,buy,False,False,False,False,False,,,70,False,False,34529e9e939871eb,proxy_quality_from_locked_manifest_no_transcript_text_exported,medium
2243,6fMUWOx4db4,TSLA,Tesla,Chicken Genius Singapore,2021-12-21,buy,3,75,75,90,1,buy,False,False,False,False,False,,,20,True,True,d3019d6952301bd2,proxy_quality_from_locked_manifest_no_transcript_text_exported,high
2244,M1kBm5mNSW4,TSLA,Tesla,Chicken Genius Singapore,2020-06-12,sell,3,75,75,90,1,sell,False,False,False,False,False,,,20,True,True,6f0582b531c26930,proxy_quality_from_locked_manifest_no_transcript_text_exported,high
2245,vmN375NZX18,NVDA,Nvidia,CNBC Television,2026-05-06,buy,3,65,65,90,1,buy,False,False,False,False,False,,,70,False,True,74c72d839f1fff0f,proxy_quality_from_locked_manifest_no_transcript_text_exported,medium
2246,GjWWOR5YQJ0,AMD,nan,Financial Education,2026-05-07,buy,3,65,65,90,1,buy,False,False,False,False,False,,,70,False,True,b32d4edc41ed7952,proxy_quality_from_locked_manifest_no_transcript_text_exported,medium
2247,GjWWOR5YQJ0,AMD,nan,Financial Education,2026-05-07,buy,3,65,65,90,1,buy,False,False,False,False,False,,,70,False,True,f39fd055e600e7f5,proxy_quality_from_locked_manifest_no_transcript_text_exported,medium
2248,vKddLsKw1T4,TSLA,Tesla,Ale's World of Stocks,2026-04-03,sell,3,75,75,90,1,sell,False,False,False,False,False,,,20,True,True,d222ca7fddb597aa,proxy_quality_from_locked_manifest_no_transcript_text_exported,high
2249,vKddLsKw1T4,NVDA,Nvidia,Ale's World of Stocks,2026-04-03,buy,3,75,75,90,1,buy,False,False,False,False,False,,,20,True,True,6b89127859450325,proxy_quality_from_locked_manifest_no_transcript_text_exported,high
2250,gIjY-GIlres,TSLA,Tesla,Sasha Yanshin,2022-09-20,buy,3,75,75,90,1,buy,False,False,False,False,False,,,20,True,True,ba44185d0053c1ce,proxy_quality_from_locked_manifest_no_transcript_text_exported,high
2251,gIjY-GIlres,TSLA,Tesla,Sasha Yanshin,2022-09-20,sell,3,75,75,90,1,sell,False,False,False,False,False,,,20,True,True,e08b85c91e00cd07,proxy_quality_from_locked_manifest_no_transcript_text_exported,high
2252,gIjY-GIlres,GOOGL,Alphabet,Sasha Yanshin,2022-09-20,buy,3,70,70,90,1,buy,False,False,False,False,False,,,20,True,False,b472decc811bb811,proxy_quality_from_locked_manifest_no_transcript_text_exported,medium
2253,gIjY-GIlres,GOOGL,Alphabet,Sasha Yanshin,2022-09-20,buy,3,70,70,90,1,buy,False,False,False,False,False,,,20,True,False,d1f9233cea4d0f65,proxy_quality_from_locked_manifest_no_transcript_text_exported,medium
2254,gIjY-GIlres,AMD,nan,Sasha Yanshin,2022-09-20,buy,3,75,75,90,1,buy,False,False,False,False,False,,,20,True,True,c5611ec6f0fac2ec,proxy_quality_from_locked_manifest_no_transcript_text_exported,high
2255,gIjY-GIlres,AMD,nan,Sasha Yanshin,2022-09-20,sell,3,75,75,90,1,sell,False,False,False,False,False,,,20,True,True,2960a56021c6b400,proxy_quality_from_locked_manifest_no_transcript_text_exported,high
2256,gIjY-GIlres,AMD,nan,Sasha Yanshin,2022-09-20,buy,3,75,75,90,1,buy,False,False,False,False,False,,,20,True,True,9bbe7514f87f696f,proxy_quality_from_locked_manifest_no_transcript_text_exported,high
2257,YCNFIr6EqKM,GOOGL,Alphabet,Ticker Symbol: YOU,2023-04-28,buy,2,40,40,90,1,buy,True,True,False,False,False,,,70,False,False,11699e35c8a760b0,proxy_quality_from_locked_manifest_no_transcript_text_exported,low
2258,dkit-LtWzMM,UBER,Uber,Everything Money,2025-09-25,buy,3,70,70,90,1,buy,False,False,False,False,False,,,20,True,False,5302832867114ab4,proxy_quality_from_locked_manifest_no_transcript_text_exported,medium
2259,dkit-LtWzMM,GOOGL,Alphabet,Everything Money,2025-09-25,buy,3,70,70,90,1,buy,False,False,False,False,False,,,20,True,False,90290134247decd8,proxy_quality_from_locked_manifest_no_transcript_text_exported,medium
2260,PdtVTQhwPuI,NVDA,Nvidia,Everything Money,2025-11-10,sell,3,75,75,90,1,sell,False,False,False,False,False,,,20,True,True,ea84c1cf79838178,proxy_quality_from_locked_manifest_no_transcript_text_exported,high
2261,0uosLDD-cms,TSLA,Tesla,Tom Nash,2024-06-13,sell,3,65,65,90,1,sell,False,False,False,False,False,,,70,False,True,58fea531de0e7457,proxy_quality_from_locked_manifest_no_transcript_text_exported,medium
2262,0uosLDD-cms,TSLA,Tesla,Tom Nash,2024-06-13,buy,4,85,85,90,1,buy,False,False,False,False,False,,,70,False,True,a19651e3171df202,proxy_quality_from_locked_manifest_no_transcript_text_exported,high
2263,0uosLDD-cms,TSLA,Tesla,Tom Nash,2024-06-13,sell,3,65,65,90,1,sell,False,False,False,False,False,,,70,False,True,9925c9e4e21339d4,proxy_quality_from_locked_manifest_no_transcript_text_exported,medium
2264,sYttjQo12do,MSFT,Microsoft,Joseph Carlson,2023-07-26,buy,3,60,60,90,1,buy,False,False,False,False,False,,,70,False,False,9ca2371b4056bec0,proxy_quality_from_locked_manifest_no_transcript_text_exported,medium
2265,HPQepscELOM,TSLA,Tesla,Everything Money,2025-12-24,sell,3,75,75,90,1,sell,False,False,False,False,False,,,20,True,True,ece8135af4236763,proxy_quality_from_locked_manifest_no_transcript_text_exported,high
2266,ahTKSUiQKAw,MSFT,Microsoft,Joseph Carlson,2023-10-25,buy,3,60,60,90,1,buy,False,False,False,False,False,,,70,False,False,7fe614b238c23ba4,proxy_quality_from_locked_manifest_no_transcript_text_exported,medium
2267,ahTKSUiQKAw,GOOGL,Alphabet,Joseph Carlson,2023-10-25,buy,3,60,60,90,1,buy,False,False,False,False,False,,,70,False,False,ebe32aaebe7c2c99,proxy_quality_from_locked_manifest_no_transcript_text_exported,medium
2268,6PuZ7mehLMA,NVDA,Nvidia,Tom Nash,2024-05-21,buy,3,65,65,90,1,buy,False,False,False,False,False,,,70,False,True,58c847b4bb2b14b2,proxy_quality_from_locked_manifest_no_transcript_text_exported,medium
2269,6PuZ7mehLMA,NVDA,Nvidia,Tom Nash,2024-05-21,buy,3,65,65,90,1,buy,False,False,False,False,False,,,70,False,True,915cd39929930d0d,proxy_quality_from_locked_manifest_no_transcript_text_exported,medium
2270,dPOOuJK4Ado,MSFT,Microsoft,Joseph Carlson,2023-04-26,buy,3,60,60,90,1,buy,False,False,False,False,False,,,70,False,False,1d2a8e2755eadaf6,proxy_quality_from_locked_manifest_no_transcript_text_exported,medium
2271,dPOOuJK4Ado,MSFT,Microsoft,Joseph Carlson,2023-04-26,buy,3,60,60,90,1,buy,False,False,False,False,False,,,70,False,False,067deeac2a4ab83a,proxy_quality_from_locked_manifest_no_transcript_text_exported,medium
2272,dPOOuJK4Ado,MSFT,Microsoft,Joseph Carlson,2023-04-26,buy,3,60,60,90,1,buy,False,False,False,False,False,,,70,False,False,0bcbae3516e1ea08,proxy_quality_from_locked_manifest_no_transcript_text_exported,medium
2273,dPOOuJK4Ado,MSFT,Microsoft,Joseph Carlson,2023-04-26,buy,3,60,60,90,1,buy,False,False,False,False,False,,,70,False,False,cbaf7a1ac44b1922,proxy_quality_from_locked_manifest_no_transcript_text_exported,medium
2274,dPOOuJK4Ado,AAPL,Apple,Joseph Carlson,2023-04-26,buy,3,65,65,90,1,buy,False,False,False,False,False,,,70,False,True,f738654a8d4ab30c,proxy_quality_from_locked_manifest_no_transcript_text_exported,medium
2275,dPOOuJK4Ado,GOOGL,Alphabet,Joseph Carlson,2023-04-26,buy,3,60,60,90,1,buy,False,False,False,False,False,,,70,False,False,50e0d4a08a1f8fcd,proxy_quality_from_locked_manifest_no_transcript_text_exported,medium
2276,lh0kD7YuGD4,AAPL,Apple,Sasha Yanshin,2022-10-12,sell,3,65,65,90,1,sell,False,False,False,False,False,,,70,False,True,5b719087e3e023f2,proxy_quality_from_locked_manifest_no_transcript_text_exported,medium
2277,OlCltuMxiXE,TSLA,Tesla,Chicken Genius Singapore,2021-12-10,buy,4,95,95,90,1,buy,False,False,False,False,False,,,20,True,True,09c8c5fd074a7f20,proxy_quality_from_locked_manifest_no_transcript_text_exported,high
2278,UUuCDQFtjds,AMZN,Amazon,Sasha Yanshin,2023-06-19,buy,4,85,85,90,1,buy,False,False,False,False,False,,,70,False,True,f7298c7c04399315,proxy_quality_from_locked_manifest_no_transcript_text_exported,high
2279,UUuCDQFtjds,AMZN,Amazon,Sasha Yanshin,2023-06-19,sell,3,65,65,90,1,sell,False,False,False,False,False,,,70,False,True,6d5b184d2df0d9ef,proxy_quality_from_locked_manifest_no_transcript_text_exported,medium
2280,UUuCDQFtjds,AMZN,Amazon,Sasha Yanshin,2023-06-19,buy,3,65,65,90,1,buy,False,False,False,False,False,,,70,False,True,e2672dcabc09820a,proxy_quality_from_locked_manifest_no_transcript_text_exported,medium
2281,7g-IR9gGUD0,GOOGL,Alphabet,Chris Sain,2025-10-30,buy,3,60,60,90,1,buy,False,False,False,False,False,,,70,False,False,377ce8bb3bcf8065,proxy_quality_from_locked_manifest_no_transcript_text_exported,medium
2282,i5kzzv916Ss,AAPL,Apple,CNBC Television,2026-05-04,buy,3,65,65,90,1,buy,False,False,False,False,False,,,70,False,True,70a3a79817d493af,proxy_quality_from_locked_manifest_no_transcript_text_exported,medium
2283,d60Rc8mkuCY,TSLA,Tesla,Chicken Genius Singapore,2021-12-31,buy,3,75,75,90,1,buy,False,False,False,False,False,,,20,True,True,fa61a1f4b381c47e,proxy_quality_from_locked_manifest_no_transcript_text_exported,high
2284,d60Rc8mkuCY,SQ,nan,Chicken Genius Singapore,2021-12-31,sell,3,70,70,60,1,sell,False,False,False,False,True,,,20,True,False,8b4f31519792cdaa,proxy_quality_from_locked_manifest_no_transcript_text_exported,medium
2285,mOCbunawYrQ,TSLA,Tesla,Chicken Genius Singapore,2020-05-18,buy,3,75,75,90,1,buy,False,False,False,False,False,,,20,True,True,83f2869dabf5823b,proxy_quality_from_locked_manifest_no_transcript_text_exported,high
2286,jOmqhieG_EI,TSLA,Tesla,Sasha Yanshin,2023-10-31,buy,5,100,100,90,1,buy,False,False,False,False,False,,,70,False,True,26169b62bebcfb4b,proxy_quality_from_locked_manifest_no_transcript_text_exported,high
2287,QjJxYRv6xkw,TSLA,Tesla,Chicken Genius Singapore,2021-06-04,buy,3,75,75,90,1,buy,False,False,False,False,False,,,20,True,True,6ab9506168eb7e84,proxy_quality_from_locked_manifest_no_transcript_text_exported,high
2288,zZSolXGIFvQ,AMD,nan,Sasha Yanshin,2023-02-13,buy,2,45,45,90,1,buy,True,True,False,False,False,,,70,False,True,7fc8e8eff1d8d882,proxy_quality_from_locked_manifest_no_transcript_text_exported,low
2289,zZSolXGIFvQ,AMZN,Amazon,Sasha Yanshin,2023-02-13,buy,3,65,65,90,1,buy,False,False,False,False,False,,,70,False,True,22fe907a4e342950,proxy_quality_from_locked_manifest_no_transcript_text_exported,medium
2290,zZSolXGIFvQ,MSFT,Microsoft,Sasha Yanshin,2023-02-13,buy,3,60,60,90,1,buy,False,False,False,False,False,,,70,False,False,350ce044d9ea3739,proxy_quality_from_locked_manifest_no_transcript_text_exported,medium
2291,CN_71w-T9Fw,AMD,nan,Sasha Yanshin,2023-05-22,buy,4,85,85,90,1,buy,False,False,False,False,False,,,70,False,True,4bfaa6150382937a,proxy_quality_from_locked_manifest_no_transcript_text_exported,high
2292,CN_71w-T9Fw,AMD,nan,Sasha Yanshin,2023-05-22,buy,4,85,85,90,1,buy,False,False,False,False,False,,,70,False,True,e57b3f9a06f22f6d,proxy_quality_from_locked_manifest_no_transcript_text_exported,high
2293,CN_71w-T9Fw,TSLA,Tesla,Sasha Yanshin,2023-05-22,buy,3,65,65,90,1,buy,False,False,False,False,False,,,70,False,True,6029c974d9f94bda,proxy_quality_from_locked_manifest_no_transcript_text_exported,medium
2294,yLRYjV8t2qc,MSFT,Microsoft,Sasha Yanshin,2023-11-20,buy,3,60,60,90,1,buy,False,False,False,False,False,,,70,False,False,90b667de7c622559,proxy_quality_from_locked_manifest_no_transcript_text_exported,medium
2295,hJpcuF8JeQM,TSLA,Tesla,Chicken Genius Singapore,2020-07-10,buy,3,75,75,90,1,buy,False,False,False,False,False,,,20,True,True,d237c12e4c06e12a,proxy_quality_from_locked_manifest_no_transcript_text_exported,high
2296,hJpcuF8JeQM,TSLA,Tesla,Chicken Genius Singapore,2020-07-10,buy,5,100,100,90,1,buy,False,False,False,False,False,,,20,True,True,df0f71f35c792977,proxy_quality_from_locked_manifest_no_transcript_text_exported,high
2297,wbX-RwHnF3M,TSLA,Tesla,Sasha Yanshin,2023-01-03,sell,3,65,65,90,1,sell,False,False,False,False,False,,,70,False,True,752826ec6dc63db5,proxy_quality_from_locked_manifest_no_transcript_text_exported,medium
2298,vzvdXPlN49Y,TSLA,Tesla,Sasha Yanshin,2023-03-02,buy,4,85,85,90,1,buy,False,False,False,False,False,,,70,False,True,3563014ac72c2239,proxy_quality_from_locked_manifest_no_transcript_text_exported,high
2299,vzvdXPlN49Y,TSLA,Tesla,Sasha Yanshin,2023-03-02,buy,3,65,65,90,1,buy,False,False,False,False,False,,,70,False,True,7214c4356d2b6174,proxy_quality_from_locked_manifest_no_transcript_text_exported,medium
2300,vzvdXPlN49Y,TSLA,Tesla,Sasha Yanshin,2023-03-02,buy,3,65,65,90,1,buy,False,False,False,False,False,,,70,False,True,7a63315677271b37,proxy_quality_from_locked_manifest_no_transcript_text_exported,medium
2301,vzvdXPlN49Y,TSLA,Tesla,Sasha Yanshin,2023-03-02,buy,2,45,45,90,1,buy,True,True,False,False,False,,,70,False,True,cd724583cc99a4d2,proxy_quality_from_locked_manifest_no_transcript_text_exported,low
2302,gyDg8FreQEA,MSFT,Microsoft,Joseph Carlson,2022-11-09,buy,3,60,60,90,1,buy,False,False,False,False,False,,,70,False,False,88624bd10cc70524,proxy_quality_from_locked_manifest_no_transcript_text_exported,medium
2303,pweXDkdzqg8,TSLA,Tesla,Chicken Genius Singapore,2020-11-27,buy,3,65,65,90,1,buy,False,False,False,False,False,,,70,False,True,080d09604062e258,proxy_quality_from_locked_manifest_no_transcript_text_exported,medium
2304,ZqqCwJLwR2o,NVDA,Nvidia,Ticker Symbol: YOU,2022-11-14,buy,4,85,85,90,1,buy,False,False,False,False,False,,,70,False,True,838bccc7a1830d83,proxy_quality_from_locked_manifest_no_transcript_text_exported,high
2305,ZqqCwJLwR2o,AMD,nan,Ticker Symbol: YOU,2022-11-14,buy,3,65,65,90,1,buy,False,False,False,False,False,,,70,False,True,5e4e094a8e12cdce,proxy_quality_from_locked_manifest_no_transcript_text_exported,medium
2306,ZqqCwJLwR2o,AMD,nan,Ticker Symbol: YOU,2022-11-14,buy,3,65,65,90,1,buy,False,False,False,False,False,,,70,False,True,d2af16f1bdcb517b,proxy_quality_from_locked_manifest_no_transcript_text_exported,medium
2307,mK6OFOtZ3jA,GOOGL,Alphabet,Ticker Symbol: YOU,2023-01-31,sell,3,60,60,90,1,sell,False,False,False,False,False,,,70,False,False,226c08a2aed8cf6b,proxy_quality_from_locked_manifest_no_transcript_text_exported,medium
2308,mK6OFOtZ3jA,MSFT,Microsoft,Ticker Symbol: YOU,2023-01-31,buy,3,60,60,90,1,buy,False,False,False,False,False,,,70,False,False,b11225e227024f9b,proxy_quality_from_locked_manifest_no_transcript_text_exported,medium
2309,mK6OFOtZ3jA,NFLX,Netflix,Ticker Symbol: YOU,2023-01-31,buy,3,60,60,90,1,buy,False,False,False,False,False,,,70,False,False,77fc1c7ab333cd8c,proxy_quality_from_locked_manifest_no_transcript_text_exported,medium
2310,THPABU-UGT8,TSLA,Tesla,Ticker Symbol: YOU,2023-10-28,sell,3,75,75,90,1,sell,False,False,False,False,False,,,20,True,True,67cc1911e403ead9,proxy_quality_from_locked_manifest_no_transcript_text_exported,high
2311,THPABU-UGT8,TSLA,Tesla,Ticker Symbol: YOU,2023-10-28,sell,3,75,75,90,1,sell,False,False,False,False,False,,,20,True,True,4725d4dc6c3d0c52,proxy_quality_from_locked_manifest_no_transcript_text_exported,high
2312,THPABU-UGT8,TSLA,Tesla,Ticker Symbol: YOU,2023-10-28,sell,3,75,75,90,1,sell,False,False,False,False,False,,,20,True,True,2bd910f54d101e53,proxy_quality_from_locked_manifest_no_transcript_text_exported,high
2313,PxlA2qAQxO8,TSLA,Tesla,HyperChange,2024-01-17,buy,3,65,65,90,1,buy,False,False,False,False,False,,,70,False,True,6e185b138eb02d62,proxy_quality_from_locked_manifest_no_transcript_text_exported,medium
2314,PxlA2qAQxO8,TSLA,Tesla,HyperChange,2024-01-17,buy,3,65,65,90,1,buy,False,False,False,False,False,,,70,False,True,55944779bc1b6c17,proxy_quality_from_locked_manifest_no_transcript_text_exported,medium
2315,PxlA2qAQxO8,TSLA,Tesla,HyperChange,2024-01-17,buy,3,65,65,90,1,buy,False,False,False,False,False,,,70,False,True,907e30b17376f97c,proxy_quality_from_locked_manifest_no_transcript_text_exported,medium
2316,PxlA2qAQxO8,TSLA,Tesla,HyperChange,2024-01-17,buy,3,65,65,90,1,buy,False,False,False,False,False,,,70,False,True,9e47ac33d9e32ede,proxy_quality_from_locked_manifest_no_transcript_text_exported,medium
2317,PxlA2qAQxO8,TSLA,Tesla,HyperChange,2024-01-17,buy,3,65,65,90,1,buy,False,False,False,False,False,,,70,False,True,04668ab2eb8e74cf,proxy_quality_from_locked_manifest_no_transcript_text_exported,medium
2318,PxlA2qAQxO8,TSLA,Tesla,HyperChange,2024-01-17,buy,3,65,65,90,1,buy,False,False,False,False,False,,,70,False,True,f9351425af32c1b0,proxy_quality_from_locked_manifest_no_transcript_text_exported,medium
2319,PxlA2qAQxO8,TSLA,Tesla,HyperChange,2024-01-17,buy,3,65,65,90,1,buy,False,False,False,False,False,,,70,False,True,7f0ccb010c25d467,proxy_quality_from_locked_manifest_no_transcript_text_exported,medium
2320,PxlA2qAQxO8,TSLA,Tesla,HyperChange,2024-01-17,buy,3,65,65,90,1,buy,False,False,False,False,False,,,70,False,True,55dee5e34d6c451d,proxy_quality_from_locked_manifest_no_transcript_text_exported,medium
2321,PxlA2qAQxO8,TSLA,Tesla,HyperChange,2024-01-17,buy,5,100,100,90,1,buy,False,False,False,False,False,,,70,False,True,63562a2b2c19eef4,proxy_quality_from_locked_manifest_no_transcript_text_exported,high
2322,PxlA2qAQxO8,TSLA,Tesla,HyperChange,2024-01-17,buy,3,65,65,90,1,buy,False,False,False,False,False,,,70,False,True,0e2291c1fb3b9ed0,proxy_quality_from_locked_manifest_no_transcript_text_exported,medium
2323,PxlA2qAQxO8,TSLA,Tesla,HyperChange,2024-01-17,buy,3,65,65,90,1,buy,False,False,False,False,False,,,70,False,True,dec1c1eca0bfec69,proxy_quality_from_locked_manifest_no_transcript_text_exported,medium
2324,PxlA2qAQxO8,NFLX,Netflix,HyperChange,2024-01-17,buy,3,60,60,90,1,buy,False,False,False,False,False,,,70,False,False,e05e3e6dd7178385,proxy_quality_from_locked_manifest_no_transcript_text_exported,medium
2325,PxlA2qAQxO8,AMZN,Amazon,HyperChange,2024-01-17,buy,3,65,65,90,1,buy,False,False,False,False,False,,,70,False,True,5f206b94c0be6023,proxy_quality_from_locked_manifest_no_transcript_text_exported,medium
2326,PxlA2qAQxO8,MSFT,Microsoft,HyperChange,2024-01-17,buy,3,60,60,90,1,buy,False,False,False,False,False,,,70,False,False,5eff0117b27795ff,proxy_quality_from_locked_manifest_no_transcript_text_exported,medium
2327,PxlA2qAQxO8,MSFT,Microsoft,HyperChange,2024-01-17,buy,3,60,60,90,1,buy,False,False,False,False,False,,,70,False,False,003824976c29197e,proxy_quality_from_locked_manifest_no_transcript_text_exported,medium
2328,PxlA2qAQxO8,AAPL,Apple,HyperChange,2024-01-17,buy,3,65,65,90,1,buy,False,False,False,False,False,,,70,False,True,5c1750360e980e41,proxy_quality_from_locked_manifest_no_transcript_text_exported,medium
2329,7qP-8H1OOWI,GOOGL,Alphabet,Ticker Symbol: YOU,2024-04-10,buy,3,60,60,90,1,buy,False,False,False,False,False,,,70,False,False,adab74db3e468e11,proxy_quality_from_locked_manifest_no_transcript_text_exported,medium
2330,nkVt_oNlFeA,AMD,nan,Ticker Symbol: YOU,2024-11-02,sell,3,75,75,90,1,sell,False,False,False,False,False,,,20,True,True,d1ae98e873c74a41,proxy_quality_from_locked_manifest_no_transcript_text_exported,high
2331,nkVt_oNlFeA,AMD,nan,Ticker Symbol: YOU,2024-11-02,sell,3,75,75,90,1,sell,False,False,False,False,False,,,20,True,True,7560ad23fe524ceb,proxy_quality_from_locked_manifest_no_transcript_text_exported,high
2332,fX05yIuHD_4,AMD,nan,Ticker Symbol: YOU,2025-10-09,buy,3,65,65,90,1,buy,False,False,False,False,False,,,70,False,True,74c9b8c8d7ffed3d,proxy_quality_from_locked_manifest_no_transcript_text_exported,medium
2333,ZZ2nWg1QhR4,NVDA,Nvidia,Ticker Symbol: YOU,2025-12-04,buy,3,65,65,90,1,buy,False,False,False,False,False,,,70,False,True,05e4dcbc86ea148d,proxy_quality_from_locked_manifest_no_transcript_text_exported,medium
2334,ZZ2nWg1QhR4,GOOGL,Alphabet,Ticker Symbol: YOU,2025-12-04,buy,3,60,60,90,1,buy,False,False,False,False,False,,,70,False,False,5536e2e84f0ac2ec,proxy_quality_from_locked_manifest_no_transcript_text_exported,medium
2335,ZZ2nWg1QhR4,META,Meta,Ticker Symbol: YOU,2025-12-04,buy,3,60,60,90,1,buy,False,False,False,False,False,,,70,False,False,95e4ec4fb2313e2f,proxy_quality_from_locked_manifest_no_transcript_text_exported,medium
2336,yXteEgwyBic,MSFT,Microsoft,Best of Us Investors,2026-01-26,sell,3,70,70,90,1,sell,False,False,False,False,False,,,20,True,False,206a2b2ebcd37e9e,proxy_quality_from_locked_manifest_no_transcript_text_exported,medium
2337,KBrtDu1-xBM,AMZN,Amazon,Best of Us Investors,2026-03-17,buy,3,75,75,90,1,buy,False,False,False,False,False,,,20,True,True,1b8debabb2e39f25,proxy_quality_from_locked_manifest_no_transcript_text_exported,high
2338,KBrtDu1-xBM,AMZN,Amazon,Best of Us Investors,2026-03-17,buy,3,75,75,90,1,buy,False,False,False,False,False,,,20,True,True,15cb5731a8b55052,proxy_quality_from_locked_manifest_no_transcript_text_exported,high
2339,KBrtDu1-xBM,META,Meta,Best of Us Investors,2026-03-17,sell,3,70,70,90,1,sell,False,False,False,False,False,,,20,True,False,2ec1e9abf86138d9,proxy_quality_from_locked_manifest_no_transcript_text_exported,medium
2340,qblw8m3bE24,SOFI,SoFi,Financial Education,2026-04-30,buy,3,60,60,90,1,buy,False,False,False,False,False,,,70,False,False,09f28b7db03237a1,proxy_quality_from_locked_manifest_no_transcript_text_exported,medium
2341,JrRE9eFUDuI,SOFI,SoFi,Financial Education,2026-05-05,buy,3,60,60,90,1,buy,False,False,False,False,False,,,70,False,False,17052943120f1790,proxy_quality_from_locked_manifest_no_transcript_text_exported,medium
