event_id,ticker,event_date,recommendation_type,top5_flag,high_confidence,finfluencer_direction,fmp_provider_status,fmp_has_event_time_data,fmp_latest_only,fmp_error_class_safe,finnhub_provider_status,finnhub_has_event_time_data,finnhub_latest_only,finnhub_error_class_safe,yfinance_provider_status,yfinance_has_data,yfinance_latest_only,diagnostic_yfinance_fallback,yf_error_class_safe,yf_has_event_time_data,analyst_bullish_aligned,analyst_bearish_aligned,analyst_neutral_or_mixed,finfluencer_contrarian_to_analyst,recent_analyst_upgrade_relay,recent_analyst_downgrade_relay,analyst_relay_likely,analyst_unknown,analyst_event_time_usable,diagnostic_current_only,analyst_alignment,analyst_data_mode,primary_analyst_source,yf_recommendation_key,yf_recommendation_mean,yf_number_of_analysts,yf_target_mean,yf_target_median,yf_target_high,yf_target_low,fmp_rating_date,finnhub_period_date
1,TSLA,2023-10-13,buy,True,True,bullish,skipped,False,False,http_429,ok,True,False,,ok,True,False,True,,True,False,False,False,False,False,False,False,True,False,False,analyst_unknown,event_time_historical,yfinance_upgrades_downgrades,buy,2.3617,41,412.25366,450.0,600.0,123.0,,
2,GOOGL,2023-10-13,buy,False,True,bullish,skipped,False,False,http_429,ok,True,False,,ok,True,False,True,,True,False,False,False,False,False,False,False,True,False,False,analyst_unknown,event_time_historical,yfinance_upgrades_downgrades,strong_buy,1.39683,52,427.88712,430.0,515.0,334.22,,
3,AMZN,2023-06-23,buy,True,True,bullish,skipped,False,False,http_429,ok,True,False,,ok,True,False,True,,True,False,False,False,False,False,False,False,True,False,False,analyst_unknown,event_time_historical,yfinance_upgrades_downgrades,strong_buy,1.34848,62,311.55145,317.0,370.0,207.0,,
4,NVDA,2023-06-23,buy,True,True,bullish,skipped,False,False,http_429,ok,True,False,,ok,True,False,True,,True,False,False,False,False,False,False,False,True,False,False,analyst_unknown,event_time_historical,yfinance_upgrades_downgrades,strong_buy,1.29508,57,272.93738,275.0,380.0,140.0,,
5,TSLA,2023-06-23,buy,True,True,bullish,skipped,False,False,http_429,ok,True,False,,ok,True,False,True,,True,False,False,False,False,False,False,False,True,False,False,analyst_unknown,event_time_historical,yfinance_upgrades_downgrades,buy,2.3617,41,412.25366,450.0,600.0,123.0,,
6,PYPL,2026-03-09,buy,False,False,bullish,skipped,False,False,http_429,ok,True,False,,ok,True,False,False,,True,False,False,True,False,True,True,False,False,True,False,analyst_neutral_or_mixed,event_time_historical,finnhub_recommendation,hold,2.88636,34,52.52618,48.0,147.39,32.0,,2026-03-01
7,MSFT,2026-02-06,buy,False,True,bullish,skipped,False,False,http_429,ok,True,False,,ok,True,False,False,,True,True,False,False,False,True,False,True,False,True,False,analyst_bullish_aligned,event_time_historical,finnhub_recommendation,strong_buy,1.30909,54,561.5561,562.5,870.0,400.0,,2026-02-01
8,UBER,2026-02-06,buy,False,True,bullish,skipped,False,False,http_429,ok,True,False,,ok,True,False,False,,True,True,False,False,False,True,True,True,False,True,False,analyst_bullish_aligned,event_time_historical,finnhub_recommendation,buy,1.51923,50,104.9312,107.0,150.0,70.0,,2026-02-01
9,NVDA,2026-02-06,buy,True,True,bullish,skipped,False,False,http_429,ok,True,False,,ok,True,False,False,,True,True,False,False,False,True,True,True,False,True,False,analyst_bullish_aligned,event_time_historical,finnhub_recommendation,strong_buy,1.29508,57,272.93738,275.0,380.0,140.0,,2026-02-01
10,NFLX,2026-02-06,buy,False,True,bullish,skipped,False,False,http_429,ok,True,False,,ok,True,False,False,,True,True,False,False,False,True,True,True,False,True,False,analyst_bullish_aligned,event_time_historical,finnhub_recommendation,buy,1.68,44,114.555,115.0,151.4,80.0,,2026-02-01
11,NFLX,2023-02-10,buy,False,True,bullish,skipped,False,False,http_429,ok,True,False,,ok,True,False,True,,True,False,False,False,False,False,False,False,True,False,False,analyst_unknown,event_time_historical,yfinance_upgrades_downgrades,buy,1.68,44,114.555,115.0,151.4,80.0,,
12,AMZN,2023-06-16,sell,True,True,bearish,skipped,False,False,http_429,ok,True,False,,ok,True,False,True,,True,False,False,False,False,False,False,False,True,False,False,analyst_unknown,event_time_historical,yfinance_upgrades_downgrades,strong_buy,1.34848,62,311.55145,317.0,370.0,207.0,,
13,NFLX,2023-06-16,buy,False,True,bullish,skipped,False,False,http_429,ok,True,False,,ok,True,False,True,,True,False,False,False,False,False,False,False,True,False,False,analyst_unknown,event_time_historical,yfinance_upgrades_downgrades,buy,1.68,44,114.555,115.0,151.4,80.0,,
14,NVDA,2023-06-16,sell,True,False,bearish,skipped,False,False,http_429,ok,True,False,,ok,True,False,True,,True,False,False,False,False,False,False,False,True,False,False,analyst_unknown,event_time_historical,yfinance_upgrades_downgrades,strong_buy,1.29508,57,272.93738,275.0,380.0,140.0,,
15,TSLA,2023-06-16,sell,True,True,bearish,skipped,False,False,http_429,ok,True,False,,ok,True,False,True,,True,False,False,False,False,False,False,False,True,False,False,analyst_unknown,event_time_historical,yfinance_upgrades_downgrades,buy,2.3617,41,412.25366,450.0,600.0,123.0,,
16,GOOGL,2024-01-08,buy,False,True,bullish,skipped,False,False,http_429,ok,True,False,,ok,True,False,True,,True,False,False,False,False,False,False,False,True,False,False,analyst_unknown,event_time_historical,yfinance_upgrades_downgrades,strong_buy,1.39683,52,427.88712,430.0,515.0,334.22,,
17,TSLA,2024-01-08,buy,True,True,bullish,skipped,False,False,http_429,ok,True,False,,ok,True,False,True,,True,False,False,False,False,False,False,False,True,False,False,analyst_unknown,event_time_historical,yfinance_upgrades_downgrades,buy,2.3617,41,412.25366,450.0,600.0,123.0,,
18,TSLA,2023-08-18,buy,True,True,bullish,skipped,False,False,http_429,ok,True,False,,ok,True,False,True,,True,False,False,False,False,False,False,False,True,False,False,analyst_unknown,event_time_historical,yfinance_upgrades_downgrades,buy,2.3617,41,412.25366,450.0,600.0,123.0,,
19,AAPL,2023-08-18,buy,True,True,bullish,skipped,False,False,http_429,ok,True,False,,ok,True,False,True,,True,False,False,False,False,False,False,False,True,False,False,analyst_unknown,event_time_historical,yfinance_upgrades_downgrades,buy,1.95833,43,308.06512,310.0,400.0,215.0,,
20,AMZN,2023-03-03,buy,True,True,bullish,skipped,False,False,http_429,ok,True,False,,ok,True,False,True,,True,False,False,False,False,False,False,False,True,False,False,analyst_unknown,event_time_historical,yfinance_upgrades_downgrades,strong_buy,1.34848,62,311.55145,317.0,370.0,207.0,,
21,NVDA,2025-08-27,buy,True,True,bullish,skipped,False,False,http_429,ok,True,False,,ok,True,False,True,,True,False,False,False,False,False,False,False,True,False,False,analyst_unknown,event_time_historical,yfinance_upgrades_downgrades,strong_buy,1.29508,57,272.93738,275.0,380.0,140.0,,
22,NVDA,2025-08-27,buy,True,True,bullish,skipped,False,False,http_429,ok,True,False,,ok,True,False,True,,True,False,False,False,False,False,False,False,True,False,False,analyst_unknown,event_time_historical,yfinance_upgrades_downgrades,strong_buy,1.29508,57,272.93738,275.0,380.0,140.0,,
23,DIS,2023-10-06,buy,False,True,bullish,skipped,False,False,http_429,ok,True,False,,ok,True,False,True,,True,False,False,False,False,False,False,False,True,False,False,analyst_unknown,event_time_historical,yfinance_upgrades_downgrades,strong_buy,1.46667,29,130.66553,132.0,164.0,77.0,,
24,AMD,2023-10-06,sell,True,True,bearish,skipped,False,False,http_429,ok,True,False,,ok,True,False,True,,True,False,False,False,False,False,False,False,True,False,False,analyst_unknown,event_time_historical,yfinance_upgrades_downgrades,buy,1.5098,48,457.83334,474.0,625.0,225.0,,
25,MSFT,2023-10-06,sell,False,True,bearish,skipped,False,False,http_429,ok,True,False,,ok,True,False,True,,True,False,False,False,False,False,False,False,True,False,False,analyst_unknown,event_time_historical,yfinance_upgrades_downgrades,strong_buy,1.30909,54,561.5561,562.5,870.0,400.0,,
26,AAPL,2023-10-06,buy,True,True,bullish,skipped,False,False,http_429,ok,True,False,,ok,True,False,True,,True,False,False,False,False,False,False,False,True,False,False,analyst_unknown,event_time_historical,yfinance_upgrades_downgrades,buy,1.95833,43,308.06512,310.0,400.0,215.0,,
27,AAPL,2024-12-17,sell,True,True,bearish,skipped,False,False,http_429,ok,True,False,,ok,True,False,True,,True,False,False,False,False,False,False,False,True,False,False,analyst_unknown,event_time_historical,yfinance_upgrades_downgrades,buy,1.95833,43,308.06512,310.0,400.0,215.0,,
28,NVDA,2023-05-24,buy,True,True,bullish,skipped,False,False,http_429,ok,True,False,,ok,True,False,True,,True,False,False,False,False,False,False,False,True,False,False,analyst_unknown,event_time_historical,yfinance_upgrades_downgrades,strong_buy,1.29508,57,272.93738,275.0,380.0,140.0,,
29,NFLX,2023-07-28,buy,False,True,bullish,skipped,False,False,http_429,ok,True,False,,ok,True,False,True,,True,False,False,False,False,False,False,False,True,False,False,analyst_unknown,event_time_historical,yfinance_upgrades_downgrades,buy,1.68,44,114.555,115.0,151.4,80.0,,
30,MSFT,2023-07-28,buy,False,True,bullish,skipped,False,False,http_429,ok,True,False,,ok,True,False,True,,True,False,False,False,False,False,False,False,True,False,False,analyst_unknown,event_time_historical,yfinance_upgrades_downgrades,strong_buy,1.30909,54,561.5561,562.5,870.0,400.0,,
31,NFLX,2023-08-25,buy,False,True,bullish,skipped,False,False,http_429,ok,True,False,,ok,True,False,True,,True,False,False,False,False,False,False,False,True,False,False,analyst_unknown,event_time_historical,yfinance_upgrades_downgrades,buy,1.68,44,114.555,115.0,151.4,80.0,,
32,NFLX,2023-08-25,buy,False,True,bullish,skipped,False,False,http_429,ok,True,False,,ok,True,False,True,,True,False,False,False,False,False,False,False,True,False,False,analyst_unknown,event_time_historical,yfinance_upgrades_downgrades,buy,1.68,44,114.555,115.0,151.4,80.0,,
33,MSFT,2023-08-25,buy,False,True,bullish,skipped,False,False,http_429,ok,True,False,,ok,True,False,True,,True,False,False,False,False,False,False,False,True,False,False,analyst_unknown,event_time_historical,yfinance_upgrades_downgrades,strong_buy,1.30909,54,561.5561,562.5,870.0,400.0,,
34,AAPL,2023-09-08,buy,True,True,bullish,skipped,False,False,http_429,ok,True,False,,ok,True,False,True,,True,False,False,False,False,False,False,False,True,False,False,analyst_unknown,event_time_historical,yfinance_upgrades_downgrades,buy,1.95833,43,308.06512,310.0,400.0,215.0,,
35,AAPL,2023-09-08,buy,True,True,bullish,skipped,False,False,http_429,ok,True,False,,ok,True,False,True,,True,False,False,False,False,False,False,False,True,False,False,analyst_unknown,event_time_historical,yfinance_upgrades_downgrades,buy,1.95833,43,308.06512,310.0,400.0,215.0,,
36,AAPL,2023-09-08,buy,True,True,bullish,skipped,False,False,http_429,ok,True,False,,ok,True,False,True,,True,False,False,False,False,False,False,False,True,False,False,analyst_unknown,event_time_historical,yfinance_upgrades_downgrades,buy,1.95833,43,308.06512,310.0,400.0,215.0,,
37,AAPL,2023-09-08,buy,True,True,bullish,skipped,False,False,http_429,ok,True,False,,ok,True,False,True,,True,False,False,False,False,False,False,False,True,False,False,analyst_unknown,event_time_historical,yfinance_upgrades_downgrades,buy,1.95833,43,308.06512,310.0,400.0,215.0,,
38,AAPL,2023-09-08,sell,True,True,bearish,skipped,False,False,http_429,ok,True,False,,ok,True,False,True,,True,False,False,False,False,False,False,False,True,False,False,analyst_unknown,event_time_historical,yfinance_upgrades_downgrades,buy,1.95833,43,308.06512,310.0,400.0,215.0,,
39,AAPL,2023-09-08,buy,True,True,bullish,skipped,False,False,http_429,ok,True,False,,ok,True,False,True,,True,False,False,False,False,False,False,False,True,False,False,analyst_unknown,event_time_historical,yfinance_upgrades_downgrades,buy,1.95833,43,308.06512,310.0,400.0,215.0,,
40,AMD,2025-07-11,buy,True,True,bullish,skipped,False,False,http_429,ok,True,False,,ok,True,False,True,,True,False,False,False,False,False,False,False,True,False,False,analyst_unknown,event_time_historical,yfinance_upgrades_downgrades,buy,1.5098,48,457.83334,474.0,625.0,225.0,,
41,AMZN,2023-10-02,buy,True,True,bullish,skipped,False,False,http_429,ok,True,False,,ok,True,False,True,,True,False,False,False,False,False,False,False,True,False,False,analyst_unknown,event_time_historical,yfinance_upgrades_downgrades,strong_buy,1.34848,62,311.55145,317.0,370.0,207.0,,
42,MSFT,2023-10-02,buy,False,True,bullish,skipped,False,False,http_429,ok,True,False,,ok,True,False,True,,True,False,False,False,False,False,False,False,True,False,False,analyst_unknown,event_time_historical,yfinance_upgrades_downgrades,strong_buy,1.30909,54,561.5561,562.5,870.0,400.0,,
43,MSFT,2023-10-02,buy,False,True,bullish,skipped,False,False,http_429,ok,True,False,,ok,True,False,True,,True,False,False,False,False,False,False,False,True,False,False,analyst_unknown,event_time_historical,yfinance_upgrades_downgrades,strong_buy,1.30909,54,561.5561,562.5,870.0,400.0,,
44,NVDA,2025-10-06,buy,True,True,bullish,skipped,False,False,http_429,ok,True,False,,ok,True,False,True,,True,False,False,False,False,False,False,False,True,False,False,analyst_unknown,event_time_historical,yfinance_upgrades_downgrades,strong_buy,1.29508,57,272.93738,275.0,380.0,140.0,,
45,MSFT,2023-07-07,buy,False,True,bullish,skipped,False,False,http_429,ok,True,False,,ok,True,False,True,,True,False,False,False,False,False,False,False,True,False,False,analyst_unknown,event_time_historical,yfinance_upgrades_downgrades,strong_buy,1.30909,54,561.5561,562.5,870.0,400.0,,
46,AAPL,2023-11-20,buy,True,True,bullish,skipped,False,False,http_429,ok,True,False,,ok,True,False,True,,True,False,False,False,False,False,False,False,True,False,False,analyst_unknown,event_time_historical,yfinance_upgrades_downgrades,buy,1.95833,43,308.06512,310.0,400.0,215.0,,
47,AAPL,2023-11-20,buy,True,True,bullish,skipped,False,False,http_429,ok,True,False,,ok,True,False,True,,True,False,False,False,False,False,False,False,True,False,False,analyst_unknown,event_time_historical,yfinance_upgrades_downgrades,buy,1.95833,43,308.06512,310.0,400.0,215.0,,
48,UBER,2023-11-20,buy,False,True,bullish,skipped,False,False,http_429,ok,True,False,,ok,True,False,True,,True,False,False,False,False,False,False,False,True,False,False,analyst_unknown,event_time_historical,yfinance_upgrades_downgrades,buy,1.51923,50,104.9312,107.0,150.0,70.0,,
49,PYPL,2023-08-07,buy,False,True,bullish,skipped,False,False,http_429,ok,True,False,,ok,True,False,True,,True,False,False,False,False,False,False,False,True,False,False,analyst_unknown,event_time_historical,yfinance_upgrades_downgrades,hold,2.88636,34,52.52618,48.0,147.39,32.0,,
50,MSFT,2024-11-01,sell,False,True,bearish,skipped,False,False,http_429,ok,True,False,,ok,True,False,True,,True,False,False,False,False,False,False,False,True,False,False,analyst_unknown,event_time_historical,yfinance_upgrades_downgrades,strong_buy,1.30909,54,561.5561,562.5,870.0,400.0,,
51,MSFT,2024-11-01,buy,False,True,bullish,skipped,False,False,http_429,ok,True,False,,ok,True,False,True,,True,False,False,False,False,False,False,False,True,False,False,analyst_unknown,event_time_historical,yfinance_upgrades_downgrades,strong_buy,1.30909,54,561.5561,562.5,870.0,400.0,,
52,TSLA,2023-04-14,sell,True,True,bearish,skipped,False,False,http_429,ok,True,False,,ok,True,False,True,,True,False,False,False,False,False,False,False,True,False,False,analyst_unknown,event_time_historical,yfinance_upgrades_downgrades,buy,2.3617,41,412.25366,450.0,600.0,123.0,,
53,MSFT,2023-04-14,buy,False,True,bullish,skipped,False,False,http_429,ok,True,False,,ok,True,False,True,,True,False,False,False,False,False,False,False,True,False,False,analyst_unknown,event_time_historical,yfinance_upgrades_downgrades,strong_buy,1.30909,54,561.5561,562.5,870.0,400.0,,
54,NVDA,2024-02-01,sell,True,False,bearish,skipped,False,False,http_429,ok,True,False,,ok,True,False,True,,True,False,False,False,False,False,False,False,True,False,False,analyst_unknown,event_time_historical,yfinance_upgrades_downgrades,strong_buy,1.29508,57,272.93738,275.0,380.0,140.0,,
55,AMZN,2024-02-01,sell,True,False,bearish,skipped,False,False,http_429,ok,True,False,,ok,True,False,True,,True,False,False,False,False,False,False,False,True,False,False,analyst_unknown,event_time_historical,yfinance_upgrades_downgrades,strong_buy,1.34848,62,311.55145,317.0,370.0,207.0,,
56,NVDA,2025-08-25,buy,True,True,bullish,skipped,False,False,http_429,ok,True,False,,ok,True,False,True,,True,False,False,False,False,False,False,False,True,False,False,analyst_unknown,event_time_historical,yfinance_upgrades_downgrades,strong_buy,1.29508,57,272.93738,275.0,380.0,140.0,,
57,NVDA,2025-08-25,buy,True,True,bullish,skipped,False,False,http_429,ok,True,False,,ok,True,False,True,,True,False,False,False,False,False,False,False,True,False,False,analyst_unknown,event_time_historical,yfinance_upgrades_downgrades,strong_buy,1.29508,57,272.93738,275.0,380.0,140.0,,
58,TSLA,2023-08-07,buy,True,True,bullish,skipped,False,False,http_429,ok,True,False,,ok,True,False,True,,True,False,False,False,False,False,False,False,True,False,False,analyst_unknown,event_time_historical,yfinance_upgrades_downgrades,buy,2.3617,41,412.25366,450.0,600.0,123.0,,
59,AMZN,2023-08-07,buy,True,True,bullish,skipped,False,False,http_429,ok,True,False,,ok,True,False,True,,True,False,False,False,False,False,False,False,True,False,False,analyst_unknown,event_time_historical,yfinance_upgrades_downgrades,strong_buy,1.34848,62,311.55145,317.0,370.0,207.0,,
60,NVDA,2025-08-28,buy,True,True,bullish,skipped,False,False,http_429,ok,True,False,,ok,True,False,True,,True,False,False,False,False,False,False,False,True,False,False,analyst_unknown,event_time_historical,yfinance_upgrades_downgrades,strong_buy,1.29508,57,272.93738,275.0,380.0,140.0,,
61,GOOGL,2025-08-28,buy,False,True,bullish,skipped,False,False,http_429,ok,True,False,,ok,True,False,True,,True,False,False,False,False,False,False,False,True,False,False,analyst_unknown,event_time_historical,yfinance_upgrades_downgrades,strong_buy,1.39683,52,427.88712,430.0,515.0,334.22,,
62,TSLA,2023-07-21,sell,True,True,bearish,skipped,False,False,http_429,ok,True,False,,ok,True,False,True,,True,False,False,False,False,False,False,False,True,False,False,analyst_unknown,event_time_historical,yfinance_upgrades_downgrades,buy,2.3617,41,412.25366,450.0,600.0,123.0,,
63,MSFT,2023-10-26,buy,False,True,bullish,skipped,False,False,http_429,ok,True,False,,ok,True,False,True,,True,False,False,False,False,False,False,False,True,False,False,analyst_unknown,event_time_historical,yfinance_upgrades_downgrades,strong_buy,1.30909,54,561.5561,562.5,870.0,400.0,,
64,GOOGL,2023-10-26,buy,False,True,bullish,skipped,False,False,http_429,ok,True,False,,ok,True,False,True,,True,False,False,False,False,False,False,False,True,False,False,analyst_unknown,event_time_historical,yfinance_upgrades_downgrades,strong_buy,1.39683,52,427.88712,430.0,515.0,334.22,,
65,TSLA,2023-10-26,buy,True,True,bullish,skipped,False,False,http_429,ok,True,False,,ok,True,False,True,,True,False,False,False,False,False,False,False,True,False,False,analyst_unknown,event_time_historical,yfinance_upgrades_downgrades,buy,2.3617,41,412.25366,450.0,600.0,123.0,,
66,SOFI,2025-09-12,buy,False,True,bullish,skipped,False,False,http_429,ok,True,False,,ok,True,False,True,,True,False,False,False,False,False,False,False,True,False,False,analyst_unknown,event_time_historical,yfinance_upgrades_downgrades,hold,2.70833,20,21.1,18.5,31.0,12.0,,
67,NVDA,2025-09-12,buy,True,True,bullish,skipped,False,False,http_429,ok,True,False,,ok,True,False,True,,True,False,False,False,False,False,False,False,True,False,False,analyst_unknown,event_time_historical,yfinance_upgrades_downgrades,strong_buy,1.29508,57,272.93738,275.0,380.0,140.0,,
68,NFLX,2026-03-04,sell,False,True,bearish,skipped,False,False,http_429,ok,True,False,,ok,True,False,False,,True,False,False,False,True,True,True,True,False,True,False,finfluencer_contrarian_to_analyst,event_time_historical,finnhub_recommendation,buy,1.68,44,114.555,115.0,151.4,80.0,,2026-03-01
69,NVDA,2025-08-21,buy,True,True,bullish,skipped,False,False,http_429,ok,True,False,,ok,True,False,True,,True,False,False,False,False,False,False,False,True,False,False,analyst_unknown,event_time_historical,yfinance_upgrades_downgrades,strong_buy,1.29508,57,272.93738,275.0,380.0,140.0,,
70,MSFT,2025-08-21,buy,False,True,bullish,skipped,False,False,http_429,ok,True,False,,ok,True,False,True,,True,False,False,False,False,False,False,False,True,False,False,analyst_unknown,event_time_historical,yfinance_upgrades_downgrades,strong_buy,1.30909,54,561.5561,562.5,870.0,400.0,,
71,DIS,2026-02-12,buy,False,True,bullish,skipped,False,False,http_429,ok,True,False,,ok,True,False,False,,True,True,False,False,False,True,True,True,False,True,False,analyst_bullish_aligned,event_time_historical,finnhub_recommendation,strong_buy,1.46667,29,130.66553,132.0,164.0,77.0,,2026-02-01
72,UBER,2025-07-15,buy,False,True,bullish,skipped,False,False,http_429,ok,True,False,,ok,True,False,True,,True,False,False,False,False,False,False,False,True,False,False,analyst_unknown,event_time_historical,yfinance_upgrades_downgrades,buy,1.51923,50,104.9312,107.0,150.0,70.0,,
73,NFLX,2023-04-18,buy,False,True,bullish,skipped,False,False,http_429,ok,True,False,,ok,True,False,True,,True,False,False,False,False,False,False,False,True,False,False,analyst_unknown,event_time_historical,yfinance_upgrades_downgrades,buy,1.68,44,114.555,115.0,151.4,80.0,,
74,NFLX,2023-04-18,buy,False,True,bullish,skipped,False,False,http_429,ok,True,False,,ok,True,False,True,,True,False,False,False,False,False,False,False,True,False,False,analyst_unknown,event_time_historical,yfinance_upgrades_downgrades,buy,1.68,44,114.555,115.0,151.4,80.0,,
75,GOOGL,2023-04-18,buy,False,True,bullish,skipped,False,False,http_429,ok,True,False,,ok,True,False,True,,True,False,False,False,False,False,False,False,True,False,False,analyst_unknown,event_time_historical,yfinance_upgrades_downgrades,strong_buy,1.39683,52,427.88712,430.0,515.0,334.22,,
76,NVDA,2024-02-22,buy,True,True,bullish,skipped,False,False,http_429,ok,True,False,,ok,True,False,True,,True,False,False,False,False,False,False,False,True,False,False,analyst_unknown,event_time_historical,yfinance_upgrades_downgrades,strong_buy,1.29508,57,272.93738,275.0,380.0,140.0,,
77,MSFT,2026-03-06,sell,False,True,bearish,skipped,False,False,http_429,ok,True,False,,ok,True,False,False,,True,False,False,False,True,True,False,True,False,True,False,finfluencer_contrarian_to_analyst,event_time_historical,finnhub_recommendation,strong_buy,1.30909,54,561.5561,562.5,870.0,400.0,,2026-03-01
78,AMZN,2026-03-06,sell,True,True,bearish,skipped,False,False,http_429,ok,True,False,,ok,True,False,False,,True,False,False,False,True,True,False,True,False,True,False,finfluencer_contrarian_to_analyst,event_time_historical,finnhub_recommendation,strong_buy,1.34848,62,311.55145,317.0,370.0,207.0,,2026-03-01
79,DIS,2024-08-09,buy,False,True,bullish,skipped,False,False,http_429,ok,True,False,,ok,True,False,True,,True,False,False,False,False,False,False,False,True,False,False,analyst_unknown,event_time_historical,yfinance_upgrades_downgrades,strong_buy,1.46667,29,130.66553,132.0,164.0,77.0,,
80,PYPL,2025-09-17,buy,False,True,bullish,skipped,False,False,http_429,ok,True,False,,ok,True,False,True,,True,False,False,False,False,False,False,False,True,False,False,analyst_unknown,event_time_historical,yfinance_upgrades_downgrades,hold,2.88636,34,52.52618,48.0,147.39,32.0,,
81,META,2025-09-17,buy,False,True,bullish,skipped,False,False,http_429,ok,True,False,,ok,True,False,True,,True,False,False,False,False,False,False,False,True,False,False,analyst_unknown,event_time_historical,yfinance_upgrades_downgrades,strong_buy,1.34921,58,826.69104,825.0,1015.0,614.0,,
82,DIS,2023-09-15,buy,False,True,bullish,skipped,False,False,http_429,ok,True,False,,ok,True,False,True,,True,False,False,False,False,False,False,False,True,False,False,analyst_unknown,event_time_historical,yfinance_upgrades_downgrades,strong_buy,1.46667,29,130.66553,132.0,164.0,77.0,,
83,AAPL,2023-09-15,sell,True,False,bearish,skipped,False,False,http_429,ok,True,False,,ok,True,False,True,,True,False,False,False,False,False,False,False,True,False,False,analyst_unknown,event_time_historical,yfinance_upgrades_downgrades,buy,1.95833,43,308.06512,310.0,400.0,215.0,,
84,GOOGL,2025-07-25,buy,False,True,bullish,skipped,False,False,http_429,ok,True,False,,ok,True,False,True,,True,False,False,False,False,False,False,False,True,False,False,analyst_unknown,event_time_historical,yfinance_upgrades_downgrades,strong_buy,1.39683,52,427.88712,430.0,515.0,334.22,,
85,NVDA,2023-07-24,sell,True,True,bearish,skipped,False,False,http_429,ok,True,False,,ok,True,False,True,,True,False,False,False,False,False,False,False,True,False,False,analyst_unknown,event_time_historical,yfinance_upgrades_downgrades,strong_buy,1.29508,57,272.93738,275.0,380.0,140.0,,
86,NVDA,2023-07-24,sell,True,True,bearish,skipped,False,False,http_429,ok,True,False,,ok,True,False,True,,True,False,False,False,False,False,False,False,True,False,False,analyst_unknown,event_time_historical,yfinance_upgrades_downgrades,strong_buy,1.29508,57,272.93738,275.0,380.0,140.0,,
87,GOOGL,2025-08-20,buy,False,True,bullish,skipped,False,False,http_429,ok,True,False,,ok,True,False,True,,True,False,False,False,False,False,False,False,True,False,False,analyst_unknown,event_time_historical,yfinance_upgrades_downgrades,strong_buy,1.39683,52,427.88712,430.0,515.0,334.22,,
88,META,2026-02-24,buy,False,False,bullish,skipped,False,False,http_429,ok,True,False,,ok,True,False,False,,True,True,False,False,False,True,False,True,False,True,False,analyst_bullish_aligned,event_time_historical,finnhub_recommendation,strong_buy,1.34921,58,826.69104,825.0,1015.0,614.0,,2026-02-01
89,GOOGL,2023-03-17,buy,False,True,bullish,skipped,False,False,http_429,ok,True,False,,ok,True,False,True,,True,False,False,False,False,False,False,False,True,False,False,analyst_unknown,event_time_historical,yfinance_upgrades_downgrades,strong_buy,1.39683,52,427.88712,430.0,515.0,334.22,,
90,GOOGL,2023-03-17,buy,False,True,bullish,skipped,False,False,http_429,ok,True,False,,ok,True,False,True,,True,False,False,False,False,False,False,False,True,False,False,analyst_unknown,event_time_historical,yfinance_upgrades_downgrades,strong_buy,1.39683,52,427.88712,430.0,515.0,334.22,,
91,AAPL,2023-03-17,buy,True,True,bullish,skipped,False,False,http_429,ok,True,False,,ok,True,False,True,,True,False,False,False,False,False,False,False,True,False,False,analyst_unknown,event_time_historical,yfinance_upgrades_downgrades,buy,1.95833,43,308.06512,310.0,400.0,215.0,,
92,AAPL,2023-03-17,sell,True,True,bearish,skipped,False,False,http_429,ok,True,False,,ok,True,False,True,,True,False,False,False,False,False,False,False,True,False,False,analyst_unknown,event_time_historical,yfinance_upgrades_downgrades,buy,1.95833,43,308.06512,310.0,400.0,215.0,,
93,NFLX,2023-03-17,buy,False,True,bullish,skipped,False,False,http_429,ok,True,False,,ok,True,False,True,,True,False,False,False,False,False,False,False,True,False,False,analyst_unknown,event_time_historical,yfinance_upgrades_downgrades,buy,1.68,44,114.555,115.0,151.4,80.0,,
94,NVDA,2023-03-17,buy,True,True,bullish,skipped,False,False,http_429,ok,True,False,,ok,True,False,True,,True,False,False,False,False,False,False,False,True,False,False,analyst_unknown,event_time_historical,yfinance_upgrades_downgrades,strong_buy,1.29508,57,272.93738,275.0,380.0,140.0,,
95,MSFT,2023-07-21,buy,False,True,bullish,skipped,False,False,http_429,ok,True,False,,ok,True,False,True,,True,False,False,False,False,False,False,False,True,False,False,analyst_unknown,event_time_historical,yfinance_upgrades_downgrades,strong_buy,1.30909,54,561.5561,562.5,870.0,400.0,,
96,NVDA,2023-07-21,buy,True,True,bullish,skipped,False,False,http_429,ok,True,False,,ok,True,False,True,,True,False,False,False,False,False,False,False,True,False,False,analyst_unknown,event_time_historical,yfinance_upgrades_downgrades,strong_buy,1.29508,57,272.93738,275.0,380.0,140.0,,
97,NVDA,2023-11-24,buy,True,True,bullish,skipped,False,False,http_429,ok,True,False,,ok,True,False,True,,True,False,False,False,False,False,False,False,True,False,False,analyst_unknown,event_time_historical,yfinance_upgrades_downgrades,strong_buy,1.29508,57,272.93738,275.0,380.0,140.0,,
98,AAPL,2023-11-24,sell,True,False,bearish,skipped,False,False,http_429,ok,True,False,,ok,True,False,True,,True,False,False,False,False,False,False,False,True,False,False,analyst_unknown,event_time_historical,yfinance_upgrades_downgrades,buy,1.95833,43,308.06512,310.0,400.0,215.0,,
99,MSFT,2023-11-24,sell,False,True,bearish,skipped,False,False,http_429,ok,True,False,,ok,True,False,True,,True,False,False,False,False,False,False,False,True,False,False,analyst_unknown,event_time_historical,yfinance_upgrades_downgrades,strong_buy,1.30909,54,561.5561,562.5,870.0,400.0,,
100,NVDA,2025-08-13,buy,True,True,bullish,skipped,False,False,http_429,ok,True,False,,ok,True,False,True,,True,False,False,False,False,False,False,False,True,False,False,analyst_unknown,event_time_historical,yfinance_upgrades_downgrades,strong_buy,1.29508,57,272.93738,275.0,380.0,140.0,,
101,NVDA,2025-08-13,sell,True,True,bearish,skipped,False,False,http_429,ok,True,False,,ok,True,False,True,,True,False,False,False,False,False,False,False,True,False,False,analyst_unknown,event_time_historical,yfinance_upgrades_downgrades,strong_buy,1.29508,57,272.93738,275.0,380.0,140.0,,
102,NVDA,2023-02-27,buy,True,True,bullish,skipped,False,False,http_429,ok,True,False,,ok,True,False,True,,True,False,False,False,False,False,False,False,True,False,False,analyst_unknown,event_time_historical,yfinance_upgrades_downgrades,strong_buy,1.29508,57,272.93738,275.0,380.0,140.0,,
103,NFLX,2023-02-27,buy,False,True,bullish,skipped,False,False,http_429,ok,True,False,,ok,True,False,True,,True,False,False,False,False,False,False,False,True,False,False,analyst_unknown,event_time_historical,yfinance_upgrades_downgrades,buy,1.68,44,114.555,115.0,151.4,80.0,,
104,MSFT,2023-02-27,buy,False,True,bullish,skipped,False,False,http_429,ok,True,False,,ok,True,False,True,,True,False,False,False,False,False,False,False,True,False,False,analyst_unknown,event_time_historical,yfinance_upgrades_downgrades,strong_buy,1.30909,54,561.5561,562.5,870.0,400.0,,
105,AMZN,2023-02-27,buy,True,True,bullish,skipped,False,False,http_429,ok,True,False,,ok,True,False,True,,True,False,False,False,False,False,False,False,True,False,False,analyst_unknown,event_time_historical,yfinance_upgrades_downgrades,strong_buy,1.34848,62,311.55145,317.0,370.0,207.0,,
106,GOOGL,2023-02-27,buy,False,True,bullish,skipped,False,False,http_429,ok,True,False,,ok,True,False,True,,True,False,False,False,False,False,False,False,True,False,False,analyst_unknown,event_time_historical,yfinance_upgrades_downgrades,strong_buy,1.39683,52,427.88712,430.0,515.0,334.22,,
107,TSLA,2023-01-26,buy,True,True,bullish,skipped,False,False,http_429,ok,True,False,,ok,True,False,True,,True,False,False,False,False,False,False,False,True,False,False,analyst_unknown,event_time_historical,yfinance_upgrades_downgrades,buy,2.3617,41,412.25366,450.0,600.0,123.0,,
108,TSLA,2023-01-26,sell,True,True,bearish,skipped,False,False,http_429,ok,True,False,,ok,True,False,True,,True,False,False,False,False,False,False,False,True,False,False,analyst_unknown,event_time_historical,yfinance_upgrades_downgrades,buy,2.3617,41,412.25366,450.0,600.0,123.0,,
109,NVDA,2025-08-07,buy,True,True,bullish,skipped,False,False,http_429,ok,True,False,,ok,True,False,True,,True,False,False,False,False,False,False,False,True,False,False,analyst_unknown,event_time_historical,yfinance_upgrades_downgrades,strong_buy,1.29508,57,272.93738,275.0,380.0,140.0,,
110,TSLA,2024-01-25,buy,True,True,bullish,skipped,False,False,http_429,ok,True,False,,ok,True,False,True,,True,False,False,False,False,False,False,False,True,False,False,analyst_unknown,event_time_historical,yfinance_upgrades_downgrades,buy,2.3617,41,412.25366,450.0,600.0,123.0,,
111,AMZN,2026-02-18,buy,True,True,bullish,skipped,False,False,http_429,ok,True,False,,ok,True,False,False,,True,True,False,False,False,True,False,True,False,True,False,analyst_bullish_aligned,event_time_historical,finnhub_recommendation,strong_buy,1.34848,62,311.55145,317.0,370.0,207.0,,2026-02-01
112,META,2026-02-18,buy,False,False,bullish,skipped,False,False,http_429,ok,True,False,,ok,True,False,False,,True,True,False,False,False,True,False,True,False,True,False,analyst_bullish_aligned,event_time_historical,finnhub_recommendation,strong_buy,1.34921,58,826.69104,825.0,1015.0,614.0,,2026-02-01
113,MSFT,2024-08-02,buy,False,True,bullish,skipped,False,False,http_429,ok,True,False,,ok,True,False,True,,True,False,False,False,False,False,False,False,True,False,False,analyst_unknown,event_time_historical,yfinance_upgrades_downgrades,strong_buy,1.30909,54,561.5561,562.5,870.0,400.0,,
114,NVDA,2025-07-16,sell,True,True,bearish,skipped,False,False,http_429,ok,True,False,,ok,True,False,True,,True,False,False,False,False,False,False,False,True,False,False,analyst_unknown,event_time_historical,yfinance_upgrades_downgrades,strong_buy,1.29508,57,272.93738,275.0,380.0,140.0,,
115,NVDA,2025-07-16,buy,True,True,bullish,skipped,False,False,http_429,ok,True,False,,ok,True,False,True,,True,False,False,False,False,False,False,False,True,False,False,analyst_unknown,event_time_historical,yfinance_upgrades_downgrades,strong_buy,1.29508,57,272.93738,275.0,380.0,140.0,,
116,AMD,2025-07-16,buy,True,True,bullish,skipped,False,False,http_429,ok,True,False,,ok,True,False,True,,True,False,False,False,False,False,False,False,True,False,False,analyst_unknown,event_time_historical,yfinance_upgrades_downgrades,buy,1.5098,48,457.83334,474.0,625.0,225.0,,
117,NVDA,2024-02-08,buy,True,True,bullish,skipped,False,False,http_429,ok,True,False,,ok,True,False,True,,True,False,False,False,False,False,False,False,True,False,False,analyst_unknown,event_time_historical,yfinance_upgrades_downgrades,strong_buy,1.29508,57,272.93738,275.0,380.0,140.0,,
118,GOOGL,2024-02-08,buy,False,True,bullish,skipped,False,False,http_429,ok,True,False,,ok,True,False,True,,True,False,False,False,False,False,False,False,True,False,False,analyst_unknown,event_time_historical,yfinance_upgrades_downgrades,strong_buy,1.39683,52,427.88712,430.0,515.0,334.22,,
119,AMD,2023-01-26,sell,True,True,bearish,skipped,False,False,http_429,ok,True,False,,ok,True,False,True,,True,False,False,False,False,False,False,False,True,False,False,analyst_unknown,event_time_historical,yfinance_upgrades_downgrades,buy,1.5098,48,457.83334,474.0,625.0,225.0,,
120,TSLA,2023-07-05,buy,True,False,bullish,skipped,False,False,http_429,ok,True,False,,ok,True,False,True,,True,False,False,False,False,False,False,False,True,False,False,analyst_unknown,event_time_historical,yfinance_upgrades_downgrades,buy,2.3617,41,412.25366,450.0,600.0,123.0,,
121,GOOGL,2023-07-05,buy,False,False,bullish,skipped,False,False,http_429,ok,True,False,,ok,True,False,True,,True,False,False,False,False,False,False,False,True,False,False,analyst_unknown,event_time_historical,yfinance_upgrades_downgrades,strong_buy,1.39683,52,427.88712,430.0,515.0,334.22,,
122,MSFT,2023-07-07,sell,False,True,bearish,skipped,False,False,http_429,ok,True,False,,ok,True,False,True,,True,False,False,False,False,False,False,False,True,False,False,analyst_unknown,event_time_historical,yfinance_upgrades_downgrades,strong_buy,1.30909,54,561.5561,562.5,870.0,400.0,,
123,AAPL,2023-07-07,buy,True,True,bullish,skipped,False,False,http_429,ok,True,False,,ok,True,False,True,,True,False,False,False,False,False,False,False,True,False,False,analyst_unknown,event_time_historical,yfinance_upgrades_downgrades,buy,1.95833,43,308.06512,310.0,400.0,215.0,,
124,AMZN,2023-07-07,buy,True,True,bullish,skipped,False,False,http_429,ok,True,False,,ok,True,False,True,,True,False,False,False,False,False,False,False,True,False,False,analyst_unknown,event_time_historical,yfinance_upgrades_downgrades,strong_buy,1.34848,62,311.55145,317.0,370.0,207.0,,
125,GOOGL,2023-07-07,sell,False,True,bearish,skipped,False,False,http_429,ok,True,False,,ok,True,False,True,,True,False,False,False,False,False,False,False,True,False,False,analyst_unknown,event_time_historical,yfinance_upgrades_downgrades,strong_buy,1.39683,52,427.88712,430.0,515.0,334.22,,
126,GOOGL,2025-08-19,buy,False,True,bullish,skipped,False,False,http_429,ok,True,False,,ok,True,False,True,,True,False,False,False,False,False,False,False,True,False,False,analyst_unknown,event_time_historical,yfinance_upgrades_downgrades,strong_buy,1.39683,52,427.88712,430.0,515.0,334.22,,
127,NVDA,2025-08-28,buy,True,True,bullish,skipped,False,False,http_429,ok,True,False,,ok,True,False,True,,True,False,False,False,False,False,False,False,True,False,False,analyst_unknown,event_time_historical,yfinance_upgrades_downgrades,strong_buy,1.29508,57,272.93738,275.0,380.0,140.0,,
128,GOOGL,2025-08-28,buy,False,True,bullish,skipped,False,False,http_429,ok,True,False,,ok,True,False,True,,True,False,False,False,False,False,False,False,True,False,False,analyst_unknown,event_time_historical,yfinance_upgrades_downgrades,strong_buy,1.39683,52,427.88712,430.0,515.0,334.22,,
129,GOOGL,2025-09-04,sell,False,True,bearish,skipped,False,False,http_429,ok,True,False,,ok,True,False,True,,True,False,False,False,False,False,False,False,True,False,False,analyst_unknown,event_time_historical,yfinance_upgrades_downgrades,strong_buy,1.39683,52,427.88712,430.0,515.0,334.22,,
130,AAPL,2023-03-31,buy,True,True,bullish,skipped,False,False,http_429,ok,True,False,,ok,True,False,True,,True,False,False,False,False,False,False,False,True,False,False,analyst_unknown,event_time_historical,yfinance_upgrades_downgrades,buy,1.95833,43,308.06512,310.0,400.0,215.0,,
131,AMZN,2023-02-02,sell,True,True,bearish,skipped,False,False,http_429,ok,True,False,,ok,True,False,True,,True,False,False,False,False,False,False,False,True,False,False,analyst_unknown,event_time_historical,yfinance_upgrades_downgrades,strong_buy,1.34848,62,311.55145,317.0,370.0,207.0,,
132,PYPL,2025-09-03,buy,False,True,bullish,skipped,False,False,http_429,ok,True,False,,ok,True,False,True,,True,False,False,False,False,False,False,False,True,False,False,analyst_unknown,event_time_historical,yfinance_upgrades_downgrades,hold,2.88636,34,52.52618,48.0,147.39,32.0,,
133,AAPL,2025-09-03,buy,True,True,bullish,skipped,False,False,http_429,ok,True,False,,ok,True,False,True,,True,False,False,False,False,False,False,False,True,False,False,analyst_unknown,event_time_historical,yfinance_upgrades_downgrades,buy,1.95833,43,308.06512,310.0,400.0,215.0,,
134,TSLA,2023-11-06,sell,True,True,bearish,skipped,False,False,http_429,ok,True,False,,ok,True,False,True,,True,False,False,False,False,False,False,False,True,False,False,analyst_unknown,event_time_historical,yfinance_upgrades_downgrades,buy,2.3617,41,412.25366,450.0,600.0,123.0,,
135,NVDA,2025-07-16,buy,True,True,bullish,skipped,False,False,http_429,ok,True,False,,ok,True,False,True,,True,False,False,False,False,False,False,False,True,False,False,analyst_unknown,event_time_historical,yfinance_upgrades_downgrades,strong_buy,1.29508,57,272.93738,275.0,380.0,140.0,,
136,AMD,2026-02-23,buy,True,False,bullish,skipped,False,False,http_429,ok,True,False,,ok,True,False,False,,True,True,False,False,False,True,True,True,False,True,False,analyst_bullish_aligned,event_time_historical,finnhub_recommendation,buy,1.5098,48,457.83334,474.0,625.0,225.0,,2026-02-01
137,AMD,2026-02-23,sell,True,True,bearish,skipped,False,False,http_429,ok,True,False,,ok,True,False,False,,True,False,False,False,True,True,True,True,False,True,False,finfluencer_contrarian_to_analyst,event_time_historical,finnhub_recommendation,buy,1.5098,48,457.83334,474.0,625.0,225.0,,2026-02-01
138,PYPL,2025-08-19,buy,False,False,bullish,skipped,False,False,http_429,ok,True,False,,ok,True,False,True,,True,False,False,False,False,False,False,False,True,False,False,analyst_unknown,event_time_historical,yfinance_upgrades_downgrades,hold,2.88636,34,52.52618,48.0,147.39,32.0,,
139,PYPL,2025-08-19,buy,False,True,bullish,skipped,False,False,http_429,ok,True,False,,ok,True,False,True,,True,False,False,False,False,False,False,False,True,False,False,analyst_unknown,event_time_historical,yfinance_upgrades_downgrades,hold,2.88636,34,52.52618,48.0,147.39,32.0,,
140,SOFI,2025-08-19,buy,False,True,bullish,skipped,False,False,http_429,ok,True,False,,ok,True,False,True,,True,False,False,False,False,False,False,False,True,False,False,analyst_unknown,event_time_historical,yfinance_upgrades_downgrades,hold,2.70833,20,21.1,18.5,31.0,12.0,,
141,GOOGL,2025-08-19,buy,False,True,bullish,skipped,False,False,http_429,ok,True,False,,ok,True,False,True,,True,False,False,False,False,False,False,False,True,False,False,analyst_unknown,event_time_historical,yfinance_upgrades_downgrades,strong_buy,1.39683,52,427.88712,430.0,515.0,334.22,,
142,AAPL,2023-09-22,buy,True,True,bullish,skipped,False,False,http_429,ok,True,False,,ok,True,False,True,,True,False,False,False,False,False,False,False,True,False,False,analyst_unknown,event_time_historical,yfinance_upgrades_downgrades,buy,1.95833,43,308.06512,310.0,400.0,215.0,,
143,AMZN,2023-09-22,buy,True,True,bullish,skipped,False,False,http_429,ok,True,False,,ok,True,False,True,,True,False,False,False,False,False,False,False,True,False,False,analyst_unknown,event_time_historical,yfinance_upgrades_downgrades,strong_buy,1.34848,62,311.55145,317.0,370.0,207.0,,
144,GOOGL,2023-09-22,buy,False,True,bullish,skipped,False,False,http_429,ok,True,False,,ok,True,False,True,,True,False,False,False,False,False,False,False,True,False,False,analyst_unknown,event_time_historical,yfinance_upgrades_downgrades,strong_buy,1.39683,52,427.88712,430.0,515.0,334.22,,
145,TSLA,2023-09-22,buy,True,True,bullish,skipped,False,False,http_429,ok,True,False,,ok,True,False,True,,True,False,False,False,False,False,False,False,True,False,False,analyst_unknown,event_time_historical,yfinance_upgrades_downgrades,buy,2.3617,41,412.25366,450.0,600.0,123.0,,
146,TSLA,2023-09-22,buy,True,True,bullish,skipped,False,False,http_429,ok,True,False,,ok,True,False,True,,True,False,False,False,False,False,False,False,True,False,False,analyst_unknown,event_time_historical,yfinance_upgrades_downgrades,buy,2.3617,41,412.25366,450.0,600.0,123.0,,
147,NVDA,2023-02-17,sell,True,True,bearish,skipped,False,False,http_429,ok,True,False,,ok,True,False,True,,True,False,False,False,False,False,False,False,True,False,False,analyst_unknown,event_time_historical,yfinance_upgrades_downgrades,strong_buy,1.29508,57,272.93738,275.0,380.0,140.0,,
148,AMD,2026-02-25,buy,True,True,bullish,skipped,False,False,http_429,ok,True,False,,ok,True,False,False,,True,True,False,False,False,True,True,True,False,True,False,analyst_bullish_aligned,event_time_historical,finnhub_recommendation,buy,1.5098,48,457.83334,474.0,625.0,225.0,,2026-02-01
149,NVDA,2026-03-12,buy,True,False,bullish,skipped,False,False,http_429,ok,True,False,,ok,True,False,False,,True,True,False,False,False,True,True,True,False,True,False,analyst_bullish_aligned,event_time_historical,finnhub_recommendation,strong_buy,1.29508,57,272.93738,275.0,380.0,140.0,,2026-03-01
150,AMD,2025-08-14,buy,True,True,bullish,skipped,False,False,http_429,ok,True,False,,ok,True,False,True,,True,False,False,False,False,False,False,False,True,False,False,analyst_unknown,event_time_historical,yfinance_upgrades_downgrades,buy,1.5098,48,457.83334,474.0,625.0,225.0,,
151,NVDA,2025-08-22,sell,True,True,bearish,skipped,False,False,http_429,ok,True,False,,ok,True,False,True,,True,False,False,False,False,False,False,False,True,False,False,analyst_unknown,event_time_historical,yfinance_upgrades_downgrades,strong_buy,1.29508,57,272.93738,275.0,380.0,140.0,,
152,MSFT,2024-08-12,sell,False,True,bearish,skipped,False,False,http_429,ok,True,False,,ok,True,False,True,,True,False,False,False,False,False,False,False,True,False,False,analyst_unknown,event_time_historical,yfinance_upgrades_downgrades,strong_buy,1.30909,54,561.5561,562.5,870.0,400.0,,
153,MSFT,2024-08-12,buy,False,True,bullish,skipped,False,False,http_429,ok,True,False,,ok,True,False,True,,True,False,False,False,False,False,False,False,True,False,False,analyst_unknown,event_time_historical,yfinance_upgrades_downgrades,strong_buy,1.30909,54,561.5561,562.5,870.0,400.0,,
154,MSFT,2024-08-12,sell,False,True,bearish,skipped,False,False,http_429,ok,True,False,,ok,True,False,True,,True,False,False,False,False,False,False,False,True,False,False,analyst_unknown,event_time_historical,yfinance_upgrades_downgrades,strong_buy,1.30909,54,561.5561,562.5,870.0,400.0,,
155,MSFT,2024-08-12,buy,False,True,bullish,skipped,False,False,http_429,ok,True,False,,ok,True,False,True,,True,False,False,False,False,False,False,False,True,False,False,analyst_unknown,event_time_historical,yfinance_upgrades_downgrades,strong_buy,1.30909,54,561.5561,562.5,870.0,400.0,,
156,MSFT,2024-08-12,buy,False,True,bullish,skipped,False,False,http_429,ok,True,False,,ok,True,False,True,,True,False,False,False,False,False,False,False,True,False,False,analyst_unknown,event_time_historical,yfinance_upgrades_downgrades,strong_buy,1.30909,54,561.5561,562.5,870.0,400.0,,
157,MSFT,2024-08-12,buy,False,True,bullish,skipped,False,False,http_429,ok,True,False,,ok,True,False,True,,True,False,False,False,False,False,False,False,True,False,False,analyst_unknown,event_time_historical,yfinance_upgrades_downgrades,strong_buy,1.30909,54,561.5561,562.5,870.0,400.0,,
158,TSLA,2025-09-15,buy,True,True,bullish,skipped,False,False,http_429,ok,True,False,,ok,True,False,True,,True,False,False,False,False,False,False,False,True,False,False,analyst_unknown,event_time_historical,yfinance_upgrades_downgrades,buy,2.3617,41,412.25366,450.0,600.0,123.0,,
159,TSLA,2025-09-15,buy,True,True,bullish,skipped,False,False,http_429,ok,True,False,,ok,True,False,True,,True,False,False,False,False,False,False,False,True,False,False,analyst_unknown,event_time_historical,yfinance_upgrades_downgrades,buy,2.3617,41,412.25366,450.0,600.0,123.0,,
160,NVDA,2025-09-15,buy,True,True,bullish,skipped,False,False,http_429,ok,True,False,,ok,True,False,True,,True,False,False,False,False,False,False,False,True,False,False,analyst_unknown,event_time_historical,yfinance_upgrades_downgrades,strong_buy,1.29508,57,272.93738,275.0,380.0,140.0,,
161,NVDA,2025-09-15,sell,True,True,bearish,skipped,False,False,http_429,ok,True,False,,ok,True,False,True,,True,False,False,False,False,False,False,False,True,False,False,analyst_unknown,event_time_historical,yfinance_upgrades_downgrades,strong_buy,1.29508,57,272.93738,275.0,380.0,140.0,,
162,AMD,2025-08-05,buy,True,True,bullish,skipped,False,False,http_429,ok,True,False,,ok,True,False,True,,True,False,False,False,False,False,False,False,True,False,False,analyst_unknown,event_time_historical,yfinance_upgrades_downgrades,buy,1.5098,48,457.83334,474.0,625.0,225.0,,
163,GOOGL,2025-08-05,buy,False,True,bullish,skipped,False,False,http_429,ok,True,False,,ok,True,False,True,,True,False,False,False,False,False,False,False,True,False,False,analyst_unknown,event_time_historical,yfinance_upgrades_downgrades,strong_buy,1.39683,52,427.88712,430.0,515.0,334.22,,
164,AMZN,2025-08-05,buy,True,True,bullish,skipped,False,False,http_429,ok,True,False,,ok,True,False,True,,True,False,False,False,False,False,False,False,True,False,False,analyst_unknown,event_time_historical,yfinance_upgrades_downgrades,strong_buy,1.34848,62,311.55145,317.0,370.0,207.0,,
165,MSFT,2026-03-09,buy,False,False,bullish,skipped,False,False,http_429,ok,True,False,,ok,True,False,False,,True,True,False,False,False,True,False,True,False,True,False,analyst_bullish_aligned,event_time_historical,finnhub_recommendation,strong_buy,1.30909,54,561.5561,562.5,870.0,400.0,,2026-03-01
166,MSFT,2026-03-09,buy,False,True,bullish,skipped,False,False,http_429,ok,True,False,,ok,True,False,False,,True,True,False,False,False,True,False,True,False,True,False,analyst_bullish_aligned,event_time_historical,finnhub_recommendation,strong_buy,1.30909,54,561.5561,562.5,870.0,400.0,,2026-03-01
167,AMZN,2024-01-05,buy,True,True,bullish,skipped,False,False,http_429,ok,True,False,,ok,True,False,True,,True,False,False,False,False,False,False,False,True,False,False,analyst_unknown,event_time_historical,yfinance_upgrades_downgrades,strong_buy,1.34848,62,311.55145,317.0,370.0,207.0,,
168,MSFT,2024-09-20,buy,False,True,bullish,skipped,False,False,http_429,ok,True,False,,ok,True,False,True,,True,False,False,False,False,False,False,False,True,False,False,analyst_unknown,event_time_historical,yfinance_upgrades_downgrades,strong_buy,1.30909,54,561.5561,562.5,870.0,400.0,,
169,NVDA,2023-12-15,buy,True,True,bullish,skipped,False,False,http_429,ok,True,False,,ok,True,False,True,,True,False,False,False,False,False,False,False,True,False,False,analyst_unknown,event_time_historical,yfinance_upgrades_downgrades,strong_buy,1.29508,57,272.93738,275.0,380.0,140.0,,
170,TSLA,2023-08-04,buy,True,True,bullish,skipped,False,False,http_429,ok,True,False,,ok,True,False,True,,True,False,False,False,False,False,False,False,True,False,False,analyst_unknown,event_time_historical,yfinance_upgrades_downgrades,buy,2.3617,41,412.25366,450.0,600.0,123.0,,
171,NVDA,2023-08-04,buy,True,True,bullish,skipped,False,False,http_429,ok,True,False,,ok,True,False,True,,True,False,False,False,False,False,False,False,True,False,False,analyst_unknown,event_time_historical,yfinance_upgrades_downgrades,strong_buy,1.29508,57,272.93738,275.0,380.0,140.0,,
172,AMD,2025-08-05,buy,True,True,bullish,skipped,False,False,http_429,ok,True,False,,ok,True,False,True,,True,False,False,False,False,False,False,False,True,False,False,analyst_unknown,event_time_historical,yfinance_upgrades_downgrades,buy,1.5098,48,457.83334,474.0,625.0,225.0,,
173,AMD,2025-08-05,sell,True,True,bearish,skipped,False,False,http_429,ok,True,False,,ok,True,False,True,,True,False,False,False,False,False,False,False,True,False,False,analyst_unknown,event_time_historical,yfinance_upgrades_downgrades,buy,1.5098,48,457.83334,474.0,625.0,225.0,,
174,GOOGL,2025-08-05,buy,False,True,bullish,skipped,False,False,http_429,ok,True,False,,ok,True,False,True,,True,False,False,False,False,False,False,False,True,False,False,analyst_unknown,event_time_historical,yfinance_upgrades_downgrades,strong_buy,1.39683,52,427.88712,430.0,515.0,334.22,,
175,AMZN,2025-08-05,buy,True,True,bullish,skipped,False,False,http_429,ok,True,False,,ok,True,False,True,,True,False,False,False,False,False,False,False,True,False,False,analyst_unknown,event_time_historical,yfinance_upgrades_downgrades,strong_buy,1.34848,62,311.55145,317.0,370.0,207.0,,
176,UBER,2026-03-03,buy,False,False,bullish,skipped,False,False,http_429,ok,True,False,,ok,True,False,False,,True,True,False,False,False,True,True,True,False,True,False,analyst_bullish_aligned,event_time_historical,finnhub_recommendation,buy,1.51923,50,104.9312,107.0,150.0,70.0,,2026-03-01
177,MSFT,2023-01-25,buy,False,False,bullish,skipped,False,False,http_429,ok,True,False,,ok,True,False,True,,True,False,False,False,False,False,False,False,True,False,False,analyst_unknown,event_time_historical,yfinance_upgrades_downgrades,strong_buy,1.30909,54,561.5561,562.5,870.0,400.0,,
178,NVDA,2025-07-21,sell,True,True,bearish,skipped,False,False,http_429,ok,True,False,,ok,True,False,True,,True,False,False,False,False,False,False,False,True,False,False,analyst_unknown,event_time_historical,yfinance_upgrades_downgrades,strong_buy,1.29508,57,272.93738,275.0,380.0,140.0,,
179,AMD,2025-08-05,buy,True,True,bullish,skipped,False,False,http_429,ok,True,False,,ok,True,False,True,,True,False,False,False,False,False,False,False,True,False,False,analyst_unknown,event_time_historical,yfinance_upgrades_downgrades,buy,1.5098,48,457.83334,474.0,625.0,225.0,,
180,AMD,2025-08-05,buy,True,True,bullish,skipped,False,False,http_429,ok,True,False,,ok,True,False,True,,True,False,False,False,False,False,False,False,True,False,False,analyst_unknown,event_time_historical,yfinance_upgrades_downgrades,buy,1.5098,48,457.83334,474.0,625.0,225.0,,
181,NVDA,2025-08-18,buy,True,True,bullish,skipped,False,False,http_429,ok,True,False,,ok,True,False,True,,True,False,False,False,False,False,False,False,True,False,False,analyst_unknown,event_time_historical,yfinance_upgrades_downgrades,strong_buy,1.29508,57,272.93738,275.0,380.0,140.0,,
183,NVDA,2023-08-18,buy,True,True,bullish,skipped,False,False,http_429,ok,True,False,,ok,True,False,True,,True,False,False,False,False,False,False,False,True,False,False,analyst_unknown,event_time_historical,yfinance_upgrades_downgrades,strong_buy,1.29508,57,272.93738,275.0,380.0,140.0,,
184,GOOGL,2023-08-18,buy,False,True,bullish,skipped,False,False,http_429,ok,True,False,,ok,True,False,True,,True,False,False,False,False,False,False,False,True,False,False,analyst_unknown,event_time_historical,yfinance_upgrades_downgrades,strong_buy,1.39683,52,427.88712,430.0,515.0,334.22,,
185,MSFT,2023-08-18,buy,False,True,bullish,skipped,False,False,http_429,ok,True,False,,ok,True,False,True,,True,False,False,False,False,False,False,False,True,False,False,analyst_unknown,event_time_historical,yfinance_upgrades_downgrades,strong_buy,1.30909,54,561.5561,562.5,870.0,400.0,,
186,DIS,2023-02-08,buy,False,True,bullish,skipped,False,False,http_429,ok,True,False,,ok,True,False,True,,True,False,False,False,False,False,False,False,True,False,False,analyst_unknown,event_time_historical,yfinance_upgrades_downgrades,strong_buy,1.46667,29,130.66553,132.0,164.0,77.0,,
187,NVDA,2025-07-25,buy,True,True,bullish,skipped,False,False,http_429,ok,True,False,,ok,True,False,True,,True,False,False,False,False,False,False,False,True,False,False,analyst_unknown,event_time_historical,yfinance_upgrades_downgrades,strong_buy,1.29508,57,272.93738,275.0,380.0,140.0,,
188,AMZN,2023-04-27,buy,True,True,bullish,skipped,False,False,http_429,ok,True,False,,ok,True,False,True,,True,False,False,False,False,False,False,False,True,False,False,analyst_unknown,event_time_historical,yfinance_upgrades_downgrades,strong_buy,1.34848,62,311.55145,317.0,370.0,207.0,,
189,NVDA,2025-07-16,buy,True,True,bullish,skipped,False,False,http_429,ok,True,False,,ok,True,False,True,,True,False,False,False,False,False,False,False,True,False,False,analyst_unknown,event_time_historical,yfinance_upgrades_downgrades,strong_buy,1.29508,57,272.93738,275.0,380.0,140.0,,
190,MSFT,2026-03-10,sell,False,False,bearish,skipped,False,False,http_429,ok,True,False,,ok,True,False,False,,True,False,False,False,True,True,False,True,False,True,False,finfluencer_contrarian_to_analyst,event_time_historical,finnhub_recommendation,strong_buy,1.30909,54,561.5561,562.5,870.0,400.0,,2026-03-01
191,MSFT,2026-03-10,sell,False,True,bearish,skipped,False,False,http_429,ok,True,False,,ok,True,False,False,,True,False,False,False,True,True,False,True,False,True,False,finfluencer_contrarian_to_analyst,event_time_historical,finnhub_recommendation,strong_buy,1.30909,54,561.5561,562.5,870.0,400.0,,2026-03-01
192,MSFT,2023-09-25,buy,False,True,bullish,skipped,False,False,http_429,ok,True,False,,ok,True,False,True,,True,False,False,False,False,False,False,False,True,False,False,analyst_unknown,event_time_historical,yfinance_upgrades_downgrades,strong_buy,1.30909,54,561.5561,562.5,870.0,400.0,,
193,AMD,2025-08-11,sell,True,True,bearish,skipped,False,False,http_429,ok,True,False,,ok,True,False,True,,True,False,False,False,False,False,False,False,True,False,False,analyst_unknown,event_time_historical,yfinance_upgrades_downgrades,buy,1.5098,48,457.83334,474.0,625.0,225.0,,
194,NVDA,2025-08-11,sell,True,True,bearish,skipped,False,False,http_429,ok,True,False,,ok,True,False,True,,True,False,False,False,False,False,False,False,True,False,False,analyst_unknown,event_time_historical,yfinance_upgrades_downgrades,strong_buy,1.29508,57,272.93738,275.0,380.0,140.0,,
195,PYPL,2025-08-18,buy,False,False,bullish,skipped,False,False,http_429,ok,True,False,,ok,True,False,True,,True,False,False,False,False,False,False,False,True,False,False,analyst_unknown,event_time_historical,yfinance_upgrades_downgrades,hold,2.88636,34,52.52618,48.0,147.39,32.0,,
196,SOFI,2025-08-18,buy,False,True,bullish,skipped,False,False,http_429,ok,True,False,,ok,True,False,True,,True,False,False,False,False,False,False,False,True,False,False,analyst_unknown,event_time_historical,yfinance_upgrades_downgrades,hold,2.70833,20,21.1,18.5,31.0,12.0,,
197,GOOGL,2025-08-18,buy,False,True,bullish,skipped,False,False,http_429,ok,True,False,,ok,True,False,True,,True,False,False,False,False,False,False,False,True,False,False,analyst_unknown,event_time_historical,yfinance_upgrades_downgrades,strong_buy,1.39683,52,427.88712,430.0,515.0,334.22,,
198,AMD,2025-08-11,sell,True,True,bearish,skipped,False,False,http_429,ok,True,False,,ok,True,False,True,,True,False,False,False,False,False,False,False,True,False,False,analyst_unknown,event_time_historical,yfinance_upgrades_downgrades,buy,1.5098,48,457.83334,474.0,625.0,225.0,,
199,AMD,2025-08-11,buy,True,True,bullish,skipped,False,False,http_429,ok,True,False,,ok,True,False,True,,True,False,False,False,False,False,False,False,True,False,False,analyst_unknown,event_time_historical,yfinance_upgrades_downgrades,buy,1.5098,48,457.83334,474.0,625.0,225.0,,
200,AMD,2025-08-11,sell,True,True,bearish,skipped,False,False,http_429,ok,True,False,,ok,True,False,True,,True,False,False,False,False,False,False,False,True,False,False,analyst_unknown,event_time_historical,yfinance_upgrades_downgrades,buy,1.5098,48,457.83334,474.0,625.0,225.0,,
201,AMD,2025-08-11,sell,True,True,bearish,skipped,False,False,http_429,ok,True,False,,ok,True,False,True,,True,False,False,False,False,False,False,False,True,False,False,analyst_unknown,event_time_historical,yfinance_upgrades_downgrades,buy,1.5098,48,457.83334,474.0,625.0,225.0,,
202,NVDA,2025-08-11,sell,True,True,bearish,skipped,False,False,http_429,ok,True,False,,ok,True,False,True,,True,False,False,False,False,False,False,False,True,False,False,analyst_unknown,event_time_historical,yfinance_upgrades_downgrades,strong_buy,1.29508,57,272.93738,275.0,380.0,140.0,,
203,NVDA,2025-08-11,sell,True,True,bearish,skipped,False,False,http_429,ok,True,False,,ok,True,False,True,,True,False,False,False,False,False,False,False,True,False,False,analyst_unknown,event_time_historical,yfinance_upgrades_downgrades,strong_buy,1.29508,57,272.93738,275.0,380.0,140.0,,
204,UBER,2026-03-19,buy,False,False,bullish,skipped,False,False,http_429,ok,True,False,,ok,True,False,False,,True,True,False,False,False,True,True,True,False,True,False,analyst_bullish_aligned,event_time_historical,finnhub_recommendation,buy,1.51923,50,104.9312,107.0,150.0,70.0,,2026-03-01
205,UBER,2026-03-19,buy,False,True,bullish,skipped,False,False,http_429,ok,True,False,,ok,True,False,False,,True,True,False,False,False,True,True,True,False,True,False,analyst_bullish_aligned,event_time_historical,finnhub_recommendation,buy,1.51923,50,104.9312,107.0,150.0,70.0,,2026-03-01
206,AAPL,2024-01-18,sell,True,False,bearish,skipped,False,False,http_429,ok,True,False,,ok,True,False,True,,True,False,False,False,False,False,False,False,True,False,False,analyst_unknown,event_time_historical,yfinance_upgrades_downgrades,buy,1.95833,43,308.06512,310.0,400.0,215.0,,
207,AAPL,2024-01-18,sell,True,True,bearish,skipped,False,False,http_429,ok,True,False,,ok,True,False,True,,True,False,False,False,False,False,False,False,True,False,False,analyst_unknown,event_time_historical,yfinance_upgrades_downgrades,buy,1.95833,43,308.06512,310.0,400.0,215.0,,
208,NVDA,2024-01-18,buy,True,True,bullish,skipped,False,False,http_429,ok,True,False,,ok,True,False,True,,True,False,False,False,False,False,False,False,True,False,False,analyst_unknown,event_time_historical,yfinance_upgrades_downgrades,strong_buy,1.29508,57,272.93738,275.0,380.0,140.0,,
209,GOOGL,2024-01-18,buy,False,True,bullish,skipped,False,False,http_429,ok,True,False,,ok,True,False,True,,True,False,False,False,False,False,False,False,True,False,False,analyst_unknown,event_time_historical,yfinance_upgrades_downgrades,strong_buy,1.39683,52,427.88712,430.0,515.0,334.22,,
210,PYPL,2023-08-07,buy,False,True,bullish,skipped,False,False,http_429,ok,True,False,,ok,True,False,True,,True,False,False,False,False,False,False,False,True,False,False,analyst_unknown,event_time_historical,yfinance_upgrades_downgrades,hold,2.88636,34,52.52618,48.0,147.39,32.0,,
211,AMD,2026-02-09,buy,True,True,bullish,skipped,False,False,http_429,ok,True,False,,ok,True,False,False,,True,True,False,False,False,True,True,True,False,True,False,analyst_bullish_aligned,event_time_historical,finnhub_recommendation,buy,1.5098,48,457.83334,474.0,625.0,225.0,,2026-02-01
212,AMD,2026-02-09,buy,True,True,bullish,skipped,False,False,http_429,ok,True,False,,ok,True,False,False,,True,True,False,False,False,True,True,True,False,True,False,analyst_bullish_aligned,event_time_historical,finnhub_recommendation,buy,1.5098,48,457.83334,474.0,625.0,225.0,,2026-02-01
213,AMD,2026-02-09,buy,True,True,bullish,skipped,False,False,http_429,ok,True,False,,ok,True,False,False,,True,True,False,False,False,True,True,True,False,True,False,analyst_bullish_aligned,event_time_historical,finnhub_recommendation,buy,1.5098,48,457.83334,474.0,625.0,225.0,,2026-02-01
214,NVDA,2026-02-09,buy,True,False,bullish,skipped,False,False,http_429,ok,True,False,,ok,True,False,False,,True,True,False,False,False,True,True,True,False,True,False,analyst_bullish_aligned,event_time_historical,finnhub_recommendation,strong_buy,1.29508,57,272.93738,275.0,380.0,140.0,,2026-02-01
215,NVDA,2025-08-11,buy,True,False,bullish,skipped,False,False,http_429,ok,True,False,,ok,True,False,True,,True,False,False,False,False,False,False,False,True,False,False,analyst_unknown,event_time_historical,yfinance_upgrades_downgrades,strong_buy,1.29508,57,272.93738,275.0,380.0,140.0,,
216,TSLA,2023-04-19,sell,True,True,bearish,skipped,False,False,http_429,ok,True,False,,ok,True,False,True,,True,False,False,False,False,False,False,False,True,False,False,analyst_unknown,event_time_historical,yfinance_upgrades_downgrades,buy,2.3617,41,412.25366,450.0,600.0,123.0,,
217,NVDA,2023-04-19,buy,True,True,bullish,skipped,False,False,http_429,ok,True,False,,ok,True,False,True,,True,False,False,False,False,False,False,False,True,False,False,analyst_unknown,event_time_historical,yfinance_upgrades_downgrades,strong_buy,1.29508,57,272.93738,275.0,380.0,140.0,,
218,PYPL,2025-08-25,buy,False,True,bullish,skipped,False,False,http_429,ok,True,False,,ok,True,False,True,,True,False,False,False,False,False,False,False,True,False,False,analyst_unknown,event_time_historical,yfinance_upgrades_downgrades,hold,2.88636,34,52.52618,48.0,147.39,32.0,,
219,NFLX,2023-03-24,buy,False,True,bullish,skipped,False,False,http_429,ok,True,False,,ok,True,False,True,,True,False,False,False,False,False,False,False,True,False,False,analyst_unknown,event_time_historical,yfinance_upgrades_downgrades,buy,1.68,44,114.555,115.0,151.4,80.0,,
220,AAPL,2023-04-28,buy,True,True,bullish,skipped,False,False,http_429,ok,True,False,,ok,True,False,True,,True,False,False,False,False,False,False,False,True,False,False,analyst_unknown,event_time_historical,yfinance_upgrades_downgrades,buy,1.95833,43,308.06512,310.0,400.0,215.0,,
221,AAPL,2023-04-28,buy,True,True,bullish,skipped,False,False,http_429,ok,True,False,,ok,True,False,True,,True,False,False,False,False,False,False,False,True,False,False,analyst_unknown,event_time_historical,yfinance_upgrades_downgrades,buy,1.95833,43,308.06512,310.0,400.0,215.0,,
222,AMZN,2023-04-28,buy,True,True,bullish,skipped,False,False,http_429,ok,True,False,,ok,True,False,True,,True,False,False,False,False,False,False,False,True,False,False,analyst_unknown,event_time_historical,yfinance_upgrades_downgrades,strong_buy,1.34848,62,311.55145,317.0,370.0,207.0,,
223,TSLA,2023-04-28,buy,True,True,bullish,skipped,False,False,http_429,ok,True,False,,ok,True,False,True,,True,False,False,False,False,False,False,False,True,False,False,analyst_unknown,event_time_historical,yfinance_upgrades_downgrades,buy,2.3617,41,412.25366,450.0,600.0,123.0,,
224,GOOGL,2025-09-02,sell,False,True,bearish,skipped,False,False,http_429,ok,True,False,,ok,True,False,True,,True,False,False,False,False,False,False,False,True,False,False,analyst_unknown,event_time_historical,yfinance_upgrades_downgrades,strong_buy,1.39683,52,427.88712,430.0,515.0,334.22,,
225,AAPL,2023-04-10,buy,True,True,bullish,skipped,False,False,http_429,ok,True,False,,ok,True,False,True,,True,False,False,False,False,False,False,False,True,False,False,analyst_unknown,event_time_historical,yfinance_upgrades_downgrades,buy,1.95833,43,308.06512,310.0,400.0,215.0,,
226,NVDA,2025-08-27,buy,True,True,bullish,skipped,False,False,http_429,ok,True,False,,ok,True,False,True,,True,False,False,False,False,False,False,False,True,False,False,analyst_unknown,event_time_historical,yfinance_upgrades_downgrades,strong_buy,1.29508,57,272.93738,275.0,380.0,140.0,,
227,NVDA,2025-08-27,buy,True,True,bullish,skipped,False,False,http_429,ok,True,False,,ok,True,False,True,,True,False,False,False,False,False,False,False,True,False,False,analyst_unknown,event_time_historical,yfinance_upgrades_downgrades,strong_buy,1.29508,57,272.93738,275.0,380.0,140.0,,
228,NVDA,2023-07-14,buy,True,True,bullish,skipped,False,False,http_429,ok,True,False,,ok,True,False,True,,True,False,False,False,False,False,False,False,True,False,False,analyst_unknown,event_time_historical,yfinance_upgrades_downgrades,strong_buy,1.29508,57,272.93738,275.0,380.0,140.0,,
230,META,2023-02-16,sell,False,True,bearish,skipped,False,False,http_429,ok,True,False,,ok,True,False,True,,True,False,False,False,False,False,False,False,True,False,False,analyst_unknown,event_time_historical,yfinance_upgrades_downgrades,strong_buy,1.34921,58,826.69104,825.0,1015.0,614.0,,
231,AMZN,2023-02-16,buy,True,True,bullish,skipped,False,False,http_429,ok,True,False,,ok,True,False,True,,True,False,False,False,False,False,False,False,True,False,False,analyst_unknown,event_time_historical,yfinance_upgrades_downgrades,strong_buy,1.34848,62,311.55145,317.0,370.0,207.0,,
232,MSFT,2026-02-19,sell,False,True,bearish,skipped,False,False,http_429,ok,True,False,,ok,True,False,False,,True,False,False,False,True,True,False,True,False,True,False,finfluencer_contrarian_to_analyst,event_time_historical,finnhub_recommendation,strong_buy,1.30909,54,561.5561,562.5,870.0,400.0,,2026-02-01
233,GOOGL,2023-04-25,buy,False,True,bullish,skipped,False,False,http_429,ok,True,False,,ok,True,False,True,,True,False,False,False,False,False,False,False,True,False,False,analyst_unknown,event_time_historical,yfinance_upgrades_downgrades,strong_buy,1.39683,52,427.88712,430.0,515.0,334.22,,
234,NFLX,2026-03-10,buy,False,True,bullish,skipped,False,False,http_429,ok,True,False,,ok,True,False,False,,True,True,False,False,False,True,True,True,False,True,False,analyst_bullish_aligned,event_time_historical,finnhub_recommendation,buy,1.68,44,114.555,115.0,151.4,80.0,,2026-03-01
235,UBER,2026-02-09,buy,False,True,bullish,skipped,False,False,http_429,ok,True,False,,ok,True,False,False,,True,True,False,False,False,True,True,True,False,True,False,analyst_bullish_aligned,event_time_historical,finnhub_recommendation,buy,1.51923,50,104.9312,107.0,150.0,70.0,,2026-02-01
236,MSFT,2026-02-24,buy,False,True,bullish,skipped,False,False,http_429,ok,True,False,,ok,True,False,False,,True,True,False,False,False,True,False,True,False,True,False,analyst_bullish_aligned,event_time_historical,finnhub_recommendation,strong_buy,1.30909,54,561.5561,562.5,870.0,400.0,,2026-02-01
237,MSFT,2026-02-24,buy,False,False,bullish,skipped,False,False,http_429,ok,True,False,,ok,True,False,False,,True,True,False,False,False,True,False,True,False,True,False,analyst_bullish_aligned,event_time_historical,finnhub_recommendation,strong_buy,1.30909,54,561.5561,562.5,870.0,400.0,,2026-02-01
238,TSLA,2023-04-21,buy,True,True,bullish,skipped,False,False,http_429,ok,True,False,,ok,True,False,True,,True,False,False,False,False,False,False,False,True,False,False,analyst_unknown,event_time_historical,yfinance_upgrades_downgrades,buy,2.3617,41,412.25366,450.0,600.0,123.0,,
239,TSLA,2023-04-21,buy,True,False,bullish,skipped,False,False,http_429,ok,True,False,,ok,True,False,True,,True,False,False,False,False,False,False,False,True,False,False,analyst_unknown,event_time_historical,yfinance_upgrades_downgrades,buy,2.3617,41,412.25366,450.0,600.0,123.0,,
240,AMC,2023-03-28,buy,False,True,bullish,skipped,False,False,http_429,ok,True,False,,ok,True,False,True,,True,False,False,False,False,False,False,False,True,False,False,analyst_unknown,event_time_historical,yfinance_recommendations,hold,2.71429,6,2.03333,2.0,3.0,1.2,,
241,AMZN,2023-03-28,buy,True,True,bullish,skipped,False,False,http_429,ok,True,False,,ok,True,False,True,,True,False,False,False,False,False,False,False,True,False,False,analyst_unknown,event_time_historical,yfinance_upgrades_downgrades,strong_buy,1.34848,62,311.55145,317.0,370.0,207.0,,
242,AMZN,2023-03-28,buy,True,True,bullish,skipped,False,False,http_429,ok,True,False,,ok,True,False,True,,True,False,False,False,False,False,False,False,True,False,False,analyst_unknown,event_time_historical,yfinance_upgrades_downgrades,strong_buy,1.34848,62,311.55145,317.0,370.0,207.0,,
243,AMZN,2023-03-28,buy,True,True,bullish,skipped,False,False,http_429,ok,True,False,,ok,True,False,True,,True,False,False,False,False,False,False,False,True,False,False,analyst_unknown,event_time_historical,yfinance_upgrades_downgrades,strong_buy,1.34848,62,311.55145,317.0,370.0,207.0,,
244,DIS,2023-11-17,buy,False,True,bullish,skipped,False,False,http_429,ok,True,False,,ok,True,False,True,,True,False,False,False,False,False,False,False,True,False,False,analyst_unknown,event_time_historical,yfinance_upgrades_downgrades,strong_buy,1.46667,29,130.66553,132.0,164.0,77.0,,
245,AAPL,2023-11-17,buy,True,True,bullish,skipped,False,False,http_429,ok,True,False,,ok,True,False,True,,True,False,False,False,False,False,False,False,True,False,False,analyst_unknown,event_time_historical,yfinance_upgrades_downgrades,buy,1.95833,43,308.06512,310.0,400.0,215.0,,
246,AAPL,2025-09-15,buy,True,True,bullish,skipped,False,False,http_429,ok,True,False,,ok,True,False,True,,True,False,False,False,False,False,False,False,True,False,False,analyst_unknown,event_time_historical,yfinance_upgrades_downgrades,buy,1.95833,43,308.06512,310.0,400.0,215.0,,
247,TSLA,2023-07-19,buy,True,True,bullish,skipped,False,False,http_429,ok,True,False,,ok,True,False,True,,True,False,False,False,False,False,False,False,True,False,False,analyst_unknown,event_time_historical,yfinance_upgrades_downgrades,buy,2.3617,41,412.25366,450.0,600.0,123.0,,
248,META,2026-03-09,buy,False,True,bullish,skipped,False,False,http_429,ok,True,False,,ok,True,False,False,,True,True,False,False,False,True,False,True,False,True,False,analyst_bullish_aligned,event_time_historical,finnhub_recommendation,strong_buy,1.34921,58,826.69104,825.0,1015.0,614.0,,2026-03-01
249,MSFT,2024-02-12,buy,False,True,bullish,skipped,False,False,http_429,ok,True,False,,ok,True,False,True,,True,False,False,False,False,False,False,False,True,False,False,analyst_unknown,event_time_historical,yfinance_upgrades_downgrades,strong_buy,1.30909,54,561.5561,562.5,870.0,400.0,,
250,MSFT,2023-03-08,buy,False,True,bullish,skipped,False,False,http_429,ok,True,False,,ok,True,False,True,,True,False,False,False,False,False,False,False,True,False,False,analyst_unknown,event_time_historical,yfinance_upgrades_downgrades,strong_buy,1.30909,54,561.5561,562.5,870.0,400.0,,
251,MSFT,2024-10-02,buy,False,True,bullish,skipped,False,False,http_429,ok,True,False,,ok,True,False,True,,True,False,False,False,False,False,False,False,True,False,False,analyst_unknown,event_time_historical,yfinance_upgrades_downgrades,strong_buy,1.30909,54,561.5561,562.5,870.0,400.0,,
252,NVDA,2025-08-11,buy,True,False,bullish,skipped,False,False,http_429,ok,True,False,,ok,True,False,True,,True,False,False,False,False,False,False,False,True,False,False,analyst_unknown,event_time_historical,yfinance_upgrades_downgrades,strong_buy,1.29508,57,272.93738,275.0,380.0,140.0,,
253,PYPL,2025-08-20,buy,False,True,bullish,skipped,False,False,http_429,ok,True,False,,ok,True,False,True,,True,False,False,False,False,False,False,False,True,False,False,analyst_unknown,event_time_historical,yfinance_upgrades_downgrades,hold,2.88636,34,52.52618,48.0,147.39,32.0,,
254,NVDA,2025-08-20,buy,True,True,bullish,skipped,False,False,http_429,ok,True,False,,ok,True,False,True,,True,False,False,False,False,False,False,False,True,False,False,analyst_unknown,event_time_historical,yfinance_upgrades_downgrades,strong_buy,1.29508,57,272.93738,275.0,380.0,140.0,,
255,SOFI,2025-08-20,buy,False,True,bullish,skipped,False,False,http_429,ok,True,False,,ok,True,False,True,,True,False,False,False,False,False,False,False,True,False,False,analyst_unknown,event_time_historical,yfinance_upgrades_downgrades,hold,2.70833,20,21.1,18.5,31.0,12.0,,
256,AMD,2025-08-20,buy,True,True,bullish,skipped,False,False,http_429,ok,True,False,,ok,True,False,True,,True,False,False,False,False,False,False,False,True,False,False,analyst_unknown,event_time_historical,yfinance_upgrades_downgrades,buy,1.5098,48,457.83334,474.0,625.0,225.0,,
257,AMD,2025-08-27,sell,True,True,bearish,skipped,False,False,http_429,ok,True,False,,ok,True,False,True,,True,False,False,False,False,False,False,False,True,False,False,analyst_unknown,event_time_historical,yfinance_upgrades_downgrades,buy,1.5098,48,457.83334,474.0,625.0,225.0,,
258,NVDA,2025-08-27,buy,True,True,bullish,skipped,False,False,http_429,ok,True,False,,ok,True,False,True,,True,False,False,False,False,False,False,False,True,False,False,analyst_unknown,event_time_historical,yfinance_upgrades_downgrades,strong_buy,1.29508,57,272.93738,275.0,380.0,140.0,,
259,AAPL,2023-06-09,sell,True,True,bearish,skipped,False,False,http_429,ok,True,False,,ok,True,False,True,,True,False,False,False,False,False,False,False,True,False,False,analyst_unknown,event_time_historical,yfinance_upgrades_downgrades,buy,1.95833,43,308.06512,310.0,400.0,215.0,,
260,AAPL,2023-06-09,buy,True,True,bullish,skipped,False,False,http_429,ok,True,False,,ok,True,False,True,,True,False,False,False,False,False,False,False,True,False,False,analyst_unknown,event_time_historical,yfinance_upgrades_downgrades,buy,1.95833,43,308.06512,310.0,400.0,215.0,,
261,AMZN,2023-06-09,buy,True,False,bullish,skipped,False,False,http_429,ok,True,False,,ok,True,False,True,,True,False,False,False,False,False,False,False,True,False,False,analyst_unknown,event_time_historical,yfinance_upgrades_downgrades,strong_buy,1.34848,62,311.55145,317.0,370.0,207.0,,
262,GOOGL,2023-06-09,buy,False,True,bullish,skipped,False,False,http_429,ok,True,False,,ok,True,False,True,,True,False,False,False,False,False,False,False,True,False,False,analyst_unknown,event_time_historical,yfinance_upgrades_downgrades,strong_buy,1.39683,52,427.88712,430.0,515.0,334.22,,
263,MSFT,2026-02-23,buy,False,False,bullish,skipped,False,False,http_429,ok,True,False,,ok,True,False,False,,True,True,False,False,False,True,False,True,False,True,False,analyst_bullish_aligned,event_time_historical,finnhub_recommendation,strong_buy,1.30909,54,561.5561,562.5,870.0,400.0,,2026-02-01
264,MSFT,2026-02-23,buy,False,False,bullish,skipped,False,False,http_429,ok,True,False,,ok,True,False,False,,True,True,False,False,False,True,False,True,False,True,False,analyst_bullish_aligned,event_time_historical,finnhub_recommendation,strong_buy,1.30909,54,561.5561,562.5,870.0,400.0,,2026-02-01
265,MSFT,2026-02-23,buy,False,False,bullish,skipped,False,False,http_429,ok,True,False,,ok,True,False,False,,True,True,False,False,False,True,False,True,False,True,False,analyst_bullish_aligned,event_time_historical,finnhub_recommendation,strong_buy,1.30909,54,561.5561,562.5,870.0,400.0,,2026-02-01
266,TSLA,2023-04-28,sell,True,True,bearish,skipped,False,False,http_429,ok,True,False,,ok,True,False,True,,True,False,False,False,False,False,False,False,True,False,False,analyst_unknown,event_time_historical,yfinance_upgrades_downgrades,buy,2.3617,41,412.25366,450.0,600.0,123.0,,
267,GOOGL,2023-05-12,buy,False,True,bullish,skipped,False,False,http_429,ok,True,False,,ok,True,False,True,,True,False,False,False,False,False,False,False,True,False,False,analyst_unknown,event_time_historical,yfinance_upgrades_downgrades,strong_buy,1.39683,52,427.88712,430.0,515.0,334.22,,
268,MSFT,2023-05-12,buy,False,True,bullish,skipped,False,False,http_429,ok,True,False,,ok,True,False,True,,True,False,False,False,False,False,False,False,True,False,False,analyst_unknown,event_time_historical,yfinance_upgrades_downgrades,strong_buy,1.30909,54,561.5561,562.5,870.0,400.0,,
269,TSLA,2023-05-12,buy,True,True,bullish,skipped,False,False,http_429,ok,True,False,,ok,True,False,True,,True,False,False,False,False,False,False,False,True,False,False,analyst_unknown,event_time_historical,yfinance_upgrades_downgrades,buy,2.3617,41,412.25366,450.0,600.0,123.0,,
270,TSLA,2023-05-12,buy,True,True,bullish,skipped,False,False,http_429,ok,True,False,,ok,True,False,True,,True,False,False,False,False,False,False,False,True,False,False,analyst_unknown,event_time_historical,yfinance_upgrades_downgrades,buy,2.3617,41,412.25366,450.0,600.0,123.0,,
271,AAPL,2023-09-14,buy,True,True,bullish,skipped,False,False,http_429,ok,True,False,,ok,True,False,True,,True,False,False,False,False,False,False,False,True,False,False,analyst_unknown,event_time_historical,yfinance_upgrades_downgrades,buy,1.95833,43,308.06512,310.0,400.0,215.0,,
272,AAPL,2023-09-14,buy,True,True,bullish,skipped,False,False,http_429,ok,True,False,,ok,True,False,True,,True,False,False,False,False,False,False,False,True,False,False,analyst_unknown,event_time_historical,yfinance_upgrades_downgrades,buy,1.95833,43,308.06512,310.0,400.0,215.0,,
273,NVDA,2025-08-28,buy,True,True,bullish,skipped,False,False,http_429,ok,True,False,,ok,True,False,True,,True,False,False,False,False,False,False,False,True,False,False,analyst_unknown,event_time_historical,yfinance_upgrades_downgrades,strong_buy,1.29508,57,272.93738,275.0,380.0,140.0,,
274,MSFT,2025-01-10,buy,False,False,bullish,skipped,False,False,http_429,ok,True,False,,ok,True,False,True,,True,False,False,False,False,False,False,False,True,False,False,analyst_unknown,event_time_historical,yfinance_upgrades_downgrades,strong_buy,1.30909,54,561.5561,562.5,870.0,400.0,,
275,MSFT,2023-05-05,buy,False,True,bullish,skipped,False,False,http_429,ok,True,False,,ok,True,False,True,,True,False,False,False,False,False,False,False,True,False,False,analyst_unknown,event_time_historical,yfinance_upgrades_downgrades,strong_buy,1.30909,54,561.5561,562.5,870.0,400.0,,
276,AAPL,2024-09-06,buy,True,True,bullish,skipped,False,False,http_429,ok,True,False,,ok,True,False,True,,True,False,False,False,False,False,False,False,True,False,False,analyst_unknown,event_time_historical,yfinance_upgrades_downgrades,buy,1.95833,43,308.06512,310.0,400.0,215.0,,
277,AAPL,2024-09-06,buy,True,True,bullish,skipped,False,False,http_429,ok,True,False,,ok,True,False,True,,True,False,False,False,False,False,False,False,True,False,False,analyst_unknown,event_time_historical,yfinance_upgrades_downgrades,buy,1.95833,43,308.06512,310.0,400.0,215.0,,
278,UBER,2025-09-12,buy,False,True,bullish,skipped,False,False,http_429,ok,True,False,,ok,True,False,True,,True,False,False,False,False,False,False,False,True,False,False,analyst_unknown,event_time_historical,yfinance_upgrades_downgrades,buy,1.51923,50,104.9312,107.0,150.0,70.0,,
279,NFLX,2026-02-24,buy,False,True,bullish,skipped,False,False,http_429,ok,True,False,,ok,True,False,False,,True,True,False,False,False,True,True,True,False,True,False,analyst_bullish_aligned,event_time_historical,finnhub_recommendation,buy,1.68,44,114.555,115.0,151.4,80.0,,2026-02-01
280,NVDA,2025-08-21,buy,True,True,bullish,skipped,False,False,http_429,ok,True,False,,ok,True,False,True,,True,False,False,False,False,False,False,False,True,False,False,analyst_unknown,event_time_historical,yfinance_upgrades_downgrades,strong_buy,1.29508,57,272.93738,275.0,380.0,140.0,,
281,MSFT,2025-08-21,buy,False,True,bullish,skipped,False,False,http_429,ok,True,False,,ok,True,False,True,,True,False,False,False,False,False,False,False,True,False,False,analyst_unknown,event_time_historical,yfinance_upgrades_downgrades,strong_buy,1.30909,54,561.5561,562.5,870.0,400.0,,
282,AAPL,2023-08-03,buy,True,True,bullish,skipped,False,False,http_429,ok,True,False,,ok,True,False,True,,True,False,False,False,False,False,False,False,True,False,False,analyst_unknown,event_time_historical,yfinance_upgrades_downgrades,buy,1.95833,43,308.06512,310.0,400.0,215.0,,
283,AAPL,2023-08-03,buy,True,True,bullish,skipped,False,False,http_429,ok,True,False,,ok,True,False,True,,True,False,False,False,False,False,False,False,True,False,False,analyst_unknown,event_time_historical,yfinance_upgrades_downgrades,buy,1.95833,43,308.06512,310.0,400.0,215.0,,
284,AAPL,2023-08-03,buy,True,True,bullish,skipped,False,False,http_429,ok,True,False,,ok,True,False,True,,True,False,False,False,False,False,False,False,True,False,False,analyst_unknown,event_time_historical,yfinance_upgrades_downgrades,buy,1.95833,43,308.06512,310.0,400.0,215.0,,
285,GOOGL,2025-08-08,buy,False,True,bullish,skipped,False,False,http_429,ok,True,False,,ok,True,False,True,,True,False,False,False,False,False,False,False,True,False,False,analyst_unknown,event_time_historical,yfinance_upgrades_downgrades,strong_buy,1.39683,52,427.88712,430.0,515.0,334.22,,
286,NFLX,2023-07-28,buy,False,True,bullish,skipped,False,False,http_429,ok,True,False,,ok,True,False,True,,True,False,False,False,False,False,False,False,True,False,False,analyst_unknown,event_time_historical,yfinance_upgrades_downgrades,buy,1.68,44,114.555,115.0,151.4,80.0,,
287,MSFT,2023-07-28,sell,False,True,bearish,skipped,False,False,http_429,ok,True,False,,ok,True,False,True,,True,False,False,False,False,False,False,False,True,False,False,analyst_unknown,event_time_historical,yfinance_upgrades_downgrades,strong_buy,1.30909,54,561.5561,562.5,870.0,400.0,,
288,AMD,2023-08-25,sell,True,True,bearish,skipped,False,False,http_429,ok,True,False,,ok,True,False,True,,True,False,False,False,False,False,False,False,True,False,False,analyst_unknown,event_time_historical,yfinance_upgrades_downgrades,buy,1.5098,48,457.83334,474.0,625.0,225.0,,
289,NVDA,2023-08-25,sell,True,True,bearish,skipped,False,False,http_429,ok,True,False,,ok,True,False,True,,True,False,False,False,False,False,False,False,True,False,False,analyst_unknown,event_time_historical,yfinance_upgrades_downgrades,strong_buy,1.29508,57,272.93738,275.0,380.0,140.0,,
290,AMZN,2023-08-25,sell,True,True,bearish,skipped,False,False,http_429,ok,True,False,,ok,True,False,True,,True,False,False,False,False,False,False,False,True,False,False,analyst_unknown,event_time_historical,yfinance_upgrades_downgrades,strong_buy,1.34848,62,311.55145,317.0,370.0,207.0,,
291,NVDA,2023-08-14,buy,True,True,bullish,skipped,False,False,http_429,ok,True,False,,ok,True,False,True,,True,False,False,False,False,False,False,False,True,False,False,analyst_unknown,event_time_historical,yfinance_upgrades_downgrades,strong_buy,1.29508,57,272.93738,275.0,380.0,140.0,,
292,AAPL,2023-08-14,buy,True,True,bullish,skipped,False,False,http_429,ok,True,False,,ok,True,False,True,,True,False,False,False,False,False,False,False,True,False,False,analyst_unknown,event_time_historical,yfinance_upgrades_downgrades,buy,1.95833,43,308.06512,310.0,400.0,215.0,,
293,GOOGL,2023-08-14,buy,False,True,bullish,skipped,False,False,http_429,ok,True,False,,ok,True,False,True,,True,False,False,False,False,False,False,False,True,False,False,analyst_unknown,event_time_historical,yfinance_upgrades_downgrades,strong_buy,1.39683,52,427.88712,430.0,515.0,334.22,,
294,MSFT,2023-08-14,buy,False,True,bullish,skipped,False,False,http_429,ok,True,False,,ok,True,False,True,,True,False,False,False,False,False,False,False,True,False,False,analyst_unknown,event_time_historical,yfinance_upgrades_downgrades,strong_buy,1.30909,54,561.5561,562.5,870.0,400.0,,
295,TSLA,2023-08-14,buy,True,True,bullish,skipped,False,False,http_429,ok,True,False,,ok,True,False,True,,True,False,False,False,False,False,False,False,True,False,False,analyst_unknown,event_time_historical,yfinance_upgrades_downgrades,buy,2.3617,41,412.25366,450.0,600.0,123.0,,
296,NVDA,2024-02-29,buy,True,True,bullish,skipped,False,False,http_429,ok,True,False,,ok,True,False,True,,True,False,False,False,False,False,False,False,True,False,False,analyst_unknown,event_time_historical,yfinance_upgrades_downgrades,strong_buy,1.29508,57,272.93738,275.0,380.0,140.0,,
297,NVDA,2024-02-29,sell,True,True,bearish,skipped,False,False,http_429,ok,True,False,,ok,True,False,True,,True,False,False,False,False,False,False,False,True,False,False,analyst_unknown,event_time_historical,yfinance_upgrades_downgrades,strong_buy,1.29508,57,272.93738,275.0,380.0,140.0,,
298,GOOGL,2025-08-04,buy,False,True,bullish,skipped,False,False,http_429,ok,True,False,,ok,True,False,True,,True,False,False,False,False,False,False,False,True,False,False,analyst_unknown,event_time_historical,yfinance_upgrades_downgrades,strong_buy,1.39683,52,427.88712,430.0,515.0,334.22,,
299,MSFT,2025-07-30,buy,False,True,bullish,skipped,False,False,http_429,ok,True,False,,ok,True,False,True,,True,False,False,False,False,False,False,False,True,False,False,analyst_unknown,event_time_historical,yfinance_upgrades_downgrades,strong_buy,1.30909,54,561.5561,562.5,870.0,400.0,,
300,GOOGL,2025-07-30,buy,False,True,bullish,skipped,False,False,http_429,ok,True,False,,ok,True,False,True,,True,False,False,False,False,False,False,False,True,False,False,analyst_unknown,event_time_historical,yfinance_upgrades_downgrades,strong_buy,1.39683,52,427.88712,430.0,515.0,334.22,,
301,MSFT,2023-06-26,buy,False,True,bullish,skipped,False,False,http_429,ok,True,False,,ok,True,False,True,,True,False,False,False,False,False,False,False,True,False,False,analyst_unknown,event_time_historical,yfinance_upgrades_downgrades,strong_buy,1.30909,54,561.5561,562.5,870.0,400.0,,
302,PYPL,2025-09-12,buy,False,True,bullish,skipped,False,False,http_429,ok,True,False,,ok,True,False,True,,True,False,False,False,False,False,False,False,True,False,False,analyst_unknown,event_time_historical,yfinance_upgrades_downgrades,hold,2.88636,34,52.52618,48.0,147.39,32.0,,
303,AAPL,2023-05-19,buy,True,False,bullish,skipped,False,False,http_429,ok,True,False,,ok,True,False,True,,True,False,False,False,False,False,False,False,True,False,False,analyst_unknown,event_time_historical,yfinance_upgrades_downgrades,buy,1.95833,43,308.06512,310.0,400.0,215.0,,
304,TSLA,2023-05-19,buy,True,True,bullish,skipped,False,False,http_429,ok,True,False,,ok,True,False,True,,True,False,False,False,False,False,False,False,True,False,False,analyst_unknown,event_time_historical,yfinance_upgrades_downgrades,buy,2.3617,41,412.25366,450.0,600.0,123.0,,
305,META,2026-02-05,buy,False,True,bullish,skipped,False,False,http_429,ok,True,False,,ok,True,False,False,,True,True,False,False,False,True,False,True,False,True,False,analyst_bullish_aligned,event_time_historical,finnhub_recommendation,strong_buy,1.34921,58,826.69104,825.0,1015.0,614.0,,2026-02-01
306,META,2026-02-05,buy,False,True,bullish,skipped,False,False,http_429,ok,True,False,,ok,True,False,False,,True,True,False,False,False,True,False,True,False,True,False,analyst_bullish_aligned,event_time_historical,finnhub_recommendation,strong_buy,1.34921,58,826.69104,825.0,1015.0,614.0,,2026-02-01
307,AMD,2025-08-11,buy,True,True,bullish,skipped,False,False,http_429,ok,True,False,,ok,True,False,True,,True,False,False,False,False,False,False,False,True,False,False,analyst_unknown,event_time_historical,yfinance_upgrades_downgrades,buy,1.5098,48,457.83334,474.0,625.0,225.0,,
308,PYPL,2025-09-15,buy,False,True,bullish,skipped,False,False,http_429,ok,True,False,,ok,True,False,True,,True,False,False,False,False,False,False,False,True,False,False,analyst_unknown,event_time_historical,yfinance_upgrades_downgrades,hold,2.88636,34,52.52618,48.0,147.39,32.0,,
309,PYPL,2023-08-07,buy,False,True,bullish,skipped,False,False,http_429,ok,True,False,,ok,True,False,True,,True,False,False,False,False,False,False,False,True,False,False,analyst_unknown,event_time_historical,yfinance_upgrades_downgrades,hold,2.88636,34,52.52618,48.0,147.39,32.0,,
310,PYPL,2023-08-07,buy,False,True,bullish,skipped,False,False,http_429,ok,True,False,,ok,True,False,True,,True,False,False,False,False,False,False,False,True,False,False,analyst_unknown,event_time_historical,yfinance_upgrades_downgrades,hold,2.88636,34,52.52618,48.0,147.39,32.0,,
311,MSFT,2023-07-25,buy,False,True,bullish,skipped,False,False,http_429,ok,True,False,,ok,True,False,True,,True,False,False,False,False,False,False,False,True,False,False,analyst_unknown,event_time_historical,yfinance_upgrades_downgrades,strong_buy,1.30909,54,561.5561,562.5,870.0,400.0,,
312,AAPL,2023-02-03,buy,True,True,bullish,skipped,False,False,http_429,ok,True,False,,ok,True,False,True,,True,False,False,False,False,False,False,False,True,False,False,analyst_unknown,event_time_historical,yfinance_upgrades_downgrades,buy,1.95833,43,308.06512,310.0,400.0,215.0,,
313,NVDA,2026-02-09,buy,True,True,bullish,skipped,False,False,http_429,ok,True,False,,ok,True,False,False,,True,True,False,False,False,True,True,True,False,True,False,analyst_bullish_aligned,event_time_historical,finnhub_recommendation,strong_buy,1.29508,57,272.93738,275.0,380.0,140.0,,2026-02-01
314,AAPL,2023-10-19,buy,True,True,bullish,skipped,False,False,http_429,ok,True,False,,ok,True,False,True,,True,False,False,False,False,False,False,False,True,False,False,analyst_unknown,event_time_historical,yfinance_upgrades_downgrades,buy,1.95833,43,308.06512,310.0,400.0,215.0,,
315,AAPL,2023-10-19,buy,True,True,bullish,skipped,False,False,http_429,ok,True,False,,ok,True,False,True,,True,False,False,False,False,False,False,False,True,False,False,analyst_unknown,event_time_historical,yfinance_upgrades_downgrades,buy,1.95833,43,308.06512,310.0,400.0,215.0,,
316,NVDA,2025-07-15,sell,True,True,bearish,skipped,False,False,http_429,ok,True,False,,ok,True,False,True,,True,False,False,False,False,False,False,False,True,False,False,analyst_unknown,event_time_historical,yfinance_upgrades_downgrades,strong_buy,1.29508,57,272.93738,275.0,380.0,140.0,,
317,NVDA,2023-09-01,buy,True,True,bullish,skipped,False,False,http_429,ok,True,False,,ok,True,False,True,,True,False,False,False,False,False,False,False,True,False,False,analyst_unknown,event_time_historical,yfinance_upgrades_downgrades,strong_buy,1.29508,57,272.93738,275.0,380.0,140.0,,
318,NVDA,2023-09-01,buy,True,True,bullish,skipped,False,False,http_429,ok,True,False,,ok,True,False,True,,True,False,False,False,False,False,False,False,True,False,False,analyst_unknown,event_time_historical,yfinance_upgrades_downgrades,strong_buy,1.29508,57,272.93738,275.0,380.0,140.0,,
319,NVDA,2026-02-04,buy,True,True,bullish,skipped,False,False,http_429,ok,True,False,,ok,True,False,False,,True,True,False,False,False,True,True,True,False,True,False,analyst_bullish_aligned,event_time_historical,finnhub_recommendation,strong_buy,1.29508,57,272.93738,275.0,380.0,140.0,,2026-02-01
320,SOFI,2025-09-02,buy,False,False,bullish,skipped,False,False,http_429,ok,True,False,,ok,True,False,True,,True,False,False,False,False,False,False,False,True,False,False,analyst_unknown,event_time_historical,yfinance_upgrades_downgrades,hold,2.70833,20,21.1,18.5,31.0,12.0,,
321,PYPL,2025-07-28,buy,False,True,bullish,skipped,False,False,http_429,ok,True,False,,ok,True,False,True,,True,False,False,False,False,False,False,False,True,False,False,analyst_unknown,event_time_historical,yfinance_upgrades_downgrades,hold,2.88636,34,52.52618,48.0,147.39,32.0,,
322,AMD,2025-07-28,buy,True,True,bullish,skipped,False,False,http_429,ok,True,False,,ok,True,False,True,,True,False,False,False,False,False,False,False,True,False,False,analyst_unknown,event_time_historical,yfinance_upgrades_downgrades,buy,1.5098,48,457.83334,474.0,625.0,225.0,,
323,META,2025-07-28,buy,False,True,bullish,skipped,False,False,http_429,ok,True,False,,ok,True,False,True,,True,False,False,False,False,False,False,False,True,False,False,analyst_unknown,event_time_historical,yfinance_upgrades_downgrades,strong_buy,1.34921,58,826.69104,825.0,1015.0,614.0,,
324,TSLA,2025-07-28,buy,True,True,bullish,skipped,False,False,http_429,ok,True,False,,ok,True,False,True,,True,False,False,False,False,False,False,False,True,False,False,analyst_unknown,event_time_historical,yfinance_upgrades_downgrades,buy,2.3617,41,412.25366,450.0,600.0,123.0,,
325,NVDA,2023-08-23,sell,True,False,bearish,skipped,False,False,http_429,ok,True,False,,ok,True,False,True,,True,False,False,False,False,False,False,False,True,False,False,analyst_unknown,event_time_historical,yfinance_upgrades_downgrades,strong_buy,1.29508,57,272.93738,275.0,380.0,140.0,,
326,NVDA,2023-08-23,buy,True,True,bullish,skipped,False,False,http_429,ok,True,False,,ok,True,False,True,,True,False,False,False,False,False,False,False,True,False,False,analyst_unknown,event_time_historical,yfinance_upgrades_downgrades,strong_buy,1.29508,57,272.93738,275.0,380.0,140.0,,
327,META,2026-03-05,buy,False,True,bullish,skipped,False,False,http_429,ok,True,False,,ok,True,False,False,,True,True,False,False,False,True,False,True,False,True,False,analyst_bullish_aligned,event_time_historical,finnhub_recommendation,strong_buy,1.34921,58,826.69104,825.0,1015.0,614.0,,2026-03-01
328,META,2026-03-05,buy,False,True,bullish,skipped,False,False,http_429,ok,True,False,,ok,True,False,False,,True,True,False,False,False,True,False,True,False,True,False,analyst_bullish_aligned,event_time_historical,finnhub_recommendation,strong_buy,1.34921,58,826.69104,825.0,1015.0,614.0,,2026-03-01
329,NVDA,2025-08-29,buy,True,True,bullish,skipped,False,False,http_429,ok,True,False,,ok,True,False,True,,True,False,False,False,False,False,False,False,True,False,False,analyst_unknown,event_time_historical,yfinance_upgrades_downgrades,strong_buy,1.29508,57,272.93738,275.0,380.0,140.0,,
330,AAPL,2024-08-05,sell,True,True,bearish,skipped,False,False,http_429,ok,True,False,,ok,True,False,True,,True,False,False,False,False,False,False,False,True,False,False,analyst_unknown,event_time_historical,yfinance_upgrades_downgrades,buy,1.95833,43,308.06512,310.0,400.0,215.0,,
331,NVDA,2023-10-09,buy,True,True,bullish,skipped,False,False,http_429,ok,True,False,,ok,True,False,True,,True,False,False,False,False,False,False,False,True,False,False,analyst_unknown,event_time_historical,yfinance_upgrades_downgrades,strong_buy,1.29508,57,272.93738,275.0,380.0,140.0,,
332,GOOGL,2024-12-30,buy,False,True,bullish,skipped,False,False,http_429,ok,True,False,,ok,True,False,True,,True,False,False,False,False,False,False,False,True,False,False,analyst_unknown,event_time_historical,yfinance_upgrades_downgrades,strong_buy,1.39683,52,427.88712,430.0,515.0,334.22,,
333,NVDA,2025-08-12,buy,True,True,bullish,skipped,False,False,http_429,ok,True,False,,ok,True,False,True,,True,False,False,False,False,False,False,False,True,False,False,analyst_unknown,event_time_historical,yfinance_upgrades_downgrades,strong_buy,1.29508,57,272.93738,275.0,380.0,140.0,,
334,NVDA,2025-08-12,sell,True,True,bearish,skipped,False,False,http_429,ok,True,False,,ok,True,False,True,,True,False,False,False,False,False,False,False,True,False,False,analyst_unknown,event_time_historical,yfinance_upgrades_downgrades,strong_buy,1.29508,57,272.93738,275.0,380.0,140.0,,
335,GOOGL,2023-05-26,buy,False,True,bullish,skipped,False,False,http_429,ok,True,False,,ok,True,False,True,,True,False,False,False,False,False,False,False,True,False,False,analyst_unknown,event_time_historical,yfinance_upgrades_downgrades,strong_buy,1.39683,52,427.88712,430.0,515.0,334.22,,
336,AMZN,2026-03-05,buy,True,True,bullish,skipped,False,False,http_429,ok,True,False,,ok,True,False,False,,True,True,False,False,False,True,False,True,False,True,False,analyst_bullish_aligned,event_time_historical,finnhub_recommendation,strong_buy,1.34848,62,311.55145,317.0,370.0,207.0,,2026-03-01
337,NVDA,2023-07-14,buy,True,True,bullish,skipped,False,False,http_429,ok,True,False,,ok,True,False,True,,True,False,False,False,False,False,False,False,True,False,False,analyst_unknown,event_time_historical,yfinance_upgrades_downgrades,strong_buy,1.29508,57,272.93738,275.0,380.0,140.0,,
338,PYPL,2025-09-08,buy,False,True,bullish,skipped,False,False,http_429,ok,True,False,,ok,True,False,True,,True,False,False,False,False,False,False,False,True,False,False,analyst_unknown,event_time_historical,yfinance_upgrades_downgrades,hold,2.88636,34,52.52618,48.0,147.39,32.0,,
339,PYPL,2025-09-08,buy,False,False,bullish,skipped,False,False,http_429,ok,True,False,,ok,True,False,True,,True,False,False,False,False,False,False,False,True,False,False,analyst_unknown,event_time_historical,yfinance_upgrades_downgrades,hold,2.88636,34,52.52618,48.0,147.39,32.0,,
340,NVDA,2026-03-02,sell,True,True,bearish,skipped,False,False,http_429,ok,True,False,,ok,True,False,False,,True,False,False,False,True,True,True,True,False,True,False,finfluencer_contrarian_to_analyst,event_time_historical,finnhub_recommendation,strong_buy,1.29508,57,272.93738,275.0,380.0,140.0,,2026-03-01
341,NVDA,2026-03-02,buy,True,False,bullish,skipped,False,False,http_429,ok,True,False,,ok,True,False,False,,True,True,False,False,False,True,True,True,False,True,False,analyst_bullish_aligned,event_time_historical,finnhub_recommendation,strong_buy,1.29508,57,272.93738,275.0,380.0,140.0,,2026-03-01
342,NVDA,2026-03-02,sell,True,True,bearish,skipped,False,False,http_429,ok,True,False,,ok,True,False,False,,True,False,False,False,True,True,True,True,False,True,False,finfluencer_contrarian_to_analyst,event_time_historical,finnhub_recommendation,strong_buy,1.29508,57,272.93738,275.0,380.0,140.0,,2026-03-01
343,NVDA,2026-03-02,buy,True,True,bullish,skipped,False,False,http_429,ok,True,False,,ok,True,False,False,,True,True,False,False,False,True,True,True,False,True,False,analyst_bullish_aligned,event_time_historical,finnhub_recommendation,strong_buy,1.29508,57,272.93738,275.0,380.0,140.0,,2026-03-01
344,AMZN,2023-09-13,sell,True,True,bearish,skipped,False,False,http_429,ok,True,False,,ok,True,False,True,,True,False,False,False,False,False,False,False,True,False,False,analyst_unknown,event_time_historical,yfinance_upgrades_downgrades,strong_buy,1.34848,62,311.55145,317.0,370.0,207.0,,
345,NVDA,2023-02-22,buy,True,True,bullish,skipped,False,False,http_429,ok,True,False,,ok,True,False,True,,True,False,False,False,False,False,False,False,True,False,False,analyst_unknown,event_time_historical,yfinance_upgrades_downgrades,strong_buy,1.29508,57,272.93738,275.0,380.0,140.0,,
346,PYPL,2025-08-15,sell,False,True,bearish,skipped,False,False,http_429,ok,True,False,,ok,True,False,True,,True,False,False,False,False,False,False,False,True,False,False,analyst_unknown,event_time_historical,yfinance_upgrades_downgrades,hold,2.88636,34,52.52618,48.0,147.39,32.0,,
347,AMZN,2025-08-15,buy,True,True,bullish,skipped,False,False,http_429,ok,True,False,,ok,True,False,True,,True,False,False,False,False,False,False,False,True,False,False,analyst_unknown,event_time_historical,yfinance_upgrades_downgrades,strong_buy,1.34848,62,311.55145,317.0,370.0,207.0,,
348,MSFT,2024-02-20,buy,False,True,bullish,skipped,False,False,http_429,ok,True,False,,ok,True,False,True,,True,False,False,False,False,False,False,False,True,False,False,analyst_unknown,event_time_historical,yfinance_upgrades_downgrades,strong_buy,1.30909,54,561.5561,562.5,870.0,400.0,,
349,GOOGL,2023-02-03,buy,False,True,bullish,skipped,False,False,http_429,ok,True,False,,ok,True,False,True,,True,False,False,False,False,False,False,False,True,False,False,analyst_unknown,event_time_historical,yfinance_upgrades_downgrades,strong_buy,1.39683,52,427.88712,430.0,515.0,334.22,,
350,SOFI,2026-02-11,buy,False,True,bullish,skipped,False,False,http_429,ok,True,False,,ok,True,False,False,,True,False,False,True,False,True,True,False,False,True,False,analyst_neutral_or_mixed,event_time_historical,finnhub_recommendation,hold,2.70833,20,21.1,18.5,31.0,12.0,,2026-02-01
351,SOFI,2026-03-09,buy,False,False,bullish,skipped,False,False,http_429,ok,True,False,,ok,True,False,False,,True,True,False,False,False,True,True,True,False,True,False,analyst_bullish_aligned,event_time_historical,finnhub_recommendation,hold,2.70833,20,21.1,18.5,31.0,12.0,,2026-03-01
352,SOFI,2026-03-09,buy,False,False,bullish,skipped,False,False,http_429,ok,True,False,,ok,True,False,False,,True,True,False,False,False,True,True,True,False,True,False,analyst_bullish_aligned,event_time_historical,finnhub_recommendation,hold,2.70833,20,21.1,18.5,31.0,12.0,,2026-03-01
353,SOFI,2026-03-09,sell,False,False,bearish,skipped,False,False,http_429,ok,True,False,,ok,True,False,False,,True,False,False,False,True,True,True,True,False,True,False,finfluencer_contrarian_to_analyst,event_time_historical,finnhub_recommendation,hold,2.70833,20,21.1,18.5,31.0,12.0,,2026-03-01
354,SOFI,2026-03-09,sell,False,True,bearish,skipped,False,False,http_429,ok,True,False,,ok,True,False,False,,True,False,False,False,True,True,True,True,False,True,False,finfluencer_contrarian_to_analyst,event_time_historical,finnhub_recommendation,hold,2.70833,20,21.1,18.5,31.0,12.0,,2026-03-01
355,PYPL,2025-08-20,buy,False,True,bullish,skipped,False,False,http_429,ok,True,False,,ok,True,False,True,,True,False,False,False,False,False,False,False,True,False,False,analyst_unknown,event_time_historical,yfinance_upgrades_downgrades,hold,2.88636,34,52.52618,48.0,147.39,32.0,,
356,NVDA,2025-08-20,buy,True,True,bullish,skipped,False,False,http_429,ok,True,False,,ok,True,False,True,,True,False,False,False,False,False,False,False,True,False,False,analyst_unknown,event_time_historical,yfinance_upgrades_downgrades,strong_buy,1.29508,57,272.93738,275.0,380.0,140.0,,
357,SOFI,2025-08-20,buy,False,True,bullish,skipped,False,False,http_429,ok,True,False,,ok,True,False,True,,True,False,False,False,False,False,False,False,True,False,False,analyst_unknown,event_time_historical,yfinance_upgrades_downgrades,hold,2.70833,20,21.1,18.5,31.0,12.0,,
358,AMD,2025-08-20,buy,True,True,bullish,skipped,False,False,http_429,ok,True,False,,ok,True,False,True,,True,False,False,False,False,False,False,False,True,False,False,analyst_unknown,event_time_historical,yfinance_upgrades_downgrades,buy,1.5098,48,457.83334,474.0,625.0,225.0,,
359,AAPL,2023-08-11,buy,True,True,bullish,skipped,False,False,http_429,ok,True,False,,ok,True,False,True,,True,False,False,False,False,False,False,False,True,False,False,analyst_unknown,event_time_historical,yfinance_upgrades_downgrades,buy,1.95833,43,308.06512,310.0,400.0,215.0,,
360,MSFT,2024-10-31,sell,False,True,bearish,skipped,False,False,http_429,ok,True,False,,ok,True,False,True,,True,False,False,False,False,False,False,False,True,False,False,analyst_unknown,event_time_historical,yfinance_upgrades_downgrades,strong_buy,1.30909,54,561.5561,562.5,870.0,400.0,,
361,NVDA,2025-07-17,buy,True,True,bullish,skipped,False,False,http_429,ok,True,False,,ok,True,False,True,,True,False,False,False,False,False,False,False,True,False,False,analyst_unknown,event_time_historical,yfinance_upgrades_downgrades,strong_buy,1.29508,57,272.93738,275.0,380.0,140.0,,
362,TSLA,2025-07-17,sell,True,True,bearish,skipped,False,False,http_429,ok,True,False,,ok,True,False,True,,True,False,False,False,False,False,False,False,True,False,False,analyst_unknown,event_time_historical,yfinance_upgrades_downgrades,buy,2.3617,41,412.25366,450.0,600.0,123.0,,
363,TSLA,2025-07-17,buy,True,True,bullish,skipped,False,False,http_429,ok,True,False,,ok,True,False,True,,True,False,False,False,False,False,False,False,True,False,False,analyst_unknown,event_time_historical,yfinance_upgrades_downgrades,buy,2.3617,41,412.25366,450.0,600.0,123.0,,
364,TSLA,2025-07-17,buy,True,True,bullish,skipped,False,False,http_429,ok,True,False,,ok,True,False,True,,True,False,False,False,False,False,False,False,True,False,False,analyst_unknown,event_time_historical,yfinance_upgrades_downgrades,buy,2.3617,41,412.25366,450.0,600.0,123.0,,
365,AMZN,2026-03-19,buy,True,True,bullish,skipped,False,False,http_429,ok,True,False,,ok,True,False,False,,True,True,False,False,False,True,False,True,False,True,False,analyst_bullish_aligned,event_time_historical,finnhub_recommendation,strong_buy,1.34848,62,311.55145,317.0,370.0,207.0,,2026-03-01
366,PYPL,2025-10-28,buy,False,True,bullish,skipped,False,False,http_429,ok,True,False,,ok,True,False,True,,True,False,False,False,False,False,False,False,True,False,False,analyst_unknown,event_time_historical,yfinance_upgrades_downgrades,hold,2.88636,34,52.52618,48.0,147.39,32.0,,
367,PYPL,2025-10-28,buy,False,True,bullish,skipped,False,False,http_429,ok,True,False,,ok,True,False,True,,True,False,False,False,False,False,False,False,True,False,False,analyst_unknown,event_time_historical,yfinance_upgrades_downgrades,hold,2.88636,34,52.52618,48.0,147.39,32.0,,
368,NVDA,2024-01-05,buy,True,True,bullish,skipped,False,False,http_429,ok,True,False,,ok,True,False,True,,True,False,False,False,False,False,False,False,True,False,False,analyst_unknown,event_time_historical,yfinance_upgrades_downgrades,strong_buy,1.29508,57,272.93738,275.0,380.0,140.0,,
369,MSFT,2024-01-05,buy,False,True,bullish,skipped,False,False,http_429,ok,True,False,,ok,True,False,True,,True,False,False,False,False,False,False,False,True,False,False,analyst_unknown,event_time_historical,yfinance_upgrades_downgrades,strong_buy,1.30909,54,561.5561,562.5,870.0,400.0,,
370,NVDA,2026-04-06,buy,True,False,bullish,skipped,False,False,http_429,ok,True,False,,ok,True,False,False,,True,True,False,False,False,True,True,True,False,True,False,analyst_bullish_aligned,event_time_historical,finnhub_recommendation,strong_buy,1.29508,57,272.93738,275.0,380.0,140.0,,2026-04-01
371,AMD,2026-04-06,buy,True,True,bullish,skipped,False,False,http_429,ok,True,False,,ok,True,False,False,,True,True,False,False,False,True,True,True,False,True,False,analyst_bullish_aligned,event_time_historical,finnhub_recommendation,buy,1.5098,48,457.83334,474.0,625.0,225.0,,2026-04-01
372,TSLA,2024-01-25,buy,True,True,bullish,skipped,False,False,http_429,ok,True,False,,ok,True,False,True,,True,False,False,False,False,False,False,False,True,False,False,analyst_unknown,event_time_historical,yfinance_upgrades_downgrades,buy,2.3617,41,412.25366,450.0,600.0,123.0,,
373,TSLA,2024-01-25,buy,True,True,bullish,skipped,False,False,http_429,ok,True,False,,ok,True,False,True,,True,False,False,False,False,False,False,False,True,False,False,analyst_unknown,event_time_historical,yfinance_upgrades_downgrades,buy,2.3617,41,412.25366,450.0,600.0,123.0,,
374,AMZN,2023-11-17,sell,True,True,bearish,skipped,False,False,http_429,ok,True,False,,ok,True,False,True,,True,False,False,False,False,False,False,False,True,False,False,analyst_unknown,event_time_historical,yfinance_upgrades_downgrades,strong_buy,1.34848,62,311.55145,317.0,370.0,207.0,,
375,NFLX,2023-11-17,buy,False,True,bullish,skipped,False,False,http_429,ok,True,False,,ok,True,False,True,,True,False,False,False,False,False,False,False,True,False,False,analyst_unknown,event_time_historical,yfinance_upgrades_downgrades,buy,1.68,44,114.555,115.0,151.4,80.0,,
376,AAPL,2023-10-23,buy,True,True,bullish,skipped,False,False,http_429,ok,True,False,,ok,True,False,True,,True,False,False,False,False,False,False,False,True,False,False,analyst_unknown,event_time_historical,yfinance_upgrades_downgrades,buy,1.95833,43,308.06512,310.0,400.0,215.0,,
377,AAPL,2023-10-23,buy,True,True,bullish,skipped,False,False,http_429,ok,True,False,,ok,True,False,True,,True,False,False,False,False,False,False,False,True,False,False,analyst_unknown,event_time_historical,yfinance_upgrades_downgrades,buy,1.95833,43,308.06512,310.0,400.0,215.0,,
378,PYPL,2025-10-10,buy,False,True,bullish,skipped,False,False,http_429,ok,True,False,,ok,True,False,True,,True,False,False,False,False,False,False,False,True,False,False,analyst_unknown,event_time_historical,yfinance_upgrades_downgrades,hold,2.88636,34,52.52618,48.0,147.39,32.0,,
379,PYPL,2025-10-10,buy,False,True,bullish,skipped,False,False,http_429,ok,True,False,,ok,True,False,True,,True,False,False,False,False,False,False,False,True,False,False,analyst_unknown,event_time_historical,yfinance_upgrades_downgrades,hold,2.88636,34,52.52618,48.0,147.39,32.0,,
380,DIS,2024-05-07,sell,False,True,bearish,skipped,False,False,http_429,ok,True,False,,ok,True,False,True,,True,False,False,False,False,False,False,False,True,False,False,analyst_unknown,event_time_historical,yfinance_upgrades_downgrades,strong_buy,1.46667,29,130.66553,132.0,164.0,77.0,,
381,AAPL,2024-05-03,sell,True,True,bearish,skipped,False,False,http_429,ok,True,False,,ok,True,False,True,,True,False,False,False,False,False,False,False,True,False,False,analyst_unknown,event_time_historical,yfinance_upgrades_downgrades,buy,1.95833,43,308.06512,310.0,400.0,215.0,,
382,AAPL,2024-05-03,sell,True,True,bearish,skipped,False,False,http_429,ok,True,False,,ok,True,False,True,,True,False,False,False,False,False,False,False,True,False,False,analyst_unknown,event_time_historical,yfinance_upgrades_downgrades,buy,1.95833,43,308.06512,310.0,400.0,215.0,,
383,NFLX,2023-12-11,buy,False,True,bullish,skipped,False,False,http_429,ok,True,False,,ok,True,False,True,,True,False,False,False,False,False,False,False,True,False,False,analyst_unknown,event_time_historical,yfinance_upgrades_downgrades,buy,1.68,44,114.555,115.0,151.4,80.0,,
384,GOOGL,2023-12-11,buy,False,True,bullish,skipped,False,False,http_429,ok,True,False,,ok,True,False,True,,True,False,False,False,False,False,False,False,True,False,False,analyst_unknown,event_time_historical,yfinance_upgrades_downgrades,strong_buy,1.39683,52,427.88712,430.0,515.0,334.22,,
385,AMZN,2022-07-06,buy,True,True,bullish,skipped,False,False,http_429,ok,True,False,,ok,True,False,True,,True,False,False,False,False,False,False,False,True,False,False,analyst_unknown,event_time_historical,yfinance_upgrades_downgrades,strong_buy,1.34848,62,311.55145,317.0,370.0,207.0,,
386,MSFT,2024-04-26,buy,False,True,bullish,skipped,False,False,http_429,ok,True,False,,ok,True,False,True,,True,False,False,False,False,False,False,False,True,False,False,analyst_unknown,event_time_historical,yfinance_upgrades_downgrades,strong_buy,1.30909,54,561.5561,562.5,870.0,400.0,,
387,MSFT,2024-04-26,buy,False,True,bullish,skipped,False,False,http_429,ok,True,False,,ok,True,False,True,,True,False,False,False,False,False,False,False,True,False,False,analyst_unknown,event_time_historical,yfinance_upgrades_downgrades,strong_buy,1.30909,54,561.5561,562.5,870.0,400.0,,
388,AMD,2025-09-22,buy,True,True,bullish,skipped,False,False,http_429,ok,True,False,,ok,True,False,True,,True,False,False,False,False,False,False,False,True,False,False,analyst_unknown,event_time_historical,yfinance_upgrades_downgrades,buy,1.5098,48,457.83334,474.0,625.0,225.0,,
389,META,2025-09-22,buy,False,True,bullish,skipped,False,False,http_429,ok,True,False,,ok,True,False,True,,True,False,False,False,False,False,False,False,True,False,False,analyst_unknown,event_time_historical,yfinance_upgrades_downgrades,strong_buy,1.34921,58,826.69104,825.0,1015.0,614.0,,
390,AAPL,2025-09-22,buy,True,True,bullish,skipped,False,False,http_429,ok,True,False,,ok,True,False,True,,True,False,False,False,False,False,False,False,True,False,False,analyst_unknown,event_time_historical,yfinance_upgrades_downgrades,buy,1.95833,43,308.06512,310.0,400.0,215.0,,
391,AMD,2023-12-08,sell,True,True,bearish,skipped,False,False,http_429,ok,True,False,,ok,True,False,True,,True,False,False,False,False,False,False,False,True,False,False,analyst_unknown,event_time_historical,yfinance_upgrades_downgrades,buy,1.5098,48,457.83334,474.0,625.0,225.0,,
392,NVDA,2023-12-08,sell,True,True,bearish,skipped,False,False,http_429,ok,True,False,,ok,True,False,True,,True,False,False,False,False,False,False,False,True,False,False,analyst_unknown,event_time_historical,yfinance_upgrades_downgrades,strong_buy,1.29508,57,272.93738,275.0,380.0,140.0,,
393,NVDA,2025-12-01,buy,True,True,bullish,skipped,False,False,http_429,ok,True,False,,ok,True,False,True,,True,False,False,False,False,False,False,False,True,False,False,analyst_unknown,event_time_historical,yfinance_upgrades_downgrades,strong_buy,1.29508,57,272.93738,275.0,380.0,140.0,,
394,NVDA,2024-06-06,buy,True,True,bullish,skipped,False,False,http_429,ok,True,False,,ok,True,False,True,,True,False,False,False,False,False,False,False,True,False,False,analyst_unknown,event_time_historical,yfinance_upgrades_downgrades,strong_buy,1.29508,57,272.93738,275.0,380.0,140.0,,
395,AAPL,2024-06-06,buy,True,True,bullish,skipped,False,False,http_429,ok,True,False,,ok,True,False,True,,True,False,False,False,False,False,False,False,True,False,False,analyst_unknown,event_time_historical,yfinance_upgrades_downgrades,buy,1.95833,43,308.06512,310.0,400.0,215.0,,
396,GOOGL,2025-03-03,sell,False,True,bearish,skipped,False,False,http_429,ok,True,False,,ok,True,False,True,,True,False,False,False,False,False,False,False,True,False,False,analyst_unknown,event_time_historical,yfinance_upgrades_downgrades,strong_buy,1.39683,52,427.88712,430.0,515.0,334.22,,
397,GOOGL,2025-03-03,buy,False,True,bullish,skipped,False,False,http_429,ok,True,False,,ok,True,False,True,,True,False,False,False,False,False,False,False,True,False,False,analyst_unknown,event_time_historical,yfinance_upgrades_downgrades,strong_buy,1.39683,52,427.88712,430.0,515.0,334.22,,
398,NVDA,2025-11-03,buy,True,True,bullish,skipped,False,False,http_429,ok,True,False,,ok,True,False,True,,True,False,False,False,False,False,False,False,True,False,False,analyst_unknown,event_time_historical,yfinance_upgrades_downgrades,strong_buy,1.29508,57,272.93738,275.0,380.0,140.0,,
399,META,2025-11-03,buy,False,True,bullish,skipped,False,False,http_429,ok,True,False,,ok,True,False,True,,True,False,False,False,False,False,False,False,True,False,False,analyst_unknown,event_time_historical,yfinance_upgrades_downgrades,strong_buy,1.34921,58,826.69104,825.0,1015.0,614.0,,
400,GOOGL,2022-08-15,buy,False,True,bullish,skipped,False,False,http_429,ok,True,False,,ok,True,False,True,,True,False,False,False,False,False,False,False,True,False,False,analyst_unknown,event_time_historical,yfinance_upgrades_downgrades,strong_buy,1.39683,52,427.88712,430.0,515.0,334.22,,
401,AAPL,2023-10-20,sell,True,True,bearish,skipped,False,False,http_429,ok,True,False,,ok,True,False,True,,True,False,False,False,False,False,False,False,True,False,False,analyst_unknown,event_time_historical,yfinance_upgrades_downgrades,buy,1.95833,43,308.06512,310.0,400.0,215.0,,
402,MSFT,2023-10-20,sell,False,True,bearish,skipped,False,False,http_429,ok,True,False,,ok,True,False,True,,True,False,False,False,False,False,False,False,True,False,False,analyst_unknown,event_time_historical,yfinance_upgrades_downgrades,strong_buy,1.30909,54,561.5561,562.5,870.0,400.0,,
403,MSFT,2023-10-20,sell,False,True,bearish,skipped,False,False,http_429,ok,True,False,,ok,True,False,True,,True,False,False,False,False,False,False,False,True,False,False,analyst_unknown,event_time_historical,yfinance_upgrades_downgrades,strong_buy,1.30909,54,561.5561,562.5,870.0,400.0,,
404,NVDA,2023-10-20,buy,True,True,bullish,skipped,False,False,http_429,ok,True,False,,ok,True,False,True,,True,False,False,False,False,False,False,False,True,False,False,analyst_unknown,event_time_historical,yfinance_upgrades_downgrades,strong_buy,1.29508,57,272.93738,275.0,380.0,140.0,,
405,GOOGL,2022-08-19,buy,False,True,bullish,skipped,False,False,http_429,ok,True,False,,ok,True,False,True,,True,False,False,False,False,False,False,False,True,False,False,analyst_unknown,event_time_historical,yfinance_upgrades_downgrades,strong_buy,1.39683,52,427.88712,430.0,515.0,334.22,,
406,AMZN,2022-08-19,buy,True,True,bullish,skipped,False,False,http_429,ok,True,False,,ok,True,False,True,,True,False,False,False,False,False,False,False,True,False,False,analyst_unknown,event_time_historical,yfinance_upgrades_downgrades,strong_buy,1.34848,62,311.55145,317.0,370.0,207.0,,
407,AMZN,2022-08-19,buy,True,False,bullish,skipped,False,False,http_429,ok,True,False,,ok,True,False,True,,True,False,False,False,False,False,False,False,True,False,False,analyst_unknown,event_time_historical,yfinance_upgrades_downgrades,strong_buy,1.34848,62,311.55145,317.0,370.0,207.0,,
408,TSLA,2024-04-12,buy,True,True,bullish,skipped,False,False,http_429,ok,True,False,,ok,True,False,True,,True,False,False,False,False,False,False,False,True,False,False,analyst_unknown,event_time_historical,yfinance_upgrades_downgrades,buy,2.3617,41,412.25366,450.0,600.0,123.0,,
409,AAPL,2023-11-13,buy,True,True,bullish,skipped,False,False,http_429,ok,True,False,,ok,True,False,True,,True,False,False,False,False,False,False,False,True,False,False,analyst_unknown,event_time_historical,yfinance_upgrades_downgrades,buy,1.95833,43,308.06512,310.0,400.0,215.0,,
410,NVDA,2023-11-13,sell,True,True,bearish,skipped,False,False,http_429,ok,True,False,,ok,True,False,True,,True,False,False,False,False,False,False,False,True,False,False,analyst_unknown,event_time_historical,yfinance_upgrades_downgrades,strong_buy,1.29508,57,272.93738,275.0,380.0,140.0,,
411,GOOGL,2023-11-13,buy,False,True,bullish,skipped,False,False,http_429,ok,True,False,,ok,True,False,True,,True,False,False,False,False,False,False,False,True,False,False,analyst_unknown,event_time_historical,yfinance_upgrades_downgrades,strong_buy,1.39683,52,427.88712,430.0,515.0,334.22,,
412,GOOGL,2025-10-16,buy,False,True,bullish,skipped,False,False,http_429,ok,True,False,,ok,True,False,True,,True,False,False,False,False,False,False,False,True,False,False,analyst_unknown,event_time_historical,yfinance_upgrades_downgrades,strong_buy,1.39683,52,427.88712,430.0,515.0,334.22,,
413,GOOGL,2025-10-16,buy,False,True,bullish,skipped,False,False,http_429,ok,True,False,,ok,True,False,True,,True,False,False,False,False,False,False,False,True,False,False,analyst_unknown,event_time_historical,yfinance_upgrades_downgrades,strong_buy,1.39683,52,427.88712,430.0,515.0,334.22,,
414,GOOGL,2025-10-16,sell,False,True,bearish,skipped,False,False,http_429,ok,True,False,,ok,True,False,True,,True,False,False,False,False,False,False,False,True,False,False,analyst_unknown,event_time_historical,yfinance_upgrades_downgrades,strong_buy,1.39683,52,427.88712,430.0,515.0,334.22,,
415,AMZN,2025-10-16,sell,True,True,bearish,skipped,False,False,http_429,ok,True,False,,ok,True,False,True,,True,False,False,False,False,False,False,False,True,False,False,analyst_unknown,event_time_historical,yfinance_upgrades_downgrades,strong_buy,1.34848,62,311.55145,317.0,370.0,207.0,,
416,TSLA,2025-09-19,buy,True,True,bullish,skipped,False,False,http_429,ok,True,False,,ok,True,False,True,,True,False,False,False,False,False,False,False,True,False,False,analyst_unknown,event_time_historical,yfinance_upgrades_downgrades,buy,2.3617,41,412.25366,450.0,600.0,123.0,,
417,TSLA,2024-07-25,buy,True,True,bullish,skipped,False,False,http_429,ok,True,False,,ok,True,False,True,,True,False,False,False,False,False,False,False,True,False,False,analyst_unknown,event_time_historical,yfinance_upgrades_downgrades,buy,2.3617,41,412.25366,450.0,600.0,123.0,,
418,PYPL,2025-10-08,buy,False,True,bullish,skipped,False,False,http_429,ok,True,False,,ok,True,False,True,,True,False,False,False,False,False,False,False,True,False,False,analyst_unknown,event_time_historical,yfinance_upgrades_downgrades,hold,2.88636,34,52.52618,48.0,147.39,32.0,,
419,NFLX,2026-04-15,buy,False,False,bullish,skipped,False,False,http_429,ok,True,False,,ok,True,False,False,,True,True,False,False,False,True,True,True,False,True,False,analyst_bullish_aligned,event_time_historical,finnhub_recommendation,buy,1.68,44,114.555,115.0,151.4,80.0,,2026-04-01
420,NFLX,2026-04-15,buy,False,True,bullish,skipped,False,False,http_429,ok,True,False,,ok,True,False,False,,True,True,False,False,False,True,True,True,False,True,False,analyst_bullish_aligned,event_time_historical,finnhub_recommendation,buy,1.68,44,114.555,115.0,151.4,80.0,,2026-04-01
421,NVDA,2024-07-18,buy,True,True,bullish,skipped,False,False,http_429,ok,True,False,,ok,True,False,True,,True,False,False,False,False,False,False,False,True,False,False,analyst_unknown,event_time_historical,yfinance_upgrades_downgrades,strong_buy,1.29508,57,272.93738,275.0,380.0,140.0,,
422,NFLX,2021-09-13,buy,False,True,bullish,skipped,False,False,http_429,ok,True,False,,ok,True,False,True,,True,False,False,False,False,False,False,False,True,False,False,analyst_unknown,event_time_historical,yfinance_upgrades_downgrades,buy,1.68,44,114.555,115.0,151.4,80.0,,
423,NFLX,2021-09-13,buy,False,True,bullish,skipped,False,False,http_429,ok,True,False,,ok,True,False,True,,True,False,False,False,False,False,False,False,True,False,False,analyst_unknown,event_time_historical,yfinance_upgrades_downgrades,buy,1.68,44,114.555,115.0,151.4,80.0,,
424,AMZN,2021-09-13,buy,True,True,bullish,skipped,False,False,http_429,ok,True,False,,ok,True,False,True,,True,False,False,False,False,False,False,False,True,False,False,analyst_unknown,event_time_historical,yfinance_upgrades_downgrades,strong_buy,1.34848,62,311.55145,317.0,370.0,207.0,,
425,META,2021-09-13,buy,False,True,bullish,skipped,False,False,http_429,ok,True,False,,ok,True,False,True,,True,False,False,False,False,False,False,False,True,False,False,analyst_unknown,event_time_historical,yfinance_upgrades_downgrades,strong_buy,1.34921,58,826.69104,825.0,1015.0,614.0,,
426,GOOGL,2024-05-09,buy,False,True,bullish,skipped,False,False,http_429,ok,True,False,,ok,True,False,True,,True,False,False,False,False,False,False,False,True,False,False,analyst_unknown,event_time_historical,yfinance_upgrades_downgrades,strong_buy,1.39683,52,427.88712,430.0,515.0,334.22,,
427,AAPL,2024-05-09,sell,True,True,bearish,skipped,False,False,http_429,ok,True,False,,ok,True,False,True,,True,False,False,False,False,False,False,False,True,False,False,analyst_unknown,event_time_historical,yfinance_upgrades_downgrades,buy,1.95833,43,308.06512,310.0,400.0,215.0,,
428,MSFT,2024-05-09,buy,False,True,bullish,skipped,False,False,http_429,ok,True,False,,ok,True,False,True,,True,False,False,False,False,False,False,False,True,False,False,analyst_unknown,event_time_historical,yfinance_upgrades_downgrades,strong_buy,1.30909,54,561.5561,562.5,870.0,400.0,,
429,AMD,2025-11-04,sell,True,True,bearish,skipped,False,False,http_429,ok,True,False,,ok,True,False,True,,True,False,False,False,False,False,False,False,True,False,False,analyst_unknown,event_time_historical,yfinance_upgrades_downgrades,buy,1.5098,48,457.83334,474.0,625.0,225.0,,
430,AMD,2025-11-04,buy,True,True,bullish,skipped,False,False,http_429,ok,True,False,,ok,True,False,True,,True,False,False,False,False,False,False,False,True,False,False,analyst_unknown,event_time_historical,yfinance_upgrades_downgrades,buy,1.5098,48,457.83334,474.0,625.0,225.0,,
431,AMD,2025-11-04,buy,True,True,bullish,skipped,False,False,http_429,ok,True,False,,ok,True,False,True,,True,False,False,False,False,False,False,False,True,False,False,analyst_unknown,event_time_historical,yfinance_upgrades_downgrades,buy,1.5098,48,457.83334,474.0,625.0,225.0,,
432,AMD,2025-11-04,buy,True,True,bullish,skipped,False,False,http_429,ok,True,False,,ok,True,False,True,,True,False,False,False,False,False,False,False,True,False,False,analyst_unknown,event_time_historical,yfinance_upgrades_downgrades,buy,1.5098,48,457.83334,474.0,625.0,225.0,,
433,UBER,2026-04-01,buy,False,False,bullish,skipped,False,False,http_429,ok,True,False,,ok,True,False,False,,True,True,False,False,False,True,True,True,False,True,False,analyst_bullish_aligned,event_time_historical,finnhub_recommendation,buy,1.51923,50,104.9312,107.0,150.0,70.0,,2026-04-01
434,META,2025-11-25,sell,False,True,bearish,skipped,False,False,http_429,ok,True,False,,ok,True,False,True,,True,False,False,False,False,False,False,False,True,False,False,analyst_unknown,event_time_historical,yfinance_upgrades_downgrades,strong_buy,1.34921,58,826.69104,825.0,1015.0,614.0,,
435,AMZN,2024-03-22,buy,True,True,bullish,skipped,False,False,http_429,ok,True,False,,ok,True,False,True,,True,False,False,False,False,False,False,False,True,False,False,analyst_unknown,event_time_historical,yfinance_upgrades_downgrades,strong_buy,1.34848,62,311.55145,317.0,370.0,207.0,,
436,MSFT,2024-03-22,buy,False,True,bullish,skipped,False,False,http_429,ok,True,False,,ok,True,False,True,,True,False,False,False,False,False,False,False,True,False,False,analyst_unknown,event_time_historical,yfinance_upgrades_downgrades,strong_buy,1.30909,54,561.5561,562.5,870.0,400.0,,
437,TSLA,2024-03-22,buy,True,True,bullish,skipped,False,False,http_429,ok,True,False,,ok,True,False,True,,True,False,False,False,False,False,False,False,True,False,False,analyst_unknown,event_time_historical,yfinance_upgrades_downgrades,buy,2.3617,41,412.25366,450.0,600.0,123.0,,
438,AMZN,2024-02-23,buy,True,True,bullish,skipped,False,False,http_429,ok,True,False,,ok,True,False,True,,True,False,False,False,False,False,False,False,True,False,False,analyst_unknown,event_time_historical,yfinance_upgrades_downgrades,strong_buy,1.34848,62,311.55145,317.0,370.0,207.0,,
439,MSFT,2024-02-23,buy,False,True,bullish,skipped,False,False,http_429,ok,True,False,,ok,True,False,True,,True,False,False,False,False,False,False,False,True,False,False,analyst_unknown,event_time_historical,yfinance_upgrades_downgrades,strong_buy,1.30909,54,561.5561,562.5,870.0,400.0,,
440,TSLA,2024-02-23,buy,True,True,bullish,skipped,False,False,http_429,ok,True,False,,ok,True,False,True,,True,False,False,False,False,False,False,False,True,False,False,analyst_unknown,event_time_historical,yfinance_upgrades_downgrades,buy,2.3617,41,412.25366,450.0,600.0,123.0,,
441,AAPL,2025-03-13,sell,True,True,bearish,skipped,False,False,http_429,ok,True,False,,ok,True,False,True,,True,False,False,False,False,False,False,False,True,False,False,analyst_unknown,event_time_historical,yfinance_upgrades_downgrades,buy,1.95833,43,308.06512,310.0,400.0,215.0,,
442,AAPL,2025-03-13,sell,True,True,bearish,skipped,False,False,http_429,ok,True,False,,ok,True,False,True,,True,False,False,False,False,False,False,False,True,False,False,analyst_unknown,event_time_historical,yfinance_upgrades_downgrades,buy,1.95833,43,308.06512,310.0,400.0,215.0,,
443,NVDA,2024-09-09,sell,True,True,bearish,skipped,False,False,http_429,ok,True,False,,ok,True,False,True,,True,False,False,False,False,False,False,False,True,False,False,analyst_unknown,event_time_historical,yfinance_upgrades_downgrades,strong_buy,1.29508,57,272.93738,275.0,380.0,140.0,,
444,AMZN,2023-10-27,sell,True,True,bearish,skipped,False,False,http_429,ok,True,False,,ok,True,False,True,,True,False,False,False,False,False,False,False,True,False,False,analyst_unknown,event_time_historical,yfinance_upgrades_downgrades,strong_buy,1.34848,62,311.55145,317.0,370.0,207.0,,
445,NVDA,2025-10-08,buy,True,True,bullish,skipped,False,False,http_429,ok,True,False,,ok,True,False,True,,True,False,False,False,False,False,False,False,True,False,False,analyst_unknown,event_time_historical,yfinance_upgrades_downgrades,strong_buy,1.29508,57,272.93738,275.0,380.0,140.0,,
446,AMZN,2024-05-02,buy,True,True,bullish,skipped,False,False,http_429,ok,True,False,,ok,True,False,True,,True,False,False,False,False,False,False,False,True,False,False,analyst_unknown,event_time_historical,yfinance_upgrades_downgrades,strong_buy,1.34848,62,311.55145,317.0,370.0,207.0,,
447,TSLA,2024-05-02,sell,True,True,bearish,skipped,False,False,http_429,ok,True,False,,ok,True,False,True,,True,False,False,False,False,False,False,False,True,False,False,analyst_unknown,event_time_historical,yfinance_upgrades_downgrades,buy,2.3617,41,412.25366,450.0,600.0,123.0,,
448,NVDA,2025-10-09,buy,True,True,bullish,skipped,False,False,http_429,ok,True,False,,ok,True,False,True,,True,False,False,False,False,False,False,False,True,False,False,analyst_unknown,event_time_historical,yfinance_upgrades_downgrades,strong_buy,1.29508,57,272.93738,275.0,380.0,140.0,,
449,CRM,2025-10-09,buy,False,True,bullish,skipped,False,False,http_429,ok,True,False,,ok,True,False,True,,True,False,False,False,False,False,False,False,True,False,False,analyst_unknown,event_time_historical,yfinance_upgrades_downgrades,buy,1.59524,52,267.31577,252.5,475.0,188.0,,
450,TSLA,2025-10-09,buy,True,True,bullish,skipped,False,False,http_429,ok,True,False,,ok,True,False,True,,True,False,False,False,False,False,False,False,True,False,False,analyst_unknown,event_time_historical,yfinance_upgrades_downgrades,buy,2.3617,41,412.25366,450.0,600.0,123.0,,
451,UBER,2025-10-09,buy,False,True,bullish,skipped,False,False,http_429,ok,True,False,,ok,True,False,True,,True,False,False,False,False,False,False,False,True,False,False,analyst_unknown,event_time_historical,yfinance_upgrades_downgrades,buy,1.51923,50,104.9312,107.0,150.0,70.0,,
452,AAPL,2024-02-12,buy,True,True,bullish,skipped,False,False,http_429,ok,True,False,,ok,True,False,True,,True,False,False,False,False,False,False,False,True,False,False,analyst_unknown,event_time_historical,yfinance_upgrades_downgrades,buy,1.95833,43,308.06512,310.0,400.0,215.0,,
453,AMZN,2024-02-12,buy,True,True,bullish,skipped,False,False,http_429,ok,True,False,,ok,True,False,True,,True,False,False,False,False,False,False,False,True,False,False,analyst_unknown,event_time_historical,yfinance_upgrades_downgrades,strong_buy,1.34848,62,311.55145,317.0,370.0,207.0,,
454,NVDA,2024-02-12,sell,True,True,bearish,skipped,False,False,http_429,ok,True,False,,ok,True,False,True,,True,False,False,False,False,False,False,False,True,False,False,analyst_unknown,event_time_historical,yfinance_upgrades_downgrades,strong_buy,1.29508,57,272.93738,275.0,380.0,140.0,,
455,TSLA,2024-02-12,buy,True,True,bullish,skipped,False,False,http_429,ok,True,False,,ok,True,False,True,,True,False,False,False,False,False,False,False,True,False,False,analyst_unknown,event_time_historical,yfinance_upgrades_downgrades,buy,2.3617,41,412.25366,450.0,600.0,123.0,,
456,TSLA,2024-02-12,buy,True,True,bullish,skipped,False,False,http_429,ok,True,False,,ok,True,False,True,,True,False,False,False,False,False,False,False,True,False,False,analyst_unknown,event_time_historical,yfinance_upgrades_downgrades,buy,2.3617,41,412.25366,450.0,600.0,123.0,,
457,AMD,2026-04-14,sell,True,False,bearish,skipped,False,False,http_429,ok,True,False,,ok,True,False,False,,True,False,False,False,True,True,True,True,False,True,False,finfluencer_contrarian_to_analyst,event_time_historical,finnhub_recommendation,buy,1.5098,48,457.83334,474.0,625.0,225.0,,2026-04-01
458,AMD,2026-04-14,buy,True,True,bullish,skipped,False,False,http_429,ok,True,False,,ok,True,False,False,,True,True,False,False,False,True,True,True,False,True,False,analyst_bullish_aligned,event_time_historical,finnhub_recommendation,buy,1.5098,48,457.83334,474.0,625.0,225.0,,2026-04-01
459,NVDA,2024-06-27,sell,True,True,bearish,skipped,False,False,http_429,ok,True,False,,ok,True,False,True,,True,False,False,False,False,False,False,False,True,False,False,analyst_unknown,event_time_historical,yfinance_upgrades_downgrades,strong_buy,1.29508,57,272.93738,275.0,380.0,140.0,,
460,AMZN,2024-08-22,buy,True,True,bullish,skipped,False,False,http_429,ok,True,False,,ok,True,False,True,,True,False,False,False,False,False,False,False,True,False,False,analyst_unknown,event_time_historical,yfinance_upgrades_downgrades,strong_buy,1.34848,62,311.55145,317.0,370.0,207.0,,
461,AMZN,2024-08-22,buy,True,True,bullish,skipped,False,False,http_429,ok,True,False,,ok,True,False,True,,True,False,False,False,False,False,False,False,True,False,False,analyst_unknown,event_time_historical,yfinance_upgrades_downgrades,strong_buy,1.34848,62,311.55145,317.0,370.0,207.0,,
462,AMZN,2024-08-22,buy,True,True,bullish,skipped,False,False,http_429,ok,True,False,,ok,True,False,True,,True,False,False,False,False,False,False,False,True,False,False,analyst_unknown,event_time_historical,yfinance_upgrades_downgrades,strong_buy,1.34848,62,311.55145,317.0,370.0,207.0,,
463,GOOGL,2024-08-22,buy,False,True,bullish,skipped,False,False,http_429,ok,True,False,,ok,True,False,True,,True,False,False,False,False,False,False,False,True,False,False,analyst_unknown,event_time_historical,yfinance_upgrades_downgrades,strong_buy,1.39683,52,427.88712,430.0,515.0,334.22,,
464,MSFT,2025-03-18,buy,False,True,bullish,skipped,False,False,http_429,ok,True,False,,ok,True,False,True,,True,False,False,False,False,False,False,False,True,False,False,analyst_unknown,event_time_historical,yfinance_upgrades_downgrades,strong_buy,1.30909,54,561.5561,562.5,870.0,400.0,,
465,NVDA,2026-03-30,buy,True,False,bullish,skipped,False,False,http_429,ok,True,False,,ok,True,False,False,,True,True,False,False,False,True,True,True,False,True,False,analyst_bullish_aligned,event_time_historical,finnhub_recommendation,strong_buy,1.29508,57,272.93738,275.0,380.0,140.0,,2026-03-01
466,NVDA,2024-01-22,sell,True,True,bearish,skipped,False,False,http_429,ok,True,False,,ok,True,False,True,,True,False,False,False,False,False,False,False,True,False,False,analyst_unknown,event_time_historical,yfinance_upgrades_downgrades,strong_buy,1.29508,57,272.93738,275.0,380.0,140.0,,
467,TSLA,2026-04-01,sell,True,True,bearish,skipped,False,False,http_429,ok,True,False,,ok,True,False,False,,True,False,False,False,True,True,True,True,False,True,False,finfluencer_contrarian_to_analyst,event_time_historical,finnhub_recommendation,buy,2.3617,41,412.25366,450.0,600.0,123.0,,2026-04-01
468,GOOGL,2025-05-09,buy,False,False,bullish,skipped,False,False,http_429,ok,True,False,,ok,True,False,True,,True,False,False,False,False,False,False,False,True,False,False,analyst_unknown,event_time_historical,yfinance_upgrades_downgrades,strong_buy,1.39683,52,427.88712,430.0,515.0,334.22,,
469,NVDA,2024-08-29,buy,True,True,bullish,skipped,False,False,http_429,ok,True,False,,ok,True,False,True,,True,False,False,False,False,False,False,False,True,False,False,analyst_unknown,event_time_historical,yfinance_upgrades_downgrades,strong_buy,1.29508,57,272.93738,275.0,380.0,140.0,,
470,AMD,2025-10-06,buy,True,True,bullish,skipped,False,False,http_429,ok,True,False,,ok,True,False,True,,True,False,False,False,False,False,False,False,True,False,False,analyst_unknown,event_time_historical,yfinance_upgrades_downgrades,buy,1.5098,48,457.83334,474.0,625.0,225.0,,
471,AMZN,2024-05-13,buy,True,True,bullish,skipped,False,False,http_429,ok,True,False,,ok,True,False,True,,True,False,False,False,False,False,False,False,True,False,False,analyst_unknown,event_time_historical,yfinance_upgrades_downgrades,strong_buy,1.34848,62,311.55145,317.0,370.0,207.0,,
472,META,2025-11-26,sell,False,True,bearish,skipped,False,False,http_429,ok,True,False,,ok,True,False,True,,True,False,False,False,False,False,False,False,True,False,False,analyst_unknown,event_time_historical,yfinance_upgrades_downgrades,strong_buy,1.34921,58,826.69104,825.0,1015.0,614.0,,
473,AMZN,2024-07-22,buy,True,True,bullish,skipped,False,False,http_429,ok,True,False,,ok,True,False,True,,True,False,False,False,False,False,False,False,True,False,False,analyst_unknown,event_time_historical,yfinance_upgrades_downgrades,strong_buy,1.34848,62,311.55145,317.0,370.0,207.0,,
474,AMZN,2024-07-22,buy,True,True,bullish,skipped,False,False,http_429,ok,True,False,,ok,True,False,True,,True,False,False,False,False,False,False,False,True,False,False,analyst_unknown,event_time_historical,yfinance_upgrades_downgrades,strong_buy,1.34848,62,311.55145,317.0,370.0,207.0,,
475,AMZN,2024-06-07,buy,True,False,bullish,skipped,False,False,http_429,ok,True,False,,ok,True,False,True,,True,False,False,False,False,False,False,False,True,False,False,analyst_unknown,event_time_historical,yfinance_upgrades_downgrades,strong_buy,1.34848,62,311.55145,317.0,370.0,207.0,,
476,NVDA,2023-11-21,buy,True,True,bullish,skipped,False,False,http_429,ok,True,False,,ok,True,False,True,,True,False,False,False,False,False,False,False,True,False,False,analyst_unknown,event_time_historical,yfinance_upgrades_downgrades,strong_buy,1.29508,57,272.93738,275.0,380.0,140.0,,
477,NVDA,2023-11-21,sell,True,True,bearish,skipped,False,False,http_429,ok,True,False,,ok,True,False,True,,True,False,False,False,False,False,False,False,True,False,False,analyst_unknown,event_time_historical,yfinance_upgrades_downgrades,strong_buy,1.29508,57,272.93738,275.0,380.0,140.0,,
478,META,2022-02-17,buy,False,True,bullish,skipped,False,False,http_429,ok,True,False,,ok,True,False,True,,True,False,False,False,False,False,False,False,True,False,False,analyst_unknown,event_time_historical,yfinance_upgrades_downgrades,strong_buy,1.34921,58,826.69104,825.0,1015.0,614.0,,
479,META,2022-02-17,sell,False,True,bearish,skipped,False,False,http_429,ok,True,False,,ok,True,False,True,,True,False,False,False,False,False,False,False,True,False,False,analyst_unknown,event_time_historical,yfinance_upgrades_downgrades,strong_buy,1.34921,58,826.69104,825.0,1015.0,614.0,,
480,META,2022-02-17,buy,False,True,bullish,skipped,False,False,http_429,ok,True,False,,ok,True,False,True,,True,False,False,False,False,False,False,False,True,False,False,analyst_unknown,event_time_historical,yfinance_upgrades_downgrades,strong_buy,1.34921,58,826.69104,825.0,1015.0,614.0,,
481,META,2022-02-17,buy,False,False,bullish,skipped,False,False,http_429,ok,True,False,,ok,True,False,True,,True,False,False,False,False,False,False,False,True,False,False,analyst_unknown,event_time_historical,yfinance_upgrades_downgrades,strong_buy,1.34921,58,826.69104,825.0,1015.0,614.0,,
482,META,2022-02-17,buy,False,True,bullish,skipped,False,False,http_429,ok,True,False,,ok,True,False,True,,True,False,False,False,False,False,False,False,True,False,False,analyst_unknown,event_time_historical,yfinance_upgrades_downgrades,strong_buy,1.34921,58,826.69104,825.0,1015.0,614.0,,
483,DIS,2023-09-01,buy,False,True,bullish,skipped,False,False,http_429,ok,True,False,,ok,True,False,True,,True,False,False,False,False,False,False,False,True,False,False,analyst_unknown,event_time_historical,yfinance_upgrades_downgrades,strong_buy,1.46667,29,130.66553,132.0,164.0,77.0,,
484,DIS,2023-09-01,buy,False,True,bullish,skipped,False,False,http_429,ok,True,False,,ok,True,False,True,,True,False,False,False,False,False,False,False,True,False,False,analyst_unknown,event_time_historical,yfinance_upgrades_downgrades,strong_buy,1.46667,29,130.66553,132.0,164.0,77.0,,
485,DIS,2023-09-01,sell,False,True,bearish,skipped,False,False,http_429,ok,True,False,,ok,True,False,True,,True,False,False,False,False,False,False,False,True,False,False,analyst_unknown,event_time_historical,yfinance_upgrades_downgrades,strong_buy,1.46667,29,130.66553,132.0,164.0,77.0,,
486,GOOGL,2026-03-27,buy,False,False,bullish,skipped,False,False,http_429,ok,True,False,,ok,True,False,False,,True,True,False,False,False,True,False,True,False,True,False,analyst_bullish_aligned,event_time_historical,finnhub_recommendation,strong_buy,1.39683,52,427.88712,430.0,515.0,334.22,,2026-03-01
487,TSLA,2024-03-01,buy,True,True,bullish,skipped,False,False,http_429,ok,True,False,,ok,True,False,True,,True,False,False,False,False,False,False,False,True,False,False,analyst_unknown,event_time_historical,yfinance_upgrades_downgrades,buy,2.3617,41,412.25366,450.0,600.0,123.0,,
488,TSLA,2024-03-01,buy,True,True,bullish,skipped,False,False,http_429,ok,True,False,,ok,True,False,True,,True,False,False,False,False,False,False,False,True,False,False,analyst_unknown,event_time_historical,yfinance_upgrades_downgrades,buy,2.3617,41,412.25366,450.0,600.0,123.0,,
489,AAPL,2024-03-01,sell,True,True,bearish,skipped,False,False,http_429,ok,True,False,,ok,True,False,True,,True,False,False,False,False,False,False,False,True,False,False,analyst_unknown,event_time_historical,yfinance_upgrades_downgrades,buy,1.95833,43,308.06512,310.0,400.0,215.0,,
490,NFLX,2024-03-01,buy,False,True,bullish,skipped,False,False,http_429,ok,True,False,,ok,True,False,True,,True,False,False,False,False,False,False,False,True,False,False,analyst_unknown,event_time_historical,yfinance_upgrades_downgrades,buy,1.68,44,114.555,115.0,151.4,80.0,,
491,CRM,2024-07-29,buy,False,True,bullish,skipped,False,False,http_429,ok,True,False,,ok,True,False,True,,True,False,False,False,False,False,False,False,True,False,False,analyst_unknown,event_time_historical,yfinance_upgrades_downgrades,buy,1.59524,52,267.31577,252.5,475.0,188.0,,
492,GOOGL,2025-03-31,buy,False,False,bullish,skipped,False,False,http_429,ok,True,False,,ok,True,False,True,,True,False,False,False,False,False,False,False,True,False,False,analyst_unknown,event_time_historical,yfinance_upgrades_downgrades,strong_buy,1.39683,52,427.88712,430.0,515.0,334.22,,
493,GOOGL,2022-05-26,buy,False,True,bullish,skipped,False,False,http_429,ok,True,False,,ok,True,False,True,,True,False,False,False,False,False,False,False,True,False,False,analyst_unknown,event_time_historical,yfinance_upgrades_downgrades,strong_buy,1.39683,52,427.88712,430.0,515.0,334.22,,
494,GOOGL,2022-05-26,sell,False,True,bearish,skipped,False,False,http_429,ok,True,False,,ok,True,False,True,,True,False,False,False,False,False,False,False,True,False,False,analyst_unknown,event_time_historical,yfinance_upgrades_downgrades,strong_buy,1.39683,52,427.88712,430.0,515.0,334.22,,
495,GOOGL,2022-05-26,buy,False,True,bullish,skipped,False,False,http_429,ok,True,False,,ok,True,False,True,,True,False,False,False,False,False,False,False,True,False,False,analyst_unknown,event_time_historical,yfinance_upgrades_downgrades,strong_buy,1.39683,52,427.88712,430.0,515.0,334.22,,
496,AMZN,2024-01-05,buy,True,True,bullish,skipped,False,False,http_429,ok,True,False,,ok,True,False,True,,True,False,False,False,False,False,False,False,True,False,False,analyst_unknown,event_time_historical,yfinance_upgrades_downgrades,strong_buy,1.34848,62,311.55145,317.0,370.0,207.0,,
497,AAPL,2024-01-16,sell,True,True,bearish,skipped,False,False,http_429,ok,True,False,,ok,True,False,True,,True,False,False,False,False,False,False,False,True,False,False,analyst_unknown,event_time_historical,yfinance_upgrades_downgrades,buy,1.95833,43,308.06512,310.0,400.0,215.0,,
498,MSFT,2024-01-16,buy,False,True,bullish,skipped,False,False,http_429,ok,True,False,,ok,True,False,True,,True,False,False,False,False,False,False,False,True,False,False,analyst_unknown,event_time_historical,yfinance_upgrades_downgrades,strong_buy,1.30909,54,561.5561,562.5,870.0,400.0,,
499,AAPL,2024-05-08,sell,True,True,bearish,skipped,False,False,http_429,ok,True,False,,ok,True,False,True,,True,False,False,False,False,False,False,False,True,False,False,analyst_unknown,event_time_historical,yfinance_upgrades_downgrades,buy,1.95833,43,308.06512,310.0,400.0,215.0,,
500,AMD,2025-10-13,buy,True,False,bullish,skipped,False,False,http_429,ok,True,False,,ok,True,False,True,,True,False,False,False,False,False,False,False,True,False,False,analyst_unknown,event_time_historical,yfinance_upgrades_downgrades,buy,1.5098,48,457.83334,474.0,625.0,225.0,,
501,AMD,2025-10-13,buy,True,True,bullish,skipped,False,False,http_429,ok,True,False,,ok,True,False,True,,True,False,False,False,False,False,False,False,True,False,False,analyst_unknown,event_time_historical,yfinance_upgrades_downgrades,buy,1.5098,48,457.83334,474.0,625.0,225.0,,
502,MSFT,2023-12-22,buy,False,True,bullish,skipped,False,False,http_429,ok,True,False,,ok,True,False,True,,True,False,False,False,False,False,False,False,True,False,False,analyst_unknown,event_time_historical,yfinance_upgrades_downgrades,strong_buy,1.30909,54,561.5561,562.5,870.0,400.0,,
503,NVDA,2023-12-22,buy,True,True,bullish,skipped,False,False,http_429,ok,True,False,,ok,True,False,True,,True,False,False,False,False,False,False,False,True,False,False,analyst_unknown,event_time_historical,yfinance_upgrades_downgrades,strong_buy,1.29508,57,272.93738,275.0,380.0,140.0,,
504,GOOGL,2024-04-25,buy,False,False,bullish,skipped,False,False,http_429,ok,True,False,,ok,True,False,True,,True,False,False,False,False,False,False,False,True,False,False,analyst_unknown,event_time_historical,yfinance_upgrades_downgrades,strong_buy,1.39683,52,427.88712,430.0,515.0,334.22,,
505,AAPL,2024-05-03,sell,True,True,bearish,skipped,False,False,http_429,ok,True,False,,ok,True,False,True,,True,False,False,False,False,False,False,False,True,False,False,analyst_unknown,event_time_historical,yfinance_upgrades_downgrades,buy,1.95833,43,308.06512,310.0,400.0,215.0,,
506,TSLA,2024-05-03,buy,True,True,bullish,skipped,False,False,http_429,ok,True,False,,ok,True,False,True,,True,False,False,False,False,False,False,False,True,False,False,analyst_unknown,event_time_historical,yfinance_upgrades_downgrades,buy,2.3617,41,412.25366,450.0,600.0,123.0,,
507,MSFT,2025-10-30,buy,False,True,bullish,skipped,False,False,http_429,ok,True,False,,ok,True,False,True,,True,False,False,False,False,False,False,False,True,False,False,analyst_unknown,event_time_historical,yfinance_upgrades_downgrades,strong_buy,1.30909,54,561.5561,562.5,870.0,400.0,,
508,GOOGL,2025-10-30,buy,False,True,bullish,skipped,False,False,http_429,ok,True,False,,ok,True,False,True,,True,False,False,False,False,False,False,False,True,False,False,analyst_unknown,event_time_historical,yfinance_upgrades_downgrades,strong_buy,1.39683,52,427.88712,430.0,515.0,334.22,,
509,META,2025-10-30,buy,False,True,bullish,skipped,False,False,http_429,ok,True,False,,ok,True,False,True,,True,False,False,False,False,False,False,False,True,False,False,analyst_unknown,event_time_historical,yfinance_upgrades_downgrades,strong_buy,1.34921,58,826.69104,825.0,1015.0,614.0,,
510,META,2025-10-30,buy,False,True,bullish,skipped,False,False,http_429,ok,True,False,,ok,True,False,True,,True,False,False,False,False,False,False,False,True,False,False,analyst_unknown,event_time_historical,yfinance_upgrades_downgrades,strong_buy,1.34921,58,826.69104,825.0,1015.0,614.0,,
511,NVDA,2025-10-30,buy,True,True,bullish,skipped,False,False,http_429,ok,True,False,,ok,True,False,True,,True,False,False,False,False,False,False,False,True,False,False,analyst_unknown,event_time_historical,yfinance_upgrades_downgrades,strong_buy,1.29508,57,272.93738,275.0,380.0,140.0,,
512,GOOGL,2021-04-01,sell,False,True,bearish,skipped,False,False,http_429,ok,True,False,,ok,True,False,True,,True,False,False,False,False,False,False,False,True,False,False,analyst_unknown,event_time_historical,yfinance_upgrades_downgrades,strong_buy,1.39683,52,427.88712,430.0,515.0,334.22,,
513,GOOGL,2021-04-01,sell,False,True,bearish,skipped,False,False,http_429,ok,True,False,,ok,True,False,True,,True,False,False,False,False,False,False,False,True,False,False,analyst_unknown,event_time_historical,yfinance_upgrades_downgrades,strong_buy,1.39683,52,427.88712,430.0,515.0,334.22,,
514,AAPL,2021-04-01,buy,True,True,bullish,skipped,False,False,http_429,ok,True,False,,ok,True,False,True,,True,False,False,False,False,False,False,False,True,False,False,analyst_unknown,event_time_historical,yfinance_upgrades_downgrades,buy,1.95833,43,308.06512,310.0,400.0,215.0,,
515,META,2023-10-27,sell,False,True,bearish,skipped,False,False,http_429,ok,True,False,,ok,True,False,True,,True,False,False,False,False,False,False,False,True,False,False,analyst_unknown,event_time_historical,yfinance_upgrades_downgrades,strong_buy,1.34921,58,826.69104,825.0,1015.0,614.0,,
516,AMZN,2023-10-27,buy,True,False,bullish,skipped,False,False,http_429,ok,True,False,,ok,True,False,True,,True,False,False,False,False,False,False,False,True,False,False,analyst_unknown,event_time_historical,yfinance_upgrades_downgrades,strong_buy,1.34848,62,311.55145,317.0,370.0,207.0,,
517,AMZN,2023-10-27,buy,True,False,bullish,skipped,False,False,http_429,ok,True,False,,ok,True,False,True,,True,False,False,False,False,False,False,False,True,False,False,analyst_unknown,event_time_historical,yfinance_upgrades_downgrades,strong_buy,1.34848,62,311.55145,317.0,370.0,207.0,,
518,AAPL,2025-12-19,sell,True,True,bearish,skipped,False,False,http_429,ok,True,False,,ok,True,False,True,,True,False,False,False,False,False,False,False,True,False,False,analyst_unknown,event_time_historical,yfinance_upgrades_downgrades,buy,1.95833,43,308.06512,310.0,400.0,215.0,,
519,AAPL,2025-12-19,sell,True,True,bearish,skipped,False,False,http_429,ok,True,False,,ok,True,False,True,,True,False,False,False,False,False,False,False,True,False,False,analyst_unknown,event_time_historical,yfinance_upgrades_downgrades,buy,1.95833,43,308.06512,310.0,400.0,215.0,,
520,NVDA,2025-11-04,sell,True,False,bearish,skipped,False,False,http_429,ok,True,False,,ok,True,False,True,,True,False,False,False,False,False,False,False,True,False,False,analyst_unknown,event_time_historical,yfinance_upgrades_downgrades,strong_buy,1.29508,57,272.93738,275.0,380.0,140.0,,
521,NVDA,2025-11-04,buy,True,True,bullish,skipped,False,False,http_429,ok,True,False,,ok,True,False,True,,True,False,False,False,False,False,False,False,True,False,False,analyst_unknown,event_time_historical,yfinance_upgrades_downgrades,strong_buy,1.29508,57,272.93738,275.0,380.0,140.0,,
522,META,2025-11-04,sell,False,False,bearish,skipped,False,False,http_429,ok,True,False,,ok,True,False,True,,True,False,False,False,False,False,False,False,True,False,False,analyst_unknown,event_time_historical,yfinance_upgrades_downgrades,strong_buy,1.34921,58,826.69104,825.0,1015.0,614.0,,
523,GOOGL,2025-11-04,sell,False,False,bearish,skipped,False,False,http_429,ok,True,False,,ok,True,False,True,,True,False,False,False,False,False,False,False,True,False,False,analyst_unknown,event_time_historical,yfinance_upgrades_downgrades,strong_buy,1.39683,52,427.88712,430.0,515.0,334.22,,
524,AMD,2025-09-29,buy,True,True,bullish,skipped,False,False,http_429,ok,True,False,,ok,True,False,True,,True,False,False,False,False,False,False,False,True,False,False,analyst_unknown,event_time_historical,yfinance_upgrades_downgrades,buy,1.5098,48,457.83334,474.0,625.0,225.0,,
525,AAPL,2024-03-14,buy,True,True,bullish,skipped,False,False,http_429,ok,True,False,,ok,True,False,True,,True,False,False,False,False,False,False,False,True,False,False,analyst_unknown,event_time_historical,yfinance_upgrades_downgrades,buy,1.95833,43,308.06512,310.0,400.0,215.0,,
526,NVDA,2024-03-14,buy,True,True,bullish,skipped,False,False,http_429,ok,True,False,,ok,True,False,True,,True,False,False,False,False,False,False,False,True,False,False,analyst_unknown,event_time_historical,yfinance_upgrades_downgrades,strong_buy,1.29508,57,272.93738,275.0,380.0,140.0,,
527,AAPL,2023-11-02,buy,True,True,bullish,skipped,False,False,http_429,ok,True,False,,ok,True,False,True,,True,False,False,False,False,False,False,False,True,False,False,analyst_unknown,event_time_historical,yfinance_upgrades_downgrades,buy,1.95833,43,308.06512,310.0,400.0,215.0,,
528,AAPL,2023-11-02,buy,True,True,bullish,skipped,False,False,http_429,ok,True,False,,ok,True,False,True,,True,False,False,False,False,False,False,False,True,False,False,analyst_unknown,event_time_historical,yfinance_upgrades_downgrades,buy,1.95833,43,308.06512,310.0,400.0,215.0,,
529,AAPL,2023-11-02,buy,True,True,bullish,skipped,False,False,http_429,ok,True,False,,ok,True,False,True,,True,False,False,False,False,False,False,False,True,False,False,analyst_unknown,event_time_historical,yfinance_upgrades_downgrades,buy,1.95833,43,308.06512,310.0,400.0,215.0,,
530,DIS,2023-11-02,buy,False,True,bullish,skipped,False,False,http_429,ok,True,False,,ok,True,False,True,,True,False,False,False,False,False,False,False,True,False,False,analyst_unknown,event_time_historical,yfinance_upgrades_downgrades,strong_buy,1.46667,29,130.66553,132.0,164.0,77.0,,
531,MSFT,2026-04-13,buy,False,True,bullish,skipped,False,False,http_429,ok,True,False,,ok,True,False,False,,True,True,False,False,False,True,False,True,False,True,False,analyst_bullish_aligned,event_time_historical,finnhub_recommendation,strong_buy,1.30909,54,561.5561,562.5,870.0,400.0,,2026-04-01
533,AAPL,2026-01-02,sell,True,True,bearish,skipped,False,False,http_429,ok,True,False,,ok,True,False,True,,True,False,False,False,False,False,False,False,True,False,False,analyst_unknown,event_time_historical,yfinance_upgrades_downgrades,buy,1.95833,43,308.06512,310.0,400.0,215.0,,
534,AMZN,2024-01-26,buy,True,True,bullish,skipped,False,False,http_429,ok,True,False,,ok,True,False,True,,True,False,False,False,False,False,False,False,True,False,False,analyst_unknown,event_time_historical,yfinance_upgrades_downgrades,strong_buy,1.34848,62,311.55145,317.0,370.0,207.0,,
535,NVDA,2024-01-26,buy,True,False,bullish,skipped,False,False,http_429,ok,True,False,,ok,True,False,True,,True,False,False,False,False,False,False,False,True,False,False,analyst_unknown,event_time_historical,yfinance_upgrades_downgrades,strong_buy,1.29508,57,272.93738,275.0,380.0,140.0,,
536,NVDA,2024-01-26,buy,True,False,bullish,skipped,False,False,http_429,ok,True,False,,ok,True,False,True,,True,False,False,False,False,False,False,False,True,False,False,analyst_unknown,event_time_historical,yfinance_upgrades_downgrades,strong_buy,1.29508,57,272.93738,275.0,380.0,140.0,,
537,MSFT,2024-01-26,buy,False,True,bullish,skipped,False,False,http_429,ok,True,False,,ok,True,False,True,,True,False,False,False,False,False,False,False,True,False,False,analyst_unknown,event_time_historical,yfinance_upgrades_downgrades,strong_buy,1.30909,54,561.5561,562.5,870.0,400.0,,
538,AMZN,2026-04-09,buy,True,False,bullish,skipped,False,False,http_429,ok,True,False,,ok,True,False,False,,True,True,False,False,False,True,False,True,False,True,False,analyst_bullish_aligned,event_time_historical,finnhub_recommendation,strong_buy,1.34848,62,311.55145,317.0,370.0,207.0,,2026-04-01
539,AMD,2025-09-18,buy,True,True,bullish,skipped,False,False,http_429,ok,True,False,,ok,True,False,True,,True,False,False,False,False,False,False,False,True,False,False,analyst_unknown,event_time_historical,yfinance_upgrades_downgrades,buy,1.5098,48,457.83334,474.0,625.0,225.0,,
540,AMZN,2020-07-13,buy,True,True,bullish,skipped,False,False,http_429,ok,True,False,,ok,True,False,True,,True,False,False,False,False,False,False,False,True,False,False,analyst_unknown,event_time_historical,yfinance_upgrades_downgrades,strong_buy,1.34848,62,311.55145,317.0,370.0,207.0,,
541,AMZN,2020-07-13,buy,True,True,bullish,skipped,False,False,http_429,ok,True,False,,ok,True,False,True,,True,False,False,False,False,False,False,False,True,False,False,analyst_unknown,event_time_historical,yfinance_upgrades_downgrades,strong_buy,1.34848,62,311.55145,317.0,370.0,207.0,,
542,AMZN,2025-09-29,buy,True,True,bullish,skipped,False,False,http_429,ok,True,False,,ok,True,False,True,,True,False,False,False,False,False,False,False,True,False,False,analyst_unknown,event_time_historical,yfinance_upgrades_downgrades,strong_buy,1.34848,62,311.55145,317.0,370.0,207.0,,
543,NVDA,2026-04-16,sell,True,True,bearish,skipped,False,False,http_429,ok,True,False,,ok,True,False,False,,True,False,False,False,True,True,True,True,False,True,False,finfluencer_contrarian_to_analyst,event_time_historical,finnhub_recommendation,strong_buy,1.29508,57,272.93738,275.0,380.0,140.0,,2026-04-01
544,GOOGL,2023-12-07,buy,False,True,bullish,skipped,False,False,http_429,ok,True,False,,ok,True,False,True,,True,False,False,False,False,False,False,False,True,False,False,analyst_unknown,event_time_historical,yfinance_upgrades_downgrades,strong_buy,1.39683,52,427.88712,430.0,515.0,334.22,,
545,NVDA,2025-10-03,buy,True,True,bullish,skipped,False,False,http_429,ok,True,False,,ok,True,False,True,,True,False,False,False,False,False,False,False,True,False,False,analyst_unknown,event_time_historical,yfinance_upgrades_downgrades,strong_buy,1.29508,57,272.93738,275.0,380.0,140.0,,
546,AMZN,2023-12-01,buy,True,True,bullish,skipped,False,False,http_429,ok,True,False,,ok,True,False,True,,True,False,False,False,False,False,False,False,True,False,False,analyst_unknown,event_time_historical,yfinance_upgrades_downgrades,strong_buy,1.34848,62,311.55145,317.0,370.0,207.0,,
547,AAPL,2025-02-20,sell,True,True,bearish,skipped,False,False,http_429,ok,True,False,,ok,True,False,True,,True,False,False,False,False,False,False,False,True,False,False,analyst_unknown,event_time_historical,yfinance_upgrades_downgrades,buy,1.95833,43,308.06512,310.0,400.0,215.0,,
548,TSLA,2025-11-19,buy,True,True,bullish,skipped,False,False,http_429,ok,True,False,,ok,True,False,True,,True,False,False,False,False,False,False,False,True,False,False,analyst_unknown,event_time_historical,yfinance_upgrades_downgrades,buy,2.3617,41,412.25366,450.0,600.0,123.0,,
549,META,2026-04-13,buy,False,True,bullish,skipped,False,False,http_429,ok,True,False,,ok,True,False,False,,True,True,False,False,False,True,False,True,False,True,False,analyst_bullish_aligned,event_time_historical,finnhub_recommendation,strong_buy,1.34921,58,826.69104,825.0,1015.0,614.0,,2026-04-01
550,NVDA,2025-11-24,buy,True,True,bullish,skipped,False,False,http_429,ok,True,False,,ok,True,False,True,,True,False,False,False,False,False,False,False,True,False,False,analyst_unknown,event_time_historical,yfinance_upgrades_downgrades,strong_buy,1.29508,57,272.93738,275.0,380.0,140.0,,
551,NVDA,2025-11-24,buy,True,True,bullish,skipped,False,False,http_429,ok,True,False,,ok,True,False,True,,True,False,False,False,False,False,False,False,True,False,False,analyst_unknown,event_time_historical,yfinance_upgrades_downgrades,strong_buy,1.29508,57,272.93738,275.0,380.0,140.0,,
552,MSFT,2025-11-24,buy,False,True,bullish,skipped,False,False,http_429,ok,True,False,,ok,True,False,True,,True,False,False,False,False,False,False,False,True,False,False,analyst_unknown,event_time_historical,yfinance_upgrades_downgrades,strong_buy,1.30909,54,561.5561,562.5,870.0,400.0,,
553,PYPL,2025-09-17,buy,False,True,bullish,skipped,False,False,http_429,ok,True,False,,ok,True,False,True,,True,False,False,False,False,False,False,False,True,False,False,analyst_unknown,event_time_historical,yfinance_upgrades_downgrades,hold,2.88636,34,52.52618,48.0,147.39,32.0,,
554,META,2025-09-17,buy,False,True,bullish,skipped,False,False,http_429,ok,True,False,,ok,True,False,True,,True,False,False,False,False,False,False,False,True,False,False,analyst_unknown,event_time_historical,yfinance_upgrades_downgrades,strong_buy,1.34921,58,826.69104,825.0,1015.0,614.0,,
555,AMZN,2021-04-08,sell,True,True,bearish,skipped,False,False,http_429,ok,True,False,,ok,True,False,True,,True,False,False,False,False,False,False,False,True,False,False,analyst_unknown,event_time_historical,yfinance_upgrades_downgrades,strong_buy,1.34848,62,311.55145,317.0,370.0,207.0,,
556,GOOGL,2021-04-08,sell,False,True,bearish,skipped,False,False,http_429,ok,True,False,,ok,True,False,True,,True,False,False,False,False,False,False,False,True,False,False,analyst_unknown,event_time_historical,yfinance_upgrades_downgrades,strong_buy,1.39683,52,427.88712,430.0,515.0,334.22,,
557,AAPL,2021-04-08,sell,True,True,bearish,skipped,False,False,http_429,ok,True,False,,ok,True,False,True,,True,False,False,False,False,False,False,False,True,False,False,analyst_unknown,event_time_historical,yfinance_upgrades_downgrades,buy,1.95833,43,308.06512,310.0,400.0,215.0,,
558,TSLA,2024-07-05,sell,True,True,bearish,skipped,False,False,http_429,ok,True,False,,ok,True,False,True,,True,False,False,False,False,False,False,False,True,False,False,analyst_unknown,event_time_historical,yfinance_upgrades_downgrades,buy,2.3617,41,412.25366,450.0,600.0,123.0,,
559,NVDA,2024-07-05,buy,True,True,bullish,skipped,False,False,http_429,ok,True,False,,ok,True,False,True,,True,False,False,False,False,False,False,False,True,False,False,analyst_unknown,event_time_historical,yfinance_upgrades_downgrades,strong_buy,1.29508,57,272.93738,275.0,380.0,140.0,,
560,AMZN,2024-07-05,buy,True,True,bullish,skipped,False,False,http_429,ok,True,False,,ok,True,False,True,,True,False,False,False,False,False,False,False,True,False,False,analyst_unknown,event_time_historical,yfinance_upgrades_downgrades,strong_buy,1.34848,62,311.55145,317.0,370.0,207.0,,
561,AAPL,2024-07-05,buy,True,True,bullish,skipped,False,False,http_429,ok,True,False,,ok,True,False,True,,True,False,False,False,False,False,False,False,True,False,False,analyst_unknown,event_time_historical,yfinance_upgrades_downgrades,buy,1.95833,43,308.06512,310.0,400.0,215.0,,
562,HOOD,2026-03-25,buy,False,True,bullish,skipped,False,False,http_429,ok,True,False,,ok,True,False,False,,True,True,False,False,False,True,True,True,False,True,False,analyst_bullish_aligned,event_time_historical,finnhub_recommendation,buy,1.92593,24,98.43792,97.5,155.0,52.0,,2026-03-01
563,HOOD,2026-03-25,buy,False,True,bullish,skipped,False,False,http_429,ok,True,False,,ok,True,False,False,,True,True,False,False,False,True,True,True,False,True,False,analyst_bullish_aligned,event_time_historical,finnhub_recommendation,buy,1.92593,24,98.43792,97.5,155.0,52.0,,2026-03-01
564,HOOD,2026-03-25,sell,False,True,bearish,skipped,False,False,http_429,ok,True,False,,ok,True,False,False,,True,False,False,False,True,True,True,True,False,True,False,finfluencer_contrarian_to_analyst,event_time_historical,finnhub_recommendation,buy,1.92593,24,98.43792,97.5,155.0,52.0,,2026-03-01
565,GOOGL,2024-01-30,buy,False,True,bullish,skipped,False,False,http_429,ok,True,False,,ok,True,False,True,,True,False,False,False,False,False,False,False,True,False,False,analyst_unknown,event_time_historical,yfinance_upgrades_downgrades,strong_buy,1.39683,52,427.88712,430.0,515.0,334.22,,
566,GOOGL,2024-01-30,buy,False,True,bullish,skipped,False,False,http_429,ok,True,False,,ok,True,False,True,,True,False,False,False,False,False,False,False,True,False,False,analyst_unknown,event_time_historical,yfinance_upgrades_downgrades,strong_buy,1.39683,52,427.88712,430.0,515.0,334.22,,
567,TSLA,2026-04-07,sell,True,False,bearish,skipped,False,False,http_429,ok,True,False,,ok,True,False,False,,True,False,False,False,True,True,True,True,False,True,False,finfluencer_contrarian_to_analyst,event_time_historical,finnhub_recommendation,buy,2.3617,41,412.25366,450.0,600.0,123.0,,2026-04-01
568,AMZN,2021-07-19,buy,True,True,bullish,skipped,False,False,http_429,ok,True,False,,ok,True,False,True,,True,False,False,False,False,False,False,False,True,False,False,analyst_unknown,event_time_historical,yfinance_upgrades_downgrades,strong_buy,1.34848,62,311.55145,317.0,370.0,207.0,,
569,PYPL,2025-10-15,buy,False,True,bullish,skipped,False,False,http_429,ok,True,False,,ok,True,False,True,,True,False,False,False,False,False,False,False,True,False,False,analyst_unknown,event_time_historical,yfinance_upgrades_downgrades,hold,2.88636,34,52.52618,48.0,147.39,32.0,,
570,GOOGL,2025-10-15,buy,False,True,bullish,skipped,False,False,http_429,ok,True,False,,ok,True,False,True,,True,False,False,False,False,False,False,False,True,False,False,analyst_unknown,event_time_historical,yfinance_upgrades_downgrades,strong_buy,1.39683,52,427.88712,430.0,515.0,334.22,,
571,SOFI,2025-10-15,buy,False,True,bullish,skipped,False,False,http_429,ok,True,False,,ok,True,False,True,,True,False,False,False,False,False,False,False,True,False,False,analyst_unknown,event_time_historical,yfinance_upgrades_downgrades,hold,2.70833,20,21.1,18.5,31.0,12.0,,
572,NVDA,2024-02-22,buy,True,True,bullish,skipped,False,False,http_429,ok,True,False,,ok,True,False,True,,True,False,False,False,False,False,False,False,True,False,False,analyst_unknown,event_time_historical,yfinance_upgrades_downgrades,strong_buy,1.29508,57,272.93738,275.0,380.0,140.0,,
573,PYPL,2025-10-29,buy,False,True,bullish,skipped,False,False,http_429,ok,True,False,,ok,True,False,True,,True,False,False,False,False,False,False,False,True,False,False,analyst_unknown,event_time_historical,yfinance_upgrades_downgrades,hold,2.88636,34,52.52618,48.0,147.39,32.0,,
574,PYPL,2025-10-29,buy,False,True,bullish,skipped,False,False,http_429,ok,True,False,,ok,True,False,True,,True,False,False,False,False,False,False,False,True,False,False,analyst_unknown,event_time_historical,yfinance_upgrades_downgrades,hold,2.88636,34,52.52618,48.0,147.39,32.0,,
575,PYPL,2025-10-29,buy,False,True,bullish,skipped,False,False,http_429,ok,True,False,,ok,True,False,True,,True,False,False,False,False,False,False,False,True,False,False,analyst_unknown,event_time_historical,yfinance_upgrades_downgrades,hold,2.88636,34,52.52618,48.0,147.39,32.0,,
576,PYPL,2025-10-29,buy,False,True,bullish,skipped,False,False,http_429,ok,True,False,,ok,True,False,True,,True,False,False,False,False,False,False,False,True,False,False,analyst_unknown,event_time_historical,yfinance_upgrades_downgrades,hold,2.88636,34,52.52618,48.0,147.39,32.0,,
577,NVDA,2025-10-29,buy,True,True,bullish,skipped,False,False,http_429,ok,True,False,,ok,True,False,True,,True,False,False,False,False,False,False,False,True,False,False,analyst_unknown,event_time_historical,yfinance_upgrades_downgrades,strong_buy,1.29508,57,272.93738,275.0,380.0,140.0,,
578,MSFT,2023-05-31,buy,False,True,bullish,skipped,False,False,http_429,ok,True,False,,ok,True,False,True,,True,False,False,False,False,False,False,False,True,False,False,analyst_unknown,event_time_historical,yfinance_upgrades_downgrades,strong_buy,1.30909,54,561.5561,562.5,870.0,400.0,,
579,GOOGL,2023-05-31,buy,False,True,bullish,skipped,False,False,http_429,ok,True,False,,ok,True,False,True,,True,False,False,False,False,False,False,False,True,False,False,analyst_unknown,event_time_historical,yfinance_upgrades_downgrades,strong_buy,1.39683,52,427.88712,430.0,515.0,334.22,,
580,PLTR,2026-03-31,buy,False,True,bullish,skipped,False,False,http_429,ok,True,False,,ok,True,False,False,,True,True,False,False,False,True,True,True,False,True,False,analyst_bullish_aligned,event_time_historical,finnhub_recommendation,buy,1.90323,27,183.7289,200.0,255.0,70.0,,2026-03-01
581,AMD,2025-10-13,buy,True,True,bullish,skipped,False,False,http_429,ok,True,False,,ok,True,False,True,,True,False,False,False,False,False,False,False,True,False,False,analyst_unknown,event_time_historical,yfinance_upgrades_downgrades,buy,1.5098,48,457.83334,474.0,625.0,225.0,,
582,AMC,2024-04-01,sell,False,True,bearish,skipped,False,False,http_429,ok,True,False,,ok,True,False,True,,True,False,False,False,False,False,False,False,True,False,False,analyst_unknown,event_time_historical,yfinance_upgrades_downgrades,hold,2.71429,6,2.03333,2.0,3.0,1.2,,
583,TSLA,2025-09-30,buy,True,True,bullish,skipped,False,False,http_429,ok,True,False,,ok,True,False,True,,True,False,False,False,False,False,False,False,True,False,False,analyst_unknown,event_time_historical,yfinance_upgrades_downgrades,buy,2.3617,41,412.25366,450.0,600.0,123.0,,
584,NVDA,2025-09-15,buy,True,True,bullish,skipped,False,False,http_429,ok,True,False,,ok,True,False,True,,True,False,False,False,False,False,False,False,True,False,False,analyst_unknown,event_time_historical,yfinance_upgrades_downgrades,strong_buy,1.29508,57,272.93738,275.0,380.0,140.0,,
585,MSFT,2023-10-25,buy,False,True,bullish,skipped,False,False,http_429,ok,True,False,,ok,True,False,True,,True,False,False,False,False,False,False,False,True,False,False,analyst_unknown,event_time_historical,yfinance_upgrades_downgrades,strong_buy,1.30909,54,561.5561,562.5,870.0,400.0,,
586,MSFT,2023-10-25,buy,False,True,bullish,skipped,False,False,http_429,ok,True,False,,ok,True,False,True,,True,False,False,False,False,False,False,False,True,False,False,analyst_unknown,event_time_historical,yfinance_upgrades_downgrades,strong_buy,1.30909,54,561.5561,562.5,870.0,400.0,,
587,NVDA,2025-01-27,buy,True,True,bullish,skipped,False,False,http_429,ok,True,False,,ok,True,False,True,,True,False,False,False,False,False,False,False,True,False,False,analyst_unknown,event_time_historical,yfinance_upgrades_downgrades,strong_buy,1.29508,57,272.93738,275.0,380.0,140.0,,
588,TSLA,2024-04-26,buy,True,True,bullish,skipped,False,False,http_429,ok,True,False,,ok,True,False,True,,True,False,False,False,False,False,False,False,True,False,False,analyst_unknown,event_time_historical,yfinance_upgrades_downgrades,buy,2.3617,41,412.25366,450.0,600.0,123.0,,
589,AAPL,2024-04-26,buy,True,True,bullish,skipped,False,False,http_429,ok,True,False,,ok,True,False,True,,True,False,False,False,False,False,False,False,True,False,False,analyst_unknown,event_time_historical,yfinance_upgrades_downgrades,buy,1.95833,43,308.06512,310.0,400.0,215.0,,
590,AMZN,2024-04-26,buy,True,True,bullish,skipped,False,False,http_429,ok,True,False,,ok,True,False,True,,True,False,False,False,False,False,False,False,True,False,False,analyst_unknown,event_time_historical,yfinance_upgrades_downgrades,strong_buy,1.34848,62,311.55145,317.0,370.0,207.0,,
591,NFLX,2024-04-26,buy,False,True,bullish,skipped,False,False,http_429,ok,True,False,,ok,True,False,True,,True,False,False,False,False,False,False,False,True,False,False,analyst_unknown,event_time_historical,yfinance_upgrades_downgrades,buy,1.68,44,114.555,115.0,151.4,80.0,,
592,NVDA,2024-04-26,sell,True,True,bearish,skipped,False,False,http_429,ok,True,False,,ok,True,False,True,,True,False,False,False,False,False,False,False,True,False,False,analyst_unknown,event_time_historical,yfinance_upgrades_downgrades,strong_buy,1.29508,57,272.93738,275.0,380.0,140.0,,
593,TSLA,2026-04-16,sell,True,False,bearish,skipped,False,False,http_429,ok,True,False,,ok,True,False,False,,True,False,False,False,True,True,True,True,False,True,False,finfluencer_contrarian_to_analyst,event_time_historical,finnhub_recommendation,buy,2.3617,41,412.25366,450.0,600.0,123.0,,2026-04-01
594,NVDA,2025-11-13,sell,True,False,bearish,skipped,False,False,http_429,ok,True,False,,ok,True,False,True,,True,False,False,False,False,False,False,False,True,False,False,analyst_unknown,event_time_historical,yfinance_upgrades_downgrades,strong_buy,1.29508,57,272.93738,275.0,380.0,140.0,,
595,ROKU,2026-04-08,buy,False,False,bullish,skipped,False,False,http_429,ok,True,False,,ok,True,False,False,,True,True,False,False,False,True,False,True,False,True,False,analyst_bullish_aligned,event_time_historical,finnhub_recommendation,strong_buy,1.48276,27,144.74074,150.0,170.0,95.0,,2026-04-01
596,MSFT,2025-10-07,buy,False,True,bullish,skipped,False,False,http_429,ok,True,False,,ok,True,False,True,,True,False,False,False,False,False,False,False,True,False,False,analyst_unknown,event_time_historical,yfinance_upgrades_downgrades,strong_buy,1.30909,54,561.5561,562.5,870.0,400.0,,
597,PYPL,2025-10-07,buy,False,True,bullish,skipped,False,False,http_429,ok,True,False,,ok,True,False,True,,True,False,False,False,False,False,False,False,True,False,False,analyst_unknown,event_time_historical,yfinance_upgrades_downgrades,hold,2.88636,34,52.52618,48.0,147.39,32.0,,
598,NFLX,2025-10-07,buy,False,True,bullish,skipped,False,False,http_429,ok,True,False,,ok,True,False,True,,True,False,False,False,False,False,False,False,True,False,False,analyst_unknown,event_time_historical,yfinance_upgrades_downgrades,buy,1.68,44,114.555,115.0,151.4,80.0,,
599,AMD,2025-10-07,buy,True,True,bullish,skipped,False,False,http_429,ok,True,False,,ok,True,False,True,,True,False,False,False,False,False,False,False,True,False,False,analyst_unknown,event_time_historical,yfinance_upgrades_downgrades,buy,1.5098,48,457.83334,474.0,625.0,225.0,,
600,AMD,2025-10-07,buy,True,True,bullish,skipped,False,False,http_429,ok,True,False,,ok,True,False,True,,True,False,False,False,False,False,False,False,True,False,False,analyst_unknown,event_time_historical,yfinance_upgrades_downgrades,buy,1.5098,48,457.83334,474.0,625.0,225.0,,
601,AMZN,2025-10-07,buy,True,True,bullish,skipped,False,False,http_429,ok,True,False,,ok,True,False,True,,True,False,False,False,False,False,False,False,True,False,False,analyst_unknown,event_time_historical,yfinance_upgrades_downgrades,strong_buy,1.34848,62,311.55145,317.0,370.0,207.0,,
602,AAPL,2024-03-15,buy,True,False,bullish,skipped,False,False,http_429,ok,True,False,,ok,True,False,True,,True,False,False,False,False,False,False,False,True,False,False,analyst_unknown,event_time_historical,yfinance_upgrades_downgrades,buy,1.95833,43,308.06512,310.0,400.0,215.0,,
603,AMZN,2025-03-26,buy,True,True,bullish,skipped,False,False,http_429,ok,True,False,,ok,True,False,True,,True,False,False,False,False,False,False,False,True,False,False,analyst_unknown,event_time_historical,yfinance_upgrades_downgrades,strong_buy,1.34848,62,311.55145,317.0,370.0,207.0,,
604,PYPL,2023-11-01,buy,False,True,bullish,skipped,False,False,http_429,ok,True,False,,ok,True,False,True,,True,False,False,False,False,False,False,False,True,False,False,analyst_unknown,event_time_historical,yfinance_upgrades_downgrades,hold,2.88636,34,52.52618,48.0,147.39,32.0,,
605,PYPL,2023-11-01,buy,False,True,bullish,skipped,False,False,http_429,ok,True,False,,ok,True,False,True,,True,False,False,False,False,False,False,False,True,False,False,analyst_unknown,event_time_historical,yfinance_upgrades_downgrades,hold,2.88636,34,52.52618,48.0,147.39,32.0,,
606,GOOGL,2025-10-07,buy,False,True,bullish,skipped,False,False,http_429,ok,True,False,,ok,True,False,True,,True,False,False,False,False,False,False,False,True,False,False,analyst_unknown,event_time_historical,yfinance_upgrades_downgrades,strong_buy,1.39683,52,427.88712,430.0,515.0,334.22,,
607,META,2025-10-07,buy,False,True,bullish,skipped,False,False,http_429,ok,True,False,,ok,True,False,True,,True,False,False,False,False,False,False,False,True,False,False,analyst_unknown,event_time_historical,yfinance_upgrades_downgrades,strong_buy,1.34921,58,826.69104,825.0,1015.0,614.0,,
608,AMD,2024-08-01,buy,True,True,bullish,skipped,False,False,http_429,ok,True,False,,ok,True,False,True,,True,False,False,False,False,False,False,False,True,False,False,analyst_unknown,event_time_historical,yfinance_upgrades_downgrades,buy,1.5098,48,457.83334,474.0,625.0,225.0,,
609,NVDA,2024-08-01,buy,True,False,bullish,skipped,False,False,http_429,ok,True,False,,ok,True,False,True,,True,False,False,False,False,False,False,False,True,False,False,analyst_unknown,event_time_historical,yfinance_upgrades_downgrades,strong_buy,1.29508,57,272.93738,275.0,380.0,140.0,,
610,AMZN,2024-07-10,buy,True,True,bullish,skipped,False,False,http_429,ok,True,False,,ok,True,False,True,,True,False,False,False,False,False,False,False,True,False,False,analyst_unknown,event_time_historical,yfinance_upgrades_downgrades,strong_buy,1.34848,62,311.55145,317.0,370.0,207.0,,
611,GOOGL,2024-07-10,buy,False,True,bullish,skipped,False,False,http_429,ok,True,False,,ok,True,False,True,,True,False,False,False,False,False,False,False,True,False,False,analyst_unknown,event_time_historical,yfinance_upgrades_downgrades,strong_buy,1.39683,52,427.88712,430.0,515.0,334.22,,
612,GOOGL,2026-04-16,buy,False,True,bullish,skipped,False,False,http_429,ok,True,False,,ok,True,False,False,,True,True,False,False,False,True,False,True,False,True,False,analyst_bullish_aligned,event_time_historical,finnhub_recommendation,strong_buy,1.39683,52,427.88712,430.0,515.0,334.22,,2026-04-01
613,AMZN,2024-02-02,sell,True,True,bearish,skipped,False,False,http_429,ok,True,False,,ok,True,False,True,,True,False,False,False,False,False,False,False,True,False,False,analyst_unknown,event_time_historical,yfinance_upgrades_downgrades,strong_buy,1.34848,62,311.55145,317.0,370.0,207.0,,
614,AMD,2025-09-22,buy,True,True,bullish,skipped,False,False,http_429,ok,True,False,,ok,True,False,True,,True,False,False,False,False,False,False,False,True,False,False,analyst_unknown,event_time_historical,yfinance_upgrades_downgrades,buy,1.5098,48,457.83334,474.0,625.0,225.0,,
615,NVDA,2025-09-22,sell,True,True,bearish,skipped,False,False,http_429,ok,True,False,,ok,True,False,True,,True,False,False,False,False,False,False,False,True,False,False,analyst_unknown,event_time_historical,yfinance_upgrades_downgrades,strong_buy,1.29508,57,272.93738,275.0,380.0,140.0,,
616,SOFI,2026-04-13,buy,False,True,bullish,skipped,False,False,http_429,ok,True,False,,ok,True,False,False,,True,True,False,False,False,True,True,True,False,True,False,analyst_bullish_aligned,event_time_historical,finnhub_recommendation,hold,2.70833,20,21.1,18.5,31.0,12.0,,2026-04-01
617,TSLA,2024-01-19,buy,True,True,bullish,skipped,False,False,http_429,ok,True,False,,ok,True,False,True,,True,False,False,False,False,False,False,False,True,False,False,analyst_unknown,event_time_historical,yfinance_upgrades_downgrades,buy,2.3617,41,412.25366,450.0,600.0,123.0,,
618,PYPL,2024-01-19,buy,False,True,bullish,skipped,False,False,http_429,ok,True,False,,ok,True,False,True,,True,False,False,False,False,False,False,False,True,False,False,analyst_unknown,event_time_historical,yfinance_upgrades_downgrades,hold,2.88636,34,52.52618,48.0,147.39,32.0,,
619,TSLA,2024-02-22,sell,True,True,bearish,skipped,False,False,http_429,ok,True,False,,ok,True,False,True,,True,False,False,False,False,False,False,False,True,False,False,analyst_unknown,event_time_historical,yfinance_upgrades_downgrades,buy,2.3617,41,412.25366,450.0,600.0,123.0,,
620,AMD,2025-10-28,sell,True,True,bearish,skipped,False,False,http_429,ok,True,False,,ok,True,False,True,,True,False,False,False,False,False,False,False,True,False,False,analyst_unknown,event_time_historical,yfinance_upgrades_downgrades,buy,1.5098,48,457.83334,474.0,625.0,225.0,,
621,GOOGL,2023-11-27,buy,False,True,bullish,skipped,False,False,http_429,ok,True,False,,ok,True,False,True,,True,False,False,False,False,False,False,False,True,False,False,analyst_unknown,event_time_historical,yfinance_upgrades_downgrades,strong_buy,1.39683,52,427.88712,430.0,515.0,334.22,,
622,NVDA,2024-02-02,buy,True,True,bullish,skipped,False,False,http_429,ok,True,False,,ok,True,False,True,,True,False,False,False,False,False,False,False,True,False,False,analyst_unknown,event_time_historical,yfinance_upgrades_downgrades,strong_buy,1.29508,57,272.93738,275.0,380.0,140.0,,
623,AAPL,2024-02-02,buy,True,True,bullish,skipped,False,False,http_429,ok,True,False,,ok,True,False,True,,True,False,False,False,False,False,False,False,True,False,False,analyst_unknown,event_time_historical,yfinance_upgrades_downgrades,buy,1.95833,43,308.06512,310.0,400.0,215.0,,
624,AMZN,2024-02-02,buy,True,True,bullish,skipped,False,False,http_429,ok,True,False,,ok,True,False,True,,True,False,False,False,False,False,False,False,True,False,False,analyst_unknown,event_time_historical,yfinance_upgrades_downgrades,strong_buy,1.34848,62,311.55145,317.0,370.0,207.0,,
625,AMD,2025-09-25,buy,True,True,bullish,skipped,False,False,http_429,ok,True,False,,ok,True,False,True,,True,False,False,False,False,False,False,False,True,False,False,analyst_unknown,event_time_historical,yfinance_upgrades_downgrades,buy,1.5098,48,457.83334,474.0,625.0,225.0,,
626,PYPL,2025-10-01,buy,False,True,bullish,skipped,False,False,http_429,ok,True,False,,ok,True,False,True,,True,False,False,False,False,False,False,False,True,False,False,analyst_unknown,event_time_historical,yfinance_upgrades_downgrades,hold,2.88636,34,52.52618,48.0,147.39,32.0,,
627,TSLA,2025-09-15,buy,True,True,bullish,skipped,False,False,http_429,ok,True,False,,ok,True,False,True,,True,False,False,False,False,False,False,False,True,False,False,analyst_unknown,event_time_historical,yfinance_upgrades_downgrades,buy,2.3617,41,412.25366,450.0,600.0,123.0,,
628,TSLA,2025-09-15,buy,True,True,bullish,skipped,False,False,http_429,ok,True,False,,ok,True,False,True,,True,False,False,False,False,False,False,False,True,False,False,analyst_unknown,event_time_historical,yfinance_upgrades_downgrades,buy,2.3617,41,412.25366,450.0,600.0,123.0,,
629,NVDA,2025-09-15,buy,True,True,bullish,skipped,False,False,http_429,ok,True,False,,ok,True,False,True,,True,False,False,False,False,False,False,False,True,False,False,analyst_unknown,event_time_historical,yfinance_upgrades_downgrades,strong_buy,1.29508,57,272.93738,275.0,380.0,140.0,,
630,NVDA,2025-09-15,sell,True,True,bearish,skipped,False,False,http_429,ok,True,False,,ok,True,False,True,,True,False,False,False,False,False,False,False,True,False,False,analyst_unknown,event_time_historical,yfinance_upgrades_downgrades,strong_buy,1.29508,57,272.93738,275.0,380.0,140.0,,
631,NVDA,2025-11-03,sell,True,True,bearish,skipped,False,False,http_429,ok,True,False,,ok,True,False,True,,True,False,False,False,False,False,False,False,True,False,False,analyst_unknown,event_time_historical,yfinance_upgrades_downgrades,strong_buy,1.29508,57,272.93738,275.0,380.0,140.0,,
632,GOOGL,2023-10-27,sell,False,True,bearish,skipped,False,False,http_429,ok,True,False,,ok,True,False,True,,True,False,False,False,False,False,False,False,True,False,False,analyst_unknown,event_time_historical,yfinance_upgrades_downgrades,strong_buy,1.39683,52,427.88712,430.0,515.0,334.22,,
633,AAPL,2023-10-27,buy,True,True,bullish,skipped,False,False,http_429,ok,True,False,,ok,True,False,True,,True,False,False,False,False,False,False,False,True,False,False,analyst_unknown,event_time_historical,yfinance_upgrades_downgrades,buy,1.95833,43,308.06512,310.0,400.0,215.0,,
634,DIS,2023-10-27,buy,False,True,bullish,skipped,False,False,http_429,ok,True,False,,ok,True,False,True,,True,False,False,False,False,False,False,False,True,False,False,analyst_unknown,event_time_historical,yfinance_upgrades_downgrades,strong_buy,1.46667,29,130.66553,132.0,164.0,77.0,,
635,GOOGL,2022-08-23,buy,False,True,bullish,skipped,False,False,http_429,ok,True,False,,ok,True,False,True,,True,False,False,False,False,False,False,False,True,False,False,analyst_unknown,event_time_historical,yfinance_upgrades_downgrades,strong_buy,1.39683,52,427.88712,430.0,515.0,334.22,,
636,AMZN,2023-10-27,sell,True,True,bearish,skipped,False,False,http_429,ok,True,False,,ok,True,False,True,,True,False,False,False,False,False,False,False,True,False,False,analyst_unknown,event_time_historical,yfinance_upgrades_downgrades,strong_buy,1.34848,62,311.55145,317.0,370.0,207.0,,
637,PYPL,2025-10-03,buy,False,True,bullish,skipped,False,False,http_429,ok,True,False,,ok,True,False,True,,True,False,False,False,False,False,False,False,True,False,False,analyst_unknown,event_time_historical,yfinance_upgrades_downgrades,hold,2.88636,34,52.52618,48.0,147.39,32.0,,
638,NVDA,2025-10-03,buy,True,False,bullish,skipped,False,False,http_429,ok,True,False,,ok,True,False,True,,True,False,False,False,False,False,False,False,True,False,False,analyst_unknown,event_time_historical,yfinance_upgrades_downgrades,strong_buy,1.29508,57,272.93738,275.0,380.0,140.0,,
639,AAPL,2021-05-04,buy,True,True,bullish,skipped,False,False,http_429,ok,True,False,,ok,True,False,True,,True,False,False,False,False,False,False,False,True,False,False,analyst_unknown,event_time_historical,yfinance_upgrades_downgrades,buy,1.95833,43,308.06512,310.0,400.0,215.0,,
640,SOFI,2025-10-20,sell,False,True,bearish,skipped,False,False,http_429,ok,True,False,,ok,True,False,True,,True,False,False,False,False,False,False,False,True,False,False,analyst_unknown,event_time_historical,yfinance_upgrades_downgrades,hold,2.70833,20,21.1,18.5,31.0,12.0,,
641,META,2025-10-20,buy,False,True,bullish,skipped,False,False,http_429,ok,True,False,,ok,True,False,True,,True,False,False,False,False,False,False,False,True,False,False,analyst_unknown,event_time_historical,yfinance_upgrades_downgrades,strong_buy,1.34921,58,826.69104,825.0,1015.0,614.0,,
642,PYPL,2025-10-20,buy,False,True,bullish,skipped,False,False,http_429,ok,True,False,,ok,True,False,True,,True,False,False,False,False,False,False,False,True,False,False,analyst_unknown,event_time_historical,yfinance_upgrades_downgrades,hold,2.88636,34,52.52618,48.0,147.39,32.0,,
643,AMZN,2024-08-12,buy,True,True,bullish,skipped,False,False,http_429,ok,True,False,,ok,True,False,True,,True,False,False,False,False,False,False,False,True,False,False,analyst_unknown,event_time_historical,yfinance_upgrades_downgrades,strong_buy,1.34848,62,311.55145,317.0,370.0,207.0,,
644,GOOGL,2024-08-12,buy,False,True,bullish,skipped,False,False,http_429,ok,True,False,,ok,True,False,True,,True,False,False,False,False,False,False,False,True,False,False,analyst_unknown,event_time_historical,yfinance_upgrades_downgrades,strong_buy,1.39683,52,427.88712,430.0,515.0,334.22,,
645,AAPL,2024-08-12,buy,True,True,bullish,skipped,False,False,http_429,ok,True,False,,ok,True,False,True,,True,False,False,False,False,False,False,False,True,False,False,analyst_unknown,event_time_historical,yfinance_upgrades_downgrades,buy,1.95833,43,308.06512,310.0,400.0,215.0,,
646,TSLA,2024-08-12,buy,True,True,bullish,skipped,False,False,http_429,ok,True,False,,ok,True,False,True,,True,False,False,False,False,False,False,False,True,False,False,analyst_unknown,event_time_historical,yfinance_upgrades_downgrades,buy,2.3617,41,412.25366,450.0,600.0,123.0,,
647,NVDA,2025-09-12,buy,True,True,bullish,skipped,False,False,http_429,ok,True,False,,ok,True,False,True,,True,False,False,False,False,False,False,False,True,False,False,analyst_unknown,event_time_historical,yfinance_upgrades_downgrades,strong_buy,1.29508,57,272.93738,275.0,380.0,140.0,,
648,AMZN,2025-10-23,buy,True,True,bullish,skipped,False,False,http_429,ok,True,False,,ok,True,False,True,,True,False,False,False,False,False,False,False,True,False,False,analyst_unknown,event_time_historical,yfinance_upgrades_downgrades,strong_buy,1.34848,62,311.55145,317.0,370.0,207.0,,
649,NFLX,2024-01-23,buy,False,True,bullish,skipped,False,False,http_429,ok,True,False,,ok,True,False,True,,True,False,False,False,False,False,False,False,True,False,False,analyst_unknown,event_time_historical,yfinance_upgrades_downgrades,buy,1.68,44,114.555,115.0,151.4,80.0,,
650,NFLX,2024-01-23,buy,False,True,bullish,skipped,False,False,http_429,ok,True,False,,ok,True,False,True,,True,False,False,False,False,False,False,False,True,False,False,analyst_unknown,event_time_historical,yfinance_upgrades_downgrades,buy,1.68,44,114.555,115.0,151.4,80.0,,
651,GOOGL,2023-12-11,sell,False,True,bearish,skipped,False,False,http_429,ok,True,False,,ok,True,False,True,,True,False,False,False,False,False,False,False,True,False,False,analyst_unknown,event_time_historical,yfinance_upgrades_downgrades,strong_buy,1.39683,52,427.88712,430.0,515.0,334.22,,
652,NVDA,2025-11-03,buy,True,True,bullish,skipped,False,False,http_429,ok,True,False,,ok,True,False,True,,True,False,False,False,False,False,False,False,True,False,False,analyst_unknown,event_time_historical,yfinance_upgrades_downgrades,strong_buy,1.29508,57,272.93738,275.0,380.0,140.0,,
653,NVDA,2025-11-03,buy,True,True,bullish,skipped,False,False,http_429,ok,True,False,,ok,True,False,True,,True,False,False,False,False,False,False,False,True,False,False,analyst_unknown,event_time_historical,yfinance_upgrades_downgrades,strong_buy,1.29508,57,272.93738,275.0,380.0,140.0,,
654,NVDA,2025-11-03,buy,True,True,bullish,skipped,False,False,http_429,ok,True,False,,ok,True,False,True,,True,False,False,False,False,False,False,False,True,False,False,analyst_unknown,event_time_historical,yfinance_upgrades_downgrades,strong_buy,1.29508,57,272.93738,275.0,380.0,140.0,,
655,NVDA,2023-12-04,buy,True,True,bullish,skipped,False,False,http_429,ok,True,False,,ok,True,False,True,,True,False,False,False,False,False,False,False,True,False,False,analyst_unknown,event_time_historical,yfinance_upgrades_downgrades,strong_buy,1.29508,57,272.93738,275.0,380.0,140.0,,
656,NVDA,2023-12-04,buy,True,True,bullish,skipped,False,False,http_429,ok,True,False,,ok,True,False,True,,True,False,False,False,False,False,False,False,True,False,False,analyst_unknown,event_time_historical,yfinance_upgrades_downgrades,strong_buy,1.29508,57,272.93738,275.0,380.0,140.0,,
657,NVDA,2023-12-04,buy,True,True,bullish,skipped,False,False,http_429,ok,True,False,,ok,True,False,True,,True,False,False,False,False,False,False,False,True,False,False,analyst_unknown,event_time_historical,yfinance_upgrades_downgrades,strong_buy,1.29508,57,272.93738,275.0,380.0,140.0,,
658,NVDA,2023-12-04,buy,True,True,bullish,skipped,False,False,http_429,ok,True,False,,ok,True,False,True,,True,False,False,False,False,False,False,False,True,False,False,analyst_unknown,event_time_historical,yfinance_upgrades_downgrades,strong_buy,1.29508,57,272.93738,275.0,380.0,140.0,,
659,NVDA,2024-04-16,sell,True,True,bearish,skipped,False,False,http_429,ok,True,False,,ok,True,False,True,,True,False,False,False,False,False,False,False,True,False,False,analyst_unknown,event_time_historical,yfinance_upgrades_downgrades,strong_buy,1.29508,57,272.93738,275.0,380.0,140.0,,
660,NVDA,2025-03-04,sell,True,True,bearish,skipped,False,False,http_429,ok,True,False,,ok,True,False,True,,True,False,False,False,False,False,False,False,True,False,False,analyst_unknown,event_time_historical,yfinance_upgrades_downgrades,strong_buy,1.29508,57,272.93738,275.0,380.0,140.0,,
661,NVDA,2024-07-01,buy,True,True,bullish,skipped,False,False,http_429,ok,True,False,,ok,True,False,True,,True,False,False,False,False,False,False,False,True,False,False,analyst_unknown,event_time_historical,yfinance_upgrades_downgrades,strong_buy,1.29508,57,272.93738,275.0,380.0,140.0,,
662,AMZN,2023-12-15,buy,True,True,bullish,skipped,False,False,http_429,ok,True,False,,ok,True,False,True,,True,False,False,False,False,False,False,False,True,False,False,analyst_unknown,event_time_historical,yfinance_upgrades_downgrades,strong_buy,1.34848,62,311.55145,317.0,370.0,207.0,,
663,NFLX,2023-12-15,buy,False,True,bullish,skipped,False,False,http_429,ok,True,False,,ok,True,False,True,,True,False,False,False,False,False,False,False,True,False,False,analyst_unknown,event_time_historical,yfinance_upgrades_downgrades,buy,1.68,44,114.555,115.0,151.4,80.0,,
664,NFLX,2023-12-15,buy,False,True,bullish,skipped,False,False,http_429,ok,True,False,,ok,True,False,True,,True,False,False,False,False,False,False,False,True,False,False,analyst_unknown,event_time_historical,yfinance_upgrades_downgrades,buy,1.68,44,114.555,115.0,151.4,80.0,,
665,PYPL,2023-12-15,buy,False,True,bullish,skipped,False,False,http_429,ok,True,False,,ok,True,False,True,,True,False,False,False,False,False,False,False,True,False,False,analyst_unknown,event_time_historical,yfinance_upgrades_downgrades,hold,2.88636,34,52.52618,48.0,147.39,32.0,,
666,GOOGL,2023-12-15,buy,False,True,bullish,skipped,False,False,http_429,ok,True,False,,ok,True,False,True,,True,False,False,False,False,False,False,False,True,False,False,analyst_unknown,event_time_historical,yfinance_upgrades_downgrades,strong_buy,1.39683,52,427.88712,430.0,515.0,334.22,,
667,TSLA,2023-12-15,buy,True,False,bullish,skipped,False,False,http_429,ok,True,False,,ok,True,False,True,,True,False,False,False,False,False,False,False,True,False,False,analyst_unknown,event_time_historical,yfinance_upgrades_downgrades,buy,2.3617,41,412.25366,450.0,600.0,123.0,,
668,GOOGL,2025-11-24,buy,False,True,bullish,skipped,False,False,http_429,ok,True,False,,ok,True,False,True,,True,False,False,False,False,False,False,False,True,False,False,analyst_unknown,event_time_historical,yfinance_upgrades_downgrades,strong_buy,1.39683,52,427.88712,430.0,515.0,334.22,,
669,META,2022-06-06,buy,False,True,bullish,skipped,False,False,http_429,ok,True,False,,ok,True,False,True,,True,False,False,False,False,False,False,False,True,False,False,analyst_unknown,event_time_historical,yfinance_upgrades_downgrades,strong_buy,1.34921,58,826.69104,825.0,1015.0,614.0,,
670,META,2022-06-06,buy,False,True,bullish,skipped,False,False,http_429,ok,True,False,,ok,True,False,True,,True,False,False,False,False,False,False,False,True,False,False,analyst_unknown,event_time_historical,yfinance_upgrades_downgrades,strong_buy,1.34921,58,826.69104,825.0,1015.0,614.0,,
671,META,2022-06-06,buy,False,True,bullish,skipped,False,False,http_429,ok,True,False,,ok,True,False,True,,True,False,False,False,False,False,False,False,True,False,False,analyst_unknown,event_time_historical,yfinance_upgrades_downgrades,strong_buy,1.34921,58,826.69104,825.0,1015.0,614.0,,
672,MSFT,2022-06-06,buy,False,True,bullish,skipped,False,False,http_429,ok,True,False,,ok,True,False,True,,True,False,False,False,False,False,False,False,True,False,False,analyst_unknown,event_time_historical,yfinance_upgrades_downgrades,strong_buy,1.30909,54,561.5561,562.5,870.0,400.0,,
673,MSFT,2022-06-06,buy,False,True,bullish,skipped,False,False,http_429,ok,True,False,,ok,True,False,True,,True,False,False,False,False,False,False,False,True,False,False,analyst_unknown,event_time_historical,yfinance_upgrades_downgrades,strong_buy,1.30909,54,561.5561,562.5,870.0,400.0,,
674,GOOGL,2022-06-06,buy,False,True,bullish,skipped,False,False,http_429,ok,True,False,,ok,True,False,True,,True,False,False,False,False,False,False,False,True,False,False,analyst_unknown,event_time_historical,yfinance_upgrades_downgrades,strong_buy,1.39683,52,427.88712,430.0,515.0,334.22,,
675,AMZN,2022-06-06,buy,True,True,bullish,skipped,False,False,http_429,ok,True,False,,ok,True,False,True,,True,False,False,False,False,False,False,False,True,False,False,analyst_unknown,event_time_historical,yfinance_upgrades_downgrades,strong_buy,1.34848,62,311.55145,317.0,370.0,207.0,,
676,AMZN,2022-06-06,buy,True,True,bullish,skipped,False,False,http_429,ok,True,False,,ok,True,False,True,,True,False,False,False,False,False,False,False,True,False,False,analyst_unknown,event_time_historical,yfinance_upgrades_downgrades,strong_buy,1.34848,62,311.55145,317.0,370.0,207.0,,
677,NVDA,2024-09-16,buy,True,False,bullish,skipped,False,False,http_429,ok,True,False,,ok,True,False,True,,True,False,False,False,False,False,False,False,True,False,False,analyst_unknown,event_time_historical,yfinance_upgrades_downgrades,strong_buy,1.29508,57,272.93738,275.0,380.0,140.0,,
678,AAPL,2024-09-16,buy,True,True,bullish,skipped,False,False,http_429,ok,True,False,,ok,True,False,True,,True,False,False,False,False,False,False,False,True,False,False,analyst_unknown,event_time_historical,yfinance_upgrades_downgrades,buy,1.95833,43,308.06512,310.0,400.0,215.0,,
679,NFLX,2024-09-16,sell,False,True,bearish,skipped,False,False,http_429,ok,True,False,,ok,True,False,True,,True,False,False,False,False,False,False,False,True,False,False,analyst_unknown,event_time_historical,yfinance_upgrades_downgrades,buy,1.68,44,114.555,115.0,151.4,80.0,,
680,PYPL,2025-11-24,buy,False,True,bullish,skipped,False,False,http_429,ok,True,False,,ok,True,False,True,,True,False,False,False,False,False,False,False,True,False,False,analyst_unknown,event_time_historical,yfinance_upgrades_downgrades,hold,2.88636,34,52.52618,48.0,147.39,32.0,,
681,NVDA,2024-08-09,sell,True,True,bearish,skipped,False,False,http_429,ok,True,False,,ok,True,False,True,,True,False,False,False,False,False,False,False,True,False,False,analyst_unknown,event_time_historical,yfinance_upgrades_downgrades,strong_buy,1.29508,57,272.93738,275.0,380.0,140.0,,
682,TSLA,2024-08-09,sell,True,True,bearish,skipped,False,False,http_429,ok,True,False,,ok,True,False,True,,True,False,False,False,False,False,False,False,True,False,False,analyst_unknown,event_time_historical,yfinance_upgrades_downgrades,buy,2.3617,41,412.25366,450.0,600.0,123.0,,
683,PYPL,2025-11-20,buy,False,False,bullish,skipped,False,False,http_429,ok,True,False,,ok,True,False,True,,True,False,False,False,False,False,False,False,True,False,False,analyst_unknown,event_time_historical,yfinance_upgrades_downgrades,hold,2.88636,34,52.52618,48.0,147.39,32.0,,
684,UBER,2024-05-13,buy,False,True,bullish,skipped,False,False,http_429,ok,True,False,,ok,True,False,True,,True,False,False,False,False,False,False,False,True,False,False,analyst_unknown,event_time_historical,yfinance_upgrades_downgrades,buy,1.51923,50,104.9312,107.0,150.0,70.0,,
685,NVDA,2025-12-31,buy,True,True,bullish,skipped,False,False,http_429,ok,True,False,,ok,True,False,True,,True,False,False,False,False,False,False,False,True,False,False,analyst_unknown,event_time_historical,yfinance_upgrades_downgrades,strong_buy,1.29508,57,272.93738,275.0,380.0,140.0,,
686,AMD,2025-12-22,buy,True,True,bullish,skipped,False,False,http_429,ok,True,False,,ok,True,False,True,,True,False,False,False,False,False,False,False,True,False,False,analyst_unknown,event_time_historical,yfinance_upgrades_downgrades,buy,1.5098,48,457.83334,474.0,625.0,225.0,,
687,META,2025-11-24,buy,False,True,bullish,skipped,False,False,http_429,ok,True,False,,ok,True,False,True,,True,False,False,False,False,False,False,False,True,False,False,analyst_unknown,event_time_historical,yfinance_upgrades_downgrades,strong_buy,1.34921,58,826.69104,825.0,1015.0,614.0,,
688,UBER,2024-11-05,buy,False,True,bullish,skipped,False,False,http_429,ok,True,False,,ok,True,False,True,,True,False,False,False,False,False,False,False,True,False,False,analyst_unknown,event_time_historical,yfinance_upgrades_downgrades,buy,1.51923,50,104.9312,107.0,150.0,70.0,,
689,SOFI,2025-11-13,buy,False,True,bullish,skipped,False,False,http_429,ok,True,False,,ok,True,False,True,,True,False,False,False,False,False,False,False,True,False,False,analyst_unknown,event_time_historical,yfinance_upgrades_downgrades,hold,2.70833,20,21.1,18.5,31.0,12.0,,
690,AMZN,2024-06-14,buy,True,True,bullish,skipped,False,False,http_429,ok,True,False,,ok,True,False,True,,True,False,False,False,False,False,False,False,True,False,False,analyst_unknown,event_time_historical,yfinance_upgrades_downgrades,strong_buy,1.34848,62,311.55145,317.0,370.0,207.0,,
691,GOOGL,2024-06-14,buy,False,True,bullish,skipped,False,False,http_429,ok,True,False,,ok,True,False,True,,True,False,False,False,False,False,False,False,True,False,False,analyst_unknown,event_time_historical,yfinance_upgrades_downgrades,strong_buy,1.39683,52,427.88712,430.0,515.0,334.22,,
692,SOFI,2026-04-20,buy,False,True,bullish,skipped,False,False,http_429,ok,True,False,,ok,True,False,False,,True,True,False,False,False,True,True,True,False,True,False,analyst_bullish_aligned,event_time_historical,finnhub_recommendation,hold,2.70833,20,21.1,18.5,31.0,12.0,,2026-04-01
693,SOFI,2026-04-20,buy,False,True,bullish,skipped,False,False,http_429,ok,True,False,,ok,True,False,False,,True,True,False,False,False,True,True,True,False,True,False,analyst_bullish_aligned,event_time_historical,finnhub_recommendation,hold,2.70833,20,21.1,18.5,31.0,12.0,,2026-04-01
694,GOOGL,2025-11-28,sell,False,True,bearish,skipped,False,False,http_429,ok,True,False,,ok,True,False,True,,True,False,False,False,False,False,False,False,True,False,False,analyst_unknown,event_time_historical,yfinance_upgrades_downgrades,strong_buy,1.39683,52,427.88712,430.0,515.0,334.22,,
695,META,2025-11-28,buy,False,True,bullish,skipped,False,False,http_429,ok,True,False,,ok,True,False,True,,True,False,False,False,False,False,False,False,True,False,False,analyst_unknown,event_time_historical,yfinance_upgrades_downgrades,strong_buy,1.34921,58,826.69104,825.0,1015.0,614.0,,
696,NVDA,2025-01-23,buy,True,True,bullish,skipped,False,False,http_429,ok,True,False,,ok,True,False,True,,True,False,False,False,False,False,False,False,True,False,False,analyst_unknown,event_time_historical,yfinance_upgrades_downgrades,strong_buy,1.29508,57,272.93738,275.0,380.0,140.0,,
697,NFLX,2025-01-23,sell,False,True,bearish,skipped,False,False,http_429,ok,True,False,,ok,True,False,True,,True,False,False,False,False,False,False,False,True,False,False,analyst_unknown,event_time_historical,yfinance_upgrades_downgrades,buy,1.68,44,114.555,115.0,151.4,80.0,,
698,AMZN,2024-10-25,buy,True,True,bullish,skipped,False,False,http_429,ok,True,False,,ok,True,False,True,,True,False,False,False,False,False,False,False,True,False,False,analyst_unknown,event_time_historical,yfinance_upgrades_downgrades,strong_buy,1.34848,62,311.55145,317.0,370.0,207.0,,
699,AMZN,2024-10-25,buy,True,True,bullish,skipped,False,False,http_429,ok,True,False,,ok,True,False,True,,True,False,False,False,False,False,False,False,True,False,False,analyst_unknown,event_time_historical,yfinance_upgrades_downgrades,strong_buy,1.34848,62,311.55145,317.0,370.0,207.0,,
700,TSLA,2024-10-25,buy,True,True,bullish,skipped,False,False,http_429,ok,True,False,,ok,True,False,True,,True,False,False,False,False,False,False,False,True,False,False,analyst_unknown,event_time_historical,yfinance_upgrades_downgrades,buy,2.3617,41,412.25366,450.0,600.0,123.0,,
701,NVDA,2024-10-31,buy,True,True,bullish,skipped,False,False,http_429,ok,True,False,,ok,True,False,True,,True,False,False,False,False,False,False,False,True,False,False,analyst_unknown,event_time_historical,yfinance_upgrades_downgrades,strong_buy,1.29508,57,272.93738,275.0,380.0,140.0,,
702,NVDA,2024-10-18,buy,True,True,bullish,skipped,False,False,http_429,ok,True,False,,ok,True,False,True,,True,False,False,False,False,False,False,False,True,False,False,analyst_unknown,event_time_historical,yfinance_upgrades_downgrades,strong_buy,1.29508,57,272.93738,275.0,380.0,140.0,,
703,MSFT,2025-02-13,buy,False,True,bullish,skipped,False,False,http_429,ok,True,False,,ok,True,False,True,,True,False,False,False,False,False,False,False,True,False,False,analyst_unknown,event_time_historical,yfinance_upgrades_downgrades,strong_buy,1.30909,54,561.5561,562.5,870.0,400.0,,
704,MSFT,2025-02-13,buy,False,True,bullish,skipped,False,False,http_429,ok,True,False,,ok,True,False,True,,True,False,False,False,False,False,False,False,True,False,False,analyst_unknown,event_time_historical,yfinance_upgrades_downgrades,strong_buy,1.30909,54,561.5561,562.5,870.0,400.0,,
705,AAPL,2025-02-13,sell,True,False,bearish,skipped,False,False,http_429,ok,True,False,,ok,True,False,True,,True,False,False,False,False,False,False,False,True,False,False,analyst_unknown,event_time_historical,yfinance_upgrades_downgrades,buy,1.95833,43,308.06512,310.0,400.0,215.0,,
706,NVDA,2024-08-30,buy,True,True,bullish,skipped,False,False,http_429,ok,True,False,,ok,True,False,True,,True,False,False,False,False,False,False,False,True,False,False,analyst_unknown,event_time_historical,yfinance_upgrades_downgrades,strong_buy,1.29508,57,272.93738,275.0,380.0,140.0,,
707,NVDA,2024-08-30,buy,True,True,bullish,skipped,False,False,http_429,ok,True,False,,ok,True,False,True,,True,False,False,False,False,False,False,False,True,False,False,analyst_unknown,event_time_historical,yfinance_upgrades_downgrades,strong_buy,1.29508,57,272.93738,275.0,380.0,140.0,,
708,AMZN,2024-08-30,buy,True,True,bullish,skipped,False,False,http_429,ok,True,False,,ok,True,False,True,,True,False,False,False,False,False,False,False,True,False,False,analyst_unknown,event_time_historical,yfinance_upgrades_downgrades,strong_buy,1.34848,62,311.55145,317.0,370.0,207.0,,
709,AMZN,2024-08-30,buy,True,True,bullish,skipped,False,False,http_429,ok,True,False,,ok,True,False,True,,True,False,False,False,False,False,False,False,True,False,False,analyst_unknown,event_time_historical,yfinance_upgrades_downgrades,strong_buy,1.34848,62,311.55145,317.0,370.0,207.0,,
710,MSFT,2024-08-30,buy,False,True,bullish,skipped,False,False,http_429,ok,True,False,,ok,True,False,True,,True,False,False,False,False,False,False,False,True,False,False,analyst_unknown,event_time_historical,yfinance_upgrades_downgrades,strong_buy,1.30909,54,561.5561,562.5,870.0,400.0,,
711,AMD,2025-12-19,sell,True,True,bearish,skipped,False,False,http_429,ok,True,False,,ok,True,False,True,,True,False,False,False,False,False,False,False,True,False,False,analyst_unknown,event_time_historical,yfinance_upgrades_downgrades,buy,1.5098,48,457.83334,474.0,625.0,225.0,,
712,AMD,2025-11-14,buy,True,True,bullish,skipped,False,False,http_429,ok,True,False,,ok,True,False,True,,True,False,False,False,False,False,False,False,True,False,False,analyst_unknown,event_time_historical,yfinance_upgrades_downgrades,buy,1.5098,48,457.83334,474.0,625.0,225.0,,
713,GOOGL,2025-11-14,buy,False,True,bullish,skipped,False,False,http_429,ok,True,False,,ok,True,False,True,,True,False,False,False,False,False,False,False,True,False,False,analyst_unknown,event_time_historical,yfinance_upgrades_downgrades,strong_buy,1.39683,52,427.88712,430.0,515.0,334.22,,
714,GOOGL,2025-11-14,buy,False,True,bullish,skipped,False,False,http_429,ok,True,False,,ok,True,False,True,,True,False,False,False,False,False,False,False,True,False,False,analyst_unknown,event_time_historical,yfinance_upgrades_downgrades,strong_buy,1.39683,52,427.88712,430.0,515.0,334.22,,
715,UBER,2025-11-14,buy,False,True,bullish,skipped,False,False,http_429,ok,True,False,,ok,True,False,True,,True,False,False,False,False,False,False,False,True,False,False,analyst_unknown,event_time_historical,yfinance_upgrades_downgrades,buy,1.51923,50,104.9312,107.0,150.0,70.0,,
716,META,2025-11-14,buy,False,True,bullish,skipped,False,False,http_429,ok,True,False,,ok,True,False,True,,True,False,False,False,False,False,False,False,True,False,False,analyst_unknown,event_time_historical,yfinance_upgrades_downgrades,strong_buy,1.34921,58,826.69104,825.0,1015.0,614.0,,
717,META,2025-11-14,buy,False,True,bullish,skipped,False,False,http_429,ok,True,False,,ok,True,False,True,,True,False,False,False,False,False,False,False,True,False,False,analyst_unknown,event_time_historical,yfinance_upgrades_downgrades,strong_buy,1.34921,58,826.69104,825.0,1015.0,614.0,,
718,SOFI,2025-11-14,buy,False,True,bullish,skipped,False,False,http_429,ok,True,False,,ok,True,False,True,,True,False,False,False,False,False,False,False,True,False,False,analyst_unknown,event_time_historical,yfinance_upgrades_downgrades,hold,2.70833,20,21.1,18.5,31.0,12.0,,
719,NVDA,2025-11-14,buy,True,True,bullish,skipped,False,False,http_429,ok,True,False,,ok,True,False,True,,True,False,False,False,False,False,False,False,True,False,False,analyst_unknown,event_time_historical,yfinance_upgrades_downgrades,strong_buy,1.29508,57,272.93738,275.0,380.0,140.0,,
720,AMD,2025-01-10,buy,True,True,bullish,skipped,False,False,http_429,ok,True,False,,ok,True,False,True,,True,False,False,False,False,False,False,False,True,False,False,analyst_unknown,event_time_historical,yfinance_upgrades_downgrades,buy,1.5098,48,457.83334,474.0,625.0,225.0,,
721,TSLA,2024-10-11,sell,True,True,bearish,skipped,False,False,http_429,ok,True,False,,ok,True,False,True,,True,False,False,False,False,False,False,False,True,False,False,analyst_unknown,event_time_historical,yfinance_upgrades_downgrades,buy,2.3617,41,412.25366,450.0,600.0,123.0,,
722,TSLA,2024-10-11,sell,True,True,bearish,skipped,False,False,http_429,ok,True,False,,ok,True,False,True,,True,False,False,False,False,False,False,False,True,False,False,analyst_unknown,event_time_historical,yfinance_upgrades_downgrades,buy,2.3617,41,412.25366,450.0,600.0,123.0,,
723,AAPL,2024-10-11,buy,True,True,bullish,skipped,False,False,http_429,ok,True,False,,ok,True,False,True,,True,False,False,False,False,False,False,False,True,False,False,analyst_unknown,event_time_historical,yfinance_upgrades_downgrades,buy,1.95833,43,308.06512,310.0,400.0,215.0,,
724,AMZN,2024-10-11,buy,True,False,bullish,skipped,False,False,http_429,ok,True,False,,ok,True,False,True,,True,False,False,False,False,False,False,False,True,False,False,analyst_unknown,event_time_historical,yfinance_upgrades_downgrades,strong_buy,1.34848,62,311.55145,317.0,370.0,207.0,,
725,NVDA,2024-10-11,sell,True,True,bearish,skipped,False,False,http_429,ok,True,False,,ok,True,False,True,,True,False,False,False,False,False,False,False,True,False,False,analyst_unknown,event_time_historical,yfinance_upgrades_downgrades,strong_buy,1.29508,57,272.93738,275.0,380.0,140.0,,
726,GOOGL,2024-10-11,buy,False,True,bullish,skipped,False,False,http_429,ok,True,False,,ok,True,False,True,,True,False,False,False,False,False,False,False,True,False,False,analyst_unknown,event_time_historical,yfinance_upgrades_downgrades,strong_buy,1.39683,52,427.88712,430.0,515.0,334.22,,
727,GOOGL,2024-10-11,buy,False,True,bullish,skipped,False,False,http_429,ok,True,False,,ok,True,False,True,,True,False,False,False,False,False,False,False,True,False,False,analyst_unknown,event_time_historical,yfinance_upgrades_downgrades,strong_buy,1.39683,52,427.88712,430.0,515.0,334.22,,
728,NVDA,2024-02-26,buy,True,True,bullish,skipped,False,False,http_429,ok,True,False,,ok,True,False,True,,True,False,False,False,False,False,False,False,True,False,False,analyst_unknown,event_time_historical,yfinance_upgrades_downgrades,strong_buy,1.29508,57,272.93738,275.0,380.0,140.0,,
729,NVDA,2024-02-26,buy,True,True,bullish,skipped,False,False,http_429,ok,True,False,,ok,True,False,True,,True,False,False,False,False,False,False,False,True,False,False,analyst_unknown,event_time_historical,yfinance_upgrades_downgrades,strong_buy,1.29508,57,272.93738,275.0,380.0,140.0,,
730,MSFT,2024-01-31,buy,False,True,bullish,skipped,False,False,http_429,ok,True,False,,ok,True,False,True,,True,False,False,False,False,False,False,False,True,False,False,analyst_unknown,event_time_historical,yfinance_upgrades_downgrades,strong_buy,1.30909,54,561.5561,562.5,870.0,400.0,,
731,GOOGL,2024-01-31,buy,False,True,bullish,skipped,False,False,http_429,ok,True,False,,ok,True,False,True,,True,False,False,False,False,False,False,False,True,False,False,analyst_unknown,event_time_historical,yfinance_upgrades_downgrades,strong_buy,1.39683,52,427.88712,430.0,515.0,334.22,,
732,GOOGL,2024-01-31,buy,False,True,bullish,skipped,False,False,http_429,ok,True,False,,ok,True,False,True,,True,False,False,False,False,False,False,False,True,False,False,analyst_unknown,event_time_historical,yfinance_upgrades_downgrades,strong_buy,1.39683,52,427.88712,430.0,515.0,334.22,,
733,UBER,2025-12-08,buy,False,True,bullish,skipped,False,False,http_429,ok,True,False,,ok,True,False,True,,True,False,False,False,False,False,False,False,True,False,False,analyst_unknown,event_time_historical,yfinance_upgrades_downgrades,buy,1.51923,50,104.9312,107.0,150.0,70.0,,
734,NVDA,2025-11-20,buy,True,True,bullish,skipped,False,False,http_429,ok,True,False,,ok,True,False,True,,True,False,False,False,False,False,False,False,True,False,False,analyst_unknown,event_time_historical,yfinance_upgrades_downgrades,strong_buy,1.29508,57,272.93738,275.0,380.0,140.0,,
735,UBER,2025-11-20,buy,False,False,bullish,skipped,False,False,http_429,ok,True,False,,ok,True,False,True,,True,False,False,False,False,False,False,False,True,False,False,analyst_unknown,event_time_historical,yfinance_upgrades_downgrades,buy,1.51923,50,104.9312,107.0,150.0,70.0,,
736,AAPL,2024-08-16,buy,True,True,bullish,skipped,False,False,http_429,ok,True,False,,ok,True,False,True,,True,False,False,False,False,False,False,False,True,False,False,analyst_unknown,event_time_historical,yfinance_upgrades_downgrades,buy,1.95833,43,308.06512,310.0,400.0,215.0,,
737,NVDA,2024-08-16,sell,True,True,bearish,skipped,False,False,http_429,ok,True,False,,ok,True,False,True,,True,False,False,False,False,False,False,False,True,False,False,analyst_unknown,event_time_historical,yfinance_upgrades_downgrades,strong_buy,1.29508,57,272.93738,275.0,380.0,140.0,,
738,NVDA,2024-08-16,buy,True,True,bullish,skipped,False,False,http_429,ok,True,False,,ok,True,False,True,,True,False,False,False,False,False,False,False,True,False,False,analyst_unknown,event_time_historical,yfinance_upgrades_downgrades,strong_buy,1.29508,57,272.93738,275.0,380.0,140.0,,
739,GOOGL,2024-08-16,buy,False,False,bullish,skipped,False,False,http_429,ok,True,False,,ok,True,False,True,,True,False,False,False,False,False,False,False,True,False,False,analyst_unknown,event_time_historical,yfinance_upgrades_downgrades,strong_buy,1.39683,52,427.88712,430.0,515.0,334.22,,
740,AMZN,2024-08-16,buy,True,True,bullish,skipped,False,False,http_429,ok,True,False,,ok,True,False,True,,True,False,False,False,False,False,False,False,True,False,False,analyst_unknown,event_time_historical,yfinance_upgrades_downgrades,strong_buy,1.34848,62,311.55145,317.0,370.0,207.0,,
741,AMZN,2024-08-16,buy,True,True,bullish,skipped,False,False,http_429,ok,True,False,,ok,True,False,True,,True,False,False,False,False,False,False,False,True,False,False,analyst_unknown,event_time_historical,yfinance_upgrades_downgrades,strong_buy,1.34848,62,311.55145,317.0,370.0,207.0,,
742,MSFT,2024-08-16,buy,False,True,bullish,skipped,False,False,http_429,ok,True,False,,ok,True,False,True,,True,False,False,False,False,False,False,False,True,False,False,analyst_unknown,event_time_historical,yfinance_upgrades_downgrades,strong_buy,1.30909,54,561.5561,562.5,870.0,400.0,,
743,AMD,2025-11-26,buy,True,True,bullish,skipped,False,False,http_429,ok,True,False,,ok,True,False,True,,True,False,False,False,False,False,False,False,True,False,False,analyst_unknown,event_time_historical,yfinance_upgrades_downgrades,buy,1.5098,48,457.83334,474.0,625.0,225.0,,
744,NVDA,2025-01-27,sell,True,True,bearish,skipped,False,False,http_429,ok,True,False,,ok,True,False,True,,True,False,False,False,False,False,False,False,True,False,False,analyst_unknown,event_time_historical,yfinance_upgrades_downgrades,strong_buy,1.29508,57,272.93738,275.0,380.0,140.0,,
745,AAPL,2025-01-27,sell,True,True,bearish,skipped,False,False,http_429,ok,True,False,,ok,True,False,True,,True,False,False,False,False,False,False,False,True,False,False,analyst_unknown,event_time_historical,yfinance_upgrades_downgrades,buy,1.95833,43,308.06512,310.0,400.0,215.0,,
746,MSFT,2025-01-27,sell,False,True,bearish,skipped,False,False,http_429,ok,True,False,,ok,True,False,True,,True,False,False,False,False,False,False,False,True,False,False,analyst_unknown,event_time_historical,yfinance_upgrades_downgrades,strong_buy,1.30909,54,561.5561,562.5,870.0,400.0,,
747,TSLA,2025-01-27,sell,True,True,bearish,skipped,False,False,http_429,ok,True,False,,ok,True,False,True,,True,False,False,False,False,False,False,False,True,False,False,analyst_unknown,event_time_historical,yfinance_upgrades_downgrades,buy,2.3617,41,412.25366,450.0,600.0,123.0,,
748,PYPL,2024-02-08,buy,False,True,bullish,skipped,False,False,http_429,ok,True,False,,ok,True,False,True,,True,False,False,False,False,False,False,False,True,False,False,analyst_unknown,event_time_historical,yfinance_upgrades_downgrades,hold,2.88636,34,52.52618,48.0,147.39,32.0,,
749,AMZN,2024-02-08,buy,True,True,bullish,skipped,False,False,http_429,ok,True,False,,ok,True,False,True,,True,False,False,False,False,False,False,False,True,False,False,analyst_unknown,event_time_historical,yfinance_upgrades_downgrades,strong_buy,1.34848,62,311.55145,317.0,370.0,207.0,,
750,NVDA,2025-12-29,buy,True,True,bullish,skipped,False,False,http_429,ok,True,False,,ok,True,False,True,,True,False,False,False,False,False,False,False,True,False,False,analyst_unknown,event_time_historical,yfinance_upgrades_downgrades,strong_buy,1.29508,57,272.93738,275.0,380.0,140.0,,
751,AMD,2026-01-07,buy,True,True,bullish,skipped,False,False,http_429,ok,True,False,,ok,True,False,True,,True,False,False,False,False,False,False,False,True,False,False,analyst_unknown,event_time_historical,yfinance_upgrades_downgrades,buy,1.5098,48,457.83334,474.0,625.0,225.0,,
752,NVDA,2024-07-26,buy,True,True,bullish,skipped,False,False,http_429,ok,True,False,,ok,True,False,True,,True,False,False,False,False,False,False,False,True,False,False,analyst_unknown,event_time_historical,yfinance_upgrades_downgrades,strong_buy,1.29508,57,272.93738,275.0,380.0,140.0,,
753,AMZN,2024-02-05,buy,True,True,bullish,skipped,False,False,http_429,ok,True,False,,ok,True,False,True,,True,False,False,False,False,False,False,False,True,False,False,analyst_unknown,event_time_historical,yfinance_upgrades_downgrades,strong_buy,1.34848,62,311.55145,317.0,370.0,207.0,,
754,AMZN,2024-02-05,buy,True,True,bullish,skipped,False,False,http_429,ok,True,False,,ok,True,False,True,,True,False,False,False,False,False,False,False,True,False,False,analyst_unknown,event_time_historical,yfinance_upgrades_downgrades,strong_buy,1.34848,62,311.55145,317.0,370.0,207.0,,
755,NFLX,2025-12-03,buy,False,True,bullish,skipped,False,False,http_429,ok,True,False,,ok,True,False,True,,True,False,False,False,False,False,False,False,True,False,False,analyst_unknown,event_time_historical,yfinance_upgrades_downgrades,buy,1.68,44,114.555,115.0,151.4,80.0,,
756,AMZN,2024-02-20,buy,True,True,bullish,skipped,False,False,http_429,ok,True,False,,ok,True,False,True,,True,False,False,False,False,False,False,False,True,False,False,analyst_unknown,event_time_historical,yfinance_upgrades_downgrades,strong_buy,1.34848,62,311.55145,317.0,370.0,207.0,,
757,NVDA,2024-07-22,sell,True,True,bearish,skipped,False,False,http_429,ok,True,False,,ok,True,False,True,,True,False,False,False,False,False,False,False,True,False,False,analyst_unknown,event_time_historical,yfinance_upgrades_downgrades,strong_buy,1.29508,57,272.93738,275.0,380.0,140.0,,
758,NVDA,2024-07-22,buy,True,True,bullish,skipped,False,False,http_429,ok,True,False,,ok,True,False,True,,True,False,False,False,False,False,False,False,True,False,False,analyst_unknown,event_time_historical,yfinance_upgrades_downgrades,strong_buy,1.29508,57,272.93738,275.0,380.0,140.0,,
759,MSFT,2024-07-22,buy,False,True,bullish,skipped,False,False,http_429,ok,True,False,,ok,True,False,True,,True,False,False,False,False,False,False,False,True,False,False,analyst_unknown,event_time_historical,yfinance_upgrades_downgrades,strong_buy,1.30909,54,561.5561,562.5,870.0,400.0,,
760,MSFT,2024-07-22,buy,False,True,bullish,skipped,False,False,http_429,ok,True,False,,ok,True,False,True,,True,False,False,False,False,False,False,False,True,False,False,analyst_unknown,event_time_historical,yfinance_upgrades_downgrades,strong_buy,1.30909,54,561.5561,562.5,870.0,400.0,,
761,MSFT,2024-07-22,buy,False,True,bullish,skipped,False,False,http_429,ok,True,False,,ok,True,False,True,,True,False,False,False,False,False,False,False,True,False,False,analyst_unknown,event_time_historical,yfinance_upgrades_downgrades,strong_buy,1.30909,54,561.5561,562.5,870.0,400.0,,
762,TSLA,2024-07-22,buy,True,True,bullish,skipped,False,False,http_429,ok,True,False,,ok,True,False,True,,True,False,False,False,False,False,False,False,True,False,False,analyst_unknown,event_time_historical,yfinance_upgrades_downgrades,buy,2.3617,41,412.25366,450.0,600.0,123.0,,
763,TSLA,2024-07-22,buy,True,False,bullish,skipped,False,False,http_429,ok,True,False,,ok,True,False,True,,True,False,False,False,False,False,False,False,True,False,False,analyst_unknown,event_time_historical,yfinance_upgrades_downgrades,buy,2.3617,41,412.25366,450.0,600.0,123.0,,
764,TSLA,2024-07-22,sell,True,True,bearish,skipped,False,False,http_429,ok,True,False,,ok,True,False,True,,True,False,False,False,False,False,False,False,True,False,False,analyst_unknown,event_time_historical,yfinance_upgrades_downgrades,buy,2.3617,41,412.25366,450.0,600.0,123.0,,
765,MSFT,2022-10-17,buy,False,True,bullish,skipped,False,False,http_429,ok,True,False,,ok,True,False,True,,True,False,False,False,False,False,False,False,True,False,False,analyst_unknown,event_time_historical,yfinance_upgrades_downgrades,strong_buy,1.30909,54,561.5561,562.5,870.0,400.0,,
766,AAPL,2025-08-18,sell,True,True,bearish,skipped,False,False,http_429,ok,True,False,,ok,True,False,True,,True,False,False,False,False,False,False,False,True,False,False,analyst_unknown,event_time_historical,yfinance_upgrades_downgrades,buy,1.95833,43,308.06512,310.0,400.0,215.0,,
767,AAPL,2025-08-18,sell,True,True,bearish,skipped,False,False,http_429,ok,True,False,,ok,True,False,True,,True,False,False,False,False,False,False,False,True,False,False,analyst_unknown,event_time_historical,yfinance_upgrades_downgrades,buy,1.95833,43,308.06512,310.0,400.0,215.0,,
768,NVDA,2024-05-24,buy,True,True,bullish,skipped,False,False,http_429,ok,True,False,,ok,True,False,True,,True,False,False,False,False,False,False,False,True,False,False,analyst_unknown,event_time_historical,yfinance_upgrades_downgrades,strong_buy,1.29508,57,272.93738,275.0,380.0,140.0,,
769,MSFT,2024-05-24,buy,False,True,bullish,skipped,False,False,http_429,ok,True,False,,ok,True,False,True,,True,False,False,False,False,False,False,False,True,False,False,analyst_unknown,event_time_historical,yfinance_upgrades_downgrades,strong_buy,1.30909,54,561.5561,562.5,870.0,400.0,,
770,NFLX,2024-05-24,buy,False,True,bullish,skipped,False,False,http_429,ok,True,False,,ok,True,False,True,,True,False,False,False,False,False,False,False,True,False,False,analyst_unknown,event_time_historical,yfinance_upgrades_downgrades,buy,1.68,44,114.555,115.0,151.4,80.0,,
771,AAPL,2024-08-23,sell,True,True,bearish,skipped,False,False,http_429,ok,True,False,,ok,True,False,True,,True,False,False,False,False,False,False,False,True,False,False,analyst_unknown,event_time_historical,yfinance_upgrades_downgrades,buy,1.95833,43,308.06512,310.0,400.0,215.0,,
772,AAPL,2024-08-23,buy,True,True,bullish,skipped,False,False,http_429,ok,True,False,,ok,True,False,True,,True,False,False,False,False,False,False,False,True,False,False,analyst_unknown,event_time_historical,yfinance_upgrades_downgrades,buy,1.95833,43,308.06512,310.0,400.0,215.0,,
773,TSLA,2024-08-23,buy,True,True,bullish,skipped,False,False,http_429,ok,True,False,,ok,True,False,True,,True,False,False,False,False,False,False,False,True,False,False,analyst_unknown,event_time_historical,yfinance_upgrades_downgrades,buy,2.3617,41,412.25366,450.0,600.0,123.0,,
774,GOOGL,2024-08-23,buy,False,True,bullish,skipped,False,False,http_429,ok,True,False,,ok,True,False,True,,True,False,False,False,False,False,False,False,True,False,False,analyst_unknown,event_time_historical,yfinance_upgrades_downgrades,strong_buy,1.39683,52,427.88712,430.0,515.0,334.22,,
775,PYPL,2025-11-21,buy,False,True,bullish,skipped,False,False,http_429,ok,True,False,,ok,True,False,True,,True,False,False,False,False,False,False,False,True,False,False,analyst_unknown,event_time_historical,yfinance_upgrades_downgrades,hold,2.88636,34,52.52618,48.0,147.39,32.0,,
776,GOOGL,2025-12-01,buy,False,True,bullish,skipped,False,False,http_429,ok,True,False,,ok,True,False,True,,True,False,False,False,False,False,False,False,True,False,False,analyst_unknown,event_time_historical,yfinance_upgrades_downgrades,strong_buy,1.39683,52,427.88712,430.0,515.0,334.22,,
777,GOOGL,2026-04-22,buy,False,True,bullish,skipped,False,False,http_429,ok,True,False,,ok,True,False,False,,True,True,False,False,False,True,False,True,False,True,False,analyst_bullish_aligned,event_time_historical,finnhub_recommendation,strong_buy,1.39683,52,427.88712,430.0,515.0,334.22,,2026-04-01
778,AAPL,2024-02-15,sell,True,True,bearish,skipped,False,False,http_429,ok,True,False,,ok,True,False,True,,True,False,False,False,False,False,False,False,True,False,False,analyst_unknown,event_time_historical,yfinance_upgrades_downgrades,buy,1.95833,43,308.06512,310.0,400.0,215.0,,
779,MSFT,2024-02-15,sell,False,True,bearish,skipped,False,False,http_429,ok,True,False,,ok,True,False,True,,True,False,False,False,False,False,False,False,True,False,False,analyst_unknown,event_time_historical,yfinance_upgrades_downgrades,strong_buy,1.30909,54,561.5561,562.5,870.0,400.0,,
780,NVDA,2025-12-09,sell,True,True,bearish,skipped,False,False,http_429,ok,True,False,,ok,True,False,True,,True,False,False,False,False,False,False,False,True,False,False,analyst_unknown,event_time_historical,yfinance_upgrades_downgrades,strong_buy,1.29508,57,272.93738,275.0,380.0,140.0,,
781,PYPL,2025-12-09,buy,False,True,bullish,skipped,False,False,http_429,ok,True,False,,ok,True,False,True,,True,False,False,False,False,False,False,False,True,False,False,analyst_unknown,event_time_historical,yfinance_upgrades_downgrades,hold,2.88636,34,52.52618,48.0,147.39,32.0,,
782,PYPL,2025-12-09,buy,False,True,bullish,skipped,False,False,http_429,ok,True,False,,ok,True,False,True,,True,False,False,False,False,False,False,False,True,False,False,analyst_unknown,event_time_historical,yfinance_upgrades_downgrades,hold,2.88636,34,52.52618,48.0,147.39,32.0,,
784,NFLX,2024-01-26,buy,False,True,bullish,skipped,False,False,http_429,ok,True,False,,ok,True,False,True,,True,False,False,False,False,False,False,False,True,False,False,analyst_unknown,event_time_historical,yfinance_upgrades_downgrades,buy,1.68,44,114.555,115.0,151.4,80.0,,
785,AAPL,2024-02-01,buy,True,True,bullish,skipped,False,False,http_429,ok,True,False,,ok,True,False,True,,True,False,False,False,False,False,False,False,True,False,False,analyst_unknown,event_time_historical,yfinance_upgrades_downgrades,buy,1.95833,43,308.06512,310.0,400.0,215.0,,
786,AMZN,2024-02-01,buy,True,False,bullish,skipped,False,False,http_429,ok,True,False,,ok,True,False,True,,True,False,False,False,False,False,False,False,True,False,False,analyst_unknown,event_time_historical,yfinance_upgrades_downgrades,strong_buy,1.34848,62,311.55145,317.0,370.0,207.0,,
787,MSFT,2025-06-20,buy,False,True,bullish,skipped,False,False,http_429,ok,True,False,,ok,True,False,True,,True,False,False,False,False,False,False,False,True,False,False,analyst_unknown,event_time_historical,yfinance_upgrades_downgrades,strong_buy,1.30909,54,561.5561,562.5,870.0,400.0,,
788,NVDA,2024-09-09,buy,True,True,bullish,skipped,False,False,http_429,ok,True,False,,ok,True,False,True,,True,False,False,False,False,False,False,False,True,False,False,analyst_unknown,event_time_historical,yfinance_upgrades_downgrades,strong_buy,1.29508,57,272.93738,275.0,380.0,140.0,,
789,GOOGL,2024-09-09,buy,False,True,bullish,skipped,False,False,http_429,ok,True,False,,ok,True,False,True,,True,False,False,False,False,False,False,False,True,False,False,analyst_unknown,event_time_historical,yfinance_upgrades_downgrades,strong_buy,1.39683,52,427.88712,430.0,515.0,334.22,,
790,AAPL,2023-12-26,buy,True,True,bullish,skipped,False,False,http_429,ok,True,False,,ok,True,False,True,,True,False,False,False,False,False,False,False,True,False,False,analyst_unknown,event_time_historical,yfinance_upgrades_downgrades,buy,1.95833,43,308.06512,310.0,400.0,215.0,,
791,AAPL,2023-12-26,buy,True,True,bullish,skipped,False,False,http_429,ok,True,False,,ok,True,False,True,,True,False,False,False,False,False,False,False,True,False,False,analyst_unknown,event_time_historical,yfinance_upgrades_downgrades,buy,1.95833,43,308.06512,310.0,400.0,215.0,,
792,HOOD,2026-04-23,buy,False,True,bullish,skipped,False,False,http_429,ok,True,False,,ok,True,False,False,,True,True,False,False,False,True,True,True,False,True,False,analyst_bullish_aligned,event_time_historical,finnhub_recommendation,buy,1.92593,24,98.43792,97.5,155.0,52.0,,2026-04-01
793,HOOD,2026-04-23,sell,False,True,bearish,skipped,False,False,http_429,ok,True,False,,ok,True,False,False,,True,False,False,False,True,True,True,True,False,True,False,finfluencer_contrarian_to_analyst,event_time_historical,finnhub_recommendation,buy,1.92593,24,98.43792,97.5,155.0,52.0,,2026-04-01
794,HOOD,2026-04-23,sell,False,False,bearish,skipped,False,False,http_429,ok,True,False,,ok,True,False,False,,True,False,False,False,True,True,True,True,False,True,False,finfluencer_contrarian_to_analyst,event_time_historical,finnhub_recommendation,buy,1.92593,24,98.43792,97.5,155.0,52.0,,2026-04-01
795,MSFT,2024-01-30,sell,False,True,bearish,skipped,False,False,http_429,ok,True,False,,ok,True,False,True,,True,False,False,False,False,False,False,False,True,False,False,analyst_unknown,event_time_historical,yfinance_upgrades_downgrades,strong_buy,1.30909,54,561.5561,562.5,870.0,400.0,,
796,GOOGL,2024-01-30,sell,False,True,bearish,skipped,False,False,http_429,ok,True,False,,ok,True,False,True,,True,False,False,False,False,False,False,False,True,False,False,analyst_unknown,event_time_historical,yfinance_upgrades_downgrades,strong_buy,1.39683,52,427.88712,430.0,515.0,334.22,,
797,AMZN,2024-08-01,sell,True,True,bearish,skipped,False,False,http_429,ok,True,False,,ok,True,False,True,,True,False,False,False,False,False,False,False,True,False,False,analyst_unknown,event_time_historical,yfinance_upgrades_downgrades,strong_buy,1.34848,62,311.55145,317.0,370.0,207.0,,
798,AMZN,2024-08-01,sell,True,True,bearish,skipped,False,False,http_429,ok,True,False,,ok,True,False,True,,True,False,False,False,False,False,False,False,True,False,False,analyst_unknown,event_time_historical,yfinance_upgrades_downgrades,strong_buy,1.34848,62,311.55145,317.0,370.0,207.0,,
799,DIS,2022-11-17,sell,False,True,bearish,skipped,False,False,http_429,ok,True,False,,ok,True,False,True,,True,False,False,False,False,False,False,False,True,False,False,analyst_unknown,event_time_historical,yfinance_upgrades_downgrades,strong_buy,1.46667,29,130.66553,132.0,164.0,77.0,,
800,AAPL,2024-06-07,buy,True,False,bullish,skipped,False,False,http_429,ok,True,False,,ok,True,False,True,,True,False,False,False,False,False,False,False,True,False,False,analyst_unknown,event_time_historical,yfinance_upgrades_downgrades,buy,1.95833,43,308.06512,310.0,400.0,215.0,,
801,GOOGL,2024-06-07,buy,False,True,bullish,skipped,False,False,http_429,ok,True,False,,ok,True,False,True,,True,False,False,False,False,False,False,False,True,False,False,analyst_unknown,event_time_historical,yfinance_upgrades_downgrades,strong_buy,1.39683,52,427.88712,430.0,515.0,334.22,,
802,AMZN,2024-02-13,buy,True,True,bullish,skipped,False,False,http_429,ok,True,False,,ok,True,False,True,,True,False,False,False,False,False,False,False,True,False,False,analyst_unknown,event_time_historical,yfinance_upgrades_downgrades,strong_buy,1.34848,62,311.55145,317.0,370.0,207.0,,
803,AMD,2025-11-12,buy,True,True,bullish,skipped,False,False,http_429,ok,True,False,,ok,True,False,True,,True,False,False,False,False,False,False,False,True,False,False,analyst_unknown,event_time_historical,yfinance_upgrades_downgrades,buy,1.5098,48,457.83334,474.0,625.0,225.0,,
804,NVDA,2025-12-17,buy,True,True,bullish,skipped,False,False,http_429,ok,True,False,,ok,True,False,True,,True,False,False,False,False,False,False,False,True,False,False,analyst_unknown,event_time_historical,yfinance_upgrades_downgrades,strong_buy,1.29508,57,272.93738,275.0,380.0,140.0,,
805,NFLX,2022-10-11,buy,False,True,bullish,skipped,False,False,http_429,ok,True,False,,ok,True,False,True,,True,False,False,False,False,False,False,False,True,False,False,analyst_unknown,event_time_historical,yfinance_upgrades_downgrades,buy,1.68,44,114.555,115.0,151.4,80.0,,
806,UBER,2026-04-17,buy,False,False,bullish,skipped,False,False,http_429,ok,True,False,,ok,True,False,False,,True,True,False,False,False,True,True,True,False,True,False,analyst_bullish_aligned,event_time_historical,finnhub_recommendation,buy,1.51923,50,104.9312,107.0,150.0,70.0,,2026-04-01
807,PYPL,2025-12-01,buy,False,True,bullish,skipped,False,False,http_429,ok,True,False,,ok,True,False,True,,True,False,False,False,False,False,False,False,True,False,False,analyst_unknown,event_time_historical,yfinance_upgrades_downgrades,hold,2.88636,34,52.52618,48.0,147.39,32.0,,
808,PYPL,2026-02-05,buy,False,True,bullish,skipped,False,False,http_429,ok,True,False,,ok,True,False,False,,True,False,False,True,False,True,True,False,False,True,False,analyst_neutral_or_mixed,event_time_historical,finnhub_recommendation,hold,2.88636,34,52.52618,48.0,147.39,32.0,,2026-02-01
809,AMZN,2024-02-07,buy,True,False,bullish,skipped,False,False,http_429,ok,True,False,,ok,True,False,True,,True,False,False,False,False,False,False,False,True,False,False,analyst_unknown,event_time_historical,yfinance_upgrades_downgrades,strong_buy,1.34848,62,311.55145,317.0,370.0,207.0,,
810,AMZN,2026-03-02,buy,True,True,bullish,skipped,False,False,http_429,ok,True,False,,ok,True,False,False,,True,True,False,False,False,True,False,True,False,True,False,analyst_bullish_aligned,event_time_historical,finnhub_recommendation,strong_buy,1.34848,62,311.55145,317.0,370.0,207.0,,2026-03-01
811,PYPL,2025-12-29,sell,False,True,bearish,skipped,False,False,http_429,ok,True,False,,ok,True,False,True,,True,False,False,False,False,False,False,False,True,False,False,analyst_unknown,event_time_historical,yfinance_upgrades_downgrades,hold,2.88636,34,52.52618,48.0,147.39,32.0,,
812,NVDA,2026-01-05,buy,True,True,bullish,skipped,False,False,http_429,ok,True,False,,ok,True,False,True,,True,False,False,False,False,False,False,False,True,False,False,analyst_unknown,event_time_historical,yfinance_upgrades_downgrades,strong_buy,1.29508,57,272.93738,275.0,380.0,140.0,,
813,AMZN,2026-04-27,buy,True,True,bullish,skipped,False,False,http_429,ok,True,False,,ok,True,False,False,,True,True,False,False,False,True,False,True,False,True,False,analyst_bullish_aligned,event_time_historical,finnhub_recommendation,strong_buy,1.34848,62,311.55145,317.0,370.0,207.0,,2026-04-01
814,PYPL,2024-04-29,buy,False,True,bullish,skipped,False,False,http_429,ok,True,False,,ok,True,False,True,,True,False,False,False,False,False,False,False,True,False,False,analyst_unknown,event_time_historical,yfinance_upgrades_downgrades,hold,2.88636,34,52.52618,48.0,147.39,32.0,,
815,AMD,2024-04-29,sell,True,False,bearish,skipped,False,False,http_429,ok,True,False,,ok,True,False,True,,True,False,False,False,False,False,False,False,True,False,False,analyst_unknown,event_time_historical,yfinance_upgrades_downgrades,buy,1.5098,48,457.83334,474.0,625.0,225.0,,
816,AMZN,2025-04-16,buy,True,True,bullish,skipped,False,False,http_429,ok,True,False,,ok,True,False,True,,True,False,False,False,False,False,False,False,True,False,False,analyst_unknown,event_time_historical,yfinance_upgrades_downgrades,strong_buy,1.34848,62,311.55145,317.0,370.0,207.0,,
817,AMZN,2025-04-16,buy,True,True,bullish,skipped,False,False,http_429,ok,True,False,,ok,True,False,True,,True,False,False,False,False,False,False,False,True,False,False,analyst_unknown,event_time_historical,yfinance_upgrades_downgrades,strong_buy,1.34848,62,311.55145,317.0,370.0,207.0,,
818,TSLA,2025-03-19,buy,True,True,bullish,skipped,False,False,http_429,ok,True,False,,ok,True,False,True,,True,False,False,False,False,False,False,False,True,False,False,analyst_unknown,event_time_historical,yfinance_upgrades_downgrades,buy,2.3617,41,412.25366,450.0,600.0,123.0,,
819,AMZN,2025-03-19,buy,True,True,bullish,skipped,False,False,http_429,ok,True,False,,ok,True,False,True,,True,False,False,False,False,False,False,False,True,False,False,analyst_unknown,event_time_historical,yfinance_upgrades_downgrades,strong_buy,1.34848,62,311.55145,317.0,370.0,207.0,,
820,NVDA,2024-05-22,sell,True,False,bearish,skipped,False,False,http_429,ok,True,False,,ok,True,False,True,,True,False,False,False,False,False,False,False,True,False,False,analyst_unknown,event_time_historical,yfinance_upgrades_downgrades,strong_buy,1.29508,57,272.93738,275.0,380.0,140.0,,
821,NVDA,2024-05-22,sell,True,False,bearish,skipped,False,False,http_429,ok,True,False,,ok,True,False,True,,True,False,False,False,False,False,False,False,True,False,False,analyst_unknown,event_time_historical,yfinance_upgrades_downgrades,strong_buy,1.29508,57,272.93738,275.0,380.0,140.0,,
822,AMZN,2025-01-13,buy,True,True,bullish,skipped,False,False,http_429,ok,True,False,,ok,True,False,True,,True,False,False,False,False,False,False,False,True,False,False,analyst_unknown,event_time_historical,yfinance_upgrades_downgrades,strong_buy,1.34848,62,311.55145,317.0,370.0,207.0,,
823,TSLA,2025-01-13,sell,True,True,bearish,skipped,False,False,http_429,ok,True,False,,ok,True,False,True,,True,False,False,False,False,False,False,False,True,False,False,analyst_unknown,event_time_historical,yfinance_upgrades_downgrades,buy,2.3617,41,412.25366,450.0,600.0,123.0,,
824,TSLA,2025-01-13,sell,True,True,bearish,skipped,False,False,http_429,ok,True,False,,ok,True,False,True,,True,False,False,False,False,False,False,False,True,False,False,analyst_unknown,event_time_historical,yfinance_upgrades_downgrades,buy,2.3617,41,412.25366,450.0,600.0,123.0,,
825,GOOGL,2025-01-13,buy,False,True,bullish,skipped,False,False,http_429,ok,True,False,,ok,True,False,True,,True,False,False,False,False,False,False,False,True,False,False,analyst_unknown,event_time_historical,yfinance_upgrades_downgrades,strong_buy,1.39683,52,427.88712,430.0,515.0,334.22,,
826,UBER,2026-04-27,buy,False,False,bullish,skipped,False,False,http_429,ok,True,False,,ok,True,False,False,,True,True,False,False,False,True,True,True,False,True,False,analyst_bullish_aligned,event_time_historical,finnhub_recommendation,buy,1.51923,50,104.9312,107.0,150.0,70.0,,2026-04-01
827,UBER,2026-04-27,buy,False,False,bullish,skipped,False,False,http_429,ok,True,False,,ok,True,False,False,,True,True,False,False,False,True,True,True,False,True,False,analyst_bullish_aligned,event_time_historical,finnhub_recommendation,buy,1.51923,50,104.9312,107.0,150.0,70.0,,2026-04-01
828,MSFT,2024-03-27,sell,False,True,bearish,skipped,False,False,http_429,ok,True,False,,ok,True,False,True,,True,False,False,False,False,False,False,False,True,False,False,analyst_unknown,event_time_historical,yfinance_upgrades_downgrades,strong_buy,1.30909,54,561.5561,562.5,870.0,400.0,,
829,AMZN,2024-03-27,buy,True,True,bullish,skipped,False,False,http_429,ok,True,False,,ok,True,False,True,,True,False,False,False,False,False,False,False,True,False,False,analyst_unknown,event_time_historical,yfinance_upgrades_downgrades,strong_buy,1.34848,62,311.55145,317.0,370.0,207.0,,
830,GOOGL,2024-03-27,sell,False,True,bearish,skipped,False,False,http_429,ok,True,False,,ok,True,False,True,,True,False,False,False,False,False,False,False,True,False,False,analyst_unknown,event_time_historical,yfinance_upgrades_downgrades,strong_buy,1.39683,52,427.88712,430.0,515.0,334.22,,
831,NVDA,2024-03-27,buy,True,True,bullish,skipped,False,False,http_429,ok,True,False,,ok,True,False,True,,True,False,False,False,False,False,False,False,True,False,False,analyst_unknown,event_time_historical,yfinance_upgrades_downgrades,strong_buy,1.29508,57,272.93738,275.0,380.0,140.0,,
832,META,2026-01-16,buy,False,True,bullish,skipped,False,False,http_429,ok,True,False,,ok,True,False,True,,True,False,False,False,False,False,False,False,True,False,False,analyst_unknown,event_time_historical,yfinance_upgrades_downgrades,strong_buy,1.34921,58,826.69104,825.0,1015.0,614.0,,
833,NVDA,2026-01-29,buy,True,True,bullish,skipped,False,False,http_429,ok,True,False,,ok,True,False,True,,True,False,False,False,False,False,False,False,True,False,False,analyst_unknown,event_time_historical,yfinance_upgrades_downgrades,strong_buy,1.29508,57,272.93738,275.0,380.0,140.0,,
834,GOOGL,2024-04-25,buy,False,True,bullish,skipped,False,False,http_429,ok,True,False,,ok,True,False,True,,True,False,False,False,False,False,False,False,True,False,False,analyst_unknown,event_time_historical,yfinance_upgrades_downgrades,strong_buy,1.39683,52,427.88712,430.0,515.0,334.22,,
835,GOOGL,2024-04-25,sell,False,True,bearish,skipped,False,False,http_429,ok,True,False,,ok,True,False,True,,True,False,False,False,False,False,False,False,True,False,False,analyst_unknown,event_time_historical,yfinance_upgrades_downgrades,strong_buy,1.39683,52,427.88712,430.0,515.0,334.22,,
836,GOOGL,2026-02-04,buy,False,True,bullish,skipped,False,False,http_429,ok,True,False,,ok,True,False,False,,True,True,False,False,False,True,False,True,False,True,False,analyst_bullish_aligned,event_time_historical,finnhub_recommendation,strong_buy,1.39683,52,427.88712,430.0,515.0,334.22,,2026-02-01
837,NVDA,2025-05-05,buy,True,False,bullish,skipped,False,False,http_429,ok,True,False,,ok,True,False,True,,True,False,False,False,False,False,False,False,True,False,False,analyst_unknown,event_time_historical,yfinance_upgrades_downgrades,strong_buy,1.29508,57,272.93738,275.0,380.0,140.0,,
838,GOOGL,2025-05-05,buy,False,True,bullish,skipped,False,False,http_429,ok,True,False,,ok,True,False,True,,True,False,False,False,False,False,False,False,True,False,False,analyst_unknown,event_time_historical,yfinance_upgrades_downgrades,strong_buy,1.39683,52,427.88712,430.0,515.0,334.22,,
839,AMZN,2025-05-05,buy,True,True,bullish,skipped,False,False,http_429,ok,True,False,,ok,True,False,True,,True,False,False,False,False,False,False,False,True,False,False,analyst_unknown,event_time_historical,yfinance_upgrades_downgrades,strong_buy,1.34848,62,311.55145,317.0,370.0,207.0,,
840,SOFI,2025-06-11,buy,False,True,bullish,skipped,False,False,http_429,ok,True,False,,ok,True,False,True,,True,False,False,False,False,False,False,False,True,False,False,analyst_unknown,event_time_historical,yfinance_upgrades_downgrades,hold,2.70833,20,21.1,18.5,31.0,12.0,,
841,SOFI,2025-06-11,buy,False,True,bullish,skipped,False,False,http_429,ok,True,False,,ok,True,False,True,,True,False,False,False,False,False,False,False,True,False,False,analyst_unknown,event_time_historical,yfinance_upgrades_downgrades,hold,2.70833,20,21.1,18.5,31.0,12.0,,
842,NVDA,2024-12-16,buy,True,True,bullish,skipped,False,False,http_429,ok,True,False,,ok,True,False,True,,True,False,False,False,False,False,False,False,True,False,False,analyst_unknown,event_time_historical,yfinance_upgrades_downgrades,strong_buy,1.29508,57,272.93738,275.0,380.0,140.0,,
843,GOOGL,2024-12-16,buy,False,True,bullish,skipped,False,False,http_429,ok,True,False,,ok,True,False,True,,True,False,False,False,False,False,False,False,True,False,False,analyst_unknown,event_time_historical,yfinance_upgrades_downgrades,strong_buy,1.39683,52,427.88712,430.0,515.0,334.22,,
844,MSFT,2024-12-16,buy,False,True,bullish,skipped,False,False,http_429,ok,True,False,,ok,True,False,True,,True,False,False,False,False,False,False,False,True,False,False,analyst_unknown,event_time_historical,yfinance_upgrades_downgrades,strong_buy,1.30909,54,561.5561,562.5,870.0,400.0,,
845,AAPL,2024-05-16,buy,True,True,bullish,skipped,False,False,http_429,ok,True,False,,ok,True,False,True,,True,False,False,False,False,False,False,False,True,False,False,analyst_unknown,event_time_historical,yfinance_upgrades_downgrades,buy,1.95833,43,308.06512,310.0,400.0,215.0,,
846,AAPL,2024-05-16,buy,True,True,bullish,skipped,False,False,http_429,ok,True,False,,ok,True,False,True,,True,False,False,False,False,False,False,False,True,False,False,analyst_unknown,event_time_historical,yfinance_upgrades_downgrades,buy,1.95833,43,308.06512,310.0,400.0,215.0,,
847,AMZN,2024-11-29,buy,True,True,bullish,skipped,False,False,http_429,ok,True,False,,ok,True,False,True,,True,False,False,False,False,False,False,False,True,False,False,analyst_unknown,event_time_historical,yfinance_upgrades_downgrades,strong_buy,1.34848,62,311.55145,317.0,370.0,207.0,,
848,TSLA,2024-11-29,buy,True,True,bullish,skipped,False,False,http_429,ok,True,False,,ok,True,False,True,,True,False,False,False,False,False,False,False,True,False,False,analyst_unknown,event_time_historical,yfinance_upgrades_downgrades,buy,2.3617,41,412.25366,450.0,600.0,123.0,,
849,AAPL,2024-11-29,buy,True,True,bullish,skipped,False,False,http_429,ok,True,False,,ok,True,False,True,,True,False,False,False,False,False,False,False,True,False,False,analyst_unknown,event_time_historical,yfinance_upgrades_downgrades,buy,1.95833,43,308.06512,310.0,400.0,215.0,,
850,MSFT,2024-11-29,buy,False,True,bullish,skipped,False,False,http_429,ok,True,False,,ok,True,False,True,,True,False,False,False,False,False,False,False,True,False,False,analyst_unknown,event_time_historical,yfinance_upgrades_downgrades,strong_buy,1.30909,54,561.5561,562.5,870.0,400.0,,
851,AMD,2026-01-30,buy,True,True,bullish,skipped,False,False,http_429,ok,True,False,,ok,True,False,True,,True,False,False,False,False,False,False,False,True,False,False,analyst_unknown,event_time_historical,yfinance_upgrades_downgrades,buy,1.5098,48,457.83334,474.0,625.0,225.0,,
852,TSLA,2026-01-29,buy,True,True,bullish,skipped,False,False,http_429,ok,True,False,,ok,True,False,True,,True,False,False,False,False,False,False,False,True,False,False,analyst_unknown,event_time_historical,yfinance_upgrades_downgrades,buy,2.3617,41,412.25366,450.0,600.0,123.0,,
853,TSLA,2026-01-29,buy,True,True,bullish,skipped,False,False,http_429,ok,True,False,,ok,True,False,True,,True,False,False,False,False,False,False,False,True,False,False,analyst_unknown,event_time_historical,yfinance_upgrades_downgrades,buy,2.3617,41,412.25366,450.0,600.0,123.0,,
854,AMZN,2026-01-29,buy,True,True,bullish,skipped,False,False,http_429,ok,True,False,,ok,True,False,True,,True,False,False,False,False,False,False,False,True,False,False,analyst_unknown,event_time_historical,yfinance_upgrades_downgrades,strong_buy,1.34848,62,311.55145,317.0,370.0,207.0,,
855,MSFT,2026-01-29,buy,False,True,bullish,skipped,False,False,http_429,ok,True,False,,ok,True,False,True,,True,False,False,False,False,False,False,False,True,False,False,analyst_unknown,event_time_historical,yfinance_upgrades_downgrades,strong_buy,1.30909,54,561.5561,562.5,870.0,400.0,,
856,SOFI,2026-01-05,buy,False,True,bullish,skipped,False,False,http_429,ok,True,False,,ok,True,False,True,,True,False,False,False,False,False,False,False,True,False,False,analyst_unknown,event_time_historical,yfinance_upgrades_downgrades,hold,2.70833,20,21.1,18.5,31.0,12.0,,
857,GOOGL,2025-04-22,buy,False,True,bullish,skipped,False,False,http_429,ok,True,False,,ok,True,False,True,,True,False,False,False,False,False,False,False,True,False,False,analyst_unknown,event_time_historical,yfinance_upgrades_downgrades,strong_buy,1.39683,52,427.88712,430.0,515.0,334.22,,
858,META,2026-04-27,buy,False,True,bullish,skipped,False,False,http_429,ok,True,False,,ok,True,False,False,,True,True,False,False,False,True,False,True,False,True,False,analyst_bullish_aligned,event_time_historical,finnhub_recommendation,strong_buy,1.34921,58,826.69104,825.0,1015.0,614.0,,2026-04-01
859,META,2026-04-24,buy,False,False,bullish,skipped,False,False,http_429,ok,True,False,,ok,True,False,False,,True,True,False,False,False,True,False,True,False,True,False,analyst_bullish_aligned,event_time_historical,finnhub_recommendation,strong_buy,1.34921,58,826.69104,825.0,1015.0,614.0,,2026-04-01
860,META,2026-04-24,buy,False,True,bullish,skipped,False,False,http_429,ok,True,False,,ok,True,False,False,,True,True,False,False,False,True,False,True,False,True,False,analyst_bullish_aligned,event_time_historical,finnhub_recommendation,strong_buy,1.34921,58,826.69104,825.0,1015.0,614.0,,2026-04-01
861,GOOGL,2022-11-30,buy,False,True,bullish,skipped,False,False,http_429,ok,True,False,,ok,True,False,True,,True,False,False,False,False,False,False,False,True,False,False,analyst_unknown,event_time_historical,yfinance_upgrades_downgrades,strong_buy,1.39683,52,427.88712,430.0,515.0,334.22,,
862,PYPL,2026-02-17,sell,False,True,bearish,skipped,False,False,http_429,ok,True,False,,ok,True,False,False,,True,False,False,True,False,True,True,False,False,True,False,analyst_neutral_or_mixed,event_time_historical,finnhub_recommendation,hold,2.88636,34,52.52618,48.0,147.39,32.0,,2026-02-01
863,AMZN,2026-04-24,buy,True,True,bullish,skipped,False,False,http_429,ok,True,False,,ok,True,False,False,,True,True,False,False,False,True,False,True,False,True,False,analyst_bullish_aligned,event_time_historical,finnhub_recommendation,strong_buy,1.34848,62,311.55145,317.0,370.0,207.0,,2026-04-01
864,AMZN,2026-04-24,buy,True,False,bullish,skipped,False,False,http_429,ok,True,False,,ok,True,False,False,,True,True,False,False,False,True,False,True,False,True,False,analyst_bullish_aligned,event_time_historical,finnhub_recommendation,strong_buy,1.34848,62,311.55145,317.0,370.0,207.0,,2026-04-01
865,GOOGL,2024-04-17,buy,False,True,bullish,skipped,False,False,http_429,ok,True,False,,ok,True,False,True,,True,False,False,False,False,False,False,False,True,False,False,analyst_unknown,event_time_historical,yfinance_upgrades_downgrades,strong_buy,1.39683,52,427.88712,430.0,515.0,334.22,,
866,NVDA,2026-02-25,sell,True,True,bearish,skipped,False,False,http_429,ok,True,False,,ok,True,False,False,,True,False,False,False,True,True,True,True,False,True,False,finfluencer_contrarian_to_analyst,event_time_historical,finnhub_recommendation,strong_buy,1.29508,57,272.93738,275.0,380.0,140.0,,2026-02-01
867,PYPL,2026-01-05,buy,False,False,bullish,skipped,False,False,http_429,ok,True,False,,ok,True,False,True,,True,False,False,False,False,False,False,False,True,False,False,analyst_unknown,event_time_historical,yfinance_upgrades_downgrades,hold,2.88636,34,52.52618,48.0,147.39,32.0,,
868,NVDA,2025-12-31,buy,True,True,bullish,skipped,False,False,http_429,ok,True,False,,ok,True,False,True,,True,False,False,False,False,False,False,False,True,False,False,analyst_unknown,event_time_historical,yfinance_upgrades_downgrades,strong_buy,1.29508,57,272.93738,275.0,380.0,140.0,,
869,NVDA,2025-12-31,buy,True,True,bullish,skipped,False,False,http_429,ok,True,False,,ok,True,False,True,,True,False,False,False,False,False,False,False,True,False,False,analyst_unknown,event_time_historical,yfinance_upgrades_downgrades,strong_buy,1.29508,57,272.93738,275.0,380.0,140.0,,
870,AMD,2025-12-31,buy,True,True,bullish,skipped,False,False,http_429,ok,True,False,,ok,True,False,True,,True,False,False,False,False,False,False,False,True,False,False,analyst_unknown,event_time_historical,yfinance_upgrades_downgrades,buy,1.5098,48,457.83334,474.0,625.0,225.0,,
871,TSLA,2025-01-21,buy,True,True,bullish,skipped,False,False,http_429,ok,True,False,,ok,True,False,True,,True,False,False,False,False,False,False,False,True,False,False,analyst_unknown,event_time_historical,yfinance_upgrades_downgrades,buy,2.3617,41,412.25366,450.0,600.0,123.0,,
872,AAPL,2025-01-21,buy,True,True,bullish,skipped,False,False,http_429,ok,True,False,,ok,True,False,True,,True,False,False,False,False,False,False,False,True,False,False,analyst_unknown,event_time_historical,yfinance_upgrades_downgrades,buy,1.95833,43,308.06512,310.0,400.0,215.0,,
873,MSFT,2025-01-21,buy,False,True,bullish,skipped,False,False,http_429,ok,True,False,,ok,True,False,True,,True,False,False,False,False,False,False,False,True,False,False,analyst_unknown,event_time_historical,yfinance_upgrades_downgrades,strong_buy,1.30909,54,561.5561,562.5,870.0,400.0,,
874,NVDA,2026-01-16,buy,True,True,bullish,skipped,False,False,http_429,ok,True,False,,ok,True,False,True,,True,False,False,False,False,False,False,False,True,False,False,analyst_unknown,event_time_historical,yfinance_upgrades_downgrades,strong_buy,1.29508,57,272.93738,275.0,380.0,140.0,,
875,AMD,2026-01-16,buy,True,True,bullish,skipped,False,False,http_429,ok,True,False,,ok,True,False,True,,True,False,False,False,False,False,False,False,True,False,False,analyst_unknown,event_time_historical,yfinance_upgrades_downgrades,buy,1.5098,48,457.83334,474.0,625.0,225.0,,
876,MSFT,2024-12-27,buy,False,True,bullish,skipped,False,False,http_429,ok,True,False,,ok,True,False,True,,True,False,False,False,False,False,False,False,True,False,False,analyst_unknown,event_time_historical,yfinance_upgrades_downgrades,strong_buy,1.30909,54,561.5561,562.5,870.0,400.0,,
877,MSFT,2024-12-27,buy,False,True,bullish,skipped,False,False,http_429,ok,True,False,,ok,True,False,True,,True,False,False,False,False,False,False,False,True,False,False,analyst_unknown,event_time_historical,yfinance_upgrades_downgrades,strong_buy,1.30909,54,561.5561,562.5,870.0,400.0,,
878,NFLX,2024-12-27,buy,False,True,bullish,skipped,False,False,http_429,ok,True,False,,ok,True,False,True,,True,False,False,False,False,False,False,False,True,False,False,analyst_unknown,event_time_historical,yfinance_upgrades_downgrades,buy,1.68,44,114.555,115.0,151.4,80.0,,
879,TSLA,2025-01-03,buy,True,True,bullish,skipped,False,False,http_429,ok,True,False,,ok,True,False,True,,True,False,False,False,False,False,False,False,True,False,False,analyst_unknown,event_time_historical,yfinance_upgrades_downgrades,buy,2.3617,41,412.25366,450.0,600.0,123.0,,
880,NFLX,2025-01-03,buy,False,True,bullish,skipped,False,False,http_429,ok,True,False,,ok,True,False,True,,True,False,False,False,False,False,False,False,True,False,False,analyst_unknown,event_time_historical,yfinance_upgrades_downgrades,buy,1.68,44,114.555,115.0,151.4,80.0,,
881,NFLX,2026-01-12,buy,False,True,bullish,skipped,False,False,http_429,ok,True,False,,ok,True,False,True,,True,False,False,False,False,False,False,False,True,False,False,analyst_unknown,event_time_historical,yfinance_upgrades_downgrades,buy,1.68,44,114.555,115.0,151.4,80.0,,
882,NFLX,2026-01-12,buy,False,True,bullish,skipped,False,False,http_429,ok,True,False,,ok,True,False,True,,True,False,False,False,False,False,False,False,True,False,False,analyst_unknown,event_time_historical,yfinance_upgrades_downgrades,buy,1.68,44,114.555,115.0,151.4,80.0,,
883,MSFT,2026-01-12,buy,False,True,bullish,skipped,False,False,http_429,ok,True,False,,ok,True,False,True,,True,False,False,False,False,False,False,False,True,False,False,analyst_unknown,event_time_historical,yfinance_upgrades_downgrades,strong_buy,1.30909,54,561.5561,562.5,870.0,400.0,,
884,AMZN,2026-01-12,buy,True,True,bullish,skipped,False,False,http_429,ok,True,False,,ok,True,False,True,,True,False,False,False,False,False,False,False,True,False,False,analyst_unknown,event_time_historical,yfinance_upgrades_downgrades,strong_buy,1.34848,62,311.55145,317.0,370.0,207.0,,
885,AAPL,2024-12-06,buy,True,True,bullish,skipped,False,False,http_429,ok,True,False,,ok,True,False,True,,True,False,False,False,False,False,False,False,True,False,False,analyst_unknown,event_time_historical,yfinance_upgrades_downgrades,buy,1.95833,43,308.06512,310.0,400.0,215.0,,
886,GOOGL,2024-12-06,buy,False,True,bullish,skipped,False,False,http_429,ok,True,False,,ok,True,False,True,,True,False,False,False,False,False,False,False,True,False,False,analyst_unknown,event_time_historical,yfinance_upgrades_downgrades,strong_buy,1.39683,52,427.88712,430.0,515.0,334.22,,
887,TSLA,2024-04-22,buy,True,False,bullish,skipped,False,False,http_429,ok,True,False,,ok,True,False,True,,True,False,False,False,False,False,False,False,True,False,False,analyst_unknown,event_time_historical,yfinance_upgrades_downgrades,buy,2.3617,41,412.25366,450.0,600.0,123.0,,
888,MSFT,2024-04-22,sell,False,True,bearish,skipped,False,False,http_429,ok,True,False,,ok,True,False,True,,True,False,False,False,False,False,False,False,True,False,False,analyst_unknown,event_time_historical,yfinance_upgrades_downgrades,strong_buy,1.30909,54,561.5561,562.5,870.0,400.0,,
889,GOOGL,2024-04-22,sell,False,True,bearish,skipped,False,False,http_429,ok,True,False,,ok,True,False,True,,True,False,False,False,False,False,False,False,True,False,False,analyst_unknown,event_time_historical,yfinance_upgrades_downgrades,strong_buy,1.39683,52,427.88712,430.0,515.0,334.22,,
890,GOOGL,2024-04-22,sell,False,True,bearish,skipped,False,False,http_429,ok,True,False,,ok,True,False,True,,True,False,False,False,False,False,False,False,True,False,False,analyst_unknown,event_time_historical,yfinance_upgrades_downgrades,strong_buy,1.39683,52,427.88712,430.0,515.0,334.22,,
891,AMZN,2025-05-14,buy,True,True,bullish,skipped,False,False,http_429,ok,True,False,,ok,True,False,True,,True,False,False,False,False,False,False,False,True,False,False,analyst_unknown,event_time_historical,yfinance_upgrades_downgrades,strong_buy,1.34848,62,311.55145,317.0,370.0,207.0,,
892,TSLA,2024-11-11,sell,True,True,bearish,skipped,False,False,http_429,ok,True,False,,ok,True,False,True,,True,False,False,False,False,False,False,False,True,False,False,analyst_unknown,event_time_historical,yfinance_upgrades_downgrades,buy,2.3617,41,412.25366,450.0,600.0,123.0,,
893,AMZN,2024-11-11,buy,True,True,bullish,skipped,False,False,http_429,ok,True,False,,ok,True,False,True,,True,False,False,False,False,False,False,False,True,False,False,analyst_unknown,event_time_historical,yfinance_upgrades_downgrades,strong_buy,1.34848,62,311.55145,317.0,370.0,207.0,,
894,MSFT,2024-11-11,buy,False,True,bullish,skipped,False,False,http_429,ok,True,False,,ok,True,False,True,,True,False,False,False,False,False,False,False,True,False,False,analyst_unknown,event_time_historical,yfinance_upgrades_downgrades,strong_buy,1.30909,54,561.5561,562.5,870.0,400.0,,
895,NFLX,2024-11-11,buy,False,True,bullish,skipped,False,False,http_429,ok,True,False,,ok,True,False,True,,True,False,False,False,False,False,False,False,True,False,False,analyst_unknown,event_time_historical,yfinance_upgrades_downgrades,buy,1.68,44,114.555,115.0,151.4,80.0,,
896,UBER,2025-12-17,buy,False,True,bullish,skipped,False,False,http_429,ok,True,False,,ok,True,False,True,,True,False,False,False,False,False,False,False,True,False,False,analyst_unknown,event_time_historical,yfinance_upgrades_downgrades,buy,1.51923,50,104.9312,107.0,150.0,70.0,,
897,PYPL,2025-12-17,buy,False,True,bullish,skipped,False,False,http_429,ok,True,False,,ok,True,False,True,,True,False,False,False,False,False,False,False,True,False,False,analyst_unknown,event_time_historical,yfinance_upgrades_downgrades,hold,2.88636,34,52.52618,48.0,147.39,32.0,,
898,META,2026-01-26,sell,False,True,bearish,skipped,False,False,http_429,ok,True,False,,ok,True,False,True,,True,False,False,False,False,False,False,False,True,False,False,analyst_unknown,event_time_historical,yfinance_upgrades_downgrades,strong_buy,1.34921,58,826.69104,825.0,1015.0,614.0,,
899,AAPL,2024-05-06,sell,True,True,bearish,skipped,False,False,http_429,ok,True,False,,ok,True,False,True,,True,False,False,False,False,False,False,False,True,False,False,analyst_unknown,event_time_historical,yfinance_upgrades_downgrades,buy,1.95833,43,308.06512,310.0,400.0,215.0,,
900,AAPL,2024-05-06,sell,True,True,bearish,skipped,False,False,http_429,ok,True,False,,ok,True,False,True,,True,False,False,False,False,False,False,False,True,False,False,analyst_unknown,event_time_historical,yfinance_upgrades_downgrades,buy,1.95833,43,308.06512,310.0,400.0,215.0,,
901,AAPL,2024-05-06,sell,True,True,bearish,skipped,False,False,http_429,ok,True,False,,ok,True,False,True,,True,False,False,False,False,False,False,False,True,False,False,analyst_unknown,event_time_historical,yfinance_upgrades_downgrades,buy,1.95833,43,308.06512,310.0,400.0,215.0,,
902,AAPL,2024-05-06,sell,True,True,bearish,skipped,False,False,http_429,ok,True,False,,ok,True,False,True,,True,False,False,False,False,False,False,False,True,False,False,analyst_unknown,event_time_historical,yfinance_upgrades_downgrades,buy,1.95833,43,308.06512,310.0,400.0,215.0,,
903,AAPL,2024-05-06,sell,True,True,bearish,skipped,False,False,http_429,ok,True,False,,ok,True,False,True,,True,False,False,False,False,False,False,False,True,False,False,analyst_unknown,event_time_historical,yfinance_upgrades_downgrades,buy,1.95833,43,308.06512,310.0,400.0,215.0,,
904,AAPL,2024-05-06,sell,True,True,bearish,skipped,False,False,http_429,ok,True,False,,ok,True,False,True,,True,False,False,False,False,False,False,False,True,False,False,analyst_unknown,event_time_historical,yfinance_upgrades_downgrades,buy,1.95833,43,308.06512,310.0,400.0,215.0,,
905,AAPL,2024-05-06,buy,True,True,bullish,skipped,False,False,http_429,ok,True,False,,ok,True,False,True,,True,False,False,False,False,False,False,False,True,False,False,analyst_unknown,event_time_historical,yfinance_upgrades_downgrades,buy,1.95833,43,308.06512,310.0,400.0,215.0,,
906,AAPL,2024-05-06,sell,True,True,bearish,skipped,False,False,http_429,ok,True,False,,ok,True,False,True,,True,False,False,False,False,False,False,False,True,False,False,analyst_unknown,event_time_historical,yfinance_upgrades_downgrades,buy,1.95833,43,308.06512,310.0,400.0,215.0,,
907,AAPL,2024-05-06,sell,True,True,bearish,skipped,False,False,http_429,ok,True,False,,ok,True,False,True,,True,False,False,False,False,False,False,False,True,False,False,analyst_unknown,event_time_historical,yfinance_upgrades_downgrades,buy,1.95833,43,308.06512,310.0,400.0,215.0,,
908,NFLX,2024-12-20,buy,False,True,bullish,skipped,False,False,http_429,ok,True,False,,ok,True,False,True,,True,False,False,False,False,False,False,False,True,False,False,analyst_unknown,event_time_historical,yfinance_upgrades_downgrades,buy,1.68,44,114.555,115.0,151.4,80.0,,
909,NVDA,2024-12-20,sell,True,True,bearish,skipped,False,False,http_429,ok,True,False,,ok,True,False,True,,True,False,False,False,False,False,False,False,True,False,False,analyst_unknown,event_time_historical,yfinance_upgrades_downgrades,strong_buy,1.29508,57,272.93738,275.0,380.0,140.0,,
910,NVDA,2024-12-20,buy,True,True,bullish,skipped,False,False,http_429,ok,True,False,,ok,True,False,True,,True,False,False,False,False,False,False,False,True,False,False,analyst_unknown,event_time_historical,yfinance_upgrades_downgrades,strong_buy,1.29508,57,272.93738,275.0,380.0,140.0,,
911,NVDA,2024-12-20,buy,True,True,bullish,skipped,False,False,http_429,ok,True,False,,ok,True,False,True,,True,False,False,False,False,False,False,False,True,False,False,analyst_unknown,event_time_historical,yfinance_upgrades_downgrades,strong_buy,1.29508,57,272.93738,275.0,380.0,140.0,,
912,MSFT,2024-12-20,buy,False,True,bullish,skipped,False,False,http_429,ok,True,False,,ok,True,False,True,,True,False,False,False,False,False,False,False,True,False,False,analyst_unknown,event_time_historical,yfinance_upgrades_downgrades,strong_buy,1.30909,54,561.5561,562.5,870.0,400.0,,
913,GOOGL,2024-12-20,buy,False,True,bullish,skipped,False,False,http_429,ok,True,False,,ok,True,False,True,,True,False,False,False,False,False,False,False,True,False,False,analyst_unknown,event_time_historical,yfinance_upgrades_downgrades,strong_buy,1.39683,52,427.88712,430.0,515.0,334.22,,
914,AMZN,2024-12-20,buy,True,True,bullish,skipped,False,False,http_429,ok,True,False,,ok,True,False,True,,True,False,False,False,False,False,False,False,True,False,False,analyst_unknown,event_time_historical,yfinance_upgrades_downgrades,strong_buy,1.34848,62,311.55145,317.0,370.0,207.0,,
915,AMD,2026-01-20,buy,True,True,bullish,skipped,False,False,http_429,ok,True,False,,ok,True,False,True,,True,False,False,False,False,False,False,False,True,False,False,analyst_unknown,event_time_historical,yfinance_upgrades_downgrades,buy,1.5098,48,457.83334,474.0,625.0,225.0,,
916,MSFT,2026-01-14,buy,False,True,bullish,skipped,False,False,http_429,ok,True,False,,ok,True,False,True,,True,False,False,False,False,False,False,False,True,False,False,analyst_unknown,event_time_historical,yfinance_upgrades_downgrades,strong_buy,1.30909,54,561.5561,562.5,870.0,400.0,,
917,NFLX,2026-01-14,buy,False,True,bullish,skipped,False,False,http_429,ok,True,False,,ok,True,False,True,,True,False,False,False,False,False,False,False,True,False,False,analyst_unknown,event_time_historical,yfinance_upgrades_downgrades,buy,1.68,44,114.555,115.0,151.4,80.0,,
918,NVDA,2026-01-14,buy,True,True,bullish,skipped,False,False,http_429,ok,True,False,,ok,True,False,True,,True,False,False,False,False,False,False,False,True,False,False,analyst_unknown,event_time_historical,yfinance_upgrades_downgrades,strong_buy,1.29508,57,272.93738,275.0,380.0,140.0,,
919,MSFT,2025-01-30,buy,False,True,bullish,skipped,False,False,http_429,ok,True,False,,ok,True,False,True,,True,False,False,False,False,False,False,False,True,False,False,analyst_unknown,event_time_historical,yfinance_upgrades_downgrades,strong_buy,1.30909,54,561.5561,562.5,870.0,400.0,,
920,AAPL,2025-12-15,buy,True,True,bullish,skipped,False,False,http_429,ok,True,False,,ok,True,False,True,,True,False,False,False,False,False,False,False,True,False,False,analyst_unknown,event_time_historical,yfinance_upgrades_downgrades,buy,1.95833,43,308.06512,310.0,400.0,215.0,,
921,AMD,2026-04-28,buy,True,True,bullish,skipped,False,False,http_429,ok,True,False,,ok,True,False,False,,True,True,False,False,False,True,True,True,False,True,False,analyst_bullish_aligned,event_time_historical,finnhub_recommendation,buy,1.5098,48,457.83334,474.0,625.0,225.0,,2026-04-01
922,AMD,2026-04-28,sell,True,False,bearish,skipped,False,False,http_429,ok,True,False,,ok,True,False,False,,True,False,False,False,True,True,True,True,False,True,False,finfluencer_contrarian_to_analyst,event_time_historical,finnhub_recommendation,buy,1.5098,48,457.83334,474.0,625.0,225.0,,2026-04-01
923,AMD,2026-04-28,buy,True,True,bullish,skipped,False,False,http_429,ok,True,False,,ok,True,False,False,,True,True,False,False,False,True,True,True,False,True,False,analyst_bullish_aligned,event_time_historical,finnhub_recommendation,buy,1.5098,48,457.83334,474.0,625.0,225.0,,2026-04-01
924,DIS,2025-05-21,sell,False,True,bearish,skipped,False,False,http_429,ok,True,False,,ok,True,False,True,,True,False,False,False,False,False,False,False,True,False,False,analyst_unknown,event_time_historical,yfinance_upgrades_downgrades,strong_buy,1.46667,29,130.66553,132.0,164.0,77.0,,
925,GOOGL,2025-09-17,sell,False,True,bearish,skipped,False,False,http_429,ok,True,False,,ok,True,False,True,,True,False,False,False,False,False,False,False,True,False,False,analyst_unknown,event_time_historical,yfinance_upgrades_downgrades,strong_buy,1.39683,52,427.88712,430.0,515.0,334.22,,
926,GOOGL,2025-09-17,buy,False,True,bullish,skipped,False,False,http_429,ok,True,False,,ok,True,False,True,,True,False,False,False,False,False,False,False,True,False,False,analyst_unknown,event_time_historical,yfinance_upgrades_downgrades,strong_buy,1.39683,52,427.88712,430.0,515.0,334.22,,
927,AAPL,2025-03-12,buy,True,True,bullish,skipped,False,False,http_429,ok,True,False,,ok,True,False,True,,True,False,False,False,False,False,False,False,True,False,False,analyst_unknown,event_time_historical,yfinance_upgrades_downgrades,buy,1.95833,43,308.06512,310.0,400.0,215.0,,
928,AAPL,2025-03-12,sell,True,True,bearish,skipped,False,False,http_429,ok,True,False,,ok,True,False,True,,True,False,False,False,False,False,False,False,True,False,False,analyst_unknown,event_time_historical,yfinance_upgrades_downgrades,buy,1.95833,43,308.06512,310.0,400.0,215.0,,
929,TSLA,2024-12-30,buy,True,True,bullish,skipped,False,False,http_429,ok,True,False,,ok,True,False,True,,True,False,False,False,False,False,False,False,True,False,False,analyst_unknown,event_time_historical,yfinance_upgrades_downgrades,buy,2.3617,41,412.25366,450.0,600.0,123.0,,
930,AAPL,2024-05-03,buy,True,True,bullish,skipped,False,False,http_429,ok,True,False,,ok,True,False,True,,True,False,False,False,False,False,False,False,True,False,False,analyst_unknown,event_time_historical,yfinance_upgrades_downgrades,buy,1.95833,43,308.06512,310.0,400.0,215.0,,
931,AMZN,2024-04-11,buy,True,True,bullish,skipped,False,False,http_429,ok,True,False,,ok,True,False,True,,True,False,False,False,False,False,False,False,True,False,False,analyst_unknown,event_time_historical,yfinance_upgrades_downgrades,strong_buy,1.34848,62,311.55145,317.0,370.0,207.0,,
932,AMZN,2024-04-11,sell,True,True,bearish,skipped,False,False,http_429,ok,True,False,,ok,True,False,True,,True,False,False,False,False,False,False,False,True,False,False,analyst_unknown,event_time_historical,yfinance_upgrades_downgrades,strong_buy,1.34848,62,311.55145,317.0,370.0,207.0,,
933,AMZN,2024-04-11,buy,True,True,bullish,skipped,False,False,http_429,ok,True,False,,ok,True,False,True,,True,False,False,False,False,False,False,False,True,False,False,analyst_unknown,event_time_historical,yfinance_upgrades_downgrades,strong_buy,1.34848,62,311.55145,317.0,370.0,207.0,,
934,META,2026-01-13,sell,False,True,bearish,skipped,False,False,http_429,ok,True,False,,ok,True,False,True,,True,False,False,False,False,False,False,False,True,False,False,analyst_unknown,event_time_historical,yfinance_upgrades_downgrades,strong_buy,1.34921,58,826.69104,825.0,1015.0,614.0,,
935,AMZN,2026-01-13,buy,True,True,bullish,skipped,False,False,http_429,ok,True,False,,ok,True,False,True,,True,False,False,False,False,False,False,False,True,False,False,analyst_unknown,event_time_historical,yfinance_upgrades_downgrades,strong_buy,1.34848,62,311.55145,317.0,370.0,207.0,,
936,GOOGL,2025-03-06,buy,False,True,bullish,skipped,False,False,http_429,ok,True,False,,ok,True,False,True,,True,False,False,False,False,False,False,False,True,False,False,analyst_unknown,event_time_historical,yfinance_upgrades_downgrades,strong_buy,1.39683,52,427.88712,430.0,515.0,334.22,,
937,UBER,2025-03-06,buy,False,True,bullish,skipped,False,False,http_429,ok,True,False,,ok,True,False,True,,True,False,False,False,False,False,False,False,True,False,False,analyst_unknown,event_time_historical,yfinance_upgrades_downgrades,buy,1.51923,50,104.9312,107.0,150.0,70.0,,
938,UBER,2025-03-06,buy,False,True,bullish,skipped,False,False,http_429,ok,True,False,,ok,True,False,True,,True,False,False,False,False,False,False,False,True,False,False,analyst_unknown,event_time_historical,yfinance_upgrades_downgrades,buy,1.51923,50,104.9312,107.0,150.0,70.0,,
939,AMD,2025-03-06,buy,True,True,bullish,skipped,False,False,http_429,ok,True,False,,ok,True,False,True,,True,False,False,False,False,False,False,False,True,False,False,analyst_unknown,event_time_historical,yfinance_upgrades_downgrades,buy,1.5098,48,457.83334,474.0,625.0,225.0,,
940,GOOGL,2024-04-24,buy,False,True,bullish,skipped,False,False,http_429,ok,True,False,,ok,True,False,True,,True,False,False,False,False,False,False,False,True,False,False,analyst_unknown,event_time_historical,yfinance_upgrades_downgrades,strong_buy,1.39683,52,427.88712,430.0,515.0,334.22,,
941,NVDA,2026-01-13,sell,True,True,bearish,skipped,False,False,http_429,ok,True,False,,ok,True,False,True,,True,False,False,False,False,False,False,False,True,False,False,analyst_unknown,event_time_historical,yfinance_upgrades_downgrades,strong_buy,1.29508,57,272.93738,275.0,380.0,140.0,,
942,NVDA,2026-01-13,buy,True,True,bullish,skipped,False,False,http_429,ok,True,False,,ok,True,False,True,,True,False,False,False,False,False,False,False,True,False,False,analyst_unknown,event_time_historical,yfinance_upgrades_downgrades,strong_buy,1.29508,57,272.93738,275.0,380.0,140.0,,
943,UBER,2026-01-05,buy,False,True,bullish,skipped,False,False,http_429,ok,True,False,,ok,True,False,True,,True,False,False,False,False,False,False,False,True,False,False,analyst_unknown,event_time_historical,yfinance_upgrades_downgrades,buy,1.51923,50,104.9312,107.0,150.0,70.0,,
944,NFLX,2026-01-05,buy,False,True,bullish,skipped,False,False,http_429,ok,True,False,,ok,True,False,True,,True,False,False,False,False,False,False,False,True,False,False,analyst_unknown,event_time_historical,yfinance_upgrades_downgrades,buy,1.68,44,114.555,115.0,151.4,80.0,,
945,AMZN,2025-03-17,buy,True,True,bullish,skipped,False,False,http_429,ok,True,False,,ok,True,False,True,,True,False,False,False,False,False,False,False,True,False,False,analyst_unknown,event_time_historical,yfinance_upgrades_downgrades,strong_buy,1.34848,62,311.55145,317.0,370.0,207.0,,
946,AAPL,2026-05-04,buy,True,True,bullish,skipped,False,False,http_429,ok,True,False,,ok,True,False,False,,True,True,False,False,False,True,True,True,False,True,False,analyst_bullish_aligned,event_time_historical,finnhub_recommendation,buy,1.95833,43,308.06512,310.0,400.0,215.0,,2026-05-01
947,AAPL,2026-05-04,buy,True,True,bullish,skipped,False,False,http_429,ok,True,False,,ok,True,False,False,,True,True,False,False,False,True,True,True,False,True,False,analyst_bullish_aligned,event_time_historical,finnhub_recommendation,buy,1.95833,43,308.06512,310.0,400.0,215.0,,2026-05-01
948,AMZN,2026-02-19,buy,True,True,bullish,skipped,False,False,http_429,ok,True,False,,ok,True,False,False,,True,True,False,False,False,True,False,True,False,True,False,analyst_bullish_aligned,event_time_historical,finnhub_recommendation,strong_buy,1.34848,62,311.55145,317.0,370.0,207.0,,2026-02-01
949,GOOGL,2026-02-19,sell,False,True,bearish,skipped,False,False,http_429,ok,True,False,,ok,True,False,False,,True,False,False,False,True,True,False,True,False,True,False,finfluencer_contrarian_to_analyst,event_time_historical,finnhub_recommendation,strong_buy,1.39683,52,427.88712,430.0,515.0,334.22,,2026-02-01
950,NVDA,2026-02-19,buy,True,True,bullish,skipped,False,False,http_429,ok,True,False,,ok,True,False,False,,True,True,False,False,False,True,True,True,False,True,False,analyst_bullish_aligned,event_time_historical,finnhub_recommendation,strong_buy,1.29508,57,272.93738,275.0,380.0,140.0,,2026-02-01
951,MSFT,2026-05-05,buy,False,True,bullish,skipped,False,False,http_429,ok,True,False,,ok,True,False,False,,True,True,False,False,False,True,False,True,False,True,False,analyst_bullish_aligned,event_time_historical,finnhub_recommendation,strong_buy,1.30909,54,561.5561,562.5,870.0,400.0,,2026-05-01
952,NFLX,2025-03-21,buy,False,True,bullish,skipped,False,False,http_429,ok,True,False,,ok,True,False,True,,True,False,False,False,False,False,False,False,True,False,False,analyst_unknown,event_time_historical,yfinance_upgrades_downgrades,buy,1.68,44,114.555,115.0,151.4,80.0,,
953,TSLA,2025-03-21,buy,True,True,bullish,skipped,False,False,http_429,ok,True,False,,ok,True,False,True,,True,False,False,False,False,False,False,False,True,False,False,analyst_unknown,event_time_historical,yfinance_upgrades_downgrades,buy,2.3617,41,412.25366,450.0,600.0,123.0,,
954,AMZN,2026-02-20,buy,True,True,bullish,skipped,False,False,http_429,ok,True,False,,ok,True,False,False,,True,True,False,False,False,True,False,True,False,True,False,analyst_bullish_aligned,event_time_historical,finnhub_recommendation,strong_buy,1.34848,62,311.55145,317.0,370.0,207.0,,2026-02-01
955,GOOGL,2026-03-31,sell,False,True,bearish,skipped,False,False,http_429,ok,True,False,,ok,True,False,False,,True,False,False,False,True,True,False,True,False,True,False,finfluencer_contrarian_to_analyst,event_time_historical,finnhub_recommendation,strong_buy,1.39683,52,427.88712,430.0,515.0,334.22,,2026-03-01
956,MSFT,2024-09-25,buy,False,True,bullish,skipped,False,False,http_429,ok,True,False,,ok,True,False,True,,True,False,False,False,False,False,False,False,True,False,False,analyst_unknown,event_time_historical,yfinance_upgrades_downgrades,strong_buy,1.30909,54,561.5561,562.5,870.0,400.0,,
957,MSFT,2024-09-25,buy,False,True,bullish,skipped,False,False,http_429,ok,True,False,,ok,True,False,True,,True,False,False,False,False,False,False,False,True,False,False,analyst_unknown,event_time_historical,yfinance_upgrades_downgrades,strong_buy,1.30909,54,561.5561,562.5,870.0,400.0,,
958,UBER,2026-02-02,buy,False,True,bullish,skipped,False,False,http_429,ok,True,False,,ok,True,False,False,,True,True,False,False,False,True,True,True,False,True,False,analyst_bullish_aligned,event_time_historical,finnhub_recommendation,buy,1.51923,50,104.9312,107.0,150.0,70.0,,2026-02-01
959,MSFT,2024-10-30,sell,False,True,bearish,skipped,False,False,http_429,ok,True,False,,ok,True,False,True,,True,False,False,False,False,False,False,False,True,False,False,analyst_unknown,event_time_historical,yfinance_upgrades_downgrades,strong_buy,1.30909,54,561.5561,562.5,870.0,400.0,,
960,NFLX,2026-02-18,buy,False,True,bullish,skipped,False,False,http_429,ok,True,False,,ok,True,False,False,,True,True,False,False,False,True,True,True,False,True,False,analyst_bullish_aligned,event_time_historical,finnhub_recommendation,buy,1.68,44,114.555,115.0,151.4,80.0,,2026-02-01
961,GOOGL,2025-12-23,buy,False,True,bullish,skipped,False,False,http_429,ok,True,False,,ok,True,False,True,,True,False,False,False,False,False,False,False,True,False,False,analyst_unknown,event_time_historical,yfinance_upgrades_downgrades,strong_buy,1.39683,52,427.88712,430.0,515.0,334.22,,
962,GOOGL,2025-11-20,buy,False,True,bullish,skipped,False,False,http_429,ok,True,False,,ok,True,False,True,,True,False,False,False,False,False,False,False,True,False,False,analyst_unknown,event_time_historical,yfinance_upgrades_downgrades,strong_buy,1.39683,52,427.88712,430.0,515.0,334.22,,
963,GOOGL,2025-11-20,buy,False,True,bullish,skipped,False,False,http_429,ok,True,False,,ok,True,False,True,,True,False,False,False,False,False,False,False,True,False,False,analyst_unknown,event_time_historical,yfinance_upgrades_downgrades,strong_buy,1.39683,52,427.88712,430.0,515.0,334.22,,
964,AAPL,2025-11-20,sell,True,True,bearish,skipped,False,False,http_429,ok,True,False,,ok,True,False,True,,True,False,False,False,False,False,False,False,True,False,False,analyst_unknown,event_time_historical,yfinance_upgrades_downgrades,buy,1.95833,43,308.06512,310.0,400.0,215.0,,
965,GOOGL,2024-10-11,buy,False,True,bullish,skipped,False,False,http_429,ok,True,False,,ok,True,False,True,,True,False,False,False,False,False,False,False,True,False,False,analyst_unknown,event_time_historical,yfinance_upgrades_downgrades,strong_buy,1.39683,52,427.88712,430.0,515.0,334.22,,
966,MSFT,2024-09-30,buy,False,True,bullish,skipped,False,False,http_429,ok,True,False,,ok,True,False,True,,True,False,False,False,False,False,False,False,True,False,False,analyst_unknown,event_time_historical,yfinance_upgrades_downgrades,strong_buy,1.30909,54,561.5561,562.5,870.0,400.0,,
967,MSFT,2021-03-08,buy,False,True,bullish,skipped,False,False,http_429,ok,True,False,,ok,True,False,True,,True,False,False,False,False,False,False,False,True,False,False,analyst_unknown,event_time_historical,yfinance_upgrades_downgrades,strong_buy,1.30909,54,561.5561,562.5,870.0,400.0,,
968,MSFT,2024-12-06,buy,False,True,bullish,skipped,False,False,http_429,ok,True,False,,ok,True,False,True,,True,False,False,False,False,False,False,False,True,False,False,analyst_unknown,event_time_historical,yfinance_upgrades_downgrades,strong_buy,1.30909,54,561.5561,562.5,870.0,400.0,,
969,AAPL,2025-06-25,buy,True,True,bullish,skipped,False,False,http_429,ok,True,False,,ok,True,False,True,,True,False,False,False,False,False,False,False,True,False,False,analyst_unknown,event_time_historical,yfinance_upgrades_downgrades,buy,1.95833,43,308.06512,310.0,400.0,215.0,,
970,GOOGL,2025-06-25,buy,False,True,bullish,skipped,False,False,http_429,ok,True,False,,ok,True,False,True,,True,False,False,False,False,False,False,False,True,False,False,analyst_unknown,event_time_historical,yfinance_upgrades_downgrades,strong_buy,1.39683,52,427.88712,430.0,515.0,334.22,,
971,GOOGL,2025-11-14,buy,False,True,bullish,skipped,False,False,http_429,ok,True,False,,ok,True,False,True,,True,False,False,False,False,False,False,False,True,False,False,analyst_unknown,event_time_historical,yfinance_upgrades_downgrades,strong_buy,1.39683,52,427.88712,430.0,515.0,334.22,,
972,HOOD,2026-02-09,sell,False,True,bearish,skipped,False,False,http_429,ok,True,False,,ok,True,False,False,,True,False,False,False,True,True,True,True,False,True,False,finfluencer_contrarian_to_analyst,event_time_historical,finnhub_recommendation,buy,1.92593,24,98.43792,97.5,155.0,52.0,,2026-02-01
973,PYPL,2026-02-09,sell,False,True,bearish,skipped,False,False,http_429,ok,True,False,,ok,True,False,False,,True,False,False,True,False,True,True,False,False,True,False,analyst_neutral_or_mixed,event_time_historical,finnhub_recommendation,hold,2.88636,34,52.52618,48.0,147.39,32.0,,2026-02-01
974,PYPL,2026-02-09,buy,False,True,bullish,skipped,False,False,http_429,ok,True,False,,ok,True,False,False,,True,False,False,True,False,True,True,False,False,True,False,analyst_neutral_or_mixed,event_time_historical,finnhub_recommendation,hold,2.88636,34,52.52618,48.0,147.39,32.0,,2026-02-01
975,AMD,2026-01-26,buy,True,True,bullish,skipped,False,False,http_429,ok,True,False,,ok,True,False,True,,True,False,False,False,False,False,False,False,True,False,False,analyst_unknown,event_time_historical,yfinance_upgrades_downgrades,buy,1.5098,48,457.83334,474.0,625.0,225.0,,
976,PYPL,2025-07-29,buy,False,True,bullish,skipped,False,False,http_429,ok,True,False,,ok,True,False,True,,True,False,False,False,False,False,False,False,True,False,False,analyst_unknown,event_time_historical,yfinance_upgrades_downgrades,hold,2.88636,34,52.52618,48.0,147.39,32.0,,
977,AMD,2026-02-19,buy,True,True,bullish,skipped,False,False,http_429,ok,True,False,,ok,True,False,False,,True,True,False,False,False,True,True,True,False,True,False,analyst_bullish_aligned,event_time_historical,finnhub_recommendation,buy,1.5098,48,457.83334,474.0,625.0,225.0,,2026-02-01
978,AMD,2026-02-19,buy,True,True,bullish,skipped,False,False,http_429,ok,True,False,,ok,True,False,False,,True,True,False,False,False,True,True,True,False,True,False,analyst_bullish_aligned,event_time_historical,finnhub_recommendation,buy,1.5098,48,457.83334,474.0,625.0,225.0,,2026-02-01
979,NVDA,2026-02-19,sell,True,True,bearish,skipped,False,False,http_429,ok,True,False,,ok,True,False,False,,True,False,False,False,True,True,True,True,False,True,False,finfluencer_contrarian_to_analyst,event_time_historical,finnhub_recommendation,strong_buy,1.29508,57,272.93738,275.0,380.0,140.0,,2026-02-01
980,SOFI,2026-02-19,buy,False,True,bullish,skipped,False,False,http_429,ok,True,False,,ok,True,False,False,,True,False,False,True,False,True,True,False,False,True,False,analyst_neutral_or_mixed,event_time_historical,finnhub_recommendation,hold,2.70833,20,21.1,18.5,31.0,12.0,,2026-02-01
981,AAPL,2026-02-19,sell,True,True,bearish,skipped,False,False,http_429,ok,True,False,,ok,True,False,False,,True,False,False,False,True,True,True,True,False,True,False,finfluencer_contrarian_to_analyst,event_time_historical,finnhub_recommendation,buy,1.95833,43,308.06512,310.0,400.0,215.0,,2026-02-01
982,AAPL,2025-03-28,sell,True,True,bearish,skipped,False,False,http_429,ok,True,False,,ok,True,False,True,,True,False,False,False,False,False,False,False,True,False,False,analyst_unknown,event_time_historical,yfinance_upgrades_downgrades,buy,1.95833,43,308.06512,310.0,400.0,215.0,,
983,NVDA,2025-03-28,sell,True,True,bearish,skipped,False,False,http_429,ok,True,False,,ok,True,False,True,,True,False,False,False,False,False,False,False,True,False,False,analyst_unknown,event_time_historical,yfinance_upgrades_downgrades,strong_buy,1.29508,57,272.93738,275.0,380.0,140.0,,
984,AMZN,2025-03-28,buy,True,True,bullish,skipped,False,False,http_429,ok,True,False,,ok,True,False,True,,True,False,False,False,False,False,False,False,True,False,False,analyst_unknown,event_time_historical,yfinance_upgrades_downgrades,strong_buy,1.34848,62,311.55145,317.0,370.0,207.0,,
985,PYPL,2024-08-01,buy,False,True,bullish,skipped,False,False,http_429,ok,True,False,,ok,True,False,True,,True,False,False,False,False,False,False,False,True,False,False,analyst_unknown,event_time_historical,yfinance_upgrades_downgrades,hold,2.88636,34,52.52618,48.0,147.39,32.0,,
986,PYPL,2024-08-01,buy,False,False,bullish,skipped,False,False,http_429,ok,True,False,,ok,True,False,True,,True,False,False,False,False,False,False,False,True,False,False,analyst_unknown,event_time_historical,yfinance_upgrades_downgrades,hold,2.88636,34,52.52618,48.0,147.39,32.0,,
987,PYPL,2024-08-01,buy,False,False,bullish,skipped,False,False,http_429,ok,True,False,,ok,True,False,True,,True,False,False,False,False,False,False,False,True,False,False,analyst_unknown,event_time_historical,yfinance_upgrades_downgrades,hold,2.88636,34,52.52618,48.0,147.39,32.0,,
988,NVDA,2026-03-23,buy,True,True,bullish,skipped,False,False,http_429,ok,True,False,,ok,True,False,False,,True,True,False,False,False,True,True,True,False,True,False,analyst_bullish_aligned,event_time_historical,finnhub_recommendation,strong_buy,1.29508,57,272.93738,275.0,380.0,140.0,,2026-03-01
989,GOOGL,2026-01-09,buy,False,True,bullish,skipped,False,False,http_429,ok,True,False,,ok,True,False,True,,True,False,False,False,False,False,False,False,True,False,False,analyst_unknown,event_time_historical,yfinance_upgrades_downgrades,strong_buy,1.39683,52,427.88712,430.0,515.0,334.22,,
990,GOOGL,2026-01-09,buy,False,True,bullish,skipped,False,False,http_429,ok,True,False,,ok,True,False,True,,True,False,False,False,False,False,False,False,True,False,False,analyst_unknown,event_time_historical,yfinance_upgrades_downgrades,strong_buy,1.39683,52,427.88712,430.0,515.0,334.22,,
991,UBER,2026-01-09,buy,False,True,bullish,skipped,False,False,http_429,ok,True,False,,ok,True,False,True,,True,False,False,False,False,False,False,False,True,False,False,analyst_unknown,event_time_historical,yfinance_upgrades_downgrades,buy,1.51923,50,104.9312,107.0,150.0,70.0,,
992,AAPL,2026-01-09,sell,True,True,bearish,skipped,False,False,http_429,ok,True,False,,ok,True,False,True,,True,False,False,False,False,False,False,False,True,False,False,analyst_unknown,event_time_historical,yfinance_upgrades_downgrades,buy,1.95833,43,308.06512,310.0,400.0,215.0,,
993,TSLA,2024-11-05,buy,True,True,bullish,skipped,False,False,http_429,ok,True,False,,ok,True,False,True,,True,False,False,False,False,False,False,False,True,False,False,analyst_unknown,event_time_historical,yfinance_upgrades_downgrades,buy,2.3617,41,412.25366,450.0,600.0,123.0,,
994,TSLA,2024-11-05,sell,True,False,bearish,skipped,False,False,http_429,ok,True,False,,ok,True,False,True,,True,False,False,False,False,False,False,False,True,False,False,analyst_unknown,event_time_historical,yfinance_upgrades_downgrades,buy,2.3617,41,412.25366,450.0,600.0,123.0,,
995,GOOGL,2025-07-02,buy,False,True,bullish,skipped,False,False,http_429,ok,True,False,,ok,True,False,True,,True,False,False,False,False,False,False,False,True,False,False,analyst_unknown,event_time_historical,yfinance_upgrades_downgrades,strong_buy,1.39683,52,427.88712,430.0,515.0,334.22,,
996,AMD,2025-07-09,buy,True,True,bullish,skipped,False,False,http_429,ok,True,False,,ok,True,False,True,,True,False,False,False,False,False,False,False,True,False,False,analyst_unknown,event_time_historical,yfinance_upgrades_downgrades,buy,1.5098,48,457.83334,474.0,625.0,225.0,,
997,GOOGL,2025-07-09,buy,False,True,bullish,skipped,False,False,http_429,ok,True,False,,ok,True,False,True,,True,False,False,False,False,False,False,False,True,False,False,analyst_unknown,event_time_historical,yfinance_upgrades_downgrades,strong_buy,1.39683,52,427.88712,430.0,515.0,334.22,,
998,AAPL,2022-10-03,buy,True,False,bullish,skipped,False,False,http_429,ok,True,False,,ok,True,False,True,,True,False,False,False,False,False,False,False,True,False,False,analyst_unknown,event_time_historical,yfinance_upgrades_downgrades,buy,1.95833,43,308.06512,310.0,400.0,215.0,,
999,AAPL,2022-10-03,buy,True,True,bullish,skipped,False,False,http_429,ok,True,False,,ok,True,False,True,,True,False,False,False,False,False,False,False,True,False,False,analyst_unknown,event_time_historical,yfinance_upgrades_downgrades,buy,1.95833,43,308.06512,310.0,400.0,215.0,,
1000,AAPL,2022-10-03,sell,True,True,bearish,skipped,False,False,http_429,ok,True,False,,ok,True,False,True,,True,False,False,False,False,False,False,False,True,False,False,analyst_unknown,event_time_historical,yfinance_upgrades_downgrades,buy,1.95833,43,308.06512,310.0,400.0,215.0,,
1001,AAPL,2022-10-03,sell,True,True,bearish,skipped,False,False,http_429,ok,True,False,,ok,True,False,True,,True,False,False,False,False,False,False,False,True,False,False,analyst_unknown,event_time_historical,yfinance_upgrades_downgrades,buy,1.95833,43,308.06512,310.0,400.0,215.0,,
1002,UBER,2025-02-05,buy,False,True,bullish,skipped,False,False,http_429,ok,True,False,,ok,True,False,True,,True,False,False,False,False,False,False,False,True,False,False,analyst_unknown,event_time_historical,yfinance_upgrades_downgrades,buy,1.51923,50,104.9312,107.0,150.0,70.0,,
1003,NFLX,2025-02-05,buy,False,True,bullish,skipped,False,False,http_429,ok,True,False,,ok,True,False,True,,True,False,False,False,False,False,False,False,True,False,False,analyst_unknown,event_time_historical,yfinance_upgrades_downgrades,buy,1.68,44,114.555,115.0,151.4,80.0,,
1004,AMZN,2024-09-26,buy,True,True,bullish,skipped,False,False,http_429,ok,True,False,,ok,True,False,True,,True,False,False,False,False,False,False,False,True,False,False,analyst_unknown,event_time_historical,yfinance_upgrades_downgrades,strong_buy,1.34848,62,311.55145,317.0,370.0,207.0,,
1005,NVDA,2026-02-11,sell,True,True,bearish,skipped,False,False,http_429,ok,True,False,,ok,True,False,False,,True,False,False,False,True,True,True,True,False,True,False,finfluencer_contrarian_to_analyst,event_time_historical,finnhub_recommendation,strong_buy,1.29508,57,272.93738,275.0,380.0,140.0,,2026-02-01
1006,NVDA,2025-03-07,buy,True,True,bullish,skipped,False,False,http_429,ok,True,False,,ok,True,False,True,,True,False,False,False,False,False,False,False,True,False,False,analyst_unknown,event_time_historical,yfinance_upgrades_downgrades,strong_buy,1.29508,57,272.93738,275.0,380.0,140.0,,
1007,AMZN,2026-05-04,buy,True,True,bullish,skipped,False,False,http_429,ok,True,False,,ok,True,False,False,,True,True,False,False,False,True,False,True,False,True,False,analyst_bullish_aligned,event_time_historical,finnhub_recommendation,strong_buy,1.34848,62,311.55145,317.0,370.0,207.0,,2026-05-01
1008,AMZN,2025-04-04,buy,True,True,bullish,skipped,False,False,http_429,ok,True,False,,ok,True,False,True,,True,False,False,False,False,False,False,False,True,False,False,analyst_unknown,event_time_historical,yfinance_upgrades_downgrades,strong_buy,1.34848,62,311.55145,317.0,370.0,207.0,,
1009,TSLA,2026-01-05,buy,True,True,bullish,skipped,False,False,http_429,ok,True,False,,ok,True,False,True,,True,False,False,False,False,False,False,False,True,False,False,analyst_unknown,event_time_historical,yfinance_upgrades_downgrades,buy,2.3617,41,412.25366,450.0,600.0,123.0,,
1010,AMZN,2025-02-28,buy,True,True,bullish,skipped,False,False,http_429,ok,True,False,,ok,True,False,True,,True,False,False,False,False,False,False,False,True,False,False,analyst_unknown,event_time_historical,yfinance_upgrades_downgrades,strong_buy,1.34848,62,311.55145,317.0,370.0,207.0,,
1011,TSLA,2025-02-28,buy,True,True,bullish,skipped,False,False,http_429,ok,True,False,,ok,True,False,True,,True,False,False,False,False,False,False,False,True,False,False,analyst_unknown,event_time_historical,yfinance_upgrades_downgrades,buy,2.3617,41,412.25366,450.0,600.0,123.0,,
1012,GOOGL,2025-02-28,buy,False,True,bullish,skipped,False,False,http_429,ok,True,False,,ok,True,False,True,,True,False,False,False,False,False,False,False,True,False,False,analyst_unknown,event_time_historical,yfinance_upgrades_downgrades,strong_buy,1.39683,52,427.88712,430.0,515.0,334.22,,
1013,GOOGL,2025-02-28,buy,False,True,bullish,skipped,False,False,http_429,ok,True,False,,ok,True,False,True,,True,False,False,False,False,False,False,False,True,False,False,analyst_unknown,event_time_historical,yfinance_upgrades_downgrades,strong_buy,1.39683,52,427.88712,430.0,515.0,334.22,,
1014,AAPL,2025-02-28,buy,True,True,bullish,skipped,False,False,http_429,ok,True,False,,ok,True,False,True,,True,False,False,False,False,False,False,False,True,False,False,analyst_unknown,event_time_historical,yfinance_upgrades_downgrades,buy,1.95833,43,308.06512,310.0,400.0,215.0,,
1015,NVDA,2025-02-28,buy,True,True,bullish,skipped,False,False,http_429,ok,True,False,,ok,True,False,True,,True,False,False,False,False,False,False,False,True,False,False,analyst_unknown,event_time_historical,yfinance_upgrades_downgrades,strong_buy,1.29508,57,272.93738,275.0,380.0,140.0,,
1016,NVDA,2025-02-28,buy,True,True,bullish,skipped,False,False,http_429,ok,True,False,,ok,True,False,True,,True,False,False,False,False,False,False,False,True,False,False,analyst_unknown,event_time_historical,yfinance_upgrades_downgrades,strong_buy,1.29508,57,272.93738,275.0,380.0,140.0,,
1017,MSFT,2025-02-28,buy,False,True,bullish,skipped,False,False,http_429,ok,True,False,,ok,True,False,True,,True,False,False,False,False,False,False,False,True,False,False,analyst_unknown,event_time_historical,yfinance_upgrades_downgrades,strong_buy,1.30909,54,561.5561,562.5,870.0,400.0,,
1018,MSFT,2025-02-28,buy,False,True,bullish,skipped,False,False,http_429,ok,True,False,,ok,True,False,True,,True,False,False,False,False,False,False,False,True,False,False,analyst_unknown,event_time_historical,yfinance_upgrades_downgrades,strong_buy,1.30909,54,561.5561,562.5,870.0,400.0,,
1019,AAPL,2024-11-27,sell,True,True,bearish,skipped,False,False,http_429,ok,True,False,,ok,True,False,True,,True,False,False,False,False,False,False,False,True,False,False,analyst_unknown,event_time_historical,yfinance_upgrades_downgrades,buy,1.95833,43,308.06512,310.0,400.0,215.0,,
1020,AAPL,2024-11-27,sell,True,True,bearish,skipped,False,False,http_429,ok,True,False,,ok,True,False,True,,True,False,False,False,False,False,False,False,True,False,False,analyst_unknown,event_time_historical,yfinance_upgrades_downgrades,buy,1.95833,43,308.06512,310.0,400.0,215.0,,
1021,AMZN,2025-02-14,buy,True,True,bullish,skipped,False,False,http_429,ok,True,False,,ok,True,False,True,,True,False,False,False,False,False,False,False,True,False,False,analyst_unknown,event_time_historical,yfinance_upgrades_downgrades,strong_buy,1.34848,62,311.55145,317.0,370.0,207.0,,
1022,GOOGL,2025-02-14,buy,False,True,bullish,skipped,False,False,http_429,ok,True,False,,ok,True,False,True,,True,False,False,False,False,False,False,False,True,False,False,analyst_unknown,event_time_historical,yfinance_upgrades_downgrades,strong_buy,1.39683,52,427.88712,430.0,515.0,334.22,,
1023,TSLA,2025-01-30,buy,True,True,bullish,skipped,False,False,http_429,ok,True,False,,ok,True,False,True,,True,False,False,False,False,False,False,False,True,False,False,analyst_unknown,event_time_historical,yfinance_upgrades_downgrades,buy,2.3617,41,412.25366,450.0,600.0,123.0,,
1024,MSFT,2026-02-25,buy,False,True,bullish,skipped,False,False,http_429,ok,True,False,,ok,True,False,False,,True,True,False,False,False,True,False,True,False,True,False,analyst_bullish_aligned,event_time_historical,finnhub_recommendation,strong_buy,1.30909,54,561.5561,562.5,870.0,400.0,,2026-02-01
1025,AMZN,2025-03-17,buy,True,True,bullish,skipped,False,False,http_429,ok,True,False,,ok,True,False,True,,True,False,False,False,False,False,False,False,True,False,False,analyst_unknown,event_time_historical,yfinance_upgrades_downgrades,strong_buy,1.34848,62,311.55145,317.0,370.0,207.0,,
1026,TSLA,2025-03-17,buy,True,True,bullish,skipped,False,False,http_429,ok,True,False,,ok,True,False,True,,True,False,False,False,False,False,False,False,True,False,False,analyst_unknown,event_time_historical,yfinance_upgrades_downgrades,buy,2.3617,41,412.25366,450.0,600.0,123.0,,
1027,TSLA,2025-03-17,buy,True,True,bullish,skipped,False,False,http_429,ok,True,False,,ok,True,False,True,,True,False,False,False,False,False,False,False,True,False,False,analyst_unknown,event_time_historical,yfinance_upgrades_downgrades,buy,2.3617,41,412.25366,450.0,600.0,123.0,,
1028,TSLA,2025-03-17,buy,True,True,bullish,skipped,False,False,http_429,ok,True,False,,ok,True,False,True,,True,False,False,False,False,False,False,False,True,False,False,analyst_unknown,event_time_historical,yfinance_upgrades_downgrades,buy,2.3617,41,412.25366,450.0,600.0,123.0,,
1029,NFLX,2025-03-17,buy,False,True,bullish,skipped,False,False,http_429,ok,True,False,,ok,True,False,True,,True,False,False,False,False,False,False,False,True,False,False,analyst_unknown,event_time_historical,yfinance_upgrades_downgrades,buy,1.68,44,114.555,115.0,151.4,80.0,,
1030,MSFT,2025-03-17,buy,False,True,bullish,skipped,False,False,http_429,ok,True,False,,ok,True,False,True,,True,False,False,False,False,False,False,False,True,False,False,analyst_unknown,event_time_historical,yfinance_upgrades_downgrades,strong_buy,1.30909,54,561.5561,562.5,870.0,400.0,,
1031,GOOGL,2025-02-10,buy,False,True,bullish,skipped,False,False,http_429,ok,True,False,,ok,True,False,True,,True,False,False,False,False,False,False,False,True,False,False,analyst_unknown,event_time_historical,yfinance_upgrades_downgrades,strong_buy,1.39683,52,427.88712,430.0,515.0,334.22,,
1032,GOOGL,2025-02-10,buy,False,True,bullish,skipped,False,False,http_429,ok,True,False,,ok,True,False,True,,True,False,False,False,False,False,False,False,True,False,False,analyst_unknown,event_time_historical,yfinance_upgrades_downgrades,strong_buy,1.39683,52,427.88712,430.0,515.0,334.22,,
1033,GOOGL,2025-02-10,buy,False,True,bullish,skipped,False,False,http_429,ok,True,False,,ok,True,False,True,,True,False,False,False,False,False,False,False,True,False,False,analyst_unknown,event_time_historical,yfinance_upgrades_downgrades,strong_buy,1.39683,52,427.88712,430.0,515.0,334.22,,
1034,NVDA,2025-02-10,buy,True,True,bullish,skipped,False,False,http_429,ok,True,False,,ok,True,False,True,,True,False,False,False,False,False,False,False,True,False,False,analyst_unknown,event_time_historical,yfinance_upgrades_downgrades,strong_buy,1.29508,57,272.93738,275.0,380.0,140.0,,
1035,TSLA,2025-02-10,buy,True,True,bullish,skipped,False,False,http_429,ok,True,False,,ok,True,False,True,,True,False,False,False,False,False,False,False,True,False,False,analyst_unknown,event_time_historical,yfinance_upgrades_downgrades,buy,2.3617,41,412.25366,450.0,600.0,123.0,,
1036,TSLA,2025-02-10,buy,True,True,bullish,skipped,False,False,http_429,ok,True,False,,ok,True,False,True,,True,False,False,False,False,False,False,False,True,False,False,analyst_unknown,event_time_historical,yfinance_upgrades_downgrades,buy,2.3617,41,412.25366,450.0,600.0,123.0,,
1037,AMZN,2025-02-10,buy,True,True,bullish,skipped,False,False,http_429,ok,True,False,,ok,True,False,True,,True,False,False,False,False,False,False,False,True,False,False,analyst_unknown,event_time_historical,yfinance_upgrades_downgrades,strong_buy,1.34848,62,311.55145,317.0,370.0,207.0,,
1038,MSFT,2025-02-10,buy,False,True,bullish,skipped,False,False,http_429,ok,True,False,,ok,True,False,True,,True,False,False,False,False,False,False,False,True,False,False,analyst_unknown,event_time_historical,yfinance_upgrades_downgrades,strong_buy,1.30909,54,561.5561,562.5,870.0,400.0,,
1039,GOOGL,2024-10-08,buy,False,True,bullish,skipped,False,False,http_429,ok,True,False,,ok,True,False,True,,True,False,False,False,False,False,False,False,True,False,False,analyst_unknown,event_time_historical,yfinance_upgrades_downgrades,strong_buy,1.39683,52,427.88712,430.0,515.0,334.22,,
1040,GOOGL,2024-10-08,buy,False,True,bullish,skipped,False,False,http_429,ok,True,False,,ok,True,False,True,,True,False,False,False,False,False,False,False,True,False,False,analyst_unknown,event_time_historical,yfinance_upgrades_downgrades,strong_buy,1.39683,52,427.88712,430.0,515.0,334.22,,
1041,GOOGL,2024-10-08,buy,False,True,bullish,skipped,False,False,http_429,ok,True,False,,ok,True,False,True,,True,False,False,False,False,False,False,False,True,False,False,analyst_unknown,event_time_historical,yfinance_upgrades_downgrades,strong_buy,1.39683,52,427.88712,430.0,515.0,334.22,,
1042,SOFI,2026-02-19,buy,False,True,bullish,skipped,False,False,http_429,ok,True,False,,ok,True,False,False,,True,False,False,True,False,True,True,False,False,True,False,analyst_neutral_or_mixed,event_time_historical,finnhub_recommendation,hold,2.70833,20,21.1,18.5,31.0,12.0,,2026-02-01
1043,CRM,2025-08-13,buy,False,True,bullish,skipped,False,False,http_429,ok,True,False,,ok,True,False,True,,True,False,False,False,False,False,False,False,True,False,False,analyst_unknown,event_time_historical,yfinance_upgrades_downgrades,buy,1.59524,52,267.31577,252.5,475.0,188.0,,
1044,NVDA,2025-08-13,buy,True,True,bullish,skipped,False,False,http_429,ok,True,False,,ok,True,False,True,,True,False,False,False,False,False,False,False,True,False,False,analyst_unknown,event_time_historical,yfinance_upgrades_downgrades,strong_buy,1.29508,57,272.93738,275.0,380.0,140.0,,
1045,AMZN,2024-10-31,buy,True,True,bullish,skipped,False,False,http_429,ok,True,False,,ok,True,False,True,,True,False,False,False,False,False,False,False,True,False,False,analyst_unknown,event_time_historical,yfinance_upgrades_downgrades,strong_buy,1.34848,62,311.55145,317.0,370.0,207.0,,
1046,MSFT,2024-10-31,buy,False,False,bullish,skipped,False,False,http_429,ok,True,False,,ok,True,False,True,,True,False,False,False,False,False,False,False,True,False,False,analyst_unknown,event_time_historical,yfinance_upgrades_downgrades,strong_buy,1.30909,54,561.5561,562.5,870.0,400.0,,
1047,AMZN,2025-02-06,buy,True,True,bullish,skipped,False,False,http_429,ok,True,False,,ok,True,False,True,,True,False,False,False,False,False,False,False,True,False,False,analyst_unknown,event_time_historical,yfinance_upgrades_downgrades,strong_buy,1.34848,62,311.55145,317.0,370.0,207.0,,
1048,AMZN,2025-02-06,buy,True,True,bullish,skipped,False,False,http_429,ok,True,False,,ok,True,False,True,,True,False,False,False,False,False,False,False,True,False,False,analyst_unknown,event_time_historical,yfinance_upgrades_downgrades,strong_buy,1.34848,62,311.55145,317.0,370.0,207.0,,
1049,NVDA,2026-02-18,buy,True,True,bullish,skipped,False,False,http_429,ok,True,False,,ok,True,False,False,,True,True,False,False,False,True,True,True,False,True,False,analyst_bullish_aligned,event_time_historical,finnhub_recommendation,strong_buy,1.29508,57,272.93738,275.0,380.0,140.0,,2026-02-01
1050,NVDA,2026-02-18,buy,True,True,bullish,skipped,False,False,http_429,ok,True,False,,ok,True,False,False,,True,True,False,False,False,True,True,True,False,True,False,analyst_bullish_aligned,event_time_historical,finnhub_recommendation,strong_buy,1.29508,57,272.93738,275.0,380.0,140.0,,2026-02-01
1051,META,2026-02-18,buy,False,True,bullish,skipped,False,False,http_429,ok,True,False,,ok,True,False,False,,True,True,False,False,False,True,False,True,False,True,False,analyst_bullish_aligned,event_time_historical,finnhub_recommendation,strong_buy,1.34921,58,826.69104,825.0,1015.0,614.0,,2026-02-01
1052,DIS,2025-11-28,buy,False,True,bullish,skipped,False,False,http_429,ok,True,False,,ok,True,False,True,,True,False,False,False,False,False,False,False,True,False,False,analyst_unknown,event_time_historical,yfinance_upgrades_downgrades,strong_buy,1.46667,29,130.66553,132.0,164.0,77.0,,
1053,AMZN,2026-03-18,buy,True,True,bullish,skipped,False,False,http_429,ok,True,False,,ok,True,False,False,,True,True,False,False,False,True,False,True,False,True,False,analyst_bullish_aligned,event_time_historical,finnhub_recommendation,strong_buy,1.34848,62,311.55145,317.0,370.0,207.0,,2026-03-01
1054,NFLX,2026-04-20,buy,False,True,bullish,skipped,False,False,http_429,ok,True,False,,ok,True,False,False,,True,True,False,False,False,True,True,True,False,True,False,analyst_bullish_aligned,event_time_historical,finnhub_recommendation,buy,1.68,44,114.555,115.0,151.4,80.0,,2026-04-01
1055,AAPL,2025-12-26,buy,True,True,bullish,skipped,False,False,http_429,ok,True,False,,ok,True,False,True,,True,False,False,False,False,False,False,False,True,False,False,analyst_unknown,event_time_historical,yfinance_upgrades_downgrades,buy,1.95833,43,308.06512,310.0,400.0,215.0,,
1056,AMD,2026-04-15,buy,True,True,bullish,skipped,False,False,http_429,ok,True,False,,ok,True,False,False,,True,True,False,False,False,True,True,True,False,True,False,analyst_bullish_aligned,event_time_historical,finnhub_recommendation,buy,1.5098,48,457.83334,474.0,625.0,225.0,,2026-04-01
1057,NVDA,2026-04-15,buy,True,True,bullish,skipped,False,False,http_429,ok,True,False,,ok,True,False,False,,True,True,False,False,False,True,True,True,False,True,False,analyst_bullish_aligned,event_time_historical,finnhub_recommendation,strong_buy,1.29508,57,272.93738,275.0,380.0,140.0,,2026-04-01
1058,NVDA,2026-03-11,buy,True,True,bullish,skipped,False,False,http_429,ok,True,False,,ok,True,False,False,,True,True,False,False,False,True,True,True,False,True,False,analyst_bullish_aligned,event_time_historical,finnhub_recommendation,strong_buy,1.29508,57,272.93738,275.0,380.0,140.0,,2026-03-01
1060,NVDA,2026-03-03,sell,True,True,bearish,skipped,False,False,http_429,ok,True,False,,ok,True,False,False,,True,False,False,False,True,True,True,True,False,True,False,finfluencer_contrarian_to_analyst,event_time_historical,finnhub_recommendation,strong_buy,1.29508,57,272.93738,275.0,380.0,140.0,,2026-03-01
1061,NVDA,2026-03-03,buy,True,True,bullish,skipped,False,False,http_429,ok,True,False,,ok,True,False,False,,True,True,False,False,False,True,True,True,False,True,False,analyst_bullish_aligned,event_time_historical,finnhub_recommendation,strong_buy,1.29508,57,272.93738,275.0,380.0,140.0,,2026-03-01
1062,NVDA,2026-03-03,sell,True,True,bearish,skipped,False,False,http_429,ok,True,False,,ok,True,False,False,,True,False,False,False,True,True,True,True,False,True,False,finfluencer_contrarian_to_analyst,event_time_historical,finnhub_recommendation,strong_buy,1.29508,57,272.93738,275.0,380.0,140.0,,2026-03-01
1063,META,2026-03-16,buy,False,True,bullish,skipped,False,False,http_429,ok,True,False,,ok,True,False,False,,True,True,False,False,False,True,False,True,False,True,False,analyst_bullish_aligned,event_time_historical,finnhub_recommendation,strong_buy,1.34921,58,826.69104,825.0,1015.0,614.0,,2026-03-01
1064,AMZN,2026-04-06,buy,True,True,bullish,skipped,False,False,http_429,ok,True,False,,ok,True,False,False,,True,True,False,False,False,True,False,True,False,True,False,analyst_bullish_aligned,event_time_historical,finnhub_recommendation,strong_buy,1.34848,62,311.55145,317.0,370.0,207.0,,2026-04-01
1065,NVDA,2026-01-23,sell,True,True,bearish,skipped,False,False,http_429,ok,True,False,,ok,True,False,True,,True,False,False,False,False,False,False,False,True,False,False,analyst_unknown,event_time_historical,yfinance_upgrades_downgrades,strong_buy,1.29508,57,272.93738,275.0,380.0,140.0,,
1066,NVDA,2026-01-23,sell,True,True,bearish,skipped,False,False,http_429,ok,True,False,,ok,True,False,True,,True,False,False,False,False,False,False,False,True,False,False,analyst_unknown,event_time_historical,yfinance_upgrades_downgrades,strong_buy,1.29508,57,272.93738,275.0,380.0,140.0,,
1067,AMZN,2026-03-04,buy,True,True,bullish,skipped,False,False,http_429,ok,True,False,,ok,True,False,False,,True,True,False,False,False,True,False,True,False,True,False,analyst_bullish_aligned,event_time_historical,finnhub_recommendation,strong_buy,1.34848,62,311.55145,317.0,370.0,207.0,,2026-03-01
1068,GOOGL,2025-04-11,buy,False,True,bullish,skipped,False,False,http_429,ok,True,False,,ok,True,False,True,,True,False,False,False,False,False,False,False,True,False,False,analyst_unknown,event_time_historical,yfinance_upgrades_downgrades,strong_buy,1.39683,52,427.88712,430.0,515.0,334.22,,
1069,META,2025-04-11,buy,False,True,bullish,skipped,False,False,http_429,ok,True,False,,ok,True,False,True,,True,False,False,False,False,False,False,False,True,False,False,analyst_unknown,event_time_historical,yfinance_upgrades_downgrades,strong_buy,1.34921,58,826.69104,825.0,1015.0,614.0,,
1070,NFLX,2025-04-11,buy,False,True,bullish,skipped,False,False,http_429,ok,True,False,,ok,True,False,True,,True,False,False,False,False,False,False,False,True,False,False,analyst_unknown,event_time_historical,yfinance_upgrades_downgrades,buy,1.68,44,114.555,115.0,151.4,80.0,,
1071,MSFT,2025-04-11,buy,False,True,bullish,skipped,False,False,http_429,ok,True,False,,ok,True,False,True,,True,False,False,False,False,False,False,False,True,False,False,analyst_unknown,event_time_historical,yfinance_upgrades_downgrades,strong_buy,1.30909,54,561.5561,562.5,870.0,400.0,,
1072,META,2026-01-02,buy,False,True,bullish,skipped,False,False,http_429,ok,True,False,,ok,True,False,True,,True,False,False,False,False,False,False,False,True,False,False,analyst_unknown,event_time_historical,yfinance_upgrades_downgrades,strong_buy,1.34921,58,826.69104,825.0,1015.0,614.0,,
1073,NVDA,2025-11-28,sell,True,True,bearish,skipped,False,False,http_429,ok,True,False,,ok,True,False,True,,True,False,False,False,False,False,False,False,True,False,False,analyst_unknown,event_time_historical,yfinance_upgrades_downgrades,strong_buy,1.29508,57,272.93738,275.0,380.0,140.0,,
1074,AAPL,2023-06-26,buy,True,True,bullish,skipped,False,False,http_429,ok,True,False,,ok,True,False,True,,True,False,False,False,False,False,False,False,True,False,False,analyst_unknown,event_time_historical,yfinance_upgrades_downgrades,buy,1.95833,43,308.06512,310.0,400.0,215.0,,
1075,AMZN,2026-02-23,buy,True,True,bullish,skipped,False,False,http_429,ok,True,False,,ok,True,False,False,,True,True,False,False,False,True,False,True,False,True,False,analyst_bullish_aligned,event_time_historical,finnhub_recommendation,strong_buy,1.34848,62,311.55145,317.0,370.0,207.0,,2026-02-01
1076,NVDA,2026-04-17,sell,True,True,bearish,skipped,False,False,http_429,ok,True,False,,ok,True,False,False,,True,False,False,False,True,True,True,True,False,True,False,finfluencer_contrarian_to_analyst,event_time_historical,finnhub_recommendation,strong_buy,1.29508,57,272.93738,275.0,380.0,140.0,,2026-04-01
1077,NVDA,2026-04-17,sell,True,True,bearish,skipped,False,False,http_429,ok,True,False,,ok,True,False,False,,True,False,False,False,True,True,True,True,False,True,False,finfluencer_contrarian_to_analyst,event_time_historical,finnhub_recommendation,strong_buy,1.29508,57,272.93738,275.0,380.0,140.0,,2026-04-01
1078,NVDA,2026-04-17,buy,True,True,bullish,skipped,False,False,http_429,ok,True,False,,ok,True,False,False,,True,True,False,False,False,True,True,True,False,True,False,analyst_bullish_aligned,event_time_historical,finnhub_recommendation,strong_buy,1.29508,57,272.93738,275.0,380.0,140.0,,2026-04-01
1079,META,2026-04-17,buy,False,True,bullish,skipped,False,False,http_429,ok,True,False,,ok,True,False,False,,True,True,False,False,False,True,False,True,False,True,False,analyst_bullish_aligned,event_time_historical,finnhub_recommendation,strong_buy,1.34921,58,826.69104,825.0,1015.0,614.0,,2026-04-01
1080,AMZN,2026-04-17,sell,True,True,bearish,skipped,False,False,http_429,ok,True,False,,ok,True,False,False,,True,False,False,False,True,True,False,True,False,True,False,finfluencer_contrarian_to_analyst,event_time_historical,finnhub_recommendation,strong_buy,1.34848,62,311.55145,317.0,370.0,207.0,,2026-04-01
1081,AMZN,2026-04-17,buy,True,True,bullish,skipped,False,False,http_429,ok,True,False,,ok,True,False,False,,True,True,False,False,False,True,False,True,False,True,False,analyst_bullish_aligned,event_time_historical,finnhub_recommendation,strong_buy,1.34848,62,311.55145,317.0,370.0,207.0,,2026-04-01
1082,MSFT,2026-02-24,sell,False,True,bearish,skipped,False,False,http_429,ok,True,False,,ok,True,False,False,,True,False,False,False,True,True,False,True,False,True,False,finfluencer_contrarian_to_analyst,event_time_historical,finnhub_recommendation,strong_buy,1.30909,54,561.5561,562.5,870.0,400.0,,2026-02-01
1083,GOOGL,2026-05-12,sell,False,True,bearish,skipped,False,False,http_429,ok,True,False,,ok,True,False,False,,True,False,False,False,True,True,False,True,False,True,False,finfluencer_contrarian_to_analyst,event_time_historical,finnhub_recommendation,strong_buy,1.39683,52,427.88712,430.0,515.0,334.22,,2026-05-01
1084,GOOGL,2026-05-12,buy,False,False,bullish,skipped,False,False,http_429,ok,True,False,,ok,True,False,False,,True,True,False,False,False,True,False,True,False,True,False,analyst_bullish_aligned,event_time_historical,finnhub_recommendation,strong_buy,1.39683,52,427.88712,430.0,515.0,334.22,,2026-05-01
1085,GOOGL,2026-05-12,buy,False,True,bullish,skipped,False,False,http_429,ok,True,False,,ok,True,False,False,,True,True,False,False,False,True,False,True,False,True,False,analyst_bullish_aligned,event_time_historical,finnhub_recommendation,strong_buy,1.39683,52,427.88712,430.0,515.0,334.22,,2026-05-01
1086,AMZN,2026-05-12,buy,True,True,bullish,skipped,False,False,http_429,ok,True,False,,ok,True,False,False,,True,True,False,False,False,True,False,True,False,True,False,analyst_bullish_aligned,event_time_historical,finnhub_recommendation,strong_buy,1.34848,62,311.55145,317.0,370.0,207.0,,2026-05-01
1087,SOFI,2026-05-01,buy,False,True,bullish,skipped,False,False,http_429,ok,True,False,,ok,True,False,False,,True,True,False,False,False,True,True,True,False,True,False,analyst_bullish_aligned,event_time_historical,finnhub_recommendation,hold,2.70833,20,21.1,18.5,31.0,12.0,,2026-05-01
1088,SOFI,2026-05-01,buy,False,True,bullish,skipped,False,False,http_429,ok,True,False,,ok,True,False,False,,True,True,False,False,False,True,True,True,False,True,False,analyst_bullish_aligned,event_time_historical,finnhub_recommendation,hold,2.70833,20,21.1,18.5,31.0,12.0,,2026-05-01
1089,NVDA,2025-11-24,buy,True,True,bullish,skipped,False,False,http_429,ok,True,False,,ok,True,False,True,,True,False,False,False,False,False,False,False,True,False,False,analyst_unknown,event_time_historical,yfinance_upgrades_downgrades,strong_buy,1.29508,57,272.93738,275.0,380.0,140.0,,
1090,NVDA,2025-11-24,buy,True,True,bullish,skipped,False,False,http_429,ok,True,False,,ok,True,False,True,,True,False,False,False,False,False,False,False,True,False,False,analyst_unknown,event_time_historical,yfinance_upgrades_downgrades,strong_buy,1.29508,57,272.93738,275.0,380.0,140.0,,
1091,TSLA,2026-05-11,sell,True,True,bearish,skipped,False,False,http_429,ok,True,False,,ok,True,False,False,,True,False,False,False,True,True,True,True,False,True,False,finfluencer_contrarian_to_analyst,event_time_historical,finnhub_recommendation,buy,2.3617,41,412.25366,450.0,600.0,123.0,,2026-05-01
1092,UBER,2025-02-07,buy,False,False,bullish,skipped,False,False,http_429,ok,True,False,,ok,True,False,True,,True,False,False,False,False,False,False,False,True,False,False,analyst_unknown,event_time_historical,yfinance_upgrades_downgrades,buy,1.51923,50,104.9312,107.0,150.0,70.0,,
1093,AMZN,2026-03-16,buy,True,True,bullish,skipped,False,False,http_429,ok,True,False,,ok,True,False,False,,True,True,False,False,False,True,False,True,False,True,False,analyst_bullish_aligned,event_time_historical,finnhub_recommendation,strong_buy,1.34848,62,311.55145,317.0,370.0,207.0,,2026-03-01
1094,AMZN,2025-04-30,buy,True,True,bullish,skipped,False,False,http_429,ok,True,False,,ok,True,False,True,,True,False,False,False,False,False,False,False,True,False,False,analyst_unknown,event_time_historical,yfinance_upgrades_downgrades,strong_buy,1.34848,62,311.55145,317.0,370.0,207.0,,
1095,META,2025-04-30,sell,False,True,bearish,skipped,False,False,http_429,ok,True,False,,ok,True,False,True,,True,False,False,False,False,False,False,False,True,False,False,analyst_unknown,event_time_historical,yfinance_upgrades_downgrades,strong_buy,1.34921,58,826.69104,825.0,1015.0,614.0,,
1096,NVDA,2026-04-24,buy,True,True,bullish,skipped,False,False,http_429,ok,True,False,,ok,True,False,False,,True,True,False,False,False,True,True,True,False,True,False,analyst_bullish_aligned,event_time_historical,finnhub_recommendation,strong_buy,1.29508,57,272.93738,275.0,380.0,140.0,,2026-04-01
1097,MSFT,2025-01-16,buy,False,True,bullish,skipped,False,False,http_429,ok,True,False,,ok,True,False,True,,True,False,False,False,False,False,False,False,True,False,False,analyst_unknown,event_time_historical,yfinance_upgrades_downgrades,strong_buy,1.30909,54,561.5561,562.5,870.0,400.0,,
1098,MSFT,2025-01-16,buy,False,True,bullish,skipped,False,False,http_429,ok,True,False,,ok,True,False,True,,True,False,False,False,False,False,False,False,True,False,False,analyst_unknown,event_time_historical,yfinance_upgrades_downgrades,strong_buy,1.30909,54,561.5561,562.5,870.0,400.0,,
1099,MSFT,2025-01-16,buy,False,True,bullish,skipped,False,False,http_429,ok,True,False,,ok,True,False,True,,True,False,False,False,False,False,False,False,True,False,False,analyst_unknown,event_time_historical,yfinance_upgrades_downgrades,strong_buy,1.30909,54,561.5561,562.5,870.0,400.0,,
1100,MSFT,2025-01-16,buy,False,True,bullish,skipped,False,False,http_429,ok,True,False,,ok,True,False,True,,True,False,False,False,False,False,False,False,True,False,False,analyst_unknown,event_time_historical,yfinance_upgrades_downgrades,strong_buy,1.30909,54,561.5561,562.5,870.0,400.0,,
1101,TSLA,2026-04-24,buy,True,True,bullish,skipped,False,False,http_429,ok,True,False,,ok,True,False,False,,True,True,False,False,False,True,True,True,False,True,False,analyst_bullish_aligned,event_time_historical,finnhub_recommendation,buy,2.3617,41,412.25366,450.0,600.0,123.0,,2026-04-01
1102,AMZN,2026-03-02,buy,True,True,bullish,skipped,False,False,http_429,ok,True,False,,ok,True,False,False,,True,True,False,False,False,True,False,True,False,True,False,analyst_bullish_aligned,event_time_historical,finnhub_recommendation,strong_buy,1.34848,62,311.55145,317.0,370.0,207.0,,2026-03-01
1103,MSFT,2026-04-21,buy,False,False,bullish,skipped,False,False,http_429,ok,True,False,,ok,True,False,False,,True,True,False,False,False,True,False,True,False,True,False,analyst_bullish_aligned,event_time_historical,finnhub_recommendation,strong_buy,1.30909,54,561.5561,562.5,870.0,400.0,,2026-04-01
1104,UBER,2026-03-12,buy,False,True,bullish,skipped,False,False,http_429,ok,True,False,,ok,True,False,False,,True,True,False,False,False,True,True,True,False,True,False,analyst_bullish_aligned,event_time_historical,finnhub_recommendation,buy,1.51923,50,104.9312,107.0,150.0,70.0,,2026-03-01
1105,AMD,2025-06-06,sell,True,True,bearish,skipped,False,False,http_429,ok,True,False,,ok,True,False,True,,True,False,False,False,False,False,False,False,True,False,False,analyst_unknown,event_time_historical,yfinance_upgrades_downgrades,buy,1.5098,48,457.83334,474.0,625.0,225.0,,
1106,AAPL,2025-08-08,buy,True,True,bullish,skipped,False,False,http_429,ok,True,False,,ok,True,False,True,,True,False,False,False,False,False,False,False,True,False,False,analyst_unknown,event_time_historical,yfinance_upgrades_downgrades,buy,1.95833,43,308.06512,310.0,400.0,215.0,,
1107,MSFT,2026-04-06,buy,False,True,bullish,skipped,False,False,http_429,ok,True,False,,ok,True,False,False,,True,True,False,False,False,True,False,True,False,True,False,analyst_bullish_aligned,event_time_historical,finnhub_recommendation,strong_buy,1.30909,54,561.5561,562.5,870.0,400.0,,2026-04-01
1108,AMZN,2026-01-30,buy,True,True,bullish,skipped,False,False,http_429,ok,True,False,,ok,True,False,True,,True,False,False,False,False,False,False,False,True,False,False,analyst_unknown,event_time_historical,yfinance_upgrades_downgrades,strong_buy,1.34848,62,311.55145,317.0,370.0,207.0,,
1109,AMZN,2026-01-30,buy,True,True,bullish,skipped,False,False,http_429,ok,True,False,,ok,True,False,True,,True,False,False,False,False,False,False,False,True,False,False,analyst_unknown,event_time_historical,yfinance_upgrades_downgrades,strong_buy,1.34848,62,311.55145,317.0,370.0,207.0,,
1110,AMZN,2026-01-30,buy,True,True,bullish,skipped,False,False,http_429,ok,True,False,,ok,True,False,True,,True,False,False,False,False,False,False,False,True,False,False,analyst_unknown,event_time_historical,yfinance_upgrades_downgrades,strong_buy,1.34848,62,311.55145,317.0,370.0,207.0,,
1112,TSLA,2026-01-30,buy,True,True,bullish,skipped,False,False,http_429,ok,True,False,,ok,True,False,True,,True,False,False,False,False,False,False,False,True,False,False,analyst_unknown,event_time_historical,yfinance_upgrades_downgrades,buy,2.3617,41,412.25366,450.0,600.0,123.0,,
1113,TSLA,2025-04-23,sell,True,True,bearish,skipped,False,False,http_429,ok,True,False,,ok,True,False,True,,True,False,False,False,False,False,False,False,True,False,False,analyst_unknown,event_time_historical,yfinance_upgrades_downgrades,buy,2.3617,41,412.25366,450.0,600.0,123.0,,
1114,AMD,2026-05-06,buy,True,True,bullish,skipped,False,False,http_429,ok,True,False,,ok,True,False,False,,True,True,False,False,False,True,True,True,False,True,False,analyst_bullish_aligned,event_time_historical,finnhub_recommendation,buy,1.5098,48,457.83334,474.0,625.0,225.0,,2026-05-01
1115,AMD,2026-05-06,sell,True,True,bearish,skipped,False,False,http_429,ok,True,False,,ok,True,False,False,,True,False,False,False,True,True,True,True,False,True,False,finfluencer_contrarian_to_analyst,event_time_historical,finnhub_recommendation,buy,1.5098,48,457.83334,474.0,625.0,225.0,,2026-05-01
1116,AMZN,2026-05-06,buy,True,True,bullish,skipped,False,False,http_429,ok,True,False,,ok,True,False,False,,True,True,False,False,False,True,False,True,False,True,False,analyst_bullish_aligned,event_time_historical,finnhub_recommendation,strong_buy,1.34848,62,311.55145,317.0,370.0,207.0,,2026-05-01
1117,NFLX,2026-04-27,buy,False,True,bullish,skipped,False,False,http_429,ok,True,False,,ok,True,False,False,,True,True,False,False,False,True,True,True,False,True,False,analyst_bullish_aligned,event_time_historical,finnhub_recommendation,buy,1.68,44,114.555,115.0,151.4,80.0,,2026-04-01
1118,AAPL,2026-04-01,sell,True,True,bearish,skipped,False,False,http_429,ok,True,False,,ok,True,False,False,,True,False,False,False,True,True,True,True,False,True,False,finfluencer_contrarian_to_analyst,event_time_historical,finnhub_recommendation,buy,1.95833,43,308.06512,310.0,400.0,215.0,,2026-04-01
1119,AMD,2026-03-10,sell,True,True,bearish,skipped,False,False,http_429,ok,True,False,,ok,True,False,False,,True,False,False,False,True,True,True,True,False,True,False,finfluencer_contrarian_to_analyst,event_time_historical,finnhub_recommendation,buy,1.5098,48,457.83334,474.0,625.0,225.0,,2026-03-01
1120,GOOGL,2026-05-06,buy,False,False,bullish,skipped,False,False,http_429,ok,True,False,,ok,True,False,False,,True,True,False,False,False,True,False,True,False,True,False,analyst_bullish_aligned,event_time_historical,finnhub_recommendation,strong_buy,1.39683,52,427.88712,430.0,515.0,334.22,,2026-05-01
1121,PYPL,2026-05-05,buy,False,True,bullish,skipped,False,False,http_429,ok,True,False,,ok,True,False,False,,True,False,False,True,False,True,True,False,False,True,False,analyst_neutral_or_mixed,event_time_historical,finnhub_recommendation,hold,2.88636,34,52.52618,48.0,147.39,32.0,,2026-05-01
1122,SOFI,2026-05-11,buy,False,False,bullish,skipped,False,False,http_429,ok,True,False,,ok,True,False,False,,True,True,False,False,False,True,True,True,False,True,False,analyst_bullish_aligned,event_time_historical,finnhub_recommendation,hold,2.70833,20,21.1,18.5,31.0,12.0,,2026-05-01
1123,MSFT,2026-01-30,buy,False,True,bullish,skipped,False,False,http_429,ok,True,False,,ok,True,False,True,,True,False,False,False,False,False,False,False,True,False,False,analyst_unknown,event_time_historical,yfinance_upgrades_downgrades,strong_buy,1.30909,54,561.5561,562.5,870.0,400.0,,
1124,UBER,2025-05-22,buy,False,True,bullish,skipped,False,False,http_429,ok,True,False,,ok,True,False,True,,True,False,False,False,False,False,False,False,True,False,False,analyst_unknown,event_time_historical,yfinance_upgrades_downgrades,buy,1.51923,50,104.9312,107.0,150.0,70.0,,
1125,UBER,2025-05-22,buy,False,True,bullish,skipped,False,False,http_429,ok,True,False,,ok,True,False,True,,True,False,False,False,False,False,False,False,True,False,False,analyst_unknown,event_time_historical,yfinance_upgrades_downgrades,buy,1.51923,50,104.9312,107.0,150.0,70.0,,
1126,AMZN,2025-05-22,buy,True,True,bullish,skipped,False,False,http_429,ok,True,False,,ok,True,False,True,,True,False,False,False,False,False,False,False,True,False,False,analyst_unknown,event_time_historical,yfinance_upgrades_downgrades,strong_buy,1.34848,62,311.55145,317.0,370.0,207.0,,
1127,AMZN,2025-05-22,buy,True,True,bullish,skipped,False,False,http_429,ok,True,False,,ok,True,False,True,,True,False,False,False,False,False,False,False,True,False,False,analyst_unknown,event_time_historical,yfinance_upgrades_downgrades,strong_buy,1.34848,62,311.55145,317.0,370.0,207.0,,
1128,AMD,2026-03-03,sell,True,True,bearish,skipped,False,False,http_429,ok,True,False,,ok,True,False,False,,True,False,False,False,True,True,True,True,False,True,False,finfluencer_contrarian_to_analyst,event_time_historical,finnhub_recommendation,buy,1.5098,48,457.83334,474.0,625.0,225.0,,2026-03-01
1129,AMZN,2026-03-03,sell,True,True,bearish,skipped,False,False,http_429,ok,True,False,,ok,True,False,False,,True,False,False,False,True,True,False,True,False,True,False,finfluencer_contrarian_to_analyst,event_time_historical,finnhub_recommendation,strong_buy,1.34848,62,311.55145,317.0,370.0,207.0,,2026-03-01
1130,UBER,2026-05-08,buy,False,False,bullish,skipped,False,False,http_429,ok,True,False,,ok,True,False,False,,True,True,False,False,False,True,True,True,False,True,False,analyst_bullish_aligned,event_time_historical,finnhub_recommendation,buy,1.51923,50,104.9312,107.0,150.0,70.0,,2026-05-01
1131,UBER,2026-05-08,buy,False,True,bullish,skipped,False,False,http_429,ok,True,False,,ok,True,False,False,,True,True,False,False,False,True,True,True,False,True,False,analyst_bullish_aligned,event_time_historical,finnhub_recommendation,buy,1.51923,50,104.9312,107.0,150.0,70.0,,2026-05-01
1132,MSFT,2023-07-26,buy,False,True,bullish,skipped,False,False,http_429,ok,True,False,,ok,True,False,True,,True,False,False,False,False,False,False,False,True,False,False,analyst_unknown,event_time_historical,yfinance_upgrades_downgrades,strong_buy,1.30909,54,561.5561,562.5,870.0,400.0,,
1133,META,2026-04-09,buy,False,True,bullish,skipped,False,False,http_429,ok,True,False,,ok,True,False,False,,True,True,False,False,False,True,False,True,False,True,False,analyst_bullish_aligned,event_time_historical,finnhub_recommendation,strong_buy,1.34921,58,826.69104,825.0,1015.0,614.0,,2026-04-01
1134,MSFT,2026-04-09,buy,False,True,bullish,skipped,False,False,http_429,ok,True,False,,ok,True,False,False,,True,True,False,False,False,True,False,True,False,True,False,analyst_bullish_aligned,event_time_historical,finnhub_recommendation,strong_buy,1.30909,54,561.5561,562.5,870.0,400.0,,2026-04-01
1135,NVDA,2026-04-02,sell,True,True,bearish,skipped,False,False,http_429,ok,True,False,,ok,True,False,False,,True,False,False,False,True,True,True,True,False,True,False,finfluencer_contrarian_to_analyst,event_time_historical,finnhub_recommendation,strong_buy,1.29508,57,272.93738,275.0,380.0,140.0,,2026-04-01
1136,MSFT,2026-04-15,buy,False,True,bullish,skipped,False,False,http_429,ok,True,False,,ok,True,False,False,,True,True,False,False,False,True,False,True,False,True,False,analyst_bullish_aligned,event_time_historical,finnhub_recommendation,strong_buy,1.30909,54,561.5561,562.5,870.0,400.0,,2026-04-01
1137,AAPL,2025-09-12,buy,True,True,bullish,skipped,False,False,http_429,ok,True,False,,ok,True,False,True,,True,False,False,False,False,False,False,False,True,False,False,analyst_unknown,event_time_historical,yfinance_upgrades_downgrades,buy,1.95833,43,308.06512,310.0,400.0,215.0,,
1138,NVDA,2025-09-12,buy,True,True,bullish,skipped,False,False,http_429,ok,True,False,,ok,True,False,True,,True,False,False,False,False,False,False,False,True,False,False,analyst_unknown,event_time_historical,yfinance_upgrades_downgrades,strong_buy,1.29508,57,272.93738,275.0,380.0,140.0,,
1139,MSFT,2025-09-12,buy,False,True,bullish,skipped,False,False,http_429,ok,True,False,,ok,True,False,True,,True,False,False,False,False,False,False,False,True,False,False,analyst_unknown,event_time_historical,yfinance_upgrades_downgrades,strong_buy,1.30909,54,561.5561,562.5,870.0,400.0,,
1140,META,2026-04-02,buy,False,True,bullish,skipped,False,False,http_429,ok,True,False,,ok,True,False,False,,True,True,False,False,False,True,False,True,False,True,False,analyst_bullish_aligned,event_time_historical,finnhub_recommendation,strong_buy,1.34921,58,826.69104,825.0,1015.0,614.0,,2026-04-01
1141,AMZN,2025-12-31,buy,True,True,bullish,skipped,False,False,http_429,ok,True,False,,ok,True,False,True,,True,False,False,False,False,False,False,False,True,False,False,analyst_unknown,event_time_historical,yfinance_upgrades_downgrades,strong_buy,1.34848,62,311.55145,317.0,370.0,207.0,,
1142,AAPL,2025-04-25,buy,True,True,bullish,skipped,False,False,http_429,ok,True,False,,ok,True,False,True,,True,False,False,False,False,False,False,False,True,False,False,analyst_unknown,event_time_historical,yfinance_upgrades_downgrades,buy,1.95833,43,308.06512,310.0,400.0,215.0,,
1143,NFLX,2025-12-05,buy,False,True,bullish,skipped,False,False,http_429,ok,True,False,,ok,True,False,True,,True,False,False,False,False,False,False,False,True,False,False,analyst_unknown,event_time_historical,yfinance_upgrades_downgrades,buy,1.68,44,114.555,115.0,151.4,80.0,,
1144,AAPL,2025-12-05,buy,True,True,bullish,skipped,False,False,http_429,ok,True,False,,ok,True,False,True,,True,False,False,False,False,False,False,False,True,False,False,analyst_unknown,event_time_historical,yfinance_upgrades_downgrades,buy,1.95833,43,308.06512,310.0,400.0,215.0,,
1145,NVDA,2025-12-05,sell,True,True,bearish,skipped,False,False,http_429,ok,True,False,,ok,True,False,True,,True,False,False,False,False,False,False,False,True,False,False,analyst_unknown,event_time_historical,yfinance_upgrades_downgrades,strong_buy,1.29508,57,272.93738,275.0,380.0,140.0,,
1146,NVDA,2025-12-05,sell,True,True,bearish,skipped,False,False,http_429,ok,True,False,,ok,True,False,True,,True,False,False,False,False,False,False,False,True,False,False,analyst_unknown,event_time_historical,yfinance_upgrades_downgrades,strong_buy,1.29508,57,272.93738,275.0,380.0,140.0,,
1147,NVDA,2025-12-05,sell,True,True,bearish,skipped,False,False,http_429,ok,True,False,,ok,True,False,True,,True,False,False,False,False,False,False,False,True,False,False,analyst_unknown,event_time_historical,yfinance_upgrades_downgrades,strong_buy,1.29508,57,272.93738,275.0,380.0,140.0,,
1148,PLTR,2025-11-13,buy,False,False,bullish,skipped,False,False,http_429,ok,True,False,,ok,True,False,True,,True,False,False,False,False,False,False,False,True,False,False,analyst_unknown,event_time_historical,yfinance_upgrades_downgrades,buy,1.90323,27,183.7289,200.0,255.0,70.0,,
1149,GOOGL,2025-05-12,buy,False,True,bullish,skipped,False,False,http_429,ok,True,False,,ok,True,False,True,,True,False,False,False,False,False,False,False,True,False,False,analyst_unknown,event_time_historical,yfinance_upgrades_downgrades,strong_buy,1.39683,52,427.88712,430.0,515.0,334.22,,
1150,META,2026-01-14,buy,False,True,bullish,skipped,False,False,http_429,ok,True,False,,ok,True,False,True,,True,False,False,False,False,False,False,False,True,False,False,analyst_unknown,event_time_historical,yfinance_upgrades_downgrades,strong_buy,1.34921,58,826.69104,825.0,1015.0,614.0,,
1151,META,2026-01-14,buy,False,True,bullish,skipped,False,False,http_429,ok,True,False,,ok,True,False,True,,True,False,False,False,False,False,False,False,True,False,False,analyst_unknown,event_time_historical,yfinance_upgrades_downgrades,strong_buy,1.34921,58,826.69104,825.0,1015.0,614.0,,
1152,NFLX,2025-10-10,buy,False,True,bullish,skipped,False,False,http_429,ok,True,False,,ok,True,False,True,,True,False,False,False,False,False,False,False,True,False,False,analyst_unknown,event_time_historical,yfinance_upgrades_downgrades,buy,1.68,44,114.555,115.0,151.4,80.0,,
1153,AAPL,2026-02-24,sell,True,True,bearish,skipped,False,False,http_429,ok,True,False,,ok,True,False,False,,True,False,False,False,True,True,True,True,False,True,False,finfluencer_contrarian_to_analyst,event_time_historical,finnhub_recommendation,buy,1.95833,43,308.06512,310.0,400.0,215.0,,2026-02-01
1154,AMZN,2025-08-01,buy,True,True,bullish,skipped,False,False,http_429,ok,True,False,,ok,True,False,True,,True,False,False,False,False,False,False,False,True,False,False,analyst_unknown,event_time_historical,yfinance_upgrades_downgrades,strong_buy,1.34848,62,311.55145,317.0,370.0,207.0,,
1155,NFLX,2025-08-01,buy,False,True,bullish,skipped,False,False,http_429,ok,True,False,,ok,True,False,True,,True,False,False,False,False,False,False,False,True,False,False,analyst_unknown,event_time_historical,yfinance_upgrades_downgrades,buy,1.68,44,114.555,115.0,151.4,80.0,,
1156,TSLA,2025-08-01,sell,True,True,bearish,skipped,False,False,http_429,ok,True,False,,ok,True,False,True,,True,False,False,False,False,False,False,False,True,False,False,analyst_unknown,event_time_historical,yfinance_upgrades_downgrades,buy,2.3617,41,412.25366,450.0,600.0,123.0,,
1157,TSLA,2025-09-05,sell,True,True,bearish,skipped,False,False,http_429,ok,True,False,,ok,True,False,True,,True,False,False,False,False,False,False,False,True,False,False,analyst_unknown,event_time_historical,yfinance_upgrades_downgrades,buy,2.3617,41,412.25366,450.0,600.0,123.0,,
1158,NVDA,2025-02-07,buy,True,True,bullish,skipped,False,False,http_429,ok,True,False,,ok,True,False,True,,True,False,False,False,False,False,False,False,True,False,False,analyst_unknown,event_time_historical,yfinance_upgrades_downgrades,strong_buy,1.29508,57,272.93738,275.0,380.0,140.0,,
1159,META,2025-07-07,buy,False,True,bullish,skipped,False,False,http_429,ok,True,False,,ok,True,False,True,,True,False,False,False,False,False,False,False,True,False,False,analyst_unknown,event_time_historical,yfinance_upgrades_downgrades,strong_buy,1.34921,58,826.69104,825.0,1015.0,614.0,,
1160,AAPL,2025-09-05,sell,True,True,bearish,skipped,False,False,http_429,ok,True,False,,ok,True,False,True,,True,False,False,False,False,False,False,False,True,False,False,analyst_unknown,event_time_historical,yfinance_upgrades_downgrades,buy,1.95833,43,308.06512,310.0,400.0,215.0,,
1161,AAPL,2025-09-05,sell,True,True,bearish,skipped,False,False,http_429,ok,True,False,,ok,True,False,True,,True,False,False,False,False,False,False,False,True,False,False,analyst_unknown,event_time_historical,yfinance_upgrades_downgrades,buy,1.95833,43,308.06512,310.0,400.0,215.0,,
1162,AAPL,2025-09-05,sell,True,True,bearish,skipped,False,False,http_429,ok,True,False,,ok,True,False,True,,True,False,False,False,False,False,False,False,True,False,False,analyst_unknown,event_time_historical,yfinance_upgrades_downgrades,buy,1.95833,43,308.06512,310.0,400.0,215.0,,
1163,AAPL,2023-07-05,buy,True,True,bullish,skipped,False,False,http_429,ok,True,False,,ok,True,False,True,,True,False,False,False,False,False,False,False,True,False,False,analyst_unknown,event_time_historical,yfinance_upgrades_downgrades,buy,1.95833,43,308.06512,310.0,400.0,215.0,,
1164,SOFI,2026-04-10,buy,False,True,bullish,skipped,False,False,http_429,ok,True,False,,ok,True,False,False,,True,True,False,False,False,True,True,True,False,True,False,analyst_bullish_aligned,event_time_historical,finnhub_recommendation,hold,2.70833,20,21.1,18.5,31.0,12.0,,2026-04-01
1165,AAPL,2026-01-26,buy,True,True,bullish,skipped,False,False,http_429,ok,True,False,,ok,True,False,True,,True,False,False,False,False,False,False,False,True,False,False,analyst_unknown,event_time_historical,yfinance_upgrades_downgrades,buy,1.95833,43,308.06512,310.0,400.0,215.0,,
1166,GOOGL,2025-12-01,buy,False,True,bullish,skipped,False,False,http_429,ok,True,False,,ok,True,False,True,,True,False,False,False,False,False,False,False,True,False,False,analyst_unknown,event_time_historical,yfinance_upgrades_downgrades,strong_buy,1.39683,52,427.88712,430.0,515.0,334.22,,
1167,GOOGL,2025-12-01,sell,False,True,bearish,skipped,False,False,http_429,ok,True,False,,ok,True,False,True,,True,False,False,False,False,False,False,False,True,False,False,analyst_unknown,event_time_historical,yfinance_upgrades_downgrades,strong_buy,1.39683,52,427.88712,430.0,515.0,334.22,,
1168,GOOGL,2025-12-01,buy,False,True,bullish,skipped,False,False,http_429,ok,True,False,,ok,True,False,True,,True,False,False,False,False,False,False,False,True,False,False,analyst_unknown,event_time_historical,yfinance_upgrades_downgrades,strong_buy,1.39683,52,427.88712,430.0,515.0,334.22,,
1169,TSLA,2026-04-27,sell,True,True,bearish,skipped,False,False,http_429,ok,True,False,,ok,True,False,False,,True,False,False,False,True,True,True,True,False,True,False,finfluencer_contrarian_to_analyst,event_time_historical,finnhub_recommendation,buy,2.3617,41,412.25366,450.0,600.0,123.0,,2026-04-01
1170,NVDA,2026-04-27,sell,True,True,bearish,skipped,False,False,http_429,ok,True,False,,ok,True,False,False,,True,False,False,False,True,True,True,True,False,True,False,finfluencer_contrarian_to_analyst,event_time_historical,finnhub_recommendation,strong_buy,1.29508,57,272.93738,275.0,380.0,140.0,,2026-04-01
1171,PYPL,2025-11-10,sell,False,True,bearish,skipped,False,False,http_429,ok,True,False,,ok,True,False,True,,True,False,False,False,False,False,False,False,True,False,False,analyst_unknown,event_time_historical,yfinance_upgrades_downgrades,hold,2.88636,34,52.52618,48.0,147.39,32.0,,
1172,MSFT,2023-10-02,buy,False,True,bullish,skipped,False,False,http_429,ok,True,False,,ok,True,False,True,,True,False,False,False,False,False,False,False,True,False,False,analyst_unknown,event_time_historical,yfinance_upgrades_downgrades,strong_buy,1.30909,54,561.5561,562.5,870.0,400.0,,
1173,TSLA,2023-10-02,buy,True,True,bullish,skipped,False,False,http_429,ok,True,False,,ok,True,False,True,,True,False,False,False,False,False,False,False,True,False,False,analyst_unknown,event_time_historical,yfinance_upgrades_downgrades,buy,2.3617,41,412.25366,450.0,600.0,123.0,,
1174,TSLA,2023-10-02,buy,True,False,bullish,skipped,False,False,http_429,ok,True,False,,ok,True,False,True,,True,False,False,False,False,False,False,False,True,False,False,analyst_unknown,event_time_historical,yfinance_upgrades_downgrades,buy,2.3617,41,412.25366,450.0,600.0,123.0,,
1175,NVDA,2025-11-28,buy,True,True,bullish,skipped,False,False,http_429,ok,True,False,,ok,True,False,True,,True,False,False,False,False,False,False,False,True,False,False,analyst_unknown,event_time_historical,yfinance_upgrades_downgrades,strong_buy,1.29508,57,272.93738,275.0,380.0,140.0,,
1176,GOOGL,2025-11-28,sell,False,True,bearish,skipped,False,False,http_429,ok,True,False,,ok,True,False,True,,True,False,False,False,False,False,False,False,True,False,False,analyst_unknown,event_time_historical,yfinance_upgrades_downgrades,strong_buy,1.39683,52,427.88712,430.0,515.0,334.22,,
1177,META,2025-11-28,sell,False,True,bearish,skipped,False,False,http_429,ok,True,False,,ok,True,False,True,,True,False,False,False,False,False,False,False,True,False,False,analyst_unknown,event_time_historical,yfinance_upgrades_downgrades,strong_buy,1.34921,58,826.69104,825.0,1015.0,614.0,,
1178,TSLA,2025-09-26,buy,True,True,bullish,skipped,False,False,http_429,ok,True,False,,ok,True,False,True,,True,False,False,False,False,False,False,False,True,False,False,analyst_unknown,event_time_historical,yfinance_upgrades_downgrades,buy,2.3617,41,412.25366,450.0,600.0,123.0,,
1179,META,2026-02-10,buy,False,True,bullish,skipped,False,False,http_429,ok,True,False,,ok,True,False,False,,True,True,False,False,False,True,False,True,False,True,False,analyst_bullish_aligned,event_time_historical,finnhub_recommendation,strong_buy,1.34921,58,826.69104,825.0,1015.0,614.0,,2026-02-01
1180,MSFT,2025-07-31,buy,False,True,bullish,skipped,False,False,http_429,ok,True,False,,ok,True,False,True,,True,False,False,False,False,False,False,False,True,False,False,analyst_unknown,event_time_historical,yfinance_upgrades_downgrades,strong_buy,1.30909,54,561.5561,562.5,870.0,400.0,,
1181,AAPL,2026-03-09,sell,True,True,bearish,skipped,False,False,http_429,ok,True,False,,ok,True,False,False,,True,False,False,False,True,True,True,True,False,True,False,finfluencer_contrarian_to_analyst,event_time_historical,finnhub_recommendation,buy,1.95833,43,308.06512,310.0,400.0,215.0,,2026-03-01
1182,GOOGL,2025-11-13,buy,False,True,bullish,skipped,False,False,http_429,ok,True,False,,ok,True,False,True,,True,False,False,False,False,False,False,False,True,False,False,analyst_unknown,event_time_historical,yfinance_upgrades_downgrades,strong_buy,1.39683,52,427.88712,430.0,515.0,334.22,,
1183,AMZN,2025-11-13,buy,True,True,bullish,skipped,False,False,http_429,ok,True,False,,ok,True,False,True,,True,False,False,False,False,False,False,False,True,False,False,analyst_unknown,event_time_historical,yfinance_upgrades_downgrades,strong_buy,1.34848,62,311.55145,317.0,370.0,207.0,,
1184,META,2026-05-01,buy,False,False,bullish,skipped,False,False,http_429,ok,True,False,,ok,True,False,False,,True,True,False,False,False,True,False,True,False,True,False,analyst_bullish_aligned,event_time_historical,finnhub_recommendation,strong_buy,1.34921,58,826.69104,825.0,1015.0,614.0,,2026-05-01
1185,AAPL,2022-06-24,buy,True,True,bullish,skipped,False,False,http_429,ok,True,False,,ok,True,False,True,,True,False,False,False,False,False,False,False,True,False,False,analyst_unknown,event_time_historical,yfinance_upgrades_downgrades,buy,1.95833,43,308.06512,310.0,400.0,215.0,,
1186,AMZN,2025-08-15,buy,True,True,bullish,skipped,False,False,http_429,ok,True,False,,ok,True,False,True,,True,False,False,False,False,False,False,False,True,False,False,analyst_unknown,event_time_historical,yfinance_upgrades_downgrades,strong_buy,1.34848,62,311.55145,317.0,370.0,207.0,,
1187,GOOGL,2025-08-15,buy,False,False,bullish,skipped,False,False,http_429,ok,True,False,,ok,True,False,True,,True,False,False,False,False,False,False,False,True,False,False,analyst_unknown,event_time_historical,yfinance_upgrades_downgrades,strong_buy,1.39683,52,427.88712,430.0,515.0,334.22,,
1188,AAPL,2023-07-10,sell,True,True,bearish,skipped,False,False,http_429,ok,True,False,,ok,True,False,True,,True,False,False,False,False,False,False,False,True,False,False,analyst_unknown,event_time_historical,yfinance_upgrades_downgrades,buy,1.95833,43,308.06512,310.0,400.0,215.0,,
1189,MSFT,2026-02-13,sell,False,True,bearish,skipped,False,False,http_429,ok,True,False,,ok,True,False,False,,True,False,False,False,True,True,False,True,False,True,False,finfluencer_contrarian_to_analyst,event_time_historical,finnhub_recommendation,strong_buy,1.30909,54,561.5561,562.5,870.0,400.0,,2026-02-01
1190,AMZN,2026-02-13,sell,True,True,bearish,skipped,False,False,http_429,ok,True,False,,ok,True,False,False,,True,False,False,False,True,True,False,True,False,True,False,finfluencer_contrarian_to_analyst,event_time_historical,finnhub_recommendation,strong_buy,1.34848,62,311.55145,317.0,370.0,207.0,,2026-02-01
1191,META,2026-04-22,buy,False,True,bullish,skipped,False,False,http_429,ok,True,False,,ok,True,False,False,,True,True,False,False,False,True,False,True,False,True,False,analyst_bullish_aligned,event_time_historical,finnhub_recommendation,strong_buy,1.34921,58,826.69104,825.0,1015.0,614.0,,2026-04-01
1192,AMZN,2022-10-31,sell,True,True,bearish,skipped,False,False,http_429,ok,True,False,,ok,True,False,True,,True,False,False,False,False,False,False,False,True,False,False,analyst_unknown,event_time_historical,yfinance_upgrades_downgrades,strong_buy,1.34848,62,311.55145,317.0,370.0,207.0,,
1193,MSFT,2026-03-10,buy,False,True,bullish,skipped,False,False,http_429,ok,True,False,,ok,True,False,False,,True,True,False,False,False,True,False,True,False,True,False,analyst_bullish_aligned,event_time_historical,finnhub_recommendation,strong_buy,1.30909,54,561.5561,562.5,870.0,400.0,,2026-03-01
1194,GOOGL,2026-03-05,buy,False,True,bullish,skipped,False,False,http_429,ok,True,False,,ok,True,False,False,,True,True,False,False,False,True,False,True,False,True,False,analyst_bullish_aligned,event_time_historical,finnhub_recommendation,strong_buy,1.39683,52,427.88712,430.0,515.0,334.22,,2026-03-01
1195,SOFI,2025-12-02,buy,False,True,bullish,skipped,False,False,http_429,ok,True,False,,ok,True,False,True,,True,False,False,False,False,False,False,False,True,False,False,analyst_unknown,event_time_historical,yfinance_upgrades_downgrades,hold,2.70833,20,21.1,18.5,31.0,12.0,,
1196,SOFI,2025-12-02,buy,False,True,bullish,skipped,False,False,http_429,ok,True,False,,ok,True,False,True,,True,False,False,False,False,False,False,False,True,False,False,analyst_unknown,event_time_historical,yfinance_upgrades_downgrades,hold,2.70833,20,21.1,18.5,31.0,12.0,,
1197,UBER,2025-12-02,buy,False,True,bullish,skipped,False,False,http_429,ok,True,False,,ok,True,False,True,,True,False,False,False,False,False,False,False,True,False,False,analyst_unknown,event_time_historical,yfinance_upgrades_downgrades,buy,1.51923,50,104.9312,107.0,150.0,70.0,,
1198,NVDA,2025-12-15,buy,True,True,bullish,skipped,False,False,http_429,ok,True,False,,ok,True,False,True,,True,False,False,False,False,False,False,False,True,False,False,analyst_unknown,event_time_historical,yfinance_upgrades_downgrades,strong_buy,1.29508,57,272.93738,275.0,380.0,140.0,,
1199,NVDA,2026-03-20,sell,True,True,bearish,skipped,False,False,http_429,ok,True,False,,ok,True,False,False,,True,False,False,False,True,True,True,True,False,True,False,finfluencer_contrarian_to_analyst,event_time_historical,finnhub_recommendation,strong_buy,1.29508,57,272.93738,275.0,380.0,140.0,,2026-03-01
1200,AMD,2026-02-27,buy,True,True,bullish,skipped,False,False,http_429,ok,True,False,,ok,True,False,False,,True,True,False,False,False,True,True,True,False,True,False,analyst_bullish_aligned,event_time_historical,finnhub_recommendation,buy,1.5098,48,457.83334,474.0,625.0,225.0,,2026-02-01
1201,NFLX,2026-02-27,sell,False,True,bearish,skipped,False,False,http_429,ok,True,False,,ok,True,False,False,,True,False,False,False,True,True,True,True,False,True,False,finfluencer_contrarian_to_analyst,event_time_historical,finnhub_recommendation,buy,1.68,44,114.555,115.0,151.4,80.0,,2026-02-01
1202,NFLX,2026-02-27,sell,False,True,bearish,skipped,False,False,http_429,ok,True,False,,ok,True,False,False,,True,False,False,False,True,True,True,True,False,True,False,finfluencer_contrarian_to_analyst,event_time_historical,finnhub_recommendation,buy,1.68,44,114.555,115.0,151.4,80.0,,2026-02-01
1203,AMZN,2026-02-06,sell,True,True,bearish,skipped,False,False,http_429,ok,True,False,,ok,True,False,False,,True,False,False,False,True,True,False,True,False,True,False,finfluencer_contrarian_to_analyst,event_time_historical,finnhub_recommendation,strong_buy,1.34848,62,311.55145,317.0,370.0,207.0,,2026-02-01
1204,HOOD,2026-02-06,sell,False,True,bearish,skipped,False,False,http_429,ok,True,False,,ok,True,False,False,,True,False,False,False,True,True,True,True,False,True,False,finfluencer_contrarian_to_analyst,event_time_historical,finnhub_recommendation,buy,1.92593,24,98.43792,97.5,155.0,52.0,,2026-02-01
1205,TSLA,2022-04-01,sell,True,True,bearish,skipped,False,False,http_429,ok,True,False,,ok,True,False,True,,True,False,False,False,False,False,False,False,True,False,False,analyst_unknown,event_time_historical,yfinance_upgrades_downgrades,buy,2.3617,41,412.25366,450.0,600.0,123.0,,
1206,META,2026-03-26,buy,False,True,bullish,skipped,False,False,http_429,ok,True,False,,ok,True,False,False,,True,True,False,False,False,True,False,True,False,True,False,analyst_bullish_aligned,event_time_historical,finnhub_recommendation,strong_buy,1.34921,58,826.69104,825.0,1015.0,614.0,,2026-03-01
1207,NFLX,2026-04-20,buy,False,True,bullish,skipped,False,False,http_429,ok,True,False,,ok,True,False,False,,True,True,False,False,False,True,True,True,False,True,False,analyst_bullish_aligned,event_time_historical,finnhub_recommendation,buy,1.68,44,114.555,115.0,151.4,80.0,,2026-04-01
1208,PLTR,2026-05-12,buy,False,False,bullish,skipped,False,False,http_429,ok,True,False,,ok,True,False,False,,True,True,False,False,False,True,True,True,False,True,False,analyst_bullish_aligned,event_time_historical,finnhub_recommendation,buy,1.90323,27,183.7289,200.0,255.0,70.0,,2026-05-01
1209,PLTR,2026-05-12,buy,False,True,bullish,skipped,False,False,http_429,ok,True,False,,ok,True,False,False,,True,True,False,False,False,True,True,True,False,True,False,analyst_bullish_aligned,event_time_historical,finnhub_recommendation,buy,1.90323,27,183.7289,200.0,255.0,70.0,,2026-05-01
1210,GOOGL,2026-04-27,sell,False,True,bearish,skipped,False,False,http_429,ok,True,False,,ok,True,False,False,,True,False,False,False,True,True,False,True,False,True,False,finfluencer_contrarian_to_analyst,event_time_historical,finnhub_recommendation,strong_buy,1.39683,52,427.88712,430.0,515.0,334.22,,2026-04-01
1211,NVDA,2026-04-02,buy,True,False,bullish,skipped,False,False,http_429,ok,True,False,,ok,True,False,False,,True,True,False,False,False,True,True,True,False,True,False,analyst_bullish_aligned,event_time_historical,finnhub_recommendation,strong_buy,1.29508,57,272.93738,275.0,380.0,140.0,,2026-04-01
1212,NVDA,2026-04-02,buy,True,True,bullish,skipped,False,False,http_429,ok,True,False,,ok,True,False,False,,True,True,False,False,False,True,True,True,False,True,False,analyst_bullish_aligned,event_time_historical,finnhub_recommendation,strong_buy,1.29508,57,272.93738,275.0,380.0,140.0,,2026-04-01
1213,AAPL,2026-04-02,buy,True,True,bullish,skipped,False,False,http_429,ok,True,False,,ok,True,False,False,,True,True,False,False,False,True,True,True,False,True,False,analyst_bullish_aligned,event_time_historical,finnhub_recommendation,buy,1.95833,43,308.06512,310.0,400.0,215.0,,2026-04-01
1214,AMZN,2024-08-19,buy,True,False,bullish,skipped,False,False,http_429,ok,True,False,,ok,True,False,True,,True,False,False,False,False,False,False,False,True,False,False,analyst_unknown,event_time_historical,yfinance_upgrades_downgrades,strong_buy,1.34848,62,311.55145,317.0,370.0,207.0,,
1215,AMZN,2024-08-19,buy,True,False,bullish,skipped,False,False,http_429,ok,True,False,,ok,True,False,True,,True,False,False,False,False,False,False,False,True,False,False,analyst_unknown,event_time_historical,yfinance_upgrades_downgrades,strong_buy,1.34848,62,311.55145,317.0,370.0,207.0,,
1216,DIS,2024-08-19,buy,False,True,bullish,skipped,False,False,http_429,ok,True,False,,ok,True,False,True,,True,False,False,False,False,False,False,False,True,False,False,analyst_unknown,event_time_historical,yfinance_upgrades_downgrades,strong_buy,1.46667,29,130.66553,132.0,164.0,77.0,,
1217,AAPL,2024-02-02,buy,True,True,bullish,skipped,False,False,http_429,ok,True,False,,ok,True,False,True,,True,False,False,False,False,False,False,False,True,False,False,analyst_unknown,event_time_historical,yfinance_upgrades_downgrades,buy,1.95833,43,308.06512,310.0,400.0,215.0,,
1218,MSFT,2024-10-01,buy,False,True,bullish,skipped,False,False,http_429,ok,True,False,,ok,True,False,True,,True,False,False,False,False,False,False,False,True,False,False,analyst_unknown,event_time_historical,yfinance_upgrades_downgrades,strong_buy,1.30909,54,561.5561,562.5,870.0,400.0,,
1219,PYPL,2025-11-17,buy,False,True,bullish,skipped,False,False,http_429,ok,True,False,,ok,True,False,True,,True,False,False,False,False,False,False,False,True,False,False,analyst_unknown,event_time_historical,yfinance_upgrades_downgrades,hold,2.88636,34,52.52618,48.0,147.39,32.0,,
1220,PYPL,2025-11-17,buy,False,False,bullish,skipped,False,False,http_429,ok,True,False,,ok,True,False,True,,True,False,False,False,False,False,False,False,True,False,False,analyst_unknown,event_time_historical,yfinance_upgrades_downgrades,hold,2.88636,34,52.52618,48.0,147.39,32.0,,
1221,AMZN,2025-11-17,sell,True,True,bearish,skipped,False,False,http_429,ok,True,False,,ok,True,False,True,,True,False,False,False,False,False,False,False,True,False,False,analyst_unknown,event_time_historical,yfinance_upgrades_downgrades,strong_buy,1.34848,62,311.55145,317.0,370.0,207.0,,
1222,AAPL,2025-11-17,buy,True,True,bullish,skipped,False,False,http_429,ok,True,False,,ok,True,False,True,,True,False,False,False,False,False,False,False,True,False,False,analyst_unknown,event_time_historical,yfinance_upgrades_downgrades,buy,1.95833,43,308.06512,310.0,400.0,215.0,,
1223,NVDA,2024-08-15,buy,True,True,bullish,skipped,False,False,http_429,ok,True,False,,ok,True,False,True,,True,False,False,False,False,False,False,False,True,False,False,analyst_unknown,event_time_historical,yfinance_upgrades_downgrades,strong_buy,1.29508,57,272.93738,275.0,380.0,140.0,,
1224,AAPL,2024-08-15,sell,True,True,bearish,skipped,False,False,http_429,ok,True,False,,ok,True,False,True,,True,False,False,False,False,False,False,False,True,False,False,analyst_unknown,event_time_historical,yfinance_upgrades_downgrades,buy,1.95833,43,308.06512,310.0,400.0,215.0,,
1225,MSFT,2024-04-01,buy,False,True,bullish,skipped,False,False,http_429,ok,True,False,,ok,True,False,True,,True,False,False,False,False,False,False,False,True,False,False,analyst_unknown,event_time_historical,yfinance_upgrades_downgrades,strong_buy,1.30909,54,561.5561,562.5,870.0,400.0,,
1226,AMZN,2024-06-04,buy,True,True,bullish,skipped,False,False,http_429,ok,True,False,,ok,True,False,True,,True,False,False,False,False,False,False,False,True,False,False,analyst_unknown,event_time_historical,yfinance_upgrades_downgrades,strong_buy,1.34848,62,311.55145,317.0,370.0,207.0,,
1227,AMZN,2024-05-13,buy,True,False,bullish,skipped,False,False,http_429,ok,True,False,,ok,True,False,True,,True,False,False,False,False,False,False,False,True,False,False,analyst_unknown,event_time_historical,yfinance_upgrades_downgrades,strong_buy,1.34848,62,311.55145,317.0,370.0,207.0,,
1228,NVDA,2024-02-02,buy,True,True,bullish,skipped,False,False,http_429,ok,True,False,,ok,True,False,True,,True,False,False,False,False,False,False,False,True,False,False,analyst_unknown,event_time_historical,yfinance_upgrades_downgrades,strong_buy,1.29508,57,272.93738,275.0,380.0,140.0,,
1229,GOOGL,2024-02-02,buy,False,False,bullish,skipped,False,False,http_429,ok,True,False,,ok,True,False,True,,True,False,False,False,False,False,False,False,True,False,False,analyst_unknown,event_time_historical,yfinance_upgrades_downgrades,strong_buy,1.39683,52,427.88712,430.0,515.0,334.22,,
1230,UBER,2025-11-10,buy,False,True,bullish,skipped,False,False,http_429,ok,True,False,,ok,True,False,True,,True,False,False,False,False,False,False,False,True,False,False,analyst_unknown,event_time_historical,yfinance_upgrades_downgrades,buy,1.51923,50,104.9312,107.0,150.0,70.0,,
1231,TSLA,2024-02-20,sell,True,True,bearish,skipped,False,False,http_429,ok,True,False,,ok,True,False,True,,True,False,False,False,False,False,False,False,True,False,False,analyst_unknown,event_time_historical,yfinance_upgrades_downgrades,buy,2.3617,41,412.25366,450.0,600.0,123.0,,
1232,PYPL,2024-02-07,buy,False,True,bullish,skipped,False,False,http_429,ok,True,False,,ok,True,False,True,,True,False,False,False,False,False,False,False,True,False,False,analyst_unknown,event_time_historical,yfinance_upgrades_downgrades,hold,2.88636,34,52.52618,48.0,147.39,32.0,,
1233,NVDA,2024-02-07,buy,True,False,bullish,skipped,False,False,http_429,ok,True,False,,ok,True,False,True,,True,False,False,False,False,False,False,False,True,False,False,analyst_unknown,event_time_historical,yfinance_upgrades_downgrades,strong_buy,1.29508,57,272.93738,275.0,380.0,140.0,,
1234,UBER,2025-03-05,buy,False,True,bullish,skipped,False,False,http_429,ok,True,False,,ok,True,False,True,,True,False,False,False,False,False,False,False,True,False,False,analyst_unknown,event_time_historical,yfinance_upgrades_downgrades,buy,1.51923,50,104.9312,107.0,150.0,70.0,,
1235,DIS,2024-03-15,buy,False,True,bullish,skipped,False,False,http_429,ok,True,False,,ok,True,False,True,,True,False,False,False,False,False,False,False,True,False,False,analyst_unknown,event_time_historical,yfinance_upgrades_downgrades,strong_buy,1.46667,29,130.66553,132.0,164.0,77.0,,
1236,AAPL,2024-03-15,sell,True,True,bearish,skipped,False,False,http_429,ok,True,False,,ok,True,False,True,,True,False,False,False,False,False,False,False,True,False,False,analyst_unknown,event_time_historical,yfinance_upgrades_downgrades,buy,1.95833,43,308.06512,310.0,400.0,215.0,,
1237,AMZN,2024-03-15,buy,True,True,bullish,skipped,False,False,http_429,ok,True,False,,ok,True,False,True,,True,False,False,False,False,False,False,False,True,False,False,analyst_unknown,event_time_historical,yfinance_upgrades_downgrades,strong_buy,1.34848,62,311.55145,317.0,370.0,207.0,,
1238,GOOGL,2024-03-15,buy,False,True,bullish,skipped,False,False,http_429,ok,True,False,,ok,True,False,True,,True,False,False,False,False,False,False,False,True,False,False,analyst_unknown,event_time_historical,yfinance_upgrades_downgrades,strong_buy,1.39683,52,427.88712,430.0,515.0,334.22,,
1239,AMZN,2024-10-30,buy,True,True,bullish,skipped,False,False,http_429,ok,True,False,,ok,True,False,True,,True,False,False,False,False,False,False,False,True,False,False,analyst_unknown,event_time_historical,yfinance_upgrades_downgrades,strong_buy,1.34848,62,311.55145,317.0,370.0,207.0,,
1240,GOOGL,2024-10-30,buy,False,True,bullish,skipped,False,False,http_429,ok,True,False,,ok,True,False,True,,True,False,False,False,False,False,False,False,True,False,False,analyst_unknown,event_time_historical,yfinance_upgrades_downgrades,strong_buy,1.39683,52,427.88712,430.0,515.0,334.22,,
1241,GOOGL,2024-10-30,buy,False,True,bullish,skipped,False,False,http_429,ok,True,False,,ok,True,False,True,,True,False,False,False,False,False,False,False,True,False,False,analyst_unknown,event_time_historical,yfinance_upgrades_downgrades,strong_buy,1.39683,52,427.88712,430.0,515.0,334.22,,
1242,AMD,2025-09-25,buy,True,True,bullish,skipped,False,False,http_429,ok,True,False,,ok,True,False,True,,True,False,False,False,False,False,False,False,True,False,False,analyst_unknown,event_time_historical,yfinance_upgrades_downgrades,buy,1.5098,48,457.83334,474.0,625.0,225.0,,
1246,NVDA,2024-03-11,buy,True,True,bullish,skipped,False,False,http_429,ok,True,False,,ok,True,False,True,,True,False,False,False,False,False,False,False,True,False,False,analyst_unknown,event_time_historical,yfinance_upgrades_downgrades,strong_buy,1.29508,57,272.93738,275.0,380.0,140.0,,
1247,NVDA,2024-03-11,sell,True,True,bearish,skipped,False,False,http_429,ok,True,False,,ok,True,False,True,,True,False,False,False,False,False,False,False,True,False,False,analyst_unknown,event_time_historical,yfinance_upgrades_downgrades,strong_buy,1.29508,57,272.93738,275.0,380.0,140.0,,
1248,TSLA,2024-03-11,buy,True,True,bullish,skipped,False,False,http_429,ok,True,False,,ok,True,False,True,,True,False,False,False,False,False,False,False,True,False,False,analyst_unknown,event_time_historical,yfinance_upgrades_downgrades,buy,2.3617,41,412.25366,450.0,600.0,123.0,,
1249,GOOGL,2024-03-11,buy,False,True,bullish,skipped,False,False,http_429,ok,True,False,,ok,True,False,True,,True,False,False,False,False,False,False,False,True,False,False,analyst_unknown,event_time_historical,yfinance_upgrades_downgrades,strong_buy,1.39683,52,427.88712,430.0,515.0,334.22,,
1250,AMZN,2024-10-07,buy,True,True,bullish,skipped,False,False,http_429,ok,True,False,,ok,True,False,True,,True,False,False,False,False,False,False,False,True,False,False,analyst_unknown,event_time_historical,yfinance_upgrades_downgrades,strong_buy,1.34848,62,311.55145,317.0,370.0,207.0,,
1251,PYPL,2024-10-07,buy,False,True,bullish,skipped,False,False,http_429,ok,True,False,,ok,True,False,True,,True,False,False,False,False,False,False,False,True,False,False,analyst_unknown,event_time_historical,yfinance_upgrades_downgrades,hold,2.88636,34,52.52618,48.0,147.39,32.0,,
1252,PYPL,2024-10-07,buy,False,False,bullish,skipped,False,False,http_429,ok,True,False,,ok,True,False,True,,True,False,False,False,False,False,False,False,True,False,False,analyst_unknown,event_time_historical,yfinance_upgrades_downgrades,hold,2.88636,34,52.52618,48.0,147.39,32.0,,
1253,NVDA,2025-11-17,sell,True,True,bearish,skipped,False,False,http_429,ok,True,False,,ok,True,False,True,,True,False,False,False,False,False,False,False,True,False,False,analyst_unknown,event_time_historical,yfinance_upgrades_downgrades,strong_buy,1.29508,57,272.93738,275.0,380.0,140.0,,
1254,META,2025-11-07,buy,False,True,bullish,skipped,False,False,http_429,ok,True,False,,ok,True,False,True,,True,False,False,False,False,False,False,False,True,False,False,analyst_unknown,event_time_historical,yfinance_upgrades_downgrades,strong_buy,1.34921,58,826.69104,825.0,1015.0,614.0,,
1255,SOFI,2025-11-07,buy,False,True,bullish,skipped,False,False,http_429,ok,True,False,,ok,True,False,True,,True,False,False,False,False,False,False,False,True,False,False,analyst_unknown,event_time_historical,yfinance_upgrades_downgrades,hold,2.70833,20,21.1,18.5,31.0,12.0,,
1256,META,2025-02-21,buy,False,False,bullish,skipped,False,False,http_429,ok,True,False,,ok,True,False,True,,True,False,False,False,False,False,False,False,True,False,False,analyst_unknown,event_time_historical,yfinance_upgrades_downgrades,strong_buy,1.34921,58,826.69104,825.0,1015.0,614.0,,
1257,GOOGL,2025-11-14,buy,False,True,bullish,skipped,False,False,http_429,ok,True,False,,ok,True,False,True,,True,False,False,False,False,False,False,False,True,False,False,analyst_unknown,event_time_historical,yfinance_upgrades_downgrades,strong_buy,1.39683,52,427.88712,430.0,515.0,334.22,,
1258,GOOGL,2025-11-14,buy,False,True,bullish,skipped,False,False,http_429,ok,True,False,,ok,True,False,True,,True,False,False,False,False,False,False,False,True,False,False,analyst_unknown,event_time_historical,yfinance_upgrades_downgrades,strong_buy,1.39683,52,427.88712,430.0,515.0,334.22,,
1259,AMD,2025-11-14,buy,True,True,bullish,skipped,False,False,http_429,ok,True,False,,ok,True,False,True,,True,False,False,False,False,False,False,False,True,False,False,analyst_unknown,event_time_historical,yfinance_upgrades_downgrades,buy,1.5098,48,457.83334,474.0,625.0,225.0,,
1260,NVDA,2024-02-02,buy,True,True,bullish,skipped,False,False,http_429,ok,True,False,,ok,True,False,True,,True,False,False,False,False,False,False,False,True,False,False,analyst_unknown,event_time_historical,yfinance_upgrades_downgrades,strong_buy,1.29508,57,272.93738,275.0,380.0,140.0,,
1261,GOOGL,2024-02-02,buy,False,True,bullish,skipped,False,False,http_429,ok,True,False,,ok,True,False,True,,True,False,False,False,False,False,False,False,True,False,False,analyst_unknown,event_time_historical,yfinance_upgrades_downgrades,strong_buy,1.39683,52,427.88712,430.0,515.0,334.22,,
1262,NVDA,2025-10-03,buy,True,False,bullish,skipped,False,False,http_429,ok,True,False,,ok,True,False,True,,True,False,False,False,False,False,False,False,True,False,False,analyst_unknown,event_time_historical,yfinance_upgrades_downgrades,strong_buy,1.29508,57,272.93738,275.0,380.0,140.0,,
1263,NVDA,2025-10-03,buy,True,True,bullish,skipped,False,False,http_429,ok,True,False,,ok,True,False,True,,True,False,False,False,False,False,False,False,True,False,False,analyst_unknown,event_time_historical,yfinance_upgrades_downgrades,strong_buy,1.29508,57,272.93738,275.0,380.0,140.0,,
1264,NVDA,2024-09-04,buy,True,True,bullish,skipped,False,False,http_429,ok,True,False,,ok,True,False,True,,True,False,False,False,False,False,False,False,True,False,False,analyst_unknown,event_time_historical,yfinance_upgrades_downgrades,strong_buy,1.29508,57,272.93738,275.0,380.0,140.0,,
1265,NVDA,2024-09-04,sell,True,True,bearish,skipped,False,False,http_429,ok,True,False,,ok,True,False,True,,True,False,False,False,False,False,False,False,True,False,False,analyst_unknown,event_time_historical,yfinance_upgrades_downgrades,strong_buy,1.29508,57,272.93738,275.0,380.0,140.0,,
1266,AAPL,2024-09-04,sell,True,True,bearish,skipped,False,False,http_429,ok,True,False,,ok,True,False,True,,True,False,False,False,False,False,False,False,True,False,False,analyst_unknown,event_time_historical,yfinance_upgrades_downgrades,buy,1.95833,43,308.06512,310.0,400.0,215.0,,
1267,NVDA,2024-01-30,buy,True,True,bullish,skipped,False,False,http_429,ok,True,False,,ok,True,False,True,,True,False,False,False,False,False,False,False,True,False,False,analyst_unknown,event_time_historical,yfinance_upgrades_downgrades,strong_buy,1.29508,57,272.93738,275.0,380.0,140.0,,
1268,PYPL,2025-09-15,buy,False,True,bullish,skipped,False,False,http_429,ok,True,False,,ok,True,False,True,,True,False,False,False,False,False,False,False,True,False,False,analyst_unknown,event_time_historical,yfinance_upgrades_downgrades,hold,2.88636,34,52.52618,48.0,147.39,32.0,,
1269,PYPL,2025-09-12,buy,False,True,bullish,skipped,False,False,http_429,ok,True,False,,ok,True,False,True,,True,False,False,False,False,False,False,False,True,False,False,analyst_unknown,event_time_historical,yfinance_upgrades_downgrades,hold,2.88636,34,52.52618,48.0,147.39,32.0,,
1270,NVDA,2025-11-19,buy,True,True,bullish,skipped,False,False,http_429,ok,True,False,,ok,True,False,True,,True,False,False,False,False,False,False,False,True,False,False,analyst_unknown,event_time_historical,yfinance_upgrades_downgrades,strong_buy,1.29508,57,272.93738,275.0,380.0,140.0,,
1271,NVDA,2025-11-19,buy,True,True,bullish,skipped,False,False,http_429,ok,True,False,,ok,True,False,True,,True,False,False,False,False,False,False,False,True,False,False,analyst_unknown,event_time_historical,yfinance_upgrades_downgrades,strong_buy,1.29508,57,272.93738,275.0,380.0,140.0,,
1272,NVDA,2024-08-09,buy,True,True,bullish,skipped,False,False,http_429,ok,True,False,,ok,True,False,True,,True,False,False,False,False,False,False,False,True,False,False,analyst_unknown,event_time_historical,yfinance_upgrades_downgrades,strong_buy,1.29508,57,272.93738,275.0,380.0,140.0,,
1273,AAPL,2024-08-09,buy,True,True,bullish,skipped,False,False,http_429,ok,True,False,,ok,True,False,True,,True,False,False,False,False,False,False,False,True,False,False,analyst_unknown,event_time_historical,yfinance_upgrades_downgrades,buy,1.95833,43,308.06512,310.0,400.0,215.0,,
1274,PYPL,2025-11-26,buy,False,True,bullish,skipped,False,False,http_429,ok,True,False,,ok,True,False,True,,True,False,False,False,False,False,False,False,True,False,False,analyst_unknown,event_time_historical,yfinance_upgrades_downgrades,hold,2.88636,34,52.52618,48.0,147.39,32.0,,
1275,TSLA,2025-11-26,buy,True,True,bullish,skipped,False,False,http_429,ok,True,False,,ok,True,False,True,,True,False,False,False,False,False,False,False,True,False,False,analyst_unknown,event_time_historical,yfinance_upgrades_downgrades,buy,2.3617,41,412.25366,450.0,600.0,123.0,,
1276,GOOGL,2024-07-23,buy,False,True,bullish,skipped,False,False,http_429,ok,True,False,,ok,True,False,True,,True,False,False,False,False,False,False,False,True,False,False,analyst_unknown,event_time_historical,yfinance_upgrades_downgrades,strong_buy,1.39683,52,427.88712,430.0,515.0,334.22,,
1277,GOOGL,2024-07-23,sell,False,False,bearish,skipped,False,False,http_429,ok,True,False,,ok,True,False,True,,True,False,False,False,False,False,False,False,True,False,False,analyst_unknown,event_time_historical,yfinance_upgrades_downgrades,strong_buy,1.39683,52,427.88712,430.0,515.0,334.22,,
1278,GOOGL,2024-07-23,buy,False,True,bullish,skipped,False,False,http_429,ok,True,False,,ok,True,False,True,,True,False,False,False,False,False,False,False,True,False,False,analyst_unknown,event_time_historical,yfinance_upgrades_downgrades,strong_buy,1.39683,52,427.88712,430.0,515.0,334.22,,
1279,AMZN,2024-07-23,buy,True,True,bullish,skipped,False,False,http_429,ok,True,False,,ok,True,False,True,,True,False,False,False,False,False,False,False,True,False,False,analyst_unknown,event_time_historical,yfinance_upgrades_downgrades,strong_buy,1.34848,62,311.55145,317.0,370.0,207.0,,
1280,GOOGL,2024-04-24,buy,False,True,bullish,skipped,False,False,http_429,ok,True,False,,ok,True,False,True,,True,False,False,False,False,False,False,False,True,False,False,analyst_unknown,event_time_historical,yfinance_upgrades_downgrades,strong_buy,1.39683,52,427.88712,430.0,515.0,334.22,,
1281,AMZN,2024-04-30,sell,True,True,bearish,skipped,False,False,http_429,ok,True,False,,ok,True,False,True,,True,False,False,False,False,False,False,False,True,False,False,analyst_unknown,event_time_historical,yfinance_upgrades_downgrades,strong_buy,1.34848,62,311.55145,317.0,370.0,207.0,,
1282,UBER,2024-12-12,buy,False,True,bullish,skipped,False,False,http_429,ok,True,False,,ok,True,False,True,,True,False,False,False,False,False,False,False,True,False,False,analyst_unknown,event_time_historical,yfinance_upgrades_downgrades,buy,1.51923,50,104.9312,107.0,150.0,70.0,,
1283,GOOGL,2024-07-18,sell,False,True,bearish,skipped,False,False,http_429,ok,True,False,,ok,True,False,True,,True,False,False,False,False,False,False,False,True,False,False,analyst_unknown,event_time_historical,yfinance_upgrades_downgrades,strong_buy,1.39683,52,427.88712,430.0,515.0,334.22,,
1284,GOOGL,2024-07-18,sell,False,True,bearish,skipped,False,False,http_429,ok,True,False,,ok,True,False,True,,True,False,False,False,False,False,False,False,True,False,False,analyst_unknown,event_time_historical,yfinance_upgrades_downgrades,strong_buy,1.39683,52,427.88712,430.0,515.0,334.22,,
1285,GOOGL,2024-07-18,sell,False,True,bearish,skipped,False,False,http_429,ok,True,False,,ok,True,False,True,,True,False,False,False,False,False,False,False,True,False,False,analyst_unknown,event_time_historical,yfinance_upgrades_downgrades,strong_buy,1.39683,52,427.88712,430.0,515.0,334.22,,
1286,AMD,2024-04-30,buy,True,True,bullish,skipped,False,False,http_429,ok,True,False,,ok,True,False,True,,True,False,False,False,False,False,False,False,True,False,False,analyst_unknown,event_time_historical,yfinance_upgrades_downgrades,buy,1.5098,48,457.83334,474.0,625.0,225.0,,
1287,CRM,2024-12-30,buy,False,True,bullish,skipped,False,False,http_429,ok,True,False,,ok,True,False,True,,True,False,False,False,False,False,False,False,True,False,False,analyst_unknown,event_time_historical,yfinance_upgrades_downgrades,buy,1.59524,52,267.31577,252.5,475.0,188.0,,
1288,AMD,2024-12-30,buy,True,False,bullish,skipped,False,False,http_429,ok,True,False,,ok,True,False,True,,True,False,False,False,False,False,False,False,True,False,False,analyst_unknown,event_time_historical,yfinance_upgrades_downgrades,buy,1.5098,48,457.83334,474.0,625.0,225.0,,
1289,AAPL,2025-01-07,sell,True,True,bearish,skipped,False,False,http_429,ok,True,False,,ok,True,False,True,,True,False,False,False,False,False,False,False,True,False,False,analyst_unknown,event_time_historical,yfinance_upgrades_downgrades,buy,1.95833,43,308.06512,310.0,400.0,215.0,,
1290,NVDA,2025-11-19,buy,True,True,bullish,skipped,False,False,http_429,ok,True,False,,ok,True,False,True,,True,False,False,False,False,False,False,False,True,False,False,analyst_unknown,event_time_historical,yfinance_upgrades_downgrades,strong_buy,1.29508,57,272.93738,275.0,380.0,140.0,,
1291,TSLA,2024-07-24,sell,True,True,bearish,skipped,False,False,http_429,ok,True,False,,ok,True,False,True,,True,False,False,False,False,False,False,False,True,False,False,analyst_unknown,event_time_historical,yfinance_upgrades_downgrades,buy,2.3617,41,412.25366,450.0,600.0,123.0,,
1292,TSLA,2024-04-24,buy,True,True,bullish,skipped,False,False,http_429,ok,True,False,,ok,True,False,True,,True,False,False,False,False,False,False,False,True,False,False,analyst_unknown,event_time_historical,yfinance_upgrades_downgrades,buy,2.3617,41,412.25366,450.0,600.0,123.0,,
1293,GOOGL,2025-11-25,buy,False,True,bullish,skipped,False,False,http_429,ok,True,False,,ok,True,False,True,,True,False,False,False,False,False,False,False,True,False,False,analyst_unknown,event_time_historical,yfinance_upgrades_downgrades,strong_buy,1.39683,52,427.88712,430.0,515.0,334.22,,
1294,GOOGL,2025-11-25,buy,False,True,bullish,skipped,False,False,http_429,ok,True,False,,ok,True,False,True,,True,False,False,False,False,False,False,False,True,False,False,analyst_unknown,event_time_historical,yfinance_upgrades_downgrades,strong_buy,1.39683,52,427.88712,430.0,515.0,334.22,,
1295,NVDA,2025-11-25,sell,True,True,bearish,skipped,False,False,http_429,ok,True,False,,ok,True,False,True,,True,False,False,False,False,False,False,False,True,False,False,analyst_unknown,event_time_historical,yfinance_upgrades_downgrades,strong_buy,1.29508,57,272.93738,275.0,380.0,140.0,,
1296,AMD,2025-11-25,buy,True,True,bullish,skipped,False,False,http_429,ok,True,False,,ok,True,False,True,,True,False,False,False,False,False,False,False,True,False,False,analyst_unknown,event_time_historical,yfinance_upgrades_downgrades,buy,1.5098,48,457.83334,474.0,625.0,225.0,,
1297,AMD,2025-11-25,sell,True,True,bearish,skipped,False,False,http_429,ok,True,False,,ok,True,False,True,,True,False,False,False,False,False,False,False,True,False,False,analyst_unknown,event_time_historical,yfinance_upgrades_downgrades,buy,1.5098,48,457.83334,474.0,625.0,225.0,,
1298,PYPL,2025-11-25,buy,False,True,bullish,skipped,False,False,http_429,ok,True,False,,ok,True,False,True,,True,False,False,False,False,False,False,False,True,False,False,analyst_unknown,event_time_historical,yfinance_upgrades_downgrades,hold,2.88636,34,52.52618,48.0,147.39,32.0,,
1299,MSFT,2025-11-25,buy,False,True,bullish,skipped,False,False,http_429,ok,True,False,,ok,True,False,True,,True,False,False,False,False,False,False,False,True,False,False,analyst_unknown,event_time_historical,yfinance_upgrades_downgrades,strong_buy,1.30909,54,561.5561,562.5,870.0,400.0,,
1300,META,2025-11-25,sell,False,True,bearish,skipped,False,False,http_429,ok,True,False,,ok,True,False,True,,True,False,False,False,False,False,False,False,True,False,False,analyst_unknown,event_time_historical,yfinance_upgrades_downgrades,strong_buy,1.34921,58,826.69104,825.0,1015.0,614.0,,
1301,META,2025-11-25,buy,False,True,bullish,skipped,False,False,http_429,ok,True,False,,ok,True,False,True,,True,False,False,False,False,False,False,False,True,False,False,analyst_unknown,event_time_historical,yfinance_upgrades_downgrades,strong_buy,1.34921,58,826.69104,825.0,1015.0,614.0,,
1302,MSFT,2025-06-18,buy,False,True,bullish,skipped,False,False,http_429,ok,True,False,,ok,True,False,True,,True,False,False,False,False,False,False,False,True,False,False,analyst_unknown,event_time_historical,yfinance_upgrades_downgrades,strong_buy,1.30909,54,561.5561,562.5,870.0,400.0,,
1303,TSLA,2024-11-06,buy,True,True,bullish,skipped,False,False,http_429,ok,True,False,,ok,True,False,True,,True,False,False,False,False,False,False,False,True,False,False,analyst_unknown,event_time_historical,yfinance_upgrades_downgrades,buy,2.3617,41,412.25366,450.0,600.0,123.0,,
1304,GOOGL,2025-11-18,buy,False,True,bullish,skipped,False,False,http_429,ok,True,False,,ok,True,False,True,,True,False,False,False,False,False,False,False,True,False,False,analyst_unknown,event_time_historical,yfinance_upgrades_downgrades,strong_buy,1.39683,52,427.88712,430.0,515.0,334.22,,
1305,PYPL,2025-11-18,buy,False,True,bullish,skipped,False,False,http_429,ok,True,False,,ok,True,False,True,,True,False,False,False,False,False,False,False,True,False,False,analyst_unknown,event_time_historical,yfinance_upgrades_downgrades,hold,2.88636,34,52.52618,48.0,147.39,32.0,,
1306,PYPL,2025-11-18,sell,False,True,bearish,skipped,False,False,http_429,ok,True,False,,ok,True,False,True,,True,False,False,False,False,False,False,False,True,False,False,analyst_unknown,event_time_historical,yfinance_upgrades_downgrades,hold,2.88636,34,52.52618,48.0,147.39,32.0,,
1307,PYPL,2025-11-18,buy,False,False,bullish,skipped,False,False,http_429,ok,True,False,,ok,True,False,True,,True,False,False,False,False,False,False,False,True,False,False,analyst_unknown,event_time_historical,yfinance_upgrades_downgrades,hold,2.88636,34,52.52618,48.0,147.39,32.0,,
1308,META,2025-11-18,buy,False,True,bullish,skipped,False,False,http_429,ok,True,False,,ok,True,False,True,,True,False,False,False,False,False,False,False,True,False,False,analyst_unknown,event_time_historical,yfinance_upgrades_downgrades,strong_buy,1.34921,58,826.69104,825.0,1015.0,614.0,,
1309,PYPL,2024-04-30,buy,False,True,bullish,skipped,False,False,http_429,ok,True,False,,ok,True,False,True,,True,False,False,False,False,False,False,False,True,False,False,analyst_unknown,event_time_historical,yfinance_upgrades_downgrades,hold,2.88636,34,52.52618,48.0,147.39,32.0,,
1310,TSLA,2025-04-25,sell,True,True,bearish,skipped,False,False,http_429,ok,True,False,,ok,True,False,True,,True,False,False,False,False,False,False,False,True,False,False,analyst_unknown,event_time_historical,yfinance_upgrades_downgrades,buy,2.3617,41,412.25366,450.0,600.0,123.0,,
1311,TSLA,2025-10-22,buy,True,True,bullish,skipped,False,False,http_429,ok,True,False,,ok,True,False,True,,True,False,False,False,False,False,False,False,True,False,False,analyst_unknown,event_time_historical,yfinance_upgrades_downgrades,buy,2.3617,41,412.25366,450.0,600.0,123.0,,
1312,TSLA,2025-10-22,buy,True,True,bullish,skipped,False,False,http_429,ok,True,False,,ok,True,False,True,,True,False,False,False,False,False,False,False,True,False,False,analyst_unknown,event_time_historical,yfinance_upgrades_downgrades,buy,2.3617,41,412.25366,450.0,600.0,123.0,,
1313,TSLA,2025-10-22,buy,True,True,bullish,skipped,False,False,http_429,ok,True,False,,ok,True,False,True,,True,False,False,False,False,False,False,False,True,False,False,analyst_unknown,event_time_historical,yfinance_upgrades_downgrades,buy,2.3617,41,412.25366,450.0,600.0,123.0,,
1314,TSLA,2025-10-22,buy,True,True,bullish,skipped,False,False,http_429,ok,True,False,,ok,True,False,True,,True,False,False,False,False,False,False,False,True,False,False,analyst_unknown,event_time_historical,yfinance_upgrades_downgrades,buy,2.3617,41,412.25366,450.0,600.0,123.0,,
1315,TSLA,2025-10-22,buy,True,True,bullish,skipped,False,False,http_429,ok,True,False,,ok,True,False,True,,True,False,False,False,False,False,False,False,True,False,False,analyst_unknown,event_time_historical,yfinance_upgrades_downgrades,buy,2.3617,41,412.25366,450.0,600.0,123.0,,
1316,TSLA,2025-10-22,buy,True,True,bullish,skipped,False,False,http_429,ok,True,False,,ok,True,False,True,,True,False,False,False,False,False,False,False,True,False,False,analyst_unknown,event_time_historical,yfinance_upgrades_downgrades,buy,2.3617,41,412.25366,450.0,600.0,123.0,,
1317,TSLA,2025-10-22,buy,True,True,bullish,skipped,False,False,http_429,ok,True,False,,ok,True,False,True,,True,False,False,False,False,False,False,False,True,False,False,analyst_unknown,event_time_historical,yfinance_upgrades_downgrades,buy,2.3617,41,412.25366,450.0,600.0,123.0,,
1318,TSLA,2025-10-22,buy,True,True,bullish,skipped,False,False,http_429,ok,True,False,,ok,True,False,True,,True,False,False,False,False,False,False,False,True,False,False,analyst_unknown,event_time_historical,yfinance_upgrades_downgrades,buy,2.3617,41,412.25366,450.0,600.0,123.0,,
1319,NVDA,2025-10-22,buy,True,True,bullish,skipped,False,False,http_429,ok,True,False,,ok,True,False,True,,True,False,False,False,False,False,False,False,True,False,False,analyst_unknown,event_time_historical,yfinance_upgrades_downgrades,strong_buy,1.29508,57,272.93738,275.0,380.0,140.0,,
1320,AMZN,2025-10-22,buy,True,True,bullish,skipped,False,False,http_429,ok,True,False,,ok,True,False,True,,True,False,False,False,False,False,False,False,True,False,False,analyst_unknown,event_time_historical,yfinance_upgrades_downgrades,strong_buy,1.34848,62,311.55145,317.0,370.0,207.0,,
1321,NFLX,2026-03-30,sell,False,True,bearish,skipped,False,False,http_429,ok,True,False,,ok,True,False,False,,True,False,False,False,True,True,True,True,False,True,False,finfluencer_contrarian_to_analyst,event_time_historical,finnhub_recommendation,buy,1.68,44,114.555,115.0,151.4,80.0,,2026-03-01
1322,NFLX,2026-03-30,buy,False,False,bullish,skipped,False,False,http_429,ok,True,False,,ok,True,False,False,,True,True,False,False,False,True,True,True,False,True,False,analyst_bullish_aligned,event_time_historical,finnhub_recommendation,buy,1.68,44,114.555,115.0,151.4,80.0,,2026-03-01
1323,NVDA,2024-12-16,buy,True,True,bullish,skipped,False,False,http_429,ok,True,False,,ok,True,False,True,,True,False,False,False,False,False,False,False,True,False,False,analyst_unknown,event_time_historical,yfinance_upgrades_downgrades,strong_buy,1.29508,57,272.93738,275.0,380.0,140.0,,
1324,AMD,2024-12-16,buy,True,True,bullish,skipped,False,False,http_429,ok,True,False,,ok,True,False,True,,True,False,False,False,False,False,False,False,True,False,False,analyst_unknown,event_time_historical,yfinance_upgrades_downgrades,buy,1.5098,48,457.83334,474.0,625.0,225.0,,
1325,AMD,2024-12-16,buy,True,True,bullish,skipped,False,False,http_429,ok,True,False,,ok,True,False,True,,True,False,False,False,False,False,False,False,True,False,False,analyst_unknown,event_time_historical,yfinance_upgrades_downgrades,buy,1.5098,48,457.83334,474.0,625.0,225.0,,
1326,AMZN,2024-12-16,buy,True,True,bullish,skipped,False,False,http_429,ok,True,False,,ok,True,False,True,,True,False,False,False,False,False,False,False,True,False,False,analyst_unknown,event_time_historical,yfinance_upgrades_downgrades,strong_buy,1.34848,62,311.55145,317.0,370.0,207.0,,
1327,UBER,2024-12-16,buy,False,True,bullish,skipped,False,False,http_429,ok,True,False,,ok,True,False,True,,True,False,False,False,False,False,False,False,True,False,False,analyst_unknown,event_time_historical,yfinance_upgrades_downgrades,buy,1.51923,50,104.9312,107.0,150.0,70.0,,
1328,GOOGL,2024-12-16,buy,False,True,bullish,skipped,False,False,http_429,ok,True,False,,ok,True,False,True,,True,False,False,False,False,False,False,False,True,False,False,analyst_unknown,event_time_historical,yfinance_upgrades_downgrades,strong_buy,1.39683,52,427.88712,430.0,515.0,334.22,,
1329,GOOGL,2024-12-16,buy,False,True,bullish,skipped,False,False,http_429,ok,True,False,,ok,True,False,True,,True,False,False,False,False,False,False,False,True,False,False,analyst_unknown,event_time_historical,yfinance_upgrades_downgrades,strong_buy,1.39683,52,427.88712,430.0,515.0,334.22,,
1331,MSFT,2024-04-15,buy,False,True,bullish,skipped,False,False,http_429,ok,True,False,,ok,True,False,True,,True,False,False,False,False,False,False,False,True,False,False,analyst_unknown,event_time_historical,yfinance_upgrades_downgrades,strong_buy,1.30909,54,561.5561,562.5,870.0,400.0,,
1332,MSFT,2024-04-15,buy,False,True,bullish,skipped,False,False,http_429,ok,True,False,,ok,True,False,True,,True,False,False,False,False,False,False,False,True,False,False,analyst_unknown,event_time_historical,yfinance_upgrades_downgrades,strong_buy,1.30909,54,561.5561,562.5,870.0,400.0,,
1333,AMZN,2024-04-15,buy,True,True,bullish,skipped,False,False,http_429,ok,True,False,,ok,True,False,True,,True,False,False,False,False,False,False,False,True,False,False,analyst_unknown,event_time_historical,yfinance_upgrades_downgrades,strong_buy,1.34848,62,311.55145,317.0,370.0,207.0,,
1334,TSLA,2024-04-15,buy,True,True,bullish,skipped,False,False,http_429,ok,True,False,,ok,True,False,True,,True,False,False,False,False,False,False,False,True,False,False,analyst_unknown,event_time_historical,yfinance_upgrades_downgrades,buy,2.3617,41,412.25366,450.0,600.0,123.0,,
1335,NFLX,2024-04-15,buy,False,True,bullish,skipped,False,False,http_429,ok,True,False,,ok,True,False,True,,True,False,False,False,False,False,False,False,True,False,False,analyst_unknown,event_time_historical,yfinance_upgrades_downgrades,buy,1.68,44,114.555,115.0,151.4,80.0,,
1336,NVDA,2024-11-25,sell,True,True,bearish,skipped,False,False,http_429,ok,True,False,,ok,True,False,True,,True,False,False,False,False,False,False,False,True,False,False,analyst_unknown,event_time_historical,yfinance_upgrades_downgrades,strong_buy,1.29508,57,272.93738,275.0,380.0,140.0,,
1337,MSFT,2024-11-25,buy,False,True,bullish,skipped,False,False,http_429,ok,True,False,,ok,True,False,True,,True,False,False,False,False,False,False,False,True,False,False,analyst_unknown,event_time_historical,yfinance_upgrades_downgrades,strong_buy,1.30909,54,561.5561,562.5,870.0,400.0,,
1338,MSFT,2024-11-25,buy,False,True,bullish,skipped,False,False,http_429,ok,True,False,,ok,True,False,True,,True,False,False,False,False,False,False,False,True,False,False,analyst_unknown,event_time_historical,yfinance_upgrades_downgrades,strong_buy,1.30909,54,561.5561,562.5,870.0,400.0,,
1339,AAPL,2024-11-25,buy,True,False,bullish,skipped,False,False,http_429,ok,True,False,,ok,True,False,True,,True,False,False,False,False,False,False,False,True,False,False,analyst_unknown,event_time_historical,yfinance_upgrades_downgrades,buy,1.95833,43,308.06512,310.0,400.0,215.0,,
1340,AAPL,2024-11-25,buy,True,True,bullish,skipped,False,False,http_429,ok,True,False,,ok,True,False,True,,True,False,False,False,False,False,False,False,True,False,False,analyst_unknown,event_time_historical,yfinance_upgrades_downgrades,buy,1.95833,43,308.06512,310.0,400.0,215.0,,
1341,UBER,2024-11-18,buy,False,True,bullish,skipped,False,False,http_429,ok,True,False,,ok,True,False,True,,True,False,False,False,False,False,False,False,True,False,False,analyst_unknown,event_time_historical,yfinance_upgrades_downgrades,buy,1.51923,50,104.9312,107.0,150.0,70.0,,
1342,AMD,2025-11-04,sell,True,True,bearish,skipped,False,False,http_429,ok,True,False,,ok,True,False,True,,True,False,False,False,False,False,False,False,True,False,False,analyst_unknown,event_time_historical,yfinance_upgrades_downgrades,buy,1.5098,48,457.83334,474.0,625.0,225.0,,
1343,AMD,2025-11-04,buy,True,True,bullish,skipped,False,False,http_429,ok,True,False,,ok,True,False,True,,True,False,False,False,False,False,False,False,True,False,False,analyst_unknown,event_time_historical,yfinance_upgrades_downgrades,buy,1.5098,48,457.83334,474.0,625.0,225.0,,
1344,AMD,2025-11-04,buy,True,True,bullish,skipped,False,False,http_429,ok,True,False,,ok,True,False,True,,True,False,False,False,False,False,False,False,True,False,False,analyst_unknown,event_time_historical,yfinance_upgrades_downgrades,buy,1.5098,48,457.83334,474.0,625.0,225.0,,
1345,AMD,2025-11-04,buy,True,True,bullish,skipped,False,False,http_429,ok,True,False,,ok,True,False,True,,True,False,False,False,False,False,False,False,True,False,False,analyst_unknown,event_time_historical,yfinance_upgrades_downgrades,buy,1.5098,48,457.83334,474.0,625.0,225.0,,
1346,PLTR,2025-11-04,buy,False,True,bullish,skipped,False,False,http_429,ok,True,False,,ok,True,False,True,,True,False,False,False,False,False,False,False,True,False,False,analyst_unknown,event_time_historical,yfinance_upgrades_downgrades,buy,1.90323,27,183.7289,200.0,255.0,70.0,,
1347,NVDA,2025-11-04,sell,True,True,bearish,skipped,False,False,http_429,ok,True,False,,ok,True,False,True,,True,False,False,False,False,False,False,False,True,False,False,analyst_unknown,event_time_historical,yfinance_upgrades_downgrades,strong_buy,1.29508,57,272.93738,275.0,380.0,140.0,,
1348,NVDA,2025-11-04,sell,True,False,bearish,skipped,False,False,http_429,ok,True,False,,ok,True,False,True,,True,False,False,False,False,False,False,False,True,False,False,analyst_unknown,event_time_historical,yfinance_upgrades_downgrades,strong_buy,1.29508,57,272.93738,275.0,380.0,140.0,,
1349,PLTR,2025-11-04,sell,False,True,bearish,skipped,False,False,http_429,ok,True,False,,ok,True,False,True,,True,False,False,False,False,False,False,False,True,False,False,analyst_unknown,event_time_historical,yfinance_upgrades_downgrades,buy,1.90323,27,183.7289,200.0,255.0,70.0,,
1350,PLTR,2025-11-04,buy,False,True,bullish,skipped,False,False,http_429,ok,True,False,,ok,True,False,True,,True,False,False,False,False,False,False,False,True,False,False,analyst_unknown,event_time_historical,yfinance_upgrades_downgrades,buy,1.90323,27,183.7289,200.0,255.0,70.0,,
1351,PLTR,2025-11-04,sell,False,True,bearish,skipped,False,False,http_429,ok,True,False,,ok,True,False,True,,True,False,False,False,False,False,False,False,True,False,False,analyst_unknown,event_time_historical,yfinance_upgrades_downgrades,buy,1.90323,27,183.7289,200.0,255.0,70.0,,
1352,META,2025-11-04,sell,False,False,bearish,skipped,False,False,http_429,ok,True,False,,ok,True,False,True,,True,False,False,False,False,False,False,False,True,False,False,analyst_unknown,event_time_historical,yfinance_upgrades_downgrades,strong_buy,1.34921,58,826.69104,825.0,1015.0,614.0,,
1353,GOOGL,2025-11-04,sell,False,False,bearish,skipped,False,False,http_429,ok,True,False,,ok,True,False,True,,True,False,False,False,False,False,False,False,True,False,False,analyst_unknown,event_time_historical,yfinance_upgrades_downgrades,strong_buy,1.39683,52,427.88712,430.0,515.0,334.22,,
1354,NVDA,2024-04-19,buy,True,True,bullish,skipped,False,False,http_429,ok,True,False,,ok,True,False,True,,True,False,False,False,False,False,False,False,True,False,False,analyst_unknown,event_time_historical,yfinance_upgrades_downgrades,strong_buy,1.29508,57,272.93738,275.0,380.0,140.0,,
1355,AMZN,2024-07-11,buy,True,True,bullish,skipped,False,False,http_429,ok,True,False,,ok,True,False,True,,True,False,False,False,False,False,False,False,True,False,False,analyst_unknown,event_time_historical,yfinance_upgrades_downgrades,strong_buy,1.34848,62,311.55145,317.0,370.0,207.0,,
1356,SOFI,2025-12-16,sell,False,True,bearish,skipped,False,False,http_429,ok,True,False,,ok,True,False,True,,True,False,False,False,False,False,False,False,True,False,False,analyst_unknown,event_time_historical,yfinance_upgrades_downgrades,hold,2.70833,20,21.1,18.5,31.0,12.0,,
1357,NVDA,2024-06-12,sell,True,True,bearish,skipped,False,False,http_429,ok,True,False,,ok,True,False,True,,True,False,False,False,False,False,False,False,True,False,False,analyst_unknown,event_time_historical,yfinance_upgrades_downgrades,strong_buy,1.29508,57,272.93738,275.0,380.0,140.0,,
1358,CRM,2025-03-03,buy,False,True,bullish,skipped,False,False,http_429,ok,True,False,,ok,True,False,True,,True,False,False,False,False,False,False,False,True,False,False,analyst_unknown,event_time_historical,yfinance_upgrades_downgrades,buy,1.59524,52,267.31577,252.5,475.0,188.0,,
1359,AMZN,2025-03-03,buy,True,True,bullish,skipped,False,False,http_429,ok,True,False,,ok,True,False,True,,True,False,False,False,False,False,False,False,True,False,False,analyst_unknown,event_time_historical,yfinance_upgrades_downgrades,strong_buy,1.34848,62,311.55145,317.0,370.0,207.0,,
1360,AMZN,2025-03-03,sell,True,True,bearish,skipped,False,False,http_429,ok,True,False,,ok,True,False,True,,True,False,False,False,False,False,False,False,True,False,False,analyst_unknown,event_time_historical,yfinance_upgrades_downgrades,strong_buy,1.34848,62,311.55145,317.0,370.0,207.0,,
1361,AMZN,2025-03-03,buy,True,True,bullish,skipped,False,False,http_429,ok,True,False,,ok,True,False,True,,True,False,False,False,False,False,False,False,True,False,False,analyst_unknown,event_time_historical,yfinance_upgrades_downgrades,strong_buy,1.34848,62,311.55145,317.0,370.0,207.0,,
1362,NVDA,2025-03-03,buy,True,True,bullish,skipped,False,False,http_429,ok,True,False,,ok,True,False,True,,True,False,False,False,False,False,False,False,True,False,False,analyst_unknown,event_time_historical,yfinance_upgrades_downgrades,strong_buy,1.29508,57,272.93738,275.0,380.0,140.0,,
1363,PYPL,2025-03-03,buy,False,True,bullish,skipped,False,False,http_429,ok,True,False,,ok,True,False,True,,True,False,False,False,False,False,False,False,True,False,False,analyst_unknown,event_time_historical,yfinance_upgrades_downgrades,hold,2.88636,34,52.52618,48.0,147.39,32.0,,
1364,NVDA,2025-01-30,sell,True,True,bearish,skipped,False,False,http_429,ok,True,False,,ok,True,False,True,,True,False,False,False,False,False,False,False,True,False,False,analyst_unknown,event_time_historical,yfinance_upgrades_downgrades,strong_buy,1.29508,57,272.93738,275.0,380.0,140.0,,
1365,AMZN,2025-02-04,buy,True,True,bullish,skipped,False,False,http_429,ok,True,False,,ok,True,False,True,,True,False,False,False,False,False,False,False,True,False,False,analyst_unknown,event_time_historical,yfinance_upgrades_downgrades,strong_buy,1.34848,62,311.55145,317.0,370.0,207.0,,
1366,NFLX,2025-12-15,buy,False,True,bullish,skipped,False,False,http_429,ok,True,False,,ok,True,False,True,,True,False,False,False,False,False,False,False,True,False,False,analyst_unknown,event_time_historical,yfinance_upgrades_downgrades,buy,1.68,44,114.555,115.0,151.4,80.0,,
1367,TSLA,2025-12-15,buy,True,True,bullish,skipped,False,False,http_429,ok,True,False,,ok,True,False,True,,True,False,False,False,False,False,False,False,True,False,False,analyst_unknown,event_time_historical,yfinance_upgrades_downgrades,buy,2.3617,41,412.25366,450.0,600.0,123.0,,
1368,NVDA,2025-11-19,buy,True,True,bullish,skipped,False,False,http_429,ok,True,False,,ok,True,False,True,,True,False,False,False,False,False,False,False,True,False,False,analyst_unknown,event_time_historical,yfinance_upgrades_downgrades,strong_buy,1.29508,57,272.93738,275.0,380.0,140.0,,
1369,NVDA,2025-11-19,buy,True,True,bullish,skipped,False,False,http_429,ok,True,False,,ok,True,False,True,,True,False,False,False,False,False,False,False,True,False,False,analyst_unknown,event_time_historical,yfinance_upgrades_downgrades,strong_buy,1.29508,57,272.93738,275.0,380.0,140.0,,
1370,NVDA,2025-11-19,buy,True,True,bullish,skipped,False,False,http_429,ok,True,False,,ok,True,False,True,,True,False,False,False,False,False,False,False,True,False,False,analyst_unknown,event_time_historical,yfinance_upgrades_downgrades,strong_buy,1.29508,57,272.93738,275.0,380.0,140.0,,
1371,AAPL,2025-09-08,sell,True,True,bearish,skipped,False,False,http_429,ok,True,False,,ok,True,False,True,,True,False,False,False,False,False,False,False,True,False,False,analyst_unknown,event_time_historical,yfinance_upgrades_downgrades,buy,1.95833,43,308.06512,310.0,400.0,215.0,,
1372,AMZN,2026-04-06,buy,True,True,bullish,skipped,False,False,http_429,ok,True,False,,ok,True,False,False,,True,True,False,False,False,True,False,True,False,True,False,analyst_bullish_aligned,event_time_historical,finnhub_recommendation,strong_buy,1.34848,62,311.55145,317.0,370.0,207.0,,2026-04-01
1373,UBER,2026-04-06,buy,False,True,bullish,skipped,False,False,http_429,ok,True,False,,ok,True,False,False,,True,True,False,False,False,True,True,True,False,True,False,analyst_bullish_aligned,event_time_historical,finnhub_recommendation,buy,1.51923,50,104.9312,107.0,150.0,70.0,,2026-04-01
1374,PYPL,2025-12-11,buy,False,True,bullish,skipped,False,False,http_429,ok,True,False,,ok,True,False,True,,True,False,False,False,False,False,False,False,True,False,False,analyst_unknown,event_time_historical,yfinance_upgrades_downgrades,hold,2.88636,34,52.52618,48.0,147.39,32.0,,
1375,PYPL,2025-12-11,buy,False,True,bullish,skipped,False,False,http_429,ok,True,False,,ok,True,False,True,,True,False,False,False,False,False,False,False,True,False,False,analyst_unknown,event_time_historical,yfinance_upgrades_downgrades,hold,2.88636,34,52.52618,48.0,147.39,32.0,,
1376,UBER,2025-12-11,buy,False,True,bullish,skipped,False,False,http_429,ok,True,False,,ok,True,False,True,,True,False,False,False,False,False,False,False,True,False,False,analyst_unknown,event_time_historical,yfinance_upgrades_downgrades,buy,1.51923,50,104.9312,107.0,150.0,70.0,,
1377,AAPL,2025-06-20,sell,True,True,bearish,skipped,False,False,http_429,ok,True,False,,ok,True,False,True,,True,False,False,False,False,False,False,False,True,False,False,analyst_unknown,event_time_historical,yfinance_upgrades_downgrades,buy,1.95833,43,308.06512,310.0,400.0,215.0,,
1378,NVDA,2024-06-28,buy,True,True,bullish,skipped,False,False,http_429,ok,True,False,,ok,True,False,True,,True,False,False,False,False,False,False,False,True,False,False,analyst_unknown,event_time_historical,yfinance_upgrades_downgrades,strong_buy,1.29508,57,272.93738,275.0,380.0,140.0,,
1379,NVDA,2024-06-28,buy,True,True,bullish,skipped,False,False,http_429,ok,True,False,,ok,True,False,True,,True,False,False,False,False,False,False,False,True,False,False,analyst_unknown,event_time_historical,yfinance_upgrades_downgrades,strong_buy,1.29508,57,272.93738,275.0,380.0,140.0,,
1380,TSLA,2024-06-28,sell,True,True,bearish,skipped,False,False,http_429,ok,True,False,,ok,True,False,True,,True,False,False,False,False,False,False,False,True,False,False,analyst_unknown,event_time_historical,yfinance_upgrades_downgrades,buy,2.3617,41,412.25366,450.0,600.0,123.0,,
1381,TSLA,2024-06-28,buy,True,True,bullish,skipped,False,False,http_429,ok,True,False,,ok,True,False,True,,True,False,False,False,False,False,False,False,True,False,False,analyst_unknown,event_time_historical,yfinance_upgrades_downgrades,buy,2.3617,41,412.25366,450.0,600.0,123.0,,
1382,NVDA,2024-05-22,buy,True,True,bullish,skipped,False,False,http_429,ok,True,False,,ok,True,False,True,,True,False,False,False,False,False,False,False,True,False,False,analyst_unknown,event_time_historical,yfinance_upgrades_downgrades,strong_buy,1.29508,57,272.93738,275.0,380.0,140.0,,
1383,NVDA,2024-05-22,buy,True,True,bullish,skipped,False,False,http_429,ok,True,False,,ok,True,False,True,,True,False,False,False,False,False,False,False,True,False,False,analyst_unknown,event_time_historical,yfinance_upgrades_downgrades,strong_buy,1.29508,57,272.93738,275.0,380.0,140.0,,
1384,NVDA,2024-05-22,buy,True,True,bullish,skipped,False,False,http_429,ok,True,False,,ok,True,False,True,,True,False,False,False,False,False,False,False,True,False,False,analyst_unknown,event_time_historical,yfinance_upgrades_downgrades,strong_buy,1.29508,57,272.93738,275.0,380.0,140.0,,
1385,NVDA,2024-05-22,buy,True,True,bullish,skipped,False,False,http_429,ok,True,False,,ok,True,False,True,,True,False,False,False,False,False,False,False,True,False,False,analyst_unknown,event_time_historical,yfinance_upgrades_downgrades,strong_buy,1.29508,57,272.93738,275.0,380.0,140.0,,
1386,AAPL,2024-05-22,buy,True,True,bullish,skipped,False,False,http_429,ok,True,False,,ok,True,False,True,,True,False,False,False,False,False,False,False,True,False,False,analyst_unknown,event_time_historical,yfinance_upgrades_downgrades,buy,1.95833,43,308.06512,310.0,400.0,215.0,,
1387,AMZN,2025-02-18,buy,True,True,bullish,skipped,False,False,http_429,ok,True,False,,ok,True,False,True,,True,False,False,False,False,False,False,False,True,False,False,analyst_unknown,event_time_historical,yfinance_upgrades_downgrades,strong_buy,1.34848,62,311.55145,317.0,370.0,207.0,,
1388,AMZN,2024-05-31,buy,True,True,bullish,skipped,False,False,http_429,ok,True,False,,ok,True,False,True,,True,False,False,False,False,False,False,False,True,False,False,analyst_unknown,event_time_historical,yfinance_upgrades_downgrades,strong_buy,1.34848,62,311.55145,317.0,370.0,207.0,,
1389,NVDA,2024-05-31,buy,True,True,bullish,skipped,False,False,http_429,ok,True,False,,ok,True,False,True,,True,False,False,False,False,False,False,False,True,False,False,analyst_unknown,event_time_historical,yfinance_upgrades_downgrades,strong_buy,1.29508,57,272.93738,275.0,380.0,140.0,,
1390,GOOGL,2024-05-31,buy,False,True,bullish,skipped,False,False,http_429,ok,True,False,,ok,True,False,True,,True,False,False,False,False,False,False,False,True,False,False,analyst_unknown,event_time_historical,yfinance_upgrades_downgrades,strong_buy,1.39683,52,427.88712,430.0,515.0,334.22,,
1391,MSFT,2024-05-31,buy,False,True,bullish,skipped,False,False,http_429,ok,True,False,,ok,True,False,True,,True,False,False,False,False,False,False,False,True,False,False,analyst_unknown,event_time_historical,yfinance_upgrades_downgrades,strong_buy,1.30909,54,561.5561,562.5,870.0,400.0,,
1392,TSLA,2024-05-31,buy,True,True,bullish,skipped,False,False,http_429,ok,True,False,,ok,True,False,True,,True,False,False,False,False,False,False,False,True,False,False,analyst_unknown,event_time_historical,yfinance_upgrades_downgrades,buy,2.3617,41,412.25366,450.0,600.0,123.0,,
1393,NFLX,2024-05-17,buy,False,True,bullish,skipped,False,False,http_429,ok,True,False,,ok,True,False,True,,True,False,False,False,False,False,False,False,True,False,False,analyst_unknown,event_time_historical,yfinance_upgrades_downgrades,buy,1.68,44,114.555,115.0,151.4,80.0,,
1394,AAPL,2024-05-17,buy,True,True,bullish,skipped,False,False,http_429,ok,True,False,,ok,True,False,True,,True,False,False,False,False,False,False,False,True,False,False,analyst_unknown,event_time_historical,yfinance_upgrades_downgrades,buy,1.95833,43,308.06512,310.0,400.0,215.0,,
1395,GOOGL,2024-05-17,buy,False,True,bullish,skipped,False,False,http_429,ok,True,False,,ok,True,False,True,,True,False,False,False,False,False,False,False,True,False,False,analyst_unknown,event_time_historical,yfinance_upgrades_downgrades,strong_buy,1.39683,52,427.88712,430.0,515.0,334.22,,
1396,TSLA,2024-05-17,buy,True,True,bullish,skipped,False,False,http_429,ok,True,False,,ok,True,False,True,,True,False,False,False,False,False,False,False,True,False,False,analyst_unknown,event_time_historical,yfinance_upgrades_downgrades,buy,2.3617,41,412.25366,450.0,600.0,123.0,,
1397,TSLA,2024-05-17,buy,True,True,bullish,skipped,False,False,http_429,ok,True,False,,ok,True,False,True,,True,False,False,False,False,False,False,False,True,False,False,analyst_unknown,event_time_historical,yfinance_upgrades_downgrades,buy,2.3617,41,412.25366,450.0,600.0,123.0,,
1398,NVDA,2024-06-27,buy,True,False,bullish,skipped,False,False,http_429,ok,True,False,,ok,True,False,True,,True,False,False,False,False,False,False,False,True,False,False,analyst_unknown,event_time_historical,yfinance_upgrades_downgrades,strong_buy,1.29508,57,272.93738,275.0,380.0,140.0,,
1399,SOFI,2025-12-04,buy,False,True,bullish,skipped,False,False,http_429,ok,True,False,,ok,True,False,True,,True,False,False,False,False,False,False,False,True,False,False,analyst_unknown,event_time_historical,yfinance_upgrades_downgrades,hold,2.70833,20,21.1,18.5,31.0,12.0,,
1400,AMD,2025-02-03,buy,True,True,bullish,skipped,False,False,http_429,ok,True,False,,ok,True,False,True,,True,False,False,False,False,False,False,False,True,False,False,analyst_unknown,event_time_historical,yfinance_upgrades_downgrades,buy,1.5098,48,457.83334,474.0,625.0,225.0,,
1401,AAPL,2025-12-10,buy,True,True,bullish,skipped,False,False,http_429,ok,True,False,,ok,True,False,True,,True,False,False,False,False,False,False,False,True,False,False,analyst_unknown,event_time_historical,yfinance_upgrades_downgrades,buy,1.95833,43,308.06512,310.0,400.0,215.0,,
1402,NFLX,2025-12-10,buy,False,True,bullish,skipped,False,False,http_429,ok,True,False,,ok,True,False,True,,True,False,False,False,False,False,False,False,True,False,False,analyst_unknown,event_time_historical,yfinance_upgrades_downgrades,buy,1.68,44,114.555,115.0,151.4,80.0,,
1403,GOOGL,2024-07-05,buy,False,True,bullish,skipped,False,False,http_429,ok,True,False,,ok,True,False,True,,True,False,False,False,False,False,False,False,True,False,False,analyst_unknown,event_time_historical,yfinance_upgrades_downgrades,strong_buy,1.39683,52,427.88712,430.0,515.0,334.22,,
1404,MSFT,2024-07-05,buy,False,False,bullish,skipped,False,False,http_429,ok,True,False,,ok,True,False,True,,True,False,False,False,False,False,False,False,True,False,False,analyst_unknown,event_time_historical,yfinance_upgrades_downgrades,strong_buy,1.30909,54,561.5561,562.5,870.0,400.0,,
1405,NFLX,2025-12-08,buy,False,True,bullish,skipped,False,False,http_429,ok,True,False,,ok,True,False,True,,True,False,False,False,False,False,False,False,True,False,False,analyst_unknown,event_time_historical,yfinance_upgrades_downgrades,buy,1.68,44,114.555,115.0,151.4,80.0,,
1406,NFLX,2025-12-05,buy,False,True,bullish,skipped,False,False,http_429,ok,True,False,,ok,True,False,True,,True,False,False,False,False,False,False,False,True,False,False,analyst_unknown,event_time_historical,yfinance_upgrades_downgrades,buy,1.68,44,114.555,115.0,151.4,80.0,,
1407,NFLX,2025-12-05,buy,False,True,bullish,skipped,False,False,http_429,ok,True,False,,ok,True,False,True,,True,False,False,False,False,False,False,False,True,False,False,analyst_unknown,event_time_historical,yfinance_upgrades_downgrades,buy,1.68,44,114.555,115.0,151.4,80.0,,
1408,PYPL,2025-12-05,buy,False,False,bullish,skipped,False,False,http_429,ok,True,False,,ok,True,False,True,,True,False,False,False,False,False,False,False,True,False,False,analyst_unknown,event_time_historical,yfinance_upgrades_downgrades,hold,2.88636,34,52.52618,48.0,147.39,32.0,,
1409,SOFI,2025-12-05,buy,False,True,bullish,skipped,False,False,http_429,ok,True,False,,ok,True,False,True,,True,False,False,False,False,False,False,False,True,False,False,analyst_unknown,event_time_historical,yfinance_upgrades_downgrades,hold,2.70833,20,21.1,18.5,31.0,12.0,,
1410,AMD,2025-02-11,buy,True,True,bullish,skipped,False,False,http_429,ok,True,False,,ok,True,False,True,,True,False,False,False,False,False,False,False,True,False,False,analyst_unknown,event_time_historical,yfinance_upgrades_downgrades,buy,1.5098,48,457.83334,474.0,625.0,225.0,,
1411,NVDA,2025-12-10,buy,True,True,bullish,skipped,False,False,http_429,ok,True,False,,ok,True,False,True,,True,False,False,False,False,False,False,False,True,False,False,analyst_unknown,event_time_historical,yfinance_upgrades_downgrades,strong_buy,1.29508,57,272.93738,275.0,380.0,140.0,,
1412,NVDA,2025-12-10,buy,True,True,bullish,skipped,False,False,http_429,ok,True,False,,ok,True,False,True,,True,False,False,False,False,False,False,False,True,False,False,analyst_unknown,event_time_historical,yfinance_upgrades_downgrades,strong_buy,1.29508,57,272.93738,275.0,380.0,140.0,,
1413,AMD,2025-12-10,buy,True,True,bullish,skipped,False,False,http_429,ok,True,False,,ok,True,False,True,,True,False,False,False,False,False,False,False,True,False,False,analyst_unknown,event_time_historical,yfinance_upgrades_downgrades,buy,1.5098,48,457.83334,474.0,625.0,225.0,,
1414,AMD,2025-12-10,buy,True,False,bullish,skipped,False,False,http_429,ok,True,False,,ok,True,False,True,,True,False,False,False,False,False,False,False,True,False,False,analyst_unknown,event_time_historical,yfinance_upgrades_downgrades,buy,1.5098,48,457.83334,474.0,625.0,225.0,,
1415,UBER,2025-12-12,buy,False,True,bullish,skipped,False,False,http_429,ok,True,False,,ok,True,False,True,,True,False,False,False,False,False,False,False,True,False,False,analyst_unknown,event_time_historical,yfinance_upgrades_downgrades,buy,1.51923,50,104.9312,107.0,150.0,70.0,,
1416,PYPL,2025-12-12,buy,False,True,bullish,skipped,False,False,http_429,ok,True,False,,ok,True,False,True,,True,False,False,False,False,False,False,False,True,False,False,analyst_unknown,event_time_historical,yfinance_upgrades_downgrades,hold,2.88636,34,52.52618,48.0,147.39,32.0,,
1417,AMZN,2025-12-12,buy,True,False,bullish,skipped,False,False,http_429,ok,True,False,,ok,True,False,True,,True,False,False,False,False,False,False,False,True,False,False,analyst_unknown,event_time_historical,yfinance_upgrades_downgrades,strong_buy,1.34848,62,311.55145,317.0,370.0,207.0,,
1418,AAPL,2024-06-21,buy,True,True,bullish,skipped,False,False,http_429,ok,True,False,,ok,True,False,True,,True,False,False,False,False,False,False,False,True,False,False,analyst_unknown,event_time_historical,yfinance_upgrades_downgrades,buy,1.95833,43,308.06512,310.0,400.0,215.0,,
1419,MSFT,2025-07-21,buy,False,True,bullish,skipped,False,False,http_429,ok,True,False,,ok,True,False,True,,True,False,False,False,False,False,False,False,True,False,False,analyst_unknown,event_time_historical,yfinance_upgrades_downgrades,strong_buy,1.30909,54,561.5561,562.5,870.0,400.0,,
1420,GOOGL,2025-07-23,buy,False,True,bullish,skipped,False,False,http_429,ok,True,False,,ok,True,False,True,,True,False,False,False,False,False,False,False,True,False,False,analyst_unknown,event_time_historical,yfinance_upgrades_downgrades,strong_buy,1.39683,52,427.88712,430.0,515.0,334.22,,
1421,GOOGL,2025-06-16,buy,False,True,bullish,skipped,False,False,http_429,ok,True,False,,ok,True,False,True,,True,False,False,False,False,False,False,False,True,False,False,analyst_unknown,event_time_historical,yfinance_upgrades_downgrades,strong_buy,1.39683,52,427.88712,430.0,515.0,334.22,,
1422,PYPL,2024-08-29,buy,False,False,bullish,skipped,False,False,http_429,ok,True,False,,ok,True,False,True,,True,False,False,False,False,False,False,False,True,False,False,analyst_unknown,event_time_historical,yfinance_upgrades_downgrades,hold,2.88636,34,52.52618,48.0,147.39,32.0,,
1423,GOOGL,2024-09-06,buy,False,True,bullish,skipped,False,False,http_429,ok,True,False,,ok,True,False,True,,True,False,False,False,False,False,False,False,True,False,False,analyst_unknown,event_time_historical,yfinance_upgrades_downgrades,strong_buy,1.39683,52,427.88712,430.0,515.0,334.22,,
1424,GOOGL,2024-09-06,sell,False,True,bearish,skipped,False,False,http_429,ok,True,False,,ok,True,False,True,,True,False,False,False,False,False,False,False,True,False,False,analyst_unknown,event_time_historical,yfinance_upgrades_downgrades,strong_buy,1.39683,52,427.88712,430.0,515.0,334.22,,
1425,PYPL,2025-12-18,buy,False,True,bullish,skipped,False,False,http_429,ok,True,False,,ok,True,False,True,,True,False,False,False,False,False,False,False,True,False,False,analyst_unknown,event_time_historical,yfinance_upgrades_downgrades,hold,2.88636,34,52.52618,48.0,147.39,32.0,,
1426,NFLX,2025-12-18,buy,False,True,bullish,skipped,False,False,http_429,ok,True,False,,ok,True,False,True,,True,False,False,False,False,False,False,False,True,False,False,analyst_unknown,event_time_historical,yfinance_upgrades_downgrades,buy,1.68,44,114.555,115.0,151.4,80.0,,
1427,NVDA,2026-01-27,buy,True,True,bullish,skipped,False,False,http_429,ok,True,False,,ok,True,False,True,,True,False,False,False,False,False,False,False,True,False,False,analyst_unknown,event_time_historical,yfinance_upgrades_downgrades,strong_buy,1.29508,57,272.93738,275.0,380.0,140.0,,
1428,NVDA,2026-01-27,sell,True,True,bearish,skipped,False,False,http_429,ok,True,False,,ok,True,False,True,,True,False,False,False,False,False,False,False,True,False,False,analyst_unknown,event_time_historical,yfinance_upgrades_downgrades,strong_buy,1.29508,57,272.93738,275.0,380.0,140.0,,
1429,AMD,2026-01-27,buy,True,True,bullish,skipped,False,False,http_429,ok,True,False,,ok,True,False,True,,True,False,False,False,False,False,False,False,True,False,False,analyst_unknown,event_time_historical,yfinance_upgrades_downgrades,buy,1.5098,48,457.83334,474.0,625.0,225.0,,
1430,GOOGL,2026-01-27,buy,False,True,bullish,skipped,False,False,http_429,ok,True,False,,ok,True,False,True,,True,False,False,False,False,False,False,False,True,False,False,analyst_unknown,event_time_historical,yfinance_upgrades_downgrades,strong_buy,1.39683,52,427.88712,430.0,515.0,334.22,,
1431,AMZN,2026-01-27,buy,True,True,bullish,skipped,False,False,http_429,ok,True,False,,ok,True,False,True,,True,False,False,False,False,False,False,False,True,False,False,analyst_unknown,event_time_historical,yfinance_upgrades_downgrades,strong_buy,1.34848,62,311.55145,317.0,370.0,207.0,,
1432,MSFT,2025-03-31,buy,False,True,bullish,skipped,False,False,http_429,ok,True,False,,ok,True,False,True,,True,False,False,False,False,False,False,False,True,False,False,analyst_unknown,event_time_historical,yfinance_upgrades_downgrades,strong_buy,1.30909,54,561.5561,562.5,870.0,400.0,,
1433,GOOGL,2025-05-19,buy,False,False,bullish,skipped,False,False,http_429,ok,True,False,,ok,True,False,True,,True,False,False,False,False,False,False,False,True,False,False,analyst_unknown,event_time_historical,yfinance_upgrades_downgrades,strong_buy,1.39683,52,427.88712,430.0,515.0,334.22,,
1434,AMD,2025-05-19,buy,True,True,bullish,skipped,False,False,http_429,ok,True,False,,ok,True,False,True,,True,False,False,False,False,False,False,False,True,False,False,analyst_unknown,event_time_historical,yfinance_upgrades_downgrades,buy,1.5098,48,457.83334,474.0,625.0,225.0,,
1435,AMD,2024-08-02,buy,True,True,bullish,skipped,False,False,http_429,ok,True,False,,ok,True,False,True,,True,False,False,False,False,False,False,False,True,False,False,analyst_unknown,event_time_historical,yfinance_upgrades_downgrades,buy,1.5098,48,457.83334,474.0,625.0,225.0,,
1436,MSFT,2024-08-02,buy,False,True,bullish,skipped,False,False,http_429,ok,True,False,,ok,True,False,True,,True,False,False,False,False,False,False,False,True,False,False,analyst_unknown,event_time_historical,yfinance_upgrades_downgrades,strong_buy,1.30909,54,561.5561,562.5,870.0,400.0,,
1437,TSLA,2024-08-02,buy,True,True,bullish,skipped,False,False,http_429,ok,True,False,,ok,True,False,True,,True,False,False,False,False,False,False,False,True,False,False,analyst_unknown,event_time_historical,yfinance_upgrades_downgrades,buy,2.3617,41,412.25366,450.0,600.0,123.0,,
1438,SOFI,2025-04-29,buy,False,True,bullish,skipped,False,False,http_429,ok,True,False,,ok,True,False,True,,True,False,False,False,False,False,False,False,True,False,False,analyst_unknown,event_time_historical,yfinance_upgrades_downgrades,hold,2.70833,20,21.1,18.5,31.0,12.0,,
1439,NVDA,2026-01-26,buy,True,True,bullish,skipped,False,False,http_429,ok,True,False,,ok,True,False,True,,True,False,False,False,False,False,False,False,True,False,False,analyst_unknown,event_time_historical,yfinance_upgrades_downgrades,strong_buy,1.29508,57,272.93738,275.0,380.0,140.0,,
1440,AAPL,2026-01-26,buy,True,True,bullish,skipped,False,False,http_429,ok,True,False,,ok,True,False,True,,True,False,False,False,False,False,False,False,True,False,False,analyst_unknown,event_time_historical,yfinance_upgrades_downgrades,buy,1.95833,43,308.06512,310.0,400.0,215.0,,
1441,META,2026-01-26,buy,False,False,bullish,skipped,False,False,http_429,ok,True,False,,ok,True,False,True,,True,False,False,False,False,False,False,False,True,False,False,analyst_unknown,event_time_historical,yfinance_upgrades_downgrades,strong_buy,1.34921,58,826.69104,825.0,1015.0,614.0,,
1442,AMZN,2025-03-05,buy,True,True,bullish,skipped,False,False,http_429,ok,True,False,,ok,True,False,True,,True,False,False,False,False,False,False,False,True,False,False,analyst_unknown,event_time_historical,yfinance_upgrades_downgrades,strong_buy,1.34848,62,311.55145,317.0,370.0,207.0,,
1443,AMD,2026-01-20,buy,True,True,bullish,skipped,False,False,http_429,ok,True,False,,ok,True,False,True,,True,False,False,False,False,False,False,False,True,False,False,analyst_unknown,event_time_historical,yfinance_upgrades_downgrades,buy,1.5098,48,457.83334,474.0,625.0,225.0,,
1444,GOOGL,2024-07-23,buy,False,True,bullish,skipped,False,False,http_429,ok,True,False,,ok,True,False,True,,True,False,False,False,False,False,False,False,True,False,False,analyst_unknown,event_time_historical,yfinance_upgrades_downgrades,strong_buy,1.39683,52,427.88712,430.0,515.0,334.22,,
1445,PYPL,2025-12-22,buy,False,True,bullish,skipped,False,False,http_429,ok,True,False,,ok,True,False,True,,True,False,False,False,False,False,False,False,True,False,False,analyst_unknown,event_time_historical,yfinance_upgrades_downgrades,hold,2.88636,34,52.52618,48.0,147.39,32.0,,
1446,TSLA,2025-12-22,buy,True,True,bullish,skipped,False,False,http_429,ok,True,False,,ok,True,False,True,,True,False,False,False,False,False,False,False,True,False,False,analyst_unknown,event_time_historical,yfinance_upgrades_downgrades,buy,2.3617,41,412.25366,450.0,600.0,123.0,,
1447,AMD,2026-01-23,buy,True,True,bullish,skipped,False,False,http_429,ok,True,False,,ok,True,False,True,,True,False,False,False,False,False,False,False,True,False,False,analyst_unknown,event_time_historical,yfinance_upgrades_downgrades,buy,1.5098,48,457.83334,474.0,625.0,225.0,,
1448,MSFT,2026-01-23,buy,False,False,bullish,skipped,False,False,http_429,ok,True,False,,ok,True,False,True,,True,False,False,False,False,False,False,False,True,False,False,analyst_unknown,event_time_historical,yfinance_upgrades_downgrades,strong_buy,1.30909,54,561.5561,562.5,870.0,400.0,,
1449,TSLA,2026-01-23,buy,True,True,bullish,skipped,False,False,http_429,ok,True,False,,ok,True,False,True,,True,False,False,False,False,False,False,False,True,False,False,analyst_unknown,event_time_historical,yfinance_upgrades_downgrades,buy,2.3617,41,412.25366,450.0,600.0,123.0,,
1450,AAPL,2025-09-10,sell,True,True,bearish,skipped,False,False,http_429,ok,True,False,,ok,True,False,True,,True,False,False,False,False,False,False,False,True,False,False,analyst_unknown,event_time_historical,yfinance_upgrades_downgrades,buy,1.95833,43,308.06512,310.0,400.0,215.0,,
1451,AAPL,2025-09-10,sell,True,True,bearish,skipped,False,False,http_429,ok,True,False,,ok,True,False,True,,True,False,False,False,False,False,False,False,True,False,False,analyst_unknown,event_time_historical,yfinance_upgrades_downgrades,buy,1.95833,43,308.06512,310.0,400.0,215.0,,
1452,AMZN,2025-09-10,buy,True,True,bullish,skipped,False,False,http_429,ok,True,False,,ok,True,False,True,,True,False,False,False,False,False,False,False,True,False,False,analyst_unknown,event_time_historical,yfinance_upgrades_downgrades,strong_buy,1.34848,62,311.55145,317.0,370.0,207.0,,
1453,AMZN,2025-03-11,buy,True,True,bullish,skipped,False,False,http_429,ok,True,False,,ok,True,False,True,,True,False,False,False,False,False,False,False,True,False,False,analyst_unknown,event_time_historical,yfinance_upgrades_downgrades,strong_buy,1.34848,62,311.55145,317.0,370.0,207.0,,
1454,AMD,2024-07-30,buy,True,True,bullish,skipped,False,False,http_429,ok,True,False,,ok,True,False,True,,True,False,False,False,False,False,False,False,True,False,False,analyst_unknown,event_time_historical,yfinance_upgrades_downgrades,buy,1.5098,48,457.83334,474.0,625.0,225.0,,
1455,GOOGL,2024-07-30,buy,False,True,bullish,skipped,False,False,http_429,ok,True,False,,ok,True,False,True,,True,False,False,False,False,False,False,False,True,False,False,analyst_unknown,event_time_historical,yfinance_upgrades_downgrades,strong_buy,1.39683,52,427.88712,430.0,515.0,334.22,,
1456,NFLX,2024-07-12,buy,False,True,bullish,skipped,False,False,http_429,ok,True,False,,ok,True,False,True,,True,False,False,False,False,False,False,False,True,False,False,analyst_unknown,event_time_historical,yfinance_upgrades_downgrades,buy,1.68,44,114.555,115.0,151.4,80.0,,
1457,MSFT,2024-07-12,buy,False,True,bullish,skipped,False,False,http_429,ok,True,False,,ok,True,False,True,,True,False,False,False,False,False,False,False,True,False,False,analyst_unknown,event_time_historical,yfinance_upgrades_downgrades,strong_buy,1.30909,54,561.5561,562.5,870.0,400.0,,
1458,TSLA,2024-07-12,buy,True,True,bullish,skipped,False,False,http_429,ok,True,False,,ok,True,False,True,,True,False,False,False,False,False,False,False,True,False,False,analyst_unknown,event_time_historical,yfinance_upgrades_downgrades,buy,2.3617,41,412.25366,450.0,600.0,123.0,,
1459,AAPL,2024-08-01,buy,True,True,bullish,skipped,False,False,http_429,ok,True,False,,ok,True,False,True,,True,False,False,False,False,False,False,False,True,False,False,analyst_unknown,event_time_historical,yfinance_upgrades_downgrades,buy,1.95833,43,308.06512,310.0,400.0,215.0,,
1460,MSFT,2024-07-30,buy,False,True,bullish,skipped,False,False,http_429,ok,True,False,,ok,True,False,True,,True,False,False,False,False,False,False,False,True,False,False,analyst_unknown,event_time_historical,yfinance_upgrades_downgrades,strong_buy,1.30909,54,561.5561,562.5,870.0,400.0,,
1461,MSFT,2024-07-30,buy,False,True,bullish,skipped,False,False,http_429,ok,True,False,,ok,True,False,True,,True,False,False,False,False,False,False,False,True,False,False,analyst_unknown,event_time_historical,yfinance_upgrades_downgrades,strong_buy,1.30909,54,561.5561,562.5,870.0,400.0,,
1462,MSFT,2024-07-30,sell,False,True,bearish,skipped,False,False,http_429,ok,True,False,,ok,True,False,True,,True,False,False,False,False,False,False,False,True,False,False,analyst_unknown,event_time_historical,yfinance_upgrades_downgrades,strong_buy,1.30909,54,561.5561,562.5,870.0,400.0,,
1463,MSFT,2024-07-30,buy,False,True,bullish,skipped,False,False,http_429,ok,True,False,,ok,True,False,True,,True,False,False,False,False,False,False,False,True,False,False,analyst_unknown,event_time_historical,yfinance_upgrades_downgrades,strong_buy,1.30909,54,561.5561,562.5,870.0,400.0,,
1464,MSFT,2024-07-30,buy,False,True,bullish,skipped,False,False,http_429,ok,True,False,,ok,True,False,True,,True,False,False,False,False,False,False,False,True,False,False,analyst_unknown,event_time_historical,yfinance_upgrades_downgrades,strong_buy,1.30909,54,561.5561,562.5,870.0,400.0,,
1465,AMZN,2025-03-11,sell,True,True,bearish,skipped,False,False,http_429,ok,True,False,,ok,True,False,True,,True,False,False,False,False,False,False,False,True,False,False,analyst_unknown,event_time_historical,yfinance_upgrades_downgrades,strong_buy,1.34848,62,311.55145,317.0,370.0,207.0,,
1466,NVDA,2025-03-11,sell,True,True,bearish,skipped,False,False,http_429,ok,True,False,,ok,True,False,True,,True,False,False,False,False,False,False,False,True,False,False,analyst_unknown,event_time_historical,yfinance_upgrades_downgrades,strong_buy,1.29508,57,272.93738,275.0,380.0,140.0,,
1467,NFLX,2025-12-24,buy,False,True,bullish,skipped,False,False,http_429,ok,True,False,,ok,True,False,True,,True,False,False,False,False,False,False,False,True,False,False,analyst_unknown,event_time_historical,yfinance_upgrades_downgrades,buy,1.68,44,114.555,115.0,151.4,80.0,,
1468,TSLA,2024-07-23,sell,True,True,bearish,skipped,False,False,http_429,ok,True,False,,ok,True,False,True,,True,False,False,False,False,False,False,False,True,False,False,analyst_unknown,event_time_historical,yfinance_upgrades_downgrades,buy,2.3617,41,412.25366,450.0,600.0,123.0,,
1469,TSLA,2024-07-23,buy,True,True,bullish,skipped,False,False,http_429,ok,True,False,,ok,True,False,True,,True,False,False,False,False,False,False,False,True,False,False,analyst_unknown,event_time_historical,yfinance_upgrades_downgrades,buy,2.3617,41,412.25366,450.0,600.0,123.0,,
1470,GOOGL,2026-01-28,sell,False,True,bearish,skipped,False,False,http_429,ok,True,False,,ok,True,False,True,,True,False,False,False,False,False,False,False,True,False,False,analyst_unknown,event_time_historical,yfinance_upgrades_downgrades,strong_buy,1.39683,52,427.88712,430.0,515.0,334.22,,
1471,META,2026-01-28,sell,False,True,bearish,skipped,False,False,http_429,ok,True,False,,ok,True,False,True,,True,False,False,False,False,False,False,False,True,False,False,analyst_unknown,event_time_historical,yfinance_upgrades_downgrades,strong_buy,1.34921,58,826.69104,825.0,1015.0,614.0,,
1472,AMZN,2025-03-17,sell,True,True,bearish,skipped,False,False,http_429,ok,True,False,,ok,True,False,True,,True,False,False,False,False,False,False,False,True,False,False,analyst_unknown,event_time_historical,yfinance_upgrades_downgrades,strong_buy,1.34848,62,311.55145,317.0,370.0,207.0,,
1473,AMZN,2025-03-17,buy,True,True,bullish,skipped,False,False,http_429,ok,True,False,,ok,True,False,True,,True,False,False,False,False,False,False,False,True,False,False,analyst_unknown,event_time_historical,yfinance_upgrades_downgrades,strong_buy,1.34848,62,311.55145,317.0,370.0,207.0,,
1474,AMZN,2025-03-17,buy,True,True,bullish,skipped,False,False,http_429,ok,True,False,,ok,True,False,True,,True,False,False,False,False,False,False,False,True,False,False,analyst_unknown,event_time_historical,yfinance_upgrades_downgrades,strong_buy,1.34848,62,311.55145,317.0,370.0,207.0,,
1475,GOOGL,2025-03-17,sell,False,True,bearish,skipped,False,False,http_429,ok,True,False,,ok,True,False,True,,True,False,False,False,False,False,False,False,True,False,False,analyst_unknown,event_time_historical,yfinance_upgrades_downgrades,strong_buy,1.39683,52,427.88712,430.0,515.0,334.22,,
1476,GOOGL,2025-03-17,buy,False,True,bullish,skipped,False,False,http_429,ok,True,False,,ok,True,False,True,,True,False,False,False,False,False,False,False,True,False,False,analyst_unknown,event_time_historical,yfinance_upgrades_downgrades,strong_buy,1.39683,52,427.88712,430.0,515.0,334.22,,
1477,MSFT,2025-03-17,sell,False,True,bearish,skipped,False,False,http_429,ok,True,False,,ok,True,False,True,,True,False,False,False,False,False,False,False,True,False,False,analyst_unknown,event_time_historical,yfinance_upgrades_downgrades,strong_buy,1.30909,54,561.5561,562.5,870.0,400.0,,
1478,SOFI,2026-01-02,buy,False,True,bullish,skipped,False,False,http_429,ok,True,False,,ok,True,False,True,,True,False,False,False,False,False,False,False,True,False,False,analyst_unknown,event_time_historical,yfinance_upgrades_downgrades,hold,2.70833,20,21.1,18.5,31.0,12.0,,
1479,AMD,2026-01-22,buy,True,True,bullish,skipped,False,False,http_429,ok,True,False,,ok,True,False,True,,True,False,False,False,False,False,False,False,True,False,False,analyst_unknown,event_time_historical,yfinance_upgrades_downgrades,buy,1.5098,48,457.83334,474.0,625.0,225.0,,
1480,MSFT,2026-01-22,sell,False,True,bearish,skipped,False,False,http_429,ok,True,False,,ok,True,False,True,,True,False,False,False,False,False,False,False,True,False,False,analyst_unknown,event_time_historical,yfinance_upgrades_downgrades,strong_buy,1.30909,54,561.5561,562.5,870.0,400.0,,
1481,NVDA,2024-08-29,sell,True,True,bearish,skipped,False,False,http_429,ok,True,False,,ok,True,False,True,,True,False,False,False,False,False,False,False,True,False,False,analyst_unknown,event_time_historical,yfinance_upgrades_downgrades,strong_buy,1.29508,57,272.93738,275.0,380.0,140.0,,
1482,META,2026-01-28,buy,False,True,bullish,skipped,False,False,http_429,ok,True,False,,ok,True,False,True,,True,False,False,False,False,False,False,False,True,False,False,analyst_unknown,event_time_historical,yfinance_upgrades_downgrades,strong_buy,1.34921,58,826.69104,825.0,1015.0,614.0,,
1483,META,2026-01-28,buy,False,True,bullish,skipped,False,False,http_429,ok,True,False,,ok,True,False,True,,True,False,False,False,False,False,False,False,True,False,False,analyst_unknown,event_time_historical,yfinance_upgrades_downgrades,strong_buy,1.34921,58,826.69104,825.0,1015.0,614.0,,
1484,MSFT,2026-01-28,buy,False,True,bullish,skipped,False,False,http_429,ok,True,False,,ok,True,False,True,,True,False,False,False,False,False,False,False,True,False,False,analyst_unknown,event_time_historical,yfinance_upgrades_downgrades,strong_buy,1.30909,54,561.5561,562.5,870.0,400.0,,
1485,MSFT,2026-01-28,sell,False,True,bearish,skipped,False,False,http_429,ok,True,False,,ok,True,False,True,,True,False,False,False,False,False,False,False,True,False,False,analyst_unknown,event_time_historical,yfinance_upgrades_downgrades,strong_buy,1.30909,54,561.5561,562.5,870.0,400.0,,
1486,MSFT,2026-01-28,sell,False,True,bearish,skipped,False,False,http_429,ok,True,False,,ok,True,False,True,,True,False,False,False,False,False,False,False,True,False,False,analyst_unknown,event_time_historical,yfinance_upgrades_downgrades,strong_buy,1.30909,54,561.5561,562.5,870.0,400.0,,
1487,AMD,2026-01-28,buy,True,True,bullish,skipped,False,False,http_429,ok,True,False,,ok,True,False,True,,True,False,False,False,False,False,False,False,True,False,False,analyst_unknown,event_time_historical,yfinance_upgrades_downgrades,buy,1.5098,48,457.83334,474.0,625.0,225.0,,
1488,AMD,2026-01-28,buy,True,True,bullish,skipped,False,False,http_429,ok,True,False,,ok,True,False,True,,True,False,False,False,False,False,False,False,True,False,False,analyst_unknown,event_time_historical,yfinance_upgrades_downgrades,buy,1.5098,48,457.83334,474.0,625.0,225.0,,
1489,TSLA,2026-01-28,sell,True,True,bearish,skipped,False,False,http_429,ok,True,False,,ok,True,False,True,,True,False,False,False,False,False,False,False,True,False,False,analyst_unknown,event_time_historical,yfinance_upgrades_downgrades,buy,2.3617,41,412.25366,450.0,600.0,123.0,,
1490,TSLA,2026-01-28,sell,True,True,bearish,skipped,False,False,http_429,ok,True,False,,ok,True,False,True,,True,False,False,False,False,False,False,False,True,False,False,analyst_unknown,event_time_historical,yfinance_upgrades_downgrades,buy,2.3617,41,412.25366,450.0,600.0,123.0,,
1491,AMD,2026-01-21,buy,True,True,bullish,skipped,False,False,http_429,ok,True,False,,ok,True,False,True,,True,False,False,False,False,False,False,False,True,False,False,analyst_unknown,event_time_historical,yfinance_upgrades_downgrades,buy,1.5098,48,457.83334,474.0,625.0,225.0,,
1492,META,2026-01-21,buy,False,True,bullish,skipped,False,False,http_429,ok,True,False,,ok,True,False,True,,True,False,False,False,False,False,False,False,True,False,False,analyst_unknown,event_time_historical,yfinance_upgrades_downgrades,strong_buy,1.34921,58,826.69104,825.0,1015.0,614.0,,
1493,NFLX,2026-04-20,buy,False,True,bullish,skipped,False,False,http_429,ok,True,False,,ok,True,False,False,,True,True,False,False,False,True,True,True,False,True,False,analyst_bullish_aligned,event_time_historical,finnhub_recommendation,buy,1.68,44,114.555,115.0,151.4,80.0,,2026-04-01
1494,GOOGL,2026-02-02,sell,False,True,bearish,skipped,False,False,http_429,ok,True,False,,ok,True,False,False,,True,False,False,False,True,True,False,True,False,True,False,finfluencer_contrarian_to_analyst,event_time_historical,finnhub_recommendation,strong_buy,1.39683,52,427.88712,430.0,515.0,334.22,,2026-02-01
1495,NVDA,2025-05-28,sell,True,False,bearish,skipped,False,False,http_429,ok,True,False,,ok,True,False,True,,True,False,False,False,False,False,False,False,True,False,False,analyst_unknown,event_time_historical,yfinance_upgrades_downgrades,strong_buy,1.29508,57,272.93738,275.0,380.0,140.0,,
1496,PYPL,2026-02-03,buy,False,True,bullish,skipped,False,False,http_429,ok,True,False,,ok,True,False,False,,True,False,False,True,False,True,True,False,False,True,False,analyst_neutral_or_mixed,event_time_historical,finnhub_recommendation,hold,2.88636,34,52.52618,48.0,147.39,32.0,,2026-02-01
1497,NFLX,2026-01-12,buy,False,True,bullish,skipped,False,False,http_429,ok,True,False,,ok,True,False,True,,True,False,False,False,False,False,False,False,True,False,False,analyst_unknown,event_time_historical,yfinance_upgrades_downgrades,buy,1.68,44,114.555,115.0,151.4,80.0,,
1498,TSLA,2024-09-20,buy,True,True,bullish,skipped,False,False,http_429,ok,True,False,,ok,True,False,True,,True,False,False,False,False,False,False,False,True,False,False,analyst_unknown,event_time_historical,yfinance_upgrades_downgrades,buy,2.3617,41,412.25366,450.0,600.0,123.0,,
1499,AMZN,2025-05-02,buy,True,True,bullish,skipped,False,False,http_429,ok,True,False,,ok,True,False,True,,True,False,False,False,False,False,False,False,True,False,False,analyst_unknown,event_time_historical,yfinance_upgrades_downgrades,strong_buy,1.34848,62,311.55145,317.0,370.0,207.0,,
1500,GOOGL,2025-05-02,buy,False,True,bullish,skipped,False,False,http_429,ok,True,False,,ok,True,False,True,,True,False,False,False,False,False,False,False,True,False,False,analyst_unknown,event_time_historical,yfinance_upgrades_downgrades,strong_buy,1.39683,52,427.88712,430.0,515.0,334.22,,
1501,GOOGL,2025-03-18,buy,False,True,bullish,skipped,False,False,http_429,ok,True,False,,ok,True,False,True,,True,False,False,False,False,False,False,False,True,False,False,analyst_unknown,event_time_historical,yfinance_upgrades_downgrades,strong_buy,1.39683,52,427.88712,430.0,515.0,334.22,,
1502,GOOGL,2025-03-18,sell,False,True,bearish,skipped,False,False,http_429,ok,True,False,,ok,True,False,True,,True,False,False,False,False,False,False,False,True,False,False,analyst_unknown,event_time_historical,yfinance_upgrades_downgrades,strong_buy,1.39683,52,427.88712,430.0,515.0,334.22,,
1503,AMZN,2025-03-18,buy,True,True,bullish,skipped,False,False,http_429,ok,True,False,,ok,True,False,True,,True,False,False,False,False,False,False,False,True,False,False,analyst_unknown,event_time_historical,yfinance_upgrades_downgrades,strong_buy,1.34848,62,311.55145,317.0,370.0,207.0,,
1504,MSFT,2026-01-29,buy,False,True,bullish,skipped,False,False,http_429,ok,True,False,,ok,True,False,True,,True,False,False,False,False,False,False,False,True,False,False,analyst_unknown,event_time_historical,yfinance_upgrades_downgrades,strong_buy,1.30909,54,561.5561,562.5,870.0,400.0,,
1505,AMD,2026-02-04,sell,True,True,bearish,skipped,False,False,http_429,ok,True,False,,ok,True,False,False,,True,False,False,False,True,True,True,True,False,True,False,finfluencer_contrarian_to_analyst,event_time_historical,finnhub_recommendation,buy,1.5098,48,457.83334,474.0,625.0,225.0,,2026-02-01
1506,NVDA,2026-02-04,sell,True,True,bearish,skipped,False,False,http_429,ok,True,False,,ok,True,False,False,,True,False,False,False,True,True,True,True,False,True,False,finfluencer_contrarian_to_analyst,event_time_historical,finnhub_recommendation,strong_buy,1.29508,57,272.93738,275.0,380.0,140.0,,2026-02-01
1507,NVDA,2026-02-04,sell,True,True,bearish,skipped,False,False,http_429,ok,True,False,,ok,True,False,False,,True,False,False,False,True,True,True,True,False,True,False,finfluencer_contrarian_to_analyst,event_time_historical,finnhub_recommendation,strong_buy,1.29508,57,272.93738,275.0,380.0,140.0,,2026-02-01
1508,AMD,2026-02-04,buy,True,True,bullish,skipped,False,False,http_429,ok,True,False,,ok,True,False,False,,True,True,False,False,False,True,True,True,False,True,False,analyst_bullish_aligned,event_time_historical,finnhub_recommendation,buy,1.5098,48,457.83334,474.0,625.0,225.0,,2026-02-01
1509,AMD,2026-02-04,sell,True,True,bearish,skipped,False,False,http_429,ok,True,False,,ok,True,False,False,,True,False,False,False,True,True,True,True,False,True,False,finfluencer_contrarian_to_analyst,event_time_historical,finnhub_recommendation,buy,1.5098,48,457.83334,474.0,625.0,225.0,,2026-02-01
1510,AMD,2026-02-04,buy,True,True,bullish,skipped,False,False,http_429,ok,True,False,,ok,True,False,False,,True,True,False,False,False,True,True,True,False,True,False,analyst_bullish_aligned,event_time_historical,finnhub_recommendation,buy,1.5098,48,457.83334,474.0,625.0,225.0,,2026-02-01
1511,AMD,2026-02-04,sell,True,True,bearish,skipped,False,False,http_429,ok,True,False,,ok,True,False,False,,True,False,False,False,True,True,True,True,False,True,False,finfluencer_contrarian_to_analyst,event_time_historical,finnhub_recommendation,buy,1.5098,48,457.83334,474.0,625.0,225.0,,2026-02-01
1512,AMD,2026-02-04,buy,True,True,bullish,skipped,False,False,http_429,ok,True,False,,ok,True,False,False,,True,True,False,False,False,True,True,True,False,True,False,analyst_bullish_aligned,event_time_historical,finnhub_recommendation,buy,1.5098,48,457.83334,474.0,625.0,225.0,,2026-02-01
1513,AMD,2026-02-04,buy,True,True,bullish,skipped,False,False,http_429,ok,True,False,,ok,True,False,False,,True,True,False,False,False,True,True,True,False,True,False,analyst_bullish_aligned,event_time_historical,finnhub_recommendation,buy,1.5098,48,457.83334,474.0,625.0,225.0,,2026-02-01
1514,AMD,2026-02-04,buy,True,True,bullish,skipped,False,False,http_429,ok,True,False,,ok,True,False,False,,True,True,False,False,False,True,True,True,False,True,False,analyst_bullish_aligned,event_time_historical,finnhub_recommendation,buy,1.5098,48,457.83334,474.0,625.0,225.0,,2026-02-01
1515,AMD,2026-02-04,buy,True,True,bullish,skipped,False,False,http_429,ok,True,False,,ok,True,False,False,,True,True,False,False,False,True,True,True,False,True,False,analyst_bullish_aligned,event_time_historical,finnhub_recommendation,buy,1.5098,48,457.83334,474.0,625.0,225.0,,2026-02-01
1516,PYPL,2026-02-04,buy,False,True,bullish,skipped,False,False,http_429,ok,True,False,,ok,True,False,False,,True,False,False,True,False,True,True,False,False,True,False,analyst_neutral_or_mixed,event_time_historical,finnhub_recommendation,hold,2.88636,34,52.52618,48.0,147.39,32.0,,2026-02-01
1517,META,2026-02-04,buy,False,True,bullish,skipped,False,False,http_429,ok,True,False,,ok,True,False,False,,True,True,False,False,False,True,False,True,False,True,False,analyst_bullish_aligned,event_time_historical,finnhub_recommendation,strong_buy,1.34921,58,826.69104,825.0,1015.0,614.0,,2026-02-01
1518,META,2026-02-04,buy,False,True,bullish,skipped,False,False,http_429,ok,True,False,,ok,True,False,False,,True,True,False,False,False,True,False,True,False,True,False,analyst_bullish_aligned,event_time_historical,finnhub_recommendation,strong_buy,1.34921,58,826.69104,825.0,1015.0,614.0,,2026-02-01
1519,NVDA,2025-04-09,buy,True,True,bullish,skipped,False,False,http_429,ok,True,False,,ok,True,False,True,,True,False,False,False,False,False,False,False,True,False,False,analyst_unknown,event_time_historical,yfinance_upgrades_downgrades,strong_buy,1.29508,57,272.93738,275.0,380.0,140.0,,
1520,PYPL,2026-01-15,buy,False,True,bullish,skipped,False,False,http_429,ok,True,False,,ok,True,False,True,,True,False,False,False,False,False,False,False,True,False,False,analyst_unknown,event_time_historical,yfinance_upgrades_downgrades,hold,2.88636,34,52.52618,48.0,147.39,32.0,,
1521,MSFT,2026-01-30,buy,False,True,bullish,skipped,False,False,http_429,ok,True,False,,ok,True,False,True,,True,False,False,False,False,False,False,False,True,False,False,analyst_unknown,event_time_historical,yfinance_upgrades_downgrades,strong_buy,1.30909,54,561.5561,562.5,870.0,400.0,,
1522,MSFT,2026-01-30,buy,False,True,bullish,skipped,False,False,http_429,ok,True,False,,ok,True,False,True,,True,False,False,False,False,False,False,False,True,False,False,analyst_unknown,event_time_historical,yfinance_upgrades_downgrades,strong_buy,1.30909,54,561.5561,562.5,870.0,400.0,,
1523,MSFT,2026-01-30,buy,False,True,bullish,skipped,False,False,http_429,ok,True,False,,ok,True,False,True,,True,False,False,False,False,False,False,False,True,False,False,analyst_unknown,event_time_historical,yfinance_upgrades_downgrades,strong_buy,1.30909,54,561.5561,562.5,870.0,400.0,,
1524,NVDA,2026-01-30,buy,True,True,bullish,skipped,False,False,http_429,ok,True,False,,ok,True,False,True,,True,False,False,False,False,False,False,False,True,False,False,analyst_unknown,event_time_historical,yfinance_upgrades_downgrades,strong_buy,1.29508,57,272.93738,275.0,380.0,140.0,,
1525,MSFT,2024-11-01,buy,False,True,bullish,skipped,False,False,http_429,ok,True,False,,ok,True,False,True,,True,False,False,False,False,False,False,False,True,False,False,analyst_unknown,event_time_historical,yfinance_upgrades_downgrades,strong_buy,1.30909,54,561.5561,562.5,870.0,400.0,,
1526,NFLX,2025-10-22,buy,False,True,bullish,skipped,False,False,http_429,ok,True,False,,ok,True,False,True,,True,False,False,False,False,False,False,False,True,False,False,analyst_unknown,event_time_historical,yfinance_upgrades_downgrades,buy,1.68,44,114.555,115.0,151.4,80.0,,
1527,MSFT,2026-02-02,buy,False,True,bullish,skipped,False,False,http_429,ok,True,False,,ok,True,False,False,,True,True,False,False,False,True,False,True,False,True,False,analyst_bullish_aligned,event_time_historical,finnhub_recommendation,strong_buy,1.30909,54,561.5561,562.5,870.0,400.0,,2026-02-01
1528,NVDA,2026-02-02,buy,True,True,bullish,skipped,False,False,http_429,ok,True,False,,ok,True,False,False,,True,True,False,False,False,True,True,True,False,True,False,analyst_bullish_aligned,event_time_historical,finnhub_recommendation,strong_buy,1.29508,57,272.93738,275.0,380.0,140.0,,2026-02-01
1529,META,2026-02-02,buy,False,True,bullish,skipped,False,False,http_429,ok,True,False,,ok,True,False,False,,True,True,False,False,False,True,False,True,False,True,False,analyst_bullish_aligned,event_time_historical,finnhub_recommendation,strong_buy,1.34921,58,826.69104,825.0,1015.0,614.0,,2026-02-01
1530,NFLX,2026-02-02,buy,False,True,bullish,skipped,False,False,http_429,ok,True,False,,ok,True,False,False,,True,True,False,False,False,True,True,True,False,True,False,analyst_bullish_aligned,event_time_historical,finnhub_recommendation,buy,1.68,44,114.555,115.0,151.4,80.0,,2026-02-01
1531,NFLX,2026-02-02,buy,False,True,bullish,skipped,False,False,http_429,ok,True,False,,ok,True,False,False,,True,True,False,False,False,True,True,True,False,True,False,analyst_bullish_aligned,event_time_historical,finnhub_recommendation,buy,1.68,44,114.555,115.0,151.4,80.0,,2026-02-01
1532,TSLA,2025-04-22,buy,True,True,bullish,skipped,False,False,http_429,ok,True,False,,ok,True,False,True,,True,False,False,False,False,False,False,False,True,False,False,analyst_unknown,event_time_historical,yfinance_upgrades_downgrades,buy,2.3617,41,412.25366,450.0,600.0,123.0,,
1533,TSLA,2025-04-22,sell,True,False,bearish,skipped,False,False,http_429,ok,True,False,,ok,True,False,True,,True,False,False,False,False,False,False,False,True,False,False,analyst_unknown,event_time_historical,yfinance_upgrades_downgrades,buy,2.3617,41,412.25366,450.0,600.0,123.0,,
1534,META,2026-01-29,buy,False,True,bullish,skipped,False,False,http_429,ok,True,False,,ok,True,False,True,,True,False,False,False,False,False,False,False,True,False,False,analyst_unknown,event_time_historical,yfinance_upgrades_downgrades,strong_buy,1.34921,58,826.69104,825.0,1015.0,614.0,,
1535,MSFT,2026-02-05,buy,False,True,bullish,skipped,False,False,http_429,ok,True,False,,ok,True,False,False,,True,True,False,False,False,True,False,True,False,True,False,analyst_bullish_aligned,event_time_historical,finnhub_recommendation,strong_buy,1.30909,54,561.5561,562.5,870.0,400.0,,2026-02-01
1536,MSFT,2026-02-05,buy,False,True,bullish,skipped,False,False,http_429,ok,True,False,,ok,True,False,False,,True,True,False,False,False,True,False,True,False,True,False,analyst_bullish_aligned,event_time_historical,finnhub_recommendation,strong_buy,1.30909,54,561.5561,562.5,870.0,400.0,,2026-02-01
1537,MSFT,2026-02-05,buy,False,True,bullish,skipped,False,False,http_429,ok,True,False,,ok,True,False,False,,True,True,False,False,False,True,False,True,False,True,False,analyst_bullish_aligned,event_time_historical,finnhub_recommendation,strong_buy,1.30909,54,561.5561,562.5,870.0,400.0,,2026-02-01
1538,MSFT,2026-02-05,buy,False,True,bullish,skipped,False,False,http_429,ok,True,False,,ok,True,False,False,,True,True,False,False,False,True,False,True,False,True,False,analyst_bullish_aligned,event_time_historical,finnhub_recommendation,strong_buy,1.30909,54,561.5561,562.5,870.0,400.0,,2026-02-01
1539,TSLA,2026-02-05,sell,True,True,bearish,skipped,False,False,http_429,ok,True,False,,ok,True,False,False,,True,False,False,False,True,True,True,True,False,True,False,finfluencer_contrarian_to_analyst,event_time_historical,finnhub_recommendation,buy,2.3617,41,412.25366,450.0,600.0,123.0,,2026-02-01
1540,AMD,2026-02-05,buy,True,True,bullish,skipped,False,False,http_429,ok,True,False,,ok,True,False,False,,True,True,False,False,False,True,True,True,False,True,False,analyst_bullish_aligned,event_time_historical,finnhub_recommendation,buy,1.5098,48,457.83334,474.0,625.0,225.0,,2026-02-01
1541,AMD,2026-02-05,buy,True,True,bullish,skipped,False,False,http_429,ok,True,False,,ok,True,False,False,,True,True,False,False,False,True,True,True,False,True,False,analyst_bullish_aligned,event_time_historical,finnhub_recommendation,buy,1.5098,48,457.83334,474.0,625.0,225.0,,2026-02-01
1542,NVDA,2026-02-05,buy,True,True,bullish,skipped,False,False,http_429,ok,True,False,,ok,True,False,False,,True,True,False,False,False,True,True,True,False,True,False,analyst_bullish_aligned,event_time_historical,finnhub_recommendation,strong_buy,1.29508,57,272.93738,275.0,380.0,140.0,,2026-02-01
1543,NFLX,2026-02-05,sell,False,True,bearish,skipped,False,False,http_429,ok,True,False,,ok,True,False,False,,True,False,False,False,True,True,True,True,False,True,False,finfluencer_contrarian_to_analyst,event_time_historical,finnhub_recommendation,buy,1.68,44,114.555,115.0,151.4,80.0,,2026-02-01
1544,GOOGL,2025-06-30,buy,False,True,bullish,skipped,False,False,http_429,ok,True,False,,ok,True,False,True,,True,False,False,False,False,False,False,False,True,False,False,analyst_unknown,event_time_historical,yfinance_upgrades_downgrades,strong_buy,1.39683,52,427.88712,430.0,515.0,334.22,,
1545,MSFT,2025-04-04,buy,False,True,bullish,skipped,False,False,http_429,ok,True,False,,ok,True,False,True,,True,False,False,False,False,False,False,False,True,False,False,analyst_unknown,event_time_historical,yfinance_upgrades_downgrades,strong_buy,1.30909,54,561.5561,562.5,870.0,400.0,,
1546,AMZN,2025-04-04,buy,True,True,bullish,skipped,False,False,http_429,ok,True,False,,ok,True,False,True,,True,False,False,False,False,False,False,False,True,False,False,analyst_unknown,event_time_historical,yfinance_upgrades_downgrades,strong_buy,1.34848,62,311.55145,317.0,370.0,207.0,,
1547,MSFT,2025-10-13,buy,False,True,bullish,skipped,False,False,http_429,ok,True,False,,ok,True,False,True,,True,False,False,False,False,False,False,False,True,False,False,analyst_unknown,event_time_historical,yfinance_upgrades_downgrades,strong_buy,1.30909,54,561.5561,562.5,870.0,400.0,,
1548,NFLX,2024-10-17,buy,False,False,bullish,skipped,False,False,http_429,ok,True,False,,ok,True,False,True,,True,False,False,False,False,False,False,False,True,False,False,analyst_unknown,event_time_historical,yfinance_upgrades_downgrades,buy,1.68,44,114.555,115.0,151.4,80.0,,
1549,NFLX,2024-10-17,buy,False,True,bullish,skipped,False,False,http_429,ok,True,False,,ok,True,False,True,,True,False,False,False,False,False,False,False,True,False,False,analyst_unknown,event_time_historical,yfinance_upgrades_downgrades,buy,1.68,44,114.555,115.0,151.4,80.0,,
1550,MSFT,2024-10-30,buy,False,True,bullish,skipped,False,False,http_429,ok,True,False,,ok,True,False,True,,True,False,False,False,False,False,False,False,True,False,False,analyst_unknown,event_time_historical,yfinance_upgrades_downgrades,strong_buy,1.30909,54,561.5561,562.5,870.0,400.0,,
1551,GOOGL,2024-10-30,buy,False,False,bullish,skipped,False,False,http_429,ok,True,False,,ok,True,False,True,,True,False,False,False,False,False,False,False,True,False,False,analyst_unknown,event_time_historical,yfinance_upgrades_downgrades,strong_buy,1.39683,52,427.88712,430.0,515.0,334.22,,
1552,AMD,2025-07-08,buy,True,True,bullish,skipped,False,False,http_429,ok,True,False,,ok,True,False,True,,True,False,False,False,False,False,False,False,True,False,False,analyst_unknown,event_time_historical,yfinance_upgrades_downgrades,buy,1.5098,48,457.83334,474.0,625.0,225.0,,
1553,PYPL,2025-07-08,buy,False,True,bullish,skipped,False,False,http_429,ok,True,False,,ok,True,False,True,,True,False,False,False,False,False,False,False,True,False,False,analyst_unknown,event_time_historical,yfinance_upgrades_downgrades,hold,2.88636,34,52.52618,48.0,147.39,32.0,,
1554,GOOGL,2025-04-28,buy,False,True,bullish,skipped,False,False,http_429,ok,True,False,,ok,True,False,True,,True,False,False,False,False,False,False,False,True,False,False,analyst_unknown,event_time_historical,yfinance_upgrades_downgrades,strong_buy,1.39683,52,427.88712,430.0,515.0,334.22,,
1555,AMZN,2025-03-28,sell,True,True,bearish,skipped,False,False,http_429,ok,True,False,,ok,True,False,True,,True,False,False,False,False,False,False,False,True,False,False,analyst_unknown,event_time_historical,yfinance_upgrades_downgrades,strong_buy,1.34848,62,311.55145,317.0,370.0,207.0,,
1556,AMZN,2025-03-28,buy,True,True,bullish,skipped,False,False,http_429,ok,True,False,,ok,True,False,True,,True,False,False,False,False,False,False,False,True,False,False,analyst_unknown,event_time_historical,yfinance_upgrades_downgrades,strong_buy,1.34848,62,311.55145,317.0,370.0,207.0,,
1557,NVDA,2026-02-03,buy,True,True,bullish,skipped,False,False,http_429,ok,True,False,,ok,True,False,False,,True,True,False,False,False,True,True,True,False,True,False,analyst_bullish_aligned,event_time_historical,finnhub_recommendation,strong_buy,1.29508,57,272.93738,275.0,380.0,140.0,,2026-02-01
1558,AMZN,2025-04-03,sell,True,True,bearish,skipped,False,False,http_429,ok,True,False,,ok,True,False,True,,True,False,False,False,False,False,False,False,True,False,False,analyst_unknown,event_time_historical,yfinance_upgrades_downgrades,strong_buy,1.34848,62,311.55145,317.0,370.0,207.0,,
1559,AAPL,2024-11-01,buy,True,True,bullish,skipped,False,False,http_429,ok,True,False,,ok,True,False,True,,True,False,False,False,False,False,False,False,True,False,False,analyst_unknown,event_time_historical,yfinance_upgrades_downgrades,buy,1.95833,43,308.06512,310.0,400.0,215.0,,
1560,AAPL,2024-11-01,buy,True,True,bullish,skipped,False,False,http_429,ok,True,False,,ok,True,False,True,,True,False,False,False,False,False,False,False,True,False,False,analyst_unknown,event_time_historical,yfinance_upgrades_downgrades,buy,1.95833,43,308.06512,310.0,400.0,215.0,,
1561,AMD,2026-02-03,buy,True,True,bullish,skipped,False,False,http_429,ok,True,False,,ok,True,False,False,,True,True,False,False,False,True,True,True,False,True,False,analyst_bullish_aligned,event_time_historical,finnhub_recommendation,buy,1.5098,48,457.83334,474.0,625.0,225.0,,2026-02-01
1562,AMD,2026-02-03,buy,True,True,bullish,skipped,False,False,http_429,ok,True,False,,ok,True,False,False,,True,True,False,False,False,True,True,True,False,True,False,analyst_bullish_aligned,event_time_historical,finnhub_recommendation,buy,1.5098,48,457.83334,474.0,625.0,225.0,,2026-02-01
1563,AMD,2026-02-03,sell,True,True,bearish,skipped,False,False,http_429,ok,True,False,,ok,True,False,False,,True,False,False,False,True,True,True,True,False,True,False,finfluencer_contrarian_to_analyst,event_time_historical,finnhub_recommendation,buy,1.5098,48,457.83334,474.0,625.0,225.0,,2026-02-01
1564,NVDA,2026-02-03,sell,True,True,bearish,skipped,False,False,http_429,ok,True,False,,ok,True,False,False,,True,False,False,False,True,True,True,True,False,True,False,finfluencer_contrarian_to_analyst,event_time_historical,finnhub_recommendation,strong_buy,1.29508,57,272.93738,275.0,380.0,140.0,,2026-02-01
1565,NVDA,2026-02-03,sell,True,True,bearish,skipped,False,False,http_429,ok,True,False,,ok,True,False,False,,True,False,False,False,True,True,True,True,False,True,False,finfluencer_contrarian_to_analyst,event_time_historical,finnhub_recommendation,strong_buy,1.29508,57,272.93738,275.0,380.0,140.0,,2026-02-01
1566,GOOGL,2026-02-03,buy,False,True,bullish,skipped,False,False,http_429,ok,True,False,,ok,True,False,False,,True,True,False,False,False,True,False,True,False,True,False,analyst_bullish_aligned,event_time_historical,finnhub_recommendation,strong_buy,1.39683,52,427.88712,430.0,515.0,334.22,,2026-02-01
1567,AAPL,2024-09-27,buy,True,True,bullish,skipped,False,False,http_429,ok,True,False,,ok,True,False,True,,True,False,False,False,False,False,False,False,True,False,False,analyst_unknown,event_time_historical,yfinance_upgrades_downgrades,buy,1.95833,43,308.06512,310.0,400.0,215.0,,
1568,META,2026-01-28,buy,False,True,bullish,skipped,False,False,http_429,ok,True,False,,ok,True,False,True,,True,False,False,False,False,False,False,False,True,False,False,analyst_unknown,event_time_historical,yfinance_upgrades_downgrades,strong_buy,1.34921,58,826.69104,825.0,1015.0,614.0,,
1569,MSFT,2026-01-28,buy,False,True,bullish,skipped,False,False,http_429,ok,True,False,,ok,True,False,True,,True,False,False,False,False,False,False,False,True,False,False,analyst_unknown,event_time_historical,yfinance_upgrades_downgrades,strong_buy,1.30909,54,561.5561,562.5,870.0,400.0,,
1570,MSFT,2026-01-28,sell,False,True,bearish,skipped,False,False,http_429,ok,True,False,,ok,True,False,True,,True,False,False,False,False,False,False,False,True,False,False,analyst_unknown,event_time_historical,yfinance_upgrades_downgrades,strong_buy,1.30909,54,561.5561,562.5,870.0,400.0,,
1571,AMD,2026-01-28,buy,True,True,bullish,skipped,False,False,http_429,ok,True,False,,ok,True,False,True,,True,False,False,False,False,False,False,False,True,False,False,analyst_unknown,event_time_historical,yfinance_upgrades_downgrades,buy,1.5098,48,457.83334,474.0,625.0,225.0,,
1572,AMD,2026-01-28,buy,True,True,bullish,skipped,False,False,http_429,ok,True,False,,ok,True,False,True,,True,False,False,False,False,False,False,False,True,False,False,analyst_unknown,event_time_historical,yfinance_upgrades_downgrades,buy,1.5098,48,457.83334,474.0,625.0,225.0,,
1573,NVDA,2026-02-10,buy,True,True,bullish,skipped,False,False,http_429,ok,True,False,,ok,True,False,False,,True,True,False,False,False,True,True,True,False,True,False,analyst_bullish_aligned,event_time_historical,finnhub_recommendation,strong_buy,1.29508,57,272.93738,275.0,380.0,140.0,,2026-02-01
1574,AMD,2026-02-26,buy,True,False,bullish,skipped,False,False,http_429,ok,True,False,,ok,True,False,False,,True,True,False,False,False,True,True,True,False,True,False,analyst_bullish_aligned,event_time_historical,finnhub_recommendation,buy,1.5098,48,457.83334,474.0,625.0,225.0,,2026-02-01
1575,AMZN,2026-03-11,buy,True,True,bullish,skipped,False,False,http_429,ok,True,False,,ok,True,False,False,,True,True,False,False,False,True,False,True,False,True,False,analyst_bullish_aligned,event_time_historical,finnhub_recommendation,strong_buy,1.34848,62,311.55145,317.0,370.0,207.0,,2026-03-01
1576,AMD,2023-01-03,sell,True,True,bearish,skipped,False,False,http_429,ok,True,False,,ok,True,False,True,,True,False,False,False,False,False,False,False,True,False,False,analyst_unknown,event_time_historical,yfinance_upgrades_downgrades,buy,1.5098,48,457.83334,474.0,625.0,225.0,,
1577,MSFT,2025-01-27,buy,False,True,bullish,skipped,False,False,http_429,ok,True,False,,ok,True,False,True,,True,False,False,False,False,False,False,False,True,False,False,analyst_unknown,event_time_historical,yfinance_upgrades_downgrades,strong_buy,1.30909,54,561.5561,562.5,870.0,400.0,,
1578,PYPL,2026-03-04,buy,False,True,bullish,skipped,False,False,http_429,ok,True,False,,ok,True,False,False,,True,False,False,True,False,True,True,False,False,True,False,analyst_neutral_or_mixed,event_time_historical,finnhub_recommendation,hold,2.88636,34,52.52618,48.0,147.39,32.0,,2026-03-01
1579,PYPL,2026-03-04,buy,False,True,bullish,skipped,False,False,http_429,ok,True,False,,ok,True,False,False,,True,False,False,True,False,True,True,False,False,True,False,analyst_neutral_or_mixed,event_time_historical,finnhub_recommendation,hold,2.88636,34,52.52618,48.0,147.39,32.0,,2026-03-01
1580,GOOGL,2023-02-27,buy,False,True,bullish,skipped,False,False,http_429,ok,True,False,,ok,True,False,True,,True,False,False,False,False,False,False,False,True,False,False,analyst_unknown,event_time_historical,yfinance_upgrades_downgrades,strong_buy,1.39683,52,427.88712,430.0,515.0,334.22,,
1581,AMD,2026-04-23,buy,True,True,bullish,skipped,False,False,http_429,ok,True,False,,ok,True,False,False,,True,True,False,False,False,True,True,True,False,True,False,analyst_bullish_aligned,event_time_historical,finnhub_recommendation,buy,1.5098,48,457.83334,474.0,625.0,225.0,,2026-04-01
1582,UBER,2025-10-07,buy,False,True,bullish,skipped,False,False,http_429,ok,True,False,,ok,True,False,True,,True,False,False,False,False,False,False,False,True,False,False,analyst_unknown,event_time_historical,yfinance_upgrades_downgrades,buy,1.51923,50,104.9312,107.0,150.0,70.0,,
1583,AMZN,2025-10-07,buy,True,True,bullish,skipped,False,False,http_429,ok,True,False,,ok,True,False,True,,True,False,False,False,False,False,False,False,True,False,False,analyst_unknown,event_time_historical,yfinance_upgrades_downgrades,strong_buy,1.34848,62,311.55145,317.0,370.0,207.0,,
1584,GOOGL,2025-07-23,buy,False,True,bullish,skipped,False,False,http_429,ok,True,False,,ok,True,False,True,,True,False,False,False,False,False,False,False,True,False,False,analyst_unknown,event_time_historical,yfinance_upgrades_downgrades,strong_buy,1.39683,52,427.88712,430.0,515.0,334.22,,
1585,TSLA,2025-07-23,buy,True,True,bullish,skipped,False,False,http_429,ok,True,False,,ok,True,False,True,,True,False,False,False,False,False,False,False,True,False,False,analyst_unknown,event_time_historical,yfinance_upgrades_downgrades,buy,2.3617,41,412.25366,450.0,600.0,123.0,,
1586,AMZN,2025-10-17,sell,True,True,bearish,skipped,False,False,http_429,ok,True,False,,ok,True,False,True,,True,False,False,False,False,False,False,False,True,False,False,analyst_unknown,event_time_historical,yfinance_upgrades_downgrades,strong_buy,1.34848,62,311.55145,317.0,370.0,207.0,,
1587,MSFT,2025-10-17,buy,False,False,bullish,skipped,False,False,http_429,ok,True,False,,ok,True,False,True,,True,False,False,False,False,False,False,False,True,False,False,analyst_unknown,event_time_historical,yfinance_upgrades_downgrades,strong_buy,1.30909,54,561.5561,562.5,870.0,400.0,,
1588,TSLA,2025-08-29,buy,True,True,bullish,skipped,False,False,http_429,ok,True,False,,ok,True,False,True,,True,False,False,False,False,False,False,False,True,False,False,analyst_unknown,event_time_historical,yfinance_upgrades_downgrades,buy,2.3617,41,412.25366,450.0,600.0,123.0,,
1589,NVDA,2026-02-26,sell,True,True,bearish,skipped,False,False,http_429,ok,True,False,,ok,True,False,False,,True,False,False,False,True,True,True,True,False,True,False,finfluencer_contrarian_to_analyst,event_time_historical,finnhub_recommendation,strong_buy,1.29508,57,272.93738,275.0,380.0,140.0,,2026-02-01
1590,NVDA,2026-02-26,buy,True,True,bullish,skipped,False,False,http_429,ok,True,False,,ok,True,False,False,,True,True,False,False,False,True,True,True,False,True,False,analyst_bullish_aligned,event_time_historical,finnhub_recommendation,strong_buy,1.29508,57,272.93738,275.0,380.0,140.0,,2026-02-01
1591,SOFI,2026-02-26,sell,False,True,bearish,skipped,False,False,http_429,ok,True,False,,ok,True,False,False,,True,False,False,True,False,True,True,False,False,True,False,analyst_neutral_or_mixed,event_time_historical,finnhub_recommendation,hold,2.70833,20,21.1,18.5,31.0,12.0,,2026-02-01
1592,NVDA,2026-02-20,sell,True,True,bearish,skipped,False,False,http_429,ok,True,False,,ok,True,False,False,,True,False,False,False,True,True,True,True,False,True,False,finfluencer_contrarian_to_analyst,event_time_historical,finnhub_recommendation,strong_buy,1.29508,57,272.93738,275.0,380.0,140.0,,2026-02-01
1593,META,2026-01-05,buy,False,True,bullish,skipped,False,False,http_429,ok,True,False,,ok,True,False,True,,True,False,False,False,False,False,False,False,True,False,False,analyst_unknown,event_time_historical,yfinance_upgrades_downgrades,strong_buy,1.34921,58,826.69104,825.0,1015.0,614.0,,
1594,AMZN,2022-10-31,sell,True,True,bearish,skipped,False,False,http_429,ok,True,False,,ok,True,False,True,,True,False,False,False,False,False,False,False,True,False,False,analyst_unknown,event_time_historical,yfinance_upgrades_downgrades,strong_buy,1.34848,62,311.55145,317.0,370.0,207.0,,
1595,NVDA,2026-02-24,sell,True,True,bearish,skipped,False,False,http_429,ok,True,False,,ok,True,False,False,,True,False,False,False,True,True,True,True,False,True,False,finfluencer_contrarian_to_analyst,event_time_historical,finnhub_recommendation,strong_buy,1.29508,57,272.93738,275.0,380.0,140.0,,2026-02-01
1596,MSFT,2026-02-12,buy,False,True,bullish,skipped,False,False,http_429,ok,True,False,,ok,True,False,False,,True,True,False,False,False,True,False,True,False,True,False,analyst_bullish_aligned,event_time_historical,finnhub_recommendation,strong_buy,1.30909,54,561.5561,562.5,870.0,400.0,,2026-02-01
1597,AMZN,2026-02-12,buy,True,True,bullish,skipped,False,False,http_429,ok,True,False,,ok,True,False,False,,True,True,False,False,False,True,False,True,False,True,False,analyst_bullish_aligned,event_time_historical,finnhub_recommendation,strong_buy,1.34848,62,311.55145,317.0,370.0,207.0,,2026-02-01
1598,GOOGL,2025-07-25,sell,False,True,bearish,skipped,False,False,http_429,ok,True,False,,ok,True,False,True,,True,False,False,False,False,False,False,False,True,False,False,analyst_unknown,event_time_historical,yfinance_upgrades_downgrades,strong_buy,1.39683,52,427.88712,430.0,515.0,334.22,,
1599,NFLX,2025-07-25,sell,False,False,bearish,skipped,False,False,http_429,ok,True,False,,ok,True,False,True,,True,False,False,False,False,False,False,False,True,False,False,analyst_unknown,event_time_historical,yfinance_upgrades_downgrades,buy,1.68,44,114.555,115.0,151.4,80.0,,
1600,TSLA,2025-07-25,buy,True,True,bullish,skipped,False,False,http_429,ok,True,False,,ok,True,False,True,,True,False,False,False,False,False,False,False,True,False,False,analyst_unknown,event_time_historical,yfinance_upgrades_downgrades,buy,2.3617,41,412.25366,450.0,600.0,123.0,,
1601,TSLA,2025-07-25,buy,True,True,bullish,skipped,False,False,http_429,ok,True,False,,ok,True,False,True,,True,False,False,False,False,False,False,False,True,False,False,analyst_unknown,event_time_historical,yfinance_upgrades_downgrades,buy,2.3617,41,412.25366,450.0,600.0,123.0,,
1602,NFLX,2025-01-21,buy,False,True,bullish,skipped,False,False,http_429,ok,True,False,,ok,True,False,True,,True,False,False,False,False,False,False,False,True,False,False,analyst_unknown,event_time_historical,yfinance_upgrades_downgrades,buy,1.68,44,114.555,115.0,151.4,80.0,,
1603,PYPL,2026-02-03,buy,False,True,bullish,skipped,False,False,http_429,ok,True,False,,ok,True,False,False,,True,False,False,True,False,True,True,False,False,True,False,analyst_neutral_or_mixed,event_time_historical,finnhub_recommendation,hold,2.88636,34,52.52618,48.0,147.39,32.0,,2026-02-01
1605,AMZN,2026-01-29,sell,True,True,bearish,skipped,False,False,http_429,ok,True,False,,ok,True,False,True,,True,False,False,False,False,False,False,False,True,False,False,analyst_unknown,event_time_historical,yfinance_upgrades_downgrades,strong_buy,1.34848,62,311.55145,317.0,370.0,207.0,,
1606,MSFT,2024-06-17,sell,False,True,bearish,skipped,False,False,http_429,ok,True,False,,ok,True,False,True,,True,False,False,False,False,False,False,False,True,False,False,analyst_unknown,event_time_historical,yfinance_upgrades_downgrades,strong_buy,1.30909,54,561.5561,562.5,870.0,400.0,,
1607,AAPL,2025-01-30,sell,True,True,bearish,skipped,False,False,http_429,ok,True,False,,ok,True,False,True,,True,False,False,False,False,False,False,False,True,False,False,analyst_unknown,event_time_historical,yfinance_upgrades_downgrades,buy,1.95833,43,308.06512,310.0,400.0,215.0,,
1608,AAPL,2025-01-30,buy,True,True,bullish,skipped,False,False,http_429,ok,True,False,,ok,True,False,True,,True,False,False,False,False,False,False,False,True,False,False,analyst_unknown,event_time_historical,yfinance_upgrades_downgrades,buy,1.95833,43,308.06512,310.0,400.0,215.0,,
1609,AMD,2026-03-11,buy,True,True,bullish,skipped,False,False,http_429,ok,True,False,,ok,True,False,False,,True,True,False,False,False,True,True,True,False,True,False,analyst_bullish_aligned,event_time_historical,finnhub_recommendation,buy,1.5098,48,457.83334,474.0,625.0,225.0,,2026-03-01
1610,AMD,2026-03-11,buy,True,True,bullish,skipped,False,False,http_429,ok,True,False,,ok,True,False,False,,True,True,False,False,False,True,True,True,False,True,False,analyst_bullish_aligned,event_time_historical,finnhub_recommendation,buy,1.5098,48,457.83334,474.0,625.0,225.0,,2026-03-01
1611,META,2026-03-11,buy,False,True,bullish,skipped,False,False,http_429,ok,True,False,,ok,True,False,False,,True,True,False,False,False,True,False,True,False,True,False,analyst_bullish_aligned,event_time_historical,finnhub_recommendation,strong_buy,1.34921,58,826.69104,825.0,1015.0,614.0,,2026-03-01
1612,AAPL,2024-11-25,sell,True,True,bearish,skipped,False,False,http_429,ok,True,False,,ok,True,False,True,,True,False,False,False,False,False,False,False,True,False,False,analyst_unknown,event_time_historical,yfinance_upgrades_downgrades,buy,1.95833,43,308.06512,310.0,400.0,215.0,,
1613,GOOGL,2024-11-25,buy,False,True,bullish,skipped,False,False,http_429,ok,True,False,,ok,True,False,True,,True,False,False,False,False,False,False,False,True,False,False,analyst_unknown,event_time_historical,yfinance_upgrades_downgrades,strong_buy,1.39683,52,427.88712,430.0,515.0,334.22,,
1614,GOOGL,2024-11-25,buy,False,False,bullish,skipped,False,False,http_429,ok,True,False,,ok,True,False,True,,True,False,False,False,False,False,False,False,True,False,False,analyst_unknown,event_time_historical,yfinance_upgrades_downgrades,strong_buy,1.39683,52,427.88712,430.0,515.0,334.22,,
1615,AMZN,2024-11-25,buy,True,True,bullish,skipped,False,False,http_429,ok,True,False,,ok,True,False,True,,True,False,False,False,False,False,False,False,True,False,False,analyst_unknown,event_time_historical,yfinance_upgrades_downgrades,strong_buy,1.34848,62,311.55145,317.0,370.0,207.0,,
1616,NVDA,2026-01-05,sell,True,True,bearish,skipped,False,False,http_429,ok,True,False,,ok,True,False,True,,True,False,False,False,False,False,False,False,True,False,False,analyst_unknown,event_time_historical,yfinance_upgrades_downgrades,strong_buy,1.29508,57,272.93738,275.0,380.0,140.0,,
1617,AMZN,2025-05-27,sell,True,True,bearish,skipped,False,False,http_429,ok,True,False,,ok,True,False,True,,True,False,False,False,False,False,False,False,True,False,False,analyst_unknown,event_time_historical,yfinance_upgrades_downgrades,strong_buy,1.34848,62,311.55145,317.0,370.0,207.0,,
1618,NFLX,2025-05-27,buy,False,True,bullish,skipped,False,False,http_429,ok,True,False,,ok,True,False,True,,True,False,False,False,False,False,False,False,True,False,False,analyst_unknown,event_time_historical,yfinance_upgrades_downgrades,buy,1.68,44,114.555,115.0,151.4,80.0,,
1619,NVDA,2025-11-13,buy,True,True,bullish,skipped,False,False,http_429,ok,True,False,,ok,True,False,True,,True,False,False,False,False,False,False,False,True,False,False,analyst_unknown,event_time_historical,yfinance_upgrades_downgrades,strong_buy,1.29508,57,272.93738,275.0,380.0,140.0,,
1620,NVDA,2025-11-13,buy,True,True,bullish,skipped,False,False,http_429,ok,True,False,,ok,True,False,True,,True,False,False,False,False,False,False,False,True,False,False,analyst_unknown,event_time_historical,yfinance_upgrades_downgrades,strong_buy,1.29508,57,272.93738,275.0,380.0,140.0,,
1621,NVDA,2026-02-05,buy,True,True,bullish,skipped,False,False,http_429,ok,True,False,,ok,True,False,False,,True,True,False,False,False,True,True,True,False,True,False,analyst_bullish_aligned,event_time_historical,finnhub_recommendation,strong_buy,1.29508,57,272.93738,275.0,380.0,140.0,,2026-02-01
1622,SOFI,2026-05-06,buy,False,False,bullish,skipped,False,False,http_429,ok,True,False,,ok,True,False,False,,True,True,False,False,False,True,True,True,False,True,False,analyst_bullish_aligned,event_time_historical,finnhub_recommendation,hold,2.70833,20,21.1,18.5,31.0,12.0,,2026-05-01
1623,SOFI,2026-05-06,buy,False,True,bullish,skipped,False,False,http_429,ok,True,False,,ok,True,False,False,,True,True,False,False,False,True,True,True,False,True,False,analyst_bullish_aligned,event_time_historical,finnhub_recommendation,hold,2.70833,20,21.1,18.5,31.0,12.0,,2026-05-01
1624,AMZN,2026-04-29,buy,True,True,bullish,skipped,False,False,http_429,ok,True,False,,ok,True,False,False,,True,True,False,False,False,True,False,True,False,True,False,analyst_bullish_aligned,event_time_historical,finnhub_recommendation,strong_buy,1.34848,62,311.55145,317.0,370.0,207.0,,2026-04-01
1625,AAPL,2025-11-24,buy,True,True,bullish,skipped,False,False,http_429,ok,True,False,,ok,True,False,True,,True,False,False,False,False,False,False,False,True,False,False,analyst_unknown,event_time_historical,yfinance_upgrades_downgrades,buy,1.95833,43,308.06512,310.0,400.0,215.0,,
1626,AMZN,2026-02-09,buy,True,True,bullish,skipped,False,False,http_429,ok,True,False,,ok,True,False,False,,True,True,False,False,False,True,False,True,False,True,False,analyst_bullish_aligned,event_time_historical,finnhub_recommendation,strong_buy,1.34848,62,311.55145,317.0,370.0,207.0,,2026-02-01
1627,AMZN,2026-02-09,buy,True,True,bullish,skipped,False,False,http_429,ok,True,False,,ok,True,False,False,,True,True,False,False,False,True,False,True,False,True,False,analyst_bullish_aligned,event_time_historical,finnhub_recommendation,strong_buy,1.34848,62,311.55145,317.0,370.0,207.0,,2026-02-01
1628,UBER,2026-02-09,buy,False,True,bullish,skipped,False,False,http_429,ok,True,False,,ok,True,False,False,,True,True,False,False,False,True,True,True,False,True,False,analyst_bullish_aligned,event_time_historical,finnhub_recommendation,buy,1.51923,50,104.9312,107.0,150.0,70.0,,2026-02-01
1629,GOOGL,2026-02-09,buy,False,True,bullish,skipped,False,False,http_429,ok,True,False,,ok,True,False,False,,True,True,False,False,False,True,False,True,False,True,False,analyst_bullish_aligned,event_time_historical,finnhub_recommendation,strong_buy,1.39683,52,427.88712,430.0,515.0,334.22,,2026-02-01
1630,NVDA,2026-02-09,buy,True,True,bullish,skipped,False,False,http_429,ok,True,False,,ok,True,False,False,,True,True,False,False,False,True,True,True,False,True,False,analyst_bullish_aligned,event_time_historical,finnhub_recommendation,strong_buy,1.29508,57,272.93738,275.0,380.0,140.0,,2026-02-01
1631,SOFI,2026-02-09,buy,False,True,bullish,skipped,False,False,http_429,ok,True,False,,ok,True,False,False,,True,False,False,True,False,True,True,False,False,True,False,analyst_neutral_or_mixed,event_time_historical,finnhub_recommendation,hold,2.70833,20,21.1,18.5,31.0,12.0,,2026-02-01
1632,SOFI,2026-02-09,buy,False,True,bullish,skipped,False,False,http_429,ok,True,False,,ok,True,False,False,,True,False,False,True,False,True,True,False,False,True,False,analyst_neutral_or_mixed,event_time_historical,finnhub_recommendation,hold,2.70833,20,21.1,18.5,31.0,12.0,,2026-02-01
1633,NVDA,2026-02-25,buy,True,False,bullish,skipped,False,False,http_429,ok,True,False,,ok,True,False,False,,True,True,False,False,False,True,True,True,False,True,False,analyst_bullish_aligned,event_time_historical,finnhub_recommendation,strong_buy,1.29508,57,272.93738,275.0,380.0,140.0,,2026-02-01
1634,NVDA,2026-02-25,buy,True,True,bullish,skipped,False,False,http_429,ok,True,False,,ok,True,False,False,,True,True,False,False,False,True,True,True,False,True,False,analyst_bullish_aligned,event_time_historical,finnhub_recommendation,strong_buy,1.29508,57,272.93738,275.0,380.0,140.0,,2026-02-01
1635,AMD,2026-02-25,sell,True,True,bearish,skipped,False,False,http_429,ok,True,False,,ok,True,False,False,,True,False,False,False,True,True,True,True,False,True,False,finfluencer_contrarian_to_analyst,event_time_historical,finnhub_recommendation,buy,1.5098,48,457.83334,474.0,625.0,225.0,,2026-02-01
1636,SOFI,2026-04-09,buy,False,True,bullish,skipped,False,False,http_429,ok,True,False,,ok,True,False,False,,True,True,False,False,False,True,True,True,False,True,False,analyst_bullish_aligned,event_time_historical,finnhub_recommendation,hold,2.70833,20,21.1,18.5,31.0,12.0,,2026-04-01
1637,SOFI,2026-04-09,buy,False,True,bullish,skipped,False,False,http_429,ok,True,False,,ok,True,False,False,,True,True,False,False,False,True,True,True,False,True,False,analyst_bullish_aligned,event_time_historical,finnhub_recommendation,hold,2.70833,20,21.1,18.5,31.0,12.0,,2026-04-01
1638,SOFI,2026-04-09,buy,False,True,bullish,skipped,False,False,http_429,ok,True,False,,ok,True,False,False,,True,True,False,False,False,True,True,True,False,True,False,analyst_bullish_aligned,event_time_historical,finnhub_recommendation,hold,2.70833,20,21.1,18.5,31.0,12.0,,2026-04-01
1639,SOFI,2026-04-09,buy,False,True,bullish,skipped,False,False,http_429,ok,True,False,,ok,True,False,False,,True,True,False,False,False,True,True,True,False,True,False,analyst_bullish_aligned,event_time_historical,finnhub_recommendation,hold,2.70833,20,21.1,18.5,31.0,12.0,,2026-04-01
1640,AMZN,2026-05-04,buy,True,True,bullish,skipped,False,False,http_429,ok,True,False,,ok,True,False,False,,True,True,False,False,False,True,False,True,False,True,False,analyst_bullish_aligned,event_time_historical,finnhub_recommendation,strong_buy,1.34848,62,311.55145,317.0,370.0,207.0,,2026-05-01
1641,META,2026-05-04,buy,False,True,bullish,skipped,False,False,http_429,ok,True,False,,ok,True,False,False,,True,True,False,False,False,True,False,True,False,True,False,analyst_bullish_aligned,event_time_historical,finnhub_recommendation,strong_buy,1.34921,58,826.69104,825.0,1015.0,614.0,,2026-05-01
1642,NFLX,2026-05-04,buy,False,True,bullish,skipped,False,False,http_429,ok,True,False,,ok,True,False,False,,True,True,False,False,False,True,False,True,False,True,False,analyst_bullish_aligned,event_time_historical,finnhub_recommendation,buy,1.68,44,114.555,115.0,151.4,80.0,,2026-05-01
1643,NVDA,2026-05-04,buy,True,True,bullish,skipped,False,False,http_429,ok,True,False,,ok,True,False,False,,True,True,False,False,False,True,True,True,False,True,False,analyst_bullish_aligned,event_time_historical,finnhub_recommendation,strong_buy,1.29508,57,272.93738,275.0,380.0,140.0,,2026-05-01
1644,UBER,2026-05-04,sell,False,True,bearish,skipped,False,False,http_429,ok,True,False,,ok,True,False,False,,True,False,False,False,True,True,True,True,False,True,False,finfluencer_contrarian_to_analyst,event_time_historical,finnhub_recommendation,buy,1.51923,50,104.9312,107.0,150.0,70.0,,2026-05-01
1645,MSFT,2025-04-07,buy,False,True,bullish,skipped,False,False,http_429,ok,True,False,,ok,True,False,True,,True,False,False,False,False,False,False,False,True,False,False,analyst_unknown,event_time_historical,yfinance_upgrades_downgrades,strong_buy,1.30909,54,561.5561,562.5,870.0,400.0,,
1646,AMZN,2025-07-11,sell,True,True,bearish,skipped,False,False,http_429,ok,True,False,,ok,True,False,True,,True,False,False,False,False,False,False,False,True,False,False,analyst_unknown,event_time_historical,yfinance_upgrades_downgrades,strong_buy,1.34848,62,311.55145,317.0,370.0,207.0,,
1647,NVDA,2026-02-05,buy,True,True,bullish,skipped,False,False,http_429,ok,True,False,,ok,True,False,False,,True,True,False,False,False,True,True,True,False,True,False,analyst_bullish_aligned,event_time_historical,finnhub_recommendation,strong_buy,1.29508,57,272.93738,275.0,380.0,140.0,,2026-02-01
1648,AMD,2026-03-02,buy,True,True,bullish,skipped,False,False,http_429,ok,True,False,,ok,True,False,False,,True,True,False,False,False,True,True,True,False,True,False,analyst_bullish_aligned,event_time_historical,finnhub_recommendation,buy,1.5098,48,457.83334,474.0,625.0,225.0,,2026-03-01
1649,MSFT,2023-01-26,buy,False,True,bullish,skipped,False,False,http_429,ok,True,False,,ok,True,False,True,,True,False,False,False,False,False,False,False,True,False,False,analyst_unknown,event_time_historical,yfinance_upgrades_downgrades,strong_buy,1.30909,54,561.5561,562.5,870.0,400.0,,
1650,GOOGL,2023-01-26,buy,False,True,bullish,skipped,False,False,http_429,ok,True,False,,ok,True,False,True,,True,False,False,False,False,False,False,False,True,False,False,analyst_unknown,event_time_historical,yfinance_upgrades_downgrades,strong_buy,1.39683,52,427.88712,430.0,515.0,334.22,,
1651,AAPL,2023-01-26,buy,True,True,bullish,skipped,False,False,http_429,ok,True,False,,ok,True,False,True,,True,False,False,False,False,False,False,False,True,False,False,analyst_unknown,event_time_historical,yfinance_upgrades_downgrades,buy,1.95833,43,308.06512,310.0,400.0,215.0,,
1652,DIS,2023-01-26,buy,False,True,bullish,skipped,False,False,http_429,ok,True,False,,ok,True,False,True,,True,False,False,False,False,False,False,False,True,False,False,analyst_unknown,event_time_historical,yfinance_upgrades_downgrades,strong_buy,1.46667,29,130.66553,132.0,164.0,77.0,,
1653,DIS,2023-01-26,buy,False,True,bullish,skipped,False,False,http_429,ok,True,False,,ok,True,False,True,,True,False,False,False,False,False,False,False,True,False,False,analyst_unknown,event_time_historical,yfinance_upgrades_downgrades,strong_buy,1.46667,29,130.66553,132.0,164.0,77.0,,
1654,MSFT,2025-03-17,buy,False,True,bullish,skipped,False,False,http_429,ok,True,False,,ok,True,False,True,,True,False,False,False,False,False,False,False,True,False,False,analyst_unknown,event_time_historical,yfinance_upgrades_downgrades,strong_buy,1.30909,54,561.5561,562.5,870.0,400.0,,
1655,NFLX,2026-02-17,buy,False,True,bullish,skipped,False,False,http_429,ok,True,False,,ok,True,False,False,,True,True,False,False,False,True,True,True,False,True,False,analyst_bullish_aligned,event_time_historical,finnhub_recommendation,buy,1.68,44,114.555,115.0,151.4,80.0,,2026-02-01
1656,SOFI,2026-02-17,buy,False,True,bullish,skipped,False,False,http_429,ok,True,False,,ok,True,False,False,,True,False,False,True,False,True,True,False,False,True,False,analyst_neutral_or_mixed,event_time_historical,finnhub_recommendation,hold,2.70833,20,21.1,18.5,31.0,12.0,,2026-02-01
1657,TSLA,2026-04-22,buy,True,True,bullish,skipped,False,False,http_429,ok,True,False,,ok,True,False,False,,True,True,False,False,False,True,True,True,False,True,False,analyst_bullish_aligned,event_time_historical,finnhub_recommendation,buy,2.3617,41,412.25366,450.0,600.0,123.0,,2026-04-01
1658,TSLA,2026-04-22,buy,True,True,bullish,skipped,False,False,http_429,ok,True,False,,ok,True,False,False,,True,True,False,False,False,True,True,True,False,True,False,analyst_bullish_aligned,event_time_historical,finnhub_recommendation,buy,2.3617,41,412.25366,450.0,600.0,123.0,,2026-04-01
1659,AMD,2026-04-22,buy,True,True,bullish,skipped,False,False,http_429,ok,True,False,,ok,True,False,False,,True,True,False,False,False,True,True,True,False,True,False,analyst_bullish_aligned,event_time_historical,finnhub_recommendation,buy,1.5098,48,457.83334,474.0,625.0,225.0,,2026-04-01
1660,NVDA,2026-04-22,buy,True,True,bullish,skipped,False,False,http_429,ok,True,False,,ok,True,False,False,,True,True,False,False,False,True,True,True,False,True,False,analyst_bullish_aligned,event_time_historical,finnhub_recommendation,strong_buy,1.29508,57,272.93738,275.0,380.0,140.0,,2026-04-01
1661,GOOGL,2026-04-22,buy,False,True,bullish,skipped,False,False,http_429,ok,True,False,,ok,True,False,False,,True,True,False,False,False,True,False,True,False,True,False,analyst_bullish_aligned,event_time_historical,finnhub_recommendation,strong_buy,1.39683,52,427.88712,430.0,515.0,334.22,,2026-04-01
1662,AMZN,2026-04-22,buy,True,True,bullish,skipped,False,False,http_429,ok,True,False,,ok,True,False,False,,True,True,False,False,False,True,False,True,False,True,False,analyst_bullish_aligned,event_time_historical,finnhub_recommendation,strong_buy,1.34848,62,311.55145,317.0,370.0,207.0,,2026-04-01
1663,AMZN,2026-02-10,buy,True,True,bullish,skipped,False,False,http_429,ok,True,False,,ok,True,False,False,,True,True,False,False,False,True,False,True,False,True,False,analyst_bullish_aligned,event_time_historical,finnhub_recommendation,strong_buy,1.34848,62,311.55145,317.0,370.0,207.0,,2026-02-01
1664,NVDA,2026-02-10,buy,True,True,bullish,skipped,False,False,http_429,ok,True,False,,ok,True,False,False,,True,True,False,False,False,True,True,True,False,True,False,analyst_bullish_aligned,event_time_historical,finnhub_recommendation,strong_buy,1.29508,57,272.93738,275.0,380.0,140.0,,2026-02-01
1665,AMZN,2026-02-05,sell,True,True,bearish,skipped,False,False,http_429,ok,True,False,,ok,True,False,False,,True,False,False,False,True,True,False,True,False,True,False,finfluencer_contrarian_to_analyst,event_time_historical,finnhub_recommendation,strong_buy,1.34848,62,311.55145,317.0,370.0,207.0,,2026-02-01
1666,AMZN,2026-02-05,buy,True,False,bullish,skipped,False,False,http_429,ok,True,False,,ok,True,False,False,,True,True,False,False,False,True,False,True,False,True,False,analyst_bullish_aligned,event_time_historical,finnhub_recommendation,strong_buy,1.34848,62,311.55145,317.0,370.0,207.0,,2026-02-01
1667,NVDA,2026-04-01,buy,True,True,bullish,skipped,False,False,http_429,ok,True,False,,ok,True,False,False,,True,True,False,False,False,True,True,True,False,True,False,analyst_bullish_aligned,event_time_historical,finnhub_recommendation,strong_buy,1.29508,57,272.93738,275.0,380.0,140.0,,2026-04-01
1668,NVDA,2026-04-01,buy,True,True,bullish,skipped,False,False,http_429,ok,True,False,,ok,True,False,False,,True,True,False,False,False,True,True,True,False,True,False,analyst_bullish_aligned,event_time_historical,finnhub_recommendation,strong_buy,1.29508,57,272.93738,275.0,380.0,140.0,,2026-04-01
1669,GOOGL,2026-04-29,buy,False,True,bullish,skipped,False,False,http_429,ok,True,False,,ok,True,False,False,,True,True,False,False,False,True,False,True,False,True,False,analyst_bullish_aligned,event_time_historical,finnhub_recommendation,strong_buy,1.39683,52,427.88712,430.0,515.0,334.22,,2026-04-01
1670,NVDA,2025-02-03,buy,True,True,bullish,skipped,False,False,http_429,ok,True,False,,ok,True,False,True,,True,False,False,False,False,False,False,False,True,False,False,analyst_unknown,event_time_historical,yfinance_upgrades_downgrades,strong_buy,1.29508,57,272.93738,275.0,380.0,140.0,,
1671,NFLX,2025-02-03,buy,False,True,bullish,skipped,False,False,http_429,ok,True,False,,ok,True,False,True,,True,False,False,False,False,False,False,False,True,False,False,analyst_unknown,event_time_historical,yfinance_upgrades_downgrades,buy,1.68,44,114.555,115.0,151.4,80.0,,
1672,MSFT,2025-02-03,buy,False,True,bullish,skipped,False,False,http_429,ok,True,False,,ok,True,False,True,,True,False,False,False,False,False,False,False,True,False,False,analyst_unknown,event_time_historical,yfinance_upgrades_downgrades,strong_buy,1.30909,54,561.5561,562.5,870.0,400.0,,
1673,AAPL,2020-04-30,buy,True,True,bullish,skipped,False,False,http_429,ok,True,False,,ok,True,False,True,,True,False,False,False,False,False,False,False,True,False,False,analyst_unknown,event_time_historical,yfinance_upgrades_downgrades,buy,1.95833,43,308.06512,310.0,400.0,215.0,,
1674,META,2026-01-16,buy,False,True,bullish,skipped,False,False,http_429,ok,True,False,,ok,True,False,True,,True,False,False,False,False,False,False,False,True,False,False,analyst_unknown,event_time_historical,yfinance_upgrades_downgrades,strong_buy,1.34921,58,826.69104,825.0,1015.0,614.0,,
1675,MSFT,2022-11-17,buy,False,True,bullish,skipped,False,False,http_429,ok,True,False,,ok,True,False,True,,True,False,False,False,False,False,False,False,True,False,False,analyst_unknown,event_time_historical,yfinance_upgrades_downgrades,strong_buy,1.30909,54,561.5561,562.5,870.0,400.0,,
1676,NVDA,2025-08-22,sell,True,True,bearish,skipped,False,False,http_429,ok,True,False,,ok,True,False,True,,True,False,False,False,False,False,False,False,True,False,False,analyst_unknown,event_time_historical,yfinance_upgrades_downgrades,strong_buy,1.29508,57,272.93738,275.0,380.0,140.0,,
1677,AAPL,2025-08-22,buy,True,False,bullish,skipped,False,False,http_429,ok,True,False,,ok,True,False,True,,True,False,False,False,False,False,False,False,True,False,False,analyst_unknown,event_time_historical,yfinance_upgrades_downgrades,buy,1.95833,43,308.06512,310.0,400.0,215.0,,
1678,NVDA,2026-01-26,buy,True,False,bullish,skipped,False,False,http_429,ok,True,False,,ok,True,False,True,,True,False,False,False,False,False,False,False,True,False,False,analyst_unknown,event_time_historical,yfinance_upgrades_downgrades,strong_buy,1.29508,57,272.93738,275.0,380.0,140.0,,
1679,NVDA,2025-08-28,buy,True,True,bullish,skipped,False,False,http_429,ok,True,False,,ok,True,False,True,,True,False,False,False,False,False,False,False,True,False,False,analyst_unknown,event_time_historical,yfinance_upgrades_downgrades,strong_buy,1.29508,57,272.93738,275.0,380.0,140.0,,
1680,AAPL,2025-10-31,buy,True,True,bullish,skipped,False,False,http_429,ok,True,False,,ok,True,False,True,,True,False,False,False,False,False,False,False,True,False,False,analyst_unknown,event_time_historical,yfinance_upgrades_downgrades,buy,1.95833,43,308.06512,310.0,400.0,215.0,,
1681,AMD,2025-02-04,buy,True,True,bullish,skipped,False,False,http_429,ok,True,False,,ok,True,False,True,,True,False,False,False,False,False,False,False,True,False,False,analyst_unknown,event_time_historical,yfinance_upgrades_downgrades,buy,1.5098,48,457.83334,474.0,625.0,225.0,,
1682,GOOGL,2025-10-30,buy,False,False,bullish,skipped,False,False,http_429,ok,True,False,,ok,True,False,True,,True,False,False,False,False,False,False,False,True,False,False,analyst_unknown,event_time_historical,yfinance_upgrades_downgrades,strong_buy,1.39683,52,427.88712,430.0,515.0,334.22,,
1683,PLTR,2026-04-30,buy,False,True,bullish,skipped,False,False,http_429,ok,True,False,,ok,True,False,False,,True,True,False,False,False,True,True,True,False,True,False,analyst_bullish_aligned,event_time_historical,finnhub_recommendation,buy,1.90323,27,183.7289,200.0,255.0,70.0,,2026-04-01
1684,MSFT,2025-08-01,buy,False,True,bullish,skipped,False,False,http_429,ok,True,False,,ok,True,False,True,,True,False,False,False,False,False,False,False,True,False,False,analyst_unknown,event_time_historical,yfinance_upgrades_downgrades,strong_buy,1.30909,54,561.5561,562.5,870.0,400.0,,
1685,AMZN,2026-02-06,buy,True,True,bullish,skipped,False,False,http_429,ok,True,False,,ok,True,False,False,,True,True,False,False,False,True,False,True,False,True,False,analyst_bullish_aligned,event_time_historical,finnhub_recommendation,strong_buy,1.34848,62,311.55145,317.0,370.0,207.0,,2026-02-01
1686,NVDA,2026-02-06,buy,True,True,bullish,skipped,False,False,http_429,ok,True,False,,ok,True,False,False,,True,True,False,False,False,True,True,True,False,True,False,analyst_bullish_aligned,event_time_historical,finnhub_recommendation,strong_buy,1.29508,57,272.93738,275.0,380.0,140.0,,2026-02-01
1687,META,2026-02-06,buy,False,True,bullish,skipped,False,False,http_429,ok,True,False,,ok,True,False,False,,True,True,False,False,False,True,False,True,False,True,False,analyst_bullish_aligned,event_time_historical,finnhub_recommendation,strong_buy,1.34921,58,826.69104,825.0,1015.0,614.0,,2026-02-01
1688,MSFT,2026-02-06,buy,False,True,bullish,skipped,False,False,http_429,ok,True,False,,ok,True,False,False,,True,True,False,False,False,True,False,True,False,True,False,analyst_bullish_aligned,event_time_historical,finnhub_recommendation,strong_buy,1.30909,54,561.5561,562.5,870.0,400.0,,2026-02-01
1689,AMZN,2025-07-10,sell,True,True,bearish,skipped,False,False,http_429,ok,True,False,,ok,True,False,True,,True,False,False,False,False,False,False,False,True,False,False,analyst_unknown,event_time_historical,yfinance_upgrades_downgrades,strong_buy,1.34848,62,311.55145,317.0,370.0,207.0,,
1690,META,2025-07-10,buy,False,True,bullish,skipped,False,False,http_429,ok,True,False,,ok,True,False,True,,True,False,False,False,False,False,False,False,True,False,False,analyst_unknown,event_time_historical,yfinance_upgrades_downgrades,strong_buy,1.34921,58,826.69104,825.0,1015.0,614.0,,
1691,AAPL,2023-05-19,buy,True,True,bullish,skipped,False,False,http_429,ok,True,False,,ok,True,False,True,,True,False,False,False,False,False,False,False,True,False,False,analyst_unknown,event_time_historical,yfinance_upgrades_downgrades,buy,1.95833,43,308.06512,310.0,400.0,215.0,,
1692,NVDA,2026-03-02,buy,True,True,bullish,skipped,False,False,http_429,ok,True,False,,ok,True,False,False,,True,True,False,False,False,True,True,True,False,True,False,analyst_bullish_aligned,event_time_historical,finnhub_recommendation,strong_buy,1.29508,57,272.93738,275.0,380.0,140.0,,2026-03-01
1693,NVDA,2026-03-02,buy,True,True,bullish,skipped,False,False,http_429,ok,True,False,,ok,True,False,False,,True,True,False,False,False,True,True,True,False,True,False,analyst_bullish_aligned,event_time_historical,finnhub_recommendation,strong_buy,1.29508,57,272.93738,275.0,380.0,140.0,,2026-03-01
1694,NVDA,2026-03-02,sell,True,True,bearish,skipped,False,False,http_429,ok,True,False,,ok,True,False,False,,True,False,False,False,True,True,True,True,False,True,False,finfluencer_contrarian_to_analyst,event_time_historical,finnhub_recommendation,strong_buy,1.29508,57,272.93738,275.0,380.0,140.0,,2026-03-01
1695,NVDA,2026-03-02,sell,True,True,bearish,skipped,False,False,http_429,ok,True,False,,ok,True,False,False,,True,False,False,False,True,True,True,True,False,True,False,finfluencer_contrarian_to_analyst,event_time_historical,finnhub_recommendation,strong_buy,1.29508,57,272.93738,275.0,380.0,140.0,,2026-03-01
1696,AMZN,2026-03-02,buy,True,True,bullish,skipped,False,False,http_429,ok,True,False,,ok,True,False,False,,True,True,False,False,False,True,False,True,False,True,False,analyst_bullish_aligned,event_time_historical,finnhub_recommendation,strong_buy,1.34848,62,311.55145,317.0,370.0,207.0,,2026-03-01
1697,MSFT,2026-01-29,buy,False,True,bullish,skipped,False,False,http_429,ok,True,False,,ok,True,False,True,,True,False,False,False,False,False,False,False,True,False,False,analyst_unknown,event_time_historical,yfinance_upgrades_downgrades,strong_buy,1.30909,54,561.5561,562.5,870.0,400.0,,
1698,GOOGL,2025-11-25,buy,False,True,bullish,skipped,False,False,http_429,ok,True,False,,ok,True,False,True,,True,False,False,False,False,False,False,False,True,False,False,analyst_unknown,event_time_historical,yfinance_upgrades_downgrades,strong_buy,1.39683,52,427.88712,430.0,515.0,334.22,,
1699,GOOGL,2025-11-25,buy,False,True,bullish,skipped,False,False,http_429,ok,True,False,,ok,True,False,True,,True,False,False,False,False,False,False,False,True,False,False,analyst_unknown,event_time_historical,yfinance_upgrades_downgrades,strong_buy,1.39683,52,427.88712,430.0,515.0,334.22,,
1700,GOOGL,2025-11-25,buy,False,False,bullish,skipped,False,False,http_429,ok,True,False,,ok,True,False,True,,True,False,False,False,False,False,False,False,True,False,False,analyst_unknown,event_time_historical,yfinance_upgrades_downgrades,strong_buy,1.39683,52,427.88712,430.0,515.0,334.22,,
1701,AMZN,2024-06-04,buy,True,False,bullish,skipped,False,False,http_429,ok,True,False,,ok,True,False,True,,True,False,False,False,False,False,False,False,True,False,False,analyst_unknown,event_time_historical,yfinance_upgrades_downgrades,strong_buy,1.34848,62,311.55145,317.0,370.0,207.0,,
1702,AMZN,2024-06-04,buy,True,True,bullish,skipped,False,False,http_429,ok,True,False,,ok,True,False,True,,True,False,False,False,False,False,False,False,True,False,False,analyst_unknown,event_time_historical,yfinance_upgrades_downgrades,strong_buy,1.34848,62,311.55145,317.0,370.0,207.0,,
1703,NVDA,2026-02-27,sell,True,True,bearish,skipped,False,False,http_429,ok,True,False,,ok,True,False,False,,True,False,False,False,True,True,True,True,False,True,False,finfluencer_contrarian_to_analyst,event_time_historical,finnhub_recommendation,strong_buy,1.29508,57,272.93738,275.0,380.0,140.0,,2026-02-01
1704,SOFI,2026-03-03,buy,False,False,bullish,skipped,False,False,http_429,ok,True,False,,ok,True,False,False,,True,True,False,False,False,True,True,True,False,True,False,analyst_bullish_aligned,event_time_historical,finnhub_recommendation,hold,2.70833,20,21.1,18.5,31.0,12.0,,2026-03-01
1705,AMZN,2026-03-16,buy,True,False,bullish,skipped,False,False,http_429,ok,True,False,,ok,True,False,False,,True,True,False,False,False,True,False,True,False,True,False,analyst_bullish_aligned,event_time_historical,finnhub_recommendation,strong_buy,1.34848,62,311.55145,317.0,370.0,207.0,,2026-03-01
1706,AMZN,2026-03-02,buy,True,True,bullish,skipped,False,False,http_429,ok,True,False,,ok,True,False,False,,True,True,False,False,False,True,False,True,False,True,False,analyst_bullish_aligned,event_time_historical,finnhub_recommendation,strong_buy,1.34848,62,311.55145,317.0,370.0,207.0,,2026-03-01
1707,MSFT,2025-08-04,buy,False,True,bullish,skipped,False,False,http_429,ok,True,False,,ok,True,False,True,,True,False,False,False,False,False,False,False,True,False,False,analyst_unknown,event_time_historical,yfinance_upgrades_downgrades,strong_buy,1.30909,54,561.5561,562.5,870.0,400.0,,
1708,AAPL,2025-02-24,buy,True,True,bullish,skipped,False,False,http_429,ok,True,False,,ok,True,False,True,,True,False,False,False,False,False,False,False,True,False,False,analyst_unknown,event_time_historical,yfinance_upgrades_downgrades,buy,1.95833,43,308.06512,310.0,400.0,215.0,,
1709,AAPL,2025-02-24,buy,True,True,bullish,skipped,False,False,http_429,ok,True,False,,ok,True,False,True,,True,False,False,False,False,False,False,False,True,False,False,analyst_unknown,event_time_historical,yfinance_upgrades_downgrades,buy,1.95833,43,308.06512,310.0,400.0,215.0,,
1710,AMZN,2025-02-24,buy,True,True,bullish,skipped,False,False,http_429,ok,True,False,,ok,True,False,True,,True,False,False,False,False,False,False,False,True,False,False,analyst_unknown,event_time_historical,yfinance_upgrades_downgrades,strong_buy,1.34848,62,311.55145,317.0,370.0,207.0,,
1711,AMZN,2025-02-24,sell,True,True,bearish,skipped,False,False,http_429,ok,True,False,,ok,True,False,True,,True,False,False,False,False,False,False,False,True,False,False,analyst_unknown,event_time_historical,yfinance_upgrades_downgrades,strong_buy,1.34848,62,311.55145,317.0,370.0,207.0,,
1712,AMZN,2025-02-24,buy,True,True,bullish,skipped,False,False,http_429,ok,True,False,,ok,True,False,True,,True,False,False,False,False,False,False,False,True,False,False,analyst_unknown,event_time_historical,yfinance_upgrades_downgrades,strong_buy,1.34848,62,311.55145,317.0,370.0,207.0,,
1713,NVDA,2025-02-24,buy,True,True,bullish,skipped,False,False,http_429,ok,True,False,,ok,True,False,True,,True,False,False,False,False,False,False,False,True,False,False,analyst_unknown,event_time_historical,yfinance_upgrades_downgrades,strong_buy,1.29508,57,272.93738,275.0,380.0,140.0,,
1714,TSLA,2025-02-24,buy,True,True,bullish,skipped,False,False,http_429,ok,True,False,,ok,True,False,True,,True,False,False,False,False,False,False,False,True,False,False,analyst_unknown,event_time_historical,yfinance_upgrades_downgrades,buy,2.3617,41,412.25366,450.0,600.0,123.0,,
1715,NVDA,2026-04-28,buy,True,True,bullish,skipped,False,False,http_429,ok,True,False,,ok,True,False,False,,True,True,False,False,False,True,True,True,False,True,False,analyst_bullish_aligned,event_time_historical,finnhub_recommendation,strong_buy,1.29508,57,272.93738,275.0,380.0,140.0,,2026-04-01
1716,AMD,2026-04-28,buy,True,True,bullish,skipped,False,False,http_429,ok,True,False,,ok,True,False,False,,True,True,False,False,False,True,True,True,False,True,False,analyst_bullish_aligned,event_time_historical,finnhub_recommendation,buy,1.5098,48,457.83334,474.0,625.0,225.0,,2026-04-01
1717,MSFT,2025-10-24,buy,False,False,bullish,skipped,False,False,http_429,ok,True,False,,ok,True,False,True,,True,False,False,False,False,False,False,False,True,False,False,analyst_unknown,event_time_historical,yfinance_upgrades_downgrades,strong_buy,1.30909,54,561.5561,562.5,870.0,400.0,,
1718,NVDA,2025-12-01,sell,True,True,bearish,skipped,False,False,http_429,ok,True,False,,ok,True,False,True,,True,False,False,False,False,False,False,False,True,False,False,analyst_unknown,event_time_historical,yfinance_upgrades_downgrades,strong_buy,1.29508,57,272.93738,275.0,380.0,140.0,,
1719,TSLA,2025-03-07,sell,True,True,bearish,skipped,False,False,http_429,ok,True,False,,ok,True,False,True,,True,False,False,False,False,False,False,False,True,False,False,analyst_unknown,event_time_historical,yfinance_upgrades_downgrades,buy,2.3617,41,412.25366,450.0,600.0,123.0,,
1720,AMD,2026-03-12,buy,True,True,bullish,skipped,False,False,http_429,ok,True,False,,ok,True,False,False,,True,True,False,False,False,True,True,True,False,True,False,analyst_bullish_aligned,event_time_historical,finnhub_recommendation,buy,1.5098,48,457.83334,474.0,625.0,225.0,,2026-03-01
1721,NVDA,2026-03-12,buy,True,True,bullish,skipped,False,False,http_429,ok,True,False,,ok,True,False,False,,True,True,False,False,False,True,True,True,False,True,False,analyst_bullish_aligned,event_time_historical,finnhub_recommendation,strong_buy,1.29508,57,272.93738,275.0,380.0,140.0,,2026-03-01
1722,TSLA,2026-03-12,buy,True,True,bullish,skipped,False,False,http_429,ok,True,False,,ok,True,False,False,,True,True,False,False,False,True,True,True,False,True,False,analyst_bullish_aligned,event_time_historical,finnhub_recommendation,buy,2.3617,41,412.25366,450.0,600.0,123.0,,2026-03-01
1723,NVDA,2026-03-04,sell,True,True,bearish,skipped,False,False,http_429,ok,True,False,,ok,True,False,False,,True,False,False,False,True,True,True,True,False,True,False,finfluencer_contrarian_to_analyst,event_time_historical,finnhub_recommendation,strong_buy,1.29508,57,272.93738,275.0,380.0,140.0,,2026-03-01
1724,NVDA,2026-03-04,buy,True,True,bullish,skipped,False,False,http_429,ok,True,False,,ok,True,False,False,,True,True,False,False,False,True,True,True,False,True,False,analyst_bullish_aligned,event_time_historical,finnhub_recommendation,strong_buy,1.29508,57,272.93738,275.0,380.0,140.0,,2026-03-01
1725,SOFI,2026-03-04,buy,False,True,bullish,skipped,False,False,http_429,ok,True,False,,ok,True,False,False,,True,True,False,False,False,True,True,True,False,True,False,analyst_bullish_aligned,event_time_historical,finnhub_recommendation,hold,2.70833,20,21.1,18.5,31.0,12.0,,2026-03-01
1726,META,2026-03-04,buy,False,True,bullish,skipped,False,False,http_429,ok,True,False,,ok,True,False,False,,True,True,False,False,False,True,False,True,False,True,False,analyst_bullish_aligned,event_time_historical,finnhub_recommendation,strong_buy,1.34921,58,826.69104,825.0,1015.0,614.0,,2026-03-01
1727,META,2026-03-04,buy,False,True,bullish,skipped,False,False,http_429,ok,True,False,,ok,True,False,False,,True,True,False,False,False,True,False,True,False,True,False,analyst_bullish_aligned,event_time_historical,finnhub_recommendation,strong_buy,1.34921,58,826.69104,825.0,1015.0,614.0,,2026-03-01
1728,AAPL,2026-03-04,buy,True,True,bullish,skipped,False,False,http_429,ok,True,False,,ok,True,False,False,,True,True,False,False,False,True,True,True,False,True,False,analyst_bullish_aligned,event_time_historical,finnhub_recommendation,buy,1.95833,43,308.06512,310.0,400.0,215.0,,2026-03-01
1729,DIS,2024-09-23,buy,False,True,bullish,skipped,False,False,http_429,ok,True,False,,ok,True,False,True,,True,False,False,False,False,False,False,False,True,False,False,analyst_unknown,event_time_historical,yfinance_upgrades_downgrades,strong_buy,1.46667,29,130.66553,132.0,164.0,77.0,,
1730,DIS,2024-09-23,buy,False,True,bullish,skipped,False,False,http_429,ok,True,False,,ok,True,False,True,,True,False,False,False,False,False,False,False,True,False,False,analyst_unknown,event_time_historical,yfinance_upgrades_downgrades,strong_buy,1.46667,29,130.66553,132.0,164.0,77.0,,
1731,SOFI,2026-03-30,buy,False,True,bullish,skipped,False,False,http_429,ok,True,False,,ok,True,False,False,,True,True,False,False,False,True,True,True,False,True,False,analyst_bullish_aligned,event_time_historical,finnhub_recommendation,hold,2.70833,20,21.1,18.5,31.0,12.0,,2026-03-01
1732,AMD,2026-04-27,buy,True,True,bullish,skipped,False,False,http_429,ok,True,False,,ok,True,False,False,,True,True,False,False,False,True,True,True,False,True,False,analyst_bullish_aligned,event_time_historical,finnhub_recommendation,buy,1.5098,48,457.83334,474.0,625.0,225.0,,2026-04-01
1733,AMZN,2025-11-14,sell,True,True,bearish,skipped,False,False,http_429,ok,True,False,,ok,True,False,True,,True,False,False,False,False,False,False,False,True,False,False,analyst_unknown,event_time_historical,yfinance_upgrades_downgrades,strong_buy,1.34848,62,311.55145,317.0,370.0,207.0,,
1734,META,2026-01-28,buy,False,False,bullish,skipped,False,False,http_429,ok,True,False,,ok,True,False,True,,True,False,False,False,False,False,False,False,True,False,False,analyst_unknown,event_time_historical,yfinance_upgrades_downgrades,strong_buy,1.34921,58,826.69104,825.0,1015.0,614.0,,
1735,META,2026-01-28,buy,False,True,bullish,skipped,False,False,http_429,ok,True,False,,ok,True,False,True,,True,False,False,False,False,False,False,False,True,False,False,analyst_unknown,event_time_historical,yfinance_upgrades_downgrades,strong_buy,1.34921,58,826.69104,825.0,1015.0,614.0,,
1736,SOFI,2026-05-01,buy,False,True,bullish,skipped,False,False,http_429,ok,True,False,,ok,True,False,False,,True,True,False,False,False,True,True,True,False,True,False,analyst_bullish_aligned,event_time_historical,finnhub_recommendation,hold,2.70833,20,21.1,18.5,31.0,12.0,,2026-05-01
1737,NVDA,2026-03-04,sell,True,True,bearish,skipped,False,False,http_429,ok,True,False,,ok,True,False,False,,True,False,False,False,True,True,True,True,False,True,False,finfluencer_contrarian_to_analyst,event_time_historical,finnhub_recommendation,strong_buy,1.29508,57,272.93738,275.0,380.0,140.0,,2026-03-01
1738,NVDA,2026-03-04,buy,True,True,bullish,skipped,False,False,http_429,ok,True,False,,ok,True,False,False,,True,True,False,False,False,True,True,True,False,True,False,analyst_bullish_aligned,event_time_historical,finnhub_recommendation,strong_buy,1.29508,57,272.93738,275.0,380.0,140.0,,2026-03-01
1739,META,2026-03-04,buy,False,True,bullish,skipped,False,False,http_429,ok,True,False,,ok,True,False,False,,True,True,False,False,False,True,False,True,False,True,False,analyst_bullish_aligned,event_time_historical,finnhub_recommendation,strong_buy,1.34921,58,826.69104,825.0,1015.0,614.0,,2026-03-01
1740,GOOGL,2025-07-17,sell,False,True,bearish,skipped,False,False,http_429,ok,True,False,,ok,True,False,True,,True,False,False,False,False,False,False,False,True,False,False,analyst_unknown,event_time_historical,yfinance_upgrades_downgrades,strong_buy,1.39683,52,427.88712,430.0,515.0,334.22,,
1741,TSLA,2025-07-17,sell,True,False,bearish,skipped,False,False,http_429,ok,True,False,,ok,True,False,True,,True,False,False,False,False,False,False,False,True,False,False,analyst_unknown,event_time_historical,yfinance_upgrades_downgrades,buy,2.3617,41,412.25366,450.0,600.0,123.0,,
1742,AAPL,2025-07-17,sell,True,False,bearish,skipped,False,False,http_429,ok,True,False,,ok,True,False,True,,True,False,False,False,False,False,False,False,True,False,False,analyst_unknown,event_time_historical,yfinance_upgrades_downgrades,buy,1.95833,43,308.06512,310.0,400.0,215.0,,
1743,MSFT,2025-07-17,sell,False,False,bearish,skipped,False,False,http_429,ok,True,False,,ok,True,False,True,,True,False,False,False,False,False,False,False,True,False,False,analyst_unknown,event_time_historical,yfinance_upgrades_downgrades,strong_buy,1.30909,54,561.5561,562.5,870.0,400.0,,
1744,NVDA,2025-07-17,sell,True,False,bearish,skipped,False,False,http_429,ok,True,False,,ok,True,False,True,,True,False,False,False,False,False,False,False,True,False,False,analyst_unknown,event_time_historical,yfinance_upgrades_downgrades,strong_buy,1.29508,57,272.93738,275.0,380.0,140.0,,
1745,PYPL,2026-01-16,buy,False,True,bullish,skipped,False,False,http_429,ok,True,False,,ok,True,False,True,,True,False,False,False,False,False,False,False,True,False,False,analyst_unknown,event_time_historical,yfinance_upgrades_downgrades,hold,2.88636,34,52.52618,48.0,147.39,32.0,,
1746,MSFT,2026-02-05,buy,False,True,bullish,skipped,False,False,http_429,ok,True,False,,ok,True,False,False,,True,True,False,False,False,True,False,True,False,True,False,analyst_bullish_aligned,event_time_historical,finnhub_recommendation,strong_buy,1.30909,54,561.5561,562.5,870.0,400.0,,2026-02-01
1747,MSFT,2022-10-17,buy,False,True,bullish,skipped,False,False,http_429,ok,True,False,,ok,True,False,True,,True,False,False,False,False,False,False,False,True,False,False,analyst_unknown,event_time_historical,yfinance_upgrades_downgrades,strong_buy,1.30909,54,561.5561,562.5,870.0,400.0,,
1748,META,2025-11-21,sell,False,True,bearish,skipped,False,False,http_429,ok,True,False,,ok,True,False,True,,True,False,False,False,False,False,False,False,True,False,False,analyst_unknown,event_time_historical,yfinance_upgrades_downgrades,strong_buy,1.34921,58,826.69104,825.0,1015.0,614.0,,
1749,META,2025-11-21,buy,False,True,bullish,skipped,False,False,http_429,ok,True,False,,ok,True,False,True,,True,False,False,False,False,False,False,False,True,False,False,analyst_unknown,event_time_historical,yfinance_upgrades_downgrades,strong_buy,1.34921,58,826.69104,825.0,1015.0,614.0,,
1750,NVDA,2024-11-21,sell,True,True,bearish,skipped,False,False,http_429,ok,True,False,,ok,True,False,True,,True,False,False,False,False,False,False,False,True,False,False,analyst_unknown,event_time_historical,yfinance_upgrades_downgrades,strong_buy,1.29508,57,272.93738,275.0,380.0,140.0,,
1751,NVDA,2024-11-21,sell,True,True,bearish,skipped,False,False,http_429,ok,True,False,,ok,True,False,True,,True,False,False,False,False,False,False,False,True,False,False,analyst_unknown,event_time_historical,yfinance_upgrades_downgrades,strong_buy,1.29508,57,272.93738,275.0,380.0,140.0,,
1752,NVDA,2024-11-21,buy,True,True,bullish,skipped,False,False,http_429,ok,True,False,,ok,True,False,True,,True,False,False,False,False,False,False,False,True,False,False,analyst_unknown,event_time_historical,yfinance_upgrades_downgrades,strong_buy,1.29508,57,272.93738,275.0,380.0,140.0,,
1753,META,2026-02-12,buy,False,True,bullish,skipped,False,False,http_429,ok,True,False,,ok,True,False,False,,True,True,False,False,False,True,False,True,False,True,False,analyst_bullish_aligned,event_time_historical,finnhub_recommendation,strong_buy,1.34921,58,826.69104,825.0,1015.0,614.0,,2026-02-01
1754,PYPL,2026-02-17,buy,False,True,bullish,skipped,False,False,http_429,ok,True,False,,ok,True,False,False,,True,False,False,True,False,True,True,False,False,True,False,analyst_neutral_or_mixed,event_time_historical,finnhub_recommendation,hold,2.88636,34,52.52618,48.0,147.39,32.0,,2026-02-01
1755,MSFT,2023-02-14,buy,False,True,bullish,skipped,False,False,http_429,ok,True,False,,ok,True,False,True,,True,False,False,False,False,False,False,False,True,False,False,analyst_unknown,event_time_historical,yfinance_upgrades_downgrades,strong_buy,1.30909,54,561.5561,562.5,870.0,400.0,,
1756,AMZN,2025-04-21,buy,True,True,bullish,skipped,False,False,http_429,ok,True,False,,ok,True,False,True,,True,False,False,False,False,False,False,False,True,False,False,analyst_unknown,event_time_historical,yfinance_upgrades_downgrades,strong_buy,1.34848,62,311.55145,317.0,370.0,207.0,,
1757,AMZN,2025-04-21,buy,True,True,bullish,skipped,False,False,http_429,ok,True,False,,ok,True,False,True,,True,False,False,False,False,False,False,False,True,False,False,analyst_unknown,event_time_historical,yfinance_upgrades_downgrades,strong_buy,1.34848,62,311.55145,317.0,370.0,207.0,,
1758,SOFI,2026-02-17,buy,False,True,bullish,skipped,False,False,http_429,ok,True,False,,ok,True,False,False,,True,False,False,True,False,True,True,False,False,True,False,analyst_neutral_or_mixed,event_time_historical,finnhub_recommendation,hold,2.70833,20,21.1,18.5,31.0,12.0,,2026-02-01
1759,SOFI,2026-05-04,buy,False,True,bullish,skipped,False,False,http_429,ok,True,False,,ok,True,False,False,,True,True,False,False,False,True,True,True,False,True,False,analyst_bullish_aligned,event_time_historical,finnhub_recommendation,hold,2.70833,20,21.1,18.5,31.0,12.0,,2026-05-01
1760,MSFT,2025-03-28,buy,False,True,bullish,skipped,False,False,http_429,ok,True,False,,ok,True,False,True,,True,False,False,False,False,False,False,False,True,False,False,analyst_unknown,event_time_historical,yfinance_upgrades_downgrades,strong_buy,1.30909,54,561.5561,562.5,870.0,400.0,,
1761,HOOD,2026-02-11,buy,False,True,bullish,skipped,False,False,http_429,ok,True,False,,ok,True,False,False,,True,True,False,False,False,True,True,True,False,True,False,analyst_bullish_aligned,event_time_historical,finnhub_recommendation,buy,1.92593,24,98.43792,97.5,155.0,52.0,,2026-02-01
1762,AMZN,2026-02-27,buy,True,True,bullish,skipped,False,False,http_429,ok,True,False,,ok,True,False,False,,True,True,False,False,False,True,False,True,False,True,False,analyst_bullish_aligned,event_time_historical,finnhub_recommendation,strong_buy,1.34848,62,311.55145,317.0,370.0,207.0,,2026-02-01
1763,AMZN,2026-02-27,buy,True,True,bullish,skipped,False,False,http_429,ok,True,False,,ok,True,False,False,,True,True,False,False,False,True,False,True,False,True,False,analyst_bullish_aligned,event_time_historical,finnhub_recommendation,strong_buy,1.34848,62,311.55145,317.0,370.0,207.0,,2026-02-01
1764,AMZN,2026-02-27,buy,True,True,bullish,skipped,False,False,http_429,ok,True,False,,ok,True,False,False,,True,True,False,False,False,True,False,True,False,True,False,analyst_bullish_aligned,event_time_historical,finnhub_recommendation,strong_buy,1.34848,62,311.55145,317.0,370.0,207.0,,2026-02-01
1765,AMZN,2026-02-27,buy,True,True,bullish,skipped,False,False,http_429,ok,True,False,,ok,True,False,False,,True,True,False,False,False,True,False,True,False,True,False,analyst_bullish_aligned,event_time_historical,finnhub_recommendation,strong_buy,1.34848,62,311.55145,317.0,370.0,207.0,,2026-02-01
1766,AAPL,2025-03-07,buy,True,True,bullish,skipped,False,False,http_429,ok,True,False,,ok,True,False,True,,True,False,False,False,False,False,False,False,True,False,False,analyst_unknown,event_time_historical,yfinance_upgrades_downgrades,buy,1.95833,43,308.06512,310.0,400.0,215.0,,
1767,TSLA,2025-03-07,buy,True,True,bullish,skipped,False,False,http_429,ok,True,False,,ok,True,False,True,,True,False,False,False,False,False,False,False,True,False,False,analyst_unknown,event_time_historical,yfinance_upgrades_downgrades,buy,2.3617,41,412.25366,450.0,600.0,123.0,,
1768,NFLX,2025-03-07,buy,False,True,bullish,skipped,False,False,http_429,ok,True,False,,ok,True,False,True,,True,False,False,False,False,False,False,False,True,False,False,analyst_unknown,event_time_historical,yfinance_upgrades_downgrades,buy,1.68,44,114.555,115.0,151.4,80.0,,
1769,NVDA,2026-02-26,buy,True,True,bullish,skipped,False,False,http_429,ok,True,False,,ok,True,False,False,,True,True,False,False,False,True,True,True,False,True,False,analyst_bullish_aligned,event_time_historical,finnhub_recommendation,strong_buy,1.29508,57,272.93738,275.0,380.0,140.0,,2026-02-01
1770,SOFI,2026-02-26,sell,False,True,bearish,skipped,False,False,http_429,ok,True,False,,ok,True,False,False,,True,False,False,True,False,True,True,False,False,True,False,analyst_neutral_or_mixed,event_time_historical,finnhub_recommendation,hold,2.70833,20,21.1,18.5,31.0,12.0,,2026-02-01
1771,MSFT,2026-02-26,sell,False,True,bearish,skipped,False,False,http_429,ok,True,False,,ok,True,False,False,,True,False,False,False,True,True,False,True,False,True,False,finfluencer_contrarian_to_analyst,event_time_historical,finnhub_recommendation,strong_buy,1.30909,54,561.5561,562.5,870.0,400.0,,2026-02-01
1772,GOOGL,2025-02-05,buy,False,True,bullish,skipped,False,False,http_429,ok,True,False,,ok,True,False,True,,True,False,False,False,False,False,False,False,True,False,False,analyst_unknown,event_time_historical,yfinance_upgrades_downgrades,strong_buy,1.39683,52,427.88712,430.0,515.0,334.22,,
1773,PYPL,2023-09-25,buy,False,True,bullish,skipped,False,False,http_429,ok,True,False,,ok,True,False,True,,True,False,False,False,False,False,False,False,True,False,False,analyst_unknown,event_time_historical,yfinance_upgrades_downgrades,hold,2.88636,34,52.52618,48.0,147.39,32.0,,
1774,AMZN,2022-12-09,buy,True,True,bullish,skipped,False,False,http_429,ok,True,False,,ok,True,False,True,,True,False,False,False,False,False,False,False,True,False,False,analyst_unknown,event_time_historical,yfinance_upgrades_downgrades,strong_buy,1.34848,62,311.55145,317.0,370.0,207.0,,
1775,SOFI,2026-04-29,buy,False,False,bullish,skipped,False,False,http_429,ok,True,False,,ok,True,False,False,,True,True,False,False,False,True,True,True,False,True,False,analyst_bullish_aligned,event_time_historical,finnhub_recommendation,hold,2.70833,20,21.1,18.5,31.0,12.0,,2026-04-01
1776,SOFI,2026-04-29,sell,False,True,bearish,skipped,False,False,http_429,ok,True,False,,ok,True,False,False,,True,False,False,False,True,True,True,True,False,True,False,finfluencer_contrarian_to_analyst,event_time_historical,finnhub_recommendation,hold,2.70833,20,21.1,18.5,31.0,12.0,,2026-04-01
1777,META,2026-04-29,sell,False,True,bearish,skipped,False,False,http_429,ok,True,False,,ok,True,False,False,,True,False,False,False,True,True,False,True,False,True,False,finfluencer_contrarian_to_analyst,event_time_historical,finnhub_recommendation,strong_buy,1.34921,58,826.69104,825.0,1015.0,614.0,,2026-04-01
1778,NVDA,2026-04-21,sell,True,True,bearish,skipped,False,False,http_429,ok,True,False,,ok,True,False,False,,True,False,False,False,True,True,True,True,False,True,False,finfluencer_contrarian_to_analyst,event_time_historical,finnhub_recommendation,strong_buy,1.29508,57,272.93738,275.0,380.0,140.0,,2026-04-01
1779,PLTR,2026-04-21,sell,False,True,bearish,skipped,False,False,http_429,ok,True,False,,ok,True,False,False,,True,False,False,False,True,True,True,True,False,True,False,finfluencer_contrarian_to_analyst,event_time_historical,finnhub_recommendation,buy,1.90323,27,183.7289,200.0,255.0,70.0,,2026-04-01
1780,NVDA,2026-04-21,sell,True,True,bearish,skipped,False,False,http_429,ok,True,False,,ok,True,False,False,,True,False,False,False,True,True,True,True,False,True,False,finfluencer_contrarian_to_analyst,event_time_historical,finnhub_recommendation,strong_buy,1.29508,57,272.93738,275.0,380.0,140.0,,2026-04-01
1781,TSLA,2026-02-02,sell,True,True,bearish,skipped,False,False,http_429,ok,True,False,,ok,True,False,False,,True,False,False,False,True,True,True,True,False,True,False,finfluencer_contrarian_to_analyst,event_time_historical,finnhub_recommendation,buy,2.3617,41,412.25366,450.0,600.0,123.0,,2026-02-01
1782,AMD,2025-12-31,buy,True,True,bullish,skipped,False,False,http_429,ok,True,False,,ok,True,False,True,,True,False,False,False,False,False,False,False,True,False,False,analyst_unknown,event_time_historical,yfinance_upgrades_downgrades,buy,1.5098,48,457.83334,474.0,625.0,225.0,,
1783,AMZN,2026-04-13,buy,True,False,bullish,skipped,False,False,http_429,ok,True,False,,ok,True,False,False,,True,True,False,False,False,True,False,True,False,True,False,analyst_bullish_aligned,event_time_historical,finnhub_recommendation,strong_buy,1.34848,62,311.55145,317.0,370.0,207.0,,2026-04-01
1784,AMZN,2026-03-16,buy,True,True,bullish,skipped,False,False,http_429,ok,True,False,,ok,True,False,False,,True,True,False,False,False,True,False,True,False,True,False,analyst_bullish_aligned,event_time_historical,finnhub_recommendation,strong_buy,1.34848,62,311.55145,317.0,370.0,207.0,,2026-03-01
1785,AAPL,2026-03-16,buy,True,True,bullish,skipped,False,False,http_429,ok,True,False,,ok,True,False,False,,True,True,False,False,False,True,True,True,False,True,False,analyst_bullish_aligned,event_time_historical,finnhub_recommendation,buy,1.95833,43,308.06512,310.0,400.0,215.0,,2026-03-01
1786,AMD,2026-05-07,buy,True,True,bullish,skipped,False,False,http_429,ok,True,False,,ok,True,False,False,,True,True,False,False,False,True,True,True,False,True,False,analyst_bullish_aligned,event_time_historical,finnhub_recommendation,buy,1.5098,48,457.83334,474.0,625.0,225.0,,2026-05-01
1787,NVDA,2026-05-05,buy,True,True,bullish,skipped,False,False,http_429,ok,True,False,,ok,True,False,False,,True,True,False,False,False,True,True,True,False,True,False,analyst_bullish_aligned,event_time_historical,finnhub_recommendation,strong_buy,1.29508,57,272.93738,275.0,380.0,140.0,,2026-05-01
1788,GOOGL,2026-05-05,sell,False,True,bearish,skipped,False,False,http_429,ok,True,False,,ok,True,False,False,,True,False,False,False,True,True,False,True,False,True,False,finfluencer_contrarian_to_analyst,event_time_historical,finnhub_recommendation,strong_buy,1.39683,52,427.88712,430.0,515.0,334.22,,2026-05-01
1789,META,2026-05-05,buy,False,True,bullish,skipped,False,False,http_429,ok,True,False,,ok,True,False,False,,True,True,False,False,False,True,False,True,False,True,False,analyst_bullish_aligned,event_time_historical,finnhub_recommendation,strong_buy,1.34921,58,826.69104,825.0,1015.0,614.0,,2026-05-01
1791,AMZN,2026-04-17,buy,True,True,bullish,skipped,False,False,http_429,ok,True,False,,ok,True,False,False,,True,True,False,False,False,True,False,True,False,True,False,analyst_bullish_aligned,event_time_historical,finnhub_recommendation,strong_buy,1.34848,62,311.55145,317.0,370.0,207.0,,2026-04-01
1792,GOOGL,2026-01-12,buy,False,True,bullish,skipped,False,False,http_429,ok,True,False,,ok,True,False,True,,True,False,False,False,False,False,False,False,True,False,False,analyst_unknown,event_time_historical,yfinance_upgrades_downgrades,strong_buy,1.39683,52,427.88712,430.0,515.0,334.22,,
1793,UBER,2026-05-11,buy,False,False,bullish,skipped,False,False,http_429,ok,True,False,,ok,True,False,False,,True,True,False,False,False,True,True,True,False,True,False,analyst_bullish_aligned,event_time_historical,finnhub_recommendation,buy,1.51923,50,104.9312,107.0,150.0,70.0,,2026-05-01
1794,PLTR,2026-01-21,buy,False,False,bullish,skipped,False,False,http_429,ok,True,False,,ok,True,False,True,,True,False,False,False,False,False,False,False,True,False,False,analyst_unknown,event_time_historical,yfinance_upgrades_downgrades,buy,1.90323,27,183.7289,200.0,255.0,70.0,,
1795,NFLX,2026-01-05,buy,False,True,bullish,skipped,False,False,http_429,ok,True,False,,ok,True,False,True,,True,False,False,False,False,False,False,False,True,False,False,analyst_unknown,event_time_historical,yfinance_upgrades_downgrades,buy,1.68,44,114.555,115.0,151.4,80.0,,
1796,META,2026-05-11,buy,False,True,bullish,skipped,False,False,http_429,ok,True,False,,ok,True,False,False,,True,True,False,False,False,True,False,True,False,True,False,analyst_bullish_aligned,event_time_historical,finnhub_recommendation,strong_buy,1.34921,58,826.69104,825.0,1015.0,614.0,,2026-05-01
1797,META,2026-05-11,buy,False,True,bullish,skipped,False,False,http_429,ok,True,False,,ok,True,False,False,,True,True,False,False,False,True,False,True,False,True,False,analyst_bullish_aligned,event_time_historical,finnhub_recommendation,strong_buy,1.34921,58,826.69104,825.0,1015.0,614.0,,2026-05-01
1798,META,2026-05-11,buy,False,True,bullish,skipped,False,False,http_429,ok,True,False,,ok,True,False,False,,True,True,False,False,False,True,False,True,False,True,False,analyst_bullish_aligned,event_time_historical,finnhub_recommendation,strong_buy,1.34921,58,826.69104,825.0,1015.0,614.0,,2026-05-01
1799,GOOGL,2023-08-25,sell,False,True,bearish,skipped,False,False,http_429,ok,True,False,,ok,True,False,True,,True,False,False,False,False,False,False,False,True,False,False,analyst_unknown,event_time_historical,yfinance_upgrades_downgrades,strong_buy,1.39683,52,427.88712,430.0,515.0,334.22,,
1800,GOOGL,2026-04-30,sell,False,True,bearish,skipped,False,False,http_429,ok,True,False,,ok,True,False,False,,True,False,False,False,True,True,False,True,False,True,False,finfluencer_contrarian_to_analyst,event_time_historical,finnhub_recommendation,strong_buy,1.39683,52,427.88712,430.0,515.0,334.22,,2026-04-01
1801,PYPL,2026-05-05,buy,False,True,bullish,skipped,False,False,http_429,ok,True,False,,ok,True,False,False,,True,False,False,True,False,True,True,False,False,True,False,analyst_neutral_or_mixed,event_time_historical,finnhub_recommendation,hold,2.88636,34,52.52618,48.0,147.39,32.0,,2026-05-01
1802,PYPL,2026-05-05,sell,False,True,bearish,skipped,False,False,http_429,ok,True,False,,ok,True,False,False,,True,False,False,True,False,True,True,False,False,True,False,analyst_neutral_or_mixed,event_time_historical,finnhub_recommendation,hold,2.88636,34,52.52618,48.0,147.39,32.0,,2026-05-01
1803,MSFT,2026-05-05,buy,False,True,bullish,skipped,False,False,http_429,ok,True,False,,ok,True,False,False,,True,True,False,False,False,True,False,True,False,True,False,analyst_bullish_aligned,event_time_historical,finnhub_recommendation,strong_buy,1.30909,54,561.5561,562.5,870.0,400.0,,2026-05-01
1805,MSFT,2026-04-30,buy,False,False,bullish,skipped,False,False,http_429,ok,True,False,,ok,True,False,False,,True,True,False,False,False,True,False,True,False,True,False,analyst_bullish_aligned,event_time_historical,finnhub_recommendation,strong_buy,1.30909,54,561.5561,562.5,870.0,400.0,,2026-04-01
1806,META,2026-04-29,buy,False,True,bullish,skipped,False,False,http_429,ok,True,False,,ok,True,False,False,,True,True,False,False,False,True,False,True,False,True,False,analyst_bullish_aligned,event_time_historical,finnhub_recommendation,strong_buy,1.34921,58,826.69104,825.0,1015.0,614.0,,2026-04-01
1807,GOOGL,2026-04-29,buy,False,True,bullish,skipped,False,False,http_429,ok,True,False,,ok,True,False,False,,True,True,False,False,False,True,False,True,False,True,False,analyst_bullish_aligned,event_time_historical,finnhub_recommendation,strong_buy,1.39683,52,427.88712,430.0,515.0,334.22,,2026-04-01
1808,META,2026-03-13,buy,False,True,bullish,skipped,False,False,http_429,ok,True,False,,ok,True,False,False,,True,True,False,False,False,True,False,True,False,True,False,analyst_bullish_aligned,event_time_historical,finnhub_recommendation,strong_buy,1.34921,58,826.69104,825.0,1015.0,614.0,,2026-03-01
1809,SOFI,2026-04-29,buy,False,True,bullish,skipped,False,False,http_429,ok,True,False,,ok,True,False,False,,True,True,False,False,False,True,True,True,False,True,False,analyst_bullish_aligned,event_time_historical,finnhub_recommendation,hold,2.70833,20,21.1,18.5,31.0,12.0,,2026-04-01
1810,NFLX,2026-04-16,sell,False,True,bearish,skipped,False,False,http_429,ok,True,False,,ok,True,False,False,,True,False,False,False,True,True,True,True,False,True,False,finfluencer_contrarian_to_analyst,event_time_historical,finnhub_recommendation,buy,1.68,44,114.555,115.0,151.4,80.0,,2026-04-01
1811,AMD,2026-05-05,buy,True,True,bullish,skipped,False,False,http_429,ok,True,False,,ok,True,False,False,,True,True,False,False,False,True,True,True,False,True,False,analyst_bullish_aligned,event_time_historical,finnhub_recommendation,buy,1.5098,48,457.83334,474.0,625.0,225.0,,2026-05-01
1812,NVDA,2026-05-05,buy,True,True,bullish,skipped,False,False,http_429,ok,True,False,,ok,True,False,False,,True,True,False,False,False,True,True,True,False,True,False,analyst_bullish_aligned,event_time_historical,finnhub_recommendation,strong_buy,1.29508,57,272.93738,275.0,380.0,140.0,,2026-05-01
1813,GOOGL,2026-05-05,sell,False,True,bearish,skipped,False,False,http_429,ok,True,False,,ok,True,False,False,,True,False,False,False,True,True,False,True,False,True,False,finfluencer_contrarian_to_analyst,event_time_historical,finnhub_recommendation,strong_buy,1.39683,52,427.88712,430.0,515.0,334.22,,2026-05-01
1814,GOOGL,2026-04-29,buy,False,True,bullish,skipped,False,False,http_429,ok,True,False,,ok,True,False,False,,True,True,False,False,False,True,False,True,False,True,False,analyst_bullish_aligned,event_time_historical,finnhub_recommendation,strong_buy,1.39683,52,427.88712,430.0,515.0,334.22,,2026-04-01
1815,META,2026-03-17,buy,False,True,bullish,skipped,False,False,http_429,ok,True,False,,ok,True,False,False,,True,True,False,False,False,True,False,True,False,True,False,analyst_bullish_aligned,event_time_historical,finnhub_recommendation,strong_buy,1.34921,58,826.69104,825.0,1015.0,614.0,,2026-03-01
1816,META,2026-03-17,buy,False,True,bullish,skipped,False,False,http_429,ok,True,False,,ok,True,False,False,,True,True,False,False,False,True,False,True,False,True,False,analyst_bullish_aligned,event_time_historical,finnhub_recommendation,strong_buy,1.34921,58,826.69104,825.0,1015.0,614.0,,2026-03-01
1817,META,2026-03-17,buy,False,True,bullish,skipped,False,False,http_429,ok,True,False,,ok,True,False,False,,True,True,False,False,False,True,False,True,False,True,False,analyst_bullish_aligned,event_time_historical,finnhub_recommendation,strong_buy,1.34921,58,826.69104,825.0,1015.0,614.0,,2026-03-01
1818,AAPL,2025-06-27,buy,True,True,bullish,skipped,False,False,http_429,ok,True,False,,ok,True,False,True,,True,False,False,False,False,False,False,False,True,False,False,analyst_unknown,event_time_historical,yfinance_upgrades_downgrades,buy,1.95833,43,308.06512,310.0,400.0,215.0,,
1819,TSLA,2026-05-04,buy,True,True,bullish,skipped,False,False,http_429,ok,True,False,,ok,True,False,False,,True,True,False,False,False,True,True,True,False,True,False,analyst_bullish_aligned,event_time_historical,finnhub_recommendation,buy,2.3617,41,412.25366,450.0,600.0,123.0,,2026-05-01
1820,GOOGL,2026-02-17,buy,False,True,bullish,skipped,False,False,http_429,ok,True,False,,ok,True,False,False,,True,True,False,False,False,True,False,True,False,True,False,analyst_bullish_aligned,event_time_historical,finnhub_recommendation,strong_buy,1.39683,52,427.88712,430.0,515.0,334.22,,2026-02-01
1821,PLTR,2026-04-10,sell,False,False,bearish,skipped,False,False,http_429,ok,True,False,,ok,True,False,False,,True,False,False,False,True,True,True,True,False,True,False,finfluencer_contrarian_to_analyst,event_time_historical,finnhub_recommendation,buy,1.90323,27,183.7289,200.0,255.0,70.0,,2026-04-01
1822,META,2026-05-04,buy,False,True,bullish,skipped,False,False,http_429,ok,True,False,,ok,True,False,False,,True,True,False,False,False,True,False,True,False,True,False,analyst_bullish_aligned,event_time_historical,finnhub_recommendation,strong_buy,1.34921,58,826.69104,825.0,1015.0,614.0,,2026-05-01
1823,META,2026-05-08,buy,False,True,bullish,skipped,False,False,http_429,ok,True,False,,ok,True,False,False,,True,True,False,False,False,True,False,True,False,True,False,analyst_bullish_aligned,event_time_historical,finnhub_recommendation,strong_buy,1.34921,58,826.69104,825.0,1015.0,614.0,,2026-05-01
1824,META,2026-05-08,buy,False,False,bullish,skipped,False,False,http_429,ok,True,False,,ok,True,False,False,,True,True,False,False,False,True,False,True,False,True,False,analyst_bullish_aligned,event_time_historical,finnhub_recommendation,strong_buy,1.34921,58,826.69104,825.0,1015.0,614.0,,2026-05-01
1825,META,2026-05-08,buy,False,True,bullish,skipped,False,False,http_429,ok,True,False,,ok,True,False,False,,True,True,False,False,False,True,False,True,False,True,False,analyst_bullish_aligned,event_time_historical,finnhub_recommendation,strong_buy,1.34921,58,826.69104,825.0,1015.0,614.0,,2026-05-01
1826,SOFI,2026-05-08,buy,False,True,bullish,skipped,False,False,http_429,ok,True,False,,ok,True,False,False,,True,True,False,False,False,True,True,True,False,True,False,analyst_bullish_aligned,event_time_historical,finnhub_recommendation,hold,2.70833,20,21.1,18.5,31.0,12.0,,2026-05-01
1827,NFLX,2026-05-08,buy,False,True,bullish,skipped,False,False,http_429,ok,True,False,,ok,True,False,False,,True,True,False,False,False,True,False,True,False,True,False,analyst_bullish_aligned,event_time_historical,finnhub_recommendation,buy,1.68,44,114.555,115.0,151.4,80.0,,2026-05-01
1828,NVDA,2026-04-27,buy,True,True,bullish,skipped,False,False,http_429,ok,True,False,,ok,True,False,False,,True,True,False,False,False,True,True,True,False,True,False,analyst_bullish_aligned,event_time_historical,finnhub_recommendation,strong_buy,1.29508,57,272.93738,275.0,380.0,140.0,,2026-04-01
1829,NVDA,2026-04-27,buy,True,True,bullish,skipped,False,False,http_429,ok,True,False,,ok,True,False,False,,True,True,False,False,False,True,True,True,False,True,False,analyst_bullish_aligned,event_time_historical,finnhub_recommendation,strong_buy,1.29508,57,272.93738,275.0,380.0,140.0,,2026-04-01
1830,GOOGL,2026-05-05,buy,False,True,bullish,skipped,False,False,http_429,ok,True,False,,ok,True,False,False,,True,True,False,False,False,True,False,True,False,True,False,analyst_bullish_aligned,event_time_historical,finnhub_recommendation,strong_buy,1.39683,52,427.88712,430.0,515.0,334.22,,2026-05-01
1831,TSLA,2026-03-23,sell,True,True,bearish,skipped,False,False,http_429,ok,True,False,,ok,True,False,False,,True,False,False,False,True,True,True,True,False,True,False,finfluencer_contrarian_to_analyst,event_time_historical,finnhub_recommendation,buy,2.3617,41,412.25366,450.0,600.0,123.0,,2026-03-01
1832,DIS,2025-04-29,buy,False,True,bullish,skipped,False,False,http_429,ok,True,False,,ok,True,False,True,,True,False,False,False,False,False,False,False,True,False,False,analyst_unknown,event_time_historical,yfinance_upgrades_downgrades,strong_buy,1.46667,29,130.66553,132.0,164.0,77.0,,
1833,DIS,2025-04-29,buy,False,True,bullish,skipped,False,False,http_429,ok,True,False,,ok,True,False,True,,True,False,False,False,False,False,False,False,True,False,False,analyst_unknown,event_time_historical,yfinance_upgrades_downgrades,strong_buy,1.46667,29,130.66553,132.0,164.0,77.0,,
1834,AMZN,2025-12-31,buy,True,True,bullish,skipped,False,False,http_429,ok,True,False,,ok,True,False,True,,True,False,False,False,False,False,False,False,True,False,False,analyst_unknown,event_time_historical,yfinance_upgrades_downgrades,strong_buy,1.34848,62,311.55145,317.0,370.0,207.0,,
1835,AMZN,2026-04-28,buy,True,True,bullish,skipped,False,False,http_429,ok,True,False,,ok,True,False,False,,True,True,False,False,False,True,False,True,False,True,False,analyst_bullish_aligned,event_time_historical,finnhub_recommendation,strong_buy,1.34848,62,311.55145,317.0,370.0,207.0,,2026-04-01
1836,NVDA,2026-04-06,buy,True,True,bullish,skipped,False,False,http_429,ok,True,False,,ok,True,False,False,,True,True,False,False,False,True,True,True,False,True,False,analyst_bullish_aligned,event_time_historical,finnhub_recommendation,strong_buy,1.29508,57,272.93738,275.0,380.0,140.0,,2026-04-01
1837,NVDA,2026-05-11,buy,True,True,bullish,skipped,False,False,http_429,ok,True,False,,ok,True,False,False,,True,True,False,False,False,True,True,True,False,True,False,analyst_bullish_aligned,event_time_historical,finnhub_recommendation,strong_buy,1.29508,57,272.93738,275.0,380.0,140.0,,2026-05-01
1838,AMZN,2026-05-04,sell,True,True,bearish,skipped,False,False,http_429,ok,True,False,,ok,True,False,False,,True,False,False,False,True,True,False,True,False,True,False,finfluencer_contrarian_to_analyst,event_time_historical,finnhub_recommendation,strong_buy,1.34848,62,311.55145,317.0,370.0,207.0,,2026-05-01
1839,AMD,2026-04-30,buy,True,True,bullish,skipped,False,False,http_429,ok,True,False,,ok,True,False,False,,True,True,False,False,False,True,True,True,False,True,False,analyst_bullish_aligned,event_time_historical,finnhub_recommendation,buy,1.5098,48,457.83334,474.0,625.0,225.0,,2026-04-01
1840,NVDA,2026-04-30,buy,True,True,bullish,skipped,False,False,http_429,ok,True,False,,ok,True,False,False,,True,True,False,False,False,True,True,True,False,True,False,analyst_bullish_aligned,event_time_historical,finnhub_recommendation,strong_buy,1.29508,57,272.93738,275.0,380.0,140.0,,2026-04-01
1841,TSLA,2025-05-14,buy,True,False,bullish,skipped,False,False,http_429,ok,True,False,,ok,True,False,True,,True,False,False,False,False,False,False,False,True,False,False,analyst_unknown,event_time_historical,yfinance_upgrades_downgrades,buy,2.3617,41,412.25366,450.0,600.0,123.0,,
1842,NVDA,2025-09-02,sell,True,True,bearish,skipped,False,False,http_429,ok,True,False,,ok,True,False,True,,True,False,False,False,False,False,False,False,True,False,False,analyst_unknown,event_time_historical,yfinance_upgrades_downgrades,strong_buy,1.29508,57,272.93738,275.0,380.0,140.0,,
1843,META,2025-06-26,buy,False,True,bullish,skipped,False,False,http_429,ok,True,False,,ok,True,False,True,,True,False,False,False,False,False,False,False,True,False,False,analyst_unknown,event_time_historical,yfinance_upgrades_downgrades,strong_buy,1.34921,58,826.69104,825.0,1015.0,614.0,,
1844,GOOGL,2025-07-07,buy,False,True,bullish,skipped,False,False,http_429,ok,True,False,,ok,True,False,True,,True,False,False,False,False,False,False,False,True,False,False,analyst_unknown,event_time_historical,yfinance_upgrades_downgrades,strong_buy,1.39683,52,427.88712,430.0,515.0,334.22,,
1845,NVDA,2025-08-25,buy,True,True,bullish,skipped,False,False,http_429,ok,True,False,,ok,True,False,True,,True,False,False,False,False,False,False,False,True,False,False,analyst_unknown,event_time_historical,yfinance_upgrades_downgrades,strong_buy,1.29508,57,272.93738,275.0,380.0,140.0,,
1846,META,2025-06-09,buy,False,True,bullish,skipped,False,False,http_429,ok,True,False,,ok,True,False,True,,True,False,False,False,False,False,False,False,True,False,False,analyst_unknown,event_time_historical,yfinance_upgrades_downgrades,strong_buy,1.34921,58,826.69104,825.0,1015.0,614.0,,
1847,TSLA,2021-05-14,buy,True,True,bullish,skipped,False,False,http_429,ok,True,False,,ok,True,False,True,,True,False,False,False,False,False,False,False,True,False,False,analyst_unknown,event_time_historical,yfinance_upgrades_downgrades,buy,2.3617,41,412.25366,450.0,600.0,123.0,,
1849,AMZN,2020-07-17,sell,True,True,bearish,skipped,False,False,http_429,ok,True,False,,ok,True,False,True,,True,False,False,False,False,False,False,False,True,False,False,analyst_unknown,event_time_historical,yfinance_upgrades_downgrades,strong_buy,1.34848,62,311.55145,317.0,370.0,207.0,,
1850,TSLA,2020-06-22,buy,True,True,bullish,skipped,False,False,http_429,ok,True,False,,ok,True,False,True,,True,False,False,False,False,False,False,False,True,False,False,analyst_unknown,event_time_historical,yfinance_upgrades_downgrades,buy,2.3617,41,412.25366,450.0,600.0,123.0,,
1851,TSLA,2020-06-15,buy,True,True,bullish,skipped,False,False,http_429,ok,True,False,,ok,True,False,True,,True,False,False,False,False,False,False,False,True,False,False,analyst_unknown,event_time_historical,yfinance_upgrades_downgrades,buy,2.3617,41,412.25366,450.0,600.0,123.0,,
1852,TSLA,2020-06-05,buy,True,True,bullish,skipped,False,False,http_429,ok,True,False,,ok,True,False,True,,True,False,False,False,False,False,False,False,True,False,False,analyst_unknown,event_time_historical,yfinance_upgrades_downgrades,buy,2.3617,41,412.25366,450.0,600.0,123.0,,
1853,TSLA,2020-06-01,buy,True,True,bullish,skipped,False,False,http_429,ok,True,False,,ok,True,False,True,,True,False,False,False,False,False,False,False,True,False,False,analyst_unknown,event_time_historical,yfinance_upgrades_downgrades,buy,2.3617,41,412.25366,450.0,600.0,123.0,,
1854,TSLA,2020-05-22,buy,True,True,bullish,skipped,False,False,http_429,ok,True,False,,ok,True,False,True,,True,False,False,False,False,False,False,False,True,False,False,analyst_unknown,event_time_historical,yfinance_upgrades_downgrades,buy,2.3617,41,412.25366,450.0,600.0,123.0,,
1855,GOOGL,2023-10-27,buy,False,True,bullish,skipped,False,False,http_429,ok,True,False,,ok,True,False,True,,True,False,False,False,False,False,False,False,True,False,False,analyst_unknown,event_time_historical,yfinance_upgrades_downgrades,strong_buy,1.39683,52,427.88712,430.0,515.0,334.22,,
1856,NVDA,2024-12-30,buy,True,True,bullish,skipped,False,False,http_429,ok,True,False,,ok,True,False,True,,True,False,False,False,False,False,False,False,True,False,False,analyst_unknown,event_time_historical,yfinance_upgrades_downgrades,strong_buy,1.29508,57,272.93738,275.0,380.0,140.0,,
1857,NVDA,2024-12-30,buy,True,True,bullish,skipped,False,False,http_429,ok,True,False,,ok,True,False,True,,True,False,False,False,False,False,False,False,True,False,False,analyst_unknown,event_time_historical,yfinance_upgrades_downgrades,strong_buy,1.29508,57,272.93738,275.0,380.0,140.0,,
1858,MSFT,2024-07-15,buy,False,True,bullish,skipped,False,False,http_429,ok,True,False,,ok,True,False,True,,True,False,False,False,False,False,False,False,True,False,False,analyst_unknown,event_time_historical,yfinance_upgrades_downgrades,strong_buy,1.30909,54,561.5561,562.5,870.0,400.0,,
1859,META,2026-04-09,buy,False,True,bullish,skipped,False,False,http_429,ok,True,False,,ok,True,False,False,,True,True,False,False,False,True,False,True,False,True,False,analyst_bullish_aligned,event_time_historical,finnhub_recommendation,strong_buy,1.34921,58,826.69104,825.0,1015.0,614.0,,2026-04-01
1860,MSFT,2025-10-13,buy,False,True,bullish,skipped,False,False,http_429,ok,True,False,,ok,True,False,True,,True,False,False,False,False,False,False,False,True,False,False,analyst_unknown,event_time_historical,yfinance_upgrades_downgrades,strong_buy,1.30909,54,561.5561,562.5,870.0,400.0,,
1861,AMC,2024-05-31,sell,False,True,bearish,skipped,False,False,http_429,ok,True,False,,ok,True,False,True,,True,False,False,False,False,False,False,False,True,False,False,analyst_unknown,event_time_historical,yfinance_upgrades_downgrades,hold,2.71429,6,2.03333,2.0,3.0,1.2,,
1862,AMC,2024-05-31,sell,False,True,bearish,skipped,False,False,http_429,ok,True,False,,ok,True,False,True,,True,False,False,False,False,False,False,False,True,False,False,analyst_unknown,event_time_historical,yfinance_upgrades_downgrades,hold,2.71429,6,2.03333,2.0,3.0,1.2,,
1863,DIS,2022-11-18,buy,False,True,bullish,skipped,False,False,http_429,ok,True,False,,ok,True,False,True,,True,False,False,False,False,False,False,False,True,False,False,analyst_unknown,event_time_historical,yfinance_upgrades_downgrades,strong_buy,1.46667,29,130.66553,132.0,164.0,77.0,,
1865,AAPL,2023-08-18,sell,True,True,bearish,skipped,False,False,http_429,ok,True,False,,ok,True,False,True,,True,False,False,False,False,False,False,False,True,False,False,analyst_unknown,event_time_historical,yfinance_upgrades_downgrades,buy,1.95833,43,308.06512,310.0,400.0,215.0,,
1866,TSLA,2021-08-02,buy,True,True,bullish,skipped,False,False,http_429,ok,True,False,,ok,True,False,True,,True,False,False,False,False,False,False,False,True,False,False,analyst_unknown,event_time_historical,yfinance_upgrades_downgrades,buy,2.3617,41,412.25366,450.0,600.0,123.0,,
1867,AMD,2025-11-24,buy,True,True,bullish,skipped,False,False,http_429,ok,True,False,,ok,True,False,True,,True,False,False,False,False,False,False,False,True,False,False,analyst_unknown,event_time_historical,yfinance_upgrades_downgrades,buy,1.5098,48,457.83334,474.0,625.0,225.0,,
1868,AMD,2025-11-07,buy,True,True,bullish,skipped,False,False,http_429,ok,True,False,,ok,True,False,True,,True,False,False,False,False,False,False,False,True,False,False,analyst_unknown,event_time_historical,yfinance_upgrades_downgrades,buy,1.5098,48,457.83334,474.0,625.0,225.0,,
1869,MSFT,2024-12-04,buy,False,True,bullish,skipped,False,False,http_429,ok,True,False,,ok,True,False,True,,True,False,False,False,False,False,False,False,True,False,False,analyst_unknown,event_time_historical,yfinance_upgrades_downgrades,strong_buy,1.30909,54,561.5561,562.5,870.0,400.0,,
1870,NVDA,2023-03-21,buy,True,True,bullish,skipped,False,False,http_429,ok,True,False,,ok,True,False,True,,True,False,False,False,False,False,False,False,True,False,False,analyst_unknown,event_time_historical,yfinance_upgrades_downgrades,strong_buy,1.29508,57,272.93738,275.0,380.0,140.0,,
1871,AMZN,2022-11-04,sell,True,True,bearish,skipped,False,False,http_429,ok,True,False,,ok,True,False,True,,True,False,False,False,False,False,False,False,True,False,False,analyst_unknown,event_time_historical,yfinance_upgrades_downgrades,strong_buy,1.34848,62,311.55145,317.0,370.0,207.0,,
1872,NVDA,2023-08-30,buy,True,True,bullish,skipped,False,False,http_429,ok,True,False,,ok,True,False,True,,True,False,False,False,False,False,False,False,True,False,False,analyst_unknown,event_time_historical,yfinance_upgrades_downgrades,strong_buy,1.29508,57,272.93738,275.0,380.0,140.0,,
1873,MSFT,2023-08-30,buy,False,True,bullish,skipped,False,False,http_429,ok,True,False,,ok,True,False,True,,True,False,False,False,False,False,False,False,True,False,False,analyst_unknown,event_time_historical,yfinance_upgrades_downgrades,strong_buy,1.30909,54,561.5561,562.5,870.0,400.0,,
1874,GOOGL,2023-12-18,buy,False,False,bullish,skipped,False,False,http_429,ok,True,False,,ok,True,False,True,,True,False,False,False,False,False,False,False,True,False,False,analyst_unknown,event_time_historical,yfinance_upgrades_downgrades,strong_buy,1.39683,52,427.88712,430.0,515.0,334.22,,
1875,GOOGL,2023-12-18,sell,False,True,bearish,skipped,False,False,http_429,ok,True,False,,ok,True,False,True,,True,False,False,False,False,False,False,False,True,False,False,analyst_unknown,event_time_historical,yfinance_upgrades_downgrades,strong_buy,1.39683,52,427.88712,430.0,515.0,334.22,,
1876,AMD,2023-12-18,sell,True,True,bearish,skipped,False,False,http_429,ok,True,False,,ok,True,False,True,,True,False,False,False,False,False,False,False,True,False,False,analyst_unknown,event_time_historical,yfinance_upgrades_downgrades,buy,1.5098,48,457.83334,474.0,625.0,225.0,,
1877,TSLA,2023-12-18,sell,True,True,bearish,skipped,False,False,http_429,ok,True,False,,ok,True,False,True,,True,False,False,False,False,False,False,False,True,False,False,analyst_unknown,event_time_historical,yfinance_upgrades_downgrades,buy,2.3617,41,412.25366,450.0,600.0,123.0,,
1878,TSLA,2022-01-20,buy,True,True,bullish,skipped,False,False,http_429,ok,True,False,,ok,True,False,True,,True,False,False,False,False,False,False,False,True,False,False,analyst_unknown,event_time_historical,yfinance_upgrades_downgrades,buy,2.3617,41,412.25366,450.0,600.0,123.0,,
1879,AMZN,2025-01-22,buy,True,True,bullish,skipped,False,False,http_429,ok,True,False,,ok,True,False,True,,True,False,False,False,False,False,False,False,True,False,False,analyst_unknown,event_time_historical,yfinance_upgrades_downgrades,strong_buy,1.34848,62,311.55145,317.0,370.0,207.0,,
1880,NVDA,2025-01-22,buy,True,True,bullish,skipped,False,False,http_429,ok,True,False,,ok,True,False,True,,True,False,False,False,False,False,False,False,True,False,False,analyst_unknown,event_time_historical,yfinance_upgrades_downgrades,strong_buy,1.29508,57,272.93738,275.0,380.0,140.0,,
1881,NVDA,2025-12-12,sell,True,True,bearish,skipped,False,False,http_429,ok,True,False,,ok,True,False,True,,True,False,False,False,False,False,False,False,True,False,False,analyst_unknown,event_time_historical,yfinance_upgrades_downgrades,strong_buy,1.29508,57,272.93738,275.0,380.0,140.0,,
1882,GOOGL,2025-12-31,buy,False,True,bullish,skipped,False,False,http_429,ok,True,False,,ok,True,False,True,,True,False,False,False,False,False,False,False,True,False,False,analyst_unknown,event_time_historical,yfinance_upgrades_downgrades,strong_buy,1.39683,52,427.88712,430.0,515.0,334.22,,
1883,META,2026-02-17,buy,False,True,bullish,skipped,False,False,http_429,ok,True,False,,ok,True,False,False,,True,True,False,False,False,True,False,True,False,True,False,analyst_bullish_aligned,event_time_historical,finnhub_recommendation,strong_buy,1.34921,58,826.69104,825.0,1015.0,614.0,,2026-02-01
1884,PYPL,2026-02-17,buy,False,True,bullish,skipped,False,False,http_429,ok,True,False,,ok,True,False,False,,True,False,False,True,False,True,True,False,False,True,False,analyst_neutral_or_mixed,event_time_historical,finnhub_recommendation,hold,2.88636,34,52.52618,48.0,147.39,32.0,,2026-02-01
1885,PYPL,2026-02-17,buy,False,True,bullish,skipped,False,False,http_429,ok,True,False,,ok,True,False,False,,True,False,False,True,False,True,True,False,False,True,False,analyst_neutral_or_mixed,event_time_historical,finnhub_recommendation,hold,2.88636,34,52.52618,48.0,147.39,32.0,,2026-02-01
1886,PYPL,2026-02-17,buy,False,True,bullish,skipped,False,False,http_429,ok,True,False,,ok,True,False,False,,True,False,False,True,False,True,True,False,False,True,False,analyst_neutral_or_mixed,event_time_historical,finnhub_recommendation,hold,2.88636,34,52.52618,48.0,147.39,32.0,,2026-02-01
1887,PYPL,2026-02-17,buy,False,True,bullish,skipped,False,False,http_429,ok,True,False,,ok,True,False,False,,True,False,False,True,False,True,True,False,False,True,False,analyst_neutral_or_mixed,event_time_historical,finnhub_recommendation,hold,2.88636,34,52.52618,48.0,147.39,32.0,,2026-02-01
1888,NVDA,2026-02-17,buy,True,True,bullish,skipped,False,False,http_429,ok,True,False,,ok,True,False,False,,True,True,False,False,False,True,True,True,False,True,False,analyst_bullish_aligned,event_time_historical,finnhub_recommendation,strong_buy,1.29508,57,272.93738,275.0,380.0,140.0,,2026-02-01
1889,MSFT,2026-03-03,buy,False,True,bullish,skipped,False,False,http_429,ok,True,False,,ok,True,False,False,,True,True,False,False,False,True,False,True,False,True,False,analyst_bullish_aligned,event_time_historical,finnhub_recommendation,strong_buy,1.30909,54,561.5561,562.5,870.0,400.0,,2026-03-01
1890,MSFT,2026-03-03,sell,False,True,bearish,skipped,False,False,http_429,ok,True,False,,ok,True,False,False,,True,False,False,False,True,True,False,True,False,True,False,finfluencer_contrarian_to_analyst,event_time_historical,finnhub_recommendation,strong_buy,1.30909,54,561.5561,562.5,870.0,400.0,,2026-03-01
1891,MSFT,2026-03-26,buy,False,True,bullish,skipped,False,False,http_429,ok,True,False,,ok,True,False,False,,True,True,False,False,False,True,False,True,False,True,False,analyst_bullish_aligned,event_time_historical,finnhub_recommendation,strong_buy,1.30909,54,561.5561,562.5,870.0,400.0,,2026-03-01
1892,SOFI,2026-04-07,buy,False,True,bullish,skipped,False,False,http_429,ok,True,False,,ok,True,False,False,,True,True,False,False,False,True,True,True,False,True,False,analyst_bullish_aligned,event_time_historical,finnhub_recommendation,hold,2.70833,20,21.1,18.5,31.0,12.0,,2026-04-01
1893,AMD,2026-04-15,buy,True,True,bullish,skipped,False,False,http_429,ok,True,False,,ok,True,False,False,,True,True,False,False,False,True,True,True,False,True,False,analyst_bullish_aligned,event_time_historical,finnhub_recommendation,buy,1.5098,48,457.83334,474.0,625.0,225.0,,2026-04-01
1894,AMD,2026-04-15,buy,True,True,bullish,skipped,False,False,http_429,ok,True,False,,ok,True,False,False,,True,True,False,False,False,True,True,True,False,True,False,analyst_bullish_aligned,event_time_historical,finnhub_recommendation,buy,1.5098,48,457.83334,474.0,625.0,225.0,,2026-04-01
1895,AMD,2026-04-15,buy,True,True,bullish,skipped,False,False,http_429,ok,True,False,,ok,True,False,False,,True,True,False,False,False,True,True,True,False,True,False,analyst_bullish_aligned,event_time_historical,finnhub_recommendation,buy,1.5098,48,457.83334,474.0,625.0,225.0,,2026-04-01
1896,AMD,2026-04-22,buy,True,True,bullish,skipped,False,False,http_429,ok,True,False,,ok,True,False,False,,True,True,False,False,False,True,True,True,False,True,False,analyst_bullish_aligned,event_time_historical,finnhub_recommendation,buy,1.5098,48,457.83334,474.0,625.0,225.0,,2026-04-01
1897,TSLA,2025-02-11,buy,True,True,bullish,skipped,False,False,http_429,ok,True,False,,ok,True,False,True,,True,False,False,False,False,False,False,False,True,False,False,analyst_unknown,event_time_historical,yfinance_upgrades_downgrades,buy,2.3617,41,412.25366,450.0,600.0,123.0,,
1898,TSLA,2025-02-11,buy,True,True,bullish,skipped,False,False,http_429,ok,True,False,,ok,True,False,True,,True,False,False,False,False,False,False,False,True,False,False,analyst_unknown,event_time_historical,yfinance_upgrades_downgrades,buy,2.3617,41,412.25366,450.0,600.0,123.0,,
1899,TSLA,2025-02-11,sell,True,True,bearish,skipped,False,False,http_429,ok,True,False,,ok,True,False,True,,True,False,False,False,False,False,False,False,True,False,False,analyst_unknown,event_time_historical,yfinance_upgrades_downgrades,buy,2.3617,41,412.25366,450.0,600.0,123.0,,
1900,TSLA,2025-02-11,sell,True,True,bearish,skipped,False,False,http_429,ok,True,False,,ok,True,False,True,,True,False,False,False,False,False,False,False,True,False,False,analyst_unknown,event_time_historical,yfinance_upgrades_downgrades,buy,2.3617,41,412.25366,450.0,600.0,123.0,,
1901,TSLA,2025-02-11,sell,True,True,bearish,skipped,False,False,http_429,ok,True,False,,ok,True,False,True,,True,False,False,False,False,False,False,False,True,False,False,analyst_unknown,event_time_historical,yfinance_upgrades_downgrades,buy,2.3617,41,412.25366,450.0,600.0,123.0,,
1902,GOOGL,2025-10-29,sell,False,True,bearish,skipped,False,False,http_429,ok,True,False,,ok,True,False,True,,True,False,False,False,False,False,False,False,True,False,False,analyst_unknown,event_time_historical,yfinance_upgrades_downgrades,strong_buy,1.39683,52,427.88712,430.0,515.0,334.22,,
1903,GOOGL,2025-10-29,buy,False,True,bullish,skipped,False,False,http_429,ok,True,False,,ok,True,False,True,,True,False,False,False,False,False,False,False,True,False,False,analyst_unknown,event_time_historical,yfinance_upgrades_downgrades,strong_buy,1.39683,52,427.88712,430.0,515.0,334.22,,
1904,AAPL,2025-10-29,buy,True,True,bullish,skipped,False,False,http_429,ok,True,False,,ok,True,False,True,,True,False,False,False,False,False,False,False,True,False,False,analyst_unknown,event_time_historical,yfinance_upgrades_downgrades,buy,1.95833,43,308.06512,310.0,400.0,215.0,,
1905,AAPL,2025-10-29,sell,True,True,bearish,skipped,False,False,http_429,ok,True,False,,ok,True,False,True,,True,False,False,False,False,False,False,False,True,False,False,analyst_unknown,event_time_historical,yfinance_upgrades_downgrades,buy,1.95833,43,308.06512,310.0,400.0,215.0,,
1906,AMZN,2026-02-02,buy,True,True,bullish,skipped,False,False,http_429,ok,True,False,,ok,True,False,False,,True,True,False,False,False,True,False,True,False,True,False,analyst_bullish_aligned,event_time_historical,finnhub_recommendation,strong_buy,1.34848,62,311.55145,317.0,370.0,207.0,,2026-02-01
1907,NVDA,2026-03-30,buy,True,True,bullish,skipped,False,False,http_429,ok,True,False,,ok,True,False,False,,True,True,False,False,False,True,True,True,False,True,False,analyst_bullish_aligned,event_time_historical,finnhub_recommendation,strong_buy,1.29508,57,272.93738,275.0,380.0,140.0,,2026-03-01
1908,AMZN,2026-04-22,buy,True,True,bullish,skipped,False,False,http_429,ok,True,False,,ok,True,False,False,,True,True,False,False,False,True,False,True,False,True,False,analyst_bullish_aligned,event_time_historical,finnhub_recommendation,strong_buy,1.34848,62,311.55145,317.0,370.0,207.0,,2026-04-01
1909,AMZN,2026-04-22,buy,True,True,bullish,skipped,False,False,http_429,ok,True,False,,ok,True,False,False,,True,True,False,False,False,True,False,True,False,True,False,analyst_bullish_aligned,event_time_historical,finnhub_recommendation,strong_buy,1.34848,62,311.55145,317.0,370.0,207.0,,2026-04-01
1910,PYPL,2024-10-29,buy,False,True,bullish,skipped,False,False,http_429,ok,True,False,,ok,True,False,True,,True,False,False,False,False,False,False,False,True,False,False,analyst_unknown,event_time_historical,yfinance_upgrades_downgrades,hold,2.88636,34,52.52618,48.0,147.39,32.0,,
1911,TSLA,2025-09-02,buy,True,True,bullish,skipped,False,False,http_429,ok,True,False,,ok,True,False,True,,True,False,False,False,False,False,False,False,True,False,False,analyst_unknown,event_time_historical,yfinance_upgrades_downgrades,buy,2.3617,41,412.25366,450.0,600.0,123.0,,
1912,TSLA,2025-12-22,buy,True,True,bullish,skipped,False,False,http_429,ok,True,False,,ok,True,False,True,,True,False,False,False,False,False,False,False,True,False,False,analyst_unknown,event_time_historical,yfinance_upgrades_downgrades,buy,2.3617,41,412.25366,450.0,600.0,123.0,,
1913,TSLA,2025-12-17,buy,True,True,bullish,skipped,False,False,http_429,ok,True,False,,ok,True,False,True,,True,False,False,False,False,False,False,False,True,False,False,analyst_unknown,event_time_historical,yfinance_upgrades_downgrades,buy,2.3617,41,412.25366,450.0,600.0,123.0,,
1914,PYPL,2026-04-30,sell,False,True,bearish,skipped,False,False,http_429,ok,True,False,,ok,True,False,False,,True,False,False,True,False,True,True,False,False,True,False,analyst_neutral_or_mixed,event_time_historical,finnhub_recommendation,hold,2.88636,34,52.52618,48.0,147.39,32.0,,2026-04-01
1915,GOOGL,2025-11-10,buy,False,True,bullish,skipped,False,False,http_429,ok,True,False,,ok,True,False,True,,True,False,False,False,False,False,False,False,True,False,False,analyst_unknown,event_time_historical,yfinance_upgrades_downgrades,strong_buy,1.39683,52,427.88712,430.0,515.0,334.22,,
1916,NVDA,2025-10-30,buy,True,True,bullish,skipped,False,False,http_429,ok,True,False,,ok,True,False,True,,True,False,False,False,False,False,False,False,True,False,False,analyst_unknown,event_time_historical,yfinance_upgrades_downgrades,strong_buy,1.29508,57,272.93738,275.0,380.0,140.0,,
1917,NVDA,2025-10-30,buy,True,True,bullish,skipped,False,False,http_429,ok,True,False,,ok,True,False,True,,True,False,False,False,False,False,False,False,True,False,False,analyst_unknown,event_time_historical,yfinance_upgrades_downgrades,strong_buy,1.29508,57,272.93738,275.0,380.0,140.0,,
1918,AAPL,2025-10-30,sell,True,True,bearish,skipped,False,False,http_429,ok,True,False,,ok,True,False,True,,True,False,False,False,False,False,False,False,True,False,False,analyst_unknown,event_time_historical,yfinance_upgrades_downgrades,buy,1.95833,43,308.06512,310.0,400.0,215.0,,
1919,GOOGL,2025-10-30,buy,False,True,bullish,skipped,False,False,http_429,ok,True,False,,ok,True,False,True,,True,False,False,False,False,False,False,False,True,False,False,analyst_unknown,event_time_historical,yfinance_upgrades_downgrades,strong_buy,1.39683,52,427.88712,430.0,515.0,334.22,,
1920,AMZN,2025-10-30,sell,True,True,bearish,skipped,False,False,http_429,ok,True,False,,ok,True,False,True,,True,False,False,False,False,False,False,False,True,False,False,analyst_unknown,event_time_historical,yfinance_upgrades_downgrades,strong_buy,1.34848,62,311.55145,317.0,370.0,207.0,,
1921,NVDA,2026-02-26,sell,True,True,bearish,skipped,False,False,http_429,ok,True,False,,ok,True,False,False,,True,False,False,False,True,True,True,True,False,True,False,finfluencer_contrarian_to_analyst,event_time_historical,finnhub_recommendation,strong_buy,1.29508,57,272.93738,275.0,380.0,140.0,,2026-02-01
1922,NVDA,2026-02-26,buy,True,True,bullish,skipped,False,False,http_429,ok,True,False,,ok,True,False,False,,True,True,False,False,False,True,True,True,False,True,False,analyst_bullish_aligned,event_time_historical,finnhub_recommendation,strong_buy,1.29508,57,272.93738,275.0,380.0,140.0,,2026-02-01
1923,AAPL,2026-04-21,buy,True,True,bullish,skipped,False,False,http_429,ok,True,False,,ok,True,False,False,,True,True,False,False,False,True,True,True,False,True,False,analyst_bullish_aligned,event_time_historical,finnhub_recommendation,buy,1.95833,43,308.06512,310.0,400.0,215.0,,2026-04-01
1924,TSLA,2026-04-23,sell,True,True,bearish,skipped,False,False,http_429,ok,True,False,,ok,True,False,False,,True,False,False,False,True,True,True,True,False,True,False,finfluencer_contrarian_to_analyst,event_time_historical,finnhub_recommendation,buy,2.3617,41,412.25366,450.0,600.0,123.0,,2026-04-01
1925,TSLA,2024-10-23,sell,True,True,bearish,skipped,False,False,http_429,ok,True,False,,ok,True,False,True,,True,False,False,False,False,False,False,False,True,False,False,analyst_unknown,event_time_historical,yfinance_upgrades_downgrades,buy,2.3617,41,412.25366,450.0,600.0,123.0,,
1926,TSLA,2024-10-23,buy,True,True,bullish,skipped,False,False,http_429,ok,True,False,,ok,True,False,True,,True,False,False,False,False,False,False,False,True,False,False,analyst_unknown,event_time_historical,yfinance_upgrades_downgrades,buy,2.3617,41,412.25366,450.0,600.0,123.0,,
1927,TSLA,2024-10-23,sell,True,True,bearish,skipped,False,False,http_429,ok,True,False,,ok,True,False,True,,True,False,False,False,False,False,False,False,True,False,False,analyst_unknown,event_time_historical,yfinance_upgrades_downgrades,buy,2.3617,41,412.25366,450.0,600.0,123.0,,
1928,TSLA,2024-10-23,buy,True,True,bullish,skipped,False,False,http_429,ok,True,False,,ok,True,False,True,,True,False,False,False,False,False,False,False,True,False,False,analyst_unknown,event_time_historical,yfinance_upgrades_downgrades,buy,2.3617,41,412.25366,450.0,600.0,123.0,,
1929,TSLA,2024-10-23,buy,True,True,bullish,skipped,False,False,http_429,ok,True,False,,ok,True,False,True,,True,False,False,False,False,False,False,False,True,False,False,analyst_unknown,event_time_historical,yfinance_upgrades_downgrades,buy,2.3617,41,412.25366,450.0,600.0,123.0,,
1930,TSLA,2024-10-23,buy,True,True,bullish,skipped,False,False,http_429,ok,True,False,,ok,True,False,True,,True,False,False,False,False,False,False,False,True,False,False,analyst_unknown,event_time_historical,yfinance_upgrades_downgrades,buy,2.3617,41,412.25366,450.0,600.0,123.0,,
1931,NVDA,2024-10-23,buy,True,True,bullish,skipped,False,False,http_429,ok,True,False,,ok,True,False,True,,True,False,False,False,False,False,False,False,True,False,False,analyst_unknown,event_time_historical,yfinance_upgrades_downgrades,strong_buy,1.29508,57,272.93738,275.0,380.0,140.0,,
1932,NVDA,2024-10-23,sell,True,True,bearish,skipped,False,False,http_429,ok,True,False,,ok,True,False,True,,True,False,False,False,False,False,False,False,True,False,False,analyst_unknown,event_time_historical,yfinance_upgrades_downgrades,strong_buy,1.29508,57,272.93738,275.0,380.0,140.0,,
1933,NVDA,2024-10-23,sell,True,True,bearish,skipped,False,False,http_429,ok,True,False,,ok,True,False,True,,True,False,False,False,False,False,False,False,True,False,False,analyst_unknown,event_time_historical,yfinance_upgrades_downgrades,strong_buy,1.29508,57,272.93738,275.0,380.0,140.0,,
1934,AAPL,2024-10-23,sell,True,True,bearish,skipped,False,False,http_429,ok,True,False,,ok,True,False,True,,True,False,False,False,False,False,False,False,True,False,False,analyst_unknown,event_time_historical,yfinance_upgrades_downgrades,buy,1.95833,43,308.06512,310.0,400.0,215.0,,
1935,AMD,2024-12-10,buy,True,True,bullish,skipped,False,False,http_429,ok,True,False,,ok,True,False,True,,True,False,False,False,False,False,False,False,True,False,False,analyst_unknown,event_time_historical,yfinance_upgrades_downgrades,buy,1.5098,48,457.83334,474.0,625.0,225.0,,
1936,AMD,2024-12-10,buy,True,True,bullish,skipped,False,False,http_429,ok,True,False,,ok,True,False,True,,True,False,False,False,False,False,False,False,True,False,False,analyst_unknown,event_time_historical,yfinance_upgrades_downgrades,buy,1.5098,48,457.83334,474.0,625.0,225.0,,
1937,AMD,2024-12-10,buy,True,True,bullish,skipped,False,False,http_429,ok,True,False,,ok,True,False,True,,True,False,False,False,False,False,False,False,True,False,False,analyst_unknown,event_time_historical,yfinance_upgrades_downgrades,buy,1.5098,48,457.83334,474.0,625.0,225.0,,
1938,AMD,2024-12-10,buy,True,True,bullish,skipped,False,False,http_429,ok,True,False,,ok,True,False,True,,True,False,False,False,False,False,False,False,True,False,False,analyst_unknown,event_time_historical,yfinance_upgrades_downgrades,buy,1.5098,48,457.83334,474.0,625.0,225.0,,
1939,AMD,2024-12-10,sell,True,True,bearish,skipped,False,False,http_429,ok,True,False,,ok,True,False,True,,True,False,False,False,False,False,False,False,True,False,False,analyst_unknown,event_time_historical,yfinance_upgrades_downgrades,buy,1.5098,48,457.83334,474.0,625.0,225.0,,
1941,TSLA,2024-12-10,buy,True,True,bullish,skipped,False,False,http_429,ok,True,False,,ok,True,False,True,,True,False,False,False,False,False,False,False,True,False,False,analyst_unknown,event_time_historical,yfinance_upgrades_downgrades,buy,2.3617,41,412.25366,450.0,600.0,123.0,,
1942,PYPL,2024-12-10,buy,False,True,bullish,skipped,False,False,http_429,ok,True,False,,ok,True,False,True,,True,False,False,False,False,False,False,False,True,False,False,analyst_unknown,event_time_historical,yfinance_upgrades_downgrades,hold,2.88636,34,52.52618,48.0,147.39,32.0,,
1943,COIN,2025-11-05,buy,False,True,bullish,skipped,False,False,http_429,ok,True,False,,ok,True,False,True,,True,False,False,False,False,False,False,False,True,False,False,analyst_unknown,event_time_historical,yfinance_upgrades_downgrades,buy,2.0303,28,231.28821,225.0,400.0,107.0,,
1944,UBER,2025-11-06,buy,False,True,bullish,skipped,False,False,http_429,ok,True,False,,ok,True,False,True,,True,False,False,False,False,False,False,False,True,False,False,analyst_unknown,event_time_historical,yfinance_upgrades_downgrades,buy,1.51923,50,104.9312,107.0,150.0,70.0,,
1945,SOFI,2026-02-27,buy,False,True,bullish,skipped,False,False,http_429,ok,True,False,,ok,True,False,False,,True,False,False,True,False,True,True,False,False,True,False,analyst_neutral_or_mixed,event_time_historical,finnhub_recommendation,hold,2.70833,20,21.1,18.5,31.0,12.0,,2026-02-01
1946,AAPL,2026-04-10,sell,True,True,bearish,skipped,False,False,http_429,ok,True,False,,ok,True,False,False,,True,False,False,False,True,True,True,True,False,True,False,finfluencer_contrarian_to_analyst,event_time_historical,finnhub_recommendation,buy,1.95833,43,308.06512,310.0,400.0,215.0,,2026-04-01
1947,AMD,2025-10-06,buy,True,True,bullish,skipped,False,False,http_429,ok,True,False,,ok,True,False,True,,True,False,False,False,False,False,False,False,True,False,False,analyst_unknown,event_time_historical,yfinance_upgrades_downgrades,buy,1.5098,48,457.83334,474.0,625.0,225.0,,
1948,TSLA,2024-10-28,buy,True,True,bullish,skipped,False,False,http_429,ok,True,False,,ok,True,False,True,,True,False,False,False,False,False,False,False,True,False,False,analyst_unknown,event_time_historical,yfinance_upgrades_downgrades,buy,2.3617,41,412.25366,450.0,600.0,123.0,,
1949,TSLA,2024-07-30,buy,True,True,bullish,skipped,False,False,http_429,ok,True,False,,ok,True,False,True,,True,False,False,False,False,False,False,False,True,False,False,analyst_unknown,event_time_historical,yfinance_upgrades_downgrades,buy,2.3617,41,412.25366,450.0,600.0,123.0,,
1950,MSFT,2024-07-30,sell,False,True,bearish,skipped,False,False,http_429,ok,True,False,,ok,True,False,True,,True,False,False,False,False,False,False,False,True,False,False,analyst_unknown,event_time_historical,yfinance_upgrades_downgrades,strong_buy,1.30909,54,561.5561,562.5,870.0,400.0,,
1951,META,2026-01-02,buy,False,True,bullish,skipped,False,False,http_429,ok,True,False,,ok,True,False,True,,True,False,False,False,False,False,False,False,True,False,False,analyst_unknown,event_time_historical,yfinance_upgrades_downgrades,strong_buy,1.34921,58,826.69104,825.0,1015.0,614.0,,
1952,TSLA,2026-01-15,sell,True,False,bearish,skipped,False,False,http_429,ok,True,False,,ok,True,False,True,,True,False,False,False,False,False,False,False,True,False,False,analyst_unknown,event_time_historical,yfinance_upgrades_downgrades,buy,2.3617,41,412.25366,450.0,600.0,123.0,,
1953,TSLA,2024-07-08,buy,True,False,bullish,skipped,False,False,http_429,ok,True,False,,ok,True,False,True,,True,False,False,False,False,False,False,False,True,False,False,analyst_unknown,event_time_historical,yfinance_upgrades_downgrades,buy,2.3617,41,412.25366,450.0,600.0,123.0,,
1954,TSLA,2024-07-08,buy,True,True,bullish,skipped,False,False,http_429,ok,True,False,,ok,True,False,True,,True,False,False,False,False,False,False,False,True,False,False,analyst_unknown,event_time_historical,yfinance_upgrades_downgrades,buy,2.3617,41,412.25366,450.0,600.0,123.0,,
1955,AAPL,2024-08-26,buy,True,True,bullish,skipped,False,False,http_429,ok,True,False,,ok,True,False,True,,True,False,False,False,False,False,False,False,True,False,False,analyst_unknown,event_time_historical,yfinance_upgrades_downgrades,buy,1.95833,43,308.06512,310.0,400.0,215.0,,
1956,AAPL,2024-08-26,sell,True,True,bearish,skipped,False,False,http_429,ok,True,False,,ok,True,False,True,,True,False,False,False,False,False,False,False,True,False,False,analyst_unknown,event_time_historical,yfinance_upgrades_downgrades,buy,1.95833,43,308.06512,310.0,400.0,215.0,,
1957,AAPL,2024-08-26,sell,True,True,bearish,skipped,False,False,http_429,ok,True,False,,ok,True,False,True,,True,False,False,False,False,False,False,False,True,False,False,analyst_unknown,event_time_historical,yfinance_upgrades_downgrades,buy,1.95833,43,308.06512,310.0,400.0,215.0,,
1958,AAPL,2024-08-26,sell,True,True,bearish,skipped,False,False,http_429,ok,True,False,,ok,True,False,True,,True,False,False,False,False,False,False,False,True,False,False,analyst_unknown,event_time_historical,yfinance_upgrades_downgrades,buy,1.95833,43,308.06512,310.0,400.0,215.0,,
1959,AAPL,2024-08-26,sell,True,True,bearish,skipped,False,False,http_429,ok,True,False,,ok,True,False,True,,True,False,False,False,False,False,False,False,True,False,False,analyst_unknown,event_time_historical,yfinance_upgrades_downgrades,buy,1.95833,43,308.06512,310.0,400.0,215.0,,
1960,TSLA,2026-02-25,buy,True,True,bullish,skipped,False,False,http_429,ok,True,False,,ok,True,False,False,,True,True,False,False,False,True,True,True,False,True,False,analyst_bullish_aligned,event_time_historical,finnhub_recommendation,buy,2.3617,41,412.25366,450.0,600.0,123.0,,2026-02-01
1961,TSLA,2026-01-30,buy,True,True,bullish,skipped,False,False,http_429,ok,True,False,,ok,True,False,True,,True,False,False,False,False,False,False,False,True,False,False,analyst_unknown,event_time_historical,yfinance_upgrades_downgrades,buy,2.3617,41,412.25366,450.0,600.0,123.0,,
1962,NVDA,2024-09-05,sell,True,True,bearish,skipped,False,False,http_429,ok,True,False,,ok,True,False,True,,True,False,False,False,False,False,False,False,True,False,False,analyst_unknown,event_time_historical,yfinance_upgrades_downgrades,strong_buy,1.29508,57,272.93738,275.0,380.0,140.0,,
1963,AAPL,2024-12-30,sell,True,True,bearish,skipped,False,False,http_429,ok,True,False,,ok,True,False,True,,True,False,False,False,False,False,False,False,True,False,False,analyst_unknown,event_time_historical,yfinance_upgrades_downgrades,buy,1.95833,43,308.06512,310.0,400.0,215.0,,
1964,TSLA,2026-01-28,sell,True,True,bearish,skipped,False,False,http_429,ok,True,False,,ok,True,False,True,,True,False,False,False,False,False,False,False,True,False,False,analyst_unknown,event_time_historical,yfinance_upgrades_downgrades,buy,2.3617,41,412.25366,450.0,600.0,123.0,,
1965,NVDA,2026-01-28,sell,True,True,bearish,skipped,False,False,http_429,ok,True,False,,ok,True,False,True,,True,False,False,False,False,False,False,False,True,False,False,analyst_unknown,event_time_historical,yfinance_upgrades_downgrades,strong_buy,1.29508,57,272.93738,275.0,380.0,140.0,,
1966,AAPL,2026-01-28,buy,True,True,bullish,skipped,False,False,http_429,ok,True,False,,ok,True,False,True,,True,False,False,False,False,False,False,False,True,False,False,analyst_unknown,event_time_historical,yfinance_upgrades_downgrades,buy,1.95833,43,308.06512,310.0,400.0,215.0,,
1967,META,2026-01-28,sell,False,True,bearish,skipped,False,False,http_429,ok,True,False,,ok,True,False,True,,True,False,False,False,False,False,False,False,True,False,False,analyst_unknown,event_time_historical,yfinance_upgrades_downgrades,strong_buy,1.34921,58,826.69104,825.0,1015.0,614.0,,
1968,TSLA,2024-07-29,buy,True,True,bullish,skipped,False,False,http_429,ok,True,False,,ok,True,False,True,,True,False,False,False,False,False,False,False,True,False,False,analyst_unknown,event_time_historical,yfinance_upgrades_downgrades,buy,2.3617,41,412.25366,450.0,600.0,123.0,,
1969,TSLA,2024-07-29,buy,True,True,bullish,skipped,False,False,http_429,ok,True,False,,ok,True,False,True,,True,False,False,False,False,False,False,False,True,False,False,analyst_unknown,event_time_historical,yfinance_upgrades_downgrades,buy,2.3617,41,412.25366,450.0,600.0,123.0,,
1970,GOOGL,2024-07-29,buy,False,True,bullish,skipped,False,False,http_429,ok,True,False,,ok,True,False,True,,True,False,False,False,False,False,False,False,True,False,False,analyst_unknown,event_time_historical,yfinance_upgrades_downgrades,strong_buy,1.39683,52,427.88712,430.0,515.0,334.22,,
1971,NVDA,2024-07-12,buy,True,True,bullish,skipped,False,False,http_429,ok,True,False,,ok,True,False,True,,True,False,False,False,False,False,False,False,True,False,False,analyst_unknown,event_time_historical,yfinance_upgrades_downgrades,strong_buy,1.29508,57,272.93738,275.0,380.0,140.0,,
1972,NVDA,2024-07-12,buy,True,True,bullish,skipped,False,False,http_429,ok,True,False,,ok,True,False,True,,True,False,False,False,False,False,False,False,True,False,False,analyst_unknown,event_time_historical,yfinance_upgrades_downgrades,strong_buy,1.29508,57,272.93738,275.0,380.0,140.0,,
1973,NVDA,2024-07-12,buy,True,True,bullish,skipped,False,False,http_429,ok,True,False,,ok,True,False,True,,True,False,False,False,False,False,False,False,True,False,False,analyst_unknown,event_time_historical,yfinance_upgrades_downgrades,strong_buy,1.29508,57,272.93738,275.0,380.0,140.0,,
1974,AMD,2024-07-12,buy,True,True,bullish,skipped,False,False,http_429,ok,True,False,,ok,True,False,True,,True,False,False,False,False,False,False,False,True,False,False,analyst_unknown,event_time_historical,yfinance_upgrades_downgrades,buy,1.5098,48,457.83334,474.0,625.0,225.0,,
1975,AMD,2024-03-11,buy,True,True,bullish,skipped,False,False,http_429,ok,True,False,,ok,True,False,True,,True,False,False,False,False,False,False,False,True,False,False,analyst_unknown,event_time_historical,yfinance_upgrades_downgrades,buy,1.5098,48,457.83334,474.0,625.0,225.0,,
1976,NVDA,2024-03-11,buy,True,True,bullish,skipped,False,False,http_429,ok,True,False,,ok,True,False,True,,True,False,False,False,False,False,False,False,True,False,False,analyst_unknown,event_time_historical,yfinance_upgrades_downgrades,strong_buy,1.29508,57,272.93738,275.0,380.0,140.0,,
1977,AMD,2024-01-22,buy,True,True,bullish,skipped,False,False,http_429,ok,True,False,,ok,True,False,True,,True,False,False,False,False,False,False,False,True,False,False,analyst_unknown,event_time_historical,yfinance_upgrades_downgrades,buy,1.5098,48,457.83334,474.0,625.0,225.0,,
1978,AMD,2024-01-22,sell,True,True,bearish,skipped,False,False,http_429,ok,True,False,,ok,True,False,True,,True,False,False,False,False,False,False,False,True,False,False,analyst_unknown,event_time_historical,yfinance_upgrades_downgrades,buy,1.5098,48,457.83334,474.0,625.0,225.0,,
1979,AMD,2024-01-22,buy,True,True,bullish,skipped,False,False,http_429,ok,True,False,,ok,True,False,True,,True,False,False,False,False,False,False,False,True,False,False,analyst_unknown,event_time_historical,yfinance_upgrades_downgrades,buy,1.5098,48,457.83334,474.0,625.0,225.0,,
1980,NVDA,2024-01-22,buy,True,True,bullish,skipped,False,False,http_429,ok,True,False,,ok,True,False,True,,True,False,False,False,False,False,False,False,True,False,False,analyst_unknown,event_time_historical,yfinance_upgrades_downgrades,strong_buy,1.29508,57,272.93738,275.0,380.0,140.0,,
1981,NVDA,2024-01-22,buy,True,True,bullish,skipped,False,False,http_429,ok,True,False,,ok,True,False,True,,True,False,False,False,False,False,False,False,True,False,False,analyst_unknown,event_time_historical,yfinance_upgrades_downgrades,strong_buy,1.29508,57,272.93738,275.0,380.0,140.0,,
1982,TSLA,2024-01-29,buy,True,True,bullish,skipped,False,False,http_429,ok,True,False,,ok,True,False,True,,True,False,False,False,False,False,False,False,True,False,False,analyst_unknown,event_time_historical,yfinance_upgrades_downgrades,buy,2.3617,41,412.25366,450.0,600.0,123.0,,
1983,TSLA,2024-01-29,buy,True,True,bullish,skipped,False,False,http_429,ok,True,False,,ok,True,False,True,,True,False,False,False,False,False,False,False,True,False,False,analyst_unknown,event_time_historical,yfinance_upgrades_downgrades,buy,2.3617,41,412.25366,450.0,600.0,123.0,,
1984,TSLA,2024-01-29,buy,True,True,bullish,skipped,False,False,http_429,ok,True,False,,ok,True,False,True,,True,False,False,False,False,False,False,False,True,False,False,analyst_unknown,event_time_historical,yfinance_upgrades_downgrades,buy,2.3617,41,412.25366,450.0,600.0,123.0,,
1985,TSLA,2024-01-29,buy,True,True,bullish,skipped,False,False,http_429,ok,True,False,,ok,True,False,True,,True,False,False,False,False,False,False,False,True,False,False,analyst_unknown,event_time_historical,yfinance_upgrades_downgrades,buy,2.3617,41,412.25366,450.0,600.0,123.0,,
1986,TSLA,2024-01-29,buy,True,True,bullish,skipped,False,False,http_429,ok,True,False,,ok,True,False,True,,True,False,False,False,False,False,False,False,True,False,False,analyst_unknown,event_time_historical,yfinance_upgrades_downgrades,buy,2.3617,41,412.25366,450.0,600.0,123.0,,
1987,TSLA,2024-01-29,buy,True,True,bullish,skipped,False,False,http_429,ok,True,False,,ok,True,False,True,,True,False,False,False,False,False,False,False,True,False,False,analyst_unknown,event_time_historical,yfinance_upgrades_downgrades,buy,2.3617,41,412.25366,450.0,600.0,123.0,,
1988,TSLA,2024-01-29,buy,True,True,bullish,skipped,False,False,http_429,ok,True,False,,ok,True,False,True,,True,False,False,False,False,False,False,False,True,False,False,analyst_unknown,event_time_historical,yfinance_upgrades_downgrades,buy,2.3617,41,412.25366,450.0,600.0,123.0,,
1989,TSLA,2024-01-29,buy,True,True,bullish,skipped,False,False,http_429,ok,True,False,,ok,True,False,True,,True,False,False,False,False,False,False,False,True,False,False,analyst_unknown,event_time_historical,yfinance_upgrades_downgrades,buy,2.3617,41,412.25366,450.0,600.0,123.0,,
1990,TSLA,2024-01-29,buy,True,True,bullish,skipped,False,False,http_429,ok,True,False,,ok,True,False,True,,True,False,False,False,False,False,False,False,True,False,False,analyst_unknown,event_time_historical,yfinance_upgrades_downgrades,buy,2.3617,41,412.25366,450.0,600.0,123.0,,
1991,TSLA,2022-10-25,buy,True,True,bullish,skipped,False,False,http_429,ok,True,False,,ok,True,False,True,,True,False,False,False,False,False,False,False,True,False,False,analyst_unknown,event_time_historical,yfinance_upgrades_downgrades,buy,2.3617,41,412.25366,450.0,600.0,123.0,,
1992,TSLA,2022-10-25,sell,True,True,bearish,skipped,False,False,http_429,ok,True,False,,ok,True,False,True,,True,False,False,False,False,False,False,False,True,False,False,analyst_unknown,event_time_historical,yfinance_upgrades_downgrades,buy,2.3617,41,412.25366,450.0,600.0,123.0,,
1993,TSLA,2026-01-12,buy,True,True,bullish,skipped,False,False,http_429,ok,True,False,,ok,True,False,True,,True,False,False,False,False,False,False,False,True,False,False,analyst_unknown,event_time_historical,yfinance_upgrades_downgrades,buy,2.3617,41,412.25366,450.0,600.0,123.0,,
1994,GOOGL,2024-01-31,buy,False,True,bullish,skipped,False,False,http_429,ok,True,False,,ok,True,False,True,,True,False,False,False,False,False,False,False,True,False,False,analyst_unknown,event_time_historical,yfinance_upgrades_downgrades,strong_buy,1.39683,52,427.88712,430.0,515.0,334.22,,
1995,MSFT,2024-01-31,buy,False,True,bullish,skipped,False,False,http_429,ok,True,False,,ok,True,False,True,,True,False,False,False,False,False,False,False,True,False,False,analyst_unknown,event_time_historical,yfinance_upgrades_downgrades,strong_buy,1.30909,54,561.5561,562.5,870.0,400.0,,
1996,DIS,2024-01-31,buy,False,True,bullish,skipped,False,False,http_429,ok,True,False,,ok,True,False,True,,True,False,False,False,False,False,False,False,True,False,False,analyst_unknown,event_time_historical,yfinance_upgrades_downgrades,strong_buy,1.46667,29,130.66553,132.0,164.0,77.0,,
1997,TSLA,2023-12-21,buy,True,True,bullish,skipped,False,False,http_429,ok,True,False,,ok,True,False,True,,True,False,False,False,False,False,False,False,True,False,False,analyst_unknown,event_time_historical,yfinance_upgrades_downgrades,buy,2.3617,41,412.25366,450.0,600.0,123.0,,
1998,NVDA,2024-02-22,buy,True,True,bullish,skipped,False,False,http_429,ok,True,False,,ok,True,False,True,,True,False,False,False,False,False,False,False,True,False,False,analyst_unknown,event_time_historical,yfinance_upgrades_downgrades,strong_buy,1.29508,57,272.93738,275.0,380.0,140.0,,
1999,NVDA,2024-02-22,buy,True,True,bullish,skipped,False,False,http_429,ok,True,False,,ok,True,False,True,,True,False,False,False,False,False,False,False,True,False,False,analyst_unknown,event_time_historical,yfinance_upgrades_downgrades,strong_buy,1.29508,57,272.93738,275.0,380.0,140.0,,
2000,TSLA,2026-04-06,buy,True,True,bullish,skipped,False,False,http_429,ok,True,False,,ok,True,False,False,,True,True,False,False,False,True,True,True,False,True,False,analyst_bullish_aligned,event_time_historical,finnhub_recommendation,buy,2.3617,41,412.25366,450.0,600.0,123.0,,2026-04-01
2001,MSFT,2024-08-06,buy,False,True,bullish,skipped,False,False,http_429,ok,True,False,,ok,True,False,True,,True,False,False,False,False,False,False,False,True,False,False,analyst_unknown,event_time_historical,yfinance_upgrades_downgrades,strong_buy,1.30909,54,561.5561,562.5,870.0,400.0,,
2002,MSFT,2024-08-06,buy,False,True,bullish,skipped,False,False,http_429,ok,True,False,,ok,True,False,True,,True,False,False,False,False,False,False,False,True,False,False,analyst_unknown,event_time_historical,yfinance_upgrades_downgrades,strong_buy,1.30909,54,561.5561,562.5,870.0,400.0,,
2003,NVDA,2024-08-06,buy,True,True,bullish,skipped,False,False,http_429,ok,True,False,,ok,True,False,True,,True,False,False,False,False,False,False,False,True,False,False,analyst_unknown,event_time_historical,yfinance_upgrades_downgrades,strong_buy,1.29508,57,272.93738,275.0,380.0,140.0,,
2004,NVDA,2024-08-06,buy,True,True,bullish,skipped,False,False,http_429,ok,True,False,,ok,True,False,True,,True,False,False,False,False,False,False,False,True,False,False,analyst_unknown,event_time_historical,yfinance_upgrades_downgrades,strong_buy,1.29508,57,272.93738,275.0,380.0,140.0,,
2005,NVDA,2024-08-06,buy,True,True,bullish,skipped,False,False,http_429,ok,True,False,,ok,True,False,True,,True,False,False,False,False,False,False,False,True,False,False,analyst_unknown,event_time_historical,yfinance_upgrades_downgrades,strong_buy,1.29508,57,272.93738,275.0,380.0,140.0,,
2006,GOOGL,2024-08-06,buy,False,True,bullish,skipped,False,False,http_429,ok,True,False,,ok,True,False,True,,True,False,False,False,False,False,False,False,True,False,False,analyst_unknown,event_time_historical,yfinance_upgrades_downgrades,strong_buy,1.39683,52,427.88712,430.0,515.0,334.22,,
2007,TSLA,2023-11-28,buy,True,True,bullish,skipped,False,False,http_429,ok,True,False,,ok,True,False,True,,True,False,False,False,False,False,False,False,True,False,False,analyst_unknown,event_time_historical,yfinance_upgrades_downgrades,buy,2.3617,41,412.25366,450.0,600.0,123.0,,
2008,TSLA,2026-04-06,buy,True,True,bullish,skipped,False,False,http_429,ok,True,False,,ok,True,False,False,,True,True,False,False,False,True,True,True,False,True,False,analyst_bullish_aligned,event_time_historical,finnhub_recommendation,buy,2.3617,41,412.25366,450.0,600.0,123.0,,2026-04-01
2009,NVDA,2024-11-11,buy,True,True,bullish,skipped,False,False,http_429,ok,True,False,,ok,True,False,True,,True,False,False,False,False,False,False,False,True,False,False,analyst_unknown,event_time_historical,yfinance_upgrades_downgrades,strong_buy,1.29508,57,272.93738,275.0,380.0,140.0,,
2010,TSLA,2023-12-14,buy,True,True,bullish,skipped,False,False,http_429,ok,True,False,,ok,True,False,True,,True,False,False,False,False,False,False,False,True,False,False,analyst_unknown,event_time_historical,yfinance_upgrades_downgrades,buy,2.3617,41,412.25366,450.0,600.0,123.0,,
2011,TSLA,2022-12-15,buy,True,True,bullish,skipped,False,False,http_429,ok,True,False,,ok,True,False,True,,True,False,False,False,False,False,False,False,True,False,False,analyst_unknown,event_time_historical,yfinance_upgrades_downgrades,buy,2.3617,41,412.25366,450.0,600.0,123.0,,
2012,TSLA,2022-12-15,buy,True,True,bullish,skipped,False,False,http_429,ok,True,False,,ok,True,False,True,,True,False,False,False,False,False,False,False,True,False,False,analyst_unknown,event_time_historical,yfinance_upgrades_downgrades,buy,2.3617,41,412.25366,450.0,600.0,123.0,,
2013,TSLA,2022-12-15,buy,True,True,bullish,skipped,False,False,http_429,ok,True,False,,ok,True,False,True,,True,False,False,False,False,False,False,False,True,False,False,analyst_unknown,event_time_historical,yfinance_upgrades_downgrades,buy,2.3617,41,412.25366,450.0,600.0,123.0,,
2014,TSLA,2022-12-15,buy,True,True,bullish,skipped,False,False,http_429,ok,True,False,,ok,True,False,True,,True,False,False,False,False,False,False,False,True,False,False,analyst_unknown,event_time_historical,yfinance_upgrades_downgrades,buy,2.3617,41,412.25366,450.0,600.0,123.0,,
2015,TSLA,2022-12-15,buy,True,True,bullish,skipped,False,False,http_429,ok,True,False,,ok,True,False,True,,True,False,False,False,False,False,False,False,True,False,False,analyst_unknown,event_time_historical,yfinance_upgrades_downgrades,buy,2.3617,41,412.25366,450.0,600.0,123.0,,
2016,TSLA,2022-12-15,buy,True,True,bullish,skipped,False,False,http_429,ok,True,False,,ok,True,False,True,,True,False,False,False,False,False,False,False,True,False,False,analyst_unknown,event_time_historical,yfinance_upgrades_downgrades,buy,2.3617,41,412.25366,450.0,600.0,123.0,,
2017,TSLA,2022-12-15,buy,True,True,bullish,skipped,False,False,http_429,ok,True,False,,ok,True,False,True,,True,False,False,False,False,False,False,False,True,False,False,analyst_unknown,event_time_historical,yfinance_upgrades_downgrades,buy,2.3617,41,412.25366,450.0,600.0,123.0,,
2018,TSLA,2022-12-15,buy,True,True,bullish,skipped,False,False,http_429,ok,True,False,,ok,True,False,True,,True,False,False,False,False,False,False,False,True,False,False,analyst_unknown,event_time_historical,yfinance_upgrades_downgrades,buy,2.3617,41,412.25366,450.0,600.0,123.0,,
2019,TSLA,2022-12-15,sell,True,True,bearish,skipped,False,False,http_429,ok,True,False,,ok,True,False,True,,True,False,False,False,False,False,False,False,True,False,False,analyst_unknown,event_time_historical,yfinance_upgrades_downgrades,buy,2.3617,41,412.25366,450.0,600.0,123.0,,
2020,TSLA,2022-12-15,sell,True,True,bearish,skipped,False,False,http_429,ok,True,False,,ok,True,False,True,,True,False,False,False,False,False,False,False,True,False,False,analyst_unknown,event_time_historical,yfinance_upgrades_downgrades,buy,2.3617,41,412.25366,450.0,600.0,123.0,,
2021,NVDA,2024-05-20,buy,True,True,bullish,skipped,False,False,http_429,ok,True,False,,ok,True,False,True,,True,False,False,False,False,False,False,False,True,False,False,analyst_unknown,event_time_historical,yfinance_upgrades_downgrades,strong_buy,1.29508,57,272.93738,275.0,380.0,140.0,,
2022,TSLA,2024-02-14,sell,True,True,bearish,skipped,False,False,http_429,ok,True,False,,ok,True,False,True,,True,False,False,False,False,False,False,False,True,False,False,analyst_unknown,event_time_historical,yfinance_upgrades_downgrades,buy,2.3617,41,412.25366,450.0,600.0,123.0,,
2023,AAPL,2024-03-08,buy,True,True,bullish,skipped,False,False,http_429,ok,True,False,,ok,True,False,True,,True,False,False,False,False,False,False,False,True,False,False,analyst_unknown,event_time_historical,yfinance_upgrades_downgrades,buy,1.95833,43,308.06512,310.0,400.0,215.0,,
2024,AAPL,2024-03-08,buy,True,True,bullish,skipped,False,False,http_429,ok,True,False,,ok,True,False,True,,True,False,False,False,False,False,False,False,True,False,False,analyst_unknown,event_time_historical,yfinance_upgrades_downgrades,buy,1.95833,43,308.06512,310.0,400.0,215.0,,
2025,TSLA,2026-03-02,buy,True,True,bullish,skipped,False,False,http_429,ok,True,False,,ok,True,False,False,,True,True,False,False,False,True,True,True,False,True,False,analyst_bullish_aligned,event_time_historical,finnhub_recommendation,buy,2.3617,41,412.25366,450.0,600.0,123.0,,2026-03-01
2026,TSLA,2024-01-16,buy,True,False,bullish,skipped,False,False,http_429,ok,True,False,,ok,True,False,True,,True,False,False,False,False,False,False,False,True,False,False,analyst_unknown,event_time_historical,yfinance_upgrades_downgrades,buy,2.3617,41,412.25366,450.0,600.0,123.0,,
2027,AAPL,2024-01-16,buy,True,True,bullish,skipped,False,False,http_429,ok,True,False,,ok,True,False,True,,True,False,False,False,False,False,False,False,True,False,False,analyst_unknown,event_time_historical,yfinance_upgrades_downgrades,buy,1.95833,43,308.06512,310.0,400.0,215.0,,
2028,TSLA,2024-04-18,buy,True,True,bullish,skipped,False,False,http_429,ok,True,False,,ok,True,False,True,,True,False,False,False,False,False,False,False,True,False,False,analyst_unknown,event_time_historical,yfinance_upgrades_downgrades,buy,2.3617,41,412.25366,450.0,600.0,123.0,,
2029,AMC,2023-08-11,sell,False,True,bearish,skipped,False,False,http_429,ok,True,False,,ok,True,False,True,,True,False,False,False,False,False,False,False,True,False,False,analyst_unknown,event_time_historical,yfinance_recommendations,hold,2.71429,6,2.03333,2.0,3.0,1.2,,
2030,AMC,2023-08-11,sell,False,True,bearish,skipped,False,False,http_429,ok,True,False,,ok,True,False,True,,True,False,False,False,False,False,False,False,True,False,False,analyst_unknown,event_time_historical,yfinance_recommendations,hold,2.71429,6,2.03333,2.0,3.0,1.2,,
2031,AMC,2023-08-11,sell,False,True,bearish,skipped,False,False,http_429,ok,True,False,,ok,True,False,True,,True,False,False,False,False,False,False,False,True,False,False,analyst_unknown,event_time_historical,yfinance_recommendations,hold,2.71429,6,2.03333,2.0,3.0,1.2,,
2032,AMC,2023-08-11,buy,False,True,bullish,skipped,False,False,http_429,ok,True,False,,ok,True,False,True,,True,False,False,False,False,False,False,False,True,False,False,analyst_unknown,event_time_historical,yfinance_recommendations,hold,2.71429,6,2.03333,2.0,3.0,1.2,,
2033,AMC,2023-08-11,sell,False,True,bearish,skipped,False,False,http_429,ok,True,False,,ok,True,False,True,,True,False,False,False,False,False,False,False,True,False,False,analyst_unknown,event_time_historical,yfinance_recommendations,hold,2.71429,6,2.03333,2.0,3.0,1.2,,
2034,AMC,2023-08-11,buy,False,True,bullish,skipped,False,False,http_429,ok,True,False,,ok,True,False,True,,True,False,False,False,False,False,False,False,True,False,False,analyst_unknown,event_time_historical,yfinance_recommendations,hold,2.71429,6,2.03333,2.0,3.0,1.2,,
2035,AMC,2023-08-11,sell,False,True,bearish,skipped,False,False,http_429,ok,True,False,,ok,True,False,True,,True,False,False,False,False,False,False,False,True,False,False,analyst_unknown,event_time_historical,yfinance_recommendations,hold,2.71429,6,2.03333,2.0,3.0,1.2,,
2036,AMC,2023-08-11,sell,False,True,bearish,skipped,False,False,http_429,ok,True,False,,ok,True,False,True,,True,False,False,False,False,False,False,False,True,False,False,analyst_unknown,event_time_historical,yfinance_recommendations,hold,2.71429,6,2.03333,2.0,3.0,1.2,,
2037,TSLA,2024-04-23,buy,True,True,bullish,skipped,False,False,http_429,ok,True,False,,ok,True,False,True,,True,False,False,False,False,False,False,False,True,False,False,analyst_unknown,event_time_historical,yfinance_upgrades_downgrades,buy,2.3617,41,412.25366,450.0,600.0,123.0,,
2038,TSLA,2024-04-23,buy,True,True,bullish,skipped,False,False,http_429,ok,True,False,,ok,True,False,True,,True,False,False,False,False,False,False,False,True,False,False,analyst_unknown,event_time_historical,yfinance_upgrades_downgrades,buy,2.3617,41,412.25366,450.0,600.0,123.0,,
2039,TSLA,2024-04-23,buy,True,False,bullish,skipped,False,False,http_429,ok,True,False,,ok,True,False,True,,True,False,False,False,False,False,False,False,True,False,False,analyst_unknown,event_time_historical,yfinance_upgrades_downgrades,buy,2.3617,41,412.25366,450.0,600.0,123.0,,
2040,TSLA,2024-04-23,buy,True,True,bullish,skipped,False,False,http_429,ok,True,False,,ok,True,False,True,,True,False,False,False,False,False,False,False,True,False,False,analyst_unknown,event_time_historical,yfinance_upgrades_downgrades,buy,2.3617,41,412.25366,450.0,600.0,123.0,,
2041,TSLA,2024-04-23,buy,True,True,bullish,skipped,False,False,http_429,ok,True,False,,ok,True,False,True,,True,False,False,False,False,False,False,False,True,False,False,analyst_unknown,event_time_historical,yfinance_upgrades_downgrades,buy,2.3617,41,412.25366,450.0,600.0,123.0,,
2042,TSLA,2024-04-23,buy,True,True,bullish,skipped,False,False,http_429,ok,True,False,,ok,True,False,True,,True,False,False,False,False,False,False,False,True,False,False,analyst_unknown,event_time_historical,yfinance_upgrades_downgrades,buy,2.3617,41,412.25366,450.0,600.0,123.0,,
2043,AMC,2023-08-22,sell,False,True,bearish,skipped,False,False,http_429,ok,True,False,,ok,True,False,True,,True,False,False,False,False,False,False,False,True,False,False,analyst_unknown,event_time_historical,yfinance_recommendations,hold,2.71429,6,2.03333,2.0,3.0,1.2,,
2044,TSLA,2024-04-25,buy,True,True,bullish,skipped,False,False,http_429,ok,True,False,,ok,True,False,True,,True,False,False,False,False,False,False,False,True,False,False,analyst_unknown,event_time_historical,yfinance_upgrades_downgrades,buy,2.3617,41,412.25366,450.0,600.0,123.0,,
2045,AMC,2023-08-24,sell,False,True,bearish,skipped,False,False,http_429,ok,True,False,,ok,True,False,True,,True,False,False,False,False,False,False,False,True,False,False,analyst_unknown,event_time_historical,yfinance_upgrades_downgrades,hold,2.71429,6,2.03333,2.0,3.0,1.2,,
2046,AMC,2023-08-24,sell,False,True,bearish,skipped,False,False,http_429,ok,True,False,,ok,True,False,True,,True,False,False,False,False,False,False,False,True,False,False,analyst_unknown,event_time_historical,yfinance_upgrades_downgrades,hold,2.71429,6,2.03333,2.0,3.0,1.2,,
2047,AMC,2023-08-24,sell,False,True,bearish,skipped,False,False,http_429,ok,True,False,,ok,True,False,True,,True,False,False,False,False,False,False,False,True,False,False,analyst_unknown,event_time_historical,yfinance_upgrades_downgrades,hold,2.71429,6,2.03333,2.0,3.0,1.2,,
2048,AMC,2023-08-24,sell,False,True,bearish,skipped,False,False,http_429,ok,True,False,,ok,True,False,True,,True,False,False,False,False,False,False,False,True,False,False,analyst_unknown,event_time_historical,yfinance_upgrades_downgrades,hold,2.71429,6,2.03333,2.0,3.0,1.2,,
2049,AMC,2023-08-24,sell,False,True,bearish,skipped,False,False,http_429,ok,True,False,,ok,True,False,True,,True,False,False,False,False,False,False,False,True,False,False,analyst_unknown,event_time_historical,yfinance_upgrades_downgrades,hold,2.71429,6,2.03333,2.0,3.0,1.2,,
2050,AMC,2023-08-24,sell,False,True,bearish,skipped,False,False,http_429,ok,True,False,,ok,True,False,True,,True,False,False,False,False,False,False,False,True,False,False,analyst_unknown,event_time_historical,yfinance_upgrades_downgrades,hold,2.71429,6,2.03333,2.0,3.0,1.2,,
2051,AMC,2023-08-24,sell,False,True,bearish,skipped,False,False,http_429,ok,True,False,,ok,True,False,True,,True,False,False,False,False,False,False,False,True,False,False,analyst_unknown,event_time_historical,yfinance_upgrades_downgrades,hold,2.71429,6,2.03333,2.0,3.0,1.2,,
2052,AMZN,2024-10-28,buy,True,True,bullish,skipped,False,False,http_429,ok,True,False,,ok,True,False,True,,True,False,False,False,False,False,False,False,True,False,False,analyst_unknown,event_time_historical,yfinance_upgrades_downgrades,strong_buy,1.34848,62,311.55145,317.0,370.0,207.0,,
2053,AMZN,2024-10-28,buy,True,True,bullish,skipped,False,False,http_429,ok,True,False,,ok,True,False,True,,True,False,False,False,False,False,False,False,True,False,False,analyst_unknown,event_time_historical,yfinance_upgrades_downgrades,strong_buy,1.34848,62,311.55145,317.0,370.0,207.0,,
2054,TSLA,2024-10-28,buy,True,True,bullish,skipped,False,False,http_429,ok,True,False,,ok,True,False,True,,True,False,False,False,False,False,False,False,True,False,False,analyst_unknown,event_time_historical,yfinance_upgrades_downgrades,buy,2.3617,41,412.25366,450.0,600.0,123.0,,
2055,TSLA,2023-09-11,sell,True,True,bearish,skipped,False,False,http_429,ok,True,False,,ok,True,False,True,,True,False,False,False,False,False,False,False,True,False,False,analyst_unknown,event_time_historical,yfinance_upgrades_downgrades,buy,2.3617,41,412.25366,450.0,600.0,123.0,,
2056,TSLA,2024-02-13,buy,True,True,bullish,skipped,False,False,http_429,ok,True,False,,ok,True,False,True,,True,False,False,False,False,False,False,False,True,False,False,analyst_unknown,event_time_historical,yfinance_upgrades_downgrades,buy,2.3617,41,412.25366,450.0,600.0,123.0,,
2057,TSLA,2024-02-13,buy,True,True,bullish,skipped,False,False,http_429,ok,True,False,,ok,True,False,True,,True,False,False,False,False,False,False,False,True,False,False,analyst_unknown,event_time_historical,yfinance_upgrades_downgrades,buy,2.3617,41,412.25366,450.0,600.0,123.0,,
2058,TSLA,2024-02-13,buy,True,True,bullish,skipped,False,False,http_429,ok,True,False,,ok,True,False,True,,True,False,False,False,False,False,False,False,True,False,False,analyst_unknown,event_time_historical,yfinance_upgrades_downgrades,buy,2.3617,41,412.25366,450.0,600.0,123.0,,
2059,TSLA,2024-02-13,buy,True,True,bullish,skipped,False,False,http_429,ok,True,False,,ok,True,False,True,,True,False,False,False,False,False,False,False,True,False,False,analyst_unknown,event_time_historical,yfinance_upgrades_downgrades,buy,2.3617,41,412.25366,450.0,600.0,123.0,,
2060,TSLA,2024-02-13,buy,True,True,bullish,skipped,False,False,http_429,ok,True,False,,ok,True,False,True,,True,False,False,False,False,False,False,False,True,False,False,analyst_unknown,event_time_historical,yfinance_upgrades_downgrades,buy,2.3617,41,412.25366,450.0,600.0,123.0,,
2061,TSLA,2024-02-13,buy,True,False,bullish,skipped,False,False,http_429,ok,True,False,,ok,True,False,True,,True,False,False,False,False,False,False,False,True,False,False,analyst_unknown,event_time_historical,yfinance_upgrades_downgrades,buy,2.3617,41,412.25366,450.0,600.0,123.0,,
2062,TSLA,2024-02-13,buy,True,True,bullish,skipped,False,False,http_429,ok,True,False,,ok,True,False,True,,True,False,False,False,False,False,False,False,True,False,False,analyst_unknown,event_time_historical,yfinance_upgrades_downgrades,buy,2.3617,41,412.25366,450.0,600.0,123.0,,
2063,TSLA,2024-02-13,buy,True,True,bullish,skipped,False,False,http_429,ok,True,False,,ok,True,False,True,,True,False,False,False,False,False,False,False,True,False,False,analyst_unknown,event_time_historical,yfinance_upgrades_downgrades,buy,2.3617,41,412.25366,450.0,600.0,123.0,,
2064,TSLA,2024-02-13,buy,True,True,bullish,skipped,False,False,http_429,ok,True,False,,ok,True,False,True,,True,False,False,False,False,False,False,False,True,False,False,analyst_unknown,event_time_historical,yfinance_upgrades_downgrades,buy,2.3617,41,412.25366,450.0,600.0,123.0,,
2065,TSLA,2024-02-13,sell,True,True,bearish,skipped,False,False,http_429,ok,True,False,,ok,True,False,True,,True,False,False,False,False,False,False,False,True,False,False,analyst_unknown,event_time_historical,yfinance_upgrades_downgrades,buy,2.3617,41,412.25366,450.0,600.0,123.0,,
2066,TSLA,2024-02-13,sell,True,True,bearish,skipped,False,False,http_429,ok,True,False,,ok,True,False,True,,True,False,False,False,False,False,False,False,True,False,False,analyst_unknown,event_time_historical,yfinance_upgrades_downgrades,buy,2.3617,41,412.25366,450.0,600.0,123.0,,
2067,TSLA,2024-02-13,buy,True,True,bullish,skipped,False,False,http_429,ok,True,False,,ok,True,False,True,,True,False,False,False,False,False,False,False,True,False,False,analyst_unknown,event_time_historical,yfinance_upgrades_downgrades,buy,2.3617,41,412.25366,450.0,600.0,123.0,,
2068,TSLA,2024-02-13,buy,True,True,bullish,skipped,False,False,http_429,ok,True,False,,ok,True,False,True,,True,False,False,False,False,False,False,False,True,False,False,analyst_unknown,event_time_historical,yfinance_upgrades_downgrades,buy,2.3617,41,412.25366,450.0,600.0,123.0,,
2069,AAPL,2024-02-13,buy,True,True,bullish,skipped,False,False,http_429,ok,True,False,,ok,True,False,True,,True,False,False,False,False,False,False,False,True,False,False,analyst_unknown,event_time_historical,yfinance_upgrades_downgrades,buy,1.95833,43,308.06512,310.0,400.0,215.0,,
2070,AAPL,2024-02-13,buy,True,True,bullish,skipped,False,False,http_429,ok,True,False,,ok,True,False,True,,True,False,False,False,False,False,False,False,True,False,False,analyst_unknown,event_time_historical,yfinance_upgrades_downgrades,buy,1.95833,43,308.06512,310.0,400.0,215.0,,
2071,AAPL,2024-02-13,buy,True,True,bullish,skipped,False,False,http_429,ok,True,False,,ok,True,False,True,,True,False,False,False,False,False,False,False,True,False,False,analyst_unknown,event_time_historical,yfinance_upgrades_downgrades,buy,1.95833,43,308.06512,310.0,400.0,215.0,,
2072,AAPL,2024-02-13,sell,True,True,bearish,skipped,False,False,http_429,ok,True,False,,ok,True,False,True,,True,False,False,False,False,False,False,False,True,False,False,analyst_unknown,event_time_historical,yfinance_upgrades_downgrades,buy,1.95833,43,308.06512,310.0,400.0,215.0,,
2073,AAPL,2024-02-13,buy,True,True,bullish,skipped,False,False,http_429,ok,True,False,,ok,True,False,True,,True,False,False,False,False,False,False,False,True,False,False,analyst_unknown,event_time_historical,yfinance_upgrades_downgrades,buy,1.95833,43,308.06512,310.0,400.0,215.0,,
2074,MSFT,2024-02-13,buy,False,True,bullish,skipped,False,False,http_429,ok,True,False,,ok,True,False,True,,True,False,False,False,False,False,False,False,True,False,False,analyst_unknown,event_time_historical,yfinance_upgrades_downgrades,strong_buy,1.30909,54,561.5561,562.5,870.0,400.0,,
2075,NVDA,2024-02-13,buy,True,True,bullish,skipped,False,False,http_429,ok,True,False,,ok,True,False,True,,True,False,False,False,False,False,False,False,True,False,False,analyst_unknown,event_time_historical,yfinance_upgrades_downgrades,strong_buy,1.29508,57,272.93738,275.0,380.0,140.0,,
2076,TSLA,2024-12-16,buy,True,True,bullish,skipped,False,False,http_429,ok,True,False,,ok,True,False,True,,True,False,False,False,False,False,False,False,True,False,False,analyst_unknown,event_time_historical,yfinance_upgrades_downgrades,buy,2.3617,41,412.25366,450.0,600.0,123.0,,
2077,AMD,2025-06-13,buy,True,True,bullish,skipped,False,False,http_429,ok,True,False,,ok,True,False,True,,True,False,False,False,False,False,False,False,True,False,False,analyst_unknown,event_time_historical,yfinance_upgrades_downgrades,buy,1.5098,48,457.83334,474.0,625.0,225.0,,
2078,AMD,2025-06-13,buy,True,True,bullish,skipped,False,False,http_429,ok,True,False,,ok,True,False,True,,True,False,False,False,False,False,False,False,True,False,False,analyst_unknown,event_time_historical,yfinance_upgrades_downgrades,buy,1.5098,48,457.83334,474.0,625.0,225.0,,
2079,AMD,2025-06-13,sell,True,True,bearish,skipped,False,False,http_429,ok,True,False,,ok,True,False,True,,True,False,False,False,False,False,False,False,True,False,False,analyst_unknown,event_time_historical,yfinance_upgrades_downgrades,buy,1.5098,48,457.83334,474.0,625.0,225.0,,
2080,AMD,2025-07-29,buy,True,True,bullish,skipped,False,False,http_429,ok,True,False,,ok,True,False,True,,True,False,False,False,False,False,False,False,True,False,False,analyst_unknown,event_time_historical,yfinance_upgrades_downgrades,buy,1.5098,48,457.83334,474.0,625.0,225.0,,
2081,SOFI,2025-07-29,buy,False,True,bullish,skipped,False,False,http_429,ok,True,False,,ok,True,False,True,,True,False,False,False,False,False,False,False,True,False,False,analyst_unknown,event_time_historical,yfinance_upgrades_downgrades,hold,2.70833,20,21.1,18.5,31.0,12.0,,
2082,AAPL,2025-07-29,buy,True,True,bullish,skipped,False,False,http_429,ok,True,False,,ok,True,False,True,,True,False,False,False,False,False,False,False,True,False,False,analyst_unknown,event_time_historical,yfinance_upgrades_downgrades,buy,1.95833,43,308.06512,310.0,400.0,215.0,,
2083,AAPL,2024-05-06,buy,True,True,bullish,skipped,False,False,http_429,ok,True,False,,ok,True,False,True,,True,False,False,False,False,False,False,False,True,False,False,analyst_unknown,event_time_historical,yfinance_upgrades_downgrades,buy,1.95833,43,308.06512,310.0,400.0,215.0,,
2084,AAPL,2024-05-06,sell,True,True,bearish,skipped,False,False,http_429,ok,True,False,,ok,True,False,True,,True,False,False,False,False,False,False,False,True,False,False,analyst_unknown,event_time_historical,yfinance_upgrades_downgrades,buy,1.95833,43,308.06512,310.0,400.0,215.0,,
2085,AAPL,2024-05-06,sell,True,True,bearish,skipped,False,False,http_429,ok,True,False,,ok,True,False,True,,True,False,False,False,False,False,False,False,True,False,False,analyst_unknown,event_time_historical,yfinance_upgrades_downgrades,buy,1.95833,43,308.06512,310.0,400.0,215.0,,
2086,AAPL,2024-05-06,sell,True,True,bearish,skipped,False,False,http_429,ok,True,False,,ok,True,False,True,,True,False,False,False,False,False,False,False,True,False,False,analyst_unknown,event_time_historical,yfinance_upgrades_downgrades,buy,1.95833,43,308.06512,310.0,400.0,215.0,,
2087,DIS,2023-03-07,buy,False,True,bullish,skipped,False,False,http_429,ok,True,False,,ok,True,False,True,,True,False,False,False,False,False,False,False,True,False,False,analyst_unknown,event_time_historical,yfinance_upgrades_downgrades,strong_buy,1.46667,29,130.66553,132.0,164.0,77.0,,
2088,MSFT,2023-03-07,buy,False,True,bullish,skipped,False,False,http_429,ok,True,False,,ok,True,False,True,,True,False,False,False,False,False,False,False,True,False,False,analyst_unknown,event_time_historical,yfinance_upgrades_downgrades,strong_buy,1.30909,54,561.5561,562.5,870.0,400.0,,
2089,AMZN,2023-03-07,buy,True,True,bullish,skipped,False,False,http_429,ok,True,False,,ok,True,False,True,,True,False,False,False,False,False,False,False,True,False,False,analyst_unknown,event_time_historical,yfinance_upgrades_downgrades,strong_buy,1.34848,62,311.55145,317.0,370.0,207.0,,
2090,GOOGL,2023-03-07,buy,False,True,bullish,skipped,False,False,http_429,ok,True,False,,ok,True,False,True,,True,False,False,False,False,False,False,False,True,False,False,analyst_unknown,event_time_historical,yfinance_upgrades_downgrades,strong_buy,1.39683,52,427.88712,430.0,515.0,334.22,,
2091,AMD,2025-08-06,buy,True,True,bullish,skipped,False,False,http_429,ok,True,False,,ok,True,False,True,,True,False,False,False,False,False,False,False,True,False,False,analyst_unknown,event_time_historical,yfinance_upgrades_downgrades,buy,1.5098,48,457.83334,474.0,625.0,225.0,,
2092,NVDA,2025-08-06,buy,True,True,bullish,skipped,False,False,http_429,ok,True,False,,ok,True,False,True,,True,False,False,False,False,False,False,False,True,False,False,analyst_unknown,event_time_historical,yfinance_upgrades_downgrades,strong_buy,1.29508,57,272.93738,275.0,380.0,140.0,,
2093,AAPL,2024-08-06,sell,True,True,bearish,skipped,False,False,http_429,ok,True,False,,ok,True,False,True,,True,False,False,False,False,False,False,False,True,False,False,analyst_unknown,event_time_historical,yfinance_upgrades_downgrades,buy,1.95833,43,308.06512,310.0,400.0,215.0,,
2094,AAPL,2024-08-06,buy,True,True,bullish,skipped,False,False,http_429,ok,True,False,,ok,True,False,True,,True,False,False,False,False,False,False,False,True,False,False,analyst_unknown,event_time_historical,yfinance_upgrades_downgrades,buy,1.95833,43,308.06512,310.0,400.0,215.0,,
2095,AAPL,2024-08-06,sell,True,True,bearish,skipped,False,False,http_429,ok,True,False,,ok,True,False,True,,True,False,False,False,False,False,False,False,True,False,False,analyst_unknown,event_time_historical,yfinance_upgrades_downgrades,buy,1.95833,43,308.06512,310.0,400.0,215.0,,
2096,MSFT,2024-02-05,sell,False,True,bearish,skipped,False,False,http_429,ok,True,False,,ok,True,False,True,,True,False,False,False,False,False,False,False,True,False,False,analyst_unknown,event_time_historical,yfinance_upgrades_downgrades,strong_buy,1.30909,54,561.5561,562.5,870.0,400.0,,
2097,AMD,2025-10-20,sell,True,True,bearish,skipped,False,False,http_429,ok,True,False,,ok,True,False,True,,True,False,False,False,False,False,False,False,True,False,False,analyst_unknown,event_time_historical,yfinance_upgrades_downgrades,buy,1.5098,48,457.83334,474.0,625.0,225.0,,
2098,AMZN,2025-10-20,sell,True,True,bearish,skipped,False,False,http_429,ok,True,False,,ok,True,False,True,,True,False,False,False,False,False,False,False,True,False,False,analyst_unknown,event_time_historical,yfinance_upgrades_downgrades,strong_buy,1.34848,62,311.55145,317.0,370.0,207.0,,
2099,NVDA,2025-10-20,sell,True,True,bearish,skipped,False,False,http_429,ok,True,False,,ok,True,False,True,,True,False,False,False,False,False,False,False,True,False,False,analyst_unknown,event_time_historical,yfinance_upgrades_downgrades,strong_buy,1.29508,57,272.93738,275.0,380.0,140.0,,
2100,AAPL,2024-05-28,buy,True,True,bullish,skipped,False,False,http_429,ok,True,False,,ok,True,False,True,,True,False,False,False,False,False,False,False,True,False,False,analyst_unknown,event_time_historical,yfinance_upgrades_downgrades,buy,1.95833,43,308.06512,310.0,400.0,215.0,,
2101,MSFT,2023-05-26,buy,False,True,bullish,skipped,False,False,http_429,ok,True,False,,ok,True,False,True,,True,False,False,False,False,False,False,False,True,False,False,analyst_unknown,event_time_historical,yfinance_upgrades_downgrades,strong_buy,1.30909,54,561.5561,562.5,870.0,400.0,,
2102,AMZN,2023-05-26,buy,True,True,bullish,skipped,False,False,http_429,ok,True,False,,ok,True,False,True,,True,False,False,False,False,False,False,False,True,False,False,analyst_unknown,event_time_historical,yfinance_upgrades_downgrades,strong_buy,1.34848,62,311.55145,317.0,370.0,207.0,,
2103,AMZN,2023-05-26,buy,True,True,bullish,skipped,False,False,http_429,ok,True,False,,ok,True,False,True,,True,False,False,False,False,False,False,False,True,False,False,analyst_unknown,event_time_historical,yfinance_upgrades_downgrades,strong_buy,1.34848,62,311.55145,317.0,370.0,207.0,,
2104,GOOGL,2023-05-26,sell,False,True,bearish,skipped,False,False,http_429,ok,True,False,,ok,True,False,True,,True,False,False,False,False,False,False,False,True,False,False,analyst_unknown,event_time_historical,yfinance_upgrades_downgrades,strong_buy,1.39683,52,427.88712,430.0,515.0,334.22,,
2105,AMD,2025-11-25,buy,True,True,bullish,skipped,False,False,http_429,ok,True,False,,ok,True,False,True,,True,False,False,False,False,False,False,False,True,False,False,analyst_unknown,event_time_historical,yfinance_upgrades_downgrades,buy,1.5098,48,457.83334,474.0,625.0,225.0,,
2106,AMD,2025-11-25,buy,True,True,bullish,skipped,False,False,http_429,ok,True,False,,ok,True,False,True,,True,False,False,False,False,False,False,False,True,False,False,analyst_unknown,event_time_historical,yfinance_upgrades_downgrades,buy,1.5098,48,457.83334,474.0,625.0,225.0,,
2107,AMD,2025-11-25,buy,True,True,bullish,skipped,False,False,http_429,ok,True,False,,ok,True,False,True,,True,False,False,False,False,False,False,False,True,False,False,analyst_unknown,event_time_historical,yfinance_upgrades_downgrades,buy,1.5098,48,457.83334,474.0,625.0,225.0,,
2108,AMD,2025-11-25,buy,True,True,bullish,skipped,False,False,http_429,ok,True,False,,ok,True,False,True,,True,False,False,False,False,False,False,False,True,False,False,analyst_unknown,event_time_historical,yfinance_upgrades_downgrades,buy,1.5098,48,457.83334,474.0,625.0,225.0,,
2109,AMD,2025-11-25,buy,True,True,bullish,skipped,False,False,http_429,ok,True,False,,ok,True,False,True,,True,False,False,False,False,False,False,False,True,False,False,analyst_unknown,event_time_historical,yfinance_upgrades_downgrades,buy,1.5098,48,457.83334,474.0,625.0,225.0,,
2110,GOOGL,2025-11-25,buy,False,True,bullish,skipped,False,False,http_429,ok,True,False,,ok,True,False,True,,True,False,False,False,False,False,False,False,True,False,False,analyst_unknown,event_time_historical,yfinance_upgrades_downgrades,strong_buy,1.39683,52,427.88712,430.0,515.0,334.22,,
2111,GOOGL,2025-11-25,buy,False,True,bullish,skipped,False,False,http_429,ok,True,False,,ok,True,False,True,,True,False,False,False,False,False,False,False,True,False,False,analyst_unknown,event_time_historical,yfinance_upgrades_downgrades,strong_buy,1.39683,52,427.88712,430.0,515.0,334.22,,
2112,META,2025-11-25,buy,False,True,bullish,skipped,False,False,http_429,ok,True,False,,ok,True,False,True,,True,False,False,False,False,False,False,False,True,False,False,analyst_unknown,event_time_historical,yfinance_upgrades_downgrades,strong_buy,1.34921,58,826.69104,825.0,1015.0,614.0,,
2113,META,2025-11-25,buy,False,True,bullish,skipped,False,False,http_429,ok,True,False,,ok,True,False,True,,True,False,False,False,False,False,False,False,True,False,False,analyst_unknown,event_time_historical,yfinance_upgrades_downgrades,strong_buy,1.34921,58,826.69104,825.0,1015.0,614.0,,
2114,AMD,2025-12-09,buy,True,True,bullish,skipped,False,False,http_429,ok,True,False,,ok,True,False,True,,True,False,False,False,False,False,False,False,True,False,False,analyst_unknown,event_time_historical,yfinance_upgrades_downgrades,buy,1.5098,48,457.83334,474.0,625.0,225.0,,
2115,AMD,2025-12-09,buy,True,False,bullish,skipped,False,False,http_429,ok,True,False,,ok,True,False,True,,True,False,False,False,False,False,False,False,True,False,False,analyst_unknown,event_time_historical,yfinance_upgrades_downgrades,buy,1.5098,48,457.83334,474.0,625.0,225.0,,
2116,NFLX,2025-12-09,buy,False,True,bullish,skipped,False,False,http_429,ok,True,False,,ok,True,False,True,,True,False,False,False,False,False,False,False,True,False,False,analyst_unknown,event_time_historical,yfinance_upgrades_downgrades,buy,1.68,44,114.555,115.0,151.4,80.0,,
2117,NVDA,2025-12-09,buy,True,True,bullish,skipped,False,False,http_429,ok,True,False,,ok,True,False,True,,True,False,False,False,False,False,False,False,True,False,False,analyst_unknown,event_time_historical,yfinance_upgrades_downgrades,strong_buy,1.29508,57,272.93738,275.0,380.0,140.0,,
2118,NVDA,2025-12-09,buy,True,True,bullish,skipped,False,False,http_429,ok,True,False,,ok,True,False,True,,True,False,False,False,False,False,False,False,True,False,False,analyst_unknown,event_time_historical,yfinance_upgrades_downgrades,strong_buy,1.29508,57,272.93738,275.0,380.0,140.0,,
2119,TSLA,2021-12-06,buy,True,True,bullish,skipped,False,False,http_429,ok,True,False,,ok,True,False,True,,True,False,False,False,False,False,False,False,True,False,False,analyst_unknown,event_time_historical,yfinance_upgrades_downgrades,buy,2.3617,41,412.25366,450.0,600.0,123.0,,
2120,TSLA,2021-12-06,sell,True,True,bearish,skipped,False,False,http_429,ok,True,False,,ok,True,False,True,,True,False,False,False,False,False,False,False,True,False,False,analyst_unknown,event_time_historical,yfinance_upgrades_downgrades,buy,2.3617,41,412.25366,450.0,600.0,123.0,,
2121,TSLA,2021-12-06,buy,True,True,bullish,skipped,False,False,http_429,ok,True,False,,ok,True,False,True,,True,False,False,False,False,False,False,False,True,False,False,analyst_unknown,event_time_historical,yfinance_upgrades_downgrades,buy,2.3617,41,412.25366,450.0,600.0,123.0,,
2122,TSLA,2021-12-06,sell,True,True,bearish,skipped,False,False,http_429,ok,True,False,,ok,True,False,True,,True,False,False,False,False,False,False,False,True,False,False,analyst_unknown,event_time_historical,yfinance_upgrades_downgrades,buy,2.3617,41,412.25366,450.0,600.0,123.0,,
2123,TSLA,2021-12-06,buy,True,True,bullish,skipped,False,False,http_429,ok,True,False,,ok,True,False,True,,True,False,False,False,False,False,False,False,True,False,False,analyst_unknown,event_time_historical,yfinance_upgrades_downgrades,buy,2.3617,41,412.25366,450.0,600.0,123.0,,
2124,TSLA,2021-12-06,sell,True,True,bearish,skipped,False,False,http_429,ok,True,False,,ok,True,False,True,,True,False,False,False,False,False,False,False,True,False,False,analyst_unknown,event_time_historical,yfinance_upgrades_downgrades,buy,2.3617,41,412.25366,450.0,600.0,123.0,,
2125,TSLA,2021-12-06,sell,True,True,bearish,skipped,False,False,http_429,ok,True,False,,ok,True,False,True,,True,False,False,False,False,False,False,False,True,False,False,analyst_unknown,event_time_historical,yfinance_upgrades_downgrades,buy,2.3617,41,412.25366,450.0,600.0,123.0,,
2126,AMD,2025-12-11,buy,True,True,bullish,skipped,False,False,http_429,ok,True,False,,ok,True,False,True,,True,False,False,False,False,False,False,False,True,False,False,analyst_unknown,event_time_historical,yfinance_upgrades_downgrades,buy,1.5098,48,457.83334,474.0,625.0,225.0,,
2127,AMD,2025-12-11,buy,True,True,bullish,skipped,False,False,http_429,ok,True,False,,ok,True,False,True,,True,False,False,False,False,False,False,False,True,False,False,analyst_unknown,event_time_historical,yfinance_upgrades_downgrades,buy,1.5098,48,457.83334,474.0,625.0,225.0,,
2128,AAPL,2023-11-20,buy,True,True,bullish,skipped,False,False,http_429,ok,True,False,,ok,True,False,True,,True,False,False,False,False,False,False,False,True,False,False,analyst_unknown,event_time_historical,yfinance_upgrades_downgrades,buy,1.95833,43,308.06512,310.0,400.0,215.0,,
2129,NVDA,2024-03-18,sell,True,False,bearish,skipped,False,False,http_429,ok,True,False,,ok,True,False,True,,True,False,False,False,False,False,False,False,True,False,False,analyst_unknown,event_time_historical,yfinance_upgrades_downgrades,strong_buy,1.29508,57,272.93738,275.0,380.0,140.0,,
2130,TSLA,2024-03-18,buy,True,True,bullish,skipped,False,False,http_429,ok,True,False,,ok,True,False,True,,True,False,False,False,False,False,False,False,True,False,False,analyst_unknown,event_time_historical,yfinance_upgrades_downgrades,buy,2.3617,41,412.25366,450.0,600.0,123.0,,
2131,TSLA,2024-03-18,buy,True,True,bullish,skipped,False,False,http_429,ok,True,False,,ok,True,False,True,,True,False,False,False,False,False,False,False,True,False,False,analyst_unknown,event_time_historical,yfinance_upgrades_downgrades,buy,2.3617,41,412.25366,450.0,600.0,123.0,,
2132,AAPL,2023-09-13,buy,True,True,bullish,skipped,False,False,http_429,ok,True,False,,ok,True,False,True,,True,False,False,False,False,False,False,False,True,False,False,analyst_unknown,event_time_historical,yfinance_upgrades_downgrades,buy,1.95833,43,308.06512,310.0,400.0,215.0,,
2133,AAPL,2023-09-13,buy,True,True,bullish,skipped,False,False,http_429,ok,True,False,,ok,True,False,True,,True,False,False,False,False,False,False,False,True,False,False,analyst_unknown,event_time_historical,yfinance_upgrades_downgrades,buy,1.95833,43,308.06512,310.0,400.0,215.0,,
2134,AAPL,2023-09-13,buy,True,True,bullish,skipped,False,False,http_429,ok,True,False,,ok,True,False,True,,True,False,False,False,False,False,False,False,True,False,False,analyst_unknown,event_time_historical,yfinance_upgrades_downgrades,buy,1.95833,43,308.06512,310.0,400.0,215.0,,
2135,AAPL,2023-09-13,buy,True,True,bullish,skipped,False,False,http_429,ok,True,False,,ok,True,False,True,,True,False,False,False,False,False,False,False,True,False,False,analyst_unknown,event_time_historical,yfinance_upgrades_downgrades,buy,1.95833,43,308.06512,310.0,400.0,215.0,,
2136,AAPL,2023-09-13,buy,True,True,bullish,skipped,False,False,http_429,ok,True,False,,ok,True,False,True,,True,False,False,False,False,False,False,False,True,False,False,analyst_unknown,event_time_historical,yfinance_upgrades_downgrades,buy,1.95833,43,308.06512,310.0,400.0,215.0,,
2137,AAPL,2023-09-13,buy,True,True,bullish,skipped,False,False,http_429,ok,True,False,,ok,True,False,True,,True,False,False,False,False,False,False,False,True,False,False,analyst_unknown,event_time_historical,yfinance_upgrades_downgrades,buy,1.95833,43,308.06512,310.0,400.0,215.0,,
2138,AAPL,2023-09-13,buy,True,True,bullish,skipped,False,False,http_429,ok,True,False,,ok,True,False,True,,True,False,False,False,False,False,False,False,True,False,False,analyst_unknown,event_time_historical,yfinance_upgrades_downgrades,buy,1.95833,43,308.06512,310.0,400.0,215.0,,
2139,NVDA,2024-02-21,buy,True,True,bullish,skipped,False,False,http_429,ok,True,False,,ok,True,False,True,,True,False,False,False,False,False,False,False,True,False,False,analyst_unknown,event_time_historical,yfinance_upgrades_downgrades,strong_buy,1.29508,57,272.93738,275.0,380.0,140.0,,
2140,MSFT,2023-11-08,buy,False,True,bullish,skipped,False,False,http_429,ok,True,False,,ok,True,False,True,,True,False,False,False,False,False,False,False,True,False,False,analyst_unknown,event_time_historical,yfinance_upgrades_downgrades,strong_buy,1.30909,54,561.5561,562.5,870.0,400.0,,
2141,MSFT,2023-11-08,buy,False,True,bullish,skipped,False,False,http_429,ok,True,False,,ok,True,False,True,,True,False,False,False,False,False,False,False,True,False,False,analyst_unknown,event_time_historical,yfinance_upgrades_downgrades,strong_buy,1.30909,54,561.5561,562.5,870.0,400.0,,
2142,NVDA,2026-05-06,buy,True,True,bullish,skipped,False,False,http_429,ok,True,False,,ok,True,False,False,,True,True,False,False,False,True,True,True,False,True,False,analyst_bullish_aligned,event_time_historical,finnhub_recommendation,strong_buy,1.29508,57,272.93738,275.0,380.0,140.0,,2026-05-01
2143,NVDA,2026-05-06,buy,True,True,bullish,skipped,False,False,http_429,ok,True,False,,ok,True,False,False,,True,True,False,False,False,True,True,True,False,True,False,analyst_bullish_aligned,event_time_historical,finnhub_recommendation,strong_buy,1.29508,57,272.93738,275.0,380.0,140.0,,2026-05-01
2144,UBER,2025-09-12,buy,False,True,bullish,skipped,False,False,http_429,ok,True,False,,ok,True,False,True,,True,False,False,False,False,False,False,False,True,False,False,analyst_unknown,event_time_historical,yfinance_upgrades_downgrades,buy,1.51923,50,104.9312,107.0,150.0,70.0,,
2145,NVDA,2024-02-26,buy,True,True,bullish,skipped,False,False,http_429,ok,True,False,,ok,True,False,True,,True,False,False,False,False,False,False,False,True,False,False,analyst_unknown,event_time_historical,yfinance_upgrades_downgrades,strong_buy,1.29508,57,272.93738,275.0,380.0,140.0,,
2146,NVDA,2024-02-26,buy,True,True,bullish,skipped,False,False,http_429,ok,True,False,,ok,True,False,True,,True,False,False,False,False,False,False,False,True,False,False,analyst_unknown,event_time_historical,yfinance_upgrades_downgrades,strong_buy,1.29508,57,272.93738,275.0,380.0,140.0,,
2147,AMD,2024-02-26,buy,True,True,bullish,skipped,False,False,http_429,ok,True,False,,ok,True,False,True,,True,False,False,False,False,False,False,False,True,False,False,analyst_unknown,event_time_historical,yfinance_upgrades_downgrades,buy,1.5098,48,457.83334,474.0,625.0,225.0,,
2148,AMD,2024-02-26,sell,True,True,bearish,skipped,False,False,http_429,ok,True,False,,ok,True,False,True,,True,False,False,False,False,False,False,False,True,False,False,analyst_unknown,event_time_historical,yfinance_upgrades_downgrades,buy,1.5098,48,457.83334,474.0,625.0,225.0,,
2149,AMD,2024-02-26,buy,True,True,bullish,skipped,False,False,http_429,ok,True,False,,ok,True,False,True,,True,False,False,False,False,False,False,False,True,False,False,analyst_unknown,event_time_historical,yfinance_upgrades_downgrades,buy,1.5098,48,457.83334,474.0,625.0,225.0,,
2150,AAPL,2023-04-14,buy,True,True,bullish,skipped,False,False,http_429,ok,True,False,,ok,True,False,True,,True,False,False,False,False,False,False,False,True,False,False,analyst_unknown,event_time_historical,yfinance_upgrades_downgrades,buy,1.95833,43,308.06512,310.0,400.0,215.0,,
2151,AMZN,2023-04-14,buy,True,True,bullish,skipped,False,False,http_429,ok,True,False,,ok,True,False,True,,True,False,False,False,False,False,False,False,True,False,False,analyst_unknown,event_time_historical,yfinance_upgrades_downgrades,strong_buy,1.34848,62,311.55145,317.0,370.0,207.0,,
2152,NFLX,2022-10-19,sell,False,True,bearish,skipped,False,False,http_429,ok,True,False,,ok,True,False,True,,True,False,False,False,False,False,False,False,True,False,False,analyst_unknown,event_time_historical,yfinance_upgrades_downgrades,buy,1.68,44,114.555,115.0,151.4,80.0,,
2153,NFLX,2022-10-19,buy,False,False,bullish,skipped,False,False,http_429,ok,True,False,,ok,True,False,True,,True,False,False,False,False,False,False,False,True,False,False,analyst_unknown,event_time_historical,yfinance_upgrades_downgrades,buy,1.68,44,114.555,115.0,151.4,80.0,,
2154,NVDA,2024-03-05,buy,True,False,bullish,skipped,False,False,http_429,ok,True,False,,ok,True,False,True,,True,False,False,False,False,False,False,False,True,False,False,analyst_unknown,event_time_historical,yfinance_upgrades_downgrades,strong_buy,1.29508,57,272.93738,275.0,380.0,140.0,,
2155,NVDA,2024-03-22,buy,True,True,bullish,skipped,False,False,http_429,ok,True,False,,ok,True,False,True,,True,False,False,False,False,False,False,False,True,False,False,analyst_unknown,event_time_historical,yfinance_upgrades_downgrades,strong_buy,1.29508,57,272.93738,275.0,380.0,140.0,,
2156,AAPL,2023-08-08,buy,True,True,bullish,skipped,False,False,http_429,ok,True,False,,ok,True,False,True,,True,False,False,False,False,False,False,False,True,False,False,analyst_unknown,event_time_historical,yfinance_upgrades_downgrades,buy,1.95833,43,308.06512,310.0,400.0,215.0,,
2157,AMD,2022-11-02,buy,True,True,bullish,skipped,False,False,http_429,ok,True,False,,ok,True,False,True,,True,False,False,False,False,False,False,False,True,False,False,analyst_unknown,event_time_historical,yfinance_upgrades_downgrades,buy,1.5098,48,457.83334,474.0,625.0,225.0,,
2158,AMD,2022-11-02,buy,True,True,bullish,skipped,False,False,http_429,ok,True,False,,ok,True,False,True,,True,False,False,False,False,False,False,False,True,False,False,analyst_unknown,event_time_historical,yfinance_upgrades_downgrades,buy,1.5098,48,457.83334,474.0,625.0,225.0,,
2159,GOOGL,2025-11-26,buy,False,True,bullish,skipped,False,False,http_429,ok,True,False,,ok,True,False,True,,True,False,False,False,False,False,False,False,True,False,False,analyst_unknown,event_time_historical,yfinance_upgrades_downgrades,strong_buy,1.39683,52,427.88712,430.0,515.0,334.22,,
2160,DIS,2023-11-30,buy,False,True,bullish,skipped,False,False,http_429,ok,True,False,,ok,True,False,True,,True,False,False,False,False,False,False,False,True,False,False,analyst_unknown,event_time_historical,yfinance_upgrades_downgrades,strong_buy,1.46667,29,130.66553,132.0,164.0,77.0,,
2161,DIS,2023-11-30,buy,False,True,bullish,skipped,False,False,http_429,ok,True,False,,ok,True,False,True,,True,False,False,False,False,False,False,False,True,False,False,analyst_unknown,event_time_historical,yfinance_upgrades_downgrades,strong_buy,1.46667,29,130.66553,132.0,164.0,77.0,,
2162,TSLA,2023-11-30,sell,True,True,bearish,skipped,False,False,http_429,ok,True,False,,ok,True,False,True,,True,False,False,False,False,False,False,False,True,False,False,analyst_unknown,event_time_historical,yfinance_upgrades_downgrades,buy,2.3617,41,412.25366,450.0,600.0,123.0,,
2163,NVDA,2023-08-25,buy,True,False,bullish,skipped,False,False,http_429,ok,True,False,,ok,True,False,True,,True,False,False,False,False,False,False,False,True,False,False,analyst_unknown,event_time_historical,yfinance_upgrades_downgrades,strong_buy,1.29508,57,272.93738,275.0,380.0,140.0,,
2164,NVDA,2023-08-25,sell,True,True,bearish,skipped,False,False,http_429,ok,True,False,,ok,True,False,True,,True,False,False,False,False,False,False,False,True,False,False,analyst_unknown,event_time_historical,yfinance_upgrades_downgrades,strong_buy,1.29508,57,272.93738,275.0,380.0,140.0,,
2165,DIS,2023-08-25,sell,False,True,bearish,skipped,False,False,http_429,ok,True,False,,ok,True,False,True,,True,False,False,False,False,False,False,False,True,False,False,analyst_unknown,event_time_historical,yfinance_upgrades_downgrades,strong_buy,1.46667,29,130.66553,132.0,164.0,77.0,,
2166,TSLA,2022-11-14,buy,True,True,bullish,skipped,False,False,http_429,ok,True,False,,ok,True,False,True,,True,False,False,False,False,False,False,False,True,False,False,analyst_unknown,event_time_historical,yfinance_upgrades_downgrades,buy,2.3617,41,412.25366,450.0,600.0,123.0,,
2167,TSLA,2022-11-14,buy,True,True,bullish,skipped,False,False,http_429,ok,True,False,,ok,True,False,True,,True,False,False,False,False,False,False,False,True,False,False,analyst_unknown,event_time_historical,yfinance_upgrades_downgrades,buy,2.3617,41,412.25366,450.0,600.0,123.0,,
2168,TSLA,2022-11-14,buy,True,True,bullish,skipped,False,False,http_429,ok,True,False,,ok,True,False,True,,True,False,False,False,False,False,False,False,True,False,False,analyst_unknown,event_time_historical,yfinance_upgrades_downgrades,buy,2.3617,41,412.25366,450.0,600.0,123.0,,
2169,NVDA,2024-08-28,sell,True,True,bearish,skipped,False,False,http_429,ok,True,False,,ok,True,False,True,,True,False,False,False,False,False,False,False,True,False,False,analyst_unknown,event_time_historical,yfinance_upgrades_downgrades,strong_buy,1.29508,57,272.93738,275.0,380.0,140.0,,
2170,TSLA,2023-04-20,sell,True,True,bearish,skipped,False,False,http_429,ok,True,False,,ok,True,False,True,,True,False,False,False,False,False,False,False,True,False,False,analyst_unknown,event_time_historical,yfinance_upgrades_downgrades,buy,2.3617,41,412.25366,450.0,600.0,123.0,,
2171,TSLA,2023-04-20,sell,True,True,bearish,skipped,False,False,http_429,ok,True,False,,ok,True,False,True,,True,False,False,False,False,False,False,False,True,False,False,analyst_unknown,event_time_historical,yfinance_upgrades_downgrades,buy,2.3617,41,412.25366,450.0,600.0,123.0,,
2172,META,2026-05-01,sell,False,True,bearish,skipped,False,False,http_429,ok,True,False,,ok,True,False,False,,True,False,False,False,True,True,False,True,False,True,False,finfluencer_contrarian_to_analyst,event_time_historical,finnhub_recommendation,strong_buy,1.34921,58,826.69104,825.0,1015.0,614.0,,2026-05-01
2173,GOOGL,2023-05-12,buy,False,True,bullish,skipped,False,False,http_429,ok,True,False,,ok,True,False,True,,True,False,False,False,False,False,False,False,True,False,False,analyst_unknown,event_time_historical,yfinance_upgrades_downgrades,strong_buy,1.39683,52,427.88712,430.0,515.0,334.22,,
2174,TSLA,2022-12-15,sell,True,True,bearish,skipped,False,False,http_429,ok,True,False,,ok,True,False,True,,True,False,False,False,False,False,False,False,True,False,False,analyst_unknown,event_time_historical,yfinance_upgrades_downgrades,buy,2.3617,41,412.25366,450.0,600.0,123.0,,
2175,TSLA,2022-12-15,buy,True,True,bullish,skipped,False,False,http_429,ok,True,False,,ok,True,False,True,,True,False,False,False,False,False,False,False,True,False,False,analyst_unknown,event_time_historical,yfinance_upgrades_downgrades,buy,2.3617,41,412.25366,450.0,600.0,123.0,,
2176,TSLA,2022-12-15,buy,True,True,bullish,skipped,False,False,http_429,ok,True,False,,ok,True,False,True,,True,False,False,False,False,False,False,False,True,False,False,analyst_unknown,event_time_historical,yfinance_upgrades_downgrades,buy,2.3617,41,412.25366,450.0,600.0,123.0,,
2177,TSLA,2024-12-19,buy,True,True,bullish,skipped,False,False,http_429,ok,True,False,,ok,True,False,True,,True,False,False,False,False,False,False,False,True,False,False,analyst_unknown,event_time_historical,yfinance_upgrades_downgrades,buy,2.3617,41,412.25366,450.0,600.0,123.0,,
2178,AAPL,2023-09-07,sell,True,True,bearish,skipped,False,False,http_429,ok,True,False,,ok,True,False,True,,True,False,False,False,False,False,False,False,True,False,False,analyst_unknown,event_time_historical,yfinance_upgrades_downgrades,buy,1.95833,43,308.06512,310.0,400.0,215.0,,
2179,AAPL,2023-09-07,sell,True,True,bearish,skipped,False,False,http_429,ok,True,False,,ok,True,False,True,,True,False,False,False,False,False,False,False,True,False,False,analyst_unknown,event_time_historical,yfinance_upgrades_downgrades,buy,1.95833,43,308.06512,310.0,400.0,215.0,,
2180,UBER,2025-07-08,buy,False,True,bullish,skipped,False,False,http_429,ok,True,False,,ok,True,False,True,,True,False,False,False,False,False,False,False,True,False,False,analyst_unknown,event_time_historical,yfinance_upgrades_downgrades,buy,1.51923,50,104.9312,107.0,150.0,70.0,,
2181,GOOGL,2024-08-06,sell,False,True,bearish,skipped,False,False,http_429,ok,True,False,,ok,True,False,True,,True,False,False,False,False,False,False,False,True,False,False,analyst_unknown,event_time_historical,yfinance_upgrades_downgrades,strong_buy,1.39683,52,427.88712,430.0,515.0,334.22,,
2182,NVDA,2023-08-28,buy,True,True,bullish,skipped,False,False,http_429,ok,True,False,,ok,True,False,True,,True,False,False,False,False,False,False,False,True,False,False,analyst_unknown,event_time_historical,yfinance_upgrades_downgrades,strong_buy,1.29508,57,272.93738,275.0,380.0,140.0,,
2183,GOOGL,2023-02-28,buy,False,True,bullish,skipped,False,False,http_429,ok,True,False,,ok,True,False,True,,True,False,False,False,False,False,False,False,True,False,False,analyst_unknown,event_time_historical,yfinance_upgrades_downgrades,strong_buy,1.39683,52,427.88712,430.0,515.0,334.22,,
2184,NVDA,2025-07-21,buy,True,True,bullish,skipped,False,False,http_429,ok,True,False,,ok,True,False,True,,True,False,False,False,False,False,False,False,True,False,False,analyst_unknown,event_time_historical,yfinance_upgrades_downgrades,strong_buy,1.29508,57,272.93738,275.0,380.0,140.0,,
2185,NVDA,2024-08-22,buy,True,True,bullish,skipped,False,False,http_429,ok,True,False,,ok,True,False,True,,True,False,False,False,False,False,False,False,True,False,False,analyst_unknown,event_time_historical,yfinance_upgrades_downgrades,strong_buy,1.29508,57,272.93738,275.0,380.0,140.0,,
2186,NVDA,2024-08-22,buy,True,False,bullish,skipped,False,False,http_429,ok,True,False,,ok,True,False,True,,True,False,False,False,False,False,False,False,True,False,False,analyst_unknown,event_time_historical,yfinance_upgrades_downgrades,strong_buy,1.29508,57,272.93738,275.0,380.0,140.0,,
2187,NVDA,2024-08-22,buy,True,True,bullish,skipped,False,False,http_429,ok,True,False,,ok,True,False,True,,True,False,False,False,False,False,False,False,True,False,False,analyst_unknown,event_time_historical,yfinance_upgrades_downgrades,strong_buy,1.29508,57,272.93738,275.0,380.0,140.0,,
2188,AMZN,2024-08-22,buy,True,True,bullish,skipped,False,False,http_429,ok,True,False,,ok,True,False,True,,True,False,False,False,False,False,False,False,True,False,False,analyst_unknown,event_time_historical,yfinance_upgrades_downgrades,strong_buy,1.34848,62,311.55145,317.0,370.0,207.0,,
2189,AMZN,2022-09-12,buy,True,True,bullish,skipped,False,False,http_429,ok,True,False,,ok,True,False,True,,True,False,False,False,False,False,False,False,True,False,False,analyst_unknown,event_time_historical,yfinance_upgrades_downgrades,strong_buy,1.34848,62,311.55145,317.0,370.0,207.0,,
2190,GOOGL,2022-09-12,buy,False,True,bullish,skipped,False,False,http_429,ok,True,False,,ok,True,False,True,,True,False,False,False,False,False,False,False,True,False,False,analyst_unknown,event_time_historical,yfinance_upgrades_downgrades,strong_buy,1.39683,52,427.88712,430.0,515.0,334.22,,
2191,NVDA,2024-08-26,sell,True,True,bearish,skipped,False,False,http_429,ok,True,False,,ok,True,False,True,,True,False,False,False,False,False,False,False,True,False,False,analyst_unknown,event_time_historical,yfinance_upgrades_downgrades,strong_buy,1.29508,57,272.93738,275.0,380.0,140.0,,
2192,NVDA,2024-06-07,sell,True,False,bearish,skipped,False,False,http_429,ok,True,False,,ok,True,False,True,,True,False,False,False,False,False,False,False,True,False,False,analyst_unknown,event_time_historical,yfinance_upgrades_downgrades,strong_buy,1.29508,57,272.93738,275.0,380.0,140.0,,
2193,NVDA,2024-06-07,buy,True,True,bullish,skipped,False,False,http_429,ok,True,False,,ok,True,False,True,,True,False,False,False,False,False,False,False,True,False,False,analyst_unknown,event_time_historical,yfinance_upgrades_downgrades,strong_buy,1.29508,57,272.93738,275.0,380.0,140.0,,
2194,NVDA,2024-06-07,buy,True,True,bullish,skipped,False,False,http_429,ok,True,False,,ok,True,False,True,,True,False,False,False,False,False,False,False,True,False,False,analyst_unknown,event_time_historical,yfinance_upgrades_downgrades,strong_buy,1.29508,57,272.93738,275.0,380.0,140.0,,
2195,TSLA,2020-02-21,buy,True,True,bullish,skipped,False,False,http_429,ok,True,False,,ok,True,False,True,,True,False,False,False,False,False,False,False,True,False,False,analyst_unknown,event_time_historical,yfinance_upgrades_downgrades,buy,2.3617,41,412.25366,450.0,600.0,123.0,,
2196,TSLA,2020-02-21,buy,True,True,bullish,skipped,False,False,http_429,ok,True,False,,ok,True,False,True,,True,False,False,False,False,False,False,False,True,False,False,analyst_unknown,event_time_historical,yfinance_upgrades_downgrades,buy,2.3617,41,412.25366,450.0,600.0,123.0,,
2197,MSFT,2023-05-22,buy,False,True,bullish,skipped,False,False,http_429,ok,True,False,,ok,True,False,True,,True,False,False,False,False,False,False,False,True,False,False,analyst_unknown,event_time_historical,yfinance_upgrades_downgrades,strong_buy,1.30909,54,561.5561,562.5,870.0,400.0,,
2198,DIS,2022-12-01,buy,False,True,bullish,skipped,False,False,http_429,ok,True,False,,ok,True,False,True,,True,False,False,False,False,False,False,False,True,False,False,analyst_unknown,event_time_historical,yfinance_upgrades_downgrades,strong_buy,1.46667,29,130.66553,132.0,164.0,77.0,,
2199,AMZN,2022-12-01,buy,True,True,bullish,skipped,False,False,http_429,ok,True,False,,ok,True,False,True,,True,False,False,False,False,False,False,False,True,False,False,analyst_unknown,event_time_historical,yfinance_upgrades_downgrades,strong_buy,1.34848,62,311.55145,317.0,370.0,207.0,,
2200,MSFT,2022-12-01,buy,False,True,bullish,skipped,False,False,http_429,ok,True,False,,ok,True,False,True,,True,False,False,False,False,False,False,False,True,False,False,analyst_unknown,event_time_historical,yfinance_upgrades_downgrades,strong_buy,1.30909,54,561.5561,562.5,870.0,400.0,,
2201,AAPL,2022-11-18,buy,True,True,bullish,skipped,False,False,http_429,ok,True,False,,ok,True,False,True,,True,False,False,False,False,False,False,False,True,False,False,analyst_unknown,event_time_historical,yfinance_upgrades_downgrades,buy,1.95833,43,308.06512,310.0,400.0,215.0,,
2202,AAPL,2022-11-18,buy,True,True,bullish,skipped,False,False,http_429,ok,True,False,,ok,True,False,True,,True,False,False,False,False,False,False,False,True,False,False,analyst_unknown,event_time_historical,yfinance_upgrades_downgrades,buy,1.95833,43,308.06512,310.0,400.0,215.0,,
2203,NFLX,2022-11-18,buy,False,True,bullish,skipped,False,False,http_429,ok,True,False,,ok,True,False,True,,True,False,False,False,False,False,False,False,True,False,False,analyst_unknown,event_time_historical,yfinance_upgrades_downgrades,buy,1.68,44,114.555,115.0,151.4,80.0,,
2204,TSLA,2024-05-07,buy,True,True,bullish,skipped,False,False,http_429,ok,True,False,,ok,True,False,True,,True,False,False,False,False,False,False,False,True,False,False,analyst_unknown,event_time_historical,yfinance_upgrades_downgrades,buy,2.3617,41,412.25366,450.0,600.0,123.0,,
2206,TSLA,2023-12-28,buy,True,True,bullish,skipped,False,False,http_429,ok,True,False,,ok,True,False,True,,True,False,False,False,False,False,False,False,True,False,False,analyst_unknown,event_time_historical,yfinance_upgrades_downgrades,buy,2.3617,41,412.25366,450.0,600.0,123.0,,
2207,NVDA,2023-12-28,buy,True,True,bullish,skipped,False,False,http_429,ok,True,False,,ok,True,False,True,,True,False,False,False,False,False,False,False,True,False,False,analyst_unknown,event_time_historical,yfinance_upgrades_downgrades,strong_buy,1.29508,57,272.93738,275.0,380.0,140.0,,
2208,MSFT,2023-12-28,buy,False,True,bullish,skipped,False,False,http_429,ok,True,False,,ok,True,False,True,,True,False,False,False,False,False,False,False,True,False,False,analyst_unknown,event_time_historical,yfinance_upgrades_downgrades,strong_buy,1.30909,54,561.5561,562.5,870.0,400.0,,
2209,GOOGL,2023-12-28,buy,False,True,bullish,skipped,False,False,http_429,ok,True,False,,ok,True,False,True,,True,False,False,False,False,False,False,False,True,False,False,analyst_unknown,event_time_historical,yfinance_upgrades_downgrades,strong_buy,1.39683,52,427.88712,430.0,515.0,334.22,,
2210,TSLA,2024-04-04,buy,True,True,bullish,skipped,False,False,http_429,ok,True,False,,ok,True,False,True,,True,False,False,False,False,False,False,False,True,False,False,analyst_unknown,event_time_historical,yfinance_upgrades_downgrades,buy,2.3617,41,412.25366,450.0,600.0,123.0,,
2211,AAPL,2026-05-04,buy,True,True,bullish,skipped,False,False,http_429,ok,True,False,,ok,True,False,False,,True,True,False,False,False,True,True,True,False,True,False,analyst_bullish_aligned,event_time_historical,finnhub_recommendation,buy,1.95833,43,308.06512,310.0,400.0,215.0,,2026-05-01
2212,NVDA,2023-11-27,buy,True,True,bullish,skipped,False,False,http_429,ok,True,False,,ok,True,False,True,,True,False,False,False,False,False,False,False,True,False,False,analyst_unknown,event_time_historical,yfinance_upgrades_downgrades,strong_buy,1.29508,57,272.93738,275.0,380.0,140.0,,
2213,NVDA,2023-11-27,buy,True,True,bullish,skipped,False,False,http_429,ok,True,False,,ok,True,False,True,,True,False,False,False,False,False,False,False,True,False,False,analyst_unknown,event_time_historical,yfinance_upgrades_downgrades,strong_buy,1.29508,57,272.93738,275.0,380.0,140.0,,
2214,NVDA,2023-11-27,sell,True,True,bearish,skipped,False,False,http_429,ok,True,False,,ok,True,False,True,,True,False,False,False,False,False,False,False,True,False,False,analyst_unknown,event_time_historical,yfinance_upgrades_downgrades,strong_buy,1.29508,57,272.93738,275.0,380.0,140.0,,
2215,NVDA,2023-11-27,buy,True,True,bullish,skipped,False,False,http_429,ok,True,False,,ok,True,False,True,,True,False,False,False,False,False,False,False,True,False,False,analyst_unknown,event_time_historical,yfinance_upgrades_downgrades,strong_buy,1.29508,57,272.93738,275.0,380.0,140.0,,
2216,AMD,2023-11-27,buy,True,True,bullish,skipped,False,False,http_429,ok,True,False,,ok,True,False,True,,True,False,False,False,False,False,False,False,True,False,False,analyst_unknown,event_time_historical,yfinance_upgrades_downgrades,buy,1.5098,48,457.83334,474.0,625.0,225.0,,
2217,AMZN,2025-06-02,buy,True,True,bullish,skipped,False,False,http_429,ok,True,False,,ok,True,False,True,,True,False,False,False,False,False,False,False,True,False,False,analyst_unknown,event_time_historical,yfinance_upgrades_downgrades,strong_buy,1.34848,62,311.55145,317.0,370.0,207.0,,
2218,TSLA,2020-07-06,sell,True,True,bearish,skipped,False,False,http_429,ok,True,False,,ok,True,False,True,,True,False,False,False,False,False,False,False,True,False,False,analyst_unknown,event_time_historical,yfinance_upgrades_downgrades,buy,2.3617,41,412.25366,450.0,600.0,123.0,,
2219,NFLX,2025-10-28,sell,False,True,bearish,skipped,False,False,http_429,ok,True,False,,ok,True,False,True,,True,False,False,False,False,False,False,False,True,False,False,analyst_unknown,event_time_historical,yfinance_upgrades_downgrades,buy,1.68,44,114.555,115.0,151.4,80.0,,
2220,TSLA,2020-07-13,buy,True,True,bullish,skipped,False,False,http_429,ok,True,False,,ok,True,False,True,,True,False,False,False,False,False,False,False,True,False,False,analyst_unknown,event_time_historical,yfinance_upgrades_downgrades,buy,2.3617,41,412.25366,450.0,600.0,123.0,,
2221,NVDA,2025-11-11,buy,True,True,bullish,skipped,False,False,http_429,ok,True,False,,ok,True,False,True,,True,False,False,False,False,False,False,False,True,False,False,analyst_unknown,event_time_historical,yfinance_upgrades_downgrades,strong_buy,1.29508,57,272.93738,275.0,380.0,140.0,,
2222,NVDA,2025-11-11,buy,True,True,bullish,skipped,False,False,http_429,ok,True,False,,ok,True,False,True,,True,False,False,False,False,False,False,False,True,False,False,analyst_unknown,event_time_historical,yfinance_upgrades_downgrades,strong_buy,1.29508,57,272.93738,275.0,380.0,140.0,,
2223,NVDA,2025-11-11,buy,True,True,bullish,skipped,False,False,http_429,ok,True,False,,ok,True,False,True,,True,False,False,False,False,False,False,False,True,False,False,analyst_unknown,event_time_historical,yfinance_upgrades_downgrades,strong_buy,1.29508,57,272.93738,275.0,380.0,140.0,,
2224,NVDA,2025-11-11,sell,True,True,bearish,skipped,False,False,http_429,ok,True,False,,ok,True,False,True,,True,False,False,False,False,False,False,False,True,False,False,analyst_unknown,event_time_historical,yfinance_upgrades_downgrades,strong_buy,1.29508,57,272.93738,275.0,380.0,140.0,,
2225,TSLA,2025-02-18,sell,True,True,bearish,skipped,False,False,http_429,ok,True,False,,ok,True,False,True,,True,False,False,False,False,False,False,False,True,False,False,analyst_unknown,event_time_historical,yfinance_upgrades_downgrades,buy,2.3617,41,412.25366,450.0,600.0,123.0,,
2226,NVDA,2025-02-18,buy,True,True,bullish,skipped,False,False,http_429,ok,True,False,,ok,True,False,True,,True,False,False,False,False,False,False,False,True,False,False,analyst_unknown,event_time_historical,yfinance_upgrades_downgrades,strong_buy,1.29508,57,272.93738,275.0,380.0,140.0,,
2227,TSLA,2021-07-19,sell,True,True,bearish,skipped,False,False,http_429,ok,True,False,,ok,True,False,True,,True,False,False,False,False,False,False,False,True,False,False,analyst_unknown,event_time_historical,yfinance_upgrades_downgrades,buy,2.3617,41,412.25366,450.0,600.0,123.0,,
2228,TSLA,2021-07-19,buy,True,True,bullish,skipped,False,False,http_429,ok,True,False,,ok,True,False,True,,True,False,False,False,False,False,False,False,True,False,False,analyst_unknown,event_time_historical,yfinance_upgrades_downgrades,buy,2.3617,41,412.25366,450.0,600.0,123.0,,
2229,TSLA,2025-03-26,buy,True,True,bullish,skipped,False,False,http_429,ok,True,False,,ok,True,False,True,,True,False,False,False,False,False,False,False,True,False,False,analyst_unknown,event_time_historical,yfinance_upgrades_downgrades,buy,2.3617,41,412.25366,450.0,600.0,123.0,,
2230,UBER,2025-08-14,buy,False,True,bullish,skipped,False,False,http_429,ok,True,False,,ok,True,False,True,,True,False,False,False,False,False,False,False,True,False,False,analyst_unknown,event_time_historical,yfinance_upgrades_downgrades,buy,1.51923,50,104.9312,107.0,150.0,70.0,,
2231,UBER,2025-08-14,buy,False,True,bullish,skipped,False,False,http_429,ok,True,False,,ok,True,False,True,,True,False,False,False,False,False,False,False,True,False,False,analyst_unknown,event_time_historical,yfinance_upgrades_downgrades,buy,1.51923,50,104.9312,107.0,150.0,70.0,,
2232,AAPL,2022-11-02,buy,True,True,bullish,skipped,False,False,http_429,ok,True,False,,ok,True,False,True,,True,False,False,False,False,False,False,False,True,False,False,analyst_unknown,event_time_historical,yfinance_upgrades_downgrades,buy,1.95833,43,308.06512,310.0,400.0,215.0,,
2233,AAPL,2022-11-02,buy,True,True,bullish,skipped,False,False,http_429,ok,True,False,,ok,True,False,True,,True,False,False,False,False,False,False,False,True,False,False,analyst_unknown,event_time_historical,yfinance_upgrades_downgrades,buy,1.95833,43,308.06512,310.0,400.0,215.0,,
2234,AAPL,2022-11-02,buy,True,True,bullish,skipped,False,False,http_429,ok,True,False,,ok,True,False,True,,True,False,False,False,False,False,False,False,True,False,False,analyst_unknown,event_time_historical,yfinance_upgrades_downgrades,buy,1.95833,43,308.06512,310.0,400.0,215.0,,
2235,AAPL,2022-11-02,buy,True,True,bullish,skipped,False,False,http_429,ok,True,False,,ok,True,False,True,,True,False,False,False,False,False,False,False,True,False,False,analyst_unknown,event_time_historical,yfinance_upgrades_downgrades,buy,1.95833,43,308.06512,310.0,400.0,215.0,,
2236,AAPL,2022-11-02,sell,True,True,bearish,skipped,False,False,http_429,ok,True,False,,ok,True,False,True,,True,False,False,False,False,False,False,False,True,False,False,analyst_unknown,event_time_historical,yfinance_upgrades_downgrades,buy,1.95833,43,308.06512,310.0,400.0,215.0,,
2238,NVDA,2025-10-16,buy,True,True,bullish,skipped,False,False,http_429,ok,True,False,,ok,True,False,True,,True,False,False,False,False,False,False,False,True,False,False,analyst_unknown,event_time_historical,yfinance_upgrades_downgrades,strong_buy,1.29508,57,272.93738,275.0,380.0,140.0,,
2239,AMD,2025-10-16,buy,True,True,bullish,skipped,False,False,http_429,ok,True,False,,ok,True,False,True,,True,False,False,False,False,False,False,False,True,False,False,analyst_unknown,event_time_historical,yfinance_upgrades_downgrades,buy,1.5098,48,457.83334,474.0,625.0,225.0,,
2240,MSFT,2022-09-30,buy,False,True,bullish,skipped,False,False,http_429,ok,True,False,,ok,True,False,True,,True,False,False,False,False,False,False,False,True,False,False,analyst_unknown,event_time_historical,yfinance_upgrades_downgrades,strong_buy,1.30909,54,561.5561,562.5,870.0,400.0,,
2241,DIS,2022-09-30,sell,False,True,bearish,skipped,False,False,http_429,ok,True,False,,ok,True,False,True,,True,False,False,False,False,False,False,False,True,False,False,analyst_unknown,event_time_historical,yfinance_upgrades_downgrades,strong_buy,1.46667,29,130.66553,132.0,164.0,77.0,,
2242,DIS,2022-09-30,buy,False,True,bullish,skipped,False,False,http_429,ok,True,False,,ok,True,False,True,,True,False,False,False,False,False,False,False,True,False,False,analyst_unknown,event_time_historical,yfinance_upgrades_downgrades,strong_buy,1.46667,29,130.66553,132.0,164.0,77.0,,
2243,TSLA,2021-12-21,buy,True,True,bullish,skipped,False,False,http_429,ok,True,False,,ok,True,False,True,,True,False,False,False,False,False,False,False,True,False,False,analyst_unknown,event_time_historical,yfinance_upgrades_downgrades,buy,2.3617,41,412.25366,450.0,600.0,123.0,,
2244,TSLA,2020-06-12,sell,True,True,bearish,skipped,False,False,http_429,ok,True,False,,ok,True,False,True,,True,False,False,False,False,False,False,False,True,False,False,analyst_unknown,event_time_historical,yfinance_upgrades_downgrades,buy,2.3617,41,412.25366,450.0,600.0,123.0,,
2245,NVDA,2026-05-06,buy,True,True,bullish,skipped,False,False,http_429,ok,True,False,,ok,True,False,False,,True,True,False,False,False,True,True,True,False,True,False,analyst_bullish_aligned,event_time_historical,finnhub_recommendation,strong_buy,1.29508,57,272.93738,275.0,380.0,140.0,,2026-05-01
2246,AMD,2026-05-07,buy,True,True,bullish,skipped,False,False,http_429,ok,True,False,,ok,True,False,False,,True,True,False,False,False,True,True,True,False,True,False,analyst_bullish_aligned,event_time_historical,finnhub_recommendation,buy,1.5098,48,457.83334,474.0,625.0,225.0,,2026-05-01
2247,AMD,2026-05-07,buy,True,True,bullish,skipped,False,False,http_429,ok,True,False,,ok,True,False,False,,True,True,False,False,False,True,True,True,False,True,False,analyst_bullish_aligned,event_time_historical,finnhub_recommendation,buy,1.5098,48,457.83334,474.0,625.0,225.0,,2026-05-01
2248,TSLA,2026-04-06,sell,True,True,bearish,skipped,False,False,http_429,ok,True,False,,ok,True,False,False,,True,False,False,False,True,True,True,True,False,True,False,finfluencer_contrarian_to_analyst,event_time_historical,finnhub_recommendation,buy,2.3617,41,412.25366,450.0,600.0,123.0,,2026-04-01
2249,NVDA,2026-04-06,buy,True,True,bullish,skipped,False,False,http_429,ok,True,False,,ok,True,False,False,,True,True,False,False,False,True,True,True,False,True,False,analyst_bullish_aligned,event_time_historical,finnhub_recommendation,strong_buy,1.29508,57,272.93738,275.0,380.0,140.0,,2026-04-01
2250,TSLA,2022-09-20,buy,True,True,bullish,skipped,False,False,http_429,ok,True,False,,ok,True,False,True,,True,False,False,False,False,False,False,False,True,False,False,analyst_unknown,event_time_historical,yfinance_upgrades_downgrades,buy,2.3617,41,412.25366,450.0,600.0,123.0,,
2251,TSLA,2022-09-20,sell,True,True,bearish,skipped,False,False,http_429,ok,True,False,,ok,True,False,True,,True,False,False,False,False,False,False,False,True,False,False,analyst_unknown,event_time_historical,yfinance_upgrades_downgrades,buy,2.3617,41,412.25366,450.0,600.0,123.0,,
2252,GOOGL,2022-09-20,buy,False,True,bullish,skipped,False,False,http_429,ok,True,False,,ok,True,False,True,,True,False,False,False,False,False,False,False,True,False,False,analyst_unknown,event_time_historical,yfinance_upgrades_downgrades,strong_buy,1.39683,52,427.88712,430.0,515.0,334.22,,
2253,GOOGL,2022-09-20,buy,False,True,bullish,skipped,False,False,http_429,ok,True,False,,ok,True,False,True,,True,False,False,False,False,False,False,False,True,False,False,analyst_unknown,event_time_historical,yfinance_upgrades_downgrades,strong_buy,1.39683,52,427.88712,430.0,515.0,334.22,,
2254,AMD,2022-09-20,buy,True,True,bullish,skipped,False,False,http_429,ok,True,False,,ok,True,False,True,,True,False,False,False,False,False,False,False,True,False,False,analyst_unknown,event_time_historical,yfinance_upgrades_downgrades,buy,1.5098,48,457.83334,474.0,625.0,225.0,,
2255,AMD,2022-09-20,sell,True,True,bearish,skipped,False,False,http_429,ok,True,False,,ok,True,False,True,,True,False,False,False,False,False,False,False,True,False,False,analyst_unknown,event_time_historical,yfinance_upgrades_downgrades,buy,1.5098,48,457.83334,474.0,625.0,225.0,,
2256,AMD,2022-09-20,buy,True,True,bullish,skipped,False,False,http_429,ok,True,False,,ok,True,False,True,,True,False,False,False,False,False,False,False,True,False,False,analyst_unknown,event_time_historical,yfinance_upgrades_downgrades,buy,1.5098,48,457.83334,474.0,625.0,225.0,,
2257,GOOGL,2023-04-28,buy,False,False,bullish,skipped,False,False,http_429,ok,True,False,,ok,True,False,True,,True,False,False,False,False,False,False,False,True,False,False,analyst_unknown,event_time_historical,yfinance_upgrades_downgrades,strong_buy,1.39683,52,427.88712,430.0,515.0,334.22,,
2258,UBER,2025-09-25,buy,False,True,bullish,skipped,False,False,http_429,ok,True,False,,ok,True,False,True,,True,False,False,False,False,False,False,False,True,False,False,analyst_unknown,event_time_historical,yfinance_upgrades_downgrades,buy,1.51923,50,104.9312,107.0,150.0,70.0,,
2259,GOOGL,2025-09-25,buy,False,True,bullish,skipped,False,False,http_429,ok,True,False,,ok,True,False,True,,True,False,False,False,False,False,False,False,True,False,False,analyst_unknown,event_time_historical,yfinance_upgrades_downgrades,strong_buy,1.39683,52,427.88712,430.0,515.0,334.22,,
2260,NVDA,2025-11-10,sell,True,True,bearish,skipped,False,False,http_429,ok,True,False,,ok,True,False,True,,True,False,False,False,False,False,False,False,True,False,False,analyst_unknown,event_time_historical,yfinance_upgrades_downgrades,strong_buy,1.29508,57,272.93738,275.0,380.0,140.0,,
2261,TSLA,2024-06-13,sell,True,True,bearish,skipped,False,False,http_429,ok,True,False,,ok,True,False,True,,True,False,False,False,False,False,False,False,True,False,False,analyst_unknown,event_time_historical,yfinance_upgrades_downgrades,buy,2.3617,41,412.25366,450.0,600.0,123.0,,
2262,TSLA,2024-06-13,buy,True,True,bullish,skipped,False,False,http_429,ok,True,False,,ok,True,False,True,,True,False,False,False,False,False,False,False,True,False,False,analyst_unknown,event_time_historical,yfinance_upgrades_downgrades,buy,2.3617,41,412.25366,450.0,600.0,123.0,,
2263,TSLA,2024-06-13,sell,True,True,bearish,skipped,False,False,http_429,ok,True,False,,ok,True,False,True,,True,False,False,False,False,False,False,False,True,False,False,analyst_unknown,event_time_historical,yfinance_upgrades_downgrades,buy,2.3617,41,412.25366,450.0,600.0,123.0,,
2264,MSFT,2023-07-26,buy,False,True,bullish,skipped,False,False,http_429,ok,True,False,,ok,True,False,True,,True,False,False,False,False,False,False,False,True,False,False,analyst_unknown,event_time_historical,yfinance_upgrades_downgrades,strong_buy,1.30909,54,561.5561,562.5,870.0,400.0,,
2265,TSLA,2025-12-24,sell,True,True,bearish,skipped,False,False,http_429,ok,True,False,,ok,True,False,True,,True,False,False,False,False,False,False,False,True,False,False,analyst_unknown,event_time_historical,yfinance_upgrades_downgrades,buy,2.3617,41,412.25366,450.0,600.0,123.0,,
2266,MSFT,2023-10-25,buy,False,True,bullish,skipped,False,False,http_429,ok,True,False,,ok,True,False,True,,True,False,False,False,False,False,False,False,True,False,False,analyst_unknown,event_time_historical,yfinance_upgrades_downgrades,strong_buy,1.30909,54,561.5561,562.5,870.0,400.0,,
2267,GOOGL,2023-10-25,buy,False,True,bullish,skipped,False,False,http_429,ok,True,False,,ok,True,False,True,,True,False,False,False,False,False,False,False,True,False,False,analyst_unknown,event_time_historical,yfinance_upgrades_downgrades,strong_buy,1.39683,52,427.88712,430.0,515.0,334.22,,
2268,NVDA,2024-05-21,buy,True,True,bullish,skipped,False,False,http_429,ok,True,False,,ok,True,False,True,,True,False,False,False,False,False,False,False,True,False,False,analyst_unknown,event_time_historical,yfinance_upgrades_downgrades,strong_buy,1.29508,57,272.93738,275.0,380.0,140.0,,
2269,NVDA,2024-05-21,buy,True,True,bullish,skipped,False,False,http_429,ok,True,False,,ok,True,False,True,,True,False,False,False,False,False,False,False,True,False,False,analyst_unknown,event_time_historical,yfinance_upgrades_downgrades,strong_buy,1.29508,57,272.93738,275.0,380.0,140.0,,
2270,MSFT,2023-04-26,buy,False,True,bullish,skipped,False,False,http_429,ok,True,False,,ok,True,False,True,,True,False,False,False,False,False,False,False,True,False,False,analyst_unknown,event_time_historical,yfinance_upgrades_downgrades,strong_buy,1.30909,54,561.5561,562.5,870.0,400.0,,
2271,MSFT,2023-04-26,buy,False,True,bullish,skipped,False,False,http_429,ok,True,False,,ok,True,False,True,,True,False,False,False,False,False,False,False,True,False,False,analyst_unknown,event_time_historical,yfinance_upgrades_downgrades,strong_buy,1.30909,54,561.5561,562.5,870.0,400.0,,
2272,MSFT,2023-04-26,buy,False,True,bullish,skipped,False,False,http_429,ok,True,False,,ok,True,False,True,,True,False,False,False,False,False,False,False,True,False,False,analyst_unknown,event_time_historical,yfinance_upgrades_downgrades,strong_buy,1.30909,54,561.5561,562.5,870.0,400.0,,
2273,MSFT,2023-04-26,buy,False,True,bullish,skipped,False,False,http_429,ok,True,False,,ok,True,False,True,,True,False,False,False,False,False,False,False,True,False,False,analyst_unknown,event_time_historical,yfinance_upgrades_downgrades,strong_buy,1.30909,54,561.5561,562.5,870.0,400.0,,
2274,AAPL,2023-04-26,buy,True,True,bullish,skipped,False,False,http_429,ok,True,False,,ok,True,False,True,,True,False,False,False,False,False,False,False,True,False,False,analyst_unknown,event_time_historical,yfinance_upgrades_downgrades,buy,1.95833,43,308.06512,310.0,400.0,215.0,,
2275,GOOGL,2023-04-26,buy,False,True,bullish,skipped,False,False,http_429,ok,True,False,,ok,True,False,True,,True,False,False,False,False,False,False,False,True,False,False,analyst_unknown,event_time_historical,yfinance_upgrades_downgrades,strong_buy,1.39683,52,427.88712,430.0,515.0,334.22,,
2276,AAPL,2022-10-12,sell,True,True,bearish,skipped,False,False,http_429,ok,True,False,,ok,True,False,True,,True,False,False,False,False,False,False,False,True,False,False,analyst_unknown,event_time_historical,yfinance_upgrades_downgrades,buy,1.95833,43,308.06512,310.0,400.0,215.0,,
2277,TSLA,2021-12-10,buy,True,True,bullish,skipped,False,False,http_429,ok,True,False,,ok,True,False,True,,True,False,False,False,False,False,False,False,True,False,False,analyst_unknown,event_time_historical,yfinance_upgrades_downgrades,buy,2.3617,41,412.25366,450.0,600.0,123.0,,
2278,AMZN,2023-06-20,buy,True,True,bullish,skipped,False,False,http_429,ok,True,False,,ok,True,False,True,,True,False,False,False,False,False,False,False,True,False,False,analyst_unknown,event_time_historical,yfinance_upgrades_downgrades,strong_buy,1.34848,62,311.55145,317.0,370.0,207.0,,
2279,AMZN,2023-06-20,sell,True,True,bearish,skipped,False,False,http_429,ok,True,False,,ok,True,False,True,,True,False,False,False,False,False,False,False,True,False,False,analyst_unknown,event_time_historical,yfinance_upgrades_downgrades,strong_buy,1.34848,62,311.55145,317.0,370.0,207.0,,
2280,AMZN,2023-06-20,buy,True,True,bullish,skipped,False,False,http_429,ok,True,False,,ok,True,False,True,,True,False,False,False,False,False,False,False,True,False,False,analyst_unknown,event_time_historical,yfinance_upgrades_downgrades,strong_buy,1.34848,62,311.55145,317.0,370.0,207.0,,
2281,GOOGL,2025-10-30,buy,False,True,bullish,skipped,False,False,http_429,ok,True,False,,ok,True,False,True,,True,False,False,False,False,False,False,False,True,False,False,analyst_unknown,event_time_historical,yfinance_upgrades_downgrades,strong_buy,1.39683,52,427.88712,430.0,515.0,334.22,,
2282,AAPL,2026-05-04,buy,True,True,bullish,skipped,False,False,http_429,ok,True,False,,ok,True,False,False,,True,True,False,False,False,True,True,True,False,True,False,analyst_bullish_aligned,event_time_historical,finnhub_recommendation,buy,1.95833,43,308.06512,310.0,400.0,215.0,,2026-05-01
2283,TSLA,2021-12-31,buy,True,True,bullish,skipped,False,False,http_429,ok,True,False,,ok,True,False,True,,True,False,False,False,False,False,False,False,True,False,False,analyst_unknown,event_time_historical,yfinance_upgrades_downgrades,buy,2.3617,41,412.25366,450.0,600.0,123.0,,
2285,TSLA,2020-05-18,buy,True,True,bullish,skipped,False,False,http_429,ok,True,False,,ok,True,False,True,,True,False,False,False,False,False,False,False,True,False,False,analyst_unknown,event_time_historical,yfinance_upgrades_downgrades,buy,2.3617,41,412.25366,450.0,600.0,123.0,,
2286,TSLA,2023-10-31,buy,True,True,bullish,skipped,False,False,http_429,ok,True,False,,ok,True,False,True,,True,False,False,False,False,False,False,False,True,False,False,analyst_unknown,event_time_historical,yfinance_upgrades_downgrades,buy,2.3617,41,412.25366,450.0,600.0,123.0,,
2287,TSLA,2021-06-04,buy,True,True,bullish,skipped,False,False,http_429,ok,True,False,,ok,True,False,True,,True,False,False,False,False,False,False,False,True,False,False,analyst_unknown,event_time_historical,yfinance_upgrades_downgrades,buy,2.3617,41,412.25366,450.0,600.0,123.0,,
2288,AMD,2023-02-13,buy,True,False,bullish,skipped,False,False,http_429,ok,True,False,,ok,True,False,True,,True,False,False,False,False,False,False,False,True,False,False,analyst_unknown,event_time_historical,yfinance_upgrades_downgrades,buy,1.5098,48,457.83334,474.0,625.0,225.0,,
2289,AMZN,2023-02-13,buy,True,True,bullish,skipped,False,False,http_429,ok,True,False,,ok,True,False,True,,True,False,False,False,False,False,False,False,True,False,False,analyst_unknown,event_time_historical,yfinance_upgrades_downgrades,strong_buy,1.34848,62,311.55145,317.0,370.0,207.0,,
2290,MSFT,2023-02-13,buy,False,True,bullish,skipped,False,False,http_429,ok,True,False,,ok,True,False,True,,True,False,False,False,False,False,False,False,True,False,False,analyst_unknown,event_time_historical,yfinance_upgrades_downgrades,strong_buy,1.30909,54,561.5561,562.5,870.0,400.0,,
2291,AMD,2023-05-22,buy,True,True,bullish,skipped,False,False,http_429,ok,True,False,,ok,True,False,True,,True,False,False,False,False,False,False,False,True,False,False,analyst_unknown,event_time_historical,yfinance_upgrades_downgrades,buy,1.5098,48,457.83334,474.0,625.0,225.0,,
2292,AMD,2023-05-22,buy,True,True,bullish,skipped,False,False,http_429,ok,True,False,,ok,True,False,True,,True,False,False,False,False,False,False,False,True,False,False,analyst_unknown,event_time_historical,yfinance_upgrades_downgrades,buy,1.5098,48,457.83334,474.0,625.0,225.0,,
2293,TSLA,2023-05-22,buy,True,True,bullish,skipped,False,False,http_429,ok,True,False,,ok,True,False,True,,True,False,False,False,False,False,False,False,True,False,False,analyst_unknown,event_time_historical,yfinance_upgrades_downgrades,buy,2.3617,41,412.25366,450.0,600.0,123.0,,
2294,MSFT,2023-11-20,buy,False,True,bullish,skipped,False,False,http_429,ok,True,False,,ok,True,False,True,,True,False,False,False,False,False,False,False,True,False,False,analyst_unknown,event_time_historical,yfinance_upgrades_downgrades,strong_buy,1.30909,54,561.5561,562.5,870.0,400.0,,
2295,TSLA,2020-07-10,buy,True,True,bullish,skipped,False,False,http_429,ok,True,False,,ok,True,False,True,,True,False,False,False,False,False,False,False,True,False,False,analyst_unknown,event_time_historical,yfinance_upgrades_downgrades,buy,2.3617,41,412.25366,450.0,600.0,123.0,,
2296,TSLA,2020-07-10,buy,True,False,bullish,skipped,False,False,http_429,ok,True,False,,ok,True,False,True,,True,False,False,False,False,False,False,False,True,False,False,analyst_unknown,event_time_historical,yfinance_upgrades_downgrades,buy,2.3617,41,412.25366,450.0,600.0,123.0,,
2297,TSLA,2023-01-03,sell,True,True,bearish,skipped,False,False,http_429,ok,True,False,,ok,True,False,True,,True,False,False,False,False,False,False,False,True,False,False,analyst_unknown,event_time_historical,yfinance_upgrades_downgrades,buy,2.3617,41,412.25366,450.0,600.0,123.0,,
2298,TSLA,2023-03-02,buy,True,True,bullish,skipped,False,False,http_429,ok,True,False,,ok,True,False,True,,True,False,False,False,False,False,False,False,True,False,False,analyst_unknown,event_time_historical,yfinance_upgrades_downgrades,buy,2.3617,41,412.25366,450.0,600.0,123.0,,
2299,TSLA,2023-03-02,buy,True,True,bullish,skipped,False,False,http_429,ok,True,False,,ok,True,False,True,,True,False,False,False,False,False,False,False,True,False,False,analyst_unknown,event_time_historical,yfinance_upgrades_downgrades,buy,2.3617,41,412.25366,450.0,600.0,123.0,,
2300,TSLA,2023-03-02,buy,True,True,bullish,skipped,False,False,http_429,ok,True,False,,ok,True,False,True,,True,False,False,False,False,False,False,False,True,False,False,analyst_unknown,event_time_historical,yfinance_upgrades_downgrades,buy,2.3617,41,412.25366,450.0,600.0,123.0,,
2301,TSLA,2023-03-02,buy,True,False,bullish,skipped,False,False,http_429,ok,True,False,,ok,True,False,True,,True,False,False,False,False,False,False,False,True,False,False,analyst_unknown,event_time_historical,yfinance_upgrades_downgrades,buy,2.3617,41,412.25366,450.0,600.0,123.0,,
2302,MSFT,2022-11-09,buy,False,True,bullish,skipped,False,False,http_429,ok,True,False,,ok,True,False,True,,True,False,False,False,False,False,False,False,True,False,False,analyst_unknown,event_time_historical,yfinance_upgrades_downgrades,strong_buy,1.30909,54,561.5561,562.5,870.0,400.0,,
2303,TSLA,2020-11-27,buy,True,True,bullish,skipped,False,False,http_429,ok,True,False,,ok,True,False,True,,True,False,False,False,False,False,False,False,True,False,False,analyst_unknown,event_time_historical,yfinance_upgrades_downgrades,buy,2.3617,41,412.25366,450.0,600.0,123.0,,
2304,NVDA,2022-11-14,buy,True,True,bullish,skipped,False,False,http_429,ok,True,False,,ok,True,False,True,,True,False,False,False,False,False,False,False,True,False,False,analyst_unknown,event_time_historical,yfinance_upgrades_downgrades,strong_buy,1.29508,57,272.93738,275.0,380.0,140.0,,
2305,AMD,2022-11-14,buy,True,True,bullish,skipped,False,False,http_429,ok,True,False,,ok,True,False,True,,True,False,False,False,False,False,False,False,True,False,False,analyst_unknown,event_time_historical,yfinance_upgrades_downgrades,buy,1.5098,48,457.83334,474.0,625.0,225.0,,
2306,AMD,2022-11-14,buy,True,True,bullish,skipped,False,False,http_429,ok,True,False,,ok,True,False,True,,True,False,False,False,False,False,False,False,True,False,False,analyst_unknown,event_time_historical,yfinance_upgrades_downgrades,buy,1.5098,48,457.83334,474.0,625.0,225.0,,
2307,GOOGL,2023-01-31,sell,False,True,bearish,skipped,False,False,http_429,ok,True,False,,ok,True,False,True,,True,False,False,False,False,False,False,False,True,False,False,analyst_unknown,event_time_historical,yfinance_upgrades_downgrades,strong_buy,1.39683,52,427.88712,430.0,515.0,334.22,,
2308,MSFT,2023-01-31,buy,False,True,bullish,skipped,False,False,http_429,ok,True,False,,ok,True,False,True,,True,False,False,False,False,False,False,False,True,False,False,analyst_unknown,event_time_historical,yfinance_upgrades_downgrades,strong_buy,1.30909,54,561.5561,562.5,870.0,400.0,,
2309,NFLX,2023-01-31,buy,False,True,bullish,skipped,False,False,http_429,ok,True,False,,ok,True,False,True,,True,False,False,False,False,False,False,False,True,False,False,analyst_unknown,event_time_historical,yfinance_upgrades_downgrades,buy,1.68,44,114.555,115.0,151.4,80.0,,
2310,TSLA,2023-10-30,sell,True,True,bearish,skipped,False,False,http_429,ok,True,False,,ok,True,False,True,,True,False,False,False,False,False,False,False,True,False,False,analyst_unknown,event_time_historical,yfinance_upgrades_downgrades,buy,2.3617,41,412.25366,450.0,600.0,123.0,,
2311,TSLA,2023-10-30,sell,True,True,bearish,skipped,False,False,http_429,ok,True,False,,ok,True,False,True,,True,False,False,False,False,False,False,False,True,False,False,analyst_unknown,event_time_historical,yfinance_upgrades_downgrades,buy,2.3617,41,412.25366,450.0,600.0,123.0,,
2312,TSLA,2023-10-30,sell,True,True,bearish,skipped,False,False,http_429,ok,True,False,,ok,True,False,True,,True,False,False,False,False,False,False,False,True,False,False,analyst_unknown,event_time_historical,yfinance_upgrades_downgrades,buy,2.3617,41,412.25366,450.0,600.0,123.0,,
2313,TSLA,2024-01-17,buy,True,True,bullish,skipped,False,False,http_429,ok,True,False,,ok,True,False,True,,True,False,False,False,False,False,False,False,True,False,False,analyst_unknown,event_time_historical,yfinance_upgrades_downgrades,buy,2.3617,41,412.25366,450.0,600.0,123.0,,
2314,TSLA,2024-01-17,buy,True,True,bullish,skipped,False,False,http_429,ok,True,False,,ok,True,False,True,,True,False,False,False,False,False,False,False,True,False,False,analyst_unknown,event_time_historical,yfinance_upgrades_downgrades,buy,2.3617,41,412.25366,450.0,600.0,123.0,,
2315,TSLA,2024-01-17,buy,True,True,bullish,skipped,False,False,http_429,ok,True,False,,ok,True,False,True,,True,False,False,False,False,False,False,False,True,False,False,analyst_unknown,event_time_historical,yfinance_upgrades_downgrades,buy,2.3617,41,412.25366,450.0,600.0,123.0,,
2316,TSLA,2024-01-17,buy,True,True,bullish,skipped,False,False,http_429,ok,True,False,,ok,True,False,True,,True,False,False,False,False,False,False,False,True,False,False,analyst_unknown,event_time_historical,yfinance_upgrades_downgrades,buy,2.3617,41,412.25366,450.0,600.0,123.0,,
2317,TSLA,2024-01-17,buy,True,True,bullish,skipped,False,False,http_429,ok,True,False,,ok,True,False,True,,True,False,False,False,False,False,False,False,True,False,False,analyst_unknown,event_time_historical,yfinance_upgrades_downgrades,buy,2.3617,41,412.25366,450.0,600.0,123.0,,
2318,TSLA,2024-01-17,buy,True,True,bullish,skipped,False,False,http_429,ok,True,False,,ok,True,False,True,,True,False,False,False,False,False,False,False,True,False,False,analyst_unknown,event_time_historical,yfinance_upgrades_downgrades,buy,2.3617,41,412.25366,450.0,600.0,123.0,,
2319,TSLA,2024-01-17,buy,True,True,bullish,skipped,False,False,http_429,ok,True,False,,ok,True,False,True,,True,False,False,False,False,False,False,False,True,False,False,analyst_unknown,event_time_historical,yfinance_upgrades_downgrades,buy,2.3617,41,412.25366,450.0,600.0,123.0,,
2320,TSLA,2024-01-17,buy,True,True,bullish,skipped,False,False,http_429,ok,True,False,,ok,True,False,True,,True,False,False,False,False,False,False,False,True,False,False,analyst_unknown,event_time_historical,yfinance_upgrades_downgrades,buy,2.3617,41,412.25366,450.0,600.0,123.0,,
2321,TSLA,2024-01-17,buy,True,True,bullish,skipped,False,False,http_429,ok,True,False,,ok,True,False,True,,True,False,False,False,False,False,False,False,True,False,False,analyst_unknown,event_time_historical,yfinance_upgrades_downgrades,buy,2.3617,41,412.25366,450.0,600.0,123.0,,
2322,TSLA,2024-01-17,buy,True,True,bullish,skipped,False,False,http_429,ok,True,False,,ok,True,False,True,,True,False,False,False,False,False,False,False,True,False,False,analyst_unknown,event_time_historical,yfinance_upgrades_downgrades,buy,2.3617,41,412.25366,450.0,600.0,123.0,,
2323,TSLA,2024-01-17,buy,True,True,bullish,skipped,False,False,http_429,ok,True,False,,ok,True,False,True,,True,False,False,False,False,False,False,False,True,False,False,analyst_unknown,event_time_historical,yfinance_upgrades_downgrades,buy,2.3617,41,412.25366,450.0,600.0,123.0,,
2324,NFLX,2024-01-17,buy,False,True,bullish,skipped,False,False,http_429,ok,True,False,,ok,True,False,True,,True,False,False,False,False,False,False,False,True,False,False,analyst_unknown,event_time_historical,yfinance_upgrades_downgrades,buy,1.68,44,114.555,115.0,151.4,80.0,,
2325,AMZN,2024-01-17,buy,True,True,bullish,skipped,False,False,http_429,ok,True,False,,ok,True,False,True,,True,False,False,False,False,False,False,False,True,False,False,analyst_unknown,event_time_historical,yfinance_upgrades_downgrades,strong_buy,1.34848,62,311.55145,317.0,370.0,207.0,,
2326,MSFT,2024-01-17,buy,False,True,bullish,skipped,False,False,http_429,ok,True,False,,ok,True,False,True,,True,False,False,False,False,False,False,False,True,False,False,analyst_unknown,event_time_historical,yfinance_upgrades_downgrades,strong_buy,1.30909,54,561.5561,562.5,870.0,400.0,,
2327,MSFT,2024-01-17,buy,False,True,bullish,skipped,False,False,http_429,ok,True,False,,ok,True,False,True,,True,False,False,False,False,False,False,False,True,False,False,analyst_unknown,event_time_historical,yfinance_upgrades_downgrades,strong_buy,1.30909,54,561.5561,562.5,870.0,400.0,,
2328,AAPL,2024-01-17,buy,True,True,bullish,skipped,False,False,http_429,ok,True,False,,ok,True,False,True,,True,False,False,False,False,False,False,False,True,False,False,analyst_unknown,event_time_historical,yfinance_upgrades_downgrades,buy,1.95833,43,308.06512,310.0,400.0,215.0,,
2329,GOOGL,2024-04-10,buy,False,True,bullish,skipped,False,False,http_429,ok,True,False,,ok,True,False,True,,True,False,False,False,False,False,False,False,True,False,False,analyst_unknown,event_time_historical,yfinance_upgrades_downgrades,strong_buy,1.39683,52,427.88712,430.0,515.0,334.22,,
2330,AMD,2024-11-04,sell,True,True,bearish,skipped,False,False,http_429,ok,True,False,,ok,True,False,True,,True,False,False,False,False,False,False,False,True,False,False,analyst_unknown,event_time_historical,yfinance_upgrades_downgrades,buy,1.5098,48,457.83334,474.0,625.0,225.0,,
2331,AMD,2024-11-04,sell,True,True,bearish,skipped,False,False,http_429,ok,True,False,,ok,True,False,True,,True,False,False,False,False,False,False,False,True,False,False,analyst_unknown,event_time_historical,yfinance_upgrades_downgrades,buy,1.5098,48,457.83334,474.0,625.0,225.0,,
2332,AMD,2025-10-09,buy,True,True,bullish,skipped,False,False,http_429,ok,True,False,,ok,True,False,True,,True,False,False,False,False,False,False,False,True,False,False,analyst_unknown,event_time_historical,yfinance_upgrades_downgrades,buy,1.5098,48,457.83334,474.0,625.0,225.0,,
2333,NVDA,2025-12-04,buy,True,True,bullish,skipped,False,False,http_429,ok,True,False,,ok,True,False,True,,True,False,False,False,False,False,False,False,True,False,False,analyst_unknown,event_time_historical,yfinance_upgrades_downgrades,strong_buy,1.29508,57,272.93738,275.0,380.0,140.0,,
2334,GOOGL,2025-12-04,buy,False,True,bullish,skipped,False,False,http_429,ok,True,False,,ok,True,False,True,,True,False,False,False,False,False,False,False,True,False,False,analyst_unknown,event_time_historical,yfinance_upgrades_downgrades,strong_buy,1.39683,52,427.88712,430.0,515.0,334.22,,
2335,META,2025-12-04,buy,False,True,bullish,skipped,False,False,http_429,ok,True,False,,ok,True,False,True,,True,False,False,False,False,False,False,False,True,False,False,analyst_unknown,event_time_historical,yfinance_upgrades_downgrades,strong_buy,1.34921,58,826.69104,825.0,1015.0,614.0,,
2336,MSFT,2026-01-26,sell,False,True,bearish,skipped,False,False,http_429,ok,True,False,,ok,True,False,True,,True,False,False,False,False,False,False,False,True,False,False,analyst_unknown,event_time_historical,yfinance_upgrades_downgrades,strong_buy,1.30909,54,561.5561,562.5,870.0,400.0,,
2337,AMZN,2026-03-17,buy,True,True,bullish,skipped,False,False,http_429,ok,True,False,,ok,True,False,False,,True,True,False,False,False,True,False,True,False,True,False,analyst_bullish_aligned,event_time_historical,finnhub_recommendation,strong_buy,1.34848,62,311.55145,317.0,370.0,207.0,,2026-03-01
2338,AMZN,2026-03-17,buy,True,True,bullish,skipped,False,False,http_429,ok,True,False,,ok,True,False,False,,True,True,False,False,False,True,False,True,False,True,False,analyst_bullish_aligned,event_time_historical,finnhub_recommendation,strong_buy,1.34848,62,311.55145,317.0,370.0,207.0,,2026-03-01
2339,META,2026-03-17,sell,False,True,bearish,skipped,False,False,http_429,ok,True,False,,ok,True,False,False,,True,False,False,False,True,True,False,True,False,True,False,finfluencer_contrarian_to_analyst,event_time_historical,finnhub_recommendation,strong_buy,1.34921,58,826.69104,825.0,1015.0,614.0,,2026-03-01
2340,SOFI,2026-04-30,buy,False,True,bullish,skipped,False,False,http_429,ok,True,False,,ok,True,False,False,,True,True,False,False,False,True,True,True,False,True,False,analyst_bullish_aligned,event_time_historical,finnhub_recommendation,hold,2.70833,20,21.1,18.5,31.0,12.0,,2026-04-01
2341,SOFI,2026-05-05,buy,False,True,bullish,skipped,False,False,http_429,ok,True,False,,ok,True,False,False,,True,True,False,False,False,True,True,True,False,True,False,analyst_bullish_aligned,event_time_historical,finnhub_recommendation,hold,2.70833,20,21.1,18.5,31.0,12.0,,2026-05-01
