event_id,video_id,creator,ticker,recommendation_type,video_published_at,transcript_evidence_timestamp,calendar_event_date,effective_trading_event_date,timing_bucket,event_window_minus20_minus1_start,event_window_minus20_minus1_end,event_window_minus5_minus1_start,event_window_minus5_minus1_end,event_window_0_plus1_start,event_window_0_plus1_end,event_window_0_plus3_start,event_window_0_plus3_end,event_window_0_plus5_start,event_window_0_plus5_end,event_window_plus5_plus20_start,event_window_plus5_plus20_end,event_window_0_plus20_start,event_window_0_plus20_end,lookahead_risk_flag,duplicate_cluster_id,duplicate_cluster_size
1,9kJI7BgxLM8,Couch Investor,SOFI,buy,2025-09-12T15:21:43Z,2025-09-12T15:50:38.120000+00:00,2025-09-12,2025-09-12,during_market,2025-08-14,2025-09-11,2025-09-05,2025-09-11,2025-09-12,2025-09-15,2025-09-12,2025-09-17,2025-09-12,2025-09-19,2025-09-19,2025-10-10,2025-09-12,2025-10-10,True,1,1
2,9kJI7BgxLM8,Couch Investor,NVDA,buy,2025-09-12T15:21:43Z,2025-09-12T16:12:13.559000+00:00,2025-09-12,2025-09-12,during_market,2025-08-14,2025-09-11,2025-09-05,2025-09-11,2025-09-12,2025-09-15,2025-09-12,2025-09-17,2025-09-12,2025-09-19,2025-09-19,2025-10-10,2025-09-12,2025-10-10,True,2,1
3,9ss1GH8SYAw,Couch Investor,SOFI,buy,2026-05-01T22:40:55Z,2026-05-01T22:40:55+00:00,2026-05-01,2026-05-01,after_close,2026-04-02,2026-04-30,2026-04-24,2026-04-30,2026-05-01,2026-05-04,2026-05-01,2026-05-06,2026-05-01,2026-05-08,2026-05-08,,2026-05-01,,True,3,2
4,9ss1GH8SYAw,Couch Investor,SOFI,buy,2026-05-01T22:40:55Z,2026-05-01T22:48:20.120000+00:00,2026-05-01,2026-05-01,after_close,2026-04-02,2026-04-30,2026-04-24,2026-04-30,2026-05-01,2026-05-04,2026-05-01,2026-05-06,2026-05-01,2026-05-08,2026-05-08,,2026-05-01,,True,3,2
5,x7UTYS2-fMU,Jose Najarro Stocks,NVDA,sell,2026-01-13T17:12:44Z,2026-01-13T17:53:43.839000+00:00,2026-01-13,2026-01-13,during_market,2025-12-12,2026-01-12,2026-01-06,2026-01-12,2026-01-13,2026-01-14,2026-01-13,2026-01-16,2026-01-13,2026-01-21,2026-01-21,2026-02-11,2026-01-13,2026-02-11,True,4,2
6,x7UTYS2-fMU,Jose Najarro Stocks,NVDA,buy,2026-01-13T17:12:44Z,2026-01-13T18:05:30.319000+00:00,2026-01-13,2026-01-13,during_market,2025-12-12,2026-01-12,2026-01-06,2026-01-12,2026-01-13,2026-01-14,2026-01-13,2026-01-16,2026-01-13,2026-01-21,2026-01-21,2026-02-11,2026-01-13,2026-02-11,True,4,2
7,hp7YC4lmPE0,Jose Najarro Stocks,NVDA,buy,2025-08-28T02:04:09Z,2025-08-28T02:04:26.760000+00:00,2025-08-28,2025-08-28,after_close,2025-07-31,2025-08-27,2025-08-21,2025-08-27,2025-08-28,2025-08-29,2025-08-28,2025-09-03,2025-08-28,2025-09-05,2025-09-05,2025-09-26,2025-08-28,2025-09-26,True,5,2
8,jkuQjEyfKwM,Jose Najarro Stocks,AMD,buy,2026-01-20T17:18:30Z,2026-01-20T17:24:54.560000+00:00,2026-01-20,2026-01-20,during_market,2025-12-18,2026-01-16,2026-01-12,2026-01-16,2026-01-20,2026-01-21,2026-01-20,2026-01-23,2026-01-20,2026-01-27,2026-01-27,2026-02-18,2026-01-20,2026-02-18,True,6,2
9,jn3unywFg24,Jose Najarro Stocks,MSFT,buy,2026-01-14T17:21:02Z,2026-01-14T17:33:10.480000+00:00,2026-01-14,2026-01-14,during_market,2025-12-15,2026-01-13,2026-01-07,2026-01-13,2026-01-14,2026-01-15,2026-01-14,2026-01-20,2026-01-14,2026-01-22,2026-01-22,2026-02-12,2026-01-14,2026-02-12,True,7,1
10,jn3unywFg24,Jose Najarro Stocks,NFLX,buy,2026-01-14T17:21:02Z,2026-01-14T17:47:51.200000+00:00,2026-01-14,2026-01-14,during_market,2025-12-15,2026-01-13,2026-01-07,2026-01-13,2026-01-14,2026-01-15,2026-01-14,2026-01-20,2026-01-14,2026-01-22,2026-01-22,2026-02-12,2026-01-14,2026-02-12,True,8,1
11,jn3unywFg24,Jose Najarro Stocks,NVDA,buy,2026-01-14T17:21:02Z,2026-01-14T18:09:07.040000+00:00,2026-01-14,2026-01-14,during_market,2025-12-15,2026-01-13,2026-01-07,2026-01-13,2026-01-14,2026-01-15,2026-01-14,2026-01-20,2026-01-14,2026-01-22,2026-01-22,2026-02-12,2026-01-14,2026-02-12,True,9,1
12,kSzohaLWEDc,Jose Najarro Stocks,MSFT,buy,2025-07-30T23:07:42Z,2025-07-30T23:13:46.400000+00:00,2025-07-30,2025-07-30,after_close,2025-07-01,2025-07-29,2025-07-23,2025-07-29,2025-07-30,2025-07-31,2025-07-30,2025-08-04,2025-07-30,2025-08-06,2025-08-06,2025-08-27,2025-07-30,2025-08-27,True,10,1
13,kSzohaLWEDc,Jose Najarro Stocks,GOOGL,buy,2025-07-30T23:07:42Z,2025-07-30T23:27:47.360000+00:00,2025-07-30,2025-07-30,after_close,2025-07-01,2025-07-29,2025-07-23,2025-07-29,2025-07-30,2025-07-31,2025-07-30,2025-08-04,2025-07-30,2025-08-06,2025-08-06,2025-08-27,2025-07-30,2025-08-27,True,11,1
14,kh-qIeu-wEA,Jose Najarro Stocks,AMD,buy,2025-09-21T04:03:52Z,2025-09-21T04:08:41.040000+00:00,2025-09-21,2025-09-22,weekend_or_holiday,2025-08-22,2025-09-19,2025-09-15,2025-09-19,2025-09-22,2025-09-23,2025-09-22,2025-09-25,2025-09-22,2025-09-29,2025-09-29,2025-10-20,2025-09-22,2025-10-20,False,12,1
15,kh-qIeu-wEA,Jose Najarro Stocks,NVDA,sell,2025-09-21T04:03:52Z,2025-09-21T04:12:01.520000+00:00,2025-09-21,2025-09-22,weekend_or_holiday,2025-08-22,2025-09-19,2025-09-15,2025-09-19,2025-09-22,2025-09-23,2025-09-22,2025-09-25,2025-09-22,2025-09-29,2025-09-29,2025-10-20,2025-09-22,2025-10-20,False,13,1
16,ktwqd2fBQUc,Jose Najarro Stocks,META,buy,2026-05-01T00:41:35Z,2026-05-01T00:46:20.480000+00:00,2026-05-01,2026-05-01,after_close,2026-04-02,2026-04-30,2026-04-24,2026-04-30,2026-05-01,2026-05-04,2026-05-01,2026-05-06,2026-05-01,2026-05-08,2026-05-08,,2026-05-01,,True,14,1
17,l1EhVSTa1ok,Jose Najarro Stocks,NVDA,buy,2025-05-29T03:26:10Z,2025-05-29T03:27:03.440000+00:00,2025-05-29,2025-05-29,after_close,2025-04-30,2025-05-28,2025-05-21,2025-05-28,2025-05-29,2025-05-30,2025-05-29,2025-06-03,2025-05-29,2025-06-05,2025-06-05,2025-06-27,2025-05-29,2025-06-27,True,15,1
18,l7-j07teo3M,Jose Najarro Stocks,AAPL,buy,2025-06-05T02:06:45Z,2025-06-05T03:18:46.440000+00:00,2025-06-05,2025-06-05,after_close,2025-05-07,2025-06-04,2025-05-29,2025-06-04,2025-06-05,2025-06-06,2025-06-05,2025-06-10,2025-06-05,2025-06-12,2025-06-12,2025-07-07,2025-06-05,2025-07-07,True,16,1
19,l7-j07teo3M,Jose Najarro Stocks,DIS,buy,2025-06-05T02:06:45Z,2025-06-05T02:25:31.400000+00:00,2025-06-05,2025-06-05,after_close,2025-05-07,2025-06-04,2025-05-29,2025-06-04,2025-06-05,2025-06-06,2025-06-05,2025-06-10,2025-06-05,2025-06-12,2025-06-12,2025-07-07,2025-06-05,2025-07-07,True,17,1
20,l7-j07teo3M,Jose Najarro Stocks,PYPL,buy,2025-06-05T02:06:45Z,2025-06-05T02:37:26.799000+00:00,2025-06-05,2025-06-05,after_close,2025-05-07,2025-06-04,2025-05-29,2025-06-04,2025-06-05,2025-06-06,2025-06-05,2025-06-10,2025-06-05,2025-06-12,2025-06-12,2025-07-07,2025-06-05,2025-07-07,True,18,1
21,lS5d1IXawe8,Jose Najarro Stocks,AMD,buy,2025-08-11T20:00:28Z,2025-08-11T20:13:30.480000+00:00,2025-08-11,2025-08-11,during_market,2025-07-14,2025-08-08,2025-08-04,2025-08-08,2025-08-11,2025-08-12,2025-08-11,2025-08-14,2025-08-11,2025-08-18,2025-08-18,2025-09-09,2025-08-11,2025-09-09,True,19,2
22,TZKPxgRqJgg,Jose Najarro Stocks,NVDA,buy,2025-10-03T18:24:05Z,2025-10-03T18:38:17.959000+00:00,2025-10-03,2025-10-03,during_market,2025-09-05,2025-10-02,2025-09-26,2025-10-02,2025-10-03,2025-10-06,2025-10-03,2025-10-08,2025-10-03,2025-10-10,2025-10-10,2025-10-31,2025-10-03,2025-10-31,True,20,3
23,TfBPPX3bUrE,Jose Najarro Stocks,TSLA,buy,2025-04-22T21:10:58Z,2025-04-22T21:15:03.840000+00:00,2025-04-22,2025-04-22,after_close,2025-03-24,2025-04-21,2025-04-14,2025-04-21,2025-04-22,2025-04-23,2025-04-22,2025-04-25,2025-04-22,2025-04-29,2025-04-29,2025-05-20,2025-04-22,2025-05-20,True,21,5
24,TfBPPX3bUrE,Jose Najarro Stocks,TSLA,sell,2025-04-22T21:10:58Z,2025-04-22T21:19:46.240000+00:00,2025-04-22,2025-04-22,after_close,2025-03-24,2025-04-21,2025-04-14,2025-04-21,2025-04-22,2025-04-23,2025-04-22,2025-04-25,2025-04-22,2025-04-29,2025-04-29,2025-05-20,2025-04-22,2025-05-20,True,21,5
25,TfBPPX3bUrE,Jose Najarro Stocks,TSLA,sell,2025-04-22T21:10:58Z,2025-04-22T21:21:03.440000+00:00,2025-04-22,2025-04-22,after_close,2025-03-24,2025-04-21,2025-04-14,2025-04-21,2025-04-22,2025-04-23,2025-04-22,2025-04-25,2025-04-22,2025-04-29,2025-04-29,2025-05-20,2025-04-22,2025-05-20,True,21,5
26,TfBPPX3bUrE,Jose Najarro Stocks,TSLA,buy,2025-04-22T21:10:58Z,2025-04-22T22:07:13.440000+00:00,2025-04-22,2025-04-22,after_close,2025-03-24,2025-04-21,2025-04-14,2025-04-21,2025-04-22,2025-04-23,2025-04-22,2025-04-25,2025-04-22,2025-04-29,2025-04-29,2025-05-20,2025-04-22,2025-05-20,True,21,5
27,TfBPPX3bUrE,Jose Najarro Stocks,TSLA,buy,2025-04-22T21:10:58Z,2025-04-22T22:16:54.960000+00:00,2025-04-22,2025-04-22,after_close,2025-03-24,2025-04-21,2025-04-14,2025-04-21,2025-04-22,2025-04-23,2025-04-22,2025-04-25,2025-04-22,2025-04-29,2025-04-29,2025-05-20,2025-04-22,2025-05-20,True,21,5
28,TfBPPX3bUrE,Jose Najarro Stocks,AMZN,buy,2025-04-22T21:10:58Z,2025-04-22T21:15:25.520000+00:00,2025-04-22,2025-04-22,after_close,2025-03-24,2025-04-21,2025-04-14,2025-04-21,2025-04-22,2025-04-23,2025-04-22,2025-04-25,2025-04-22,2025-04-29,2025-04-29,2025-05-20,2025-04-22,2025-05-20,True,22,1
29,TjFsAeG7rLM,Jose Najarro Stocks,NVDA,buy,2025-08-17T03:42:39Z,2025-08-17T03:45:11+00:00,2025-08-17,2025-08-18,weekend_or_holiday,2025-07-21,2025-08-15,2025-08-11,2025-08-15,2025-08-18,2025-08-19,2025-08-18,2025-08-21,2025-08-18,2025-08-25,2025-08-25,2025-09-16,2025-08-18,2025-09-16,False,23,1
30,ToNE55pOgLY,Jose Najarro Stocks,NVDA,buy,2025-12-28T03:40:22Z,2025-12-28T03:46:29.919000+00:00,2025-12-28,2025-12-29,weekend_or_holiday,2025-11-28,2025-12-26,2025-12-19,2025-12-26,2025-12-29,2025-12-30,2025-12-29,2026-01-02,2025-12-29,2026-01-06,2026-01-06,2026-01-28,2025-12-29,2026-01-28,False,24,1
31,U4QOkflbLNM,Jose Najarro Stocks,AMD,buy,2026-01-07T19:05:59Z,2026-01-07T19:06:10.599000+00:00,2026-01-07,2026-01-07,during_market,2025-12-08,2026-01-06,2025-12-30,2026-01-06,2026-01-07,2026-01-08,2026-01-07,2026-01-12,2026-01-07,2026-01-14,2026-01-14,2026-02-05,2026-01-07,2026-02-05,True,25,1
32,V2n8fGThJas,Jose Najarro Stocks,NVDA,buy,2025-07-25T17:00:13Z,2025-07-25T17:15:12.040000+00:00,2025-07-25,2025-07-25,during_market,2025-06-26,2025-07-24,2025-07-18,2025-07-24,2025-07-25,2025-07-28,2025-07-25,2025-07-30,2025-07-25,2025-08-01,2025-08-01,2025-08-22,2025-07-25,2025-08-22,True,26,1
33,VLGOO8yqgzs,Jose Najarro Stocks,NVDA,buy,2025-11-22T15:22:48Z,2025-11-22T15:28:01.920000+00:00,2025-11-22,2025-11-24,weekend_or_holiday,2025-10-27,2025-11-21,2025-11-17,2025-11-21,2025-11-24,2025-11-25,2025-11-24,2025-11-28,2025-11-24,2025-12-02,2025-12-02,2025-12-23,2025-11-24,2025-12-23,False,27,2
34,VLGOO8yqgzs,Jose Najarro Stocks,NVDA,buy,2025-11-22T15:22:48Z,2025-11-22T15:40:25.320000+00:00,2025-11-22,2025-11-24,weekend_or_holiday,2025-10-27,2025-11-21,2025-11-17,2025-11-21,2025-11-24,2025-11-25,2025-11-24,2025-11-28,2025-11-24,2025-12-02,2025-12-02,2025-12-23,2025-11-24,2025-12-23,False,27,2
35,VLGOO8yqgzs,Jose Najarro Stocks,MSFT,buy,2025-11-22T15:22:48Z,2025-11-22T15:42:53.640000+00:00,2025-11-22,2025-11-24,weekend_or_holiday,2025-10-27,2025-11-21,2025-11-17,2025-11-21,2025-11-24,2025-11-25,2025-11-24,2025-11-28,2025-11-24,2025-12-02,2025-12-02,2025-12-23,2025-11-24,2025-12-23,False,28,1
36,VM6-KSk5TYE,Jose Najarro Stocks,PYPL,buy,2025-09-17T13:56:51Z,2025-09-17T14:39:36.280000+00:00,2025-09-17,2025-09-17,before_open,2025-08-19,2025-09-16,2025-09-10,2025-09-16,2025-09-17,2025-09-18,2025-09-17,2025-09-22,2025-09-17,2025-09-24,2025-09-24,2025-10-15,2025-09-17,2025-10-15,False,29,1
37,VM6-KSk5TYE,Jose Najarro Stocks,META,buy,2025-09-17T13:56:51Z,2025-09-17T14:41:19.640000+00:00,2025-09-17,2025-09-17,before_open,2025-08-19,2025-09-16,2025-09-10,2025-09-16,2025-09-17,2025-09-18,2025-09-17,2025-09-22,2025-09-17,2025-09-24,2025-09-24,2025-10-15,2025-09-17,2025-10-15,False,30,1
38,ViHbN8sqowE,Jose Najarro Stocks,GOOGL,sell,2025-06-22T04:29:57Z,2025-06-22T04:29:57.080000+00:00,2025-06-22,2025-06-23,weekend_or_holiday,2025-05-22,2025-06-20,2025-06-13,2025-06-20,2025-06-23,2025-06-24,2025-06-23,2025-06-26,2025-06-23,2025-06-30,2025-06-30,2025-07-22,2025-06-23,2025-07-22,False,31,1
39,WZn7DEvbUSg,Jose Najarro Stocks,NVDA,buy,2025-07-16T03:27:11Z,2025-07-16T03:39:16.600000+00:00,2025-07-16,2025-07-16,after_close,2025-06-16,2025-07-15,2025-07-09,2025-07-15,2025-07-16,2025-07-17,2025-07-16,2025-07-21,2025-07-16,2025-07-23,2025-07-23,2025-08-13,2025-07-16,2025-08-13,True,32,4
40,W_PUT886Hsg,Jose Najarro Stocks,NVDA,buy,2025-06-12T01:54:39Z,2025-06-12T03:04:37.159000+00:00,2025-06-12,2025-06-12,after_close,2025-05-14,2025-06-11,2025-06-05,2025-06-11,2025-06-12,2025-06-13,2025-06-12,2025-06-17,2025-06-12,2025-06-20,2025-06-20,2025-07-14,2025-06-12,2025-07-14,True,33,1
41,XIFBe1sQ154,Jose Najarro Stocks,AMD,sell,2025-08-10T22:39:36Z,2025-08-10T22:50:43.360000+00:00,2025-08-10,2025-08-11,weekend_or_holiday,2025-07-14,2025-08-08,2025-08-04,2025-08-08,2025-08-11,2025-08-12,2025-08-11,2025-08-14,2025-08-11,2025-08-18,2025-08-18,2025-09-09,2025-08-11,2025-09-09,False,19,2
42,XIFBe1sQ154,Jose Najarro Stocks,NVDA,sell,2025-08-10T22:39:36Z,2025-08-10T22:50:43.360000+00:00,2025-08-10,2025-08-11,weekend_or_holiday,2025-07-14,2025-08-08,2025-08-04,2025-08-08,2025-08-11,2025-08-12,2025-08-11,2025-08-14,2025-08-11,2025-08-18,2025-08-18,2025-09-09,2025-08-11,2025-09-09,False,34,2
43,ZoNcukTNJWU,Jose Najarro Stocks,NVDA,buy,2026-01-16T05:09:42Z,2026-01-16T05:37:16.960000+00:00,2026-01-16,2026-01-16,before_open,2025-12-17,2026-01-15,2026-01-09,2026-01-15,2026-01-16,2026-01-20,2026-01-16,2026-01-22,2026-01-16,2026-01-26,2026-01-26,2026-02-17,2026-01-16,2026-02-17,False,35,1
44,ZoNcukTNJWU,Jose Najarro Stocks,AMD,buy,2026-01-16T05:09:42Z,2026-01-16T05:37:51.279000+00:00,2026-01-16,2026-01-16,before_open,2025-12-17,2026-01-15,2026-01-09,2026-01-15,2026-01-16,2026-01-20,2026-01-16,2026-01-22,2026-01-16,2026-01-26,2026-01-26,2026-02-17,2026-01-16,2026-02-17,False,36,1
45,_0xgiC5-zkY,Jose Najarro Stocks,AMD,buy,2025-06-23T22:42:42Z,2025-06-23T22:51:15.680000+00:00,2025-06-23,2025-06-23,after_close,2025-05-22,2025-06-20,2025-06-13,2025-06-20,2025-06-23,2025-06-24,2025-06-23,2025-06-26,2025-06-23,2025-06-30,2025-06-30,2025-07-22,2025-06-23,2025-07-22,True,37,1
46,aT9dTY-LD3A,Jose Najarro Stocks,GOOGL,buy,2025-05-20T14:09:47Z,2025-05-20T14:46:49.640000+00:00,2025-05-20,2025-05-20,before_open,2025-04-22,2025-05-19,2025-05-13,2025-05-19,2025-05-20,2025-05-21,2025-05-20,2025-05-23,2025-05-20,2025-05-28,2025-05-28,2025-06-18,2025-05-20,2025-06-18,False,38,1
47,aT9dTY-LD3A,Jose Najarro Stocks,NVDA,buy,2025-05-20T14:09:47Z,2025-05-20T14:18:52.240000+00:00,2025-05-20,2025-05-20,before_open,2025-04-22,2025-05-19,2025-05-13,2025-05-19,2025-05-20,2025-05-21,2025-05-20,2025-05-23,2025-05-20,2025-05-28,2025-05-28,2025-06-18,2025-05-20,2025-06-18,False,39,3
48,aT9dTY-LD3A,Jose Najarro Stocks,NVDA,sell,2025-05-20T14:09:47Z,2025-05-20T14:32:30.200000+00:00,2025-05-20,2025-05-20,before_open,2025-04-22,2025-05-19,2025-05-13,2025-05-19,2025-05-20,2025-05-21,2025-05-20,2025-05-23,2025-05-20,2025-05-28,2025-05-28,2025-06-18,2025-05-20,2025-06-18,False,39,3
49,aT9dTY-LD3A,Jose Najarro Stocks,NVDA,buy,2025-05-20T14:09:47Z,2025-05-20T14:33:32.360000+00:00,2025-05-20,2025-05-20,before_open,2025-04-22,2025-05-19,2025-05-13,2025-05-19,2025-05-20,2025-05-21,2025-05-20,2025-05-23,2025-05-20,2025-05-28,2025-05-28,2025-06-18,2025-05-20,2025-06-18,False,39,3
50,cA9G2OXZXVQ,Jose Najarro Stocks,NVDA,buy,2025-09-15T21:55:41Z,2025-09-15T22:03:46.120000+00:00,2025-09-15,2025-09-15,after_close,2025-08-15,2025-09-12,2025-09-08,2025-09-12,2025-09-15,2025-09-16,2025-09-15,2025-09-18,2025-09-15,2025-09-22,2025-09-22,2025-10-13,2025-09-15,2025-10-13,True,40,1
51,fEddj8s8az8,Jose Najarro Stocks,NVDA,buy,2025-08-11T13:42:59Z,2025-08-11T14:33:49.880000+00:00,2025-08-11,2025-08-11,before_open,2025-07-14,2025-08-08,2025-08-04,2025-08-08,2025-08-11,2025-08-12,2025-08-11,2025-08-14,2025-08-11,2025-08-18,2025-08-18,2025-09-09,2025-08-11,2025-09-09,False,34,2
52,fOznSynSQEA,Jose Najarro Stocks,META,sell,2026-01-25T03:11:06Z,2026-01-25T03:15:58.639000+00:00,2026-01-25,2026-01-26,weekend_or_holiday,2025-12-24,2026-01-23,2026-01-16,2026-01-23,2026-01-26,2026-01-27,2026-01-26,2026-01-29,2026-01-26,2026-02-02,2026-02-02,2026-02-24,2026-01-26,2026-02-24,False,41,2
53,gJJsebHnej4,Jose Najarro Stocks,NVDA,buy,2025-05-21T21:17:52Z,2025-05-21T21:27:29.279000+00:00,2025-05-21,2025-05-21,after_close,2025-04-23,2025-05-20,2025-05-14,2025-05-20,2025-05-21,2025-05-22,2025-05-21,2025-05-27,2025-05-21,2025-05-29,2025-05-29,2025-06-20,2025-05-21,2025-06-20,True,42,2
54,gVnUKjkA5M0,Jose Najarro Stocks,NVDA,sell,2025-05-22T22:52:32Z,2025-05-22T22:57:56.720000+00:00,2025-05-22,2025-05-22,after_close,2025-04-24,2025-05-21,2025-05-15,2025-05-21,2025-05-22,2025-05-23,2025-05-22,2025-05-28,2025-05-22,2025-05-30,2025-05-30,2025-06-23,2025-05-22,2025-06-23,True,43,1
55,DKFqBKs-_kE,Jose Najarro Stocks,GOOGL,buy,2025-06-25T13:53:43Z,2025-06-25T14:19:36.760000+00:00,2025-06-25,2025-06-25,before_open,2025-05-27,2025-06-24,2025-06-17,2025-06-24,2025-06-25,2025-06-26,2025-06-25,2025-06-30,2025-06-25,2025-07-02,2025-07-02,2025-07-24,2025-06-25,2025-07-24,False,44,1
56,DasPTS8i000,Jose Najarro Stocks,GOOGL,buy,2025-06-24T13:47:48Z,2025-06-24T15:15:52+00:00,2025-06-24,2025-06-24,before_open,2025-05-23,2025-06-23,2025-06-16,2025-06-23,2025-06-24,2025-06-25,2025-06-24,2025-06-27,2025-06-24,2025-07-01,2025-07-01,2025-07-23,2025-06-24,2025-07-23,False,45,2
57,EPYNXeTbgCg,Jose Najarro Stocks,AAPL,sell,2025-06-17T01:40:21Z,2025-06-17T02:04:13.159000+00:00,2025-06-17,2025-06-17,after_close,2025-05-19,2025-06-16,2025-06-10,2025-06-16,2025-06-17,2025-06-18,2025-06-17,2025-06-23,2025-06-17,2025-06-25,2025-06-25,2025-07-17,2025-06-17,2025-07-17,True,46,1
58,EPYNXeTbgCg,Jose Najarro Stocks,SOFI,buy,2025-06-17T01:40:21Z,2025-06-17T02:11:08.520000+00:00,2025-06-17,2025-06-17,after_close,2025-05-19,2025-06-16,2025-06-10,2025-06-16,2025-06-17,2025-06-18,2025-06-17,2025-06-23,2025-06-17,2025-06-25,2025-06-25,2025-07-17,2025-06-17,2025-07-17,True,47,1
59,EPYNXeTbgCg,Jose Najarro Stocks,META,buy,2025-06-17T01:40:21Z,2025-06-17T02:29:58.760000+00:00,2025-06-17,2025-06-17,after_close,2025-05-19,2025-06-16,2025-06-10,2025-06-16,2025-06-17,2025-06-18,2025-06-17,2025-06-23,2025-06-17,2025-06-25,2025-06-25,2025-07-17,2025-06-17,2025-07-17,True,48,1
60,FLfvPzUYoPE,Jose Najarro Stocks,GOOGL,buy,2025-07-25T09:23:04Z,2025-07-25T10:26:08.160000+00:00,2025-07-25,2025-07-25,before_open,2025-06-26,2025-07-24,2025-07-18,2025-07-24,2025-07-25,2025-07-28,2025-07-25,2025-07-30,2025-07-25,2025-08-01,2025-08-01,2025-08-22,2025-07-25,2025-08-22,False,49,1
61,FtyHVuOfGKo,Jose Najarro Stocks,NVDA,buy,2026-01-29T17:35:25Z,2026-01-29T18:18:21.079000+00:00,2026-01-29,2026-01-29,during_market,2025-12-30,2026-01-28,2026-01-22,2026-01-28,2026-01-29,2026-01-30,2026-01-29,2026-02-03,2026-01-29,2026-02-05,2026-02-05,2026-02-27,2026-01-29,2026-02-27,True,50,1
62,GIPCWsA3i4Y,Jose Najarro Stocks,GOOGL,buy,2025-08-20T01:49:07Z,2025-08-20T02:36:54.359000+00:00,2025-08-20,2025-08-20,after_close,2025-07-23,2025-08-19,2025-08-13,2025-08-19,2025-08-20,2025-08-21,2025-08-20,2025-08-25,2025-08-20,2025-08-27,2025-08-27,2025-09-18,2025-08-20,2025-09-18,True,51,1
63,GZ_5WYJCgAo,Jose Najarro Stocks,AMD,buy,2025-10-04T13:59:43Z,2025-10-04T14:06:15.080000+00:00,2025-10-04,2025-10-06,weekend_or_holiday,2025-09-08,2025-10-03,2025-09-29,2025-10-03,2025-10-06,2025-10-07,2025-10-06,2025-10-09,2025-10-06,2025-10-13,2025-10-13,2025-11-03,2025-10-06,2025-11-03,False,52,1
64,Gh_Uc-iLTbY,Jose Najarro Stocks,META,sell,2025-11-26T03:48:37Z,2025-11-26T03:55:58.919000+00:00,2025-11-26,2025-11-26,after_close,2025-10-29,2025-11-25,2025-11-19,2025-11-25,2025-11-26,2025-11-28,2025-11-26,2025-12-02,2025-11-26,2025-12-04,2025-12-04,2025-12-26,2025-11-26,2025-12-26,True,53,1
65,H8csy_L4fqg,Jose Najarro Stocks,NVDA,buy,2025-08-13T01:43:21Z,2025-08-13T02:29:31+00:00,2025-08-13,2025-08-13,after_close,2025-07-16,2025-08-12,2025-08-06,2025-08-12,2025-08-13,2025-08-14,2025-08-13,2025-08-18,2025-08-13,2025-08-20,2025-08-20,2025-09-11,2025-08-13,2025-09-11,True,54,2
66,H8csy_L4fqg,Jose Najarro Stocks,NVDA,sell,2025-08-13T01:43:21Z,2025-08-13T02:38:33.800000+00:00,2025-08-13,2025-08-13,after_close,2025-07-16,2025-08-12,2025-08-06,2025-08-12,2025-08-13,2025-08-14,2025-08-13,2025-08-18,2025-08-13,2025-08-20,2025-08-20,2025-09-11,2025-08-13,2025-09-11,True,54,2
67,HgRFFG9IZ2Y,Jose Najarro Stocks,NVDA,buy,2025-05-21T01:56:25Z,2025-05-21T01:56:33.320000+00:00,2025-05-21,2025-05-21,after_close,2025-04-23,2025-05-20,2025-05-14,2025-05-20,2025-05-21,2025-05-22,2025-05-21,2025-05-27,2025-05-21,2025-05-29,2025-05-29,2025-06-20,2025-05-21,2025-06-20,True,42,2
68,IQeul6oxymE,Jose Najarro Stocks,AMD,sell,2025-12-19T20:30:10Z,2025-12-19T20:31:03.360000+00:00,2025-12-19,2025-12-19,during_market,2025-11-20,2025-12-18,2025-12-12,2025-12-18,2025-12-19,2025-12-22,2025-12-19,2025-12-24,2025-12-19,2025-12-29,2025-12-29,2026-01-21,2025-12-19,2026-01-21,True,55,1
69,In4uPq-ou6A,Jose Najarro Stocks,AMD,buy,2025-07-08T01:21:19Z,2025-07-08T01:22:46.439000+00:00,2025-07-08,2025-07-08,after_close,2025-06-06,2025-07-07,2025-06-30,2025-07-07,2025-07-08,2025-07-09,2025-07-08,2025-07-11,2025-07-08,2025-07-15,2025-07-15,2025-08-05,2025-07-08,2025-08-05,True,56,1
70,Iu-LF0kbb-M,Jose Najarro Stocks,AMD,buy,2026-05-06T03:02:31Z,2026-05-06T03:02:32.560000+00:00,2026-05-06,2026-05-06,after_close,2026-04-08,2026-05-05,2026-04-29,2026-05-05,2026-05-06,2026-05-07,2026-05-06,2026-05-11,2026-05-06,2026-05-13,2026-05-13,,2026-05-06,,True,57,2
71,Iu-LF0kbb-M,Jose Najarro Stocks,AMD,sell,2026-05-06T03:02:31Z,2026-05-06T03:09:12.080000+00:00,2026-05-06,2026-05-06,after_close,2026-04-08,2026-05-05,2026-04-29,2026-05-05,2026-05-06,2026-05-07,2026-05-06,2026-05-11,2026-05-06,2026-05-13,2026-05-13,,2026-05-06,,True,57,2
72,Iu-LF0kbb-M,Jose Najarro Stocks,AMZN,buy,2026-05-06T03:02:31Z,2026-05-06T03:13:38.480000+00:00,2026-05-06,2026-05-06,after_close,2026-04-08,2026-05-05,2026-04-29,2026-05-05,2026-05-06,2026-05-07,2026-05-06,2026-05-11,2026-05-06,2026-05-13,2026-05-13,,2026-05-06,,True,58,1
73,JJnHO-r1NDU,Jose Najarro Stocks,NVDA,sell,2025-07-16T01:55:04Z,2025-07-16T02:02:43.440000+00:00,2025-07-16,2025-07-16,after_close,2025-06-16,2025-07-15,2025-07-09,2025-07-15,2025-07-16,2025-07-17,2025-07-16,2025-07-21,2025-07-16,2025-07-23,2025-07-23,2025-08-13,2025-07-16,2025-08-13,True,32,4
74,JJnHO-r1NDU,Jose Najarro Stocks,NVDA,buy,2025-07-16T01:55:04Z,2025-07-16T02:44:31.200000+00:00,2025-07-16,2025-07-16,after_close,2025-06-16,2025-07-15,2025-07-09,2025-07-15,2025-07-16,2025-07-17,2025-07-16,2025-07-21,2025-07-16,2025-07-23,2025-07-23,2025-08-13,2025-07-16,2025-08-13,True,32,4
75,JJnHO-r1NDU,Jose Najarro Stocks,AMD,buy,2025-07-16T01:55:04Z,2025-07-16T02:53:48.720000+00:00,2025-07-16,2025-07-16,after_close,2025-06-16,2025-07-15,2025-07-09,2025-07-15,2025-07-16,2025-07-17,2025-07-16,2025-07-21,2025-07-16,2025-07-23,2025-07-23,2025-08-13,2025-07-16,2025-08-13,True,59,1
76,LOS2PyV2pqo,Jose Najarro Stocks,NVDA,buy,2025-08-28T14:03:21Z,2025-08-28T14:08:40.919000+00:00,2025-08-28,2025-08-28,before_open,2025-07-31,2025-08-27,2025-08-21,2025-08-27,2025-08-28,2025-08-29,2025-08-28,2025-09-03,2025-08-28,2025-09-05,2025-09-05,2025-09-26,2025-08-28,2025-09-26,False,5,2
77,LOS2PyV2pqo,Jose Najarro Stocks,GOOGL,buy,2025-08-28T14:03:21Z,2025-08-28T14:09:07+00:00,2025-08-28,2025-08-28,before_open,2025-07-31,2025-08-27,2025-08-21,2025-08-27,2025-08-28,2025-08-29,2025-08-28,2025-09-03,2025-08-28,2025-09-05,2025-09-05,2025-09-26,2025-08-28,2025-09-26,False,60,1
78,LSUYcqxepAM,Jose Najarro Stocks,GOOGL,sell,2025-09-04T02:31:52Z,2025-09-04T02:38:55.440000+00:00,2025-09-04,2025-09-04,after_close,2025-08-06,2025-09-03,2025-08-27,2025-09-03,2025-09-04,2025-09-05,2025-09-04,2025-09-09,2025-09-04,2025-09-11,2025-09-11,2025-10-02,2025-09-04,2025-10-02,True,61,1
79,LX3ugn9QBCo,Jose Najarro Stocks,AMD,buy,2025-10-12T03:07:07Z,2025-10-12T03:08:12.760000+00:00,2025-10-12,2025-10-13,weekend_or_holiday,2025-09-15,2025-10-10,2025-10-06,2025-10-10,2025-10-13,2025-10-14,2025-10-13,2025-10-16,2025-10-13,2025-10-20,2025-10-20,2025-11-10,2025-10-13,2025-11-10,False,62,2
80,LX3ugn9QBCo,Jose Najarro Stocks,AMD,buy,2025-10-12T03:07:07Z,2025-10-12T03:19:22.200000+00:00,2025-10-12,2025-10-13,weekend_or_holiday,2025-09-15,2025-10-10,2025-10-06,2025-10-10,2025-10-13,2025-10-14,2025-10-13,2025-10-16,2025-10-13,2025-10-20,2025-10-20,2025-11-10,2025-10-13,2025-11-10,False,62,2
81,MD9aPvypKlU,Jose Najarro Stocks,NVDA,buy,2025-07-16T13:52:23Z,2025-07-16T14:47:25.960000+00:00,2025-07-16,2025-07-16,before_open,2025-06-16,2025-07-15,2025-07-09,2025-07-15,2025-07-16,2025-07-17,2025-07-16,2025-07-21,2025-07-16,2025-07-23,2025-07-23,2025-08-13,2025-07-16,2025-08-13,False,32,4
82,MH9GaeOCR5c,Jose Najarro Stocks,NVDA,buy,2025-05-28T22:36:04Z,2025-05-28T23:29:45.359000+00:00,2025-05-28,2025-05-28,after_close,2025-04-29,2025-05-27,2025-05-20,2025-05-27,2025-05-28,2025-05-29,2025-05-28,2025-06-02,2025-05-28,2025-06-04,2025-06-04,2025-06-26,2025-05-28,2025-06-26,True,63,3
83,MH9GaeOCR5c,Jose Najarro Stocks,NVDA,sell,2025-05-28T22:36:04Z,2025-05-29T01:03:06.640000+00:00,2025-05-28,2025-05-28,after_close,2025-04-29,2025-05-27,2025-05-20,2025-05-27,2025-05-28,2025-05-29,2025-05-28,2025-06-02,2025-05-28,2025-06-04,2025-06-04,2025-06-26,2025-05-28,2025-06-26,True,63,3
84,MH9GaeOCR5c,Jose Najarro Stocks,NVDA,sell,2025-05-28T22:36:04Z,2025-05-29T01:13:33.600000+00:00,2025-05-28,2025-05-28,after_close,2025-04-29,2025-05-27,2025-05-20,2025-05-27,2025-05-28,2025-05-29,2025-05-28,2025-06-02,2025-05-28,2025-06-04,2025-06-04,2025-06-26,2025-05-28,2025-06-26,True,63,3
85,MH9GaeOCR5c,Jose Najarro Stocks,SOFI,sell,2025-05-28T22:36:04Z,2025-05-29T01:03:06.640000+00:00,2025-05-28,2025-05-28,after_close,2025-04-29,2025-05-27,2025-05-20,2025-05-27,2025-05-28,2025-05-29,2025-05-28,2025-06-02,2025-05-28,2025-06-04,2025-06-04,2025-06-26,2025-05-28,2025-06-26,True,64,1
86,MdBJZubgoCU,Jose Najarro Stocks,PYPL,buy,2025-08-19T01:51:30Z,2025-08-19T02:58:28.640000+00:00,2025-08-19,2025-08-19,after_close,2025-07-22,2025-08-18,2025-08-12,2025-08-18,2025-08-19,2025-08-20,2025-08-19,2025-08-22,2025-08-19,2025-08-26,2025-08-26,2025-09-17,2025-08-19,2025-09-17,True,65,2
87,MdBJZubgoCU,Jose Najarro Stocks,PYPL,buy,2025-08-19T01:51:30Z,2025-08-19T03:09:50.080000+00:00,2025-08-19,2025-08-19,after_close,2025-07-22,2025-08-18,2025-08-12,2025-08-18,2025-08-19,2025-08-20,2025-08-19,2025-08-22,2025-08-19,2025-08-26,2025-08-26,2025-09-17,2025-08-19,2025-09-17,True,65,2
88,MdBJZubgoCU,Jose Najarro Stocks,SOFI,buy,2025-08-19T01:51:30Z,2025-08-19T03:09:45.040000+00:00,2025-08-19,2025-08-19,after_close,2025-07-22,2025-08-18,2025-08-12,2025-08-18,2025-08-19,2025-08-20,2025-08-19,2025-08-22,2025-08-19,2025-08-26,2025-08-26,2025-09-17,2025-08-19,2025-09-17,True,66,1
89,MdBJZubgoCU,Jose Najarro Stocks,GOOGL,buy,2025-08-19T01:51:30Z,2025-08-19T03:09:50.080000+00:00,2025-08-19,2025-08-19,after_close,2025-07-22,2025-08-18,2025-08-12,2025-08-18,2025-08-19,2025-08-20,2025-08-19,2025-08-22,2025-08-19,2025-08-26,2025-08-26,2025-09-17,2025-08-19,2025-09-17,True,67,1
90,MtBPLqBR93E,Jose Najarro Stocks,AMD,sell,2026-03-03T17:58:52Z,2026-03-03T18:48:55.520000+00:00,2026-03-03,2026-03-03,during_market,2026-02-02,2026-03-02,2026-02-24,2026-03-02,2026-03-03,2026-03-04,2026-03-03,2026-03-06,2026-03-03,2026-03-10,2026-03-10,2026-03-31,2026-03-03,2026-03-31,True,68,1
91,MtBPLqBR93E,Jose Najarro Stocks,AMZN,sell,2026-03-03T17:58:52Z,2026-03-03T18:48:55.520000+00:00,2026-03-03,2026-03-03,during_market,2026-02-02,2026-03-02,2026-02-24,2026-03-02,2026-03-03,2026-03-04,2026-03-03,2026-03-06,2026-03-03,2026-03-10,2026-03-10,2026-03-31,2026-03-03,2026-03-31,True,69,1
92,NE7cuy7AxYQ,Jose Najarro Stocks,AMD,buy,2026-02-19T05:29:23Z,2026-02-19T05:48:01.640000+00:00,2026-02-19,2026-02-19,before_open,2026-01-21,2026-02-18,2026-02-11,2026-02-18,2026-02-19,2026-02-20,2026-02-19,2026-02-24,2026-02-19,2026-02-26,2026-02-26,2026-03-19,2026-02-19,2026-03-19,False,70,2
93,NE7cuy7AxYQ,Jose Najarro Stocks,AMD,buy,2026-02-19T05:29:23Z,2026-02-19T06:39:06.759000+00:00,2026-02-19,2026-02-19,before_open,2026-01-21,2026-02-18,2026-02-11,2026-02-18,2026-02-19,2026-02-20,2026-02-19,2026-02-24,2026-02-19,2026-02-26,2026-02-26,2026-03-19,2026-02-19,2026-03-19,False,70,2
94,NE7cuy7AxYQ,Jose Najarro Stocks,NVDA,sell,2026-02-19T05:29:23Z,2026-02-19T06:40:30.600000+00:00,2026-02-19,2026-02-19,before_open,2026-01-21,2026-02-18,2026-02-11,2026-02-18,2026-02-19,2026-02-20,2026-02-19,2026-02-24,2026-02-19,2026-02-26,2026-02-26,2026-03-19,2026-02-19,2026-03-19,False,71,2
95,NE7cuy7AxYQ,Jose Najarro Stocks,SOFI,buy,2026-02-19T05:29:23Z,2026-02-19T06:16:55.319000+00:00,2026-02-19,2026-02-19,before_open,2026-01-21,2026-02-18,2026-02-11,2026-02-18,2026-02-19,2026-02-20,2026-02-19,2026-02-24,2026-02-19,2026-02-26,2026-02-26,2026-03-19,2026-02-19,2026-03-19,False,72,1
96,NE7cuy7AxYQ,Jose Najarro Stocks,AAPL,sell,2026-02-19T05:29:23Z,2026-02-19T06:40:58.360000+00:00,2026-02-19,2026-02-19,before_open,2026-01-21,2026-02-18,2026-02-11,2026-02-18,2026-02-19,2026-02-20,2026-02-19,2026-02-24,2026-02-19,2026-02-26,2026-02-26,2026-03-19,2026-02-19,2026-03-19,False,73,1
97,OAmRecXyCFA,Jose Najarro Stocks,NVDA,sell,2026-04-02T18:10:46Z,2026-04-02T18:16:40.680000+00:00,2026-04-02,2026-04-02,during_market,2026-03-05,2026-04-01,2026-03-26,2026-04-01,2026-04-02,2026-04-06,2026-04-02,2026-04-08,2026-04-02,2026-04-10,2026-04-10,2026-05-01,2026-04-02,2026-05-01,True,74,1
98,OiynXzBbo90,Jose Najarro Stocks,NVDA,sell,2025-08-22T14:13:45Z,2025-08-22T14:18:58.120000+00:00,2025-08-22,2025-08-22,before_open,2025-07-25,2025-08-21,2025-08-15,2025-08-21,2025-08-22,2025-08-25,2025-08-22,2025-08-27,2025-08-22,2025-08-29,2025-08-29,2025-09-22,2025-08-22,2025-09-22,False,75,1
99,PQ13EzRF-iU,Jose Najarro Stocks,AMD,buy,2025-08-05T22:36:27Z,2025-08-05T22:46:19.800000+00:00,2025-08-05,2025-08-05,after_close,2025-07-08,2025-08-04,2025-07-29,2025-08-04,2025-08-05,2025-08-06,2025-08-05,2025-08-08,2025-08-05,2025-08-12,2025-08-12,2025-09-03,2025-08-05,2025-09-03,True,76,2
100,PQ13EzRF-iU,Jose Najarro Stocks,GOOGL,buy,2025-08-05T22:36:27Z,2025-08-05T22:54:26.120000+00:00,2025-08-05,2025-08-05,after_close,2025-07-08,2025-08-04,2025-07-29,2025-08-04,2025-08-05,2025-08-06,2025-08-05,2025-08-08,2025-08-05,2025-08-12,2025-08-12,2025-09-03,2025-08-05,2025-09-03,True,77,1
101,PQ13EzRF-iU,Jose Najarro Stocks,AMZN,buy,2025-08-05T22:36:27Z,2025-08-05T22:54:42.840000+00:00,2025-08-05,2025-08-05,after_close,2025-07-08,2025-08-04,2025-07-29,2025-08-04,2025-08-05,2025-08-06,2025-08-05,2025-08-08,2025-08-05,2025-08-12,2025-08-12,2025-09-03,2025-08-05,2025-09-03,True,78,1
102,PXtwn6WPQxg,Jose Najarro Stocks,NVDA,buy,2025-06-06T01:59:37Z,2025-06-06T03:16:34.679000+00:00,2025-06-06,2025-06-06,after_close,2025-05-08,2025-06-05,2025-05-30,2025-06-05,2025-06-06,2025-06-09,2025-06-06,2025-06-11,2025-06-06,2025-06-13,2025-06-13,2025-07-08,2025-06-06,2025-07-08,True,79,1
103,Puu2pYNqcbA,Jose Najarro Stocks,AMD,buy,2025-09-27T20:05:43Z,2025-09-27T20:07:22.040000+00:00,2025-09-27,2025-09-29,weekend_or_holiday,2025-08-29,2025-09-26,2025-09-22,2025-09-26,2025-09-29,2025-09-30,2025-09-29,2025-10-02,2025-09-29,2025-10-06,2025-10-06,2025-10-27,2025-09-29,2025-10-27,False,80,1
104,Q9SL7uRBHT4,Jose Najarro Stocks,AMD,buy,2026-01-30T21:08:28Z,2026-01-30T21:09:49.119000+00:00,2026-01-30,2026-01-30,after_close,2025-12-31,2026-01-29,2026-01-23,2026-01-29,2026-01-30,2026-02-02,2026-01-30,2026-02-04,2026-01-30,2026-02-06,2026-02-06,2026-03-02,2026-01-30,2026-03-02,True,81,1
105,QAc2yhiX6Tc,Jose Najarro Stocks,AMD,buy,2025-06-10T13:44:27Z,2025-06-10T13:50:29.199000+00:00,2025-06-10,2025-06-10,before_open,2025-05-12,2025-06-09,2025-06-03,2025-06-09,2025-06-10,2025-06-11,2025-06-10,2025-06-13,2025-06-10,2025-06-17,2025-06-17,2025-07-10,2025-06-10,2025-07-10,False,82,1
106,QuRSsgfoN9o,Jose Najarro Stocks,AMD,buy,2025-06-24T01:48:15Z,2025-06-24T01:57:22.680000+00:00,2025-06-24,2025-06-24,after_close,2025-05-23,2025-06-23,2025-06-16,2025-06-23,2025-06-24,2025-06-25,2025-06-24,2025-06-27,2025-06-24,2025-07-01,2025-07-01,2025-07-23,2025-06-24,2025-07-23,True,83,1
107,QuRSsgfoN9o,Jose Najarro Stocks,GOOGL,sell,2025-06-24T01:48:15Z,2025-06-24T02:42:49.480000+00:00,2025-06-24,2025-06-24,after_close,2025-05-23,2025-06-23,2025-06-16,2025-06-23,2025-06-24,2025-06-25,2025-06-24,2025-06-27,2025-06-24,2025-07-01,2025-07-01,2025-07-23,2025-06-24,2025-07-23,True,45,2
108,SS6iA7rkR0I,Jose Najarro Stocks,NVDA,sell,2025-07-19T03:34:28Z,2025-07-19T03:44:02.480000+00:00,2025-07-19,2025-07-21,weekend_or_holiday,2025-06-20,2025-07-18,2025-07-14,2025-07-18,2025-07-21,2025-07-22,2025-07-21,2025-07-24,2025-07-21,2025-07-28,2025-07-28,2025-08-18,2025-07-21,2025-08-18,False,84,1
109,St89OhMFi08,Jose Najarro Stocks,AMD,buy,2025-08-05T13:52:51Z,2025-08-05T14:40:41.400000+00:00,2025-08-05,2025-08-05,before_open,2025-07-08,2025-08-04,2025-07-29,2025-08-04,2025-08-05,2025-08-06,2025-08-05,2025-08-08,2025-08-05,2025-08-12,2025-08-12,2025-09-03,2025-08-05,2025-09-03,False,76,2
110,18A3qOqj3Uw,Jose Najarro Stocks,AMZN,buy,2026-02-19T17:38:30Z,2026-02-19T17:45:21.160000+00:00,2026-02-19,2026-02-19,during_market,2026-01-21,2026-02-18,2026-02-11,2026-02-18,2026-02-19,2026-02-20,2026-02-19,2026-02-24,2026-02-19,2026-02-26,2026-02-26,2026-03-19,2026-02-19,2026-03-19,True,85,1
111,18A3qOqj3Uw,Jose Najarro Stocks,GOOGL,sell,2026-02-19T17:38:30Z,2026-02-19T18:12:52.120000+00:00,2026-02-19,2026-02-19,during_market,2026-01-21,2026-02-18,2026-02-11,2026-02-18,2026-02-19,2026-02-20,2026-02-19,2026-02-24,2026-02-19,2026-02-26,2026-02-26,2026-03-19,2026-02-19,2026-03-19,True,86,1
112,18A3qOqj3Uw,Jose Najarro Stocks,NVDA,buy,2026-02-19T17:38:30Z,2026-02-19T18:11:13.880000+00:00,2026-02-19,2026-02-19,during_market,2026-01-21,2026-02-18,2026-02-11,2026-02-18,2026-02-19,2026-02-20,2026-02-19,2026-02-24,2026-02-19,2026-02-26,2026-02-26,2026-03-19,2026-02-19,2026-03-19,True,71,2
113,1FXGrKWtIvc,Jose Najarro Stocks,NVDA,buy,2026-03-11T16:09:35Z,2026-03-11T16:33:55.480000+00:00,2026-03-11,2026-03-11,during_market,2026-02-10,2026-03-10,2026-03-04,2026-03-10,2026-03-11,2026-03-12,2026-03-11,2026-03-16,2026-03-11,2026-03-18,2026-03-18,2026-04-09,2026-03-11,2026-04-09,True,87,1
114,1YqWGg78zqk,Jose Najarro Stocks,NVDA,buy,2025-08-27T22:38:58Z,2025-08-27T23:41:01.599000+00:00,2025-08-27,2025-08-27,after_close,2025-07-30,2025-08-26,2025-08-20,2025-08-26,2025-08-27,2025-08-28,2025-08-27,2025-09-02,2025-08-27,2025-09-04,2025-09-04,2025-09-25,2025-08-27,2025-09-25,True,88,2
115,1YqWGg78zqk,Jose Najarro Stocks,NVDA,buy,2025-08-27T22:38:58Z,2025-08-28T01:33:54.479000+00:00,2025-08-27,2025-08-27,after_close,2025-07-30,2025-08-26,2025-08-20,2025-08-26,2025-08-27,2025-08-28,2025-08-27,2025-09-02,2025-08-27,2025-09-04,2025-09-04,2025-09-25,2025-08-27,2025-09-25,True,88,2
116,2uKbBJCs6UA,Jose Najarro Stocks,AMD,buy,2025-07-11T02:42:56Z,2025-07-11T02:45:51.760000+00:00,2025-07-11,2025-07-11,after_close,2025-06-11,2025-07-10,2025-07-03,2025-07-10,2025-07-11,2025-07-14,2025-07-11,2025-07-16,2025-07-11,2025-07-18,2025-07-18,2025-08-08,2025-07-11,2025-08-08,True,89,1
117,3bBmJC0f7OU,Jose Najarro Stocks,META,buy,2026-03-14T04:32:51Z,2026-03-14T04:34:50.119000+00:00,2026-03-14,2026-03-16,weekend_or_holiday,2026-02-13,2026-03-13,2026-03-09,2026-03-13,2026-03-16,2026-03-17,2026-03-16,2026-03-19,2026-03-16,2026-03-23,2026-03-23,2026-04-14,2026-03-16,2026-04-14,False,90,1
118,3b_rL8xzsSs,Jose Najarro Stocks,AMD,buy,2025-06-16T21:01:37Z,2025-06-16T21:02:36.840000+00:00,2025-06-16,2025-06-16,after_close,2025-05-16,2025-06-13,2025-06-09,2025-06-13,2025-06-16,2025-06-17,2025-06-16,2025-06-20,2025-06-16,2025-06-24,2025-06-24,2025-07-16,2025-06-16,2025-07-16,True,91,1
119,3nAQGvu0LFU,Jose Najarro Stocks,AMD,buy,2025-07-07T13:57:47Z,2025-07-07T14:17:24.600000+00:00,2025-07-07,2025-07-07,before_open,2025-06-05,2025-07-03,2025-06-27,2025-07-03,2025-07-07,2025-07-08,2025-07-07,2025-07-10,2025-07-07,2025-07-14,2025-07-14,2025-08-04,2025-07-07,2025-08-04,False,92,2
120,3nAQGvu0LFU,Jose Najarro Stocks,AMD,buy,2025-07-07T13:57:47Z,2025-07-07T15:23:42.920000+00:00,2025-07-07,2025-07-07,before_open,2025-06-05,2025-07-03,2025-06-27,2025-07-03,2025-07-07,2025-07-08,2025-07-07,2025-07-10,2025-07-07,2025-07-14,2025-07-14,2025-08-04,2025-07-07,2025-08-04,False,92,2
121,3nAQGvu0LFU,Jose Najarro Stocks,NVDA,buy,2025-07-07T13:57:47Z,2025-07-07T15:23:01.400000+00:00,2025-07-07,2025-07-07,before_open,2025-06-05,2025-07-03,2025-06-27,2025-07-03,2025-07-07,2025-07-08,2025-07-07,2025-07-10,2025-07-07,2025-07-14,2025-07-14,2025-08-04,2025-07-07,2025-08-04,False,93,1
122,5BvNeo_HMKg,Jose Najarro Stocks,NVDA,sell,2025-06-25T21:17:48Z,2025-06-25T21:17:48.080000+00:00,2025-06-25,2025-06-25,after_close,2025-05-27,2025-06-24,2025-06-17,2025-06-24,2025-06-25,2025-06-26,2025-06-25,2025-06-30,2025-06-25,2025-07-02,2025-07-02,2025-07-24,2025-06-25,2025-07-24,True,94,2
123,5BvNeo_HMKg,Jose Najarro Stocks,NVDA,buy,2025-06-25T21:17:48Z,2025-06-25T21:19:51.759000+00:00,2025-06-25,2025-06-25,after_close,2025-05-27,2025-06-24,2025-06-17,2025-06-24,2025-06-25,2025-06-26,2025-06-25,2025-06-30,2025-06-25,2025-07-02,2025-07-02,2025-07-24,2025-06-25,2025-07-24,True,94,2
124,5_wTAu9SGi8,Jose Najarro Stocks,NVDA,buy,2025-12-31T22:43:17Z,2025-12-31T22:56:53.320000+00:00,2025-12-31,2025-12-31,after_close,2025-12-02,2025-12-30,2025-12-23,2025-12-30,2025-12-31,2026-01-02,2025-12-31,2026-01-06,2025-12-31,2026-01-08,2026-01-08,2026-01-30,2025-12-31,2026-01-30,True,95,1
125,6-_hF_07leA,Jose Najarro Stocks,NVDA,buy,2025-12-01T22:01:06Z,2025-12-01T22:05:18.560000+00:00,2025-12-01,2025-12-01,after_close,2025-10-31,2025-11-28,2025-11-21,2025-11-28,2025-12-01,2025-12-02,2025-12-01,2025-12-04,2025-12-01,2025-12-08,2025-12-08,2025-12-30,2025-12-01,2025-12-30,True,96,1
126,64u3Bn_tKiQ,Jose Najarro Stocks,AMD,buy,2025-12-22T23:12:50Z,2025-12-22T23:22:27.440000+00:00,2025-12-22,2025-12-22,after_close,2025-11-21,2025-12-19,2025-12-15,2025-12-19,2025-12-22,2025-12-23,2025-12-22,2025-12-26,2025-12-22,2025-12-30,2025-12-30,2026-01-22,2025-12-22,2026-01-22,True,97,1
127,68Ghvl3mV-w,Jose Najarro Stocks,AMZN,buy,2026-03-04T22:38:54Z,2026-03-04T22:45:18.160000+00:00,2026-03-04,2026-03-04,after_close,2026-02-03,2026-03-03,2026-02-25,2026-03-03,2026-03-04,2026-03-05,2026-03-04,2026-03-09,2026-03-04,2026-03-11,2026-03-11,2026-04-01,2026-03-04,2026-04-01,True,98,1
128,6KPwRv_UBi0,Jose Najarro Stocks,NVDA,buy,2025-08-25T15:01:12Z,2025-08-25T16:09:45.520000+00:00,2025-08-25,2025-08-25,during_market,2025-07-28,2025-08-22,2025-08-18,2025-08-22,2025-08-25,2025-08-26,2025-08-25,2025-08-28,2025-08-25,2025-09-02,2025-09-02,2025-09-23,2025-08-25,2025-09-23,True,99,2
129,6KPwRv_UBi0,Jose Najarro Stocks,NVDA,buy,2025-08-25T15:01:12Z,2025-08-25T16:33:27.760000+00:00,2025-08-25,2025-08-25,during_market,2025-07-28,2025-08-22,2025-08-18,2025-08-22,2025-08-25,2025-08-26,2025-08-25,2025-08-28,2025-08-25,2025-09-02,2025-09-02,2025-09-23,2025-08-25,2025-09-23,True,99,2
130,6TKfI_EMSLc,Jose Najarro Stocks,GOOGL,sell,2026-03-31T19:40:13Z,2026-03-31T20:00:44.720000+00:00,2026-03-31,2026-03-31,during_market,2026-03-03,2026-03-30,2026-03-24,2026-03-30,2026-03-31,2026-04-01,2026-03-31,2026-04-06,2026-03-31,2026-04-08,2026-04-08,2026-04-29,2026-03-31,2026-04-29,True,100,1
131,9U6aL1emIT8,Jose Najarro Stocks,AMD,buy,2026-04-26T15:15:43Z,2026-04-26T15:17:55.520000+00:00,2026-04-26,2026-04-27,weekend_or_holiday,2026-03-27,2026-04-24,2026-04-20,2026-04-24,2026-04-27,2026-04-28,2026-04-27,2026-04-30,2026-04-27,2026-05-04,2026-05-04,,2026-04-27,,False,101,1
132,B5mWHAX3Z00,Jose Najarro Stocks,NVDA,buy,2025-05-25T02:05:29Z,2025-05-25T02:05:29.080000+00:00,2025-05-25,2025-05-27,weekend_or_holiday,2025-04-28,2025-05-23,2025-05-19,2025-05-23,2025-05-27,2025-05-28,2025-05-27,2025-05-30,2025-05-27,2025-06-03,2025-06-03,2025-06-25,2025-05-27,2025-06-25,False,102,2
133,B5mWHAX3Z00,Jose Najarro Stocks,NVDA,buy,2025-05-25T02:05:29Z,2025-05-25T02:19:27.720000+00:00,2025-05-25,2025-05-27,weekend_or_holiday,2025-04-28,2025-05-23,2025-05-19,2025-05-23,2025-05-27,2025-05-28,2025-05-27,2025-05-30,2025-05-27,2025-06-03,2025-06-03,2025-06-25,2025-05-27,2025-06-25,False,102,2
134,BDQCEz780Tg,Jose Najarro Stocks,META,sell,2025-11-25T14:36:18Z,2025-11-25T14:40:26.560000+00:00,2025-11-25,2025-11-25,during_market,2025-10-28,2025-11-24,2025-11-18,2025-11-24,2025-11-25,2025-11-26,2025-11-25,2025-12-01,2025-11-25,2025-12-03,2025-12-03,2025-12-24,2025-11-25,2025-12-24,True,103,1
135,BS-FOYQpQP8,Jose Najarro Stocks,NVDA,buy,2025-08-21T13:54:32Z,2025-08-21T14:18:29.600000+00:00,2025-08-21,2025-08-21,before_open,2025-07-24,2025-08-20,2025-08-14,2025-08-20,2025-08-21,2025-08-22,2025-08-21,2025-08-26,2025-08-21,2025-08-28,2025-08-28,2025-09-19,2025-08-21,2025-09-19,False,104,1
136,BS-FOYQpQP8,Jose Najarro Stocks,MSFT,buy,2025-08-21T13:54:32Z,2025-08-21T14:57:50.640000+00:00,2025-08-21,2025-08-21,before_open,2025-07-24,2025-08-20,2025-08-14,2025-08-20,2025-08-21,2025-08-22,2025-08-21,2025-08-26,2025-08-21,2025-08-28,2025-08-28,2025-09-19,2025-08-21,2025-09-19,False,105,1
137,CG10U8nRJrQ,Jose Najarro Stocks,UBER,buy,2025-07-15T01:42:34Z,2025-07-15T02:14:10.640000+00:00,2025-07-15,2025-07-15,after_close,2025-06-13,2025-07-14,2025-07-08,2025-07-14,2025-07-15,2025-07-16,2025-07-15,2025-07-18,2025-07-15,2025-07-22,2025-07-22,2025-08-12,2025-07-15,2025-08-12,True,106,1
138,CySDoMyamVU,Jose Najarro Stocks,NVDA,buy,2025-10-08T04:29:41Z,2025-10-08T04:38:50.600000+00:00,2025-10-08,2025-10-08,after_close,2025-09-10,2025-10-07,2025-10-01,2025-10-07,2025-10-08,2025-10-09,2025-10-08,2025-10-13,2025-10-08,2025-10-15,2025-10-15,2025-11-05,2025-10-08,2025-11-05,True,107,1
139,qywRMvAMJnM,STOCK UP! with LARRY JONES,MSFT,buy,2026-02-25T22:33:58Z,2026-02-25T22:43:08.480000+00:00,2026-02-25,2026-02-25,after_close,2026-01-27,2026-02-24,2026-02-18,2026-02-24,2026-02-25,2026-02-26,2026-02-25,2026-03-02,2026-02-25,2026-03-04,2026-03-04,2026-03-25,2026-02-25,2026-03-25,True,108,1
140,5c6eH0YNPWE,STOCK UP! with LARRY JONES,AMZN,buy,2026-02-20T16:43:18Z,2026-02-20T16:53:22.880000+00:00,2026-02-20,2026-02-20,during_market,2026-01-22,2026-02-19,2026-02-12,2026-02-19,2026-02-20,2026-02-23,2026-02-20,2026-02-25,2026-02-20,2026-02-27,2026-02-27,2026-03-20,2026-02-20,2026-03-20,True,109,1
141,CYSanuPtG6o,STOCK UP! with LARRY JONES,TSLA,buy,2026-04-24T17:00:30Z,2026-04-24T17:00:30+00:00,2026-04-24,2026-04-24,during_market,2026-03-26,2026-04-23,2026-04-17,2026-04-23,2026-04-24,2026-04-27,2026-04-24,2026-04-29,2026-04-24,2026-05-01,2026-05-01,,2026-04-24,,True,110,1
142,GWSEhkOgL5Q,STOCK UP! with LARRY JONES,GOOGL,buy,2026-02-04T21:50:33Z,2026-02-04T21:59:21.880000+00:00,2026-02-04,2026-02-04,after_close,2026-01-06,2026-02-03,2026-01-28,2026-02-03,2026-02-04,2026-02-05,2026-02-04,2026-02-09,2026-02-04,2026-02-11,2026-02-11,2026-03-05,2026-02-04,2026-03-05,True,111,1
143,QPJ60pzn_EA,STOCK UP! with LARRY JONES,TSLA,buy,2026-01-29T23:21:03Z,2026-01-29T23:25:28.040000+00:00,2026-01-29,2026-01-29,after_close,2025-12-30,2026-01-28,2026-01-22,2026-01-28,2026-01-29,2026-01-30,2026-01-29,2026-02-03,2026-01-29,2026-02-05,2026-02-05,2026-02-27,2026-01-29,2026-02-27,True,112,2
144,QPJ60pzn_EA,STOCK UP! with LARRY JONES,TSLA,buy,2026-01-29T23:21:03Z,2026-01-29T23:34:23.800000+00:00,2026-01-29,2026-01-29,after_close,2025-12-30,2026-01-28,2026-01-22,2026-01-28,2026-01-29,2026-01-30,2026-01-29,2026-02-03,2026-01-29,2026-02-05,2026-02-05,2026-02-27,2026-01-29,2026-02-27,True,112,2
145,QPJ60pzn_EA,STOCK UP! with LARRY JONES,AMZN,buy,2026-01-29T23:21:03Z,2026-01-29T23:31:56.120000+00:00,2026-01-29,2026-01-29,after_close,2025-12-30,2026-01-28,2026-01-22,2026-01-28,2026-01-29,2026-01-30,2026-01-29,2026-02-03,2026-01-29,2026-02-05,2026-02-05,2026-02-27,2026-01-29,2026-02-27,True,113,1
146,QPJ60pzn_EA,STOCK UP! with LARRY JONES,MSFT,buy,2026-01-29T23:21:03Z,2026-01-29T23:34:22.279000+00:00,2026-01-29,2026-01-29,after_close,2025-12-30,2026-01-28,2026-01-22,2026-01-28,2026-01-29,2026-01-30,2026-01-29,2026-02-03,2026-01-29,2026-02-05,2026-02-05,2026-02-27,2026-01-29,2026-02-27,True,114,1
147,aGMuqlTH0rU,STOCK UP! with LARRY JONES,NVDA,sell,2026-02-11T20:58:05Z,2026-02-11T21:07:40.400000+00:00,2026-02-11,2026-02-11,during_market,2026-01-13,2026-02-10,2026-02-04,2026-02-10,2026-02-11,2026-02-12,2026-02-11,2026-02-17,2026-02-11,2026-02-19,2026-02-19,2026-03-12,2026-02-11,2026-03-12,True,115,1
148,sY-aTBWbSp0,"Mark Roussin, CPA",NVDA,buy,2023-10-09T16:00:48Z,2023-10-09T16:06:10.240000+00:00,2023-10-09,2023-10-09,during_market,2023-09-11,2023-10-06,2023-10-02,2023-10-06,2023-10-09,2023-10-10,2023-10-09,2023-10-12,2023-10-09,2023-10-16,2023-10-16,2023-11-06,2023-10-09,2023-11-06,True,116,1
149,tTgdBy6R790,"Mark Roussin, CPA",GOOGL,buy,2025-03-06T00:05:42Z,2025-03-06T00:08:58.840000+00:00,2025-03-06,2025-03-06,after_close,2025-02-05,2025-03-05,2025-02-27,2025-03-05,2025-03-06,2025-03-07,2025-03-06,2025-03-11,2025-03-06,2025-03-13,2025-03-13,2025-04-03,2025-03-06,2025-04-03,True,117,1
150,tTgdBy6R790,"Mark Roussin, CPA",UBER,buy,2025-03-06T00:05:42Z,2025-03-06T00:14:41.720000+00:00,2025-03-06,2025-03-06,after_close,2025-02-05,2025-03-05,2025-02-27,2025-03-05,2025-03-06,2025-03-07,2025-03-06,2025-03-11,2025-03-06,2025-03-13,2025-03-13,2025-04-03,2025-03-06,2025-04-03,True,118,2
151,tTgdBy6R790,"Mark Roussin, CPA",UBER,buy,2025-03-06T00:05:42Z,2025-03-06T00:54:23.200000+00:00,2025-03-06,2025-03-06,after_close,2025-02-05,2025-03-05,2025-02-27,2025-03-05,2025-03-06,2025-03-07,2025-03-06,2025-03-11,2025-03-06,2025-03-13,2025-03-13,2025-04-03,2025-03-06,2025-04-03,True,118,2
152,tTgdBy6R790,"Mark Roussin, CPA",AMD,buy,2025-03-06T00:05:42Z,2025-03-06T00:45:13.240000+00:00,2025-03-06,2025-03-06,after_close,2025-02-05,2025-03-05,2025-02-27,2025-03-05,2025-03-06,2025-03-07,2025-03-06,2025-03-11,2025-03-06,2025-03-13,2025-03-13,2025-04-03,2025-03-06,2025-04-03,True,119,1
153,tXuSit47nm8,"Mark Roussin, CPA",AMZN,buy,2023-04-28T12:15:32Z,2023-04-28T12:33:56.840000+00:00,2023-04-28,2023-04-28,before_open,2023-03-30,2023-04-27,2023-04-21,2023-04-27,2023-04-28,2023-05-01,2023-04-28,2023-05-03,2023-04-28,2023-05-05,2023-05-05,2023-05-26,2023-04-28,2023-05-26,False,120,1
154,tXuSit47nm8,"Mark Roussin, CPA",AAPL,buy,2023-04-28T12:15:32Z,2023-04-28T13:21:00.380000+00:00,2023-04-28,2023-04-28,before_open,2023-03-30,2023-04-27,2023-04-21,2023-04-27,2023-04-28,2023-05-01,2023-04-28,2023-05-03,2023-04-28,2023-05-05,2023-05-05,2023-05-26,2023-04-28,2023-05-26,False,121,1
155,u06v5_aHrtw,"Mark Roussin, CPA",NVDA,buy,2023-07-14T12:11:20Z,2023-07-14T12:48:19.940000+00:00,2023-07-14,2023-07-14,before_open,2023-06-14,2023-07-13,2023-07-07,2023-07-13,2023-07-14,2023-07-17,2023-07-14,2023-07-19,2023-07-14,2023-07-21,2023-07-21,2023-08-11,2023-07-14,2023-08-11,False,122,1
156,uVOPopewZdM,"Mark Roussin, CPA",AAPL,buy,2023-06-16T12:17:04Z,2023-06-16T12:38:09.460000+00:00,2023-06-16,2023-06-16,before_open,2023-05-18,2023-06-15,2023-06-09,2023-06-15,2023-06-16,2023-06-20,2023-06-16,2023-06-22,2023-06-16,2023-06-26,2023-06-26,2023-07-18,2023-06-16,2023-07-18,False,123,1
157,uoOGvrau7i4,"Mark Roussin, CPA",META,buy,2026-03-26T20:57:56Z,2026-03-26T21:22:45.480000+00:00,2026-03-26,2026-03-26,during_market,2026-02-26,2026-03-25,2026-03-19,2026-03-25,2026-03-26,2026-03-27,2026-03-26,2026-03-31,2026-03-26,2026-04-02,2026-04-02,2026-04-24,2026-03-26,2026-04-24,True,124,1
158,utPMsa-caTI,"Mark Roussin, CPA",NFLX,buy,2026-04-18T15:01:27Z,2026-04-18T15:09:11.920000+00:00,2026-04-18,2026-04-20,weekend_or_holiday,2026-03-20,2026-04-17,2026-04-13,2026-04-17,2026-04-20,2026-04-21,2026-04-20,2026-04-23,2026-04-20,2026-04-27,2026-04-27,,2026-04-20,,False,125,1
159,vL74flRwikQ,"Mark Roussin, CPA",AMZN,sell,2023-09-13T16:00:44Z,2023-09-13T16:08:50.419000+00:00,2023-09-13,2023-09-13,during_market,2023-08-15,2023-09-12,2023-09-06,2023-09-12,2023-09-13,2023-09-14,2023-09-13,2023-09-18,2023-09-13,2023-09-20,2023-09-20,2023-10-11,2023-09-13,2023-10-11,True,126,1
160,vRT41fint9A,"Mark Roussin, CPA",CRM,buy,2025-08-13T22:49:58Z,2025-08-13T22:52:52.480000+00:00,2025-08-13,2025-08-13,after_close,2025-07-16,2025-08-12,2025-08-06,2025-08-12,2025-08-13,2025-08-14,2025-08-13,2025-08-18,2025-08-13,2025-08-20,2025-08-20,2025-09-11,2025-08-13,2025-09-11,True,127,1
161,vRT41fint9A,"Mark Roussin, CPA",NVDA,buy,2025-08-13T22:49:58Z,2025-08-13T23:00:21.440000+00:00,2025-08-13,2025-08-13,after_close,2025-07-16,2025-08-12,2025-08-06,2025-08-12,2025-08-13,2025-08-14,2025-08-13,2025-08-18,2025-08-13,2025-08-20,2025-08-20,2025-09-11,2025-08-13,2025-09-11,True,128,1
162,w1JAuGqM7hk,"Mark Roussin, CPA",GOOGL,sell,2026-04-25T15:01:29Z,2026-04-25T15:08:20.199000+00:00,2026-04-25,2026-04-27,weekend_or_holiday,2026-03-27,2026-04-24,2026-04-20,2026-04-24,2026-04-27,2026-04-28,2026-04-27,2026-04-30,2026-04-27,2026-05-04,2026-05-04,,2026-04-27,,False,129,1
163,xCy3luLzE8g,"Mark Roussin, CPA",MSFT,buy,2024-02-17T15:00:45Z,2024-02-17T15:03:18.720000+00:00,2024-02-17,2024-02-20,weekend_or_holiday,2024-01-22,2024-02-16,2024-02-12,2024-02-16,2024-02-20,2024-02-21,2024-02-20,2024-02-23,2024-02-20,2024-02-27,2024-02-27,2024-03-19,2024-02-20,2024-03-19,False,130,1
164,yLQATDoXNUU,"Mark Roussin, CPA",NVDA,buy,2024-07-01T16:00:56Z,2024-07-01T16:14:01.440000+00:00,2024-07-01,2024-07-01,during_market,2024-05-31,2024-06-28,2024-06-24,2024-06-28,2024-07-01,2024-07-02,2024-07-01,2024-07-05,2024-07-01,2024-07-09,2024-07-09,2024-07-30,2024-07-01,2024-07-30,True,131,1
165,yw6r_v-msWQ,"Mark Roussin, CPA",AAPL,buy,2023-08-11T13:05:32Z,2023-08-11T13:43:47.300000+00:00,2023-08-11,2023-08-11,before_open,2023-07-14,2023-08-10,2023-08-04,2023-08-10,2023-08-11,2023-08-14,2023-08-11,2023-08-16,2023-08-11,2023-08-18,2023-08-18,2023-09-11,2023-08-11,2023-09-11,False,132,1
166,yyyGluuHR8g,"Mark Roussin, CPA",AMZN,buy,2025-03-15T15:01:16Z,2025-03-15T15:08:14.400000+00:00,2025-03-15,2025-03-17,weekend_or_holiday,2025-02-14,2025-03-14,2025-03-10,2025-03-14,2025-03-17,2025-03-18,2025-03-17,2025-03-20,2025-03-17,2025-03-24,2025-03-24,2025-04-14,2025-03-17,2025-04-14,False,133,1
167,cPwqjwQUXnY,"Mark Roussin, CPA",DIS,buy,2023-11-17T16:00:25Z,2023-11-17T16:07:52.240000+00:00,2023-11-17,2023-11-17,during_market,2023-10-20,2023-11-16,2023-11-10,2023-11-16,2023-11-17,2023-11-20,2023-11-17,2023-11-22,2023-11-17,2023-11-27,2023-11-27,2023-12-18,2023-11-17,2023-12-18,True,134,1
168,cPwqjwQUXnY,"Mark Roussin, CPA",AAPL,buy,2023-11-17T16:00:25Z,2023-11-17T16:15:56.399000+00:00,2023-11-17,2023-11-17,during_market,2023-10-20,2023-11-16,2023-11-10,2023-11-16,2023-11-17,2023-11-20,2023-11-17,2023-11-22,2023-11-17,2023-11-27,2023-11-27,2023-12-18,2023-11-17,2023-12-18,True,135,1
169,deZJaYmRzh0,"Mark Roussin, CPA",AMZN,buy,2025-05-14T22:52:32Z,2025-05-14T23:01:12+00:00,2025-05-14,2025-05-14,after_close,2025-04-15,2025-05-13,2025-05-07,2025-05-13,2025-05-14,2025-05-15,2025-05-14,2025-05-19,2025-05-14,2025-05-21,2025-05-21,2025-06-12,2025-05-14,2025-06-12,True,136,1
170,dm8n8UDiE1E,"Mark Roussin, CPA",MSFT,buy,2024-02-12T17:00:22Z,2024-02-12T17:09:01.039000+00:00,2024-02-12,2024-02-12,during_market,2024-01-12,2024-02-09,2024-02-05,2024-02-09,2024-02-12,2024-02-13,2024-02-12,2024-02-15,2024-02-12,2024-02-20,2024-02-20,2024-03-12,2024-02-12,2024-03-12,True,137,1
171,fGxKLd_vZiE,"Mark Roussin, CPA",AAPL,buy,2024-03-15T16:00:29Z,2024-03-15T16:07:46.240000+00:00,2024-03-15,2024-03-15,during_market,2024-02-15,2024-03-14,2024-03-08,2024-03-14,2024-03-15,2024-03-18,2024-03-15,2024-03-20,2024-03-15,2024-03-22,2024-03-22,2024-04-15,2024-03-15,2024-04-15,True,138,1
172,grDxXjdWJ4g,"Mark Roussin, CPA",AMZN,buy,2025-03-26T22:42:22Z,2025-03-26T22:47:56.960000+00:00,2025-03-26,2025-03-26,after_close,2025-02-26,2025-03-25,2025-03-19,2025-03-25,2025-03-26,2025-03-27,2025-03-26,2025-03-31,2025-03-26,2025-04-02,2025-04-02,2025-04-24,2025-03-26,2025-04-24,True,139,1
173,iNPfkVVLq2E,"Mark Roussin, CPA",AMD,buy,2024-08-01T00:15:14Z,2024-08-01T00:24:20.480000+00:00,2024-08-01,2024-08-01,after_close,2024-07-03,2024-07-31,2024-07-25,2024-07-31,2024-08-01,2024-08-02,2024-08-01,2024-08-06,2024-08-01,2024-08-08,2024-08-08,2024-08-29,2024-08-01,2024-08-29,True,140,1
174,iNPfkVVLq2E,"Mark Roussin, CPA",NVDA,buy,2024-08-01T00:15:14Z,2024-08-01T01:06:17.599000+00:00,2024-08-01,2024-08-01,after_close,2024-07-03,2024-07-31,2024-07-25,2024-07-31,2024-08-01,2024-08-02,2024-08-01,2024-08-06,2024-08-01,2024-08-08,2024-08-08,2024-08-29,2024-08-01,2024-08-29,True,141,1
175,iuKfWZeZQXc,"Mark Roussin, CPA",AMZN,buy,2024-07-10T00:07:51Z,2024-07-10T00:08:59.960000+00:00,2024-07-10,2024-07-10,after_close,2024-06-10,2024-07-09,2024-07-02,2024-07-09,2024-07-10,2024-07-11,2024-07-10,2024-07-15,2024-07-10,2024-07-17,2024-07-17,2024-08-07,2024-07-10,2024-08-07,True,142,1
176,iuKfWZeZQXc,"Mark Roussin, CPA",GOOGL,buy,2024-07-10T00:07:51Z,2024-07-10T00:08:59.960000+00:00,2024-07-10,2024-07-10,after_close,2024-06-10,2024-07-09,2024-07-02,2024-07-09,2024-07-10,2024-07-11,2024-07-10,2024-07-15,2024-07-10,2024-07-17,2024-07-17,2024-08-07,2024-07-10,2024-08-07,True,143,1
177,jVEMNgn7Zmo,"Mark Roussin, CPA",AMD,sell,2023-08-25T12:16:21Z,2023-08-25T12:42:59.400000+00:00,2023-08-25,2023-08-25,before_open,2023-07-28,2023-08-24,2023-08-18,2023-08-24,2023-08-25,2023-08-28,2023-08-25,2023-08-30,2023-08-25,2023-09-01,2023-09-01,2023-09-25,2023-08-25,2023-09-25,False,144,1
178,jVEMNgn7Zmo,"Mark Roussin, CPA",NVDA,sell,2023-08-25T12:16:21Z,2023-08-25T12:43:27.179000+00:00,2023-08-25,2023-08-25,before_open,2023-07-28,2023-08-24,2023-08-18,2023-08-24,2023-08-25,2023-08-28,2023-08-25,2023-08-30,2023-08-25,2023-09-01,2023-09-01,2023-09-25,2023-08-25,2023-09-25,False,145,1
179,jVEMNgn7Zmo,"Mark Roussin, CPA",AMZN,sell,2023-08-25T12:16:21Z,2023-08-25T12:56:16.020000+00:00,2023-08-25,2023-08-25,before_open,2023-07-28,2023-08-24,2023-08-18,2023-08-24,2023-08-25,2023-08-28,2023-08-25,2023-08-30,2023-08-25,2023-09-01,2023-09-01,2023-09-25,2023-08-25,2023-09-25,False,146,1
180,k7V84N-44_0,"Mark Roussin, CPA",NVDA,buy,2024-02-29T01:11:32Z,2024-02-29T01:25:11.040000+00:00,2024-02-29,2024-02-29,after_close,2024-01-31,2024-02-28,2024-02-22,2024-02-28,2024-02-29,2024-03-01,2024-02-29,2024-03-05,2024-02-29,2024-03-07,2024-03-07,2024-03-28,2024-02-29,2024-03-28,True,147,2
181,k7V84N-44_0,"Mark Roussin, CPA",NVDA,sell,2024-02-29T01:11:32Z,2024-02-29T01:29:14.520000+00:00,2024-02-29,2024-02-29,after_close,2024-01-31,2024-02-28,2024-02-22,2024-02-28,2024-02-29,2024-03-01,2024-02-29,2024-03-05,2024-02-29,2024-03-07,2024-03-07,2024-03-28,2024-02-29,2024-03-28,True,147,2
182,khgEy6N0PYQ,"Mark Roussin, CPA",MSFT,buy,2023-06-26T16:00:37Z,2023-06-26T16:04:49.060000+00:00,2023-06-26,2023-06-26,during_market,2023-05-25,2023-06-23,2023-06-16,2023-06-23,2023-06-26,2023-06-27,2023-06-26,2023-06-29,2023-06-26,2023-07-03,2023-07-03,2023-07-25,2023-06-26,2023-07-25,True,148,1
183,lBbrekG9mJc,"Mark Roussin, CPA",DIS,sell,2025-05-21T22:43:24Z,2025-05-21T22:47:32+00:00,2025-05-21,2025-05-21,after_close,2025-04-23,2025-05-20,2025-05-14,2025-05-20,2025-05-21,2025-05-22,2025-05-21,2025-05-27,2025-05-21,2025-05-29,2025-05-29,2025-06-20,2025-05-21,2025-06-20,True,149,1
184,ntKIeUrxyws,"Mark Roussin, CPA",AAPL,buy,2025-03-12T22:41:29Z,2025-03-12T23:10:59.120000+00:00,2025-03-12,2025-03-12,after_close,2025-02-11,2025-03-11,2025-03-05,2025-03-11,2025-03-12,2025-03-13,2025-03-12,2025-03-17,2025-03-12,2025-03-19,2025-03-19,2025-04-09,2025-03-12,2025-04-09,True,150,2
185,ntKIeUrxyws,"Mark Roussin, CPA",AAPL,sell,2025-03-12T22:41:29Z,2025-03-12T23:12:20.519000+00:00,2025-03-12,2025-03-12,after_close,2025-02-11,2025-03-11,2025-03-05,2025-03-11,2025-03-12,2025-03-13,2025-03-12,2025-03-17,2025-03-12,2025-03-19,2025-03-19,2025-04-09,2025-03-12,2025-04-09,True,150,2
186,qcEgzF9EKk4,"Mark Roussin, CPA",TSLA,buy,2023-05-26T11:59:10Z,2023-05-26T12:35:01.119000+00:00,2023-05-26,2023-05-26,before_open,2023-04-28,2023-05-25,2023-05-19,2023-05-25,2023-05-26,2023-05-30,2023-05-26,2023-06-01,2023-05-26,2023-06-05,2023-06-05,2023-06-27,2023-05-26,2023-06-27,False,151,1
187,rC9H_yMTdHE,"Mark Roussin, CPA",SOFI,buy,2025-12-02T15:30:37Z,2025-12-02T15:34:07.400000+00:00,2025-12-02,2025-12-02,during_market,2025-11-03,2025-12-01,2025-11-24,2025-12-01,2025-12-02,2025-12-03,2025-12-02,2025-12-05,2025-12-02,2025-12-09,2025-12-09,2025-12-31,2025-12-02,2025-12-31,True,152,2
188,rC9H_yMTdHE,"Mark Roussin, CPA",SOFI,buy,2025-12-02T15:30:37Z,2025-12-02T15:34:36.280000+00:00,2025-12-02,2025-12-02,during_market,2025-11-03,2025-12-01,2025-11-24,2025-12-01,2025-12-02,2025-12-03,2025-12-02,2025-12-05,2025-12-02,2025-12-09,2025-12-09,2025-12-31,2025-12-02,2025-12-31,True,152,2
189,rC9H_yMTdHE,"Mark Roussin, CPA",UBER,buy,2025-12-02T15:30:37Z,2025-12-02T15:37:26.919000+00:00,2025-12-02,2025-12-02,during_market,2025-11-03,2025-12-01,2025-11-24,2025-12-01,2025-12-02,2025-12-03,2025-12-02,2025-12-05,2025-12-02,2025-12-09,2025-12-09,2025-12-31,2025-12-02,2025-12-31,True,153,1
190,rrs1s-T4qqA,"Mark Roussin, CPA",NVDA,buy,2025-12-13T15:30:40Z,2025-12-13T15:45:45.680000+00:00,2025-12-13,2025-12-15,weekend_or_holiday,2025-11-14,2025-12-12,2025-12-08,2025-12-12,2025-12-15,2025-12-16,2025-12-15,2025-12-18,2025-12-15,2025-12-22,2025-12-22,2026-01-14,2025-12-15,2026-01-14,False,154,1
191,sUoXl_cnvEw,"Mark Roussin, CPA",AMZN,buy,2024-08-10T15:00:56Z,2024-08-10T15:06:38.120000+00:00,2024-08-10,2024-08-12,weekend_or_holiday,2024-07-15,2024-08-09,2024-08-05,2024-08-09,2024-08-12,2024-08-13,2024-08-12,2024-08-15,2024-08-12,2024-08-19,2024-08-19,2024-09-10,2024-08-12,2024-09-10,False,155,1
192,sUoXl_cnvEw,"Mark Roussin, CPA",GOOGL,buy,2024-08-10T15:00:56Z,2024-08-10T15:10:09.279000+00:00,2024-08-10,2024-08-12,weekend_or_holiday,2024-07-15,2024-08-09,2024-08-05,2024-08-09,2024-08-12,2024-08-13,2024-08-12,2024-08-15,2024-08-12,2024-08-19,2024-08-19,2024-09-10,2024-08-12,2024-09-10,False,156,1
193,sUoXl_cnvEw,"Mark Roussin, CPA",AAPL,buy,2024-08-10T15:00:56Z,2024-08-10T15:12:50.959000+00:00,2024-08-10,2024-08-12,weekend_or_holiday,2024-07-15,2024-08-09,2024-08-05,2024-08-09,2024-08-12,2024-08-13,2024-08-12,2024-08-15,2024-08-12,2024-08-19,2024-08-19,2024-09-10,2024-08-12,2024-09-10,False,157,1
194,sUoXl_cnvEw,"Mark Roussin, CPA",TSLA,buy,2024-08-10T15:00:56Z,2024-08-10T15:15:07.240000+00:00,2024-08-10,2024-08-12,weekend_or_holiday,2024-07-15,2024-08-09,2024-08-05,2024-08-09,2024-08-12,2024-08-13,2024-08-12,2024-08-15,2024-08-12,2024-08-19,2024-08-19,2024-09-10,2024-08-12,2024-09-10,False,158,1
195,Jr3qnEoyjHQ,"Mark Roussin, CPA",NVDA,buy,2024-02-08T13:16:07Z,2024-02-08T13:57:37.440000+00:00,2024-02-08,2024-02-08,before_open,2024-01-10,2024-02-07,2024-02-01,2024-02-07,2024-02-08,2024-02-09,2024-02-08,2024-02-13,2024-02-08,2024-02-15,2024-02-15,2024-03-08,2024-02-08,2024-03-08,False,159,1
196,Jr3qnEoyjHQ,"Mark Roussin, CPA",GOOGL,buy,2024-02-08T13:16:07Z,2024-02-08T14:12:06.680000+00:00,2024-02-08,2024-02-08,before_open,2024-01-10,2024-02-07,2024-02-01,2024-02-07,2024-02-08,2024-02-09,2024-02-08,2024-02-13,2024-02-08,2024-02-15,2024-02-15,2024-03-08,2024-02-08,2024-03-08,False,160,1
197,Kf5IeXjfEV0,"Mark Roussin, CPA",TSLA,buy,2023-07-05T16:00:13Z,2023-07-05T16:02:17.860000+00:00,2023-07-05,2023-07-05,during_market,2023-06-05,2023-07-03,2023-06-27,2023-07-03,2023-07-05,2023-07-06,2023-07-05,2023-07-10,2023-07-05,2023-07-12,2023-07-12,2023-08-02,2023-07-05,2023-08-02,True,161,1
198,Kf5IeXjfEV0,"Mark Roussin, CPA",GOOGL,buy,2023-07-05T16:00:13Z,2023-07-05T16:02:17.860000+00:00,2023-07-05,2023-07-05,during_market,2023-06-05,2023-07-03,2023-06-27,2023-07-03,2023-07-05,2023-07-06,2023-07-05,2023-07-10,2023-07-05,2023-07-12,2023-07-12,2023-08-02,2023-07-05,2023-08-02,True,162,1
199,KmdDY5LadsQ,"Mark Roussin, CPA",SOFI,buy,2025-06-11T22:47:39Z,2025-06-11T22:50:14.440000+00:00,2025-06-11,2025-06-11,after_close,2025-05-13,2025-06-10,2025-06-04,2025-06-10,2025-06-11,2025-06-12,2025-06-11,2025-06-16,2025-06-11,2025-06-18,2025-06-18,2025-07-11,2025-06-11,2025-07-11,True,163,2
200,KmdDY5LadsQ,"Mark Roussin, CPA",SOFI,buy,2025-06-11T22:47:39Z,2025-06-11T22:51:17.640000+00:00,2025-06-11,2025-06-11,after_close,2025-05-13,2025-06-10,2025-06-04,2025-06-10,2025-06-11,2025-06-12,2025-06-11,2025-06-16,2025-06-11,2025-06-18,2025-06-18,2025-07-11,2025-06-11,2025-07-11,True,163,2
201,Ld4zhcEYzSE,"Mark Roussin, CPA",PYPL,buy,2025-07-29T15:00:35Z,2025-07-29T15:05:50.600000+00:00,2025-07-29,2025-07-29,during_market,2025-06-30,2025-07-28,2025-07-22,2025-07-28,2025-07-29,2025-07-30,2025-07-29,2025-08-01,2025-07-29,2025-08-05,2025-08-05,2025-08-26,2025-07-29,2025-08-26,True,164,1
202,M591u02m3m4,"Mark Roussin, CPA",TSLA,sell,2023-11-06T16:00:13Z,2023-11-06T16:05:19.080000+00:00,2023-11-06,2023-11-06,during_market,2023-10-09,2023-11-03,2023-10-30,2023-11-03,2023-11-06,2023-11-07,2023-11-06,2023-11-09,2023-11-06,2023-11-13,2023-11-13,2023-12-05,2023-11-06,2023-12-05,True,165,1
203,MQm_kCp_U1c,"Mark Roussin, CPA",AMD,buy,2025-01-09T00:44:21Z,2025-01-09T00:46:32+00:00,2025-01-09,2025-01-10,after_close,2024-12-10,2025-01-08,2025-01-02,2025-01-08,2025-01-10,2025-01-13,2025-01-10,2025-01-15,2025-01-10,2025-01-17,2025-01-17,2025-02-10,2025-01-10,2025-02-10,True,166,1
204,O5tcZQkTvXc,"Mark Roussin, CPA",META,buy,2026-04-09T21:36:44Z,2026-04-09T21:49:26.880000+00:00,2026-04-09,2026-04-09,after_close,2026-03-11,2026-04-08,2026-04-01,2026-04-08,2026-04-09,2026-04-10,2026-04-09,2026-04-14,2026-04-09,2026-04-16,2026-04-16,2026-05-07,2026-04-09,2026-05-07,True,167,1
205,O5tcZQkTvXc,"Mark Roussin, CPA",MSFT,buy,2026-04-09T21:36:44Z,2026-04-09T22:08:33.080000+00:00,2026-04-09,2026-04-09,after_close,2026-03-11,2026-04-08,2026-04-01,2026-04-08,2026-04-09,2026-04-10,2026-04-09,2026-04-14,2026-04-09,2026-04-16,2026-04-16,2026-05-07,2026-04-09,2026-05-07,True,168,1
206,PuL8wm2jDU8,"Mark Roussin, CPA",AMZN,buy,2024-01-05T16:00:14Z,2024-01-05T16:05:57.960000+00:00,2024-01-05,2024-01-05,during_market,2023-12-06,2024-01-04,2023-12-28,2024-01-04,2024-01-05,2024-01-08,2024-01-05,2024-01-10,2024-01-05,2024-01-12,2024-01-12,2024-02-05,2024-01-05,2024-02-05,True,169,1
207,QI1-fVa3k0Y,"Mark Roussin, CPA",AAPL,buy,2024-03-14T12:11:35Z,2024-03-14T12:34:18.080000+00:00,2024-03-14,2024-03-14,before_open,2024-02-14,2024-03-13,2024-03-07,2024-03-13,2024-03-14,2024-03-15,2024-03-14,2024-03-19,2024-03-14,2024-03-21,2024-03-21,2024-04-12,2024-03-14,2024-04-12,False,170,1
208,QI1-fVa3k0Y,"Mark Roussin, CPA",NVDA,buy,2024-03-14T12:11:35Z,2024-03-14T12:58:35.160000+00:00,2024-03-14,2024-03-14,before_open,2024-02-14,2024-03-13,2024-03-07,2024-03-13,2024-03-14,2024-03-15,2024-03-14,2024-03-19,2024-03-14,2024-03-21,2024-03-21,2024-04-12,2024-03-14,2024-04-12,False,171,1
209,QoXefyYRu18,"Mark Roussin, CPA",GOOGL,buy,2025-04-22T15:00:44Z,2025-04-22T15:07:55.840000+00:00,2025-04-22,2025-04-22,during_market,2025-03-24,2025-04-21,2025-04-14,2025-04-21,2025-04-22,2025-04-23,2025-04-22,2025-04-25,2025-04-22,2025-04-29,2025-04-29,2025-05-20,2025-04-22,2025-05-20,True,172,1
210,QqMTP8BgSWQ,"Mark Roussin, CPA",TGT,buy,2024-10-08T15:30:13Z,2024-10-08T15:36:47.319000+00:00,2024-10-08,,during_market,,,,,,,,,,,,,,,True,173,1
211,RPHPHwYEXlo,"Mark Roussin, CPA",AAPL,buy,2023-03-22T16:03:35Z,2023-03-22T16:04:46.460000+00:00,2023-03-22,2023-03-22,during_market,2023-02-22,2023-03-21,2023-03-15,2023-03-21,2023-03-22,2023-03-23,2023-03-22,2023-03-27,2023-03-22,2023-03-29,2023-03-29,2023-04-20,2023-03-22,2023-04-20,True,174,1
212,T1O1R31FfE8,"Mark Roussin, CPA",NVDA,sell,2025-01-25T16:00:24Z,2025-01-25T16:08:01.479000+00:00,2025-01-25,2025-01-27,weekend_or_holiday,2024-12-24,2025-01-24,2025-01-17,2025-01-24,2025-01-27,2025-01-28,2025-01-27,2025-01-30,2025-01-27,2025-02-03,2025-02-03,2025-02-25,2025-01-27,2025-02-25,False,175,1
213,T1O1R31FfE8,"Mark Roussin, CPA",AAPL,sell,2025-01-25T16:00:24Z,2025-01-25T16:08:01.479000+00:00,2025-01-25,2025-01-27,weekend_or_holiday,2024-12-24,2025-01-24,2025-01-17,2025-01-24,2025-01-27,2025-01-28,2025-01-27,2025-01-30,2025-01-27,2025-02-03,2025-02-03,2025-02-25,2025-01-27,2025-02-25,False,176,1
214,T1O1R31FfE8,"Mark Roussin, CPA",MSFT,sell,2025-01-25T16:00:24Z,2025-01-25T16:08:01.479000+00:00,2025-01-25,2025-01-27,weekend_or_holiday,2024-12-24,2025-01-24,2025-01-17,2025-01-24,2025-01-27,2025-01-28,2025-01-27,2025-01-30,2025-01-27,2025-02-03,2025-02-03,2025-02-25,2025-01-27,2025-02-25,False,177,1
215,T1O1R31FfE8,"Mark Roussin, CPA",TSLA,sell,2025-01-25T16:00:24Z,2025-01-25T16:09:05.279000+00:00,2025-01-25,2025-01-27,weekend_or_holiday,2024-12-24,2025-01-24,2025-01-17,2025-01-24,2025-01-27,2025-01-28,2025-01-27,2025-01-30,2025-01-27,2025-02-03,2025-02-03,2025-02-25,2025-01-27,2025-02-25,False,178,1
216,UTpQ9y4jlJM,"Mark Roussin, CPA",GOOGL,buy,2025-07-02T22:42:44Z,2025-07-02T22:44:04.320000+00:00,2025-07-02,2025-07-02,after_close,2025-06-03,2025-07-01,2025-06-25,2025-07-01,2025-07-02,2025-07-03,2025-07-02,2025-07-08,2025-07-02,2025-07-10,2025-07-10,2025-07-31,2025-07-02,2025-07-31,True,179,1
217,UWtNR1yleKQ,"Mark Roussin, CPA",AMD,buy,2025-07-09T22:33:48Z,2025-07-09T22:34:42.480000+00:00,2025-07-09,2025-07-09,after_close,2025-06-09,2025-07-08,2025-07-01,2025-07-08,2025-07-09,2025-07-10,2025-07-09,2025-07-14,2025-07-09,2025-07-16,2025-07-16,2025-08-06,2025-07-09,2025-08-06,True,180,1
218,UWtNR1yleKQ,"Mark Roussin, CPA",GOOGL,buy,2025-07-09T22:33:48Z,2025-07-09T22:34:51.760000+00:00,2025-07-09,2025-07-09,after_close,2025-06-09,2025-07-08,2025-07-01,2025-07-08,2025-07-09,2025-07-10,2025-07-09,2025-07-14,2025-07-09,2025-07-16,2025-07-16,2025-08-06,2025-07-09,2025-08-06,True,181,1
219,WOjn_TvP4yM,"Mark Roussin, CPA",AMC,buy,2024-05-16T00:07:48Z,2024-05-16T00:07:58.719000+00:00,2024-05-16,2024-05-16,after_close,2024-04-18,2024-05-15,2024-05-09,2024-05-15,2024-05-16,2024-05-17,2024-05-16,2024-05-21,2024-05-16,2024-05-23,2024-05-23,2024-06-14,2024-05-16,2024-06-14,True,182,1
220,WOjn_TvP4yM,"Mark Roussin, CPA",DIS,buy,2024-05-16T00:07:48Z,2024-05-16T00:12:31.280000+00:00,2024-05-16,2024-05-16,after_close,2024-04-18,2024-05-15,2024-05-09,2024-05-15,2024-05-16,2024-05-17,2024-05-16,2024-05-21,2024-05-16,2024-05-23,2024-05-23,2024-06-14,2024-05-16,2024-06-14,True,183,1
221,WOjn_TvP4yM,"Mark Roussin, CPA",AMZN,buy,2024-05-16T00:07:48Z,2024-05-16T00:57:48.520000+00:00,2024-05-16,2024-05-16,after_close,2024-04-18,2024-05-15,2024-05-09,2024-05-15,2024-05-16,2024-05-17,2024-05-16,2024-05-21,2024-05-16,2024-05-23,2024-05-23,2024-06-14,2024-05-16,2024-06-14,True,184,1
222,WOjn_TvP4yM,"Mark Roussin, CPA",AMD,buy,2024-05-16T00:07:48Z,2024-05-16T00:57:55.240000+00:00,2024-05-16,2024-05-16,after_close,2024-04-18,2024-05-15,2024-05-09,2024-05-15,2024-05-16,2024-05-17,2024-05-16,2024-05-21,2024-05-16,2024-05-23,2024-05-23,2024-06-14,2024-05-16,2024-06-14,True,185,1
223,WuXwBigWRnM,"Mark Roussin, CPA",MSFT,buy,2023-09-25T16:00:24Z,2023-09-25T16:07:58.860000+00:00,2023-09-25,2023-09-25,during_market,2023-08-25,2023-09-22,2023-09-18,2023-09-22,2023-09-25,2023-09-26,2023-09-25,2023-09-28,2023-09-25,2023-10-02,2023-10-02,2023-10-23,2023-09-25,2023-10-23,True,186,1
224,XD_A6QxK6Ys,"Mark Roussin, CPA",TSLA,sell,2024-07-04T11:57:15Z,2024-07-04T11:58:27.240000+00:00,2024-07-04,2024-07-05,before_open,2024-06-05,2024-07-03,2024-06-27,2024-07-03,2024-07-05,2024-07-08,2024-07-05,2024-07-10,2024-07-05,2024-07-12,2024-07-12,2024-08-02,2024-07-05,2024-08-02,False,187,1
225,XD_A6QxK6Ys,"Mark Roussin, CPA",NVDA,buy,2024-07-04T11:57:15Z,2024-07-04T12:23:11.960000+00:00,2024-07-04,2024-07-05,before_open,2024-06-05,2024-07-03,2024-06-27,2024-07-03,2024-07-05,2024-07-08,2024-07-05,2024-07-10,2024-07-05,2024-07-12,2024-07-12,2024-08-02,2024-07-05,2024-08-02,False,188,1
226,XD_A6QxK6Ys,"Mark Roussin, CPA",AMZN,buy,2024-07-04T11:57:15Z,2024-07-04T12:30:00.120000+00:00,2024-07-04,2024-07-05,before_open,2024-06-05,2024-07-03,2024-06-27,2024-07-03,2024-07-05,2024-07-08,2024-07-05,2024-07-10,2024-07-05,2024-07-12,2024-07-12,2024-08-02,2024-07-05,2024-08-02,False,189,1
227,XD_A6QxK6Ys,"Mark Roussin, CPA",AAPL,buy,2024-07-04T11:57:15Z,2024-07-04T12:39:36.040000+00:00,2024-07-04,2024-07-05,before_open,2024-06-05,2024-07-03,2024-06-27,2024-07-03,2024-07-05,2024-07-08,2024-07-05,2024-07-10,2024-07-05,2024-07-12,2024-07-12,2024-08-02,2024-07-05,2024-08-02,False,190,1
228,Y4NVOCAnKzI,"Mark Roussin, CPA",AAPL,sell,2024-01-18T13:13:37Z,2024-01-18T13:21:57.199000+00:00,2024-01-18,2024-01-18,before_open,2023-12-18,2024-01-17,2024-01-10,2024-01-17,2024-01-18,2024-01-19,2024-01-18,2024-01-23,2024-01-18,2024-01-25,2024-01-25,2024-02-15,2024-01-18,2024-02-15,False,191,2
229,Y4NVOCAnKzI,"Mark Roussin, CPA",AAPL,sell,2024-01-18T13:13:37Z,2024-01-18T14:04:42.280000+00:00,2024-01-18,2024-01-18,before_open,2023-12-18,2024-01-17,2024-01-10,2024-01-17,2024-01-18,2024-01-19,2024-01-18,2024-01-23,2024-01-18,2024-01-25,2024-01-25,2024-02-15,2024-01-18,2024-02-15,False,191,2
230,Y4NVOCAnKzI,"Mark Roussin, CPA",NVDA,buy,2024-01-18T13:13:37Z,2024-01-18T13:22:36.760000+00:00,2024-01-18,2024-01-18,before_open,2023-12-18,2024-01-17,2024-01-10,2024-01-17,2024-01-18,2024-01-19,2024-01-18,2024-01-23,2024-01-18,2024-01-25,2024-01-25,2024-02-15,2024-01-18,2024-02-15,False,192,1
231,Y4NVOCAnKzI,"Mark Roussin, CPA",GOOGL,buy,2024-01-18T13:13:37Z,2024-01-18T14:08:02.839000+00:00,2024-01-18,2024-01-18,before_open,2023-12-18,2024-01-17,2024-01-10,2024-01-17,2024-01-18,2024-01-19,2024-01-18,2024-01-23,2024-01-18,2024-01-25,2024-01-25,2024-02-15,2024-01-18,2024-02-15,False,193,1
232,69tvwNdEijo,"Mark Roussin, CPA",NVDA,buy,2024-06-06T00:14:07Z,2024-06-06T00:17:07.120000+00:00,2024-06-06,2024-06-06,after_close,2024-05-08,2024-06-05,2024-05-30,2024-06-05,2024-06-06,2024-06-07,2024-06-06,2024-06-11,2024-06-06,2024-06-13,2024-06-13,2024-07-08,2024-06-06,2024-07-08,True,194,1
233,69tvwNdEijo,"Mark Roussin, CPA",AAPL,buy,2024-06-06T00:14:07Z,2024-06-06T00:57:40.040000+00:00,2024-06-06,2024-06-06,after_close,2024-05-08,2024-06-05,2024-05-30,2024-06-05,2024-06-06,2024-06-07,2024-06-06,2024-06-11,2024-06-06,2024-06-13,2024-06-13,2024-07-08,2024-06-06,2024-07-08,True,195,1
234,6TPShkmYEx4,"Mark Roussin, CPA",MSFT,buy,2023-02-08T17:00:09Z,2023-02-08T17:10:12.660000+00:00,2023-02-08,2023-02-08,during_market,2023-01-10,2023-02-07,2023-02-01,2023-02-07,2023-02-08,2023-02-09,2023-02-08,2023-02-13,2023-02-08,2023-02-15,2023-02-15,2023-03-09,2023-02-08,2023-03-09,True,196,2
235,6TPShkmYEx4,"Mark Roussin, CPA",MSFT,buy,2023-02-08T17:00:09Z,2023-02-08T17:11:18.120000+00:00,2023-02-08,2023-02-08,during_market,2023-01-10,2023-02-07,2023-02-01,2023-02-07,2023-02-08,2023-02-09,2023-02-08,2023-02-13,2023-02-08,2023-02-15,2023-02-15,2023-03-09,2023-02-08,2023-03-09,True,196,2
236,7mZFoRAuKGI,"Mark Roussin, CPA",NVDA,sell,2026-04-17T00:20:10Z,2026-04-17T00:49:27.560000+00:00,2026-04-17,2026-04-17,after_close,2026-03-19,2026-04-16,2026-04-10,2026-04-16,2026-04-17,2026-04-20,2026-04-17,2026-04-22,2026-04-17,2026-04-24,2026-04-24,,2026-04-17,,True,197,3
237,7mZFoRAuKGI,"Mark Roussin, CPA",NVDA,sell,2026-04-17T00:20:10Z,2026-04-17T00:56:50.080000+00:00,2026-04-17,2026-04-17,after_close,2026-03-19,2026-04-16,2026-04-10,2026-04-16,2026-04-17,2026-04-20,2026-04-17,2026-04-22,2026-04-17,2026-04-24,2026-04-24,,2026-04-17,,True,197,3
238,7mZFoRAuKGI,"Mark Roussin, CPA",NVDA,buy,2026-04-17T00:20:10Z,2026-04-17T01:12:36.960000+00:00,2026-04-17,2026-04-17,after_close,2026-03-19,2026-04-16,2026-04-10,2026-04-16,2026-04-17,2026-04-20,2026-04-17,2026-04-22,2026-04-17,2026-04-24,2026-04-24,,2026-04-17,,True,197,3
239,7mZFoRAuKGI,"Mark Roussin, CPA",META,buy,2026-04-17T00:20:10Z,2026-04-17T00:56:08.720000+00:00,2026-04-17,2026-04-17,after_close,2026-03-19,2026-04-16,2026-04-10,2026-04-16,2026-04-17,2026-04-20,2026-04-17,2026-04-22,2026-04-17,2026-04-24,2026-04-24,,2026-04-17,,True,198,1
240,7mZFoRAuKGI,"Mark Roussin, CPA",AMZN,sell,2026-04-17T00:20:10Z,2026-04-17T00:56:53+00:00,2026-04-17,2026-04-17,after_close,2026-03-19,2026-04-16,2026-04-10,2026-04-16,2026-04-17,2026-04-20,2026-04-17,2026-04-22,2026-04-17,2026-04-24,2026-04-24,,2026-04-17,,True,199,2
241,7mZFoRAuKGI,"Mark Roussin, CPA",AMZN,buy,2026-04-17T00:20:10Z,2026-04-17T01:07:06.560000+00:00,2026-04-17,2026-04-17,after_close,2026-03-19,2026-04-16,2026-04-10,2026-04-16,2026-04-17,2026-04-20,2026-04-17,2026-04-22,2026-04-17,2026-04-24,2026-04-24,,2026-04-17,,True,199,2
242,7xjcq6UCQeg,"Mark Roussin, CPA",TSLA,buy,2024-04-12T16:00:04Z,2024-04-12T16:05:01.639000+00:00,2024-04-12,2024-04-12,during_market,2024-03-14,2024-04-11,2024-04-05,2024-04-11,2024-04-12,2024-04-15,2024-04-12,2024-04-17,2024-04-12,2024-04-19,2024-04-19,2024-05-10,2024-04-12,2024-05-10,True,200,1
243,8LCfFVYJ1i8,"Mark Roussin, CPA",UBER,buy,2024-11-05T16:30:02Z,2024-11-05T16:34:45.360000+00:00,2024-11-05,2024-11-05,during_market,2024-10-08,2024-11-04,2024-10-29,2024-11-04,2024-11-05,2024-11-06,2024-11-05,2024-11-08,2024-11-05,2024-11-12,2024-11-12,2024-12-04,2024-11-05,2024-12-04,True,201,1
244,8PNFMVvAfeI,"Mark Roussin, CPA",AMZN,buy,2025-04-16T22:42:46Z,2025-04-16T22:46:53.360000+00:00,2025-04-16,2025-04-16,after_close,2025-03-19,2025-04-15,2025-04-09,2025-04-15,2025-04-16,2025-04-17,2025-04-16,2025-04-22,2025-04-16,2025-04-24,2025-04-24,2025-05-15,2025-04-16,2025-05-15,True,202,2
245,8PNFMVvAfeI,"Mark Roussin, CPA",AMZN,buy,2025-04-16T22:42:46Z,2025-04-16T23:14:53.840000+00:00,2025-04-16,2025-04-16,after_close,2025-03-19,2025-04-15,2025-04-09,2025-04-15,2025-04-16,2025-04-17,2025-04-16,2025-04-22,2025-04-16,2025-04-24,2025-04-24,2025-05-15,2025-04-16,2025-05-15,True,202,2
246,8WVdvD0wjW8,"Mark Roussin, CPA",TSLA,buy,2025-03-19T22:52:47Z,2025-03-19T22:53:39.879000+00:00,2025-03-19,2025-03-19,after_close,2025-02-19,2025-03-18,2025-03-12,2025-03-18,2025-03-19,2025-03-20,2025-03-19,2025-03-24,2025-03-19,2025-03-26,2025-03-26,2025-04-16,2025-03-19,2025-04-16,True,203,1
247,8WVdvD0wjW8,"Mark Roussin, CPA",AMZN,buy,2025-03-19T22:52:47Z,2025-03-19T23:13:37.799000+00:00,2025-03-19,2025-03-19,after_close,2025-02-19,2025-03-18,2025-03-12,2025-03-18,2025-03-19,2025-03-20,2025-03-19,2025-03-24,2025-03-19,2025-03-26,2025-03-26,2025-04-16,2025-03-19,2025-04-16,True,204,1
248,8uucHSsjrRk,"Mark Roussin, CPA",TSLA,buy,2024-07-25T00:12:09Z,2024-07-25T00:44:58.760000+00:00,2024-07-25,2024-07-25,after_close,2024-06-26,2024-07-24,2024-07-18,2024-07-24,2024-07-25,2024-07-26,2024-07-25,2024-07-30,2024-07-25,2024-08-01,2024-08-01,2024-08-22,2024-07-25,2024-08-22,True,205,1
249,9RAhp7eX9sg,"Mark Roussin, CPA",NVDA,buy,2024-07-18T00:07:41Z,2024-07-18T00:51:31.359000+00:00,2024-07-18,2024-07-18,after_close,2024-06-18,2024-07-17,2024-07-11,2024-07-17,2024-07-18,2024-07-19,2024-07-18,2024-07-23,2024-07-18,2024-07-25,2024-07-25,2024-08-15,2024-07-18,2024-08-15,True,206,1
250,9bK8GPEffqA,"Mark Roussin, CPA",MSFT,buy,2023-10-26T12:06:16Z,2023-10-26T12:37:13.880000+00:00,2023-10-26,2023-10-26,before_open,2023-09-28,2023-10-25,2023-10-19,2023-10-25,2023-10-26,2023-10-27,2023-10-26,2023-10-31,2023-10-26,2023-11-02,2023-11-02,2023-11-24,2023-10-26,2023-11-24,False,207,1
251,9bK8GPEffqA,"Mark Roussin, CPA",GOOGL,buy,2023-10-26T12:06:16Z,2023-10-26T12:32:10.399000+00:00,2023-10-26,2023-10-26,before_open,2023-09-28,2023-10-25,2023-10-19,2023-10-25,2023-10-26,2023-10-27,2023-10-26,2023-10-31,2023-10-26,2023-11-02,2023-11-02,2023-11-24,2023-10-26,2023-11-24,False,208,1
252,9bK8GPEffqA,"Mark Roussin, CPA",TSLA,buy,2023-10-26T12:06:16Z,2023-10-26T12:28:16.159000+00:00,2023-10-26,2023-10-26,before_open,2023-09-28,2023-10-25,2023-10-19,2023-10-25,2023-10-26,2023-10-27,2023-10-26,2023-10-31,2023-10-26,2023-11-02,2023-11-02,2023-11-24,2023-10-26,2023-11-24,False,209,1
253,A1th4ZANaIw,"Mark Roussin, CPA",NVDA,buy,2025-11-22T15:30:12Z,2025-11-22T15:40:35.440000+00:00,2025-11-22,2025-11-24,weekend_or_holiday,2025-10-27,2025-11-21,2025-11-17,2025-11-21,2025-11-24,2025-11-25,2025-11-24,2025-11-28,2025-11-24,2025-12-02,2025-12-02,2025-12-23,2025-11-24,2025-12-23,False,210,2
254,A1th4ZANaIw,"Mark Roussin, CPA",NVDA,buy,2025-11-22T15:30:12Z,2025-11-22T15:44:26.880000+00:00,2025-11-22,2025-11-24,weekend_or_holiday,2025-10-27,2025-11-21,2025-11-17,2025-11-21,2025-11-24,2025-11-25,2025-11-24,2025-11-28,2025-11-24,2025-12-02,2025-12-02,2025-12-23,2025-11-24,2025-12-23,False,210,2
255,ADryjBZl_7k,"Mark Roussin, CPA",GOOGL,buy,2024-05-09T12:05:38Z,2024-05-09T12:13:50.199000+00:00,2024-05-09,2024-05-09,before_open,2024-04-11,2024-05-08,2024-05-02,2024-05-08,2024-05-09,2024-05-10,2024-05-09,2024-05-14,2024-05-09,2024-05-16,2024-05-16,2024-06-07,2024-05-09,2024-06-07,False,211,1
256,ADryjBZl_7k,"Mark Roussin, CPA",AAPL,sell,2024-05-09T12:05:38Z,2024-05-09T12:48:43.319000+00:00,2024-05-09,2024-05-09,before_open,2024-04-11,2024-05-08,2024-05-02,2024-05-08,2024-05-09,2024-05-10,2024-05-09,2024-05-14,2024-05-09,2024-05-16,2024-05-16,2024-06-07,2024-05-09,2024-06-07,False,212,1
257,ADryjBZl_7k,"Mark Roussin, CPA",MSFT,buy,2024-05-09T12:05:38Z,2024-05-09T12:33:16.640000+00:00,2024-05-09,2024-05-09,before_open,2024-04-11,2024-05-08,2024-05-02,2024-05-08,2024-05-09,2024-05-10,2024-05-09,2024-05-14,2024-05-09,2024-05-16,2024-05-16,2024-06-07,2024-05-09,2024-06-07,False,213,1
258,AgQSfvHnujw,"Mark Roussin, CPA",MSFT,buy,2023-03-13T15:45:01Z,2023-03-13T15:57:31.720000+00:00,2023-03-13,2023-03-13,during_market,2023-02-10,2023-03-10,2023-03-06,2023-03-10,2023-03-13,2023-03-14,2023-03-13,2023-03-16,2023-03-13,2023-03-20,2023-03-20,2023-04-11,2023-03-13,2023-04-11,True,214,2
259,AgQSfvHnujw,"Mark Roussin, CPA",MSFT,buy,2023-03-13T15:45:01Z,2023-03-13T16:00:31.540000+00:00,2023-03-13,2023-03-13,during_market,2023-02-10,2023-03-10,2023-03-06,2023-03-10,2023-03-13,2023-03-14,2023-03-13,2023-03-16,2023-03-13,2023-03-20,2023-03-20,2023-04-11,2023-03-13,2023-04-11,True,214,2
260,CHaKoFHkcj4,"Mark Roussin, CPA",NVDA,buy,2025-01-23T00:39:14Z,2025-01-23T00:40:01.920000+00:00,2025-01-23,2025-01-23,after_close,2024-12-20,2025-01-22,2025-01-15,2025-01-22,2025-01-23,2025-01-24,2025-01-23,2025-01-28,2025-01-23,2025-01-30,2025-01-30,2025-02-21,2025-01-23,2025-02-21,True,215,1
261,CHaKoFHkcj4,"Mark Roussin, CPA",NFLX,sell,2025-01-23T00:39:14Z,2025-01-23T00:54:52.279000+00:00,2025-01-23,2025-01-23,after_close,2024-12-20,2025-01-22,2025-01-15,2025-01-22,2025-01-23,2025-01-24,2025-01-23,2025-01-28,2025-01-23,2025-01-30,2025-01-30,2025-02-21,2025-01-23,2025-02-21,True,216,1
262,CT2pUJ90wUg,"Mark Roussin, CPA",NVDA,sell,2024-09-07T15:00:12Z,2024-09-07T15:05:28+00:00,2024-09-07,2024-09-09,weekend_or_holiday,2024-08-09,2024-09-06,2024-08-30,2024-09-06,2024-09-09,2024-09-10,2024-09-09,2024-09-12,2024-09-09,2024-09-16,2024-09-16,2024-10-07,2024-09-09,2024-10-07,False,217,1
263,DHwoJCG4ndQ,"Mark Roussin, CPA",NVDA,buy,2024-02-22T13:16:50Z,2024-02-22T13:36:45+00:00,2024-02-22,2024-02-22,before_open,2024-01-24,2024-02-21,2024-02-14,2024-02-21,2024-02-22,2024-02-23,2024-02-22,2024-02-27,2024-02-22,2024-02-29,2024-02-29,2024-03-21,2024-02-22,2024-03-21,False,218,1
264,DZmAGPtKjPo,"Mark Roussin, CPA",AMZN,buy,2024-05-02T00:06:55Z,2024-05-02T00:07:59.400000+00:00,2024-05-02,2024-05-02,after_close,2024-04-04,2024-05-01,2024-04-25,2024-05-01,2024-05-02,2024-05-03,2024-05-02,2024-05-07,2024-05-02,2024-05-09,2024-05-09,2024-05-31,2024-05-02,2024-05-31,True,219,1
265,DZmAGPtKjPo,"Mark Roussin, CPA",TSLA,sell,2024-05-02T00:06:55Z,2024-05-02T00:09:12.360000+00:00,2024-05-02,2024-05-02,after_close,2024-04-04,2024-05-01,2024-04-25,2024-05-01,2024-05-02,2024-05-03,2024-05-02,2024-05-07,2024-05-02,2024-05-09,2024-05-09,2024-05-31,2024-05-02,2024-05-31,True,220,1
266,EAWKHNBmVtM,"Mark Roussin, CPA",DIS,buy,2023-09-15T12:01:58Z,2023-09-15T12:10:23.560000+00:00,2023-09-15,2023-09-15,before_open,2023-08-17,2023-09-14,2023-09-08,2023-09-14,2023-09-15,2023-09-18,2023-09-15,2023-09-20,2023-09-15,2023-09-22,2023-09-22,2023-10-13,2023-09-15,2023-10-13,False,221,1
267,EAWKHNBmVtM,"Mark Roussin, CPA",AAPL,sell,2023-09-15T12:01:58Z,2023-09-15T12:26:41.140000+00:00,2023-09-15,2023-09-15,before_open,2023-08-17,2023-09-14,2023-09-08,2023-09-14,2023-09-15,2023-09-18,2023-09-15,2023-09-20,2023-09-15,2023-09-22,2023-09-22,2023-10-13,2023-09-15,2023-10-13,False,222,1
268,ElltxVRB1i8,"Mark Roussin, CPA",NVDA,sell,2024-06-27T12:02:05Z,2024-06-27T12:15:57.160000+00:00,2024-06-27,2024-06-27,before_open,2024-05-29,2024-06-26,2024-06-20,2024-06-26,2024-06-27,2024-06-28,2024-06-27,2024-07-02,2024-06-27,2024-07-05,2024-07-05,2024-07-26,2024-06-27,2024-07-26,False,223,1
269,EtK8NBC96yQ,"Mark Roussin, CPA",AMZN,buy,2024-08-22T00:15:47Z,2024-08-22T00:19:28+00:00,2024-08-22,2024-08-22,after_close,2024-07-25,2024-08-21,2024-08-15,2024-08-21,2024-08-22,2024-08-23,2024-08-22,2024-08-27,2024-08-22,2024-08-29,2024-08-29,2024-09-20,2024-08-22,2024-09-20,True,224,3
270,EtK8NBC96yQ,"Mark Roussin, CPA",AMZN,buy,2024-08-22T00:15:47Z,2024-08-22T01:02:23.480000+00:00,2024-08-22,2024-08-22,after_close,2024-07-25,2024-08-21,2024-08-15,2024-08-21,2024-08-22,2024-08-23,2024-08-22,2024-08-27,2024-08-22,2024-08-29,2024-08-29,2024-09-20,2024-08-22,2024-09-20,True,224,3
271,EtK8NBC96yQ,"Mark Roussin, CPA",AMZN,buy,2024-08-22T00:15:47Z,2024-08-22T01:04:05.640000+00:00,2024-08-22,2024-08-22,after_close,2024-07-25,2024-08-21,2024-08-15,2024-08-21,2024-08-22,2024-08-23,2024-08-22,2024-08-27,2024-08-22,2024-08-29,2024-08-29,2024-09-20,2024-08-22,2024-09-20,True,224,3
272,EtK8NBC96yQ,"Mark Roussin, CPA",GOOGL,buy,2024-08-22T00:15:47Z,2024-08-22T00:19:28+00:00,2024-08-22,2024-08-22,after_close,2024-07-25,2024-08-21,2024-08-15,2024-08-21,2024-08-22,2024-08-23,2024-08-22,2024-08-27,2024-08-22,2024-08-29,2024-08-29,2024-09-20,2024-08-22,2024-09-20,True,225,1
273,FRzWVtErKgQ,"Mark Roussin, CPA",AMZN,buy,2022-10-31T16:30:35Z,2022-10-31T16:31:25.239000+00:00,2022-10-31,2022-10-31,during_market,2022-10-03,2022-10-28,2022-10-24,2022-10-28,2022-10-31,2022-11-01,2022-10-31,2022-11-03,2022-10-31,2022-11-07,2022-11-07,2022-11-29,2022-10-31,2022-11-29,True,226,1
274,FigCDVTsuGM,"Mark Roussin, CPA",MSFT,buy,2023-05-24T16:00:20Z,2023-05-24T16:03:57.200000+00:00,2023-05-24,2023-05-24,during_market,2023-04-26,2023-05-23,2023-05-17,2023-05-23,2023-05-24,2023-05-25,2023-05-24,2023-05-30,2023-05-24,2023-06-01,2023-06-01,2023-06-23,2023-05-24,2023-06-23,True,227,1
275,Fr68_uKiwjc,"Mark Roussin, CPA",AAPL,buy,2025-06-25T23:01:59Z,2025-06-25T23:04:16.120000+00:00,2025-06-25,2025-06-25,after_close,2025-05-27,2025-06-24,2025-06-17,2025-06-24,2025-06-25,2025-06-26,2025-06-25,2025-06-30,2025-06-25,2025-07-02,2025-07-02,2025-07-24,2025-06-25,2025-07-24,True,228,1
276,Fr68_uKiwjc,"Mark Roussin, CPA",GOOGL,buy,2025-06-25T23:01:59Z,2025-06-25T23:04:48.760000+00:00,2025-06-25,2025-06-25,after_close,2025-05-27,2025-06-24,2025-06-17,2025-06-24,2025-06-25,2025-06-26,2025-06-25,2025-06-30,2025-06-25,2025-07-02,2025-07-02,2025-07-24,2025-06-25,2025-07-24,True,229,1
277,FyL889Uw5Vs,"Mark Roussin, CPA",NVDA,buy,2024-08-29T00:12:14Z,2024-08-29T00:20:09.879000+00:00,2024-08-29,2024-08-29,after_close,2024-08-01,2024-08-28,2024-08-22,2024-08-28,2024-08-29,2024-08-30,2024-08-29,2024-09-04,2024-08-29,2024-09-06,2024-09-06,2024-09-27,2024-08-29,2024-09-27,True,230,1
278,G1YjWlbaXPk,"Mark Roussin, CPA",MSFT,buy,2025-02-13T00:13:10Z,2025-02-13T00:15:18.160000+00:00,2025-02-13,2025-02-13,after_close,2025-01-15,2025-02-12,2025-02-06,2025-02-12,2025-02-13,2025-02-14,2025-02-13,2025-02-19,2025-02-13,2025-02-21,2025-02-21,2025-03-14,2025-02-13,2025-03-14,True,231,2
279,G1YjWlbaXPk,"Mark Roussin, CPA",MSFT,buy,2025-02-13T00:13:10Z,2025-02-13T00:37:19.120000+00:00,2025-02-13,2025-02-13,after_close,2025-01-15,2025-02-12,2025-02-06,2025-02-12,2025-02-13,2025-02-14,2025-02-13,2025-02-19,2025-02-13,2025-02-21,2025-02-21,2025-03-14,2025-02-13,2025-03-14,True,231,2
280,G1YjWlbaXPk,"Mark Roussin, CPA",AAPL,sell,2025-02-13T00:13:10Z,2025-02-13T01:03:49.160000+00:00,2025-02-13,2025-02-13,after_close,2025-01-15,2025-02-12,2025-02-06,2025-02-12,2025-02-13,2025-02-14,2025-02-13,2025-02-19,2025-02-13,2025-02-21,2025-02-21,2025-03-14,2025-02-13,2025-03-14,True,232,1
281,GrVx-TilfBE,"Mark Roussin, CPA",MSFT,buy,2023-07-21T12:16:30Z,2023-07-21T12:34:35.640000+00:00,2023-07-21,2023-07-21,before_open,2023-06-22,2023-07-20,2023-07-14,2023-07-20,2023-07-21,2023-07-24,2023-07-21,2023-07-26,2023-07-21,2023-07-28,2023-07-28,2023-08-18,2023-07-21,2023-08-18,False,233,1
282,GrVx-TilfBE,"Mark Roussin, CPA",NVDA,buy,2023-07-21T12:16:30Z,2023-07-21T12:34:35.640000+00:00,2023-07-21,2023-07-21,before_open,2023-06-22,2023-07-20,2023-07-14,2023-07-20,2023-07-21,2023-07-24,2023-07-21,2023-07-26,2023-07-21,2023-07-28,2023-07-28,2023-08-18,2023-07-21,2023-08-18,False,234,1
283,H-yz9DyYa8A,"Mark Roussin, CPA",NVDA,buy,2023-11-23T13:05:02Z,2023-11-23T13:27:20.400000+00:00,2023-11-23,2023-11-24,before_open,2023-10-26,2023-11-22,2023-11-16,2023-11-22,2023-11-24,2023-11-27,2023-11-24,2023-11-29,2023-11-24,2023-12-01,2023-12-01,2023-12-22,2023-11-24,2023-12-22,False,235,1
284,H-yz9DyYa8A,"Mark Roussin, CPA",AAPL,sell,2023-11-23T13:05:02Z,2023-11-23T13:58:49.440000+00:00,2023-11-23,2023-11-24,before_open,2023-10-26,2023-11-22,2023-11-16,2023-11-22,2023-11-24,2023-11-27,2023-11-24,2023-11-29,2023-11-24,2023-12-01,2023-12-01,2023-12-22,2023-11-24,2023-12-22,False,236,1
285,H-yz9DyYa8A,"Mark Roussin, CPA",MSFT,sell,2023-11-23T13:05:02Z,2023-11-23T13:58:32.359000+00:00,2023-11-23,2023-11-24,before_open,2023-10-26,2023-11-22,2023-11-16,2023-11-22,2023-11-24,2023-11-27,2023-11-24,2023-11-29,2023-11-24,2023-12-01,2023-12-01,2023-12-22,2023-11-24,2023-12-22,False,237,1
286,H4omu31OkBg,"Mark Roussin, CPA",AMZN,buy,2024-07-22T15:30:05Z,2024-07-22T15:33:00.519000+00:00,2024-07-22,2024-07-22,during_market,2024-06-21,2024-07-19,2024-07-15,2024-07-19,2024-07-22,2024-07-23,2024-07-22,2024-07-25,2024-07-22,2024-07-29,2024-07-29,2024-08-19,2024-07-22,2024-08-19,True,238,2
287,H4omu31OkBg,"Mark Roussin, CPA",AMZN,buy,2024-07-22T15:30:05Z,2024-07-22T15:34:09.560000+00:00,2024-07-22,2024-07-22,during_market,2024-06-21,2024-07-19,2024-07-15,2024-07-19,2024-07-22,2024-07-23,2024-07-22,2024-07-25,2024-07-22,2024-07-29,2024-07-29,2024-08-19,2024-07-22,2024-08-19,True,238,2
288,H7CX1Oy3jsU,"Mark Roussin, CPA",AMZN,buy,2024-06-07T15:30:07Z,2024-06-07T15:31:12.119000+00:00,2024-06-07,2024-06-07,during_market,2024-05-09,2024-06-06,2024-05-31,2024-06-06,2024-06-07,2024-06-10,2024-06-07,2024-06-12,2024-06-07,2024-06-14,2024-06-14,2024-07-09,2024-06-07,2024-07-09,True,239,1
289,IgGPrrJCmq0,"Mark Roussin, CPA",TSLA,buy,2024-01-25T13:05:29Z,2024-01-25T13:47:39.359000+00:00,2024-01-25,2024-01-25,before_open,2023-12-26,2024-01-24,2024-01-18,2024-01-24,2024-01-25,2024-01-26,2024-01-25,2024-01-30,2024-01-25,2024-02-01,2024-02-01,2024-02-23,2024-01-25,2024-02-23,False,240,1
290,IncQgF07zCE,"Mark Roussin, CPA",CRM,buy,2024-07-27T15:00:14Z,2024-07-27T15:10:13.920000+00:00,2024-07-27,2024-07-29,weekend_or_holiday,2024-06-28,2024-07-26,2024-07-22,2024-07-26,2024-07-29,2024-07-30,2024-07-29,2024-08-01,2024-07-29,2024-08-05,2024-08-05,2024-08-26,2024-07-29,2024-08-26,False,241,1
291,Ip8Lpa_0nmI,"Mark Roussin, CPA",NVDA,buy,2025-05-03T14:30:12Z,2025-05-03T14:34:55.520000+00:00,2025-05-03,2025-05-05,weekend_or_holiday,2025-04-04,2025-05-02,2025-04-28,2025-05-02,2025-05-05,2025-05-06,2025-05-05,2025-05-08,2025-05-05,2025-05-12,2025-05-12,2025-06-03,2025-05-05,2025-06-03,False,242,1
292,Ip8Lpa_0nmI,"Mark Roussin, CPA",GOOGL,buy,2025-05-03T14:30:12Z,2025-05-03T14:48:52.880000+00:00,2025-05-03,2025-05-05,weekend_or_holiday,2025-04-04,2025-05-02,2025-04-28,2025-05-02,2025-05-05,2025-05-06,2025-05-05,2025-05-08,2025-05-05,2025-05-12,2025-05-12,2025-06-03,2025-05-05,2025-06-03,False,243,1
293,Ip8Lpa_0nmI,"Mark Roussin, CPA",AMZN,buy,2025-05-03T14:30:12Z,2025-05-03T14:48:50.960000+00:00,2025-05-03,2025-05-05,weekend_or_holiday,2025-04-04,2025-05-02,2025-04-28,2025-05-02,2025-05-05,2025-05-06,2025-05-05,2025-05-08,2025-05-05,2025-05-12,2025-05-12,2025-06-03,2025-05-05,2025-06-03,False,244,1
294,-eKfyDm9qIM,"Mark Roussin, CPA",MSFT,buy,2023-06-05T16:23:51Z,2023-06-05T16:33:03.360000+00:00,2023-06-05,2023-06-05,during_market,2023-05-05,2023-06-02,2023-05-26,2023-06-02,2023-06-05,2023-06-06,2023-06-05,2023-06-08,2023-06-05,2023-06-12,2023-06-12,2023-07-05,2023-06-05,2023-07-05,True,245,1
295,10KzfNZryVI,"Mark Roussin, CPA",GOOGL,buy,2024-01-08T16:00:02Z,2024-01-08T16:10:31.800000+00:00,2024-01-08,2024-01-08,during_market,2023-12-07,2024-01-05,2023-12-29,2024-01-05,2024-01-08,2024-01-09,2024-01-08,2024-01-11,2024-01-08,2024-01-16,2024-01-16,2024-02-06,2024-01-08,2024-02-06,True,246,1
296,10KzfNZryVI,"Mark Roussin, CPA",TSLA,buy,2024-01-08T16:00:02Z,2024-01-08T16:10:33.640000+00:00,2024-01-08,2024-01-08,during_market,2023-12-07,2024-01-05,2023-12-29,2024-01-05,2024-01-08,2024-01-09,2024-01-08,2024-01-11,2024-01-08,2024-01-16,2024-01-16,2024-02-06,2024-01-08,2024-02-06,True,247,1
297,1U8L8x1VUFE,"Mark Roussin, CPA",TSLA,buy,2023-08-18T12:32:40Z,2023-08-18T12:39:58.479000+00:00,2023-08-18,2023-08-18,before_open,2023-07-21,2023-08-17,2023-08-11,2023-08-17,2023-08-18,2023-08-21,2023-08-18,2023-08-23,2023-08-18,2023-08-25,2023-08-25,2023-09-18,2023-08-18,2023-09-18,False,248,1
298,1U8L8x1VUFE,"Mark Roussin, CPA",AAPL,buy,2023-08-18T12:32:40Z,2023-08-18T13:30:51.040000+00:00,2023-08-18,2023-08-18,before_open,2023-07-21,2023-08-17,2023-08-11,2023-08-17,2023-08-18,2023-08-21,2023-08-18,2023-08-23,2023-08-18,2023-08-25,2023-08-25,2023-09-18,2023-08-18,2023-09-18,False,249,1
299,2ZUCP6Fmrsg,Best of Us Investors,NVDA,sell,2026-03-03T13:00:05Z,2026-03-03T13:00:07.720000+00:00,2026-03-03,2026-03-03,before_open,2026-02-02,2026-03-02,2026-02-24,2026-03-02,2026-03-03,2026-03-04,2026-03-03,2026-03-06,2026-03-03,2026-03-10,2026-03-10,2026-03-31,2026-03-03,2026-03-31,False,250,3
300,2ZUCP6Fmrsg,Best of Us Investors,NVDA,buy,2026-03-03T13:00:05Z,2026-03-03T13:01:12.439000+00:00,2026-03-03,2026-03-03,before_open,2026-02-02,2026-03-02,2026-02-24,2026-03-02,2026-03-03,2026-03-04,2026-03-03,2026-03-06,2026-03-03,2026-03-10,2026-03-10,2026-03-31,2026-03-03,2026-03-31,False,250,3
301,2ZUCP6Fmrsg,Best of Us Investors,NVDA,sell,2026-03-03T13:00:05Z,2026-03-03T13:02:57.080000+00:00,2026-03-03,2026-03-03,before_open,2026-02-02,2026-03-02,2026-02-24,2026-03-02,2026-03-03,2026-03-04,2026-03-03,2026-03-06,2026-03-03,2026-03-10,2026-03-10,2026-03-31,2026-03-03,2026-03-31,False,250,3
302,2_MQtf3XOUg,"Mark Roussin, CPA",NFLX,buy,2023-07-28T12:08:29Z,2023-07-28T12:19:40.880000+00:00,2023-07-28,2023-07-28,before_open,2023-06-29,2023-07-27,2023-07-21,2023-07-27,2023-07-28,2023-07-31,2023-07-28,2023-08-02,2023-07-28,2023-08-04,2023-08-04,2023-08-25,2023-07-28,2023-08-25,False,251,1
303,2_MQtf3XOUg,"Mark Roussin, CPA",MSFT,buy,2023-07-28T12:08:29Z,2023-07-28T12:35:06.200000+00:00,2023-07-28,2023-07-28,before_open,2023-06-29,2023-07-27,2023-07-21,2023-07-27,2023-07-28,2023-07-31,2023-07-28,2023-08-02,2023-07-28,2023-08-04,2023-08-04,2023-08-25,2023-07-28,2023-08-25,False,252,1
304,2hF0_S38gc0,"Mark Roussin, CPA",AAPL,buy,2023-09-08T12:03:23Z,2023-09-08T12:44:21.859000+00:00,2023-09-08,2023-09-08,before_open,2023-08-10,2023-09-07,2023-08-31,2023-09-07,2023-09-08,2023-09-11,2023-09-08,2023-09-13,2023-09-08,2023-09-15,2023-09-15,2023-10-06,2023-09-08,2023-10-06,False,253,6
305,2hF0_S38gc0,"Mark Roussin, CPA",AAPL,buy,2023-09-08T12:03:23Z,2023-09-08T12:47:55.540000+00:00,2023-09-08,2023-09-08,before_open,2023-08-10,2023-09-07,2023-08-31,2023-09-07,2023-09-08,2023-09-11,2023-09-08,2023-09-13,2023-09-08,2023-09-15,2023-09-15,2023-10-06,2023-09-08,2023-10-06,False,253,6
306,2hF0_S38gc0,"Mark Roussin, CPA",AAPL,buy,2023-09-08T12:03:23Z,2023-09-08T12:48:28.819000+00:00,2023-09-08,2023-09-08,before_open,2023-08-10,2023-09-07,2023-08-31,2023-09-07,2023-09-08,2023-09-11,2023-09-08,2023-09-13,2023-09-08,2023-09-15,2023-09-15,2023-10-06,2023-09-08,2023-10-06,False,253,6
307,2hF0_S38gc0,"Mark Roussin, CPA",AAPL,buy,2023-09-08T12:03:23Z,2023-09-08T12:49:02.720000+00:00,2023-09-08,2023-09-08,before_open,2023-08-10,2023-09-07,2023-08-31,2023-09-07,2023-09-08,2023-09-11,2023-09-08,2023-09-13,2023-09-08,2023-09-15,2023-09-15,2023-10-06,2023-09-08,2023-10-06,False,253,6
308,2hF0_S38gc0,"Mark Roussin, CPA",AAPL,sell,2023-09-08T12:03:23Z,2023-09-08T12:49:45.980000+00:00,2023-09-08,2023-09-08,before_open,2023-08-10,2023-09-07,2023-08-31,2023-09-07,2023-09-08,2023-09-11,2023-09-08,2023-09-13,2023-09-08,2023-09-15,2023-09-15,2023-10-06,2023-09-08,2023-10-06,False,253,6
309,2hF0_S38gc0,"Mark Roussin, CPA",AAPL,buy,2023-09-08T12:03:23Z,2023-09-08T12:56:29.720000+00:00,2023-09-08,2023-09-08,before_open,2023-08-10,2023-09-07,2023-08-31,2023-09-07,2023-09-08,2023-09-11,2023-09-08,2023-09-13,2023-09-08,2023-09-15,2023-09-15,2023-10-06,2023-09-08,2023-10-06,False,253,6
310,35o0vzF108U,"Mark Roussin, CPA",MSFT,buy,2023-07-07T12:02:44Z,2023-07-07T12:37:29.260000+00:00,2023-07-07,2023-07-07,before_open,2023-06-07,2023-07-06,2023-06-29,2023-07-06,2023-07-07,2023-07-10,2023-07-07,2023-07-12,2023-07-07,2023-07-14,2023-07-14,2023-08-04,2023-07-07,2023-08-04,False,254,1
311,3SWmWnFfXdY,"Mark Roussin, CPA",AAPL,buy,2023-11-20T17:00:04Z,2023-11-20T17:06:33.479000+00:00,2023-11-20,2023-11-20,during_market,2023-10-23,2023-11-17,2023-11-13,2023-11-17,2023-11-20,2023-11-21,2023-11-20,2023-11-24,2023-11-20,2023-11-28,2023-11-28,2023-12-19,2023-11-20,2023-12-19,True,255,2
312,3SWmWnFfXdY,"Mark Roussin, CPA",AAPL,buy,2023-11-20T17:00:04Z,2023-11-20T17:10:38+00:00,2023-11-20,2023-11-20,during_market,2023-10-23,2023-11-17,2023-11-13,2023-11-17,2023-11-20,2023-11-21,2023-11-20,2023-11-24,2023-11-20,2023-11-28,2023-11-28,2023-12-19,2023-11-20,2023-12-19,True,255,2
313,3SWmWnFfXdY,"Mark Roussin, CPA",UBER,buy,2023-11-20T17:00:04Z,2023-11-20T17:11:34.760000+00:00,2023-11-20,2023-11-20,during_market,2023-10-23,2023-11-17,2023-11-13,2023-11-17,2023-11-20,2023-11-21,2023-11-20,2023-11-24,2023-11-20,2023-11-28,2023-11-28,2023-12-19,2023-11-20,2023-12-19,True,256,1
314,5VeZdJgvV_8,"Mark Roussin, CPA",MSFT,buy,2024-04-26T16:00:06Z,2024-04-26T16:09:16.560000+00:00,2024-04-26,2024-04-26,during_market,2024-03-28,2024-04-25,2024-04-19,2024-04-25,2024-04-26,2024-04-29,2024-04-26,2024-05-01,2024-04-26,2024-05-03,2024-05-03,2024-05-24,2024-04-26,2024-05-24,True,257,2
315,5VeZdJgvV_8,"Mark Roussin, CPA",MSFT,buy,2024-04-26T16:00:06Z,2024-04-26T16:11:31.959000+00:00,2024-04-26,2024-04-26,during_market,2024-03-28,2024-04-25,2024-04-19,2024-04-25,2024-04-26,2024-04-29,2024-04-26,2024-05-01,2024-04-26,2024-05-03,2024-05-03,2024-05-24,2024-04-26,2024-05-24,True,257,2
316,6748pkSNY3U,"Mark Roussin, CPA",NVDA,sell,2024-02-01T12:53:44Z,2024-02-01T12:56:53.120000+00:00,2024-02-01,2024-02-01,before_open,2024-01-03,2024-01-31,2024-01-25,2024-01-31,2024-02-01,2024-02-02,2024-02-01,2024-02-06,2024-02-01,2024-02-08,2024-02-08,2024-03-01,2024-02-01,2024-03-01,False,258,1
317,6748pkSNY3U,"Mark Roussin, CPA",AMZN,sell,2024-02-01T12:53:44Z,2024-02-01T12:56:58.239000+00:00,2024-02-01,2024-02-01,before_open,2024-01-03,2024-01-31,2024-01-25,2024-01-31,2024-02-01,2024-02-02,2024-02-01,2024-02-06,2024-02-01,2024-02-08,2024-02-08,2024-03-01,2024-02-01,2024-03-01,False,259,1
318,EEjUnFgIYuY,Everything Money,UBER,buy,2026-03-12T09:55:01Z,2026-03-12T10:16:07.240000+00:00,2026-03-12,2026-03-12,before_open,2026-02-11,2026-03-11,2026-03-05,2026-03-11,2026-03-12,2026-03-13,2026-03-12,2026-03-17,2026-03-12,2026-03-19,2026-03-19,2026-04-10,2026-03-12,2026-04-10,False,260,1
319,kMEFyG4jrTw,Everything Money,AAPL,sell,2026-03-07T12:31:01Z,2026-03-07T12:49:03.400000+00:00,2026-03-07,2026-03-09,weekend_or_holiday,2026-02-06,2026-03-06,2026-03-02,2026-03-06,2026-03-09,2026-03-10,2026-03-09,2026-03-12,2026-03-09,2026-03-16,2026-03-16,2026-04-07,2026-03-09,2026-04-07,False,261,1
320,q04HFOjr40s,Everything Money,MSFT,buy,2026-03-10T09:55:00Z,2026-03-10T10:14:21.840000+00:00,2026-03-10,2026-03-10,before_open,2026-02-09,2026-03-09,2026-03-03,2026-03-09,2026-03-10,2026-03-11,2026-03-10,2026-03-13,2026-03-10,2026-03-17,2026-03-17,2026-04-08,2026-03-10,2026-04-08,False,262,1
321,PqYwy1d81e0,CNBC Television,AAPL,buy,2026-05-02T18:48:16Z,2026-05-02T19:20:55.039000+00:00,2026-05-02,2026-05-04,weekend_or_holiday,2026-04-06,2026-05-01,2026-04-27,2026-05-01,2026-05-04,2026-05-05,2026-05-04,2026-05-07,2026-05-04,2026-05-11,2026-05-11,,2026-05-04,,False,263,8
322,PqYwy1d81e0,CNBC Television,AAPL,buy,2026-05-02T18:48:16Z,2026-05-02T21:36:02.960000+00:00,2026-05-02,2026-05-04,weekend_or_holiday,2026-04-06,2026-05-01,2026-04-27,2026-05-01,2026-05-04,2026-05-05,2026-05-04,2026-05-07,2026-05-04,2026-05-11,2026-05-11,,2026-05-04,,False,263,8
323,ivnQpDJ-GlA,CNBC Television,AMZN,buy,2026-05-05T12:29:41Z,2026-05-05T12:49:10.760000+00:00,2026-05-05,2026-05-05,before_open,2026-04-07,2026-05-04,2026-04-28,2026-05-04,2026-05-05,2026-05-06,2026-05-05,2026-05-08,2026-05-05,2026-05-12,2026-05-12,,2026-05-05,,False,264,1
324,mGbVNMchrmQ,CNBC Television,AAPL,buy,2026-05-02T23:37:20Z,2026-05-02T23:49:20.320000+00:00,2026-05-02,2026-05-04,weekend_or_holiday,2026-04-06,2026-05-01,2026-04-27,2026-05-01,2026-05-04,2026-05-05,2026-05-04,2026-05-07,2026-05-04,2026-05-11,2026-05-11,,2026-05-04,,False,263,8
325,yd5ubeTfIDw,CNBC Television,AMD,buy,2026-05-02T00:32:52Z,2026-05-02T00:36:38.319000+00:00,2026-05-02,2026-05-04,weekend_or_holiday,2026-04-06,2026-05-01,2026-04-27,2026-05-01,2026-05-04,2026-05-05,2026-05-04,2026-05-07,2026-05-04,2026-05-11,2026-05-11,,2026-05-04,,False,265,1
326,4VwLwtiuxVQ,CNBC Television,AAPL,buy,2026-05-02T19:21:33Z,2026-05-02T19:33:33.320000+00:00,2026-05-02,2026-05-04,weekend_or_holiday,2026-04-06,2026-05-01,2026-04-27,2026-05-01,2026-05-04,2026-05-05,2026-05-04,2026-05-07,2026-05-04,2026-05-11,2026-05-11,,2026-05-04,,False,263,8
327,6fQzL7fZrIk,CNBC Television,AAPL,buy,2026-05-03T13:00:10Z,2026-05-03T13:02:15.759000+00:00,2026-05-03,2026-05-04,weekend_or_holiday,2026-04-06,2026-05-01,2026-04-27,2026-05-01,2026-05-04,2026-05-05,2026-05-04,2026-05-07,2026-05-04,2026-05-11,2026-05-11,,2026-05-04,,False,263,8
328,9X0x0pEWx0E,CNBC Television,AAPL,buy,2026-05-02T14:16:58Z,2026-05-02T14:17:04.560000+00:00,2026-05-02,2026-05-04,weekend_or_holiday,2026-04-06,2026-05-01,2026-04-27,2026-05-01,2026-05-04,2026-05-05,2026-05-04,2026-05-07,2026-05-04,2026-05-11,2026-05-11,,2026-05-04,,False,263,8
329,o7JOhblet2o,Learn to Invest - Investors Grow,DIS,sell,2022-11-17T12:45:04Z,2022-11-17T12:51:37.660000+00:00,2022-11-17,2022-11-17,before_open,2022-10-20,2022-11-16,2022-11-10,2022-11-16,2022-11-17,2022-11-18,2022-11-17,2022-11-22,2022-11-17,2022-11-25,2022-11-25,2022-12-16,2022-11-17,2022-12-16,False,266,1
330,uJi4KdcuHPQ,Learn to Invest - Investors Grow,GOOGL,buy,2024-10-08T12:55:00Z,2024-10-08T13:03:57.800000+00:00,2024-10-08,2024-10-08,before_open,2024-09-10,2024-10-07,2024-10-01,2024-10-07,2024-10-08,2024-10-09,2024-10-08,2024-10-11,2024-10-08,2024-10-15,2024-10-15,2024-11-05,2024-10-08,2024-11-05,False,267,3
331,uJi4KdcuHPQ,Learn to Invest - Investors Grow,GOOGL,buy,2024-10-08T12:55:00Z,2024-10-08T13:06:00+00:00,2024-10-08,2024-10-08,before_open,2024-09-10,2024-10-07,2024-10-01,2024-10-07,2024-10-08,2024-10-09,2024-10-08,2024-10-11,2024-10-08,2024-10-15,2024-10-15,2024-11-05,2024-10-08,2024-11-05,False,267,3
332,uJi4KdcuHPQ,Learn to Invest - Investors Grow,GOOGL,buy,2024-10-08T12:55:00Z,2024-10-08T13:08:11.519000+00:00,2024-10-08,2024-10-08,before_open,2024-09-10,2024-10-07,2024-10-01,2024-10-07,2024-10-08,2024-10-09,2024-10-08,2024-10-11,2024-10-08,2024-10-15,2024-10-15,2024-11-05,2024-10-08,2024-11-05,False,267,3
333,uQASTitwUrs,Learn to Invest - Investors Grow,NFLX,buy,2022-10-11T12:15:05Z,2022-10-11T12:18:33.260000+00:00,2022-10-11,2022-10-11,before_open,2022-09-13,2022-10-10,2022-10-04,2022-10-10,2022-10-11,2022-10-12,2022-10-11,2022-10-14,2022-10-11,2022-10-18,2022-10-18,2022-11-08,2022-10-11,2022-11-08,False,268,1
334,uTNZiFgUa_Q,Learn to Invest - Investors Grow,TSLA,buy,2020-02-11T22:30:02Z,2020-02-11T22:30:29.689000+00:00,2020-02-11,2020-02-11,after_close,2020-01-13,2020-02-10,2020-02-04,2020-02-10,2020-02-11,2020-02-12,2020-02-11,2020-02-14,2020-02-11,2020-02-19,2020-02-19,2020-03-11,2020-02-11,2020-03-11,True,269,1
335,ybe6ZX494Yk,Learn to Invest - Investors Grow,DIS,sell,2020-02-18T18:30:09Z,2020-02-18T18:32:22.950000+00:00,2020-02-18,2020-02-18,during_market,2020-01-17,2020-02-14,2020-02-10,2020-02-14,2020-02-18,2020-02-19,2020-02-18,2020-02-21,2020-02-18,2020-02-25,2020-02-25,2020-03-17,2020-02-18,2020-03-17,True,270,1
336,z1IIG_2Yq6k,Learn to Invest - Investors Grow,HOOD,buy,2020-06-02T17:00:20Z,2020-06-02T17:00:20.110000+00:00,2020-06-02,2021-07-29,during_market,,,,,2021-07-29,2021-07-30,2021-07-29,2021-08-03,2021-07-29,2021-08-05,2021-08-05,2021-08-26,2021-07-29,2021-08-26,True,271,1
337,XGt7kO0JSTA,Learn to Invest - Investors Grow,MSFT,buy,2022-10-15T13:10:00Z,2022-10-15T13:16:14.820000+00:00,2022-10-15,2022-10-17,weekend_or_holiday,2022-09-19,2022-10-14,2022-10-10,2022-10-14,2022-10-17,2022-10-18,2022-10-17,2022-10-20,2022-10-17,2022-10-24,2022-10-24,2022-11-14,2022-10-17,2022-11-14,False,272,2
338,_u34sqYCyuQ,Learn to Invest - Investors Grow,MSFT,buy,2020-03-27T23:30:05Z,2020-03-27T23:33:03.650000+00:00,2020-03-27,2020-03-27,after_close,2020-02-28,2020-03-26,2020-03-20,2020-03-26,2020-03-27,2020-03-30,2020-03-27,2020-04-01,2020-03-27,2020-04-03,2020-04-03,2020-04-27,2020-03-27,2020-04-27,True,273,1
339,_u34sqYCyuQ,Learn to Invest - Investors Grow,DIS,buy,2020-03-27T23:30:05Z,2020-03-27T23:33:03.650000+00:00,2020-03-27,2020-03-27,after_close,2020-02-28,2020-03-26,2020-03-20,2020-03-26,2020-03-27,2020-03-30,2020-03-27,2020-04-01,2020-03-27,2020-04-03,2020-04-03,2020-04-27,2020-03-27,2020-04-27,True,274,1
340,cdtEhfdkbbg,Learn to Invest - Investors Grow,DIS,buy,2020-06-22T13:15:01Z,2020-06-22T13:20:11.500000+00:00,2020-06-22,2020-06-22,before_open,2020-05-22,2020-06-19,2020-06-15,2020-06-19,2020-06-22,2020-06-23,2020-06-22,2020-06-25,2020-06-22,2020-06-29,2020-06-29,2020-07-21,2020-06-22,2020-07-21,False,275,2
341,cdtEhfdkbbg,Learn to Invest - Investors Grow,DIS,buy,2020-06-22T13:15:01Z,2020-06-22T13:20:43.419000+00:00,2020-06-22,2020-06-22,before_open,2020-05-22,2020-06-19,2020-06-15,2020-06-19,2020-06-22,2020-06-23,2020-06-22,2020-06-25,2020-06-22,2020-06-29,2020-06-29,2020-07-21,2020-06-22,2020-07-21,False,275,2
342,e-U1FCxP2xU,Learn to Invest - Investors Grow,DIS,sell,2020-07-07T17:45:01Z,2020-07-07T17:45:01+00:00,2020-07-07,2020-07-07,during_market,2020-06-08,2020-07-06,2020-06-29,2020-07-06,2020-07-07,2020-07-08,2020-07-07,2020-07-10,2020-07-07,2020-07-14,2020-07-14,2020-08-04,2020-07-07,2020-08-04,True,276,1
343,e-U1FCxP2xU,Learn to Invest - Investors Grow,AMZN,sell,2020-07-07T17:45:01Z,2020-07-07T17:45:01+00:00,2020-07-07,2020-07-07,during_market,2020-06-08,2020-07-06,2020-06-29,2020-07-06,2020-07-07,2020-07-08,2020-07-07,2020-07-10,2020-07-07,2020-07-14,2020-07-14,2020-08-04,2020-07-07,2020-08-04,True,277,1
344,j9OjfCX_uzo,Learn to Invest - Investors Grow,MSFT,buy,2025-07-31T12:15:08Z,2025-07-31T12:34:30.480000+00:00,2025-07-31,2025-07-31,before_open,2025-07-02,2025-07-30,2025-07-24,2025-07-30,2025-07-31,2025-08-01,2025-07-31,2025-08-05,2025-07-31,2025-08-07,2025-08-07,2025-08-28,2025-07-31,2025-08-28,False,278,1
345,Ming72kfHAM,Learn to Invest - Investors Grow,AAPL,buy,2024-05-16T13:15:01Z,2024-05-16T13:20:57.360000+00:00,2024-05-16,2024-05-16,before_open,2024-04-18,2024-05-15,2024-05-09,2024-05-15,2024-05-16,2024-05-17,2024-05-16,2024-05-21,2024-05-16,2024-05-23,2024-05-23,2024-06-14,2024-05-16,2024-06-14,False,279,2
346,Ming72kfHAM,Learn to Invest - Investors Grow,AAPL,buy,2024-05-16T13:15:01Z,2024-05-16T13:24:49.760000+00:00,2024-05-16,2024-05-16,before_open,2024-04-18,2024-05-15,2024-05-09,2024-05-15,2024-05-16,2024-05-17,2024-05-16,2024-05-21,2024-05-16,2024-05-23,2024-05-23,2024-06-14,2024-05-16,2024-06-14,False,279,2
347,Rbl39DWYFeU,Learn to Invest - Investors Grow,MSFT,buy,2020-02-25T19:00:04Z,2020-02-25T19:00:19.150000+00:00,2020-02-25,2020-02-25,during_market,2020-01-27,2020-02-24,2020-02-18,2020-02-24,2020-02-25,2020-02-26,2020-02-25,2020-02-28,2020-02-25,2020-03-03,2020-03-03,2020-03-24,2020-02-25,2020-03-24,True,280,1
348,Rbl39DWYFeU,Learn to Invest - Investors Grow,AAPL,buy,2020-02-25T19:00:04Z,2020-02-25T19:00:19.150000+00:00,2020-02-25,2020-02-25,during_market,2020-01-27,2020-02-24,2020-02-18,2020-02-24,2020-02-25,2020-02-26,2020-02-25,2020-02-28,2020-02-25,2020-03-03,2020-03-03,2020-03-24,2020-02-25,2020-03-24,True,281,1
349,Rbl39DWYFeU,Learn to Invest - Investors Grow,AMZN,buy,2020-02-25T19:00:04Z,2020-02-25T19:00:19.150000+00:00,2020-02-25,2020-02-25,during_market,2020-01-27,2020-02-24,2020-02-18,2020-02-24,2020-02-25,2020-02-26,2020-02-25,2020-02-28,2020-02-25,2020-03-03,2020-03-03,2020-03-24,2020-02-25,2020-03-24,True,282,1
350,SyvKBT4Uv7M,Learn to Invest - Investors Grow,TSLA,buy,2024-11-05T13:45:02Z,2024-11-05T13:56:11.320000+00:00,2024-11-05,2024-11-05,before_open,2024-10-08,2024-11-04,2024-10-29,2024-11-04,2024-11-05,2024-11-06,2024-11-05,2024-11-08,2024-11-05,2024-11-12,2024-11-12,2024-12-04,2024-11-05,2024-12-04,False,283,2
351,SyvKBT4Uv7M,Learn to Invest - Investors Grow,TSLA,sell,2024-11-05T13:45:02Z,2024-11-05T13:57:46.839000+00:00,2024-11-05,2024-11-05,before_open,2024-10-08,2024-11-04,2024-10-29,2024-11-04,2024-11-05,2024-11-06,2024-11-05,2024-11-08,2024-11-05,2024-11-12,2024-11-12,2024-12-04,2024-11-05,2024-12-04,False,283,2
352,Tzra-Zi2dtA,Learn to Invest - Investors Grow,GOOGL,buy,2022-11-30T13:45:02Z,2022-11-30T13:52:50.300000+00:00,2022-11-30,2022-11-30,before_open,2022-11-01,2022-11-29,2022-11-22,2022-11-29,2022-11-30,2022-12-01,2022-11-30,2022-12-05,2022-11-30,2022-12-07,2022-12-07,2022-12-29,2022-11-30,2022-12-29,False,284,1
353,KS_cIBPbE_o,Ticker Symbol: YOU,AMD,sell,2026-03-10T19:52:45Z,2026-03-10T20:05:20.120000+00:00,2026-03-10,2026-03-10,during_market,2026-02-09,2026-03-09,2026-03-03,2026-03-09,2026-03-10,2026-03-11,2026-03-10,2026-03-13,2026-03-10,2026-03-17,2026-03-17,2026-04-08,2026-03-10,2026-04-08,True,285,1
354,qVdSw6TQHG8,"Value Investing with Sven Carlin, Ph.D.",NVDA,buy,2025-02-16T13:01:12Z,2025-02-16T13:07:19.039000+00:00,2025-02-16,2025-02-18,weekend_or_holiday,2025-01-17,2025-02-14,2025-02-10,2025-02-14,2025-02-18,2025-02-19,2025-02-18,2025-02-21,2025-02-18,2025-02-25,2025-02-25,2025-03-18,2025-02-18,2025-03-18,False,286,1
355,vDirkgS91VQ,"Value Investing with Sven Carlin, Ph.D.",AAPL,buy,2025-01-21T13:01:23Z,2025-01-21T13:05:16.760000+00:00,2025-01-21,2025-01-21,before_open,2024-12-18,2025-01-17,2025-01-13,2025-01-17,2025-01-21,2025-01-22,2025-01-21,2025-01-24,2025-01-21,2025-01-28,2025-01-28,2025-02-19,2025-01-21,2025-02-19,False,287,2
356,vDirkgS91VQ,"Value Investing with Sven Carlin, Ph.D.",AAPL,buy,2025-01-21T13:01:23Z,2025-01-21T13:11:06.760000+00:00,2025-01-21,2025-01-21,before_open,2024-12-18,2025-01-17,2025-01-13,2025-01-17,2025-01-21,2025-01-22,2025-01-21,2025-01-24,2025-01-21,2025-01-28,2025-01-28,2025-02-19,2025-01-21,2025-02-19,False,287,2
357,xaiENctxhXk,"Value Investing with Sven Carlin, Ph.D.",PYPL,buy,2026-02-05T13:01:58Z,2026-02-05T13:10:05.120000+00:00,2026-02-05,2026-02-05,before_open,2026-01-07,2026-02-04,2026-01-29,2026-02-04,2026-02-05,2026-02-06,2026-02-05,2026-02-10,2026-02-05,2026-02-12,2026-02-12,2026-03-06,2026-02-05,2026-03-06,False,288,1
358,ycJP5cE1yOE,"Value Investing with Sven Carlin, Ph.D.",GOOGL,buy,2025-11-24T13:01:59Z,2025-11-24T13:08:17.479000+00:00,2025-11-24,2025-11-24,before_open,2025-10-27,2025-11-21,2025-11-17,2025-11-21,2025-11-24,2025-11-25,2025-11-24,2025-11-28,2025-11-24,2025-12-02,2025-12-02,2025-12-23,2025-11-24,2025-12-23,False,289,1
359,zgFYJLNGkAc,"Value Investing with Sven Carlin, Ph.D.",NVDA,buy,2026-04-02T12:01:33Z,2026-04-02T12:03:02.480000+00:00,2026-04-02,2026-04-02,before_open,2026-03-05,2026-04-01,2026-03-26,2026-04-01,2026-04-02,2026-04-06,2026-04-02,2026-04-08,2026-04-02,2026-04-10,2026-04-10,2026-05-01,2026-04-02,2026-05-01,False,290,2
360,zgFYJLNGkAc,"Value Investing with Sven Carlin, Ph.D.",NVDA,buy,2026-04-02T12:01:33Z,2026-04-02T12:03:47+00:00,2026-04-02,2026-04-02,before_open,2026-03-05,2026-04-01,2026-03-26,2026-04-01,2026-04-02,2026-04-06,2026-04-02,2026-04-08,2026-04-02,2026-04-10,2026-04-10,2026-05-01,2026-04-02,2026-05-01,False,290,2
361,zgFYJLNGkAc,"Value Investing with Sven Carlin, Ph.D.",AAPL,buy,2026-04-02T12:01:33Z,2026-04-02T12:13:33.360000+00:00,2026-04-02,2026-04-02,before_open,2026-03-05,2026-04-01,2026-03-26,2026-04-01,2026-04-02,2026-04-06,2026-04-02,2026-04-08,2026-04-02,2026-04-10,2026-04-10,2026-05-01,2026-04-02,2026-05-01,False,291,1
362,zo5gCbvAFBA,"Value Investing with Sven Carlin, Ph.D.",AMZN,buy,2026-03-18T14:09:57Z,2026-03-18T14:17:25.960000+00:00,2026-03-18,2026-03-18,before_open,2026-02-18,2026-03-17,2026-03-11,2026-03-17,2026-03-18,2026-03-19,2026-03-18,2026-03-23,2026-03-18,2026-03-25,2026-03-25,2026-04-16,2026-03-18,2026-04-16,False,292,1
363,YK0B7NkWxEI,"Value Investing with Sven Carlin, Ph.D.",AMZN,buy,2025-05-17T12:00:54Z,2025-05-17T12:03:15.680000+00:00,2025-05-17,2025-05-19,weekend_or_holiday,2025-04-21,2025-05-16,2025-05-12,2025-05-16,2025-05-19,2025-05-20,2025-05-19,2025-05-22,2025-05-19,2025-05-27,2025-05-27,2025-06-17,2025-05-19,2025-06-17,False,293,1
364,YLfeoftJSvw,"Value Investing with Sven Carlin, Ph.D.",MSFT,buy,2025-02-14T13:00:55Z,2025-02-14T13:10:31.079000+00:00,2025-02-14,2025-02-14,before_open,2025-01-16,2025-02-13,2025-02-07,2025-02-13,2025-02-14,2025-02-18,2025-02-14,2025-02-20,2025-02-14,2025-02-24,2025-02-24,2025-03-17,2025-02-14,2025-03-17,False,294,1
365,dHw6Q5198dc,"Value Investing with Sven Carlin, Ph.D.",AAPL,buy,2025-09-13T15:00:59Z,2025-09-13T15:01:27.720000+00:00,2025-09-13,2025-09-15,weekend_or_holiday,2025-08-15,2025-09-12,2025-09-08,2025-09-12,2025-09-15,2025-09-16,2025-09-15,2025-09-18,2025-09-15,2025-09-22,2025-09-22,2025-10-13,2025-09-15,2025-10-13,False,295,1
366,dIogpK0rmXg,"Value Investing with Sven Carlin, Ph.D.",TSLA,sell,2026-04-27T12:01:07Z,2026-04-27T12:01:07+00:00,2026-04-27,2026-04-27,before_open,2026-03-27,2026-04-24,2026-04-20,2026-04-24,2026-04-27,2026-04-28,2026-04-27,2026-04-30,2026-04-27,2026-05-04,2026-05-04,,2026-04-27,,False,296,1
367,dIogpK0rmXg,"Value Investing with Sven Carlin, Ph.D.",NVDA,sell,2026-04-27T12:01:07Z,2026-04-27T12:01:07+00:00,2026-04-27,2026-04-27,before_open,2026-03-27,2026-04-24,2026-04-20,2026-04-24,2026-04-27,2026-04-28,2026-04-27,2026-04-30,2026-04-27,2026-05-04,2026-05-04,,2026-04-27,,False,297,1
368,dm1B5DjPP3E,"Value Investing with Sven Carlin, Ph.D.",NVDA,sell,2025-11-13T20:00:37Z,2025-11-13T20:00:37+00:00,2025-11-13,2025-11-13,during_market,2025-10-16,2025-11-12,2025-11-06,2025-11-12,2025-11-13,2025-11-14,2025-11-13,2025-11-18,2025-11-13,2025-11-20,2025-11-20,2025-12-12,2025-11-13,2025-12-12,True,298,1
369,iTetpxvFy1c,"Value Investing with Sven Carlin, Ph.D.",UBER,buy,2025-09-12T20:00:28Z,2025-09-12T20:00:28.080000+00:00,2025-09-12,2025-09-12,during_market,2025-08-14,2025-09-11,2025-09-05,2025-09-11,2025-09-12,2025-09-15,2025-09-12,2025-09-17,2025-09-12,2025-09-19,2025-09-19,2025-10-10,2025-09-12,2025-10-10,True,299,1
370,K7Wuf7IRqrA,"Value Investing with Sven Carlin, Ph.D.",AAPL,sell,2026-04-01T12:01:31Z,2026-04-01T12:02:47.440000+00:00,2026-04-01,2026-04-01,before_open,2026-03-04,2026-03-31,2026-03-25,2026-03-31,2026-04-01,2026-04-02,2026-04-01,2026-04-07,2026-04-01,2026-04-09,2026-04-09,2026-04-30,2026-04-01,2026-04-30,False,300,1
371,P6wHevNNmMU,"Value Investing with Sven Carlin, Ph.D.",AAPL,sell,2025-12-19T19:00:25Z,2025-12-19T19:00:25.080000+00:00,2025-12-19,2025-12-19,during_market,2025-11-20,2025-12-18,2025-12-12,2025-12-18,2025-12-19,2025-12-22,2025-12-19,2025-12-24,2025-12-19,2025-12-29,2025-12-29,2026-01-21,2025-12-19,2026-01-21,True,301,2
372,P6wHevNNmMU,"Value Investing with Sven Carlin, Ph.D.",AAPL,sell,2025-12-19T19:00:25Z,2025-12-19T19:00:30.359000+00:00,2025-12-19,2025-12-19,during_market,2025-11-20,2025-12-18,2025-12-12,2025-12-18,2025-12-19,2025-12-22,2025-12-19,2025-12-24,2025-12-19,2025-12-29,2025-12-29,2026-01-21,2025-12-19,2026-01-21,True,301,2
373,QuWT-ExuT-Q,"Value Investing with Sven Carlin, Ph.D.",AAPL,sell,2026-01-01T13:00:47Z,2026-01-01T13:01:45.160000+00:00,2026-01-01,2026-01-02,before_open,2025-12-03,2025-12-31,2025-12-24,2025-12-31,2026-01-02,2026-01-05,2026-01-02,2026-01-07,2026-01-02,2026-01-09,2026-01-09,2026-02-02,2026-01-02,2026-02-02,False,302,1
374,S7Y8rTGurSc,"Value Investing with Sven Carlin, Ph.D.",NVDA,buy,2026-03-21T13:00:45Z,2026-03-21T13:18:30.679000+00:00,2026-03-21,2026-03-23,weekend_or_holiday,2026-02-23,2026-03-20,2026-03-16,2026-03-20,2026-03-23,2026-03-24,2026-03-23,2026-03-26,2026-03-23,2026-03-30,2026-03-30,2026-04-21,2026-03-23,2026-04-21,False,303,1
375,TTvQdyLU9_4,"Value Investing with Sven Carlin, Ph.D.",TSLA,buy,2025-04-06T12:00:40Z,2025-04-06T12:02:30.360000+00:00,2025-04-06,2025-04-07,weekend_or_holiday,2025-03-10,2025-04-04,2025-03-31,2025-04-04,2025-04-07,2025-04-08,2025-04-07,2025-04-10,2025-04-07,2025-04-14,2025-04-14,2025-05-06,2025-04-07,2025-05-06,False,304,1
376,UV9Ys584C6A,"Value Investing with Sven Carlin, Ph.D.",PYPL,sell,2026-02-15T13:00:54Z,2026-02-15T13:14:28.399000+00:00,2026-02-15,2026-02-17,weekend_or_holiday,2026-01-16,2026-02-13,2026-02-09,2026-02-13,2026-02-17,2026-02-18,2026-02-17,2026-02-20,2026-02-17,2026-02-24,2026-02-24,2026-03-17,2026-02-17,2026-03-17,False,305,1
377,V0c9kZdpiWo,"Value Investing with Sven Carlin, Ph.D.",TSLA,buy,2025-11-19T18:00:44Z,2025-11-19T18:06:26+00:00,2025-11-19,2025-11-19,during_market,2025-10-22,2025-11-18,2025-11-12,2025-11-18,2025-11-19,2025-11-20,2025-11-19,2025-11-24,2025-11-19,2025-11-26,2025-11-26,2025-12-18,2025-11-19,2025-12-18,True,306,1
378,Va0eNSWGyg4,"Value Investing with Sven Carlin, Ph.D.",NVDA,sell,2026-02-25T13:00:52Z,2026-02-25T13:10:52.800000+00:00,2026-02-25,2026-02-25,before_open,2026-01-27,2026-02-24,2026-02-18,2026-02-24,2026-02-25,2026-02-26,2026-02-25,2026-03-02,2026-02-25,2026-03-04,2026-03-04,2026-03-25,2026-02-25,2026-03-25,False,307,1
379,-NybGF20r84,"Value Investing with Sven Carlin, Ph.D.",AMZN,buy,2026-03-01T13:00:00Z,2026-03-01T13:03:38.640000+00:00,2026-03-01,2026-03-02,weekend_or_holiday,2026-01-30,2026-02-27,2026-02-23,2026-02-27,2026-03-02,2026-03-03,2026-03-02,2026-03-05,2026-03-02,2026-03-09,2026-03-09,2026-03-30,2026-03-02,2026-03-30,False,308,2
380,34HX-1xNyng,"Value Investing with Sven Carlin, Ph.D.",NVDA,buy,2025-10-05T12:00:07Z,2025-10-05T12:03:24.440000+00:00,2025-10-05,2025-10-06,weekend_or_holiday,2025-09-08,2025-10-03,2025-09-29,2025-10-03,2025-10-06,2025-10-07,2025-10-06,2025-10-09,2025-10-06,2025-10-13,2025-10-13,2025-11-03,2025-10-06,2025-11-03,False,309,1
381,4tB2ULo8JWs,"Value Investing with Sven Carlin, Ph.D.",AAPL,buy,2025-04-13T12:00:12Z,2025-04-13T12:04:54.639000+00:00,2025-04-13,2025-04-14,weekend_or_holiday,2025-03-17,2025-04-11,2025-04-07,2025-04-11,2025-04-14,2025-04-15,2025-04-14,2025-04-17,2025-04-14,2025-04-22,2025-04-22,2025-05-13,2025-04-14,2025-05-13,False,310,1
382,AgnNJUoXqdU,"Value Investing with Sven Carlin, Ph.D.",AAPL,buy,2025-03-27T13:00:16Z,2025-03-27T13:20:36.160000+00:00,2025-03-27,2025-03-27,before_open,2025-02-27,2025-03-26,2025-03-20,2025-03-26,2025-03-27,2025-03-28,2025-03-27,2025-04-01,2025-03-27,2025-04-03,2025-04-03,2025-04-25,2025-03-27,2025-04-25,False,311,1
383,n5qeSVckVoo,Investing with Tom,AAPL,sell,2023-07-10T14:00:36Z,2023-07-10T14:07:38.759000+00:00,2023-07-10,2023-07-10,before_open,2023-06-08,2023-07-07,2023-06-30,2023-07-07,2023-07-10,2023-07-11,2023-07-10,2023-07-13,2023-07-10,2023-07-17,2023-07-17,2023-08-07,2023-07-10,2023-08-07,False,312,1
384,sUve9tzpfdI,Investing with Tom,TSLA,buy,2020-04-04T01:36:36Z,2020-04-04T01:41:56.569000+00:00,2020-04-04,2020-04-06,weekend_or_holiday,2020-03-09,2020-04-03,2020-03-30,2020-04-03,2020-04-06,2020-04-07,2020-04-06,2020-04-09,2020-04-06,2020-04-14,2020-04-14,2020-05-05,2020-04-06,2020-05-05,False,313,1
385,WNj4hHxWj2g,Investing with Tom,AAPL,buy,2020-03-31T05:29:14Z,2020-03-31T05:36:38.110000+00:00,2020-03-31,2020-03-31,before_open,2020-03-03,2020-03-30,2020-03-24,2020-03-30,2020-03-31,2020-04-01,2020-03-31,2020-04-03,2020-03-31,2020-04-07,2020-04-07,2020-04-29,2020-03-31,2020-04-29,False,314,1
386,YN4eorNiVkQ,Investing with Tom,AAPL,buy,2022-10-02T14:00:24Z,2022-10-02T14:01:46.140000+00:00,2022-10-02,2022-10-03,weekend_or_holiday,2022-09-02,2022-09-30,2022-09-26,2022-09-30,2022-10-03,2022-10-04,2022-10-03,2022-10-06,2022-10-03,2022-10-10,2022-10-10,2022-10-31,2022-10-03,2022-10-31,False,315,4
387,YN4eorNiVkQ,Investing with Tom,AAPL,buy,2022-10-02T14:00:24Z,2022-10-02T14:03:46.980000+00:00,2022-10-02,2022-10-03,weekend_or_holiday,2022-09-02,2022-09-30,2022-09-26,2022-09-30,2022-10-03,2022-10-04,2022-10-03,2022-10-06,2022-10-03,2022-10-10,2022-10-10,2022-10-31,2022-10-03,2022-10-31,False,315,4
388,YN4eorNiVkQ,Investing with Tom,AAPL,sell,2022-10-02T14:00:24Z,2022-10-02T14:09:29.700000+00:00,2022-10-02,2022-10-03,weekend_or_holiday,2022-09-02,2022-09-30,2022-09-26,2022-09-30,2022-10-03,2022-10-04,2022-10-03,2022-10-06,2022-10-03,2022-10-10,2022-10-10,2022-10-31,2022-10-03,2022-10-31,False,315,4
389,YN4eorNiVkQ,Investing with Tom,AAPL,sell,2022-10-02T14:00:24Z,2022-10-02T14:10:10.920000+00:00,2022-10-02,2022-10-03,weekend_or_holiday,2022-09-02,2022-09-30,2022-09-26,2022-09-30,2022-10-03,2022-10-04,2022-10-03,2022-10-06,2022-10-03,2022-10-10,2022-10-10,2022-10-31,2022-10-03,2022-10-31,False,315,4
390,b192yNCfoCc,Investing with Tom,AAPL,buy,2023-07-04T14:00:32Z,2023-07-04T14:04:07.879000+00:00,2023-07-04,2023-07-05,before_open,2023-06-05,2023-07-03,2023-06-27,2023-07-03,2023-07-05,2023-07-06,2023-07-05,2023-07-10,2023-07-05,2023-07-12,2023-07-12,2023-08-02,2023-07-05,2023-08-02,False,316,1
391,cSZqcBTEDV8,Investing with Tom,TSLA,sell,2020-02-04T23:05:52Z,2020-02-04T23:18:45.660000+00:00,2020-02-04,2020-02-04,after_close,2020-01-06,2020-02-03,2020-01-28,2020-02-03,2020-02-04,2020-02-05,2020-02-04,2020-02-07,2020-02-04,2020-02-11,2020-02-11,2020-03-04,2020-02-04,2020-03-04,True,317,1
392,C7qKLjZUtj4,Investing with Tom,TSLA,sell,2020-01-05T21:29:26Z,2020-01-05T21:36:54.379000+00:00,2020-01-05,2020-01-06,weekend_or_holiday,2019-12-05,2020-01-03,2019-12-27,2020-01-03,2020-01-06,2020-01-07,2020-01-06,2020-01-09,2020-01-06,2020-01-13,2020-01-13,2020-02-04,2020-01-06,2020-02-04,False,318,1
393,NLgW8E-HMFw,Investing with Tom,MSFT,buy,2023-07-26T14:00:14Z,2023-07-26T14:02:58.519000+00:00,2023-07-26,2023-07-26,before_open,2023-06-27,2023-07-25,2023-07-19,2023-07-25,2023-07-26,2023-07-27,2023-07-26,2023-07-31,2023-07-26,2023-08-02,2023-08-02,2023-08-23,2023-07-26,2023-08-23,False,319,1
394,PGJw0nprDKY,Investing with Tom,AAPL,buy,2020-06-09T08:00:01Z,2020-06-09T08:13:31.030000+00:00,2020-06-09,2020-06-09,before_open,2020-05-11,2020-06-08,2020-06-02,2020-06-08,2020-06-09,2020-06-10,2020-06-09,2020-06-12,2020-06-09,2020-06-16,2020-06-16,2020-07-08,2020-06-09,2020-07-08,False,320,1
395,7M6hoe1HOzY,Investing with Tom,AAPL,buy,2023-06-26T14:00:04Z,2023-06-26T14:08:44.260000+00:00,2023-06-26,2023-06-26,before_open,2023-05-25,2023-06-23,2023-06-16,2023-06-23,2023-06-26,2023-06-27,2023-06-26,2023-06-29,2023-06-26,2023-07-03,2023-07-03,2023-07-25,2023-06-26,2023-07-25,False,321,1
396,eOYSS02TuqY,The Swedish Investor,MSFT,buy,2023-10-02T13:12:00Z,2023-10-02T13:39:07.200000+00:00,2023-10-02,2023-10-02,before_open,2023-09-01,2023-09-29,2023-09-25,2023-09-29,2023-10-02,2023-10-03,2023-10-02,2023-10-05,2023-10-02,2023-10-09,2023-10-09,2023-10-30,2023-10-02,2023-10-30,False,322,1
397,eOYSS02TuqY,The Swedish Investor,TSLA,buy,2023-10-02T13:12:00Z,2023-10-02T13:31:35.160000+00:00,2023-10-02,2023-10-02,before_open,2023-09-01,2023-09-29,2023-09-25,2023-09-29,2023-10-02,2023-10-03,2023-10-02,2023-10-05,2023-10-02,2023-10-09,2023-10-09,2023-10-30,2023-10-02,2023-10-30,False,323,2
398,eOYSS02TuqY,The Swedish Investor,TSLA,buy,2023-10-02T13:12:00Z,2023-10-02T13:32:12.660000+00:00,2023-10-02,2023-10-02,before_open,2023-09-01,2023-09-29,2023-09-25,2023-09-29,2023-10-02,2023-10-03,2023-10-02,2023-10-05,2023-10-02,2023-10-09,2023-10-09,2023-10-30,2023-10-02,2023-10-30,False,323,2
399,l7cc-nLKaqc,The Swedish Investor,AAPL,buy,2022-06-24T08:03:24Z,2022-06-24T08:23:46.499000+00:00,2022-06-24,2022-06-24,before_open,2022-05-25,2022-06-23,2022-06-16,2022-06-23,2022-06-24,2022-06-27,2022-06-24,2022-06-29,2022-06-24,2022-07-01,2022-07-01,2022-07-25,2022-06-24,2022-07-25,False,324,1
400,nUucyfWpL0A,The Swedish Investor,AMZN,sell,2022-10-29T06:00:05Z,2022-10-29T06:03:41.583000+00:00,2022-10-29,2022-10-31,weekend_or_holiday,2022-10-03,2022-10-28,2022-10-24,2022-10-28,2022-10-31,2022-11-01,2022-10-31,2022-11-03,2022-10-31,2022-11-07,2022-11-07,2022-11-29,2022-10-31,2022-11-29,False,325,1
401,uEjKr_Z92mA,The Swedish Investor,TSLA,sell,2022-04-01T16:00:55Z,2022-04-01T16:29:28.814000+00:00,2022-04-01,2022-04-01,during_market,2022-03-04,2022-03-31,2022-03-25,2022-03-31,2022-04-01,2022-04-04,2022-04-01,2022-04-06,2022-04-01,2022-04-08,2022-04-08,2022-05-02,2022-04-01,2022-05-02,True,326,1
402,CspT5_OlGik,The Swedish Investor,MSFT,buy,2021-03-08T08:47:30Z,2021-03-08T08:47:30.620000+00:00,2021-03-08,2021-03-08,before_open,2021-02-05,2021-03-05,2021-03-01,2021-03-05,2021-03-08,2021-03-09,2021-03-08,2021-03-11,2021-03-08,2021-03-15,2021-03-15,2021-04-06,2021-03-08,2021-04-06,False,327,1
403,jhDfq9sj-u8,Graham Stephan,MSFT,buy,2026-02-27T21:01:00Z,2026-02-27T21:09:14.560000+00:00,2026-02-27,2026-02-27,after_close,2026-01-29,2026-02-26,2026-02-20,2026-02-26,2026-02-27,2026-03-02,2026-02-27,2026-03-04,2026-02-27,2026-03-06,2026-03-06,2026-03-27,2026-02-27,2026-03-27,True,328,1
404,nXOmkJhytIk,Graham Stephan,TSLA,buy,2026-02-12T20:00:42Z,2026-02-12T20:00:42+00:00,2026-02-12,2026-02-12,during_market,2026-01-14,2026-02-11,2026-02-05,2026-02-11,2026-02-12,2026-02-13,2026-02-12,2026-02-18,2026-02-12,2026-02-20,2026-02-20,2026-03-13,2026-02-12,2026-03-13,True,329,1
405,lPn6paBIAoM,Dividend Bull,TSLA,sell,2024-02-22T19:00:18Z,2024-02-22T19:04:01.760000+00:00,2024-02-22,2024-02-22,during_market,2024-01-24,2024-02-21,2024-02-14,2024-02-21,2024-02-22,2024-02-23,2024-02-22,2024-02-27,2024-02-22,2024-02-29,2024-02-29,2024-03-21,2024-02-22,2024-03-21,True,330,1
406,nadUdX1qygI,Dividend Bull,TSLA,buy,2022-12-02T19:00:14Z,2022-12-02T19:01:22.460000+00:00,2022-12-02,2022-12-02,during_market,2022-11-03,2022-12-01,2022-11-25,2022-12-01,2022-12-02,2022-12-05,2022-12-02,2022-12-07,2022-12-02,2022-12-09,2022-12-09,2023-01-03,2022-12-02,2023-01-03,True,331,1
407,x1CWG9Nkkms,Dividend Bull,NVDA,sell,2024-04-16T19:00:25Z,2024-04-16T19:01:34.360000+00:00,2024-04-16,2024-04-16,during_market,2024-03-18,2024-04-15,2024-04-09,2024-04-15,2024-04-16,2024-04-17,2024-04-16,2024-04-19,2024-04-16,2024-04-23,2024-04-23,2024-05-14,2024-04-16,2024-05-14,True,332,1
408,_r-6KPbghHQ,Dividend Bull,AMC,sell,2024-03-29T19:00:19Z,2024-03-29T19:00:19.040000+00:00,2024-03-29,2024-04-01,during_market,2024-03-01,2024-03-28,2024-03-22,2024-03-28,2024-04-01,2024-04-02,2024-04-01,2024-04-04,2024-04-01,2024-04-08,2024-04-08,2024-04-29,2024-04-01,2024-04-29,True,333,1
409,gmr6BqOOPWk,Dividend Bull,TSLA,sell,2023-04-28T19:00:24Z,2023-04-28T19:00:58.380000+00:00,2023-04-28,2023-04-28,during_market,2023-03-30,2023-04-27,2023-04-21,2023-04-27,2023-04-28,2023-05-01,2023-04-28,2023-05-03,2023-04-28,2023-05-05,2023-05-05,2023-05-26,2023-04-28,2023-05-26,True,334,1
410,FeENJP2vWA8,Dividend Bull,NVDA,sell,2023-07-24T19:15:00Z,2023-07-24T19:15:05.100000+00:00,2023-07-24,2023-07-24,during_market,2023-06-23,2023-07-21,2023-07-17,2023-07-21,2023-07-24,2023-07-25,2023-07-24,2023-07-27,2023-07-24,2023-07-31,2023-07-31,2023-08-21,2023-07-24,2023-08-21,True,335,2
411,FeENJP2vWA8,Dividend Bull,NVDA,sell,2023-07-24T19:15:00Z,2023-07-24T19:16:30.720000+00:00,2023-07-24,2023-07-24,during_market,2023-06-23,2023-07-21,2023-07-17,2023-07-21,2023-07-24,2023-07-25,2023-07-24,2023-07-27,2023-07-24,2023-07-31,2023-07-31,2023-08-21,2023-07-24,2023-08-21,True,335,2
412,RTqgOz5CG4s,Dividend Bull,NVDA,buy,2023-12-15T19:00:16Z,2023-12-15T19:07:01.120000+00:00,2023-12-15,2023-12-15,during_market,2023-11-16,2023-12-14,2023-12-08,2023-12-14,2023-12-15,2023-12-18,2023-12-15,2023-12-20,2023-12-15,2023-12-22,2023-12-22,2024-01-17,2023-12-15,2024-01-17,True,336,1
413,SbAnIeNGVm0,Dividend Bull,PLTR,buy,2025-11-13T21:00:36Z,2025-11-13T21:01:02.080000+00:00,2025-11-13,2025-11-13,after_close,2025-10-16,2025-11-12,2025-11-06,2025-11-12,2025-11-13,2025-11-14,2025-11-13,2025-11-18,2025-11-13,2025-11-20,2025-11-20,2025-12-12,2025-11-13,2025-12-12,True,337,1
414,JURyOwjbd88,Stock Moe,NFLX,buy,2026-04-27T12:30:34Z,2026-04-27T12:48:48.400000+00:00,2026-04-27,2026-04-27,before_open,2026-03-27,2026-04-24,2026-04-20,2026-04-24,2026-04-27,2026-04-28,2026-04-27,2026-04-30,2026-04-27,2026-05-04,2026-05-04,,2026-04-27,,False,338,1
415,QwEiOQPkrw0,Meet Kevin,AMZN,buy,2025-12-31T18:25:40Z,2025-12-31T21:22:06+00:00,2025-12-31,2025-12-31,during_market,2025-12-02,2025-12-30,2025-12-23,2025-12-30,2025-12-31,2026-01-02,2025-12-31,2026-01-06,2025-12-31,2026-01-08,2026-01-08,2026-01-30,2025-12-31,2026-01-30,True,339,2
416,Sq4McaiFM3I,Stock Moe,GOOGL,buy,2026-01-09T12:26:56Z,2026-01-09T12:51:35.120000+00:00,2026-01-09,2026-01-09,before_open,2025-12-10,2026-01-08,2026-01-02,2026-01-08,2026-01-09,2026-01-12,2026-01-09,2026-01-14,2026-01-09,2026-01-16,2026-01-16,2026-02-09,2026-01-09,2026-02-09,False,340,2
417,Sq4McaiFM3I,Stock Moe,GOOGL,buy,2026-01-09T12:26:56Z,2026-01-09T12:56:33.039000+00:00,2026-01-09,2026-01-09,before_open,2025-12-10,2026-01-08,2026-01-02,2026-01-08,2026-01-09,2026-01-12,2026-01-09,2026-01-14,2026-01-09,2026-01-16,2026-01-16,2026-02-09,2026-01-09,2026-02-09,False,340,2
418,Sq4McaiFM3I,Stock Moe,UBER,buy,2026-01-09T12:26:56Z,2026-01-09T13:05:59.280000+00:00,2026-01-09,2026-01-09,before_open,2025-12-10,2026-01-08,2026-01-02,2026-01-08,2026-01-09,2026-01-12,2026-01-09,2026-01-14,2026-01-09,2026-01-16,2026-01-16,2026-02-09,2026-01-09,2026-02-09,False,341,1
419,Sq4McaiFM3I,Stock Moe,AAPL,sell,2026-01-09T12:26:56Z,2026-01-09T13:30:12.079000+00:00,2026-01-09,2026-01-09,before_open,2025-12-10,2026-01-08,2026-01-02,2026-01-08,2026-01-09,2026-01-12,2026-01-09,2026-01-14,2026-01-09,2026-01-16,2026-01-16,2026-02-09,2026-01-09,2026-02-09,False,342,1
420,TAoUWYB3l7w,Financial Education,META,buy,2026-01-14T23:31:35Z,2026-01-14T23:41:13.200000+00:00,2026-01-14,2026-01-14,after_close,2025-12-15,2026-01-13,2026-01-07,2026-01-13,2026-01-14,2026-01-15,2026-01-14,2026-01-20,2026-01-14,2026-01-22,2026-01-22,2026-02-12,2026-01-14,2026-02-12,True,343,2
421,TAoUWYB3l7w,Financial Education,META,buy,2026-01-14T23:31:35Z,2026-01-14T23:58:20.640000+00:00,2026-01-14,2026-01-14,after_close,2025-12-15,2026-01-13,2026-01-07,2026-01-13,2026-01-14,2026-01-15,2026-01-14,2026-01-20,2026-01-14,2026-01-22,2026-01-22,2026-02-12,2026-01-14,2026-02-12,True,343,2
422,cM08_4oNLFw,Stock Moe,AAPL,buy,2026-01-25T13:30:43Z,2026-01-25T13:52:07.559000+00:00,2026-01-25,2026-01-26,weekend_or_holiday,2025-12-24,2026-01-23,2026-01-16,2026-01-23,2026-01-26,2026-01-27,2026-01-26,2026-01-29,2026-01-26,2026-02-02,2026-02-02,2026-02-24,2026-01-26,2026-02-24,False,344,1
423,iGSojuWBg20,Stock Moe,TSLA,buy,2026-01-03T21:21:56Z,2026-01-03T21:33:20.800000+00:00,2026-01-03,2026-01-05,weekend_or_holiday,2025-12-04,2026-01-02,2025-12-26,2026-01-02,2026-01-05,2026-01-06,2026-01-05,2026-01-08,2026-01-05,2026-01-12,2026-01-12,2026-02-03,2026-01-05,2026-02-03,False,345,1
424,2RH3v9msQyk,ZipTrader,SMCI,buy,2026-01-23T19:42:12Z,2026-01-23T19:46:21.439000+00:00,2026-01-23,2026-01-23,during_market,2025-12-23,2026-01-22,2026-01-15,2026-01-22,2026-01-23,2026-01-26,2026-01-23,2026-01-28,2026-01-23,2026-01-30,2026-01-30,2026-02-23,2026-01-23,2026-02-23,True,346,1
425,OCbTDPCVBSM,ZipTrader,MSFT,buy,2026-04-15T01:43:08Z,2026-04-15T01:47:53.160000+00:00,2026-04-15,2026-04-15,after_close,2026-03-17,2026-04-14,2026-04-08,2026-04-14,2026-04-15,2026-04-16,2026-04-15,2026-04-20,2026-04-15,2026-04-22,2026-04-22,2026-05-13,2026-04-15,2026-05-13,True,347,1
426,QgYD0orS2-Q,ZipTrader,META,buy,2026-04-02T02:37:32Z,2026-04-02T02:45:54.360000+00:00,2026-04-02,2026-04-02,after_close,2026-03-05,2026-04-01,2026-03-26,2026-04-01,2026-04-02,2026-04-06,2026-04-02,2026-04-08,2026-04-02,2026-04-10,2026-04-10,2026-05-01,2026-04-02,2026-05-01,True,348,1
427,0GRyV8uCtNk,"Mark Roussin, CPA",AMZN,buy,2024-08-17T15:00:00Z,2024-08-17T15:07:24.919000+00:00,2024-08-17,2024-08-19,weekend_or_holiday,2024-07-22,2024-08-16,2024-08-12,2024-08-16,2024-08-19,2024-08-20,2024-08-19,2024-08-22,2024-08-19,2024-08-26,2024-08-26,2024-09-17,2024-08-19,2024-09-17,False,349,2
428,0GRyV8uCtNk,"Mark Roussin, CPA",AMZN,buy,2024-08-17T15:00:00Z,2024-08-17T15:08:15.120000+00:00,2024-08-17,2024-08-19,weekend_or_holiday,2024-07-22,2024-08-16,2024-08-12,2024-08-16,2024-08-19,2024-08-20,2024-08-19,2024-08-22,2024-08-19,2024-08-26,2024-08-26,2024-09-17,2024-08-19,2024-09-17,False,349,2
429,0GRyV8uCtNk,"Mark Roussin, CPA",DIS,buy,2024-08-17T15:00:00Z,2024-08-17T15:09:32.880000+00:00,2024-08-17,2024-08-19,weekend_or_holiday,2024-07-22,2024-08-16,2024-08-12,2024-08-16,2024-08-19,2024-08-20,2024-08-19,2024-08-22,2024-08-19,2024-08-26,2024-08-26,2024-09-17,2024-08-19,2024-09-17,False,350,1
430,0rs5kIomIjI,The Investor Channel,AAPL,buy,2024-02-02T04:47:08Z,2024-02-02T04:56:20.920000+00:00,2024-02-02,2024-02-02,after_close,2024-01-04,2024-02-01,2024-01-26,2024-02-01,2024-02-02,2024-02-05,2024-02-02,2024-02-07,2024-02-02,2024-02-09,2024-02-09,2024-03-04,2024-02-02,2024-03-04,True,351,1
431,2qrHvyWm1Nk,"Mark Roussin, CPA",MSFT,buy,2024-10-01T15:30:00Z,2024-10-01T15:32:26.879000+00:00,2024-10-01,2024-10-01,during_market,2024-09-03,2024-09-30,2024-09-24,2024-09-30,2024-10-01,2024-10-02,2024-10-01,2024-10-04,2024-10-01,2024-10-08,2024-10-08,2024-10-29,2024-10-01,2024-10-29,True,352,1
432,67MNSCXuY2I,Couch Investor,PYPL,buy,2025-11-17T15:12:32Z,2025-11-17T16:36:17.920000+00:00,2025-11-17,2025-11-17,during_market,2025-10-20,2025-11-14,2025-11-10,2025-11-14,2025-11-17,2025-11-18,2025-11-17,2025-11-20,2025-11-17,2025-11-24,2025-11-24,2025-12-16,2025-11-17,2025-12-16,True,353,2
433,67MNSCXuY2I,Couch Investor,PYPL,buy,2025-11-17T15:12:32Z,2025-11-17T16:44:25.040000+00:00,2025-11-17,2025-11-17,during_market,2025-10-20,2025-11-14,2025-11-10,2025-11-14,2025-11-17,2025-11-18,2025-11-17,2025-11-20,2025-11-17,2025-11-24,2025-11-24,2025-12-16,2025-11-17,2025-12-16,True,353,2
434,67MNSCXuY2I,Couch Investor,AMZN,sell,2025-11-17T15:12:32Z,2025-11-17T16:39:37.200000+00:00,2025-11-17,2025-11-17,during_market,2025-10-20,2025-11-14,2025-11-10,2025-11-14,2025-11-17,2025-11-18,2025-11-17,2025-11-20,2025-11-17,2025-11-24,2025-11-24,2025-12-16,2025-11-17,2025-12-16,True,354,1
435,67MNSCXuY2I,Couch Investor,AAPL,buy,2025-11-17T15:12:32Z,2025-11-17T16:36:17.920000+00:00,2025-11-17,2025-11-17,during_market,2025-10-20,2025-11-14,2025-11-10,2025-11-14,2025-11-17,2025-11-18,2025-11-17,2025-11-20,2025-11-17,2025-11-24,2025-11-24,2025-12-16,2025-11-17,2025-12-16,True,355,1
436,7NlWCxxhYhA,"Mark Roussin, CPA",NVDA,buy,2024-08-15T00:02:29Z,2024-08-15T00:03:31.600000+00:00,2024-08-15,2024-08-15,after_close,2024-07-18,2024-08-14,2024-08-08,2024-08-14,2024-08-15,2024-08-16,2024-08-15,2024-08-20,2024-08-15,2024-08-22,2024-08-22,2024-09-13,2024-08-15,2024-09-13,True,356,1
437,7NlWCxxhYhA,"Mark Roussin, CPA",AAPL,sell,2024-08-15T00:02:29Z,2024-08-15T00:51:49.520000+00:00,2024-08-15,2024-08-15,after_close,2024-07-18,2024-08-14,2024-08-08,2024-08-14,2024-08-15,2024-08-16,2024-08-15,2024-08-20,2024-08-15,2024-08-22,2024-08-22,2024-09-13,2024-08-15,2024-09-13,True,357,1
438,9ph98Km7DlI,The Investor Channel,MSFT,buy,2024-03-29T21:43:24Z,2024-03-29T22:00:01.959000+00:00,2024-03-29,2024-04-01,after_close,2024-03-01,2024-03-28,2024-03-22,2024-03-28,2024-04-01,2024-04-02,2024-04-01,2024-04-04,2024-04-01,2024-04-08,2024-04-08,2024-04-29,2024-04-01,2024-04-29,True,358,1
439,CBkJYmCLwuk,Daniel Pronk,AMZN,buy,2024-06-04T18:05:17Z,2024-06-04T18:27:24+00:00,2024-06-04,2024-06-04,during_market,2024-05-06,2024-06-03,2024-05-28,2024-06-03,2024-06-04,2024-06-05,2024-06-04,2024-06-07,2024-06-04,2024-06-11,2024-06-11,2024-07-03,2024-06-04,2024-07-03,True,359,1
440,CCgjum72pOI,Daniel Pronk,AMZN,buy,2024-05-11T15:51:02Z,2024-05-11T16:07:04.880000+00:00,2024-05-11,2024-05-13,weekend_or_holiday,2024-04-15,2024-05-10,2024-05-06,2024-05-10,2024-05-13,2024-05-14,2024-05-13,2024-05-16,2024-05-13,2024-05-20,2024-05-20,2024-06-11,2024-05-13,2024-06-11,False,360,1
441,EIfUFqfsx8s,The Investor Channel,NVDA,buy,2024-02-02T23:55:37Z,2024-02-03T00:00:41.120000+00:00,2024-02-02,2024-02-02,after_close,2024-01-04,2024-02-01,2024-01-26,2024-02-01,2024-02-02,2024-02-05,2024-02-02,2024-02-07,2024-02-02,2024-02-09,2024-02-09,2024-03-04,2024-02-02,2024-03-04,True,361,2
442,EIfUFqfsx8s,The Investor Channel,GOOGL,buy,2024-02-02T23:55:37Z,2024-02-03T00:08:24.279000+00:00,2024-02-02,2024-02-02,after_close,2024-01-04,2024-02-01,2024-01-26,2024-02-01,2024-02-02,2024-02-05,2024-02-02,2024-02-07,2024-02-02,2024-02-09,2024-02-09,2024-03-04,2024-02-02,2024-03-04,True,362,2
443,I-ETli5RvXI,Couch Investor,UBER,buy,2025-11-10T15:07:53Z,2025-11-10T15:36:30.440000+00:00,2025-11-10,2025-11-10,during_market,2025-10-13,2025-11-07,2025-11-03,2025-11-07,2025-11-10,2025-11-11,2025-11-10,2025-11-13,2025-11-10,2025-11-17,2025-11-17,2025-12-09,2025-11-10,2025-12-09,True,363,1
444,ICaYMgaCq_c,The Investor Channel,TSLA,sell,2024-02-17T00:27:04Z,2024-02-17T00:43:33.560000+00:00,2024-02-17,2024-02-20,weekend_or_holiday,2024-01-22,2024-02-16,2024-02-12,2024-02-16,2024-02-20,2024-02-21,2024-02-20,2024-02-23,2024-02-20,2024-02-27,2024-02-27,2024-03-19,2024-02-20,2024-03-19,False,364,1
445,NHjhaF1KmvA,The Investor Channel,PYPL,buy,2024-02-07T23:16:51Z,2024-02-07T23:18:16.520000+00:00,2024-02-07,2024-02-07,after_close,2024-01-09,2024-02-06,2024-01-31,2024-02-06,2024-02-07,2024-02-08,2024-02-07,2024-02-12,2024-02-07,2024-02-14,2024-02-14,2024-03-07,2024-02-07,2024-03-07,True,365,1
446,NHjhaF1KmvA,The Investor Channel,NVDA,buy,2024-02-07T23:16:51Z,2024-02-07T23:28:20.079000+00:00,2024-02-07,2024-02-07,after_close,2024-01-09,2024-02-06,2024-01-31,2024-02-06,2024-02-07,2024-02-08,2024-02-07,2024-02-12,2024-02-07,2024-02-14,2024-02-14,2024-03-07,2024-02-07,2024-03-07,True,366,1
447,NwJu_BEmFaw,"Value Investing with Sven Carlin, Ph.D.",UBER,buy,2025-03-05T14:00:20Z,2025-03-05T14:23:29.520000+00:00,2025-03-05,2025-03-05,before_open,2025-02-04,2025-03-04,2025-02-26,2025-03-04,2025-03-05,2025-03-06,2025-03-05,2025-03-10,2025-03-05,2025-03-12,2025-03-12,2025-04-02,2025-03-05,2025-04-02,False,367,1
448,Qqyh_M2m8q4,The Investor Channel,DIS,buy,2024-03-15T22:24:21Z,2024-03-15T22:26:53+00:00,2024-03-15,2024-03-15,after_close,2024-02-15,2024-03-14,2024-03-08,2024-03-14,2024-03-15,2024-03-18,2024-03-15,2024-03-20,2024-03-15,2024-03-22,2024-03-22,2024-04-15,2024-03-15,2024-04-15,True,368,1
449,Qqyh_M2m8q4,The Investor Channel,AAPL,sell,2024-03-15T22:24:21Z,2024-03-15T22:28:16.560000+00:00,2024-03-15,2024-03-15,after_close,2024-02-15,2024-03-14,2024-03-08,2024-03-14,2024-03-15,2024-03-18,2024-03-15,2024-03-20,2024-03-15,2024-03-22,2024-03-22,2024-04-15,2024-03-15,2024-04-15,True,369,1
450,Qqyh_M2m8q4,The Investor Channel,AMZN,buy,2024-03-15T22:24:21Z,2024-03-15T22:30:33.440000+00:00,2024-03-15,2024-03-15,after_close,2024-02-15,2024-03-14,2024-03-08,2024-03-14,2024-03-15,2024-03-18,2024-03-15,2024-03-20,2024-03-15,2024-03-22,2024-03-22,2024-04-15,2024-03-15,2024-04-15,True,370,1
451,Qqyh_M2m8q4,The Investor Channel,GOOGL,buy,2024-03-15T22:24:21Z,2024-03-15T22:41:27.799000+00:00,2024-03-15,2024-03-15,after_close,2024-02-15,2024-03-14,2024-03-08,2024-03-14,2024-03-15,2024-03-18,2024-03-15,2024-03-20,2024-03-15,2024-03-22,2024-03-22,2024-04-15,2024-03-15,2024-04-15,True,371,1
452,X2o6D0dnnx0,"Mark Roussin, CPA",AMZN,buy,2024-10-30T22:57:59Z,2024-10-30T23:00:56.840000+00:00,2024-10-30,2024-10-30,after_close,2024-10-02,2024-10-29,2024-10-23,2024-10-29,2024-10-30,2024-10-31,2024-10-30,2024-11-04,2024-10-30,2024-11-06,2024-11-06,2024-11-27,2024-10-30,2024-11-27,True,372,1
453,X2o6D0dnnx0,"Mark Roussin, CPA",GOOGL,buy,2024-10-30T22:57:59Z,2024-10-30T23:25:51.399000+00:00,2024-10-30,2024-10-30,after_close,2024-10-02,2024-10-29,2024-10-23,2024-10-29,2024-10-30,2024-10-31,2024-10-30,2024-11-04,2024-10-30,2024-11-06,2024-11-06,2024-11-27,2024-10-30,2024-11-27,True,373,2
454,X2o6D0dnnx0,"Mark Roussin, CPA",GOOGL,buy,2024-10-30T22:57:59Z,2024-10-30T23:28:10.880000+00:00,2024-10-30,2024-10-30,after_close,2024-10-02,2024-10-29,2024-10-23,2024-10-29,2024-10-30,2024-10-31,2024-10-30,2024-11-04,2024-10-30,2024-11-06,2024-11-06,2024-11-27,2024-10-30,2024-11-27,True,373,2
455,Zk0jV8RP_Ak,Jose Najarro Stocks,AMD,buy,2025-09-25T13:59:06Z,2025-09-25T14:29:09.200000+00:00,2025-09-25,2025-09-25,before_open,2025-08-27,2025-09-24,2025-09-18,2025-09-24,2025-09-25,2025-09-26,2025-09-25,2025-09-30,2025-09-25,2025-10-02,2025-10-02,2025-10-23,2025-09-25,2025-10-23,False,374,1
456,aIEQTFt8NZM,Daniel Pronk,SHOP,buy,2024-05-13T22:22:32Z,2024-05-13T22:22:32.080000+00:00,2024-05-13,2024-05-13,after_close,2024-04-15,2024-05-10,2024-05-06,2024-05-10,2024-05-13,2024-05-14,2024-05-13,2024-05-16,2024-05-13,2024-05-20,2024-05-20,2024-06-11,2024-05-13,2024-06-11,True,375,3
457,aIEQTFt8NZM,Daniel Pronk,SHOP,buy,2024-05-13T22:22:32Z,2024-05-13T22:37:08.800000+00:00,2024-05-13,2024-05-13,after_close,2024-04-15,2024-05-10,2024-05-06,2024-05-10,2024-05-13,2024-05-14,2024-05-13,2024-05-16,2024-05-13,2024-05-20,2024-05-20,2024-06-11,2024-05-13,2024-06-11,True,375,3
458,aIEQTFt8NZM,Daniel Pronk,SHOP,buy,2024-05-13T22:22:32Z,2024-05-13T22:37:48.600000+00:00,2024-05-13,2024-05-13,after_close,2024-04-15,2024-05-10,2024-05-06,2024-05-10,2024-05-13,2024-05-14,2024-05-13,2024-05-16,2024-05-13,2024-05-20,2024-05-20,2024-06-11,2024-05-13,2024-06-11,True,375,3
459,b2jd57munzA,The Investor Channel,NVDA,buy,2024-03-09T00:33:08Z,2024-03-09T00:56:13.360000+00:00,2024-03-09,2024-03-11,weekend_or_holiday,2024-02-09,2024-03-08,2024-03-04,2024-03-08,2024-03-11,2024-03-12,2024-03-11,2024-03-14,2024-03-11,2024-03-18,2024-03-18,2024-04-09,2024-03-11,2024-04-09,False,376,2
460,b2jd57munzA,The Investor Channel,NVDA,sell,2024-03-09T00:33:08Z,2024-03-09T00:58:29.240000+00:00,2024-03-09,2024-03-11,weekend_or_holiday,2024-02-09,2024-03-08,2024-03-04,2024-03-08,2024-03-11,2024-03-12,2024-03-11,2024-03-14,2024-03-11,2024-03-18,2024-03-18,2024-04-09,2024-03-11,2024-04-09,False,376,2
461,b2jd57munzA,The Investor Channel,TSLA,buy,2024-03-09T00:33:08Z,2024-03-09T00:52:09.679000+00:00,2024-03-09,2024-03-11,weekend_or_holiday,2024-02-09,2024-03-08,2024-03-04,2024-03-08,2024-03-11,2024-03-12,2024-03-11,2024-03-14,2024-03-11,2024-03-18,2024-03-18,2024-04-09,2024-03-11,2024-04-09,False,377,1
462,b2jd57munzA,The Investor Channel,GOOGL,buy,2024-03-09T00:33:08Z,2024-03-09T00:58:36.080000+00:00,2024-03-09,2024-03-11,weekend_or_holiday,2024-02-09,2024-03-08,2024-03-04,2024-03-08,2024-03-11,2024-03-12,2024-03-11,2024-03-14,2024-03-11,2024-03-18,2024-03-18,2024-04-09,2024-03-11,2024-04-09,False,378,1
463,dAsglLC8um8,"Mark Roussin, CPA",AMZN,buy,2024-10-05T15:00:39Z,2024-10-05T15:04:44.239000+00:00,2024-10-05,2024-10-07,weekend_or_holiday,2024-09-09,2024-10-04,2024-09-30,2024-10-04,2024-10-07,2024-10-08,2024-10-07,2024-10-10,2024-10-07,2024-10-14,2024-10-14,2024-11-04,2024-10-07,2024-11-04,False,379,1
464,dAsglLC8um8,"Mark Roussin, CPA",PYPL,buy,2024-10-05T15:00:39Z,2024-10-05T15:06:52.160000+00:00,2024-10-05,2024-10-07,weekend_or_holiday,2024-09-09,2024-10-04,2024-09-30,2024-10-04,2024-10-07,2024-10-08,2024-10-07,2024-10-10,2024-10-07,2024-10-14,2024-10-14,2024-11-04,2024-10-07,2024-11-04,False,380,2
465,dAsglLC8um8,"Mark Roussin, CPA",PYPL,buy,2024-10-05T15:00:39Z,2024-10-05T15:11:42.120000+00:00,2024-10-05,2024-10-07,weekend_or_holiday,2024-09-09,2024-10-04,2024-09-30,2024-10-04,2024-10-07,2024-10-08,2024-10-07,2024-10-10,2024-10-07,2024-10-14,2024-10-14,2024-11-04,2024-10-07,2024-11-04,False,380,2
466,eAFVLpVL9gQ,Couch Investor,NVDA,sell,2025-11-15T20:08:27Z,2025-11-15T20:10:00.600000+00:00,2025-11-15,2025-11-17,weekend_or_holiday,2025-10-20,2025-11-14,2025-11-10,2025-11-14,2025-11-17,2025-11-18,2025-11-17,2025-11-20,2025-11-17,2025-11-24,2025-11-24,2025-12-16,2025-11-17,2025-12-16,False,381,1
467,e_8sMMyMj_U,Couch Investor,META,buy,2025-11-07T15:34:25Z,2025-11-07T16:47:24.520000+00:00,2025-11-07,2025-11-07,during_market,2025-10-10,2025-11-06,2025-10-31,2025-11-06,2025-11-07,2025-11-10,2025-11-07,2025-11-12,2025-11-07,2025-11-14,2025-11-14,2025-12-08,2025-11-07,2025-12-08,True,382,1
468,e_8sMMyMj_U,Couch Investor,SOFI,buy,2025-11-07T15:34:25Z,2025-11-07T16:27:25.079000+00:00,2025-11-07,2025-11-07,during_market,2025-10-10,2025-11-06,2025-10-31,2025-11-06,2025-11-07,2025-11-10,2025-11-07,2025-11-12,2025-11-07,2025-11-14,2025-11-14,2025-12-08,2025-11-07,2025-12-08,True,383,1
469,fBIC3Nf0hPU,"Value Investing with Sven Carlin, Ph.D.",META,buy,2025-02-21T13:00:56Z,2025-02-21T13:01:26.039000+00:00,2025-02-21,2025-02-21,before_open,2025-01-23,2025-02-20,2025-02-13,2025-02-20,2025-02-21,2025-02-24,2025-02-21,2025-02-26,2025-02-21,2025-02-28,2025-02-28,2025-03-21,2025-02-21,2025-03-21,False,384,1
470,hyox8s4fJmo,Couch Investor,GOOGL,buy,2025-11-14T23:44:22Z,2025-11-15T00:05:32.799000+00:00,2025-11-14,2025-11-14,after_close,2025-10-17,2025-11-13,2025-11-07,2025-11-13,2025-11-14,2025-11-17,2025-11-14,2025-11-19,2025-11-14,2025-11-21,2025-11-21,2025-12-15,2025-11-14,2025-12-15,True,385,2
471,hyox8s4fJmo,Couch Investor,GOOGL,buy,2025-11-14T23:44:22Z,2025-11-15T00:06:27.840000+00:00,2025-11-14,2025-11-14,after_close,2025-10-17,2025-11-13,2025-11-07,2025-11-13,2025-11-14,2025-11-17,2025-11-14,2025-11-19,2025-11-14,2025-11-21,2025-11-21,2025-12-15,2025-11-14,2025-12-15,True,385,2
472,hyox8s4fJmo,Couch Investor,AMD,buy,2025-11-14T23:44:22Z,2025-11-14T23:55:25.839000+00:00,2025-11-14,2025-11-14,after_close,2025-10-17,2025-11-13,2025-11-07,2025-11-13,2025-11-14,2025-11-17,2025-11-14,2025-11-19,2025-11-14,2025-11-21,2025-11-21,2025-12-15,2025-11-14,2025-12-15,True,386,1
473,jovyGTDTNfg,The Investor Channel,NVDA,buy,2024-02-02T15:19:56Z,2024-02-02T15:20:58.879000+00:00,2024-02-02,2024-02-02,during_market,2024-01-04,2024-02-01,2024-01-26,2024-02-01,2024-02-02,2024-02-05,2024-02-02,2024-02-07,2024-02-02,2024-02-09,2024-02-09,2024-03-04,2024-02-02,2024-03-04,True,361,2
474,jovyGTDTNfg,The Investor Channel,GOOGL,buy,2024-02-02T15:19:56Z,2024-02-02T15:21:02.200000+00:00,2024-02-02,2024-02-02,during_market,2024-01-04,2024-02-01,2024-01-26,2024-02-01,2024-02-02,2024-02-05,2024-02-02,2024-02-07,2024-02-02,2024-02-09,2024-02-09,2024-03-04,2024-02-02,2024-03-04,True,362,2
475,m3MQwaywF6w,Jose Najarro Stocks,NVDA,buy,2025-10-03T13:50:29Z,2025-10-03T14:19:20.279000+00:00,2025-10-03,2025-10-03,before_open,2025-09-05,2025-10-02,2025-09-26,2025-10-02,2025-10-03,2025-10-06,2025-10-03,2025-10-08,2025-10-03,2025-10-10,2025-10-10,2025-10-31,2025-10-03,2025-10-31,False,20,3
476,m3MQwaywF6w,Jose Najarro Stocks,NVDA,buy,2025-10-03T13:50:29Z,2025-10-03T14:53:31+00:00,2025-10-03,2025-10-03,before_open,2025-09-05,2025-10-02,2025-09-26,2025-10-02,2025-10-03,2025-10-06,2025-10-03,2025-10-08,2025-10-03,2025-10-10,2025-10-10,2025-10-31,2025-10-03,2025-10-31,False,20,3
477,msQ4vtXVREI,"Mark Roussin, CPA",NVDA,buy,2024-09-04T23:01:12Z,2024-09-04T23:03:12.360000+00:00,2024-09-04,2024-09-04,after_close,2024-08-06,2024-09-03,2024-08-27,2024-09-03,2024-09-04,2024-09-05,2024-09-04,2024-09-09,2024-09-04,2024-09-11,2024-09-11,2024-10-02,2024-09-04,2024-10-02,True,387,2
478,msQ4vtXVREI,"Mark Roussin, CPA",NVDA,sell,2024-09-04T23:01:12Z,2024-09-04T23:15:34.279000+00:00,2024-09-04,2024-09-04,after_close,2024-08-06,2024-09-03,2024-08-27,2024-09-03,2024-09-04,2024-09-05,2024-09-04,2024-09-09,2024-09-04,2024-09-11,2024-09-11,2024-10-02,2024-09-04,2024-10-02,True,387,2
479,msQ4vtXVREI,"Mark Roussin, CPA",AAPL,sell,2024-09-04T23:01:12Z,2024-09-04T23:15:20.839000+00:00,2024-09-04,2024-09-04,after_close,2024-08-06,2024-09-03,2024-08-27,2024-09-03,2024-09-04,2024-09-05,2024-09-04,2024-09-09,2024-09-04,2024-09-11,2024-09-11,2024-10-02,2024-09-04,2024-10-02,True,388,1
480,pj-Kxuu8n8Y,The Investor Channel,NVDA,buy,2024-01-30T23:42:55Z,2024-01-30T23:48:49.880000+00:00,2024-01-30,2024-01-30,after_close,2023-12-29,2024-01-29,2024-01-23,2024-01-29,2024-01-30,2024-01-31,2024-01-30,2024-02-02,2024-01-30,2024-02-06,2024-02-06,2024-02-28,2024-01-30,2024-02-28,True,389,1
481,qf-5Lg2fT5M,Jose Najarro Stocks,PYPL,buy,2025-09-13T02:23:20Z,2025-09-13T03:31:45.520000+00:00,2025-09-13,2025-09-15,weekend_or_holiday,2025-08-15,2025-09-12,2025-09-08,2025-09-12,2025-09-15,2025-09-16,2025-09-15,2025-09-18,2025-09-15,2025-09-22,2025-09-22,2025-10-13,2025-09-15,2025-10-13,False,390,1
482,yslEPeWGu5I,Jose Najarro Stocks,PYPL,buy,2025-09-12T19:27:07Z,2025-09-12T19:48:43+00:00,2025-09-12,2025-09-12,during_market,2025-08-14,2025-09-11,2025-09-05,2025-09-11,2025-09-12,2025-09-15,2025-09-12,2025-09-17,2025-09-12,2025-09-19,2025-09-19,2025-10-10,2025-09-12,2025-10-10,True,391,1
483,-sI2lSNKp60,Couch Investor,NVDA,buy,2025-11-19T23:28:57Z,2025-11-19T23:57:59.159000+00:00,2025-11-19,2025-11-19,after_close,2025-10-22,2025-11-18,2025-11-12,2025-11-18,2025-11-19,2025-11-20,2025-11-19,2025-11-24,2025-11-19,2025-11-26,2025-11-26,2025-12-18,2025-11-19,2025-12-18,True,392,3
484,-sI2lSNKp60,Couch Investor,NVDA,buy,2025-11-19T23:28:57Z,2025-11-20T00:37:20.040000+00:00,2025-11-19,2025-11-19,after_close,2025-10-22,2025-11-18,2025-11-12,2025-11-18,2025-11-19,2025-11-20,2025-11-19,2025-11-24,2025-11-19,2025-11-26,2025-11-26,2025-12-18,2025-11-19,2025-12-18,True,392,3
485,106DBitSrOw,Daniel Pronk,NVDA,buy,2024-08-09T20:58:36Z,2024-08-09T21:11:14.199000+00:00,2024-08-09,2024-08-09,during_market,2024-07-12,2024-08-08,2024-08-02,2024-08-08,2024-08-09,2024-08-12,2024-08-09,2024-08-14,2024-08-09,2024-08-16,2024-08-16,2024-09-09,2024-08-09,2024-09-09,True,393,1
486,106DBitSrOw,Daniel Pronk,AAPL,buy,2024-08-09T20:58:36Z,2024-08-09T21:11:32.040000+00:00,2024-08-09,2024-08-09,during_market,2024-07-12,2024-08-08,2024-08-02,2024-08-08,2024-08-09,2024-08-12,2024-08-09,2024-08-14,2024-08-09,2024-08-16,2024-08-16,2024-09-09,2024-08-09,2024-09-09,True,394,1
487,3qXTO8cJEQ0,Couch Investor,PYPL,buy,2025-11-26T15:25:32Z,2025-11-26T15:50:45.840000+00:00,2025-11-26,2025-11-26,during_market,2025-10-29,2025-11-25,2025-11-19,2025-11-25,2025-11-26,2025-11-28,2025-11-26,2025-12-02,2025-11-26,2025-12-04,2025-12-04,2025-12-26,2025-11-26,2025-12-26,True,395,1
488,3qXTO8cJEQ0,Couch Investor,TSLA,buy,2025-11-26T15:25:32Z,2025-11-26T16:29:11.680000+00:00,2025-11-26,2025-11-26,during_market,2025-10-29,2025-11-25,2025-11-19,2025-11-25,2025-11-26,2025-11-28,2025-11-26,2025-12-02,2025-11-26,2025-12-04,2025-12-04,2025-12-26,2025-11-26,2025-12-26,True,396,1
489,59HNpkTtKSk,Daniel Pronk,GOOGL,buy,2024-07-23T23:10:31Z,2024-07-23T23:19:55.040000+00:00,2024-07-23,2024-07-23,after_close,2024-06-24,2024-07-22,2024-07-16,2024-07-22,2024-07-23,2024-07-24,2024-07-23,2024-07-26,2024-07-23,2024-07-30,2024-07-30,2024-08-20,2024-07-23,2024-08-20,True,397,3
490,59HNpkTtKSk,Daniel Pronk,GOOGL,sell,2024-07-23T23:10:31Z,2024-07-23T23:21:53.760000+00:00,2024-07-23,2024-07-23,after_close,2024-06-24,2024-07-22,2024-07-16,2024-07-22,2024-07-23,2024-07-24,2024-07-23,2024-07-26,2024-07-23,2024-07-30,2024-07-30,2024-08-20,2024-07-23,2024-08-20,True,397,3
491,59HNpkTtKSk,Daniel Pronk,GOOGL,buy,2024-07-23T23:10:31Z,2024-07-23T23:24:32.800000+00:00,2024-07-23,2024-07-23,after_close,2024-06-24,2024-07-22,2024-07-16,2024-07-22,2024-07-23,2024-07-24,2024-07-23,2024-07-26,2024-07-23,2024-07-30,2024-07-30,2024-08-20,2024-07-23,2024-08-20,True,397,3
492,59HNpkTtKSk,Daniel Pronk,AMZN,buy,2024-07-23T23:10:31Z,2024-07-23T23:25:00.360000+00:00,2024-07-23,2024-07-23,after_close,2024-06-24,2024-07-22,2024-07-16,2024-07-22,2024-07-23,2024-07-24,2024-07-23,2024-07-26,2024-07-23,2024-07-30,2024-07-30,2024-08-20,2024-07-23,2024-08-20,True,398,1
493,5PLoEQ4HQ6k,The Investor Channel,GOOGL,buy,2024-04-24T21:12:34Z,2024-04-24T21:15:18.239000+00:00,2024-04-24,2024-04-24,after_close,2024-03-26,2024-04-23,2024-04-17,2024-04-23,2024-04-24,2024-04-25,2024-04-24,2024-04-29,2024-04-24,2024-05-01,2024-05-01,2024-05-22,2024-04-24,2024-05-22,True,399,1
494,5zWVlMFDctw,The Investor Channel,AMZN,sell,2024-04-30T21:04:53Z,2024-04-30T21:13:14.560000+00:00,2024-04-30,2024-04-30,after_close,2024-04-02,2024-04-29,2024-04-23,2024-04-29,2024-04-30,2024-05-01,2024-04-30,2024-05-03,2024-04-30,2024-05-07,2024-05-07,2024-05-29,2024-04-30,2024-05-29,True,400,1
495,6YvweUV-ajQ,"Mark Roussin, CPA",UBER,buy,2024-12-12T00:48:52Z,2024-12-12T00:54:37.680000+00:00,2024-12-12,2024-12-12,after_close,2024-11-13,2024-12-11,2024-12-05,2024-12-11,2024-12-12,2024-12-13,2024-12-12,2024-12-17,2024-12-12,2024-12-19,2024-12-19,2025-01-14,2024-12-12,2025-01-14,True,401,1
496,AI6Eg40wiIA,Daniel Pronk,GOOGL,sell,2024-07-18T20:35:40Z,2024-07-18T20:36:21.879000+00:00,2024-07-18,2024-07-18,during_market,2024-06-18,2024-07-17,2024-07-11,2024-07-17,2024-07-18,2024-07-19,2024-07-18,2024-07-23,2024-07-18,2024-07-25,2024-07-25,2024-08-15,2024-07-18,2024-08-15,True,402,3
497,AI6Eg40wiIA,Daniel Pronk,GOOGL,sell,2024-07-18T20:35:40Z,2024-07-18T20:42:52.199000+00:00,2024-07-18,2024-07-18,during_market,2024-06-18,2024-07-17,2024-07-11,2024-07-17,2024-07-18,2024-07-19,2024-07-18,2024-07-23,2024-07-18,2024-07-25,2024-07-25,2024-08-15,2024-07-18,2024-08-15,True,402,3
498,AI6Eg40wiIA,Daniel Pronk,GOOGL,sell,2024-07-18T20:35:40Z,2024-07-18T20:45:02.760000+00:00,2024-07-18,2024-07-18,during_market,2024-06-18,2024-07-17,2024-07-11,2024-07-17,2024-07-18,2024-07-19,2024-07-18,2024-07-23,2024-07-18,2024-07-25,2024-07-25,2024-08-15,2024-07-18,2024-08-15,True,402,3
499,BWqKW5FhMPU,The Investor Channel,AMD,buy,2024-04-30T21:52:47Z,2024-04-30T21:53:10.359000+00:00,2024-04-30,2024-04-30,after_close,2024-04-02,2024-04-29,2024-04-23,2024-04-29,2024-04-30,2024-05-01,2024-04-30,2024-05-03,2024-04-30,2024-05-07,2024-05-07,2024-05-29,2024-04-30,2024-05-29,True,403,1
500,EBmGIYljxE8,"Mark Roussin, CPA",CRM,buy,2024-12-28T16:00:18Z,2024-12-28T16:01:48.640000+00:00,2024-12-28,2024-12-30,weekend_or_holiday,2024-11-29,2024-12-27,2024-12-20,2024-12-27,2024-12-30,2024-12-31,2024-12-30,2025-01-03,2024-12-30,2025-01-07,2025-01-07,2025-01-30,2024-12-30,2025-01-30,False,404,1
501,EBmGIYljxE8,"Mark Roussin, CPA",AMD,buy,2024-12-28T16:00:18Z,2024-12-28T16:10:32.160000+00:00,2024-12-28,2024-12-30,weekend_or_holiday,2024-11-29,2024-12-27,2024-12-20,2024-12-27,2024-12-30,2024-12-31,2024-12-30,2025-01-03,2024-12-30,2025-01-07,2025-01-07,2025-01-30,2024-12-30,2025-01-30,False,405,1
502,EFs06gRjeng,"Mark Roussin, CPA",AAPL,sell,2025-01-07T16:00:10Z,2025-01-07T16:02:11.880000+00:00,2025-01-07,2025-01-07,during_market,2024-12-06,2025-01-06,2024-12-30,2025-01-06,2025-01-07,2025-01-08,2025-01-07,2025-01-13,2025-01-07,2025-01-15,2025-01-15,2025-02-06,2025-01-07,2025-02-06,True,406,1
503,Ecya2aXzbIQ,Couch Investor,NVDA,buy,2025-11-19T15:12:58Z,2025-11-19T16:29:44.159000+00:00,2025-11-19,2025-11-19,during_market,2025-10-22,2025-11-18,2025-11-12,2025-11-18,2025-11-19,2025-11-20,2025-11-19,2025-11-24,2025-11-19,2025-11-26,2025-11-26,2025-12-18,2025-11-19,2025-12-18,True,392,3
504,IGq1dbxALWw,Daniel Pronk,TSLA,sell,2024-07-24T21:53:56Z,2024-07-24T22:10:14.519000+00:00,2024-07-24,2024-07-24,after_close,2024-06-25,2024-07-23,2024-07-17,2024-07-23,2024-07-24,2024-07-25,2024-07-24,2024-07-29,2024-07-24,2024-07-31,2024-07-31,2024-08-21,2024-07-24,2024-08-21,True,407,1
505,JYfll2c5rwk,The Investor Channel,TSLA,buy,2024-04-24T00:02:17Z,2024-04-24T00:20:04.320000+00:00,2024-04-24,2024-04-24,after_close,2024-03-26,2024-04-23,2024-04-17,2024-04-23,2024-04-24,2024-04-25,2024-04-24,2024-04-29,2024-04-24,2024-05-01,2024-05-01,2024-05-22,2024-04-24,2024-05-22,True,408,1
506,Jk4AD9iZjPI,Couch Investor,GOOGL,buy,2025-11-25T15:12:03Z,2025-11-25T15:39:41.920000+00:00,2025-11-25,2025-11-25,during_market,2025-10-28,2025-11-24,2025-11-18,2025-11-24,2025-11-25,2025-11-26,2025-11-25,2025-12-01,2025-11-25,2025-12-03,2025-12-03,2025-12-24,2025-11-25,2025-12-24,True,409,2
507,Jk4AD9iZjPI,Couch Investor,GOOGL,buy,2025-11-25T15:12:03Z,2025-11-25T16:00:43.320000+00:00,2025-11-25,2025-11-25,during_market,2025-10-28,2025-11-24,2025-11-18,2025-11-24,2025-11-25,2025-11-26,2025-11-25,2025-12-01,2025-11-25,2025-12-03,2025-12-03,2025-12-24,2025-11-25,2025-12-24,True,409,2
508,Jk4AD9iZjPI,Couch Investor,NVDA,sell,2025-11-25T15:12:03Z,2025-11-25T15:46:10.240000+00:00,2025-11-25,2025-11-25,during_market,2025-10-28,2025-11-24,2025-11-18,2025-11-24,2025-11-25,2025-11-26,2025-11-25,2025-12-01,2025-11-25,2025-12-03,2025-12-03,2025-12-24,2025-11-25,2025-12-24,True,410,1
509,Jk4AD9iZjPI,Couch Investor,AMD,buy,2025-11-25T15:12:03Z,2025-11-25T15:36:14.600000+00:00,2025-11-25,2025-11-25,during_market,2025-10-28,2025-11-24,2025-11-18,2025-11-24,2025-11-25,2025-11-26,2025-11-25,2025-12-01,2025-11-25,2025-12-03,2025-12-03,2025-12-24,2025-11-25,2025-12-24,True,411,2
510,Jk4AD9iZjPI,Couch Investor,AMD,sell,2025-11-25T15:12:03Z,2025-11-25T16:00:43.320000+00:00,2025-11-25,2025-11-25,during_market,2025-10-28,2025-11-24,2025-11-18,2025-11-24,2025-11-25,2025-11-26,2025-11-25,2025-12-01,2025-11-25,2025-12-03,2025-12-03,2025-12-24,2025-11-25,2025-12-24,True,411,2
511,Jk4AD9iZjPI,Couch Investor,PYPL,buy,2025-11-25T15:12:03Z,2025-11-25T15:53:01.200000+00:00,2025-11-25,2025-11-25,during_market,2025-10-28,2025-11-24,2025-11-18,2025-11-24,2025-11-25,2025-11-26,2025-11-25,2025-12-01,2025-11-25,2025-12-03,2025-12-03,2025-12-24,2025-11-25,2025-12-24,True,412,1
512,Jk4AD9iZjPI,Couch Investor,MSFT,buy,2025-11-25T15:12:03Z,2025-11-25T15:49:09.720000+00:00,2025-11-25,2025-11-25,during_market,2025-10-28,2025-11-24,2025-11-18,2025-11-24,2025-11-25,2025-11-26,2025-11-25,2025-12-01,2025-11-25,2025-12-03,2025-12-03,2025-12-24,2025-11-25,2025-12-24,True,413,1
513,Jk4AD9iZjPI,Couch Investor,META,sell,2025-11-25T15:12:03Z,2025-11-25T16:02:31.720000+00:00,2025-11-25,2025-11-25,during_market,2025-10-28,2025-11-24,2025-11-18,2025-11-24,2025-11-25,2025-11-26,2025-11-25,2025-12-01,2025-11-25,2025-12-03,2025-12-03,2025-12-24,2025-11-25,2025-12-24,True,414,2
514,Jk4AD9iZjPI,Couch Investor,META,buy,2025-11-25T15:12:03Z,2025-11-25T16:06:06.880000+00:00,2025-11-25,2025-11-25,during_market,2025-10-28,2025-11-24,2025-11-18,2025-11-24,2025-11-25,2025-11-26,2025-11-25,2025-12-01,2025-11-25,2025-12-03,2025-12-03,2025-12-24,2025-11-25,2025-12-24,True,414,2
515,KFZsdeOBIGo,Dividendology,MSFT,buy,2025-06-18T14:00:03Z,2025-06-18T14:00:44.120000+00:00,2025-06-18,2025-06-18,before_open,2025-05-20,2025-06-17,2025-06-11,2025-06-17,2025-06-18,2025-06-20,2025-06-18,2025-06-24,2025-06-18,2025-06-26,2025-06-26,2025-07-18,2025-06-18,2025-07-18,False,415,1
516,KVZG8lFsusw,"Mark Roussin, CPA",TSLA,buy,2024-11-06T23:53:38Z,2024-11-07T00:18:33.320000+00:00,2024-11-06,2024-11-06,after_close,2024-10-09,2024-11-05,2024-10-30,2024-11-05,2024-11-06,2024-11-07,2024-11-06,2024-11-11,2024-11-06,2024-11-13,2024-11-13,2024-12-05,2024-11-06,2024-12-05,True,416,1
517,M0LVn5AuRtE,Couch Investor,GOOGL,buy,2025-11-18T15:19:21Z,2025-11-18T15:52:25.399000+00:00,2025-11-18,2025-11-18,during_market,2025-10-21,2025-11-17,2025-11-11,2025-11-17,2025-11-18,2025-11-19,2025-11-18,2025-11-21,2025-11-18,2025-11-25,2025-11-25,2025-12-17,2025-11-18,2025-12-17,True,417,1
518,M0LVn5AuRtE,Couch Investor,PYPL,buy,2025-11-18T15:19:21Z,2025-11-18T16:03:16.599000+00:00,2025-11-18,2025-11-18,during_market,2025-10-21,2025-11-17,2025-11-11,2025-11-17,2025-11-18,2025-11-19,2025-11-18,2025-11-21,2025-11-18,2025-11-25,2025-11-25,2025-12-17,2025-11-18,2025-12-17,True,418,3
519,M0LVn5AuRtE,Couch Investor,PYPL,sell,2025-11-18T15:19:21Z,2025-11-18T16:40:30.120000+00:00,2025-11-18,2025-11-18,during_market,2025-10-21,2025-11-17,2025-11-11,2025-11-17,2025-11-18,2025-11-19,2025-11-18,2025-11-21,2025-11-18,2025-11-25,2025-11-25,2025-12-17,2025-11-18,2025-12-17,True,418,3
520,M0LVn5AuRtE,Couch Investor,PYPL,buy,2025-11-18T15:19:21Z,2025-11-18T16:46:14.520000+00:00,2025-11-18,2025-11-18,during_market,2025-10-21,2025-11-17,2025-11-11,2025-11-17,2025-11-18,2025-11-19,2025-11-18,2025-11-21,2025-11-18,2025-11-25,2025-11-25,2025-12-17,2025-11-18,2025-12-17,True,418,3
521,M0LVn5AuRtE,Couch Investor,META,buy,2025-11-18T15:19:21Z,2025-11-18T16:07:47.319000+00:00,2025-11-18,2025-11-18,during_market,2025-10-21,2025-11-17,2025-11-11,2025-11-17,2025-11-18,2025-11-19,2025-11-18,2025-11-21,2025-11-18,2025-11-25,2025-11-25,2025-12-17,2025-11-18,2025-12-17,True,419,1
522,QWuUXX2SotE,The Investor Channel,PYPL,buy,2024-04-30T17:03:55Z,2024-04-30T17:05:15.159000+00:00,2024-04-30,2024-04-30,during_market,2024-04-02,2024-04-29,2024-04-23,2024-04-29,2024-04-30,2024-05-01,2024-04-30,2024-05-03,2024-04-30,2024-05-07,2024-05-07,2024-05-29,2024-04-30,2024-05-29,True,420,1
523,WSsgV5bChu8,"Value Investing with Sven Carlin, Ph.D.",TSLA,sell,2025-04-25T17:00:38Z,2025-04-25T17:30:33.200000+00:00,2025-04-25,2025-04-25,during_market,2025-03-27,2025-04-24,2025-04-17,2025-04-24,2025-04-25,2025-04-28,2025-04-25,2025-04-30,2025-04-25,2025-05-02,2025-05-02,2025-05-23,2025-04-25,2025-05-23,True,421,1
524,X9Uzxwt5qzo,Jose Najarro Stocks,TSLA,buy,2025-10-22T23:33:54Z,2025-10-23T00:04:46.640000+00:00,2025-10-22,2025-10-22,after_close,2025-09-24,2025-10-21,2025-10-15,2025-10-21,2025-10-22,2025-10-23,2025-10-22,2025-10-27,2025-10-22,2025-10-29,2025-10-29,2025-11-19,2025-10-22,2025-11-19,True,422,8
525,X9Uzxwt5qzo,Jose Najarro Stocks,TSLA,buy,2025-10-22T23:33:54Z,2025-10-23T00:20:54.960000+00:00,2025-10-22,2025-10-22,after_close,2025-09-24,2025-10-21,2025-10-15,2025-10-21,2025-10-22,2025-10-23,2025-10-22,2025-10-27,2025-10-22,2025-10-29,2025-10-29,2025-11-19,2025-10-22,2025-11-19,True,422,8
526,X9Uzxwt5qzo,Jose Najarro Stocks,TSLA,buy,2025-10-22T23:33:54Z,2025-10-23T01:54:40.800000+00:00,2025-10-22,2025-10-22,after_close,2025-09-24,2025-10-21,2025-10-15,2025-10-21,2025-10-22,2025-10-23,2025-10-22,2025-10-27,2025-10-22,2025-10-29,2025-10-29,2025-11-19,2025-10-22,2025-11-19,True,422,8
527,X9Uzxwt5qzo,Jose Najarro Stocks,TSLA,buy,2025-10-22T23:33:54Z,2025-10-23T02:32:59.120000+00:00,2025-10-22,2025-10-22,after_close,2025-09-24,2025-10-21,2025-10-15,2025-10-21,2025-10-22,2025-10-23,2025-10-22,2025-10-27,2025-10-22,2025-10-29,2025-10-29,2025-11-19,2025-10-22,2025-11-19,True,422,8
528,X9Uzxwt5qzo,Jose Najarro Stocks,TSLA,buy,2025-10-22T23:33:54Z,2025-10-23T02:34:03.040000+00:00,2025-10-22,2025-10-22,after_close,2025-09-24,2025-10-21,2025-10-15,2025-10-21,2025-10-22,2025-10-23,2025-10-22,2025-10-27,2025-10-22,2025-10-29,2025-10-29,2025-11-19,2025-10-22,2025-11-19,True,422,8
529,X9Uzxwt5qzo,Jose Najarro Stocks,TSLA,buy,2025-10-22T23:33:54Z,2025-10-23T02:53:48.640000+00:00,2025-10-22,2025-10-22,after_close,2025-09-24,2025-10-21,2025-10-15,2025-10-21,2025-10-22,2025-10-23,2025-10-22,2025-10-27,2025-10-22,2025-10-29,2025-10-29,2025-11-19,2025-10-22,2025-11-19,True,422,8
530,X9Uzxwt5qzo,Jose Najarro Stocks,TSLA,buy,2025-10-22T23:33:54Z,2025-10-23T02:59:34.560000+00:00,2025-10-22,2025-10-22,after_close,2025-09-24,2025-10-21,2025-10-15,2025-10-21,2025-10-22,2025-10-23,2025-10-22,2025-10-27,2025-10-22,2025-10-29,2025-10-29,2025-11-19,2025-10-22,2025-11-19,True,422,8
531,X9Uzxwt5qzo,Jose Najarro Stocks,TSLA,buy,2025-10-22T23:33:54Z,2025-10-23T03:04:14.399000+00:00,2025-10-22,2025-10-22,after_close,2025-09-24,2025-10-21,2025-10-15,2025-10-21,2025-10-22,2025-10-23,2025-10-22,2025-10-27,2025-10-22,2025-10-29,2025-10-29,2025-11-19,2025-10-22,2025-11-19,True,422,8
532,X9Uzxwt5qzo,Jose Najarro Stocks,NVDA,buy,2025-10-22T23:33:54Z,2025-10-23T00:19:49.119000+00:00,2025-10-22,2025-10-22,after_close,2025-09-24,2025-10-21,2025-10-15,2025-10-21,2025-10-22,2025-10-23,2025-10-22,2025-10-27,2025-10-22,2025-10-29,2025-10-29,2025-11-19,2025-10-22,2025-11-19,True,423,1
533,X9Uzxwt5qzo,Jose Najarro Stocks,AMZN,buy,2025-10-22T23:33:54Z,2025-10-23T03:03:49.200000+00:00,2025-10-22,2025-10-22,after_close,2025-09-24,2025-10-21,2025-10-15,2025-10-21,2025-10-22,2025-10-23,2025-10-22,2025-10-27,2025-10-22,2025-10-29,2025-10-29,2025-11-19,2025-10-22,2025-11-19,True,424,1
534,dGPgChUSbDY,"Parkev Tatevosian, CFA",NFLX,sell,2026-03-29T14:45:06Z,2026-03-29T14:45:06.360000+00:00,2026-03-29,2026-03-30,weekend_or_holiday,2026-03-02,2026-03-27,2026-03-23,2026-03-27,2026-03-30,2026-03-31,2026-03-30,2026-04-02,2026-03-30,2026-04-07,2026-04-07,2026-04-28,2026-03-30,2026-04-28,False,425,2
535,dGPgChUSbDY,"Parkev Tatevosian, CFA",NFLX,buy,2026-03-29T14:45:06Z,2026-03-29T14:50:49.320000+00:00,2026-03-29,2026-03-30,weekend_or_holiday,2026-03-02,2026-03-27,2026-03-23,2026-03-27,2026-03-30,2026-03-31,2026-03-30,2026-04-02,2026-03-30,2026-04-07,2026-04-07,2026-04-28,2026-03-30,2026-04-28,False,425,2
536,eNw6yS2Y56s,"Mark Roussin, CPA",NVDA,buy,2024-12-14T15:30:11Z,2024-12-14T15:38:29.840000+00:00,2024-12-14,2024-12-16,weekend_or_holiday,2024-11-15,2024-12-13,2024-12-09,2024-12-13,2024-12-16,2024-12-17,2024-12-16,2024-12-19,2024-12-16,2024-12-23,2024-12-23,2025-01-16,2024-12-16,2025-01-16,False,426,1
537,eNw6yS2Y56s,"Mark Roussin, CPA",AMD,buy,2024-12-14T15:30:11Z,2024-12-14T15:35:02.360000+00:00,2024-12-14,2024-12-16,weekend_or_holiday,2024-11-15,2024-12-13,2024-12-09,2024-12-13,2024-12-16,2024-12-17,2024-12-16,2024-12-19,2024-12-16,2024-12-23,2024-12-23,2025-01-16,2024-12-16,2025-01-16,False,427,2
538,eNw6yS2Y56s,"Mark Roussin, CPA",AMD,buy,2024-12-14T15:30:11Z,2024-12-14T15:38:29.840000+00:00,2024-12-14,2024-12-16,weekend_or_holiday,2024-11-15,2024-12-13,2024-12-09,2024-12-13,2024-12-16,2024-12-17,2024-12-16,2024-12-19,2024-12-16,2024-12-23,2024-12-23,2025-01-16,2024-12-16,2025-01-16,False,427,2
539,eNw6yS2Y56s,"Mark Roussin, CPA",AMZN,buy,2024-12-14T15:30:11Z,2024-12-14T15:37:29.360000+00:00,2024-12-14,2024-12-16,weekend_or_holiday,2024-11-15,2024-12-13,2024-12-09,2024-12-13,2024-12-16,2024-12-17,2024-12-16,2024-12-19,2024-12-16,2024-12-23,2024-12-23,2025-01-16,2024-12-16,2025-01-16,False,428,1
540,eNw6yS2Y56s,"Mark Roussin, CPA",UBER,buy,2024-12-14T15:30:11Z,2024-12-14T15:40:28.600000+00:00,2024-12-14,2024-12-16,weekend_or_holiday,2024-11-15,2024-12-13,2024-12-09,2024-12-13,2024-12-16,2024-12-17,2024-12-16,2024-12-19,2024-12-16,2024-12-23,2024-12-23,2025-01-16,2024-12-16,2025-01-16,False,429,1
541,eNw6yS2Y56s,"Mark Roussin, CPA",GOOGL,buy,2024-12-14T15:30:11Z,2024-12-14T15:43:00.480000+00:00,2024-12-14,2024-12-16,weekend_or_holiday,2024-11-15,2024-12-13,2024-12-09,2024-12-13,2024-12-16,2024-12-17,2024-12-16,2024-12-19,2024-12-16,2024-12-23,2024-12-23,2025-01-16,2024-12-16,2025-01-16,False,430,2
542,eNw6yS2Y56s,"Mark Roussin, CPA",GOOGL,buy,2024-12-14T15:30:11Z,2024-12-14T15:43:58.360000+00:00,2024-12-14,2024-12-16,weekend_or_holiday,2024-11-15,2024-12-13,2024-12-09,2024-12-13,2024-12-16,2024-12-17,2024-12-16,2024-12-19,2024-12-16,2024-12-23,2024-12-23,2025-01-16,2024-12-16,2025-01-16,False,430,2
543,eNw6yS2Y56s,"Mark Roussin, CPA",SQ,buy,2024-12-14T15:30:11Z,2024-12-14T15:55:39.399000+00:00,2024-12-14,,weekend_or_holiday,,,,,,,,,,,,,,,False,431,1
544,eggEEC821zU,The Investor Channel,MSFT,buy,2024-04-13T00:56:09Z,2024-04-13T01:01:01.280000+00:00,2024-04-13,2024-04-15,weekend_or_holiday,2024-03-15,2024-04-12,2024-04-08,2024-04-12,2024-04-15,2024-04-16,2024-04-15,2024-04-18,2024-04-15,2024-04-22,2024-04-22,2024-05-13,2024-04-15,2024-05-13,False,432,2
545,eggEEC821zU,The Investor Channel,MSFT,buy,2024-04-13T00:56:09Z,2024-04-13T01:13:18.880000+00:00,2024-04-13,2024-04-15,weekend_or_holiday,2024-03-15,2024-04-12,2024-04-08,2024-04-12,2024-04-15,2024-04-16,2024-04-15,2024-04-18,2024-04-15,2024-04-22,2024-04-22,2024-05-13,2024-04-15,2024-05-13,False,432,2
546,eggEEC821zU,The Investor Channel,AMZN,buy,2024-04-13T00:56:09Z,2024-04-13T01:01:08.840000+00:00,2024-04-13,2024-04-15,weekend_or_holiday,2024-03-15,2024-04-12,2024-04-08,2024-04-12,2024-04-15,2024-04-16,2024-04-15,2024-04-18,2024-04-15,2024-04-22,2024-04-22,2024-05-13,2024-04-15,2024-05-13,False,433,1
547,eggEEC821zU,The Investor Channel,TSLA,buy,2024-04-13T00:56:09Z,2024-04-13T01:13:48.080000+00:00,2024-04-13,2024-04-15,weekend_or_holiday,2024-03-15,2024-04-12,2024-04-08,2024-04-12,2024-04-15,2024-04-16,2024-04-15,2024-04-18,2024-04-15,2024-04-22,2024-04-22,2024-05-13,2024-04-15,2024-05-13,False,434,1
548,eggEEC821zU,The Investor Channel,NFLX,buy,2024-04-13T00:56:09Z,2024-04-13T01:11:52.480000+00:00,2024-04-13,2024-04-15,weekend_or_holiday,2024-03-15,2024-04-12,2024-04-08,2024-04-12,2024-04-15,2024-04-16,2024-04-15,2024-04-18,2024-04-15,2024-04-22,2024-04-22,2024-05-13,2024-04-15,2024-05-13,False,435,1
549,h-e9icfFDRg,"Mark Roussin, CPA",NVDA,sell,2024-11-23T16:00:29Z,2024-11-23T16:00:29.160000+00:00,2024-11-23,2024-11-25,weekend_or_holiday,2024-10-28,2024-11-22,2024-11-18,2024-11-22,2024-11-25,2024-11-26,2024-11-25,2024-11-29,2024-11-25,2024-12-03,2024-12-03,2024-12-24,2024-11-25,2024-12-24,False,436,1
550,h-e9icfFDRg,"Mark Roussin, CPA",MSFT,buy,2024-11-23T16:00:29Z,2024-11-23T16:01:29.719000+00:00,2024-11-23,2024-11-25,weekend_or_holiday,2024-10-28,2024-11-22,2024-11-18,2024-11-22,2024-11-25,2024-11-26,2024-11-25,2024-11-29,2024-11-25,2024-12-03,2024-12-03,2024-12-24,2024-11-25,2024-12-24,False,437,2
551,h-e9icfFDRg,"Mark Roussin, CPA",MSFT,buy,2024-11-23T16:00:29Z,2024-11-23T16:03:36.519000+00:00,2024-11-23,2024-11-25,weekend_or_holiday,2024-10-28,2024-11-22,2024-11-18,2024-11-22,2024-11-25,2024-11-26,2024-11-25,2024-11-29,2024-11-25,2024-12-03,2024-12-03,2024-12-24,2024-11-25,2024-12-24,False,437,2
552,h-e9icfFDRg,"Mark Roussin, CPA",AAPL,buy,2024-11-23T16:00:29Z,2024-11-23T16:09:12.839000+00:00,2024-11-23,2024-11-25,weekend_or_holiday,2024-10-28,2024-11-22,2024-11-18,2024-11-22,2024-11-25,2024-11-26,2024-11-25,2024-11-29,2024-11-25,2024-12-03,2024-12-03,2024-12-24,2024-11-25,2024-12-24,False,438,2
553,h-e9icfFDRg,"Mark Roussin, CPA",AAPL,buy,2024-11-23T16:00:29Z,2024-11-23T16:12:38.760000+00:00,2024-11-23,2024-11-25,weekend_or_holiday,2024-10-28,2024-11-22,2024-11-18,2024-11-22,2024-11-25,2024-11-26,2024-11-25,2024-11-29,2024-11-25,2024-12-03,2024-12-03,2024-12-24,2024-11-25,2024-12-24,False,438,2
554,mHYihT3g6wE,"Mark Roussin, CPA",UBER,buy,2024-11-16T15:51:51Z,2024-11-16T16:06:14.440000+00:00,2024-11-16,2024-11-18,weekend_or_holiday,2024-10-21,2024-11-15,2024-11-11,2024-11-15,2024-11-18,2024-11-19,2024-11-18,2024-11-21,2024-11-18,2024-11-25,2024-11-25,2024-12-17,2024-11-18,2024-12-17,False,439,1
555,nGu7J4V2yGQ,Jose Najarro Stocks,AMD,sell,2025-11-04T23:16:38Z,2025-11-04T23:26:51.680000+00:00,2025-11-04,2025-11-04,after_close,2025-10-07,2025-11-03,2025-10-28,2025-11-03,2025-11-04,2025-11-05,2025-11-04,2025-11-07,2025-11-04,2025-11-11,2025-11-11,2025-12-03,2025-11-04,2025-12-03,True,440,4
556,nGu7J4V2yGQ,Jose Najarro Stocks,AMD,buy,2025-11-04T23:16:38Z,2025-11-04T23:47:04+00:00,2025-11-04,2025-11-04,after_close,2025-10-07,2025-11-03,2025-10-28,2025-11-03,2025-11-04,2025-11-05,2025-11-04,2025-11-07,2025-11-04,2025-11-11,2025-11-11,2025-12-03,2025-11-04,2025-12-03,True,440,4
557,nGu7J4V2yGQ,Jose Najarro Stocks,AMD,buy,2025-11-04T23:16:38Z,2025-11-04T23:49:35.240000+00:00,2025-11-04,2025-11-04,after_close,2025-10-07,2025-11-03,2025-10-28,2025-11-03,2025-11-04,2025-11-05,2025-11-04,2025-11-07,2025-11-04,2025-11-11,2025-11-11,2025-12-03,2025-11-04,2025-12-03,True,440,4
558,nGu7J4V2yGQ,Jose Najarro Stocks,AMD,buy,2025-11-04T23:16:38Z,2025-11-05T00:11:10.040000+00:00,2025-11-04,2025-11-04,after_close,2025-10-07,2025-11-03,2025-10-28,2025-11-03,2025-11-04,2025-11-05,2025-11-04,2025-11-07,2025-11-04,2025-11-11,2025-11-11,2025-12-03,2025-11-04,2025-12-03,True,440,4
559,nGu7J4V2yGQ,Jose Najarro Stocks,PLTR,buy,2025-11-04T23:16:38Z,2025-11-05T00:13:56.640000+00:00,2025-11-04,2025-11-04,after_close,2025-10-07,2025-11-03,2025-10-28,2025-11-03,2025-11-04,2025-11-05,2025-11-04,2025-11-07,2025-11-04,2025-11-11,2025-11-11,2025-12-03,2025-11-04,2025-12-03,True,441,4
560,oixTTXv5JFo,Jose Najarro Stocks,NVDA,sell,2025-11-04T15:06:42Z,2025-11-04T15:12:04.240000+00:00,2025-11-04,2025-11-04,during_market,2025-10-07,2025-11-03,2025-10-28,2025-11-03,2025-11-04,2025-11-05,2025-11-04,2025-11-07,2025-11-04,2025-11-11,2025-11-11,2025-12-03,2025-11-04,2025-12-03,True,442,2
561,oixTTXv5JFo,Jose Najarro Stocks,NVDA,sell,2025-11-04T15:06:42Z,2025-11-04T15:33:07.880000+00:00,2025-11-04,2025-11-04,during_market,2025-10-07,2025-11-03,2025-10-28,2025-11-03,2025-11-04,2025-11-05,2025-11-04,2025-11-07,2025-11-04,2025-11-11,2025-11-11,2025-12-03,2025-11-04,2025-12-03,True,442,2
562,oixTTXv5JFo,Jose Najarro Stocks,PLTR,sell,2025-11-04T15:06:42Z,2025-11-04T15:12:30.680000+00:00,2025-11-04,2025-11-04,during_market,2025-10-07,2025-11-03,2025-10-28,2025-11-03,2025-11-04,2025-11-05,2025-11-04,2025-11-07,2025-11-04,2025-11-11,2025-11-11,2025-12-03,2025-11-04,2025-12-03,True,441,4
563,oixTTXv5JFo,Jose Najarro Stocks,PLTR,buy,2025-11-04T15:06:42Z,2025-11-04T15:59:15.840000+00:00,2025-11-04,2025-11-04,during_market,2025-10-07,2025-11-03,2025-10-28,2025-11-03,2025-11-04,2025-11-05,2025-11-04,2025-11-07,2025-11-04,2025-11-11,2025-11-11,2025-12-03,2025-11-04,2025-12-03,True,441,4
564,oixTTXv5JFo,Jose Najarro Stocks,PLTR,sell,2025-11-04T15:06:42Z,2025-11-04T16:17:06+00:00,2025-11-04,2025-11-04,during_market,2025-10-07,2025-11-03,2025-10-28,2025-11-03,2025-11-04,2025-11-05,2025-11-04,2025-11-07,2025-11-04,2025-11-11,2025-11-11,2025-12-03,2025-11-04,2025-12-03,True,441,4
565,oixTTXv5JFo,Jose Najarro Stocks,META,sell,2025-11-04T15:06:42Z,2025-11-04T15:33:05.280000+00:00,2025-11-04,2025-11-04,during_market,2025-10-07,2025-11-03,2025-10-28,2025-11-03,2025-11-04,2025-11-05,2025-11-04,2025-11-07,2025-11-04,2025-11-11,2025-11-11,2025-12-03,2025-11-04,2025-12-03,True,443,1
566,oixTTXv5JFo,Jose Najarro Stocks,GOOGL,sell,2025-11-04T15:06:42Z,2025-11-04T15:33:05.280000+00:00,2025-11-04,2025-11-04,during_market,2025-10-07,2025-11-03,2025-10-28,2025-11-03,2025-11-04,2025-11-05,2025-11-04,2025-11-07,2025-11-04,2025-11-11,2025-11-11,2025-12-03,2025-11-04,2025-12-03,True,444,1
567,qH6EtG6cMdg,The Investor Channel,NVDA,buy,2024-04-19T21:34:49Z,2024-04-19T22:03:14.360000+00:00,2024-04-19,2024-04-19,after_close,2024-03-21,2024-04-18,2024-04-12,2024-04-18,2024-04-19,2024-04-22,2024-04-19,2024-04-24,2024-04-19,2024-04-26,2024-04-26,2024-05-17,2024-04-19,2024-05-17,True,445,1
568,rQOt1FluT8Q,Daniel Pronk,AMZN,buy,2024-07-11T17:49:40Z,2024-07-11T18:13:46.240000+00:00,2024-07-11,2024-07-11,during_market,2024-06-11,2024-07-10,2024-07-03,2024-07-10,2024-07-11,2024-07-12,2024-07-11,2024-07-16,2024-07-11,2024-07-18,2024-07-18,2024-08-08,2024-07-11,2024-08-08,True,446,1
569,-TOHi_Y2UpQ,Couch Investor,SOFI,sell,2025-12-16T15:39:56Z,2025-12-16T17:37:52.480000+00:00,2025-12-16,2025-12-16,during_market,2025-11-17,2025-12-15,2025-12-09,2025-12-15,2025-12-16,2025-12-17,2025-12-16,2025-12-19,2025-12-16,2025-12-23,2025-12-23,2026-01-15,2025-12-16,2026-01-15,True,447,1
570,0sKFt_JMcTY,The Investor Channel,NVDA,sell,2024-06-12T21:25:25Z,2024-06-12T21:28:38.760000+00:00,2024-06-12,2024-06-12,after_close,2024-05-14,2024-06-11,2024-06-05,2024-06-11,2024-06-12,2024-06-13,2024-06-12,2024-06-17,2024-06-12,2024-06-20,2024-06-20,2024-07-12,2024-06-12,2024-07-12,True,448,1
571,0xLoc5ZFIMU,"Mark Roussin, CPA",CRM,buy,2025-03-01T16:00:03Z,2025-03-01T16:05:26.840000+00:00,2025-03-01,2025-03-03,weekend_or_holiday,2025-01-31,2025-02-28,2025-02-24,2025-02-28,2025-03-03,2025-03-04,2025-03-03,2025-03-06,2025-03-03,2025-03-10,2025-03-10,2025-03-31,2025-03-03,2025-03-31,False,449,1
572,0xLoc5ZFIMU,"Mark Roussin, CPA",AMZN,buy,2025-03-01T16:00:03Z,2025-03-01T16:05:48.840000+00:00,2025-03-01,2025-03-03,weekend_or_holiday,2025-01-31,2025-02-28,2025-02-24,2025-02-28,2025-03-03,2025-03-04,2025-03-03,2025-03-06,2025-03-03,2025-03-10,2025-03-10,2025-03-31,2025-03-03,2025-03-31,False,450,3
573,0xLoc5ZFIMU,"Mark Roussin, CPA",AMZN,sell,2025-03-01T16:00:03Z,2025-03-01T16:08:06.560000+00:00,2025-03-01,2025-03-03,weekend_or_holiday,2025-01-31,2025-02-28,2025-02-24,2025-02-28,2025-03-03,2025-03-04,2025-03-03,2025-03-06,2025-03-03,2025-03-10,2025-03-10,2025-03-31,2025-03-03,2025-03-31,False,450,3
574,0xLoc5ZFIMU,"Mark Roussin, CPA",AMZN,buy,2025-03-01T16:00:03Z,2025-03-01T16:09:27.040000+00:00,2025-03-01,2025-03-03,weekend_or_holiday,2025-01-31,2025-02-28,2025-02-24,2025-02-28,2025-03-03,2025-03-04,2025-03-03,2025-03-06,2025-03-03,2025-03-10,2025-03-10,2025-03-31,2025-03-03,2025-03-31,False,450,3
575,0xLoc5ZFIMU,"Mark Roussin, CPA",NVDA,buy,2025-03-01T16:00:03Z,2025-03-01T16:12:42.600000+00:00,2025-03-01,2025-03-03,weekend_or_holiday,2025-01-31,2025-02-28,2025-02-24,2025-02-28,2025-03-03,2025-03-04,2025-03-03,2025-03-06,2025-03-03,2025-03-10,2025-03-10,2025-03-31,2025-03-03,2025-03-31,False,451,1
576,0xLoc5ZFIMU,"Mark Roussin, CPA",PYPL,buy,2025-03-01T16:00:03Z,2025-03-01T16:13:15.720000+00:00,2025-03-01,2025-03-03,weekend_or_holiday,2025-01-31,2025-02-28,2025-02-24,2025-02-28,2025-03-03,2025-03-04,2025-03-03,2025-03-06,2025-03-03,2025-03-10,2025-03-10,2025-03-31,2025-03-03,2025-03-31,False,452,1
577,1EawsAPK3Dc,"Mark Roussin, CPA",NVDA,sell,2025-01-30T00:49:28Z,2025-01-30T00:55:24.600000+00:00,2025-01-30,2025-01-30,after_close,2024-12-30,2025-01-29,2025-01-23,2025-01-29,2025-01-30,2025-01-31,2025-01-30,2025-02-04,2025-01-30,2025-02-06,2025-02-06,2025-02-28,2025-01-30,2025-02-28,True,453,1
578,5K5AbqFlvDo,"Mark Roussin, CPA",AMZN,buy,2025-02-04T16:00:05Z,2025-02-04T16:08:21+00:00,2025-02-04,2025-02-04,during_market,2025-01-03,2025-02-03,2025-01-28,2025-02-03,2025-02-04,2025-02-05,2025-02-04,2025-02-07,2025-02-04,2025-02-11,2025-02-11,2025-03-05,2025-02-04,2025-03-05,True,454,1
579,5KczevwSTvA,Couch Investor,NFLX,buy,2025-12-15T15:43:02Z,2025-12-15T17:11:38.320000+00:00,2025-12-15,2025-12-15,during_market,2025-11-14,2025-12-12,2025-12-08,2025-12-12,2025-12-15,2025-12-16,2025-12-15,2025-12-18,2025-12-15,2025-12-22,2025-12-22,2026-01-14,2025-12-15,2026-01-14,True,455,1
580,5KczevwSTvA,Couch Investor,TSLA,buy,2025-12-15T15:43:02Z,2025-12-15T17:30:26.800000+00:00,2025-12-15,2025-12-15,during_market,2025-11-14,2025-12-12,2025-12-08,2025-12-12,2025-12-15,2025-12-16,2025-12-15,2025-12-18,2025-12-15,2025-12-22,2025-12-22,2026-01-14,2025-12-15,2026-01-14,True,456,1
581,5SwfsZKX0Wk,Jose Najarro Stocks,NVDA,buy,2025-11-19T23:28:26Z,2025-11-19T23:57:28.159000+00:00,2025-11-19,2025-11-19,after_close,2025-10-22,2025-11-18,2025-11-12,2025-11-18,2025-11-19,2025-11-20,2025-11-19,2025-11-24,2025-11-19,2025-11-26,2025-11-26,2025-12-18,2025-11-19,2025-12-18,True,457,3
582,5SwfsZKX0Wk,Jose Najarro Stocks,NVDA,buy,2025-11-19T23:28:26Z,2025-11-20T00:30:22.880000+00:00,2025-11-19,2025-11-19,after_close,2025-10-22,2025-11-18,2025-11-12,2025-11-18,2025-11-19,2025-11-20,2025-11-19,2025-11-24,2025-11-19,2025-11-26,2025-11-26,2025-12-18,2025-11-19,2025-12-18,True,457,3
583,5SwfsZKX0Wk,Jose Najarro Stocks,NVDA,buy,2025-11-19T23:28:26Z,2025-11-20T00:36:49.040000+00:00,2025-11-19,2025-11-19,after_close,2025-10-22,2025-11-18,2025-11-12,2025-11-18,2025-11-19,2025-11-20,2025-11-19,2025-11-24,2025-11-19,2025-11-26,2025-11-26,2025-12-18,2025-11-19,2025-12-18,True,457,3
584,5ZPmwYaROH4,"Value Investing with Sven Carlin, Ph.D.",AAPL,sell,2025-09-08T12:00:17Z,2025-09-08T12:02:34.840000+00:00,2025-09-08,2025-09-08,before_open,2025-08-08,2025-09-05,2025-08-29,2025-09-05,2025-09-08,2025-09-09,2025-09-08,2025-09-11,2025-09-08,2025-09-15,2025-09-15,2025-10-06,2025-09-08,2025-10-06,False,458,1
585,B0768azDNlg,"Parkev Tatevosian, CFA",AMZN,buy,2026-04-03T10:45:01Z,2026-04-03T10:45:41.280000+00:00,2026-04-03,2026-04-06,before_open,2026-03-06,2026-04-02,2026-03-27,2026-04-02,2026-04-06,2026-04-07,2026-04-06,2026-04-09,2026-04-06,2026-04-13,2026-04-13,2026-05-04,2026-04-06,2026-05-04,False,459,1
586,B0768azDNlg,"Parkev Tatevosian, CFA",UBER,buy,2026-04-03T10:45:01Z,2026-04-03T10:50:39.280000+00:00,2026-04-03,2026-04-06,before_open,2026-03-06,2026-04-02,2026-03-27,2026-04-02,2026-04-06,2026-04-07,2026-04-06,2026-04-09,2026-04-06,2026-04-13,2026-04-13,2026-05-04,2026-04-06,2026-05-04,False,460,1
587,BD1amYah6XY,Couch Investor,PYPL,buy,2025-12-11T15:47:43Z,2025-12-11T16:14:51.799000+00:00,2025-12-11,2025-12-11,during_market,2025-11-12,2025-12-10,2025-12-04,2025-12-10,2025-12-11,2025-12-12,2025-12-11,2025-12-16,2025-12-11,2025-12-18,2025-12-18,2026-01-12,2025-12-11,2026-01-12,True,461,2
588,BD1amYah6XY,Couch Investor,PYPL,buy,2025-12-11T15:47:43Z,2025-12-11T16:55:38.039000+00:00,2025-12-11,2025-12-11,during_market,2025-11-12,2025-12-10,2025-12-04,2025-12-10,2025-12-11,2025-12-12,2025-12-11,2025-12-16,2025-12-11,2025-12-18,2025-12-18,2026-01-12,2025-12-11,2026-01-12,True,461,2
589,BD1amYah6XY,Couch Investor,UBER,buy,2025-12-11T15:47:43Z,2025-12-11T16:18:22.200000+00:00,2025-12-11,2025-12-11,during_market,2025-11-12,2025-12-10,2025-12-04,2025-12-10,2025-12-11,2025-12-12,2025-12-11,2025-12-16,2025-12-11,2025-12-18,2025-12-18,2026-01-12,2025-12-11,2026-01-12,True,462,1
590,F-rlTnig8kM,"Value Investing with Sven Carlin, Ph.D.",AAPL,sell,2025-06-19T12:00:22Z,2025-06-19T12:09:31.120000+00:00,2025-06-19,2025-06-20,before_open,2025-05-21,2025-06-18,2025-06-12,2025-06-18,2025-06-20,2025-06-23,2025-06-20,2025-06-25,2025-06-20,2025-06-27,2025-06-27,2025-07-21,2025-06-20,2025-07-21,False,463,1
591,F0AbrBHeBaA,The Investor Channel,NVDA,buy,2024-06-28T21:18:57Z,2024-06-28T21:29:46.200000+00:00,2024-06-28,2024-06-28,after_close,2024-05-30,2024-06-27,2024-06-21,2024-06-27,2024-06-28,2024-07-01,2024-06-28,2024-07-03,2024-06-28,2024-07-08,2024-07-08,2024-07-29,2024-06-28,2024-07-29,True,464,2
592,F0AbrBHeBaA,The Investor Channel,NVDA,buy,2024-06-28T21:18:57Z,2024-06-28T21:37:34.320000+00:00,2024-06-28,2024-06-28,after_close,2024-05-30,2024-06-27,2024-06-21,2024-06-27,2024-06-28,2024-07-01,2024-06-28,2024-07-03,2024-06-28,2024-07-08,2024-07-08,2024-07-29,2024-06-28,2024-07-29,True,464,2
593,F0AbrBHeBaA,The Investor Channel,TSLA,sell,2024-06-28T21:18:57Z,2024-06-28T21:32:06.440000+00:00,2024-06-28,2024-06-28,after_close,2024-05-30,2024-06-27,2024-06-21,2024-06-27,2024-06-28,2024-07-01,2024-06-28,2024-07-03,2024-06-28,2024-07-08,2024-07-08,2024-07-29,2024-06-28,2024-07-29,True,465,2
594,F0AbrBHeBaA,The Investor Channel,TSLA,buy,2024-06-28T21:18:57Z,2024-06-28T21:39:35.240000+00:00,2024-06-28,2024-06-28,after_close,2024-05-30,2024-06-27,2024-06-21,2024-06-27,2024-06-28,2024-07-01,2024-06-28,2024-07-03,2024-06-28,2024-07-08,2024-07-08,2024-07-29,2024-06-28,2024-07-29,True,465,2
595,GSMDAFFGQfY,The Investor Channel,NVDA,buy,2024-05-22T22:07:09Z,2024-05-22T22:07:09.080000+00:00,2024-05-22,2024-05-22,after_close,2024-04-24,2024-05-21,2024-05-15,2024-05-21,2024-05-22,2024-05-23,2024-05-22,2024-05-28,2024-05-22,2024-05-30,2024-05-30,2024-06-21,2024-05-22,2024-06-21,True,466,4
596,GSMDAFFGQfY,The Investor Channel,NVDA,buy,2024-05-22T22:07:09Z,2024-05-22T22:09:00.079000+00:00,2024-05-22,2024-05-22,after_close,2024-04-24,2024-05-21,2024-05-15,2024-05-21,2024-05-22,2024-05-23,2024-05-22,2024-05-28,2024-05-22,2024-05-30,2024-05-30,2024-06-21,2024-05-22,2024-06-21,True,466,4
597,GSMDAFFGQfY,The Investor Channel,NVDA,buy,2024-05-22T22:07:09Z,2024-05-22T22:09:32.879000+00:00,2024-05-22,2024-05-22,after_close,2024-04-24,2024-05-21,2024-05-15,2024-05-21,2024-05-22,2024-05-23,2024-05-22,2024-05-28,2024-05-22,2024-05-30,2024-05-30,2024-06-21,2024-05-22,2024-06-21,True,466,4
598,GSMDAFFGQfY,The Investor Channel,NVDA,buy,2024-05-22T22:07:09Z,2024-05-22T22:21:55.560000+00:00,2024-05-22,2024-05-22,after_close,2024-04-24,2024-05-21,2024-05-15,2024-05-21,2024-05-22,2024-05-23,2024-05-22,2024-05-28,2024-05-22,2024-05-30,2024-05-30,2024-06-21,2024-05-22,2024-06-21,True,466,4
599,GSMDAFFGQfY,The Investor Channel,AAPL,buy,2024-05-22T22:07:09Z,2024-05-22T22:21:55.560000+00:00,2024-05-22,2024-05-22,after_close,2024-04-24,2024-05-21,2024-05-15,2024-05-21,2024-05-22,2024-05-23,2024-05-22,2024-05-28,2024-05-22,2024-05-30,2024-05-30,2024-06-21,2024-05-22,2024-06-21,True,467,1
600,GtCiy06cRBM,"Mark Roussin, CPA",AMZN,buy,2025-02-15T16:00:15Z,2025-02-15T16:03:48.080000+00:00,2025-02-15,2025-02-18,weekend_or_holiday,2025-01-17,2025-02-14,2025-02-10,2025-02-14,2025-02-18,2025-02-19,2025-02-18,2025-02-21,2025-02-18,2025-02-25,2025-02-25,2025-03-18,2025-02-18,2025-03-18,False,468,1
601,HxRtMnno26U,The Investor Channel,AMZN,buy,2024-05-31T21:20:28Z,2024-05-31T21:40:57.400000+00:00,2024-05-31,2024-05-31,after_close,2024-05-02,2024-05-30,2024-05-23,2024-05-30,2024-05-31,2024-06-03,2024-05-31,2024-06-05,2024-05-31,2024-06-07,2024-06-07,2024-07-01,2024-05-31,2024-07-01,True,469,1
602,HxRtMnno26U,The Investor Channel,NVDA,buy,2024-05-31T21:20:28Z,2024-05-31T21:45:19+00:00,2024-05-31,2024-05-31,after_close,2024-05-02,2024-05-30,2024-05-23,2024-05-30,2024-05-31,2024-06-03,2024-05-31,2024-06-05,2024-05-31,2024-06-07,2024-06-07,2024-07-01,2024-05-31,2024-07-01,True,470,1
603,HxRtMnno26U,The Investor Channel,GOOGL,buy,2024-05-31T21:20:28Z,2024-05-31T21:45:19+00:00,2024-05-31,2024-05-31,after_close,2024-05-02,2024-05-30,2024-05-23,2024-05-30,2024-05-31,2024-06-03,2024-05-31,2024-06-05,2024-05-31,2024-06-07,2024-06-07,2024-07-01,2024-05-31,2024-07-01,True,471,1
604,HxRtMnno26U,The Investor Channel,MSFT,buy,2024-05-31T21:20:28Z,2024-05-31T21:45:19+00:00,2024-05-31,2024-05-31,after_close,2024-05-02,2024-05-30,2024-05-23,2024-05-30,2024-05-31,2024-06-03,2024-05-31,2024-06-05,2024-05-31,2024-06-07,2024-06-07,2024-07-01,2024-05-31,2024-07-01,True,472,1
605,HxRtMnno26U,The Investor Channel,TSLA,buy,2024-05-31T21:20:28Z,2024-05-31T21:44:19.480000+00:00,2024-05-31,2024-05-31,after_close,2024-05-02,2024-05-30,2024-05-23,2024-05-30,2024-05-31,2024-06-03,2024-05-31,2024-06-05,2024-05-31,2024-06-07,2024-06-07,2024-07-01,2024-05-31,2024-07-01,True,473,1
606,KO0r8HCnpNA,The Investor Channel,NFLX,buy,2024-05-17T17:22:57Z,2024-05-17T17:29:25.240000+00:00,2024-05-17,2024-05-17,during_market,2024-04-19,2024-05-16,2024-05-10,2024-05-16,2024-05-17,2024-05-20,2024-05-17,2024-05-22,2024-05-17,2024-05-24,2024-05-24,2024-06-17,2024-05-17,2024-06-17,True,474,1
607,KO0r8HCnpNA,The Investor Channel,AAPL,buy,2024-05-17T17:22:57Z,2024-05-17T17:41:22.840000+00:00,2024-05-17,2024-05-17,during_market,2024-04-19,2024-05-16,2024-05-10,2024-05-16,2024-05-17,2024-05-20,2024-05-17,2024-05-22,2024-05-17,2024-05-24,2024-05-24,2024-06-17,2024-05-17,2024-06-17,True,475,1
608,KO0r8HCnpNA,The Investor Channel,GOOGL,buy,2024-05-17T17:22:57Z,2024-05-17T17:43:16.720000+00:00,2024-05-17,2024-05-17,during_market,2024-04-19,2024-05-16,2024-05-10,2024-05-16,2024-05-17,2024-05-20,2024-05-17,2024-05-22,2024-05-17,2024-05-24,2024-05-24,2024-06-17,2024-05-17,2024-06-17,True,476,1
609,KO0r8HCnpNA,The Investor Channel,TSLA,buy,2024-05-17T17:22:57Z,2024-05-17T17:38:44.880000+00:00,2024-05-17,2024-05-17,during_market,2024-04-19,2024-05-16,2024-05-10,2024-05-16,2024-05-17,2024-05-20,2024-05-17,2024-05-22,2024-05-17,2024-05-24,2024-05-24,2024-06-17,2024-05-17,2024-06-17,True,477,2
610,KO0r8HCnpNA,The Investor Channel,TSLA,buy,2024-05-17T17:22:57Z,2024-05-17T17:44:39.520000+00:00,2024-05-17,2024-05-17,during_market,2024-04-19,2024-05-16,2024-05-10,2024-05-16,2024-05-17,2024-05-20,2024-05-17,2024-05-22,2024-05-17,2024-05-24,2024-05-24,2024-06-17,2024-05-17,2024-06-17,True,477,2
611,LHgMtd6cQYc,The Investor Channel,NVDA,buy,2024-06-27T05:00:37Z,2024-06-27T05:09:35.560000+00:00,2024-06-27,2024-06-27,before_open,2024-05-29,2024-06-26,2024-06-20,2024-06-26,2024-06-27,2024-06-28,2024-06-27,2024-07-02,2024-06-27,2024-07-05,2024-07-05,2024-07-26,2024-06-27,2024-07-26,False,478,1
612,N4DW8bNH20Q,Couch Investor,SOFI,buy,2025-12-04T15:05:28Z,2025-12-04T15:33:49.039000+00:00,2025-12-04,2025-12-04,during_market,2025-11-05,2025-12-03,2025-11-26,2025-12-03,2025-12-04,2025-12-05,2025-12-04,2025-12-09,2025-12-04,2025-12-11,2025-12-11,2026-01-05,2025-12-04,2026-01-05,True,479,1
613,Phjel1okTXY,"Mark Roussin, CPA",AMD,buy,2025-02-01T16:00:22Z,2025-02-01T16:04:41.720000+00:00,2025-02-01,2025-02-03,weekend_or_holiday,2025-01-02,2025-01-31,2025-01-27,2025-01-31,2025-02-03,2025-02-04,2025-02-03,2025-02-06,2025-02-03,2025-02-10,2025-02-10,2025-03-04,2025-02-03,2025-03-04,False,480,1
614,QJhB7VKEn7Q,Couch Investor,AAPL,buy,2025-12-10T15:52:47Z,2025-12-10T17:12:25.960000+00:00,2025-12-10,2025-12-10,during_market,2025-11-11,2025-12-09,2025-12-03,2025-12-09,2025-12-10,2025-12-11,2025-12-10,2025-12-15,2025-12-10,2025-12-17,2025-12-17,2026-01-09,2025-12-10,2026-01-09,True,481,1
615,QJhB7VKEn7Q,Couch Investor,NFLX,buy,2025-12-10T15:52:47Z,2025-12-10T17:19:16.920000+00:00,2025-12-10,2025-12-10,during_market,2025-11-11,2025-12-09,2025-12-03,2025-12-09,2025-12-10,2025-12-11,2025-12-10,2025-12-15,2025-12-10,2025-12-17,2025-12-17,2026-01-09,2025-12-10,2026-01-09,True,482,1
616,V0ywPcUZB9k,The Investor Channel,GOOGL,buy,2024-07-05T21:06:42Z,2024-07-05T21:24:37.440000+00:00,2024-07-05,2024-07-05,after_close,2024-06-05,2024-07-03,2024-06-27,2024-07-03,2024-07-05,2024-07-08,2024-07-05,2024-07-10,2024-07-05,2024-07-12,2024-07-12,2024-08-02,2024-07-05,2024-08-02,True,483,1
617,V0ywPcUZB9k,The Investor Channel,MSFT,buy,2024-07-05T21:06:42Z,2024-07-05T21:25:24.200000+00:00,2024-07-05,2024-07-05,after_close,2024-06-05,2024-07-03,2024-06-27,2024-07-03,2024-07-05,2024-07-08,2024-07-05,2024-07-10,2024-07-05,2024-07-12,2024-07-12,2024-08-02,2024-07-05,2024-08-02,True,484,1
618,ZAv7XTbqkGY,Couch Investor,NFLX,buy,2025-12-08T18:17:16Z,2025-12-08T18:23:34.479000+00:00,2025-12-08,2025-12-08,during_market,2025-11-07,2025-12-05,2025-12-01,2025-12-05,2025-12-08,2025-12-09,2025-12-08,2025-12-11,2025-12-08,2025-12-15,2025-12-15,2026-01-07,2025-12-08,2026-01-07,True,485,1
619,aDAwhIDS6dM,Couch Investor,NFLX,buy,2025-12-05T15:23:59Z,2025-12-05T15:26:10.680000+00:00,2025-12-05,2025-12-05,during_market,2025-11-06,2025-12-04,2025-11-28,2025-12-04,2025-12-05,2025-12-08,2025-12-05,2025-12-10,2025-12-05,2025-12-12,2025-12-12,2026-01-06,2025-12-05,2026-01-06,True,486,2
620,aDAwhIDS6dM,Couch Investor,NFLX,buy,2025-12-05T15:23:59Z,2025-12-05T16:46:46.760000+00:00,2025-12-05,2025-12-05,during_market,2025-11-06,2025-12-04,2025-11-28,2025-12-04,2025-12-05,2025-12-08,2025-12-05,2025-12-10,2025-12-05,2025-12-12,2025-12-12,2026-01-06,2025-12-05,2026-01-06,True,486,2
621,aDAwhIDS6dM,Couch Investor,PYPL,buy,2025-12-05T15:23:59Z,2025-12-05T15:54:36.520000+00:00,2025-12-05,2025-12-05,during_market,2025-11-06,2025-12-04,2025-11-28,2025-12-04,2025-12-05,2025-12-08,2025-12-05,2025-12-10,2025-12-05,2025-12-12,2025-12-12,2026-01-06,2025-12-05,2026-01-06,True,487,1
622,aDAwhIDS6dM,Couch Investor,SOFI,buy,2025-12-05T15:23:59Z,2025-12-05T16:39:05.880000+00:00,2025-12-05,2025-12-05,during_market,2025-11-06,2025-12-04,2025-11-28,2025-12-04,2025-12-05,2025-12-08,2025-12-05,2025-12-10,2025-12-05,2025-12-12,2025-12-12,2026-01-06,2025-12-05,2026-01-06,True,488,1
623,cYm6zLgYueU,"Mark Roussin, CPA",AMD,buy,2025-02-11T16:00:42Z,2025-02-11T16:07:39.360000+00:00,2025-02-11,2025-02-11,during_market,2025-01-13,2025-02-10,2025-02-04,2025-02-10,2025-02-11,2025-02-12,2025-02-11,2025-02-14,2025-02-11,2025-02-19,2025-02-19,2025-03-12,2025-02-11,2025-03-12,True,489,1
624,ch8lrl5bz5Q,Couch Investor,NVDA,buy,2025-12-10T23:14:38Z,2025-12-11T00:17:51.680000+00:00,2025-12-10,2025-12-10,after_close,2025-11-11,2025-12-09,2025-12-03,2025-12-09,2025-12-10,2025-12-11,2025-12-10,2025-12-15,2025-12-10,2025-12-17,2025-12-17,2026-01-09,2025-12-10,2026-01-09,True,490,2
625,ch8lrl5bz5Q,Couch Investor,NVDA,buy,2025-12-10T23:14:38Z,2025-12-11T01:07:46.159000+00:00,2025-12-10,2025-12-10,after_close,2025-11-11,2025-12-09,2025-12-03,2025-12-09,2025-12-10,2025-12-11,2025-12-10,2025-12-15,2025-12-10,2025-12-17,2025-12-17,2026-01-09,2025-12-10,2026-01-09,True,490,2
626,ch8lrl5bz5Q,Couch Investor,AMD,buy,2025-12-10T23:14:38Z,2025-12-11T01:05:51.360000+00:00,2025-12-10,2025-12-10,after_close,2025-11-11,2025-12-09,2025-12-03,2025-12-09,2025-12-10,2025-12-11,2025-12-10,2025-12-15,2025-12-10,2025-12-17,2025-12-17,2026-01-09,2025-12-10,2026-01-09,True,491,2
627,ch8lrl5bz5Q,Couch Investor,AMD,buy,2025-12-10T23:14:38Z,2025-12-11T01:07:47.920000+00:00,2025-12-10,2025-12-10,after_close,2025-11-11,2025-12-09,2025-12-03,2025-12-09,2025-12-10,2025-12-11,2025-12-10,2025-12-15,2025-12-10,2025-12-17,2025-12-17,2026-01-09,2025-12-10,2026-01-09,True,491,2
628,f-0l8JyYnRQ,Couch Investor,UBER,buy,2025-12-12T15:34:48Z,2025-12-12T16:37:53.760000+00:00,2025-12-12,2025-12-12,during_market,2025-11-13,2025-12-11,2025-12-05,2025-12-11,2025-12-12,2025-12-15,2025-12-12,2025-12-17,2025-12-12,2025-12-19,2025-12-19,2026-01-13,2025-12-12,2026-01-13,True,492,1
629,f-0l8JyYnRQ,Couch Investor,PYPL,buy,2025-12-12T15:34:48Z,2025-12-12T16:08:37.760000+00:00,2025-12-12,2025-12-12,during_market,2025-11-13,2025-12-11,2025-12-05,2025-12-11,2025-12-12,2025-12-15,2025-12-12,2025-12-17,2025-12-12,2025-12-19,2025-12-19,2026-01-13,2025-12-12,2026-01-13,True,493,1
630,f-0l8JyYnRQ,Couch Investor,AMZN,buy,2025-12-12T15:34:48Z,2025-12-12T17:08:46.320000+00:00,2025-12-12,2025-12-12,during_market,2025-11-13,2025-12-11,2025-12-05,2025-12-11,2025-12-12,2025-12-15,2025-12-12,2025-12-17,2025-12-12,2025-12-19,2025-12-19,2026-01-13,2025-12-12,2026-01-13,True,494,1
631,h6HIi6lt54A,The Investor Channel,AAPL,buy,2024-06-21T22:01:10Z,2024-06-21T22:25:01.480000+00:00,2024-06-21,2024-06-21,after_close,2024-05-22,2024-06-20,2024-06-13,2024-06-20,2024-06-21,2024-06-24,2024-06-21,2024-06-26,2024-06-21,2024-06-28,2024-06-28,2024-07-22,2024-06-21,2024-07-22,True,495,1
632,n8jYsbCxYl0,Dividendology,MSFT,buy,2025-07-21T15:01:31Z,2025-07-21T15:03:51.400000+00:00,2025-07-21,2025-07-21,during_market,2025-06-20,2025-07-18,2025-07-14,2025-07-18,2025-07-21,2025-07-22,2025-07-21,2025-07-24,2025-07-21,2025-07-28,2025-07-28,2025-08-18,2025-07-21,2025-08-18,True,496,1
633,oTEK1i5pHPk,Dividendology,GOOGL,buy,2025-07-23T21:41:05Z,2025-07-23T21:41:27.880000+00:00,2025-07-23,2025-07-23,after_close,2025-06-24,2025-07-22,2025-07-16,2025-07-22,2025-07-23,2025-07-24,2025-07-23,2025-07-28,2025-07-23,2025-07-30,2025-07-30,2025-08-20,2025-07-23,2025-08-20,True,497,1
634,w5XLVGMh-Vs,"Value Investing with Sven Carlin, Ph.D.",GOOGL,buy,2025-06-15T12:01:29Z,2025-06-15T12:03:26.600000+00:00,2025-06-15,2025-06-16,weekend_or_holiday,2025-05-16,2025-06-13,2025-06-09,2025-06-13,2025-06-16,2025-06-17,2025-06-16,2025-06-20,2025-06-16,2025-06-24,2025-06-24,2025-07-16,2025-06-16,2025-07-16,False,498,1
635,wNI0xbwJT4g,Daniel Pronk,PYPL,buy,2024-08-29T21:29:51Z,2024-08-29T22:01:02.840000+00:00,2024-08-29,2024-08-29,after_close,2024-08-01,2024-08-28,2024-08-22,2024-08-28,2024-08-29,2024-08-30,2024-08-29,2024-09-04,2024-08-29,2024-09-06,2024-09-06,2024-09-27,2024-08-29,2024-09-27,True,499,1
636,zcrNVzQTX5c,Daniel Pronk,GOOGL,buy,2024-09-06T20:07:14Z,2024-09-06T20:14:27.599000+00:00,2024-09-06,2024-09-06,during_market,2024-08-08,2024-09-05,2024-08-29,2024-09-05,2024-09-06,2024-09-09,2024-09-06,2024-09-11,2024-09-06,2024-09-13,2024-09-13,2024-10-04,2024-09-06,2024-10-04,True,500,2
637,zcrNVzQTX5c,Daniel Pronk,GOOGL,sell,2024-09-06T20:07:14Z,2024-09-06T20:15:16.720000+00:00,2024-09-06,2024-09-06,during_market,2024-08-08,2024-09-05,2024-08-29,2024-09-05,2024-09-06,2024-09-09,2024-09-06,2024-09-11,2024-09-06,2024-09-13,2024-09-13,2024-10-04,2024-09-06,2024-10-04,True,500,2
638,-VwKgl9Gil0,Couch Investor,PYPL,buy,2025-12-18T15:20:51Z,2025-12-18T16:30:29.319000+00:00,2025-12-18,2025-12-18,during_market,2025-11-19,2025-12-17,2025-12-11,2025-12-17,2025-12-18,2025-12-19,2025-12-18,2025-12-23,2025-12-18,2025-12-26,2025-12-26,2026-01-20,2025-12-18,2026-01-20,True,501,1
639,-VwKgl9Gil0,Couch Investor,NFLX,buy,2025-12-18T15:20:51Z,2025-12-18T16:51:21.080000+00:00,2025-12-18,2025-12-18,during_market,2025-11-19,2025-12-17,2025-12-11,2025-12-17,2025-12-18,2025-12-19,2025-12-18,2025-12-23,2025-12-18,2025-12-26,2025-12-26,2026-01-20,2025-12-18,2026-01-20,True,502,1
640,061mMhIHwAo,Jose Najarro Stocks,NVDA,buy,2026-01-27T17:53:22Z,2026-01-27T18:26:31.600000+00:00,2026-01-27,2026-01-27,during_market,2025-12-26,2026-01-26,2026-01-20,2026-01-26,2026-01-27,2026-01-28,2026-01-27,2026-01-30,2026-01-27,2026-02-03,2026-02-03,2026-02-25,2026-01-27,2026-02-25,True,503,2
641,061mMhIHwAo,Jose Najarro Stocks,NVDA,sell,2026-01-27T17:53:22Z,2026-01-27T18:30:19.960000+00:00,2026-01-27,2026-01-27,during_market,2025-12-26,2026-01-26,2026-01-20,2026-01-26,2026-01-27,2026-01-28,2026-01-27,2026-01-30,2026-01-27,2026-02-03,2026-02-03,2026-02-25,2026-01-27,2026-02-25,True,503,2
642,061mMhIHwAo,Jose Najarro Stocks,AMD,buy,2026-01-27T17:53:22Z,2026-01-27T18:28:34.640000+00:00,2026-01-27,2026-01-27,during_market,2025-12-26,2026-01-26,2026-01-20,2026-01-26,2026-01-27,2026-01-28,2026-01-27,2026-01-30,2026-01-27,2026-02-03,2026-02-03,2026-02-25,2026-01-27,2026-02-25,True,504,1
643,061mMhIHwAo,Jose Najarro Stocks,GOOGL,buy,2026-01-27T17:53:22Z,2026-01-27T18:32:51.880000+00:00,2026-01-27,2026-01-27,during_market,2025-12-26,2026-01-26,2026-01-20,2026-01-26,2026-01-27,2026-01-28,2026-01-27,2026-01-30,2026-01-27,2026-02-03,2026-02-03,2026-02-25,2026-01-27,2026-02-25,True,505,1
644,061mMhIHwAo,Jose Najarro Stocks,AMZN,buy,2026-01-27T17:53:22Z,2026-01-27T18:32:45.880000+00:00,2026-01-27,2026-01-27,during_market,2025-12-26,2026-01-26,2026-01-20,2026-01-26,2026-01-27,2026-01-28,2026-01-27,2026-01-30,2026-01-27,2026-02-03,2026-02-03,2026-02-25,2026-01-27,2026-02-25,True,506,1
645,3z4R3WdBgRs,"Mark Roussin, CPA",MSFT,buy,2025-03-29T15:00:05Z,2025-03-29T15:04:24.199000+00:00,2025-03-29,2025-03-31,weekend_or_holiday,2025-03-03,2025-03-28,2025-03-24,2025-03-28,2025-03-31,2025-04-01,2025-03-31,2025-04-03,2025-03-31,2025-04-07,2025-04-07,2025-04-29,2025-03-31,2025-04-29,False,507,1
646,6HzyLo0qD7E,"Mark Roussin, CPA",GOOGL,buy,2025-05-17T15:00:18Z,2025-05-17T15:08:46.960000+00:00,2025-05-17,2025-05-19,weekend_or_holiday,2025-04-21,2025-05-16,2025-05-12,2025-05-16,2025-05-19,2025-05-20,2025-05-19,2025-05-22,2025-05-19,2025-05-27,2025-05-27,2025-06-17,2025-05-19,2025-06-17,False,508,1
647,6HzyLo0qD7E,"Mark Roussin, CPA",AMD,buy,2025-05-17T15:00:18Z,2025-05-17T15:11:05.200000+00:00,2025-05-17,2025-05-19,weekend_or_holiday,2025-04-21,2025-05-16,2025-05-12,2025-05-16,2025-05-19,2025-05-20,2025-05-19,2025-05-22,2025-05-19,2025-05-27,2025-05-27,2025-06-17,2025-05-19,2025-06-17,False,509,1
648,9eKmFGuV38g,The Investor Channel,AMD,buy,2024-08-02T22:00:50Z,2024-08-02T22:18:09.959000+00:00,2024-08-02,2024-08-02,after_close,2024-07-05,2024-08-01,2024-07-26,2024-08-01,2024-08-02,2024-08-05,2024-08-02,2024-08-07,2024-08-02,2024-08-09,2024-08-09,2024-08-30,2024-08-02,2024-08-30,True,510,1
649,9eKmFGuV38g,The Investor Channel,MSFT,buy,2024-08-02T22:00:50Z,2024-08-02T22:32:54.240000+00:00,2024-08-02,2024-08-02,after_close,2024-07-05,2024-08-01,2024-07-26,2024-08-01,2024-08-02,2024-08-05,2024-08-02,2024-08-07,2024-08-02,2024-08-09,2024-08-09,2024-08-30,2024-08-02,2024-08-30,True,511,1
650,9eKmFGuV38g,The Investor Channel,TSLA,buy,2024-08-02T22:00:50Z,2024-08-02T22:34:03.159000+00:00,2024-08-02,2024-08-02,after_close,2024-07-05,2024-08-01,2024-07-26,2024-08-01,2024-08-02,2024-08-05,2024-08-02,2024-08-07,2024-08-02,2024-08-09,2024-08-09,2024-08-30,2024-08-02,2024-08-30,True,512,1
651,F0jcfe1ChZI,"Mark Roussin, CPA",SOFI,buy,2025-04-29T15:00:31Z,2025-04-29T15:09:39.399000+00:00,2025-04-29,2025-04-29,during_market,2025-03-31,2025-04-28,2025-04-22,2025-04-28,2025-04-29,2025-04-30,2025-04-29,2025-05-02,2025-04-29,2025-05-06,2025-05-06,2025-05-28,2025-04-29,2025-05-28,True,513,1
652,F50Y0D7RboA,Jose Najarro Stocks,NVDA,buy,2026-01-26T17:19:09Z,2026-01-26T17:20:09.399000+00:00,2026-01-26,2026-01-26,during_market,2025-12-24,2026-01-23,2026-01-16,2026-01-23,2026-01-26,2026-01-27,2026-01-26,2026-01-29,2026-01-26,2026-02-02,2026-02-02,2026-02-24,2026-01-26,2026-02-24,True,514,1
653,F50Y0D7RboA,Jose Najarro Stocks,AAPL,buy,2026-01-26T17:19:09Z,2026-01-26T18:13:18.839000+00:00,2026-01-26,2026-01-26,during_market,2025-12-24,2026-01-23,2026-01-16,2026-01-23,2026-01-26,2026-01-27,2026-01-26,2026-01-29,2026-01-26,2026-02-02,2026-02-02,2026-02-24,2026-01-26,2026-02-24,True,515,1
654,F50Y0D7RboA,Jose Najarro Stocks,META,buy,2026-01-26T17:19:09Z,2026-01-26T18:13:55+00:00,2026-01-26,2026-01-26,during_market,2025-12-24,2026-01-23,2026-01-16,2026-01-23,2026-01-26,2026-01-27,2026-01-26,2026-01-29,2026-01-26,2026-02-02,2026-02-02,2026-02-24,2026-01-26,2026-02-24,True,41,2
655,I9TbGxFlLn0,Daniel Pronk,AMZN,buy,2025-03-05T20:11:16Z,2025-03-05T20:43:50.919000+00:00,2025-03-05,2025-03-05,during_market,2025-02-04,2025-03-04,2025-02-26,2025-03-04,2025-03-05,2025-03-06,2025-03-05,2025-03-10,2025-03-05,2025-03-12,2025-03-12,2025-04-02,2025-03-05,2025-04-02,True,516,1
656,KRTyI-VlrgU,Jose Najarro Stocks,AMD,buy,2026-01-20T22:14:56Z,2026-01-20T22:17:25.920000+00:00,2026-01-20,2026-01-20,after_close,2025-12-18,2026-01-16,2026-01-12,2026-01-16,2026-01-20,2026-01-21,2026-01-20,2026-01-23,2026-01-20,2026-01-27,2026-01-27,2026-02-18,2026-01-20,2026-02-18,True,6,2
657,MTf2pSEkct0,The Investor Channel,GOOGL,buy,2024-07-23T20:54:34Z,2024-07-23T20:54:34+00:00,2024-07-23,2024-07-23,during_market,2024-06-24,2024-07-22,2024-07-16,2024-07-22,2024-07-23,2024-07-24,2024-07-23,2024-07-26,2024-07-23,2024-07-30,2024-07-30,2024-08-20,2024-07-23,2024-08-20,True,517,1
658,PLV20YplFpk,Couch Investor,PYPL,buy,2025-12-22T15:27:52Z,2025-12-22T16:24:27.440000+00:00,2025-12-22,2025-12-22,during_market,2025-11-21,2025-12-19,2025-12-15,2025-12-19,2025-12-22,2025-12-23,2025-12-22,2025-12-26,2025-12-22,2025-12-30,2025-12-30,2026-01-22,2025-12-22,2026-01-22,True,518,1
659,PLV20YplFpk,Couch Investor,TSLA,buy,2025-12-22T15:27:52Z,2025-12-22T15:50:46.720000+00:00,2025-12-22,2025-12-22,during_market,2025-11-21,2025-12-19,2025-12-15,2025-12-19,2025-12-22,2025-12-23,2025-12-22,2025-12-26,2025-12-22,2025-12-30,2025-12-30,2026-01-22,2025-12-22,2026-01-22,True,519,1
660,QBZPFkWrjY4,Jose Najarro Stocks,AMD,buy,2026-01-23T18:11:17Z,2026-01-23T18:57:49.120000+00:00,2026-01-23,2026-01-23,during_market,2025-12-23,2026-01-22,2026-01-15,2026-01-22,2026-01-23,2026-01-26,2026-01-23,2026-01-28,2026-01-23,2026-01-30,2026-01-30,2026-02-23,2026-01-23,2026-02-23,True,520,1
661,QBZPFkWrjY4,Jose Najarro Stocks,MSFT,buy,2026-01-23T18:11:17Z,2026-01-23T18:17:22.440000+00:00,2026-01-23,2026-01-23,during_market,2025-12-23,2026-01-22,2026-01-15,2026-01-22,2026-01-23,2026-01-26,2026-01-23,2026-01-28,2026-01-23,2026-01-30,2026-01-30,2026-02-23,2026-01-23,2026-02-23,True,521,1
662,QBZPFkWrjY4,Jose Najarro Stocks,TSLA,buy,2026-01-23T18:11:17Z,2026-01-23T18:59:27.920000+00:00,2026-01-23,2026-01-23,during_market,2025-12-23,2026-01-22,2026-01-15,2026-01-22,2026-01-23,2026-01-26,2026-01-23,2026-01-28,2026-01-23,2026-01-30,2026-01-30,2026-02-23,2026-01-23,2026-02-23,True,522,1
663,UTQ26wh6hgQ,"Value Investing with Sven Carlin, Ph.D.",AAPL,sell,2025-09-10T12:01:03Z,2025-09-10T12:01:19.080000+00:00,2025-09-10,2025-09-10,before_open,2025-08-12,2025-09-09,2025-09-03,2025-09-09,2025-09-10,2025-09-11,2025-09-10,2025-09-15,2025-09-10,2025-09-17,2025-09-17,2025-10-08,2025-09-10,2025-10-08,False,523,2
664,UTQ26wh6hgQ,"Value Investing with Sven Carlin, Ph.D.",AAPL,sell,2025-09-10T12:01:03Z,2025-09-10T12:23:22.679000+00:00,2025-09-10,2025-09-10,before_open,2025-08-12,2025-09-09,2025-09-03,2025-09-09,2025-09-10,2025-09-11,2025-09-10,2025-09-15,2025-09-10,2025-09-17,2025-09-17,2025-10-08,2025-09-10,2025-10-08,False,523,2
665,UTQ26wh6hgQ,"Value Investing with Sven Carlin, Ph.D.",AMZN,buy,2025-09-10T12:01:03Z,2025-09-10T12:14:21+00:00,2025-09-10,2025-09-10,before_open,2025-08-12,2025-09-09,2025-09-03,2025-09-09,2025-09-10,2025-09-11,2025-09-10,2025-09-15,2025-09-10,2025-09-17,2025-09-17,2025-10-08,2025-09-10,2025-10-08,False,524,1
666,VPO0PCjRmRY,Daniel Pronk,AMZN,buy,2025-03-11T22:48:06Z,2025-03-11T23:06:35.360000+00:00,2025-03-11,2025-03-11,after_close,2025-02-10,2025-03-10,2025-03-04,2025-03-10,2025-03-11,2025-03-12,2025-03-11,2025-03-14,2025-03-11,2025-03-18,2025-03-18,2025-04-08,2025-03-11,2025-04-08,True,525,1
667,XTlUWtaAG3M,The Investor Channel,AMD,buy,2024-07-30T21:19:50Z,2024-07-30T21:19:50.199000+00:00,2024-07-30,2024-07-30,after_close,2024-07-01,2024-07-29,2024-07-23,2024-07-29,2024-07-30,2024-07-31,2024-07-30,2024-08-02,2024-07-30,2024-08-06,2024-08-06,2024-08-27,2024-07-30,2024-08-27,True,526,1
668,XTlUWtaAG3M,The Investor Channel,GOOGL,buy,2024-07-30T21:19:50Z,2024-07-30T21:26:41.520000+00:00,2024-07-30,2024-07-30,after_close,2024-07-01,2024-07-29,2024-07-23,2024-07-29,2024-07-30,2024-07-31,2024-07-30,2024-08-02,2024-07-30,2024-08-06,2024-08-06,2024-08-27,2024-07-30,2024-08-27,True,527,1
669,XrKLFEvv3ss,The Investor Channel,NFLX,buy,2024-07-12T20:58:09Z,2024-07-12T21:06:01.400000+00:00,2024-07-12,2024-07-12,during_market,2024-06-12,2024-07-11,2024-07-05,2024-07-11,2024-07-12,2024-07-15,2024-07-12,2024-07-17,2024-07-12,2024-07-19,2024-07-19,2024-08-09,2024-07-12,2024-08-09,True,528,1
670,XrKLFEvv3ss,The Investor Channel,MSFT,buy,2024-07-12T20:58:09Z,2024-07-12T21:01:58.080000+00:00,2024-07-12,2024-07-12,during_market,2024-06-12,2024-07-11,2024-07-05,2024-07-11,2024-07-12,2024-07-15,2024-07-12,2024-07-17,2024-07-12,2024-07-19,2024-07-19,2024-08-09,2024-07-12,2024-08-09,True,529,1
671,XrKLFEvv3ss,The Investor Channel,TSLA,buy,2024-07-12T20:58:09Z,2024-07-12T21:18:28.840000+00:00,2024-07-12,2024-07-12,during_market,2024-06-12,2024-07-11,2024-07-05,2024-07-11,2024-07-12,2024-07-15,2024-07-12,2024-07-17,2024-07-12,2024-07-19,2024-07-19,2024-08-09,2024-07-12,2024-08-09,True,530,1
672,XvyPcBUIg1o,The Investor Channel,AAPL,buy,2024-08-01T22:12:53Z,2024-08-01T22:20:04.160000+00:00,2024-08-01,2024-08-01,after_close,2024-07-03,2024-07-31,2024-07-25,2024-07-31,2024-08-01,2024-08-02,2024-08-01,2024-08-06,2024-08-01,2024-08-08,2024-08-08,2024-08-29,2024-08-01,2024-08-29,True,531,1
673,YtXLGN64_Ko,The Investor Channel,MSFT,buy,2024-07-30T23:13:02Z,2024-07-30T23:13:02.199000+00:00,2024-07-30,2024-07-30,after_close,2024-07-01,2024-07-29,2024-07-23,2024-07-29,2024-07-30,2024-07-31,2024-07-30,2024-08-02,2024-07-30,2024-08-06,2024-08-06,2024-08-27,2024-07-30,2024-08-27,True,532,5
674,YtXLGN64_Ko,The Investor Channel,MSFT,buy,2024-07-30T23:13:02Z,2024-07-30T23:13:14.320000+00:00,2024-07-30,2024-07-30,after_close,2024-07-01,2024-07-29,2024-07-23,2024-07-29,2024-07-30,2024-07-31,2024-07-30,2024-08-02,2024-07-30,2024-08-06,2024-08-06,2024-08-27,2024-07-30,2024-08-27,True,532,5
675,YtXLGN64_Ko,The Investor Channel,MSFT,sell,2024-07-30T23:13:02Z,2024-07-30T23:14:54.880000+00:00,2024-07-30,2024-07-30,after_close,2024-07-01,2024-07-29,2024-07-23,2024-07-29,2024-07-30,2024-07-31,2024-07-30,2024-08-02,2024-07-30,2024-08-06,2024-08-06,2024-08-27,2024-07-30,2024-08-27,True,532,5
676,YtXLGN64_Ko,The Investor Channel,MSFT,buy,2024-07-30T23:13:02Z,2024-07-30T23:25:22.800000+00:00,2024-07-30,2024-07-30,after_close,2024-07-01,2024-07-29,2024-07-23,2024-07-29,2024-07-30,2024-07-31,2024-07-30,2024-08-02,2024-07-30,2024-08-06,2024-08-06,2024-08-27,2024-07-30,2024-08-27,True,532,5
677,YtXLGN64_Ko,The Investor Channel,MSFT,buy,2024-07-30T23:13:02Z,2024-07-30T23:28:24.880000+00:00,2024-07-30,2024-07-30,after_close,2024-07-01,2024-07-29,2024-07-23,2024-07-29,2024-07-30,2024-07-31,2024-07-30,2024-08-02,2024-07-30,2024-08-06,2024-08-06,2024-08-27,2024-07-30,2024-08-27,True,532,5
678,b_hHuv_Phtg,"Mark Roussin, CPA",AMZN,sell,2025-03-11T15:00:53Z,2025-03-11T15:06:13.600000+00:00,2025-03-11,2025-03-11,during_market,2025-02-10,2025-03-10,2025-03-04,2025-03-10,2025-03-11,2025-03-12,2025-03-11,2025-03-14,2025-03-11,2025-03-18,2025-03-18,2025-04-08,2025-03-11,2025-04-08,True,533,1
679,b_hHuv_Phtg,"Mark Roussin, CPA",NVDA,sell,2025-03-11T15:00:53Z,2025-03-11T15:06:13.600000+00:00,2025-03-11,2025-03-11,during_market,2025-02-10,2025-03-10,2025-03-04,2025-03-10,2025-03-11,2025-03-12,2025-03-11,2025-03-14,2025-03-11,2025-03-18,2025-03-18,2025-04-08,2025-03-11,2025-04-08,True,534,1
680,cKjp0N59XwE,Couch Investor,NFLX,buy,2025-12-24T15:19:28Z,2025-12-24T15:54:47.520000+00:00,2025-12-24,2025-12-24,during_market,2025-11-25,2025-12-23,2025-12-17,2025-12-23,2025-12-24,2025-12-26,2025-12-24,2025-12-30,2025-12-24,2026-01-02,2026-01-02,2026-01-26,2025-12-24,2026-01-26,True,535,1
681,fhilgLVRlis,The Investor Channel,TSLA,sell,2024-07-23T23:52:46Z,2024-07-23T23:54:07+00:00,2024-07-23,2024-07-23,after_close,2024-06-24,2024-07-22,2024-07-16,2024-07-22,2024-07-23,2024-07-24,2024-07-23,2024-07-26,2024-07-23,2024-07-30,2024-07-30,2024-08-20,2024-07-23,2024-08-20,True,536,2
682,fhilgLVRlis,The Investor Channel,TSLA,buy,2024-07-23T23:52:46Z,2024-07-24T00:00:21.680000+00:00,2024-07-23,2024-07-23,after_close,2024-06-24,2024-07-22,2024-07-16,2024-07-22,2024-07-23,2024-07-24,2024-07-23,2024-07-26,2024-07-23,2024-07-30,2024-07-30,2024-08-20,2024-07-23,2024-08-20,True,536,2
683,pTQXWJvkCoU,Jose Najarro Stocks,GOOGL,sell,2026-01-28T18:10:31Z,2026-01-28T18:21:26.600000+00:00,2026-01-28,2026-01-28,during_market,2025-12-29,2026-01-27,2026-01-21,2026-01-27,2026-01-28,2026-01-29,2026-01-28,2026-02-02,2026-01-28,2026-02-04,2026-02-04,2026-02-26,2026-01-28,2026-02-26,True,537,1
684,pTQXWJvkCoU,Jose Najarro Stocks,META,sell,2026-01-28T18:10:31Z,2026-01-28T18:25:27.560000+00:00,2026-01-28,2026-01-28,during_market,2025-12-29,2026-01-27,2026-01-21,2026-01-27,2026-01-28,2026-01-29,2026-01-28,2026-02-02,2026-01-28,2026-02-04,2026-02-04,2026-02-26,2026-01-28,2026-02-26,True,538,3
685,sVOEBCiQQkk,Daniel Pronk,AMZN,sell,2025-03-15T16:54:49Z,2025-03-15T17:02:47.759000+00:00,2025-03-15,2025-03-17,weekend_or_holiday,2025-02-14,2025-03-14,2025-03-10,2025-03-14,2025-03-17,2025-03-18,2025-03-17,2025-03-20,2025-03-17,2025-03-24,2025-03-24,2025-04-14,2025-03-17,2025-04-14,False,539,3
686,sVOEBCiQQkk,Daniel Pronk,AMZN,buy,2025-03-15T16:54:49Z,2025-03-15T17:06:40.079000+00:00,2025-03-15,2025-03-17,weekend_or_holiday,2025-02-14,2025-03-14,2025-03-10,2025-03-14,2025-03-17,2025-03-18,2025-03-17,2025-03-20,2025-03-17,2025-03-24,2025-03-24,2025-04-14,2025-03-17,2025-04-14,False,539,3
687,sVOEBCiQQkk,Daniel Pronk,AMZN,buy,2025-03-15T16:54:49Z,2025-03-15T17:07:13.880000+00:00,2025-03-15,2025-03-17,weekend_or_holiday,2025-02-14,2025-03-14,2025-03-10,2025-03-14,2025-03-17,2025-03-18,2025-03-17,2025-03-20,2025-03-17,2025-03-24,2025-03-24,2025-04-14,2025-03-17,2025-04-14,False,539,3
688,sVOEBCiQQkk,Daniel Pronk,GOOGL,sell,2025-03-15T16:54:49Z,2025-03-15T17:02:47.759000+00:00,2025-03-15,2025-03-17,weekend_or_holiday,2025-02-14,2025-03-14,2025-03-10,2025-03-14,2025-03-17,2025-03-18,2025-03-17,2025-03-20,2025-03-17,2025-03-24,2025-03-24,2025-04-14,2025-03-17,2025-04-14,False,540,2
689,sVOEBCiQQkk,Daniel Pronk,GOOGL,buy,2025-03-15T16:54:49Z,2025-03-15T17:07:13.880000+00:00,2025-03-15,2025-03-17,weekend_or_holiday,2025-02-14,2025-03-14,2025-03-10,2025-03-14,2025-03-17,2025-03-18,2025-03-17,2025-03-20,2025-03-17,2025-03-24,2025-03-24,2025-04-14,2025-03-17,2025-04-14,False,540,2
690,sVOEBCiQQkk,Daniel Pronk,MSFT,sell,2025-03-15T16:54:49Z,2025-03-15T17:03:34.519000+00:00,2025-03-15,2025-03-17,weekend_or_holiday,2025-02-14,2025-03-14,2025-03-10,2025-03-14,2025-03-17,2025-03-18,2025-03-17,2025-03-20,2025-03-17,2025-03-24,2025-03-24,2025-04-14,2025-03-17,2025-04-14,False,541,1
691,tna5Ua3foyI,Couch Investor,SOFI,buy,2026-01-02T14:07:24Z,2026-01-02T14:10:36.239000+00:00,2026-01-02,2026-01-02,before_open,2025-12-03,2025-12-31,2025-12-24,2025-12-31,2026-01-02,2026-01-05,2026-01-02,2026-01-07,2026-01-02,2026-01-09,2026-01-09,2026-02-02,2026-01-02,2026-02-02,False,542,1
692,uix1ZJiwrPs,Jose Najarro Stocks,AMD,buy,2026-01-22T17:25:01Z,2026-01-22T18:05:58.920000+00:00,2026-01-22,2026-01-22,during_market,2025-12-22,2026-01-21,2026-01-14,2026-01-21,2026-01-22,2026-01-23,2026-01-22,2026-01-27,2026-01-22,2026-01-29,2026-01-29,2026-02-20,2026-01-22,2026-02-20,True,543,1
693,uix1ZJiwrPs,Jose Najarro Stocks,MSFT,sell,2026-01-22T17:25:01Z,2026-01-22T18:14:42.040000+00:00,2026-01-22,2026-01-22,during_market,2025-12-22,2026-01-21,2026-01-14,2026-01-21,2026-01-22,2026-01-23,2026-01-22,2026-01-27,2026-01-22,2026-01-29,2026-01-29,2026-02-20,2026-01-22,2026-02-20,True,544,1
694,va6CBbAJmgY,The Investor Channel,NVDA,sell,2024-08-29T01:14:55Z,2024-08-29T01:28:16.440000+00:00,2024-08-29,2024-08-29,after_close,2024-08-01,2024-08-28,2024-08-22,2024-08-28,2024-08-29,2024-08-30,2024-08-29,2024-09-04,2024-08-29,2024-09-06,2024-09-06,2024-09-27,2024-08-29,2024-09-27,True,545,1
695,xSI8A133f9Y,Jose Najarro Stocks,META,buy,2026-01-28T23:59:26Z,2026-01-28T23:59:26.080000+00:00,2026-01-28,2026-01-28,after_close,2025-12-29,2026-01-27,2026-01-21,2026-01-27,2026-01-28,2026-01-29,2026-01-28,2026-02-02,2026-01-28,2026-02-04,2026-02-04,2026-02-26,2026-01-28,2026-02-26,True,538,3
696,xSI8A133f9Y,Jose Najarro Stocks,META,buy,2026-01-28T23:59:26Z,2026-01-29T00:28:09.039000+00:00,2026-01-28,2026-01-28,after_close,2025-12-29,2026-01-27,2026-01-21,2026-01-27,2026-01-28,2026-01-29,2026-01-28,2026-02-02,2026-01-28,2026-02-04,2026-02-04,2026-02-26,2026-01-28,2026-02-26,True,538,3
697,xSI8A133f9Y,Jose Najarro Stocks,MSFT,buy,2026-01-28T23:59:26Z,2026-01-29T00:28:09.039000+00:00,2026-01-28,2026-01-28,after_close,2025-12-29,2026-01-27,2026-01-21,2026-01-27,2026-01-28,2026-01-29,2026-01-28,2026-02-02,2026-01-28,2026-02-04,2026-02-04,2026-02-26,2026-01-28,2026-02-26,True,546,3
698,xSI8A133f9Y,Jose Najarro Stocks,MSFT,sell,2026-01-28T23:59:26Z,2026-01-29T00:35:29.760000+00:00,2026-01-28,2026-01-28,after_close,2025-12-29,2026-01-27,2026-01-21,2026-01-27,2026-01-28,2026-01-29,2026-01-28,2026-02-02,2026-01-28,2026-02-04,2026-02-04,2026-02-26,2026-01-28,2026-02-26,True,546,3
699,xSI8A133f9Y,Jose Najarro Stocks,MSFT,sell,2026-01-28T23:59:26Z,2026-01-29T00:54:32.480000+00:00,2026-01-28,2026-01-28,after_close,2025-12-29,2026-01-27,2026-01-21,2026-01-27,2026-01-28,2026-01-29,2026-01-28,2026-02-02,2026-01-28,2026-02-04,2026-02-04,2026-02-26,2026-01-28,2026-02-26,True,546,3
700,xSI8A133f9Y,Jose Najarro Stocks,AMD,buy,2026-01-28T23:59:26Z,2026-01-29T00:17:29.440000+00:00,2026-01-28,2026-01-28,after_close,2025-12-29,2026-01-27,2026-01-21,2026-01-27,2026-01-28,2026-01-29,2026-01-28,2026-02-02,2026-01-28,2026-02-04,2026-02-04,2026-02-26,2026-01-28,2026-02-26,True,547,2
701,xSI8A133f9Y,Jose Najarro Stocks,AMD,buy,2026-01-28T23:59:26Z,2026-01-29T00:44:22.800000+00:00,2026-01-28,2026-01-28,after_close,2025-12-29,2026-01-27,2026-01-21,2026-01-27,2026-01-28,2026-01-29,2026-01-28,2026-02-02,2026-01-28,2026-02-04,2026-02-04,2026-02-26,2026-01-28,2026-02-26,True,547,2
702,xSI8A133f9Y,Jose Najarro Stocks,TSLA,sell,2026-01-28T23:59:26Z,2026-01-29T02:32:31.760000+00:00,2026-01-28,2026-01-28,after_close,2025-12-29,2026-01-27,2026-01-21,2026-01-27,2026-01-28,2026-01-29,2026-01-28,2026-02-02,2026-01-28,2026-02-04,2026-02-04,2026-02-26,2026-01-28,2026-02-26,True,548,2
703,xSI8A133f9Y,Jose Najarro Stocks,TSLA,sell,2026-01-28T23:59:26Z,2026-01-29T02:33:54.880000+00:00,2026-01-28,2026-01-28,after_close,2025-12-29,2026-01-27,2026-01-21,2026-01-27,2026-01-28,2026-01-29,2026-01-28,2026-02-02,2026-01-28,2026-02-04,2026-02-04,2026-02-26,2026-01-28,2026-02-26,True,548,2
704,zHfdl-0tI-4,Jose Najarro Stocks,AMD,buy,2026-01-21T17:09:12Z,2026-01-21T17:28:42.960000+00:00,2026-01-21,2026-01-21,during_market,2025-12-19,2026-01-20,2026-01-13,2026-01-20,2026-01-21,2026-01-22,2026-01-21,2026-01-26,2026-01-21,2026-01-28,2026-01-28,2026-02-19,2026-01-21,2026-02-19,True,549,1
705,zHfdl-0tI-4,Jose Najarro Stocks,META,buy,2026-01-21T17:09:12Z,2026-01-21T17:14:17.040000+00:00,2026-01-21,2026-01-21,during_market,2025-12-19,2026-01-20,2026-01-13,2026-01-20,2026-01-21,2026-01-22,2026-01-21,2026-01-26,2026-01-21,2026-01-28,2026-01-28,2026-02-19,2026-01-21,2026-02-19,True,550,1
706,-bIZUuxNK8Y,"Parkev Tatevosian, CFA",NFLX,buy,2026-04-18T10:45:01Z,2026-04-18T10:53:11+00:00,2026-04-18,2026-04-20,weekend_or_holiday,2026-03-20,2026-04-17,2026-04-13,2026-04-17,2026-04-20,2026-04-21,2026-04-20,2026-04-23,2026-04-20,2026-04-27,2026-04-27,,2026-04-20,,False,551,1
707,0547qV7-oBY,Couch Investor,GOOGL,sell,2026-01-31T22:38:26Z,2026-01-31T23:05:05.919000+00:00,2026-01-31,2026-02-02,weekend_or_holiday,2026-01-02,2026-01-30,2026-01-26,2026-01-30,2026-02-02,2026-02-03,2026-02-02,2026-02-05,2026-02-02,2026-02-09,2026-02-09,2026-03-03,2026-02-02,2026-03-03,False,552,1
708,3HVmj0ekB3o,"Mark Roussin, CPA",NVDA,sell,2025-05-28T22:53:26Z,2025-05-28T23:22:29.760000+00:00,2025-05-28,2025-05-28,after_close,2025-04-29,2025-05-27,2025-05-20,2025-05-27,2025-05-28,2025-05-29,2025-05-28,2025-06-02,2025-05-28,2025-06-04,2025-06-04,2025-06-26,2025-05-28,2025-06-26,True,553,1
709,4jAHbwDbZTU,Couch Investor,PYPL,buy,2026-02-03T14:22:35Z,2026-02-03T15:03:11.800000+00:00,2026-02-03,2026-02-03,before_open,2026-01-05,2026-02-02,2026-01-27,2026-02-02,2026-02-03,2026-02-04,2026-02-03,2026-02-06,2026-02-03,2026-02-10,2026-02-10,2026-03-04,2026-02-03,2026-03-04,False,554,1
710,6nGar-4acY4,Couch Investor,NFLX,buy,2026-01-11T18:47:58Z,2026-01-11T18:53:12.400000+00:00,2026-01-11,2026-01-12,weekend_or_holiday,2025-12-11,2026-01-09,2026-01-05,2026-01-09,2026-01-12,2026-01-13,2026-01-12,2026-01-15,2026-01-12,2026-01-20,2026-01-20,2026-02-10,2026-01-12,2026-02-10,False,555,1
711,BtM-Yexjpt0,The Investor Channel,TSLA,buy,2024-09-20T22:21:39Z,2024-09-20T22:45:48.559000+00:00,2024-09-20,2024-09-20,after_close,2024-08-22,2024-09-19,2024-09-13,2024-09-19,2024-09-20,2024-09-23,2024-09-20,2024-09-25,2024-09-20,2024-09-27,2024-09-27,2024-10-18,2024-09-20,2024-10-18,True,556,1
712,DRbD9NQo9lA,Daniel Pronk,AMZN,buy,2025-05-02T21:38:26Z,2025-05-02T21:43:49.680000+00:00,2025-05-02,2025-05-02,after_close,2025-04-03,2025-05-01,2025-04-25,2025-05-01,2025-05-02,2025-05-05,2025-05-02,2025-05-07,2025-05-02,2025-05-09,2025-05-09,2025-06-02,2025-05-02,2025-06-02,True,557,1
713,DRbD9NQo9lA,Daniel Pronk,GOOGL,buy,2025-05-02T21:38:26Z,2025-05-02T21:48:06.480000+00:00,2025-05-02,2025-05-02,after_close,2025-04-03,2025-05-01,2025-04-25,2025-05-01,2025-05-02,2025-05-05,2025-05-02,2025-05-07,2025-05-02,2025-05-09,2025-05-09,2025-06-02,2025-05-02,2025-06-02,True,558,1
714,HdjAR956Q1s,Daniel Pronk,GOOGL,buy,2025-03-18T22:39:36Z,2025-03-18T22:39:49.440000+00:00,2025-03-18,2025-03-18,after_close,2025-02-18,2025-03-17,2025-03-11,2025-03-17,2025-03-18,2025-03-19,2025-03-18,2025-03-21,2025-03-18,2025-03-25,2025-03-25,2025-04-15,2025-03-18,2025-04-15,True,559,2
715,HdjAR956Q1s,Daniel Pronk,GOOGL,sell,2025-03-18T22:39:36Z,2025-03-18T22:43:03.400000+00:00,2025-03-18,2025-03-18,after_close,2025-02-18,2025-03-17,2025-03-11,2025-03-17,2025-03-18,2025-03-19,2025-03-18,2025-03-21,2025-03-18,2025-03-25,2025-03-25,2025-04-15,2025-03-18,2025-04-15,True,559,2
716,HdjAR956Q1s,Daniel Pronk,AMZN,buy,2025-03-18T22:39:36Z,2025-03-18T22:56:17.199000+00:00,2025-03-18,2025-03-18,after_close,2025-02-18,2025-03-17,2025-03-11,2025-03-17,2025-03-18,2025-03-19,2025-03-18,2025-03-21,2025-03-18,2025-03-25,2025-03-25,2025-04-15,2025-03-18,2025-04-15,True,560,1
717,J9hz_gf9zkU,Jose Najarro Stocks,MSFT,buy,2026-01-29T15:08:26Z,2026-01-29T15:36:35.360000+00:00,2026-01-29,2026-01-29,during_market,2025-12-30,2026-01-28,2026-01-22,2026-01-28,2026-01-29,2026-01-30,2026-01-29,2026-02-03,2026-01-29,2026-02-05,2026-02-05,2026-02-27,2026-01-29,2026-02-27,True,561,1
718,JM26ElOnrOA,Jose Najarro Stocks,AMD,sell,2026-02-04T02:20:37Z,2026-02-04T02:23:56.519000+00:00,2026-02-04,2026-02-04,after_close,2026-01-06,2026-02-03,2026-01-28,2026-02-03,2026-02-04,2026-02-05,2026-02-04,2026-02-09,2026-02-04,2026-02-11,2026-02-11,2026-03-05,2026-02-04,2026-03-05,True,562,9
719,Ks5EmUsapoc,Jose Najarro Stocks,NVDA,sell,2026-02-04T17:21:16Z,2026-02-04T17:27:54+00:00,2026-02-04,2026-02-04,during_market,2026-01-06,2026-02-03,2026-01-28,2026-02-03,2026-02-04,2026-02-05,2026-02-04,2026-02-09,2026-02-04,2026-02-11,2026-02-11,2026-03-05,2026-02-04,2026-03-05,True,563,2
720,Ks5EmUsapoc,Jose Najarro Stocks,NVDA,sell,2026-02-04T17:21:16Z,2026-02-04T17:45:31.840000+00:00,2026-02-04,2026-02-04,during_market,2026-01-06,2026-02-03,2026-01-28,2026-02-03,2026-02-04,2026-02-05,2026-02-04,2026-02-09,2026-02-04,2026-02-11,2026-02-11,2026-03-05,2026-02-04,2026-03-05,True,563,2
721,Ks5EmUsapoc,Jose Najarro Stocks,AMD,buy,2026-02-04T17:21:16Z,2026-02-04T17:26:02+00:00,2026-02-04,2026-02-04,during_market,2026-01-06,2026-02-03,2026-01-28,2026-02-03,2026-02-04,2026-02-05,2026-02-04,2026-02-09,2026-02-04,2026-02-11,2026-02-11,2026-03-05,2026-02-04,2026-03-05,True,562,9
722,Ks5EmUsapoc,Jose Najarro Stocks,AMD,sell,2026-02-04T17:21:16Z,2026-02-04T17:27:54+00:00,2026-02-04,2026-02-04,during_market,2026-01-06,2026-02-03,2026-01-28,2026-02-03,2026-02-04,2026-02-05,2026-02-04,2026-02-09,2026-02-04,2026-02-11,2026-02-11,2026-03-05,2026-02-04,2026-03-05,True,562,9
723,Ks5EmUsapoc,Jose Najarro Stocks,AMD,buy,2026-02-04T17:21:16Z,2026-02-04T17:36:19.199000+00:00,2026-02-04,2026-02-04,during_market,2026-01-06,2026-02-03,2026-01-28,2026-02-03,2026-02-04,2026-02-05,2026-02-04,2026-02-09,2026-02-04,2026-02-11,2026-02-11,2026-03-05,2026-02-04,2026-03-05,True,562,9
724,Ks5EmUsapoc,Jose Najarro Stocks,AMD,sell,2026-02-04T17:21:16Z,2026-02-04T17:45:29.919000+00:00,2026-02-04,2026-02-04,during_market,2026-01-06,2026-02-03,2026-01-28,2026-02-03,2026-02-04,2026-02-05,2026-02-04,2026-02-09,2026-02-04,2026-02-11,2026-02-11,2026-03-05,2026-02-04,2026-03-05,True,562,9
725,Ks5EmUsapoc,Jose Najarro Stocks,AMD,buy,2026-02-04T17:21:16Z,2026-02-04T17:51:17.600000+00:00,2026-02-04,2026-02-04,during_market,2026-01-06,2026-02-03,2026-01-28,2026-02-03,2026-02-04,2026-02-05,2026-02-04,2026-02-09,2026-02-04,2026-02-11,2026-02-11,2026-03-05,2026-02-04,2026-03-05,True,562,9
726,Ks5EmUsapoc,Jose Najarro Stocks,AMD,buy,2026-02-04T17:21:16Z,2026-02-04T18:10:26.079000+00:00,2026-02-04,2026-02-04,during_market,2026-01-06,2026-02-03,2026-01-28,2026-02-03,2026-02-04,2026-02-05,2026-02-04,2026-02-09,2026-02-04,2026-02-11,2026-02-11,2026-03-05,2026-02-04,2026-03-05,True,562,9
727,Ks5EmUsapoc,Jose Najarro Stocks,AMD,buy,2026-02-04T17:21:16Z,2026-02-04T18:10:57.280000+00:00,2026-02-04,2026-02-04,during_market,2026-01-06,2026-02-03,2026-01-28,2026-02-03,2026-02-04,2026-02-05,2026-02-04,2026-02-09,2026-02-04,2026-02-11,2026-02-11,2026-03-05,2026-02-04,2026-03-05,True,562,9
728,Ks5EmUsapoc,Jose Najarro Stocks,AMD,buy,2026-02-04T17:21:16Z,2026-02-04T18:12:49.760000+00:00,2026-02-04,2026-02-04,during_market,2026-01-06,2026-02-03,2026-01-28,2026-02-03,2026-02-04,2026-02-05,2026-02-04,2026-02-09,2026-02-04,2026-02-11,2026-02-11,2026-03-05,2026-02-04,2026-03-05,True,562,9
729,Ks5EmUsapoc,Jose Najarro Stocks,PYPL,buy,2026-02-04T17:21:16Z,2026-02-04T17:33:10.640000+00:00,2026-02-04,2026-02-04,during_market,2026-01-06,2026-02-03,2026-01-28,2026-02-03,2026-02-04,2026-02-05,2026-02-04,2026-02-09,2026-02-04,2026-02-11,2026-02-11,2026-03-05,2026-02-04,2026-03-05,True,564,1
730,Ks5EmUsapoc,Jose Najarro Stocks,META,buy,2026-02-04T17:21:16Z,2026-02-04T17:38:10.720000+00:00,2026-02-04,2026-02-04,during_market,2026-01-06,2026-02-03,2026-01-28,2026-02-03,2026-02-04,2026-02-05,2026-02-04,2026-02-09,2026-02-04,2026-02-11,2026-02-11,2026-03-05,2026-02-04,2026-03-05,True,565,2
731,Ks5EmUsapoc,Jose Najarro Stocks,META,buy,2026-02-04T17:21:16Z,2026-02-04T17:50:27.360000+00:00,2026-02-04,2026-02-04,during_market,2026-01-06,2026-02-03,2026-01-28,2026-02-03,2026-02-04,2026-02-05,2026-02-04,2026-02-09,2026-02-04,2026-02-11,2026-02-11,2026-03-05,2026-02-04,2026-03-05,True,565,2
732,QPYF3JyP9gc,Daniel Pronk,NVDA,buy,2025-04-09T00:19:39Z,2025-04-09T00:21:17.479000+00:00,2025-04-09,2025-04-09,after_close,2025-03-12,2025-04-08,2025-04-02,2025-04-08,2025-04-09,2025-04-10,2025-04-09,2025-04-14,2025-04-09,2025-04-16,2025-04-16,2025-05-08,2025-04-09,2025-05-08,True,566,1
733,R9dud3MgJZ8,Couch Investor,PYPL,buy,2026-01-15T16:10:52Z,2026-01-15T17:44:16.159000+00:00,2026-01-15,2026-01-15,during_market,2025-12-16,2026-01-14,2026-01-08,2026-01-14,2026-01-15,2026-01-16,2026-01-15,2026-01-21,2026-01-15,2026-01-23,2026-01-23,2026-02-13,2026-01-15,2026-02-13,True,567,1
734,ROFEegbRrxY,Jose Najarro Stocks,MSFT,buy,2026-01-30T18:34:48Z,2026-01-30T18:43:56.080000+00:00,2026-01-30,2026-01-30,during_market,2025-12-31,2026-01-29,2026-01-23,2026-01-29,2026-01-30,2026-02-02,2026-01-30,2026-02-04,2026-01-30,2026-02-06,2026-02-06,2026-03-02,2026-01-30,2026-03-02,True,568,3
735,ROFEegbRrxY,Jose Najarro Stocks,MSFT,buy,2026-01-30T18:34:48Z,2026-01-30T19:08:35.840000+00:00,2026-01-30,2026-01-30,during_market,2025-12-31,2026-01-29,2026-01-23,2026-01-29,2026-01-30,2026-02-02,2026-01-30,2026-02-04,2026-01-30,2026-02-06,2026-02-06,2026-03-02,2026-01-30,2026-03-02,True,568,3
736,ROFEegbRrxY,Jose Najarro Stocks,MSFT,buy,2026-01-30T18:34:48Z,2026-01-30T19:20:45.839000+00:00,2026-01-30,2026-01-30,during_market,2025-12-31,2026-01-29,2026-01-23,2026-01-29,2026-01-30,2026-02-02,2026-01-30,2026-02-04,2026-01-30,2026-02-06,2026-02-06,2026-03-02,2026-01-30,2026-03-02,True,568,3
737,ROFEegbRrxY,Jose Najarro Stocks,NVDA,buy,2026-01-30T18:34:48Z,2026-01-30T18:47:29.920000+00:00,2026-01-30,2026-01-30,during_market,2025-12-31,2026-01-29,2026-01-23,2026-01-29,2026-01-30,2026-02-02,2026-01-30,2026-02-04,2026-01-30,2026-02-06,2026-02-06,2026-03-02,2026-01-30,2026-03-02,True,569,1
738,RVeTgcO9X3w,The Investor Channel,MSFT,buy,2024-11-01T23:14:49Z,2024-11-01T23:40:14.159000+00:00,2024-11-01,2024-11-01,after_close,2024-10-04,2024-10-31,2024-10-25,2024-10-31,2024-11-01,2024-11-04,2024-11-01,2024-11-06,2024-11-01,2024-11-08,2024-11-08,2024-12-02,2024-11-01,2024-12-02,True,570,1
739,RwQsEcYrDTo,Daniel Pronk,NFLX,buy,2025-10-22T21:08:56Z,2025-10-22T21:08:56.160000+00:00,2025-10-22,2025-10-22,after_close,2025-09-24,2025-10-21,2025-10-15,2025-10-21,2025-10-22,2025-10-23,2025-10-22,2025-10-27,2025-10-22,2025-10-29,2025-10-29,2025-11-19,2025-10-22,2025-11-19,True,571,1
740,UCgPCZTm3CM,Jose Najarro Stocks,MSFT,buy,2026-02-02T17:12:01Z,2026-02-02T17:13:07.880000+00:00,2026-02-02,2026-02-02,during_market,2026-01-02,2026-01-30,2026-01-26,2026-01-30,2026-02-02,2026-02-03,2026-02-02,2026-02-05,2026-02-02,2026-02-09,2026-02-09,2026-03-03,2026-02-02,2026-03-03,True,572,1
741,UCgPCZTm3CM,Jose Najarro Stocks,NVDA,buy,2026-02-02T17:12:01Z,2026-02-02T18:10:01.880000+00:00,2026-02-02,2026-02-02,during_market,2026-01-02,2026-01-30,2026-01-26,2026-01-30,2026-02-02,2026-02-03,2026-02-02,2026-02-05,2026-02-02,2026-02-09,2026-02-09,2026-03-03,2026-02-02,2026-03-03,True,573,1
742,UCgPCZTm3CM,Jose Najarro Stocks,META,buy,2026-02-02T17:12:01Z,2026-02-02T18:04:59.720000+00:00,2026-02-02,2026-02-02,during_market,2026-01-02,2026-01-30,2026-01-26,2026-01-30,2026-02-02,2026-02-03,2026-02-02,2026-02-05,2026-02-02,2026-02-09,2026-02-09,2026-03-03,2026-02-02,2026-03-03,True,574,1
743,UCgPCZTm3CM,Jose Najarro Stocks,NFLX,buy,2026-02-02T17:12:01Z,2026-02-02T17:49:39.880000+00:00,2026-02-02,2026-02-02,during_market,2026-01-02,2026-01-30,2026-01-26,2026-01-30,2026-02-02,2026-02-03,2026-02-02,2026-02-05,2026-02-02,2026-02-09,2026-02-09,2026-03-03,2026-02-02,2026-03-03,True,575,2
744,UCgPCZTm3CM,Jose Najarro Stocks,NFLX,buy,2026-02-02T17:12:01Z,2026-02-02T18:01:41.319000+00:00,2026-02-02,2026-02-02,during_market,2026-01-02,2026-01-30,2026-01-26,2026-01-30,2026-02-02,2026-02-03,2026-02-02,2026-02-05,2026-02-02,2026-02-09,2026-02-09,2026-03-03,2026-02-02,2026-03-03,True,575,2
745,UECqui19X24,Daniel Pronk,TSLA,buy,2025-04-22T22:36:16Z,2025-04-22T22:38:42.160000+00:00,2025-04-22,2025-04-22,after_close,2025-03-24,2025-04-21,2025-04-14,2025-04-21,2025-04-22,2025-04-23,2025-04-22,2025-04-25,2025-04-22,2025-04-29,2025-04-29,2025-05-20,2025-04-22,2025-05-20,True,576,2
746,UECqui19X24,Daniel Pronk,TSLA,sell,2025-04-22T22:36:16Z,2025-04-22T22:43:03.680000+00:00,2025-04-22,2025-04-22,after_close,2025-03-24,2025-04-21,2025-04-14,2025-04-21,2025-04-22,2025-04-23,2025-04-22,2025-04-25,2025-04-22,2025-04-29,2025-04-29,2025-05-20,2025-04-22,2025-05-20,True,576,2
747,UWMfqa2i1Jc,Jose Najarro Stocks,META,buy,2026-01-29T02:45:50Z,2026-01-29T02:58:28.320000+00:00,2026-01-29,2026-01-29,after_close,2025-12-30,2026-01-28,2026-01-22,2026-01-28,2026-01-29,2026-01-30,2026-01-29,2026-02-03,2026-01-29,2026-02-05,2026-02-05,2026-02-27,2026-01-29,2026-02-27,True,577,1
748,Xn1iyswilSQ,Jose Najarro Stocks,MSFT,buy,2026-02-05T17:15:25Z,2026-02-05T17:21:16.680000+00:00,2026-02-05,2026-02-05,during_market,2026-01-07,2026-02-04,2026-01-29,2026-02-04,2026-02-05,2026-02-06,2026-02-05,2026-02-10,2026-02-05,2026-02-12,2026-02-12,2026-03-06,2026-02-05,2026-03-06,True,578,4
749,Xn1iyswilSQ,Jose Najarro Stocks,MSFT,buy,2026-02-05T17:15:25Z,2026-02-05T17:23:00.199000+00:00,2026-02-05,2026-02-05,during_market,2026-01-07,2026-02-04,2026-01-29,2026-02-04,2026-02-05,2026-02-06,2026-02-05,2026-02-10,2026-02-05,2026-02-12,2026-02-12,2026-03-06,2026-02-05,2026-03-06,True,578,4
750,Xn1iyswilSQ,Jose Najarro Stocks,MSFT,buy,2026-02-05T17:15:25Z,2026-02-05T17:35:28.520000+00:00,2026-02-05,2026-02-05,during_market,2026-01-07,2026-02-04,2026-01-29,2026-02-04,2026-02-05,2026-02-06,2026-02-05,2026-02-10,2026-02-05,2026-02-12,2026-02-12,2026-03-06,2026-02-05,2026-03-06,True,578,4
751,Xn1iyswilSQ,Jose Najarro Stocks,MSFT,buy,2026-02-05T17:15:25Z,2026-02-05T18:09:46.520000+00:00,2026-02-05,2026-02-05,during_market,2026-01-07,2026-02-04,2026-01-29,2026-02-04,2026-02-05,2026-02-06,2026-02-05,2026-02-10,2026-02-05,2026-02-12,2026-02-12,2026-03-06,2026-02-05,2026-03-06,True,578,4
752,Xn1iyswilSQ,Jose Najarro Stocks,TSLA,sell,2026-02-05T17:15:25Z,2026-02-05T17:23:12.039000+00:00,2026-02-05,2026-02-05,during_market,2026-01-07,2026-02-04,2026-01-29,2026-02-04,2026-02-05,2026-02-06,2026-02-05,2026-02-10,2026-02-05,2026-02-12,2026-02-12,2026-03-06,2026-02-05,2026-03-06,True,579,1
753,Xn1iyswilSQ,Jose Najarro Stocks,AMD,buy,2026-02-05T17:15:25Z,2026-02-05T17:28:42.120000+00:00,2026-02-05,2026-02-05,during_market,2026-01-07,2026-02-04,2026-01-29,2026-02-04,2026-02-05,2026-02-06,2026-02-05,2026-02-10,2026-02-05,2026-02-12,2026-02-12,2026-03-06,2026-02-05,2026-03-06,True,580,2
754,Xn1iyswilSQ,Jose Najarro Stocks,AMD,buy,2026-02-05T17:15:25Z,2026-02-05T18:01:44.200000+00:00,2026-02-05,2026-02-05,during_market,2026-01-07,2026-02-04,2026-01-29,2026-02-04,2026-02-05,2026-02-06,2026-02-05,2026-02-10,2026-02-05,2026-02-12,2026-02-12,2026-03-06,2026-02-05,2026-03-06,True,580,2
755,Xn1iyswilSQ,Jose Najarro Stocks,NVDA,buy,2026-02-05T17:15:25Z,2026-02-05T17:31:48.199000+00:00,2026-02-05,2026-02-05,during_market,2026-01-07,2026-02-04,2026-01-29,2026-02-04,2026-02-05,2026-02-06,2026-02-05,2026-02-10,2026-02-05,2026-02-12,2026-02-12,2026-03-06,2026-02-05,2026-03-06,True,581,2
756,Xn1iyswilSQ,Jose Najarro Stocks,NFLX,sell,2026-02-05T17:15:25Z,2026-02-05T17:32:20.120000+00:00,2026-02-05,2026-02-05,during_market,2026-01-07,2026-02-04,2026-01-29,2026-02-04,2026-02-05,2026-02-06,2026-02-05,2026-02-10,2026-02-05,2026-02-12,2026-02-12,2026-03-06,2026-02-05,2026-03-06,True,582,1
757,YImsDJ8hR2A,"Mark Roussin, CPA",GOOGL,buy,2025-06-28T14:00:52Z,2025-06-28T14:04:51.040000+00:00,2025-06-28,2025-06-30,weekend_or_holiday,2025-05-30,2025-06-27,2025-06-23,2025-06-27,2025-06-30,2025-07-01,2025-06-30,2025-07-03,2025-06-30,2025-07-08,2025-07-08,2025-07-29,2025-06-30,2025-07-29,False,583,1
758,_QxILIyoTpY,Daniel Pronk,MSFT,buy,2025-04-04T22:53:28Z,2025-04-04T23:14:55.280000+00:00,2025-04-04,2025-04-04,after_close,2025-03-07,2025-04-03,2025-03-28,2025-04-03,2025-04-04,2025-04-07,2025-04-04,2025-04-09,2025-04-04,2025-04-11,2025-04-11,2025-05-05,2025-04-04,2025-05-05,True,584,1
759,_QxILIyoTpY,Daniel Pronk,AMZN,buy,2025-04-04T22:53:28Z,2025-04-04T23:18:32.800000+00:00,2025-04-04,2025-04-04,after_close,2025-03-07,2025-04-03,2025-03-28,2025-04-03,2025-04-04,2025-04-07,2025-04-04,2025-04-09,2025-04-04,2025-04-11,2025-04-11,2025-05-05,2025-04-04,2025-05-05,True,585,1
760,_WK_pxhuz0I,Dividendology,MSFT,buy,2025-10-13T14:53:21Z,2025-10-13T15:02:36.519000+00:00,2025-10-13,2025-10-13,during_market,2025-09-15,2025-10-10,2025-10-06,2025-10-10,2025-10-13,2025-10-14,2025-10-13,2025-10-16,2025-10-13,2025-10-20,2025-10-20,2025-11-10,2025-10-13,2025-11-10,True,586,1
761,aB-vNHVnZj8,The Investor Channel,NFLX,buy,2024-10-17T21:54:47Z,2024-10-17T21:56:44.520000+00:00,2024-10-17,2024-10-17,after_close,2024-09-19,2024-10-16,2024-10-10,2024-10-16,2024-10-17,2024-10-18,2024-10-17,2024-10-22,2024-10-17,2024-10-24,2024-10-24,2024-11-14,2024-10-17,2024-11-14,True,587,2
762,aB-vNHVnZj8,The Investor Channel,NFLX,buy,2024-10-17T21:54:47Z,2024-10-17T22:03:31.519000+00:00,2024-10-17,2024-10-17,after_close,2024-09-19,2024-10-16,2024-10-10,2024-10-16,2024-10-17,2024-10-18,2024-10-17,2024-10-22,2024-10-17,2024-10-24,2024-10-24,2024-11-14,2024-10-17,2024-11-14,True,587,2
763,m3XqgJCqVIw,The Investor Channel,MSFT,buy,2024-10-30T23:02:46Z,2024-10-30T23:13:19.200000+00:00,2024-10-30,2024-10-30,after_close,2024-10-02,2024-10-29,2024-10-23,2024-10-29,2024-10-30,2024-10-31,2024-10-30,2024-11-04,2024-10-30,2024-11-06,2024-11-06,2024-11-27,2024-10-30,2024-11-27,True,588,1
764,m3XqgJCqVIw,The Investor Channel,GOOGL,buy,2024-10-30T23:02:46Z,2024-10-30T23:13:58+00:00,2024-10-30,2024-10-30,after_close,2024-10-02,2024-10-29,2024-10-23,2024-10-29,2024-10-30,2024-10-31,2024-10-30,2024-11-04,2024-10-30,2024-11-06,2024-11-06,2024-11-27,2024-10-30,2024-11-27,True,589,1
765,o72YzcjiICw,"Mark Roussin, CPA",AMD,buy,2025-07-08T14:01:22Z,2025-07-08T14:05:45.680000+00:00,2025-07-08,2025-07-08,before_open,2025-06-06,2025-07-07,2025-06-30,2025-07-07,2025-07-08,2025-07-09,2025-07-08,2025-07-11,2025-07-08,2025-07-15,2025-07-15,2025-08-05,2025-07-08,2025-08-05,False,590,1
766,o72YzcjiICw,"Mark Roussin, CPA",PYPL,buy,2025-07-08T14:01:22Z,2025-07-08T14:12:15.680000+00:00,2025-07-08,2025-07-08,before_open,2025-06-06,2025-07-07,2025-06-30,2025-07-07,2025-07-08,2025-07-09,2025-07-08,2025-07-11,2025-07-08,2025-07-15,2025-07-15,2025-08-05,2025-07-08,2025-08-05,False,591,1
767,oqzd0wkImYc,Daniel Pronk,GOOGL,buy,2025-04-27T20:44:07Z,2025-04-27T20:49:04.680000+00:00,2025-04-27,2025-04-28,weekend_or_holiday,2025-03-28,2025-04-25,2025-04-21,2025-04-25,2025-04-28,2025-04-29,2025-04-28,2025-05-01,2025-04-28,2025-05-05,2025-05-05,2025-05-27,2025-04-28,2025-05-27,False,592,1
768,pRVAAb8Pdrg,Daniel Pronk,AMZN,sell,2025-03-28T23:34:55Z,2025-03-28T23:34:55.080000+00:00,2025-03-28,2025-03-28,after_close,2025-02-28,2025-03-27,2025-03-21,2025-03-27,2025-03-28,2025-03-31,2025-03-28,2025-04-02,2025-03-28,2025-04-04,2025-04-04,2025-04-28,2025-03-28,2025-04-28,True,593,2
769,pRVAAb8Pdrg,Daniel Pronk,AMZN,buy,2025-03-28T23:34:55Z,2025-03-28T23:39:52.600000+00:00,2025-03-28,2025-03-28,after_close,2025-02-28,2025-03-27,2025-03-21,2025-03-27,2025-03-28,2025-03-31,2025-03-28,2025-04-02,2025-03-28,2025-04-04,2025-04-04,2025-04-28,2025-03-28,2025-04-28,True,593,2
770,pTzz8J-XlYQ,Jose Najarro Stocks,NVDA,buy,2026-02-03T17:08:55Z,2026-02-03T17:55:58.839000+00:00,2026-02-03,2026-02-03,during_market,2026-01-05,2026-02-02,2026-01-27,2026-02-02,2026-02-03,2026-02-04,2026-02-03,2026-02-06,2026-02-03,2026-02-10,2026-02-10,2026-03-04,2026-02-03,2026-03-04,True,594,3
771,rCyVqHoh0Uw,Daniel Pronk,AMZN,sell,2025-04-03T00:04:40Z,2025-04-03T00:04:40.120000+00:00,2025-04-03,2025-04-03,after_close,2025-03-06,2025-04-02,2025-03-27,2025-04-02,2025-04-03,2025-04-04,2025-04-03,2025-04-08,2025-04-03,2025-04-10,2025-04-10,2025-05-02,2025-04-03,2025-05-02,True,595,1
772,syC5FsFwz_I,The Investor Channel,AAPL,buy,2024-11-01T00:06:21Z,2024-11-01T00:15:49.399000+00:00,2024-11-01,2024-11-01,after_close,2024-10-04,2024-10-31,2024-10-25,2024-10-31,2024-11-01,2024-11-04,2024-11-01,2024-11-06,2024-11-01,2024-11-08,2024-11-08,2024-12-02,2024-11-01,2024-12-02,True,596,2
773,syC5FsFwz_I,The Investor Channel,AAPL,buy,2024-11-01T00:06:21Z,2024-11-01T00:17:47.320000+00:00,2024-11-01,2024-11-01,after_close,2024-10-04,2024-10-31,2024-10-25,2024-10-31,2024-11-01,2024-11-04,2024-11-01,2024-11-06,2024-11-01,2024-11-08,2024-11-08,2024-12-02,2024-11-01,2024-12-02,True,596,2
774,tay_WWcsWiE,Jose Najarro Stocks,AMD,buy,2026-02-03T23:42:10Z,2026-02-03T23:44:33.360000+00:00,2026-02-03,2026-02-03,after_close,2026-01-05,2026-02-02,2026-01-27,2026-02-02,2026-02-03,2026-02-04,2026-02-03,2026-02-06,2026-02-03,2026-02-10,2026-02-10,2026-03-04,2026-02-03,2026-03-04,True,597,3
775,tay_WWcsWiE,Jose Najarro Stocks,AMD,buy,2026-02-03T23:42:10Z,2026-02-03T23:53:28.720000+00:00,2026-02-03,2026-02-03,after_close,2026-01-05,2026-02-02,2026-01-27,2026-02-02,2026-02-03,2026-02-04,2026-02-03,2026-02-06,2026-02-03,2026-02-10,2026-02-10,2026-03-04,2026-02-03,2026-03-04,True,597,3
776,tay_WWcsWiE,Jose Najarro Stocks,AMD,sell,2026-02-03T23:42:10Z,2026-02-04T00:41:54.960000+00:00,2026-02-03,2026-02-03,after_close,2026-01-05,2026-02-02,2026-01-27,2026-02-02,2026-02-03,2026-02-04,2026-02-03,2026-02-06,2026-02-03,2026-02-10,2026-02-10,2026-03-04,2026-02-03,2026-03-04,True,597,3
777,tay_WWcsWiE,Jose Najarro Stocks,NVDA,sell,2026-02-03T23:42:10Z,2026-02-04T00:39:48.960000+00:00,2026-02-03,2026-02-03,after_close,2026-01-05,2026-02-02,2026-01-27,2026-02-02,2026-02-03,2026-02-04,2026-02-03,2026-02-06,2026-02-03,2026-02-10,2026-02-10,2026-03-04,2026-02-03,2026-03-04,True,594,3
778,tay_WWcsWiE,Jose Najarro Stocks,NVDA,sell,2026-02-03T23:42:10Z,2026-02-04T00:50:37.440000+00:00,2026-02-03,2026-02-03,after_close,2026-01-05,2026-02-02,2026-01-27,2026-02-02,2026-02-03,2026-02-04,2026-02-03,2026-02-06,2026-02-03,2026-02-10,2026-02-10,2026-03-04,2026-02-03,2026-03-04,True,594,3
779,tay_WWcsWiE,Jose Najarro Stocks,GOOGL,buy,2026-02-03T23:42:10Z,2026-02-04T00:11:41.360000+00:00,2026-02-03,2026-02-03,after_close,2026-01-05,2026-02-02,2026-01-27,2026-02-02,2026-02-03,2026-02-04,2026-02-03,2026-02-06,2026-02-03,2026-02-10,2026-02-10,2026-03-04,2026-02-03,2026-03-04,True,598,1
780,ue7nbewrXzM,The Investor Channel,AAPL,buy,2024-09-27T22:23:27Z,2024-09-27T22:27:48.600000+00:00,2024-09-27,2024-09-27,after_close,2024-08-29,2024-09-26,2024-09-20,2024-09-26,2024-09-27,2024-09-30,2024-09-27,2024-10-02,2024-09-27,2024-10-04,2024-10-04,2024-10-25,2024-09-27,2024-10-25,True,599,1
781,wmxIGGwf9KY,Couch Investor,META,buy,2026-01-28T23:03:22Z,2026-01-28T23:39:39.119000+00:00,2026-01-28,2026-01-28,after_close,2025-12-29,2026-01-27,2026-01-21,2026-01-27,2026-01-28,2026-01-29,2026-01-28,2026-02-02,2026-01-28,2026-02-04,2026-02-04,2026-02-26,2026-01-28,2026-02-26,True,600,1
782,wmxIGGwf9KY,Couch Investor,MSFT,buy,2026-01-28T23:03:22Z,2026-01-28T23:39:39.119000+00:00,2026-01-28,2026-01-28,after_close,2025-12-29,2026-01-27,2026-01-21,2026-01-27,2026-01-28,2026-01-29,2026-01-28,2026-02-02,2026-01-28,2026-02-04,2026-02-04,2026-02-26,2026-01-28,2026-02-26,True,601,2
783,wmxIGGwf9KY,Couch Investor,MSFT,sell,2026-01-28T23:03:22Z,2026-01-29T00:06:02.480000+00:00,2026-01-28,2026-01-28,after_close,2025-12-29,2026-01-27,2026-01-21,2026-01-27,2026-01-28,2026-01-29,2026-01-28,2026-02-02,2026-01-28,2026-02-04,2026-02-04,2026-02-26,2026-01-28,2026-02-26,True,601,2
784,wmxIGGwf9KY,Couch Investor,AMD,buy,2026-01-28T23:03:22Z,2026-01-28T23:29:00.320000+00:00,2026-01-28,2026-01-28,after_close,2025-12-29,2026-01-27,2026-01-21,2026-01-27,2026-01-28,2026-01-29,2026-01-28,2026-02-02,2026-01-28,2026-02-04,2026-02-04,2026-02-26,2026-01-28,2026-02-26,True,602,2
785,wmxIGGwf9KY,Couch Investor,AMD,buy,2026-01-28T23:03:22Z,2026-01-28T23:55:52.800000+00:00,2026-01-28,2026-01-28,after_close,2025-12-29,2026-01-27,2026-01-21,2026-01-27,2026-01-28,2026-01-29,2026-01-28,2026-02-02,2026-01-28,2026-02-04,2026-02-04,2026-02-26,2026-01-28,2026-02-26,True,602,2
786,-0eJaDGdzv4,Couch Investor,NVDA,buy,2026-02-10T23:46:56Z,2026-02-11T02:30:06.800000+00:00,2026-02-10,2026-02-10,after_close,2026-01-12,2026-02-09,2026-02-03,2026-02-09,2026-02-10,2026-02-11,2026-02-10,2026-02-13,2026-02-10,2026-02-18,2026-02-18,2026-03-11,2026-02-10,2026-03-11,True,603,1
787,-aJCvv54OuY,Jose Najarro Stocks,AMD,buy,2026-02-26T17:23:58Z,2026-02-26T17:45:42.400000+00:00,2026-02-26,2026-02-26,during_market,2026-01-28,2026-02-25,2026-02-19,2026-02-25,2026-02-26,2026-02-27,2026-02-26,2026-03-03,2026-02-26,2026-03-05,2026-03-05,2026-03-26,2026-02-26,2026-03-26,True,604,1
788,-hsiLDUX5e8,"Value Investing with Sven Carlin, Ph.D.",AMZN,buy,2026-03-11T13:00:01Z,2026-03-11T13:00:57+00:00,2026-03-11,2026-03-11,before_open,2026-02-10,2026-03-10,2026-03-04,2026-03-10,2026-03-11,2026-03-12,2026-03-11,2026-03-16,2026-03-11,2026-03-18,2026-03-18,2026-04-09,2026-03-11,2026-04-09,False,605,1
789,05dHr2LWjsU,Learn to Invest - Investors Grow,AMD,sell,2022-12-31T13:50:00Z,2022-12-31T13:51:31.200000+00:00,2022-12-31,2023-01-03,weekend_or_holiday,2022-12-02,2022-12-30,2022-12-23,2022-12-30,2023-01-03,2023-01-04,2023-01-03,2023-01-06,2023-01-03,2023-01-10,2023-01-10,2023-02-01,2023-01-03,2023-02-01,False,606,1
790,06V7SVt3GjI,The Investor Channel,MSFT,buy,2025-01-25T01:45:34Z,2025-01-25T02:03:56.880000+00:00,2025-01-25,2025-01-27,weekend_or_holiday,2024-12-24,2025-01-24,2025-01-17,2025-01-24,2025-01-27,2025-01-28,2025-01-27,2025-01-30,2025-01-27,2025-02-03,2025-02-03,2025-02-25,2025-01-27,2025-02-25,False,607,1
791,0JgKITX4Y8s,Couch Investor,PYPL,buy,2026-03-04T23:19:16Z,2026-03-05T00:15:38.280000+00:00,2026-03-04,2026-03-04,after_close,2026-02-03,2026-03-03,2026-02-25,2026-03-03,2026-03-04,2026-03-05,2026-03-04,2026-03-09,2026-03-04,2026-03-11,2026-03-11,2026-04-01,2026-03-04,2026-04-01,True,608,2
792,0JgKITX4Y8s,Couch Investor,PYPL,buy,2026-03-04T23:19:16Z,2026-03-05T00:26:06.280000+00:00,2026-03-04,2026-03-04,after_close,2026-02-03,2026-03-03,2026-02-25,2026-03-03,2026-03-04,2026-03-05,2026-03-04,2026-03-09,2026-03-04,2026-03-11,2026-03-11,2026-04-01,2026-03-04,2026-04-01,True,608,2
793,0OKXg-ufLY4,Investing with Tom,GOOGL,buy,2023-02-26T16:00:00Z,2023-02-26T16:19:50.640000+00:00,2023-02-26,2023-02-27,weekend_or_holiday,2023-01-27,2023-02-24,2023-02-17,2023-02-24,2023-02-27,2023-02-28,2023-02-27,2023-03-02,2023-02-27,2023-03-06,2023-03-06,2023-03-27,2023-02-27,2023-03-27,False,609,1
794,0hFQi22v5l0,Jose Najarro Stocks,AMD,buy,2026-04-23T22:22:42Z,2026-04-23T22:38:59.920000+00:00,2026-04-23,2026-04-23,after_close,2026-03-25,2026-04-22,2026-04-16,2026-04-22,2026-04-23,2026-04-24,2026-04-23,2026-04-28,2026-04-23,2026-04-30,2026-04-30,,2026-04-23,,True,610,1
795,22f21hgEU6s,"Mark Roussin, CPA",UBER,buy,2025-10-07T14:30:01Z,2025-10-07T14:41:45.720000+00:00,2025-10-07,2025-10-07,during_market,2025-09-09,2025-10-06,2025-09-30,2025-10-06,2025-10-07,2025-10-08,2025-10-07,2025-10-10,2025-10-07,2025-10-14,2025-10-14,2025-11-04,2025-10-07,2025-11-04,True,611,1
796,22f21hgEU6s,"Mark Roussin, CPA",AMZN,buy,2025-10-07T14:30:01Z,2025-10-07T14:44:31.800000+00:00,2025-10-07,2025-10-07,during_market,2025-09-09,2025-10-06,2025-09-30,2025-10-06,2025-10-07,2025-10-08,2025-10-07,2025-10-10,2025-10-07,2025-10-14,2025-10-14,2025-11-04,2025-10-07,2025-11-04,True,612,1
797,2SY-Ut8tnSs,"Mark Roussin, CPA",GOOGL,buy,2025-07-23T22:48:47Z,2025-07-23T22:51:48.200000+00:00,2025-07-23,2025-07-23,after_close,2025-06-24,2025-07-22,2025-07-16,2025-07-22,2025-07-23,2025-07-24,2025-07-23,2025-07-28,2025-07-23,2025-07-30,2025-07-30,2025-08-20,2025-07-23,2025-08-20,True,613,1
798,2SY-Ut8tnSs,"Mark Roussin, CPA",TSLA,buy,2025-07-23T22:48:47Z,2025-07-23T22:51:50.599000+00:00,2025-07-23,2025-07-23,after_close,2025-06-24,2025-07-22,2025-07-16,2025-07-22,2025-07-23,2025-07-24,2025-07-23,2025-07-28,2025-07-23,2025-07-30,2025-07-30,2025-08-20,2025-07-23,2025-08-20,True,614,1
799,2khvg8CZC_k,The Investor Channel,AMZN,sell,2025-10-17T22:36:43Z,2025-10-17T22:48:41.160000+00:00,2025-10-17,2025-10-17,after_close,2025-09-19,2025-10-16,2025-10-10,2025-10-16,2025-10-17,2025-10-20,2025-10-17,2025-10-22,2025-10-17,2025-10-24,2025-10-24,2025-11-14,2025-10-17,2025-11-14,True,615,1
800,2khvg8CZC_k,The Investor Channel,MSFT,buy,2025-10-17T22:36:43Z,2025-10-17T23:11:42.680000+00:00,2025-10-17,2025-10-17,after_close,2025-09-19,2025-10-16,2025-10-10,2025-10-16,2025-10-17,2025-10-20,2025-10-17,2025-10-22,2025-10-17,2025-10-24,2025-10-24,2025-11-14,2025-10-17,2025-11-14,True,616,1
801,2tVhdKZH-Qw,The Investor Channel,TSLA,buy,2025-08-29T21:35:06Z,2025-08-29T22:00:33.679000+00:00,2025-08-29,2025-08-29,after_close,2025-08-01,2025-08-28,2025-08-22,2025-08-28,2025-08-29,2025-09-02,2025-08-29,2025-09-04,2025-08-29,2025-09-08,2025-09-08,2025-09-29,2025-08-29,2025-09-29,True,617,1
802,4VeppQ_YKbU,Couch Investor,NVDA,sell,2026-02-26T23:37:25Z,2026-02-26T23:37:26.600000+00:00,2026-02-26,2026-02-26,after_close,2026-01-28,2026-02-25,2026-02-19,2026-02-25,2026-02-26,2026-02-27,2026-02-26,2026-03-03,2026-02-26,2026-03-05,2026-03-05,2026-03-26,2026-02-26,2026-03-26,True,618,2
803,4VeppQ_YKbU,Couch Investor,NVDA,buy,2026-02-26T23:37:25Z,2026-02-27T00:35:55.880000+00:00,2026-02-26,2026-02-26,after_close,2026-01-28,2026-02-25,2026-02-19,2026-02-25,2026-02-26,2026-02-27,2026-02-26,2026-03-03,2026-02-26,2026-03-05,2026-03-05,2026-03-26,2026-02-26,2026-03-26,True,618,2
804,4VeppQ_YKbU,Couch Investor,SOFI,sell,2026-02-26T23:37:25Z,2026-02-27T00:35:02.480000+00:00,2026-02-26,2026-02-26,after_close,2026-01-28,2026-02-25,2026-02-19,2026-02-25,2026-02-26,2026-02-27,2026-02-26,2026-03-03,2026-02-26,2026-03-05,2026-03-05,2026-03-26,2026-02-26,2026-03-26,True,619,1
805,5Cwr9rX3VsE,Jose Najarro Stocks,NVDA,sell,2026-02-20T19:30:45Z,2026-02-20T20:24:15.360000+00:00,2026-02-20,2026-02-20,during_market,2026-01-22,2026-02-19,2026-02-12,2026-02-19,2026-02-20,2026-02-23,2026-02-20,2026-02-25,2026-02-20,2026-02-27,2026-02-27,2026-03-20,2026-02-20,2026-03-20,True,620,1
806,61v6t1y3nbA,Everything Money,META,buy,2026-01-03T12:30:20Z,2026-01-03T13:07:25.400000+00:00,2026-01-03,2026-01-05,weekend_or_holiday,2025-12-04,2026-01-02,2025-12-26,2026-01-02,2026-01-05,2026-01-06,2026-01-05,2026-01-08,2026-01-05,2026-01-12,2026-01-12,2026-02-03,2026-01-05,2026-02-03,False,621,1
807,6EDsN7k3VY0,Investing with Tom,AMZN,sell,2022-10-30T15:00:05Z,2022-10-30T15:04:37.160000+00:00,2022-10-30,2022-10-31,weekend_or_holiday,2022-10-03,2022-10-28,2022-10-24,2022-10-28,2022-10-31,2022-11-01,2022-10-31,2022-11-03,2022-10-31,2022-11-07,2022-11-07,2022-11-29,2022-10-31,2022-11-29,False,622,1
808,6XiCCkvYHIc,Jose Najarro Stocks,NVDA,sell,2026-02-24T18:00:16Z,2026-02-24T18:53:52.400000+00:00,2026-02-24,2026-02-24,during_market,2026-01-26,2026-02-23,2026-02-17,2026-02-23,2026-02-24,2026-02-25,2026-02-24,2026-02-27,2026-02-24,2026-03-03,2026-03-03,2026-03-24,2026-02-24,2026-03-24,True,623,1
809,88zPG2RKrT8,Ale's World of Stocks,MSFT,buy,2026-02-12T14:00:11Z,2026-02-12T14:07:09.479000+00:00,2026-02-12,2026-02-12,before_open,2026-01-14,2026-02-11,2026-02-05,2026-02-11,2026-02-12,2026-02-13,2026-02-12,2026-02-18,2026-02-12,2026-02-20,2026-02-20,2026-03-13,2026-02-12,2026-03-13,False,624,1
810,88zPG2RKrT8,Ale's World of Stocks,AMZN,buy,2026-02-12T14:00:11Z,2026-02-12T14:17:31.319000+00:00,2026-02-12,2026-02-12,before_open,2026-01-14,2026-02-11,2026-02-05,2026-02-11,2026-02-12,2026-02-13,2026-02-12,2026-02-18,2026-02-12,2026-02-20,2026-02-20,2026-03-13,2026-02-12,2026-03-13,False,625,1
811,89lxKPzAWXc,Daniel Pronk,GOOGL,sell,2025-07-25T23:52:42Z,2025-07-26T00:00:04.800000+00:00,2025-07-25,2025-07-25,after_close,2025-06-26,2025-07-24,2025-07-18,2025-07-24,2025-07-25,2025-07-28,2025-07-25,2025-07-30,2025-07-25,2025-08-01,2025-08-01,2025-08-22,2025-07-25,2025-08-22,True,626,1
812,89lxKPzAWXc,Daniel Pronk,NFLX,sell,2025-07-25T23:52:42Z,2025-07-26T00:12:28.160000+00:00,2025-07-25,2025-07-25,after_close,2025-06-26,2025-07-24,2025-07-18,2025-07-24,2025-07-25,2025-07-28,2025-07-25,2025-07-30,2025-07-25,2025-08-01,2025-08-01,2025-08-22,2025-07-25,2025-08-22,True,627,1
813,89lxKPzAWXc,Daniel Pronk,TSLA,buy,2025-07-25T23:52:42Z,2025-07-26T00:19:28.880000+00:00,2025-07-25,2025-07-25,after_close,2025-06-26,2025-07-24,2025-07-18,2025-07-24,2025-07-25,2025-07-28,2025-07-25,2025-07-30,2025-07-25,2025-08-01,2025-08-01,2025-08-22,2025-07-25,2025-08-22,True,628,2
814,89lxKPzAWXc,Daniel Pronk,TSLA,buy,2025-07-25T23:52:42Z,2025-07-26T00:20:04.240000+00:00,2025-07-25,2025-07-25,after_close,2025-06-26,2025-07-24,2025-07-18,2025-07-24,2025-07-25,2025-07-28,2025-07-25,2025-07-30,2025-07-25,2025-08-01,2025-08-01,2025-08-22,2025-07-25,2025-08-22,True,628,2
815,8gBZgigQuJw,The Investor Channel,NFLX,buy,2025-01-21T23:07:29Z,2025-01-21T23:12:14.680000+00:00,2025-01-21,2025-01-21,after_close,2024-12-18,2025-01-17,2025-01-13,2025-01-17,2025-01-21,2025-01-22,2025-01-21,2025-01-24,2025-01-21,2025-01-28,2025-01-28,2025-02-19,2025-01-21,2025-02-19,True,629,1
816,9DRBLkEBAEQ,Daniel Pronk,PYPL,buy,2026-02-03T21:59:44Z,2026-02-03T22:10:35.200000+00:00,2026-02-03,2026-02-03,after_close,2026-01-05,2026-02-02,2026-01-27,2026-02-02,2026-02-03,2026-02-04,2026-02-03,2026-02-06,2026-02-03,2026-02-10,2026-02-10,2026-03-04,2026-02-03,2026-03-04,True,630,1
817,9Le2ETJNoqk,Ale's World of Stocks,GME,buy,2026-01-29T13:00:14Z,2026-01-29T13:00:28.719000+00:00,2026-01-29,2026-01-29,before_open,2025-12-30,2026-01-28,2026-01-22,2026-01-28,2026-01-29,2026-01-30,2026-01-29,2026-02-03,2026-01-29,2026-02-05,2026-02-05,2026-02-27,2026-01-29,2026-02-27,False,631,1
818,9Le2ETJNoqk,Ale's World of Stocks,AMZN,sell,2026-01-29T13:00:14Z,2026-01-29T13:12:30.160000+00:00,2026-01-29,2026-01-29,before_open,2025-12-30,2026-01-28,2026-01-22,2026-01-28,2026-01-29,2026-01-30,2026-01-29,2026-02-03,2026-01-29,2026-02-05,2026-02-05,2026-02-27,2026-01-29,2026-02-27,False,632,1
819,9VLh8B-euGA,Learn to Invest - Investors Grow,MSFT,sell,2024-06-16T16:45:00Z,2024-06-16T16:47:30.160000+00:00,2024-06-16,2024-06-17,weekend_or_holiday,2024-05-17,2024-06-14,2024-06-10,2024-06-14,2024-06-17,2024-06-18,2024-06-17,2024-06-21,2024-06-17,2024-06-25,2024-06-25,2024-07-17,2024-06-17,2024-07-17,False,633,1
820,AlCzv5zsmxo,The Investor Channel,AAPL,sell,2025-01-30T23:48:50Z,2025-01-30T23:57:15.520000+00:00,2025-01-30,2025-01-30,after_close,2024-12-30,2025-01-29,2025-01-23,2025-01-29,2025-01-30,2025-01-31,2025-01-30,2025-02-04,2025-01-30,2025-02-06,2025-02-06,2025-02-28,2025-01-30,2025-02-28,True,634,2
821,AlCzv5zsmxo,The Investor Channel,AAPL,buy,2025-01-30T23:48:50Z,2025-01-31T00:00:02.560000+00:00,2025-01-30,2025-01-30,after_close,2024-12-30,2025-01-29,2025-01-23,2025-01-29,2025-01-30,2025-01-31,2025-01-30,2025-02-04,2025-01-30,2025-02-06,2025-02-06,2025-02-28,2025-01-30,2025-02-28,True,634,2
822,BEicjf5naLk,Jose Najarro Stocks,AMD,buy,2026-03-11T04:18:57Z,2026-03-11T04:31:27.920000+00:00,2026-03-11,2026-03-11,after_close,2026-02-10,2026-03-10,2026-03-04,2026-03-10,2026-03-11,2026-03-12,2026-03-11,2026-03-16,2026-03-11,2026-03-18,2026-03-18,2026-04-09,2026-03-11,2026-04-09,True,635,2
823,BEicjf5naLk,Jose Najarro Stocks,AMD,buy,2026-03-11T04:18:57Z,2026-03-11T04:41:17.720000+00:00,2026-03-11,2026-03-11,after_close,2026-02-10,2026-03-10,2026-03-04,2026-03-10,2026-03-11,2026-03-12,2026-03-11,2026-03-16,2026-03-11,2026-03-18,2026-03-18,2026-04-09,2026-03-11,2026-04-09,True,635,2
824,BEicjf5naLk,Jose Najarro Stocks,META,buy,2026-03-11T04:18:57Z,2026-03-11T04:57:35.880000+00:00,2026-03-11,2026-03-11,after_close,2026-02-10,2026-03-10,2026-03-04,2026-03-10,2026-03-11,2026-03-12,2026-03-11,2026-03-16,2026-03-11,2026-03-18,2026-03-18,2026-04-09,2026-03-11,2026-04-09,True,636,1
825,E2T89zidPF4,The Investor Channel,AAPL,sell,2024-11-23T01:32:07Z,2024-11-23T01:38:45.039000+00:00,2024-11-23,2024-11-25,weekend_or_holiday,2024-10-28,2024-11-22,2024-11-18,2024-11-22,2024-11-25,2024-11-26,2024-11-25,2024-11-29,2024-11-25,2024-12-03,2024-12-03,2024-12-24,2024-11-25,2024-12-24,False,637,1
826,E2T89zidPF4,The Investor Channel,GOOGL,buy,2024-11-23T01:32:07Z,2024-11-23T01:54:32.279000+00:00,2024-11-23,2024-11-25,weekend_or_holiday,2024-10-28,2024-11-22,2024-11-18,2024-11-22,2024-11-25,2024-11-26,2024-11-25,2024-11-29,2024-11-25,2024-12-03,2024-12-03,2024-12-24,2024-11-25,2024-12-24,False,638,2
827,E2T89zidPF4,The Investor Channel,GOOGL,buy,2024-11-23T01:32:07Z,2024-11-23T02:03:26.519000+00:00,2024-11-23,2024-11-25,weekend_or_holiday,2024-10-28,2024-11-22,2024-11-18,2024-11-22,2024-11-25,2024-11-26,2024-11-25,2024-11-29,2024-11-25,2024-12-03,2024-12-03,2024-12-24,2024-11-25,2024-12-24,False,638,2
828,E2T89zidPF4,The Investor Channel,AMZN,buy,2024-11-23T01:32:07Z,2024-11-23T02:01:58.120000+00:00,2024-11-23,2024-11-25,weekend_or_holiday,2024-10-28,2024-11-22,2024-11-18,2024-11-22,2024-11-25,2024-11-26,2024-11-25,2024-11-29,2024-11-25,2024-12-03,2024-12-03,2024-12-24,2024-11-25,2024-12-24,False,639,1
829,FP5G4E07WCM,Everything Money,NVDA,sell,2026-01-05T10:55:00Z,2026-01-05T11:01:33.200000+00:00,2026-01-05,2026-01-05,before_open,2025-12-04,2026-01-02,2025-12-26,2026-01-02,2026-01-05,2026-01-06,2026-01-05,2026-01-08,2026-01-05,2026-01-12,2026-01-12,2026-02-03,2026-01-05,2026-02-03,False,640,1
830,FXQwVHHbuwo,The Investor Channel,AMZN,sell,2025-05-24T01:22:12Z,2025-05-24T01:35:46.720000+00:00,2025-05-24,2025-05-27,weekend_or_holiday,2025-04-28,2025-05-23,2025-05-19,2025-05-23,2025-05-27,2025-05-28,2025-05-27,2025-05-30,2025-05-27,2025-06-03,2025-06-03,2025-06-25,2025-05-27,2025-06-25,False,641,1
831,FXQwVHHbuwo,The Investor Channel,NFLX,buy,2025-05-24T01:22:12Z,2025-05-24T01:40:36.400000+00:00,2025-05-24,2025-05-27,weekend_or_holiday,2025-04-28,2025-05-23,2025-05-19,2025-05-23,2025-05-27,2025-05-28,2025-05-27,2025-05-30,2025-05-27,2025-06-03,2025-06-03,2025-06-25,2025-05-27,2025-06-25,False,642,1
832,GKtXZWCwFPQ,Daniel Pronk,NVDA,buy,2025-11-13T00:30:07Z,2025-11-13T00:37:01.319000+00:00,2025-11-13,2025-11-13,after_close,2025-10-16,2025-11-12,2025-11-06,2025-11-12,2025-11-13,2025-11-14,2025-11-13,2025-11-18,2025-11-13,2025-11-20,2025-11-20,2025-12-12,2025-11-13,2025-12-12,True,643,2
833,GKtXZWCwFPQ,Daniel Pronk,NVDA,buy,2025-11-13T00:30:07Z,2025-11-13T00:37:39.319000+00:00,2025-11-13,2025-11-13,after_close,2025-10-16,2025-11-12,2025-11-06,2025-11-12,2025-11-13,2025-11-14,2025-11-13,2025-11-18,2025-11-13,2025-11-20,2025-11-20,2025-12-12,2025-11-13,2025-12-12,True,643,2
834,GL4CpYiaUb0,Jose Najarro Stocks,NVDA,buy,2026-02-05T23:31:59Z,2026-02-05T23:39:02.759000+00:00,2026-02-05,2026-02-05,after_close,2026-01-07,2026-02-04,2026-01-29,2026-02-04,2026-02-05,2026-02-06,2026-02-05,2026-02-10,2026-02-05,2026-02-12,2026-02-12,2026-03-06,2026-02-05,2026-03-06,True,581,2
835,GT3JCVOftkw,"Parkev Tatevosian, CFA",SOFI,buy,2026-05-06T10:45:05Z,2026-05-06T10:49:44.560000+00:00,2026-05-06,2026-05-06,before_open,2026-04-08,2026-05-05,2026-04-29,2026-05-05,2026-05-06,2026-05-07,2026-05-06,2026-05-11,2026-05-06,2026-05-13,2026-05-13,,2026-05-06,,False,644,2
836,GT3JCVOftkw,"Parkev Tatevosian, CFA",SOFI,buy,2026-05-06T10:45:05Z,2026-05-06T10:56:23.760000+00:00,2026-05-06,2026-05-06,before_open,2026-04-08,2026-05-05,2026-04-29,2026-05-05,2026-05-06,2026-05-07,2026-05-06,2026-05-11,2026-05-06,2026-05-13,2026-05-13,,2026-05-06,,False,644,2
837,GaK9N1jUFR4,Jose Najarro Stocks,AMZN,buy,2026-04-29T01:34:32Z,2026-04-29T01:40:30.120000+00:00,2026-04-29,2026-04-29,after_close,2026-03-31,2026-04-28,2026-04-22,2026-04-28,2026-04-29,2026-04-30,2026-04-29,2026-05-04,2026-04-29,2026-05-06,2026-05-06,,2026-04-29,,True,645,1
838,GeqEjvs1vFQ,The Investor Channel,AAPL,buy,2025-11-22T00:05:21Z,2025-11-22T00:16:59.880000+00:00,2025-11-22,2025-11-24,weekend_or_holiday,2025-10-27,2025-11-21,2025-11-17,2025-11-21,2025-11-24,2025-11-25,2025-11-24,2025-11-28,2025-11-24,2025-12-02,2025-12-02,2025-12-23,2025-11-24,2025-12-23,False,646,1
839,HaNkGELV_uk,Jose Najarro Stocks,AMZN,buy,2026-02-09T18:02:24Z,2026-02-09T18:15:10.160000+00:00,2026-02-09,2026-02-09,during_market,2026-01-09,2026-02-06,2026-02-02,2026-02-06,2026-02-09,2026-02-10,2026-02-09,2026-02-12,2026-02-09,2026-02-17,2026-02-17,2026-03-10,2026-02-09,2026-03-10,True,647,2
840,HaNkGELV_uk,Jose Najarro Stocks,AMZN,buy,2026-02-09T18:02:24Z,2026-02-09T18:33:03.120000+00:00,2026-02-09,2026-02-09,during_market,2026-01-09,2026-02-06,2026-02-02,2026-02-06,2026-02-09,2026-02-10,2026-02-09,2026-02-12,2026-02-09,2026-02-17,2026-02-17,2026-03-10,2026-02-09,2026-03-10,True,647,2
841,HaNkGELV_uk,Jose Najarro Stocks,UBER,buy,2026-02-09T18:02:24Z,2026-02-09T19:24:16.440000+00:00,2026-02-09,2026-02-09,during_market,2026-01-09,2026-02-06,2026-02-02,2026-02-06,2026-02-09,2026-02-10,2026-02-09,2026-02-12,2026-02-09,2026-02-17,2026-02-17,2026-03-10,2026-02-09,2026-03-10,True,648,1
842,HaNkGELV_uk,Jose Najarro Stocks,GOOGL,buy,2026-02-09T18:02:24Z,2026-02-09T18:36:54.480000+00:00,2026-02-09,2026-02-09,during_market,2026-01-09,2026-02-06,2026-02-02,2026-02-06,2026-02-09,2026-02-10,2026-02-09,2026-02-12,2026-02-09,2026-02-17,2026-02-17,2026-03-10,2026-02-09,2026-03-10,True,649,1
843,HaNkGELV_uk,Jose Najarro Stocks,NVDA,buy,2026-02-09T18:02:24Z,2026-02-09T18:56:32.080000+00:00,2026-02-09,2026-02-09,during_market,2026-01-09,2026-02-06,2026-02-02,2026-02-06,2026-02-09,2026-02-10,2026-02-09,2026-02-12,2026-02-09,2026-02-17,2026-02-17,2026-03-10,2026-02-09,2026-03-10,True,650,1
844,HaNkGELV_uk,Jose Najarro Stocks,SOFI,buy,2026-02-09T18:02:24Z,2026-02-09T18:50:30.520000+00:00,2026-02-09,2026-02-09,during_market,2026-01-09,2026-02-06,2026-02-02,2026-02-06,2026-02-09,2026-02-10,2026-02-09,2026-02-12,2026-02-09,2026-02-17,2026-02-17,2026-03-10,2026-02-09,2026-03-10,True,651,2
845,HaNkGELV_uk,Jose Najarro Stocks,SOFI,buy,2026-02-09T18:02:24Z,2026-02-09T19:24:52.480000+00:00,2026-02-09,2026-02-09,during_market,2026-01-09,2026-02-06,2026-02-02,2026-02-06,2026-02-09,2026-02-10,2026-02-09,2026-02-12,2026-02-09,2026-02-17,2026-02-17,2026-03-10,2026-02-09,2026-03-10,True,651,2
846,IZgE6qE8cCs,Jose Najarro Stocks,NVDA,buy,2026-02-25T17:46:52Z,2026-02-25T18:11:06.400000+00:00,2026-02-25,2026-02-25,during_market,2026-01-27,2026-02-24,2026-02-18,2026-02-24,2026-02-25,2026-02-26,2026-02-25,2026-03-02,2026-02-25,2026-03-04,2026-03-04,2026-03-25,2026-02-25,2026-03-25,True,652,2
847,IZgE6qE8cCs,Jose Najarro Stocks,NVDA,buy,2026-02-25T17:46:52Z,2026-02-25T18:12:52.240000+00:00,2026-02-25,2026-02-25,during_market,2026-01-27,2026-02-24,2026-02-18,2026-02-24,2026-02-25,2026-02-26,2026-02-25,2026-03-02,2026-02-25,2026-03-04,2026-03-04,2026-03-25,2026-02-25,2026-03-25,True,652,2
848,IZgE6qE8cCs,Jose Najarro Stocks,AMD,sell,2026-02-25T17:46:52Z,2026-02-25T18:33:52.480000+00:00,2026-02-25,2026-02-25,during_market,2026-01-27,2026-02-24,2026-02-18,2026-02-24,2026-02-25,2026-02-26,2026-02-25,2026-03-02,2026-02-25,2026-03-04,2026-03-04,2026-03-25,2026-02-25,2026-03-25,True,653,1
849,K815zINuzYQ,Couch Investor,SOFI,buy,2026-04-09T13:22:12Z,2026-04-09T13:22:12+00:00,2026-04-09,2026-04-09,before_open,2026-03-11,2026-04-08,2026-04-01,2026-04-08,2026-04-09,2026-04-10,2026-04-09,2026-04-14,2026-04-09,2026-04-16,2026-04-16,2026-05-07,2026-04-09,2026-05-07,False,654,4
850,K815zINuzYQ,Couch Investor,SOFI,buy,2026-04-09T13:22:12Z,2026-04-09T13:22:17.680000+00:00,2026-04-09,2026-04-09,before_open,2026-03-11,2026-04-08,2026-04-01,2026-04-08,2026-04-09,2026-04-10,2026-04-09,2026-04-14,2026-04-09,2026-04-16,2026-04-16,2026-05-07,2026-04-09,2026-05-07,False,654,4
851,K815zINuzYQ,Couch Investor,SOFI,buy,2026-04-09T13:22:12Z,2026-04-09T13:32:38.040000+00:00,2026-04-09,2026-04-09,before_open,2026-03-11,2026-04-08,2026-04-01,2026-04-08,2026-04-09,2026-04-10,2026-04-09,2026-04-14,2026-04-09,2026-04-16,2026-04-16,2026-05-07,2026-04-09,2026-05-07,False,654,4
852,K815zINuzYQ,Couch Investor,SOFI,buy,2026-04-09T13:22:12Z,2026-04-09T13:33:19.160000+00:00,2026-04-09,2026-04-09,before_open,2026-03-11,2026-04-08,2026-04-01,2026-04-08,2026-04-09,2026-04-10,2026-04-09,2026-04-14,2026-04-09,2026-04-16,2026-04-16,2026-05-07,2026-04-09,2026-05-07,False,654,4
853,KPJ44s9LNfk,"Parkev Tatevosian, CFA",AMZN,buy,2026-05-02T21:56:09Z,2026-05-02T21:56:11.440000+00:00,2026-05-02,2026-05-04,weekend_or_holiday,2026-04-06,2026-05-01,2026-04-27,2026-05-01,2026-05-04,2026-05-05,2026-05-04,2026-05-07,2026-05-04,2026-05-11,2026-05-11,,2026-05-04,,False,655,1
854,KPJ44s9LNfk,"Parkev Tatevosian, CFA",META,buy,2026-05-02T21:56:09Z,2026-05-02T21:57:03.800000+00:00,2026-05-02,2026-05-04,weekend_or_holiday,2026-04-06,2026-05-01,2026-04-27,2026-05-01,2026-05-04,2026-05-05,2026-05-04,2026-05-07,2026-05-04,2026-05-11,2026-05-11,,2026-05-04,,False,656,1
855,KPJ44s9LNfk,"Parkev Tatevosian, CFA",NFLX,buy,2026-05-02T21:56:09Z,2026-05-02T21:58:39.040000+00:00,2026-05-02,2026-05-04,weekend_or_holiday,2026-04-06,2026-05-01,2026-04-27,2026-05-01,2026-05-04,2026-05-05,2026-05-04,2026-05-07,2026-05-04,2026-05-11,2026-05-11,,2026-05-04,,False,657,1
856,KPJ44s9LNfk,"Parkev Tatevosian, CFA",NVDA,buy,2026-05-02T21:56:09Z,2026-05-02T21:59:11.280000+00:00,2026-05-02,2026-05-04,weekend_or_holiday,2026-04-06,2026-05-01,2026-04-27,2026-05-01,2026-05-04,2026-05-05,2026-05-04,2026-05-07,2026-05-04,2026-05-11,2026-05-11,,2026-05-04,,False,658,1
857,KPJ44s9LNfk,"Parkev Tatevosian, CFA",UBER,sell,2026-05-02T21:56:09Z,2026-05-02T22:01:11.560000+00:00,2026-05-02,2026-05-04,weekend_or_holiday,2026-04-06,2026-05-01,2026-04-27,2026-05-01,2026-05-04,2026-05-05,2026-05-04,2026-05-07,2026-05-04,2026-05-11,2026-05-11,,2026-05-04,,False,659,1
858,KkwARDjcjjg,Learn to Invest - Investors Grow,MSFT,buy,2025-04-06T12:05:00Z,2025-04-06T12:14:22.399000+00:00,2025-04-06,2025-04-07,weekend_or_holiday,2025-03-10,2025-04-04,2025-03-31,2025-04-04,2025-04-07,2025-04-08,2025-04-07,2025-04-10,2025-04-07,2025-04-14,2025-04-14,2025-05-06,2025-04-07,2025-05-06,False,660,1
859,KqvdR_iAHQs,The Investor Channel,AMZN,sell,2025-07-11T21:39:59Z,2025-07-11T21:46:23.240000+00:00,2025-07-11,2025-07-11,after_close,2025-06-11,2025-07-10,2025-07-03,2025-07-10,2025-07-11,2025-07-14,2025-07-11,2025-07-16,2025-07-11,2025-07-18,2025-07-18,2025-08-08,2025-07-11,2025-08-08,True,661,1
860,Kr-0EQVTWxs,Couch Investor,NVDA,buy,2026-02-05T23:32:34Z,2026-02-05T23:39:37.759000+00:00,2026-02-05,2026-02-05,after_close,2026-01-07,2026-02-04,2026-01-29,2026-02-04,2026-02-05,2026-02-06,2026-02-05,2026-02-10,2026-02-05,2026-02-12,2026-02-12,2026-03-06,2026-02-05,2026-03-06,True,662,1
861,LPOmLXLY7HE,Couch Investor,AMD,buy,2026-03-01T17:42:49Z,2026-03-01T17:57:37.320000+00:00,2026-03-01,2026-03-02,weekend_or_holiday,2026-01-30,2026-02-27,2026-02-23,2026-02-27,2026-03-02,2026-03-03,2026-03-02,2026-03-05,2026-03-02,2026-03-09,2026-03-09,2026-03-30,2026-03-02,2026-03-30,False,663,1
862,Lmdxc9mER4M,Learn to Invest - Investors Grow,MSFT,buy,2023-01-26T13:45:01Z,2023-01-26T13:46:11.260000+00:00,2023-01-26,2023-01-26,before_open,2022-12-27,2023-01-25,2023-01-19,2023-01-25,2023-01-26,2023-01-27,2023-01-26,2023-01-31,2023-01-26,2023-02-02,2023-02-02,2023-02-24,2023-01-26,2023-02-24,False,664,1
863,Lmdxc9mER4M,Learn to Invest - Investors Grow,GOOGL,buy,2023-01-26T13:45:01Z,2023-01-26T13:46:41.079000+00:00,2023-01-26,2023-01-26,before_open,2022-12-27,2023-01-25,2023-01-19,2023-01-25,2023-01-26,2023-01-27,2023-01-26,2023-01-31,2023-01-26,2023-02-02,2023-02-02,2023-02-24,2023-01-26,2023-02-24,False,665,1
864,Lmdxc9mER4M,Learn to Invest - Investors Grow,AAPL,buy,2023-01-26T13:45:01Z,2023-01-26T13:51:15.460000+00:00,2023-01-26,2023-01-26,before_open,2022-12-27,2023-01-25,2023-01-19,2023-01-25,2023-01-26,2023-01-27,2023-01-26,2023-01-31,2023-01-26,2023-02-02,2023-02-02,2023-02-24,2023-01-26,2023-02-24,False,666,1
865,Lmdxc9mER4M,Learn to Invest - Investors Grow,DIS,buy,2023-01-26T13:45:01Z,2023-01-26T13:55:02.019000+00:00,2023-01-26,2023-01-26,before_open,2022-12-27,2023-01-25,2023-01-19,2023-01-25,2023-01-26,2023-01-27,2023-01-26,2023-01-31,2023-01-26,2023-02-02,2023-02-02,2023-02-24,2023-01-26,2023-02-24,False,667,2
866,Lmdxc9mER4M,Learn to Invest - Investors Grow,DIS,buy,2023-01-26T13:45:01Z,2023-01-26T13:55:34+00:00,2023-01-26,2023-01-26,before_open,2022-12-27,2023-01-25,2023-01-19,2023-01-25,2023-01-26,2023-01-27,2023-01-26,2023-01-31,2023-01-26,2023-02-02,2023-02-02,2023-02-24,2023-01-26,2023-02-24,False,667,2
867,MiibryTnAjo,Learn to Invest - Investors Grow,MSFT,buy,2025-03-16T11:20:00Z,2025-03-16T11:23:46.879000+00:00,2025-03-16,2025-03-17,weekend_or_holiday,2025-02-14,2025-03-14,2025-03-10,2025-03-14,2025-03-17,2025-03-18,2025-03-17,2025-03-20,2025-03-17,2025-03-24,2025-03-24,2025-04-14,2025-03-17,2025-04-14,False,668,1
868,MpFapZJ2JMU,Couch Investor,NFLX,buy,2026-02-15T18:24:20Z,2026-02-15T18:30:04.320000+00:00,2026-02-15,2026-02-17,weekend_or_holiday,2026-01-16,2026-02-13,2026-02-09,2026-02-13,2026-02-17,2026-02-18,2026-02-17,2026-02-20,2026-02-17,2026-02-24,2026-02-24,2026-03-17,2026-02-17,2026-03-17,False,669,1
869,MpFapZJ2JMU,Couch Investor,SOFI,buy,2026-02-15T18:24:20Z,2026-02-15T18:30:16.800000+00:00,2026-02-15,2026-02-17,weekend_or_holiday,2026-01-16,2026-02-13,2026-02-09,2026-02-13,2026-02-17,2026-02-18,2026-02-17,2026-02-20,2026-02-17,2026-02-24,2026-02-24,2026-03-17,2026-02-17,2026-03-17,False,670,1
870,NAZpNXvK3aE,Jose Najarro Stocks,TSLA,buy,2026-04-22T22:59:32Z,2026-04-23T01:42:02.560000+00:00,2026-04-22,2026-04-22,after_close,2026-03-24,2026-04-21,2026-04-15,2026-04-21,2026-04-22,2026-04-23,2026-04-22,2026-04-27,2026-04-22,2026-04-29,2026-04-29,,2026-04-22,,True,671,2
871,NAZpNXvK3aE,Jose Najarro Stocks,TSLA,buy,2026-04-22T22:59:32Z,2026-04-23T01:44:35.120000+00:00,2026-04-22,2026-04-22,after_close,2026-03-24,2026-04-21,2026-04-15,2026-04-21,2026-04-22,2026-04-23,2026-04-22,2026-04-27,2026-04-22,2026-04-29,2026-04-29,,2026-04-22,,True,671,2
872,NAZpNXvK3aE,Jose Najarro Stocks,AMD,buy,2026-04-22T22:59:32Z,2026-04-23T01:48:23.600000+00:00,2026-04-22,2026-04-22,after_close,2026-03-24,2026-04-21,2026-04-15,2026-04-21,2026-04-22,2026-04-23,2026-04-22,2026-04-27,2026-04-22,2026-04-29,2026-04-29,,2026-04-22,,True,672,1
873,NAZpNXvK3aE,Jose Najarro Stocks,NVDA,buy,2026-04-22T22:59:32Z,2026-04-23T01:48:23.600000+00:00,2026-04-22,2026-04-22,after_close,2026-03-24,2026-04-21,2026-04-15,2026-04-21,2026-04-22,2026-04-23,2026-04-22,2026-04-27,2026-04-22,2026-04-29,2026-04-29,,2026-04-22,,True,673,1
874,NAZpNXvK3aE,Jose Najarro Stocks,GOOGL,buy,2026-04-22T22:59:32Z,2026-04-23T01:48:25.279000+00:00,2026-04-22,2026-04-22,after_close,2026-03-24,2026-04-21,2026-04-15,2026-04-21,2026-04-22,2026-04-23,2026-04-22,2026-04-27,2026-04-22,2026-04-29,2026-04-29,,2026-04-22,,True,674,1
875,NAZpNXvK3aE,Jose Najarro Stocks,AMZN,buy,2026-04-22T22:59:32Z,2026-04-23T01:48:25.279000+00:00,2026-04-22,2026-04-22,after_close,2026-03-24,2026-04-21,2026-04-15,2026-04-21,2026-04-22,2026-04-23,2026-04-22,2026-04-27,2026-04-22,2026-04-29,2026-04-29,,2026-04-22,,True,675,1
876,NLag_b_QXhk,Jose Najarro Stocks,AMZN,buy,2026-02-10T17:38:15Z,2026-02-10T18:31:42.040000+00:00,2026-02-10,2026-02-10,during_market,2026-01-12,2026-02-09,2026-02-03,2026-02-09,2026-02-10,2026-02-11,2026-02-10,2026-02-13,2026-02-10,2026-02-18,2026-02-18,2026-03-11,2026-02-10,2026-03-11,True,676,1
877,NLag_b_QXhk,Jose Najarro Stocks,NVDA,buy,2026-02-10T17:38:15Z,2026-02-10T18:33:22.440000+00:00,2026-02-10,2026-02-10,during_market,2026-01-12,2026-02-09,2026-02-03,2026-02-09,2026-02-10,2026-02-11,2026-02-10,2026-02-13,2026-02-10,2026-02-18,2026-02-18,2026-03-11,2026-02-10,2026-03-11,True,677,1
878,OLLhwiT-fMg,Daniel Pronk,AMZN,sell,2026-02-05T23:28:57Z,2026-02-05T23:30:48.759000+00:00,2026-02-05,2026-02-05,after_close,2026-01-07,2026-02-04,2026-01-29,2026-02-04,2026-02-05,2026-02-06,2026-02-05,2026-02-10,2026-02-05,2026-02-12,2026-02-12,2026-03-06,2026-02-05,2026-03-06,True,678,2
879,OLLhwiT-fMg,Daniel Pronk,AMZN,buy,2026-02-05T23:28:57Z,2026-02-05T23:44:22.120000+00:00,2026-02-05,2026-02-05,after_close,2026-01-07,2026-02-04,2026-01-29,2026-02-04,2026-02-05,2026-02-06,2026-02-05,2026-02-10,2026-02-05,2026-02-12,2026-02-12,2026-03-06,2026-02-05,2026-03-06,True,678,2
880,OYDczFnn2BA,Couch Investor,NVDA,buy,2026-04-01T17:01:02Z,2026-04-01T17:06:07.199000+00:00,2026-04-01,2026-04-01,during_market,2026-03-04,2026-03-31,2026-03-25,2026-03-31,2026-04-01,2026-04-02,2026-04-01,2026-04-07,2026-04-01,2026-04-09,2026-04-09,2026-04-30,2026-04-01,2026-04-30,True,679,2
881,OYDczFnn2BA,Couch Investor,NVDA,buy,2026-04-01T17:01:02Z,2026-04-01T17:16:50.480000+00:00,2026-04-01,2026-04-01,during_market,2026-03-04,2026-03-31,2026-03-25,2026-03-31,2026-04-01,2026-04-02,2026-04-01,2026-04-07,2026-04-01,2026-04-09,2026-04-09,2026-04-30,2026-04-01,2026-04-30,True,679,2
882,OyB-iFndK3M,Jose Najarro Stocks,GOOGL,buy,2026-04-29T22:58:34Z,2026-04-29T23:40:56.880000+00:00,2026-04-29,2026-04-29,after_close,2026-03-31,2026-04-28,2026-04-22,2026-04-28,2026-04-29,2026-04-30,2026-04-29,2026-05-04,2026-04-29,2026-05-06,2026-05-06,,2026-04-29,,True,680,1
883,P3PyYK1o7yw,The Investor Channel,NVDA,buy,2025-02-01T02:30:00Z,2025-02-01T03:02:03.279000+00:00,2025-02-01,2025-02-03,weekend_or_holiday,2025-01-02,2025-01-31,2025-01-27,2025-01-31,2025-02-03,2025-02-04,2025-02-03,2025-02-06,2025-02-03,2025-02-10,2025-02-10,2025-03-04,2025-02-03,2025-03-04,False,681,1
884,P3PyYK1o7yw,The Investor Channel,NFLX,buy,2025-02-01T02:30:00Z,2025-02-01T03:01:59.519000+00:00,2025-02-01,2025-02-03,weekend_or_holiday,2025-01-02,2025-01-31,2025-01-27,2025-01-31,2025-02-03,2025-02-04,2025-02-03,2025-02-06,2025-02-03,2025-02-10,2025-02-10,2025-03-04,2025-02-03,2025-03-04,False,682,1
885,P3PyYK1o7yw,The Investor Channel,MSFT,buy,2025-02-01T02:30:00Z,2025-02-01T03:04:19.879000+00:00,2025-02-01,2025-02-03,weekend_or_holiday,2025-01-02,2025-01-31,2025-01-27,2025-01-31,2025-02-03,2025-02-04,2025-02-03,2025-02-06,2025-02-03,2025-02-10,2025-02-10,2025-03-04,2025-02-03,2025-03-04,False,683,1
886,QIAWUXXSoQM,The Swedish Investor,AAPL,buy,2020-04-30T06:26:20Z,2020-04-30T06:44:51.230000+00:00,2020-04-30,2020-04-30,before_open,2020-04-01,2020-04-29,2020-04-23,2020-04-29,2020-04-30,2020-05-01,2020-04-30,2020-05-05,2020-04-30,2020-05-07,2020-05-07,2020-05-29,2020-04-30,2020-05-29,False,684,1
887,Qh8aI14uZ48,The Investor Channel,META,buy,2026-01-16T23:25:25Z,2026-01-16T23:49:27+00:00,2026-01-16,2026-01-16,after_close,2025-12-17,2026-01-15,2026-01-09,2026-01-15,2026-01-16,2026-01-20,2026-01-16,2026-01-22,2026-01-16,2026-01-26,2026-01-26,2026-02-17,2026-01-16,2026-02-17,True,685,1
888,Ro2fVhXze58,Investing with Tom,MSFT,buy,2022-11-17T17:30:03Z,2022-11-17T17:33:35.220000+00:00,2022-11-17,2022-11-17,during_market,2022-10-20,2022-11-16,2022-11-10,2022-11-16,2022-11-17,2022-11-18,2022-11-17,2022-11-22,2022-11-17,2022-11-25,2022-11-25,2022-12-16,2022-11-17,2022-12-16,True,686,1
889,SmljtuGoV7s,The Investor Channel,NVDA,sell,2025-08-22T22:55:24Z,2025-08-22T22:55:24.080000+00:00,2025-08-22,2025-08-22,after_close,2025-07-25,2025-08-21,2025-08-15,2025-08-21,2025-08-22,2025-08-25,2025-08-22,2025-08-27,2025-08-22,2025-08-29,2025-08-29,2025-09-22,2025-08-22,2025-09-22,True,687,1
890,SmljtuGoV7s,The Investor Channel,AAPL,buy,2025-08-22T22:55:24Z,2025-08-22T23:15:17.840000+00:00,2025-08-22,2025-08-22,after_close,2025-07-25,2025-08-21,2025-08-15,2025-08-21,2025-08-22,2025-08-25,2025-08-22,2025-08-27,2025-08-22,2025-08-29,2025-08-29,2025-09-22,2025-08-22,2025-09-22,True,688,1
891,SuGaHKOvBPY,The Investor Channel,NVDA,buy,2026-01-24T00:11:49Z,2026-01-24T00:39:26.679000+00:00,2026-01-24,2026-01-26,weekend_or_holiday,2025-12-24,2026-01-23,2026-01-16,2026-01-23,2026-01-26,2026-01-27,2026-01-26,2026-01-29,2026-01-26,2026-02-02,2026-02-02,2026-02-24,2026-01-26,2026-02-24,False,689,1
892,UDnrbOicxiI,Daniel Pronk,NVDA,buy,2025-08-28T23:51:09Z,2025-08-29T00:18:27.799000+00:00,2025-08-28,2025-08-28,after_close,2025-07-31,2025-08-27,2025-08-21,2025-08-27,2025-08-28,2025-08-29,2025-08-28,2025-09-03,2025-08-28,2025-09-05,2025-09-05,2025-09-26,2025-08-28,2025-09-26,True,690,1
893,XiAXdtD9Gsg,The Investor Channel,AAPL,buy,2025-10-31T22:28:41Z,2025-10-31T22:51:07+00:00,2025-10-31,2025-10-31,after_close,2025-10-03,2025-10-30,2025-10-24,2025-10-30,2025-10-31,2025-11-03,2025-10-31,2025-11-05,2025-10-31,2025-11-07,2025-11-07,2025-12-01,2025-10-31,2025-12-01,True,691,1
894,YainaNr8tPw,The Investor Channel,AMD,buy,2025-02-04T22:39:15Z,2025-02-04T22:39:43.320000+00:00,2025-02-04,2025-02-04,after_close,2025-01-03,2025-02-03,2025-01-28,2025-02-03,2025-02-04,2025-02-05,2025-02-04,2025-02-07,2025-02-04,2025-02-11,2025-02-11,2025-03-05,2025-02-04,2025-03-05,True,692,1
895,ZQeoYO8ZdfY,Daniel Pronk,GOOGL,buy,2025-10-30T21:04:30Z,2025-10-30T21:45:40.840000+00:00,2025-10-30,2025-10-30,after_close,2025-10-02,2025-10-29,2025-10-23,2025-10-29,2025-10-30,2025-10-31,2025-10-30,2025-11-04,2025-10-30,2025-11-06,2025-11-06,2025-11-28,2025-10-30,2025-11-28,True,693,1
896,ZRaTSAxYCBk,"Parkev Tatevosian, CFA",PLTR,buy,2026-04-30T12:45:05Z,2026-04-30T12:50:52.880000+00:00,2026-04-30,2026-04-30,before_open,2026-04-01,2026-04-29,2026-04-23,2026-04-29,2026-04-30,2026-05-01,2026-04-30,2026-05-05,2026-04-30,2026-05-07,2026-05-07,,2026-04-30,,False,694,1
897,ZTHRbIdPkOw,Daniel Pronk,MSFT,buy,2025-08-01T21:49:16Z,2025-08-01T22:10:13.280000+00:00,2025-08-01,2025-08-01,after_close,2025-07-03,2025-07-31,2025-07-25,2025-07-31,2025-08-01,2025-08-04,2025-08-01,2025-08-06,2025-08-01,2025-08-08,2025-08-08,2025-08-29,2025-08-01,2025-08-29,True,695,1
898,ZgzDmoaQPzw,Jose Najarro Stocks,AMZN,buy,2026-02-06T18:01:18Z,2026-02-06T18:05:12.799000+00:00,2026-02-06,2026-02-06,during_market,2026-01-08,2026-02-05,2026-01-30,2026-02-05,2026-02-06,2026-02-09,2026-02-06,2026-02-11,2026-02-06,2026-02-13,2026-02-13,2026-03-09,2026-02-06,2026-03-09,True,696,1
899,ZgzDmoaQPzw,Jose Najarro Stocks,NVDA,buy,2026-02-06T18:01:18Z,2026-02-06T18:05:18.239000+00:00,2026-02-06,2026-02-06,during_market,2026-01-08,2026-02-05,2026-01-30,2026-02-05,2026-02-06,2026-02-09,2026-02-06,2026-02-11,2026-02-06,2026-02-13,2026-02-13,2026-03-09,2026-02-06,2026-03-09,True,697,1
900,ZgzDmoaQPzw,Jose Najarro Stocks,META,buy,2026-02-06T18:01:18Z,2026-02-06T18:23:20.960000+00:00,2026-02-06,2026-02-06,during_market,2026-01-08,2026-02-05,2026-01-30,2026-02-05,2026-02-06,2026-02-09,2026-02-06,2026-02-11,2026-02-06,2026-02-13,2026-02-13,2026-03-09,2026-02-06,2026-03-09,True,698,1
901,ZgzDmoaQPzw,Jose Najarro Stocks,MSFT,buy,2026-02-06T18:01:18Z,2026-02-06T18:29:08.640000+00:00,2026-02-06,2026-02-06,during_market,2026-01-08,2026-02-05,2026-01-30,2026-02-05,2026-02-06,2026-02-09,2026-02-06,2026-02-11,2026-02-06,2026-02-13,2026-02-13,2026-03-09,2026-02-06,2026-03-09,True,699,1
902,_cZhr7MIffI,Daniel Pronk,AMZN,sell,2025-07-10T23:50:04Z,2025-07-10T23:50:24+00:00,2025-07-10,2025-07-10,after_close,2025-06-10,2025-07-09,2025-07-02,2025-07-09,2025-07-10,2025-07-11,2025-07-10,2025-07-15,2025-07-10,2025-07-17,2025-07-17,2025-08-07,2025-07-10,2025-08-07,True,700,1
903,_cZhr7MIffI,Daniel Pronk,META,buy,2025-07-10T23:50:04Z,2025-07-11T00:28:09.359000+00:00,2025-07-10,2025-07-10,after_close,2025-06-10,2025-07-09,2025-07-02,2025-07-09,2025-07-10,2025-07-11,2025-07-10,2025-07-15,2025-07-10,2025-07-17,2025-07-17,2025-08-07,2025-07-10,2025-08-07,True,701,1
904,_hiDU8IyEV4,Investing with Tom,AAPL,buy,2023-05-19T14:00:32Z,2023-05-19T14:17:36.620000+00:00,2023-05-19,2023-05-19,before_open,2023-04-21,2023-05-18,2023-05-12,2023-05-18,2023-05-19,2023-05-22,2023-05-19,2023-05-24,2023-05-19,2023-05-26,2023-05-26,2023-06-20,2023-05-19,2023-06-20,False,702,1
905,a1ObcmtxzfI,Jose Najarro Stocks,NVDA,buy,2026-03-02T17:12:20Z,2026-03-02T17:20:44.760000+00:00,2026-03-02,2026-03-02,during_market,2026-01-30,2026-02-27,2026-02-23,2026-02-27,2026-03-02,2026-03-03,2026-03-02,2026-03-05,2026-03-02,2026-03-09,2026-03-09,2026-03-30,2026-03-02,2026-03-30,True,703,4
906,a1ObcmtxzfI,Jose Najarro Stocks,NVDA,buy,2026-03-02T17:12:20Z,2026-03-02T17:38:34.240000+00:00,2026-03-02,2026-03-02,during_market,2026-01-30,2026-02-27,2026-02-23,2026-02-27,2026-03-02,2026-03-03,2026-03-02,2026-03-05,2026-03-02,2026-03-09,2026-03-09,2026-03-30,2026-03-02,2026-03-30,True,703,4
907,a1ObcmtxzfI,Jose Najarro Stocks,NVDA,sell,2026-03-02T17:12:20Z,2026-03-02T18:02:00.120000+00:00,2026-03-02,2026-03-02,during_market,2026-01-30,2026-02-27,2026-02-23,2026-02-27,2026-03-02,2026-03-03,2026-03-02,2026-03-05,2026-03-02,2026-03-09,2026-03-09,2026-03-30,2026-03-02,2026-03-30,True,703,4
908,a1ObcmtxzfI,Jose Najarro Stocks,NVDA,sell,2026-03-02T17:12:20Z,2026-03-02T18:05:13.440000+00:00,2026-03-02,2026-03-02,during_market,2026-01-30,2026-02-27,2026-02-23,2026-02-27,2026-03-02,2026-03-03,2026-03-02,2026-03-05,2026-03-02,2026-03-09,2026-03-09,2026-03-30,2026-03-02,2026-03-30,True,703,4
909,a1ObcmtxzfI,Jose Najarro Stocks,AMZN,buy,2026-03-02T17:12:20Z,2026-03-02T17:42:50.360000+00:00,2026-03-02,2026-03-02,during_market,2026-01-30,2026-02-27,2026-02-23,2026-02-27,2026-03-02,2026-03-03,2026-03-02,2026-03-05,2026-03-02,2026-03-09,2026-03-09,2026-03-30,2026-03-02,2026-03-30,True,704,1
910,aAdBjx2VV5E,Dividendology,MSFT,buy,2026-01-29T14:12:31Z,2026-01-29T14:24:31.480000+00:00,2026-01-29,2026-01-29,before_open,2025-12-30,2026-01-28,2026-01-22,2026-01-28,2026-01-29,2026-01-30,2026-01-29,2026-02-03,2026-01-29,2026-02-05,2026-02-05,2026-02-27,2026-01-29,2026-02-27,False,705,1
911,b5rO7Fb9Ek0,"Value Investing with Sven Carlin, Ph.D.",GOOGL,buy,2025-11-25T13:01:11Z,2025-11-25T13:02:18.360000+00:00,2025-11-25,2025-11-25,before_open,2025-10-28,2025-11-24,2025-11-18,2025-11-24,2025-11-25,2025-11-26,2025-11-25,2025-12-01,2025-11-25,2025-12-03,2025-12-03,2025-12-24,2025-11-25,2025-12-24,False,706,3
912,b5rO7Fb9Ek0,"Value Investing with Sven Carlin, Ph.D.",GOOGL,buy,2025-11-25T13:01:11Z,2025-11-25T13:02:50.759000+00:00,2025-11-25,2025-11-25,before_open,2025-10-28,2025-11-24,2025-11-18,2025-11-24,2025-11-25,2025-11-26,2025-11-25,2025-12-01,2025-11-25,2025-12-03,2025-12-03,2025-12-24,2025-11-25,2025-12-24,False,706,3
913,b5rO7Fb9Ek0,"Value Investing with Sven Carlin, Ph.D.",GOOGL,buy,2025-11-25T13:01:11Z,2025-11-25T13:18:09.720000+00:00,2025-11-25,2025-11-25,before_open,2025-10-28,2025-11-24,2025-11-18,2025-11-24,2025-11-25,2025-11-26,2025-11-25,2025-12-01,2025-11-25,2025-12-03,2025-12-03,2025-12-24,2025-11-25,2025-12-24,False,706,3
914,bCjiTqdpD0w,Learn to Invest - Investors Grow,AMZN,buy,2024-06-04T12:45:03Z,2024-06-04T12:45:36.879000+00:00,2024-06-04,2024-06-04,before_open,2024-05-06,2024-06-03,2024-05-28,2024-06-03,2024-06-04,2024-06-05,2024-06-04,2024-06-07,2024-06-04,2024-06-11,2024-06-11,2024-07-03,2024-06-04,2024-07-03,False,707,2
915,bCjiTqdpD0w,Learn to Invest - Investors Grow,AMZN,buy,2024-06-04T12:45:03Z,2024-06-04T12:55:41.760000+00:00,2024-06-04,2024-06-04,before_open,2024-05-06,2024-06-03,2024-05-28,2024-06-03,2024-06-04,2024-06-05,2024-06-04,2024-06-07,2024-06-04,2024-06-11,2024-06-11,2024-07-03,2024-06-04,2024-07-03,False,707,2
916,bOcxvTxg9b8,Jose Najarro Stocks,NVDA,sell,2026-02-27T03:14:46Z,2026-02-27T03:14:46+00:00,2026-02-27,2026-02-27,after_close,2026-01-29,2026-02-26,2026-02-20,2026-02-26,2026-02-27,2026-03-02,2026-02-27,2026-03-04,2026-02-27,2026-03-06,2026-03-06,2026-03-27,2026-02-27,2026-03-27,True,708,1
917,bOfvWTYdATQ,Couch Investor,SOFI,buy,2026-03-03T13:31:09Z,2026-03-03T13:50:13.320000+00:00,2026-03-03,2026-03-03,before_open,2026-02-02,2026-03-02,2026-02-24,2026-03-02,2026-03-03,2026-03-04,2026-03-03,2026-03-06,2026-03-03,2026-03-10,2026-03-10,2026-03-31,2026-03-03,2026-03-31,False,709,1
918,eBn3iqktP1k,"Value Investing with Sven Carlin, Ph.D.",AMZN,buy,2026-03-14T13:01:07Z,2026-03-14T13:28:13.240000+00:00,2026-03-14,2026-03-16,weekend_or_holiday,2026-02-13,2026-03-13,2026-03-09,2026-03-13,2026-03-16,2026-03-17,2026-03-16,2026-03-19,2026-03-16,2026-03-23,2026-03-23,2026-04-14,2026-03-16,2026-04-14,False,710,1
919,eD54PgLZrWM,"Value Investing with Sven Carlin, Ph.D.",AMZN,buy,2026-02-28T13:01:13Z,2026-02-28T13:03:18.439000+00:00,2026-02-28,2026-03-02,weekend_or_holiday,2026-01-30,2026-02-27,2026-02-23,2026-02-27,2026-03-02,2026-03-03,2026-03-02,2026-03-05,2026-03-02,2026-03-09,2026-03-09,2026-03-30,2026-03-02,2026-03-30,False,308,2
920,ebJB5e-7KlU,"Mark Roussin, CPA",MSFT,buy,2025-08-02T14:30:32Z,2025-08-02T14:44:27.600000+00:00,2025-08-02,2025-08-04,weekend_or_holiday,2025-07-07,2025-08-01,2025-07-28,2025-08-01,2025-08-04,2025-08-05,2025-08-04,2025-08-07,2025-08-04,2025-08-11,2025-08-11,2025-09-02,2025-08-04,2025-09-02,False,711,1
921,ep5g-IJwkbg,The Investor Channel,AAPL,buy,2025-02-22T00:59:54Z,2025-02-22T01:01:32.600000+00:00,2025-02-22,2025-02-24,weekend_or_holiday,2025-01-24,2025-02-21,2025-02-14,2025-02-21,2025-02-24,2025-02-25,2025-02-24,2025-02-27,2025-02-24,2025-03-03,2025-03-03,2025-03-24,2025-02-24,2025-03-24,False,712,2
922,ep5g-IJwkbg,The Investor Channel,AAPL,buy,2025-02-22T00:59:54Z,2025-02-22T01:30:51.519000+00:00,2025-02-22,2025-02-24,weekend_or_holiday,2025-01-24,2025-02-21,2025-02-14,2025-02-21,2025-02-24,2025-02-25,2025-02-24,2025-02-27,2025-02-24,2025-03-03,2025-03-03,2025-03-24,2025-02-24,2025-03-24,False,712,2
923,ep5g-IJwkbg,The Investor Channel,AMZN,buy,2025-02-22T00:59:54Z,2025-02-22T01:06:24.080000+00:00,2025-02-22,2025-02-24,weekend_or_holiday,2025-01-24,2025-02-21,2025-02-14,2025-02-21,2025-02-24,2025-02-25,2025-02-24,2025-02-27,2025-02-24,2025-03-03,2025-03-03,2025-03-24,2025-02-24,2025-03-24,False,713,3
924,ep5g-IJwkbg,The Investor Channel,AMZN,sell,2025-02-22T00:59:54Z,2025-02-22T01:06:57+00:00,2025-02-22,2025-02-24,weekend_or_holiday,2025-01-24,2025-02-21,2025-02-14,2025-02-21,2025-02-24,2025-02-25,2025-02-24,2025-02-27,2025-02-24,2025-03-03,2025-03-03,2025-03-24,2025-02-24,2025-03-24,False,713,3
925,ep5g-IJwkbg,The Investor Channel,AMZN,buy,2025-02-22T00:59:54Z,2025-02-22T01:31:05.480000+00:00,2025-02-22,2025-02-24,weekend_or_holiday,2025-01-24,2025-02-21,2025-02-14,2025-02-21,2025-02-24,2025-02-25,2025-02-24,2025-02-27,2025-02-24,2025-03-03,2025-03-03,2025-03-24,2025-02-24,2025-03-24,False,713,3
926,ep5g-IJwkbg,The Investor Channel,NVDA,buy,2025-02-22T00:59:54Z,2025-02-22T01:31:37.320000+00:00,2025-02-22,2025-02-24,weekend_or_holiday,2025-01-24,2025-02-21,2025-02-14,2025-02-21,2025-02-24,2025-02-25,2025-02-24,2025-02-27,2025-02-24,2025-03-03,2025-03-03,2025-03-24,2025-02-24,2025-03-24,False,714,1
927,ep5g-IJwkbg,The Investor Channel,TSLA,buy,2025-02-22T00:59:54Z,2025-02-22T01:35:50.920000+00:00,2025-02-22,2025-02-24,weekend_or_holiday,2025-01-24,2025-02-21,2025-02-14,2025-02-21,2025-02-24,2025-02-25,2025-02-24,2025-02-27,2025-02-24,2025-03-03,2025-03-03,2025-03-24,2025-02-24,2025-03-24,False,715,1
928,fX-nv0hZwMM,Jose Najarro Stocks,NVDA,buy,2026-04-28T14:14:46Z,2026-04-28T14:18:38.879000+00:00,2026-04-28,2026-04-28,before_open,2026-03-30,2026-04-27,2026-04-21,2026-04-27,2026-04-28,2026-04-29,2026-04-28,2026-05-01,2026-04-28,2026-05-05,2026-05-05,,2026-04-28,,False,716,1
929,fX-nv0hZwMM,Jose Najarro Stocks,AMD,buy,2026-04-28T14:14:46Z,2026-04-28T14:17:50.319000+00:00,2026-04-28,2026-04-28,before_open,2026-03-30,2026-04-27,2026-04-21,2026-04-27,2026-04-28,2026-04-29,2026-04-28,2026-05-01,2026-04-28,2026-05-05,2026-05-05,,2026-04-28,,False,717,1
930,fc1XQyB5tPM,The Investor Channel,MSFT,buy,2025-10-24T21:48:49Z,2025-10-24T22:18:47.640000+00:00,2025-10-24,2025-10-24,after_close,2025-09-26,2025-10-23,2025-10-17,2025-10-23,2025-10-24,2025-10-27,2025-10-24,2025-10-29,2025-10-24,2025-10-31,2025-10-31,2025-11-21,2025-10-24,2025-11-21,True,718,1
931,fiQTZo2ibKA,"Mark Roussin, CPA",NVDA,sell,2025-11-29T15:30:25Z,2025-11-29T15:35:56.520000+00:00,2025-11-29,2025-12-01,weekend_or_holiday,2025-10-31,2025-11-28,2025-11-21,2025-11-28,2025-12-01,2025-12-02,2025-12-01,2025-12-04,2025-12-01,2025-12-08,2025-12-08,2025-12-30,2025-12-01,2025-12-30,False,719,1
932,fumAfswKdjI,Dividend Bull,TSLA,sell,2025-03-07T19:00:35Z,2025-03-07T19:01:24.879000+00:00,2025-03-07,2025-03-07,during_market,2025-02-06,2025-03-06,2025-02-28,2025-03-06,2025-03-07,2025-03-10,2025-03-07,2025-03-12,2025-03-07,2025-03-14,2025-03-14,2025-04-04,2025-03-07,2025-04-04,True,720,1
933,h0y25tnm0us,Jose Najarro Stocks,AMD,buy,2026-03-12T16:06:14Z,2026-03-12T16:14:43.040000+00:00,2026-03-12,2026-03-12,during_market,2026-02-11,2026-03-11,2026-03-05,2026-03-11,2026-03-12,2026-03-13,2026-03-12,2026-03-17,2026-03-12,2026-03-19,2026-03-19,2026-04-10,2026-03-12,2026-04-10,True,721,1
934,h0y25tnm0us,Jose Najarro Stocks,NVDA,buy,2026-03-12T16:06:14Z,2026-03-12T16:15:25.920000+00:00,2026-03-12,2026-03-12,during_market,2026-02-11,2026-03-11,2026-03-05,2026-03-11,2026-03-12,2026-03-13,2026-03-12,2026-03-17,2026-03-12,2026-03-19,2026-03-19,2026-04-10,2026-03-12,2026-04-10,True,722,1
935,h0y25tnm0us,Jose Najarro Stocks,TSLA,buy,2026-03-12T16:06:14Z,2026-03-12T16:55:24.560000+00:00,2026-03-12,2026-03-12,during_market,2026-02-11,2026-03-11,2026-03-05,2026-03-11,2026-03-12,2026-03-13,2026-03-12,2026-03-17,2026-03-12,2026-03-19,2026-03-19,2026-04-10,2026-03-12,2026-04-10,True,723,1
936,i3asx63XnMs,Couch Investor,NVDA,sell,2026-03-04T18:07:20Z,2026-03-04T18:15:52.159000+00:00,2026-03-04,2026-03-04,during_market,2026-02-03,2026-03-03,2026-02-25,2026-03-03,2026-03-04,2026-03-05,2026-03-04,2026-03-09,2026-03-04,2026-03-11,2026-03-11,2026-04-01,2026-03-04,2026-04-01,True,724,2
937,i3asx63XnMs,Couch Investor,NVDA,buy,2026-03-04T18:07:20Z,2026-03-04T19:07:45.119000+00:00,2026-03-04,2026-03-04,during_market,2026-02-03,2026-03-03,2026-02-25,2026-03-03,2026-03-04,2026-03-05,2026-03-04,2026-03-09,2026-03-04,2026-03-11,2026-03-11,2026-04-01,2026-03-04,2026-04-01,True,724,2
938,i3asx63XnMs,Couch Investor,SOFI,buy,2026-03-04T18:07:20Z,2026-03-04T18:37:22.240000+00:00,2026-03-04,2026-03-04,during_market,2026-02-03,2026-03-03,2026-02-25,2026-03-03,2026-03-04,2026-03-05,2026-03-04,2026-03-09,2026-03-04,2026-03-11,2026-03-11,2026-04-01,2026-03-04,2026-04-01,True,725,1
939,i3asx63XnMs,Couch Investor,META,buy,2026-03-04T18:07:20Z,2026-03-04T18:48:45.839000+00:00,2026-03-04,2026-03-04,during_market,2026-02-03,2026-03-03,2026-02-25,2026-03-03,2026-03-04,2026-03-05,2026-03-04,2026-03-09,2026-03-04,2026-03-11,2026-03-11,2026-04-01,2026-03-04,2026-04-01,True,726,2
940,i3asx63XnMs,Couch Investor,META,buy,2026-03-04T18:07:20Z,2026-03-04T18:56:08.880000+00:00,2026-03-04,2026-03-04,during_market,2026-02-03,2026-03-03,2026-02-25,2026-03-03,2026-03-04,2026-03-05,2026-03-04,2026-03-09,2026-03-04,2026-03-11,2026-03-11,2026-04-01,2026-03-04,2026-04-01,True,726,2
941,i3asx63XnMs,Couch Investor,AAPL,buy,2026-03-04T18:07:20Z,2026-03-04T18:51:37.040000+00:00,2026-03-04,2026-03-04,during_market,2026-02-03,2026-03-03,2026-02-25,2026-03-03,2026-03-04,2026-03-05,2026-03-04,2026-03-09,2026-03-04,2026-03-11,2026-03-11,2026-04-01,2026-03-04,2026-04-01,True,727,1
942,j3cDPUdOZEQ,Learn to Invest - Investors Grow,DIS,buy,2024-09-23T12:45:06Z,2024-09-23T12:45:06.440000+00:00,2024-09-23,2024-09-23,before_open,2024-08-23,2024-09-20,2024-09-16,2024-09-20,2024-09-23,2024-09-24,2024-09-23,2024-09-26,2024-09-23,2024-09-30,2024-09-30,2024-10-21,2024-09-23,2024-10-21,False,728,2
943,j3cDPUdOZEQ,Learn to Invest - Investors Grow,DIS,buy,2024-09-23T12:45:06Z,2024-09-23T12:57:27.639000+00:00,2024-09-23,2024-09-23,before_open,2024-08-23,2024-09-20,2024-09-16,2024-09-20,2024-09-23,2024-09-24,2024-09-23,2024-09-26,2024-09-23,2024-09-30,2024-09-30,2024-10-21,2024-09-23,2024-10-21,False,728,2
944,jknts65JqrQ,Couch Investor,SOFI,buy,2026-03-29T21:44:49Z,2026-03-29T21:49:08.199000+00:00,2026-03-29,2026-03-30,weekend_or_holiday,2026-03-02,2026-03-27,2026-03-23,2026-03-27,2026-03-30,2026-03-31,2026-03-30,2026-04-02,2026-03-30,2026-04-07,2026-04-07,2026-04-28,2026-03-30,2026-04-28,False,729,1
945,jzQc6ic31Kw,Couch Investor,AMD,buy,2026-04-25T22:52:00Z,2026-04-25T23:05:14.240000+00:00,2026-04-25,2026-04-27,weekend_or_holiday,2026-03-27,2026-04-24,2026-04-20,2026-04-24,2026-04-27,2026-04-28,2026-04-27,2026-04-30,2026-04-27,2026-05-04,2026-05-04,,2026-04-27,,False,730,1
946,kT4OdZ-tdnw,The Investor Channel,AMZN,sell,2025-11-14T23:33:34Z,2025-11-14T23:41:05.039000+00:00,2025-11-14,2025-11-14,after_close,2025-10-17,2025-11-13,2025-11-07,2025-11-13,2025-11-14,2025-11-17,2025-11-14,2025-11-19,2025-11-14,2025-11-21,2025-11-21,2025-12-15,2025-11-14,2025-12-15,True,731,1
947,kgsbo09tXeA,Daniel Pronk,META,buy,2026-01-28T23:21:16Z,2026-01-28T23:32:10.399000+00:00,2026-01-28,2026-01-28,after_close,2025-12-29,2026-01-27,2026-01-21,2026-01-27,2026-01-28,2026-01-29,2026-01-28,2026-02-02,2026-01-28,2026-02-04,2026-02-04,2026-02-26,2026-01-28,2026-02-26,True,732,2
948,kgsbo09tXeA,Daniel Pronk,META,buy,2026-01-28T23:21:16Z,2026-01-28T23:32:47.600000+00:00,2026-01-28,2026-01-28,after_close,2025-12-29,2026-01-27,2026-01-21,2026-01-27,2026-01-28,2026-01-29,2026-01-28,2026-02-02,2026-01-28,2026-02-04,2026-02-04,2026-02-26,2026-01-28,2026-02-26,True,732,2
949,l2EnBa-7fdg,"Parkev Tatevosian, CFA",SOFI,buy,2026-05-01T10:45:06Z,2026-05-01T10:50:59.120000+00:00,2026-05-01,2026-05-01,before_open,2026-04-02,2026-04-30,2026-04-24,2026-04-30,2026-05-01,2026-05-04,2026-05-01,2026-05-06,2026-05-01,2026-05-08,2026-05-08,,2026-05-01,,False,733,1
950,lii5Ppd0Fvk,Jose Najarro Stocks,NVDA,sell,2026-03-04T17:59:28Z,2026-03-04T18:07:57.240000+00:00,2026-03-04,2026-03-04,during_market,2026-02-03,2026-03-03,2026-02-25,2026-03-03,2026-03-04,2026-03-05,2026-03-04,2026-03-09,2026-03-04,2026-03-11,2026-03-11,2026-04-01,2026-03-04,2026-04-01,True,734,2
951,lii5Ppd0Fvk,Jose Najarro Stocks,NVDA,buy,2026-03-04T17:59:28Z,2026-03-04T18:59:51.640000+00:00,2026-03-04,2026-03-04,during_market,2026-02-03,2026-03-03,2026-02-25,2026-03-03,2026-03-04,2026-03-05,2026-03-04,2026-03-09,2026-03-04,2026-03-11,2026-03-11,2026-04-01,2026-03-04,2026-04-01,True,734,2
952,lii5Ppd0Fvk,Jose Najarro Stocks,META,buy,2026-03-04T17:59:28Z,2026-03-04T18:40:54+00:00,2026-03-04,2026-03-04,during_market,2026-02-03,2026-03-03,2026-02-25,2026-03-03,2026-03-04,2026-03-05,2026-03-04,2026-03-09,2026-03-04,2026-03-11,2026-03-11,2026-04-01,2026-03-04,2026-04-01,True,735,1
953,lzXp9c353yA,Daniel Pronk,GOOGL,sell,2025-07-17T14:13:46Z,2025-07-17T14:29:13.600000+00:00,2025-07-17,2025-07-17,before_open,2025-06-17,2025-07-16,2025-07-10,2025-07-16,2025-07-17,2025-07-18,2025-07-17,2025-07-22,2025-07-17,2025-07-24,2025-07-24,2025-08-14,2025-07-17,2025-08-14,False,736,1
954,lzXp9c353yA,Daniel Pronk,TSLA,sell,2025-07-17T14:13:46Z,2025-07-17T14:33:00.160000+00:00,2025-07-17,2025-07-17,before_open,2025-06-17,2025-07-16,2025-07-10,2025-07-16,2025-07-17,2025-07-18,2025-07-17,2025-07-22,2025-07-17,2025-07-24,2025-07-24,2025-08-14,2025-07-17,2025-08-14,False,737,1
955,lzXp9c353yA,Daniel Pronk,AAPL,sell,2025-07-17T14:13:46Z,2025-07-17T14:33:12+00:00,2025-07-17,2025-07-17,before_open,2025-06-17,2025-07-16,2025-07-10,2025-07-16,2025-07-17,2025-07-18,2025-07-17,2025-07-22,2025-07-17,2025-07-24,2025-07-24,2025-08-14,2025-07-17,2025-08-14,False,738,1
956,lzXp9c353yA,Daniel Pronk,MSFT,sell,2025-07-17T14:13:46Z,2025-07-17T14:33:12+00:00,2025-07-17,2025-07-17,before_open,2025-06-17,2025-07-16,2025-07-10,2025-07-16,2025-07-17,2025-07-18,2025-07-17,2025-07-22,2025-07-17,2025-07-24,2025-07-24,2025-08-14,2025-07-17,2025-08-14,False,739,1
957,lzXp9c353yA,Daniel Pronk,NVDA,sell,2025-07-17T14:13:46Z,2025-07-17T14:33:16.799000+00:00,2025-07-17,2025-07-17,before_open,2025-06-17,2025-07-16,2025-07-10,2025-07-16,2025-07-17,2025-07-18,2025-07-17,2025-07-22,2025-07-17,2025-07-24,2025-07-24,2025-08-14,2025-07-17,2025-08-14,False,740,1
958,nUDXbFXTxLU,Daniel Pronk,PYPL,buy,2026-01-16T23:00:23Z,2026-01-16T23:05:34.120000+00:00,2026-01-16,2026-01-16,after_close,2025-12-17,2026-01-15,2026-01-09,2026-01-15,2026-01-16,2026-01-20,2026-01-16,2026-01-22,2026-01-16,2026-01-26,2026-01-26,2026-02-17,2026-01-16,2026-02-17,True,741,1
959,nf7MTvSgpLA,Dividendology,MSFT,buy,2026-02-05T16:53:30Z,2026-02-05T16:56:52.560000+00:00,2026-02-05,2026-02-05,during_market,2026-01-07,2026-02-04,2026-01-29,2026-02-04,2026-02-05,2026-02-06,2026-02-05,2026-02-10,2026-02-05,2026-02-12,2026-02-12,2026-03-06,2026-02-05,2026-03-06,True,742,1
960,ntX9bHqygrU,Learn to Invest - Investors Grow,MSFT,buy,2022-10-17T12:10:00Z,2022-10-17T12:16:22.860000+00:00,2022-10-17,2022-10-17,before_open,2022-09-19,2022-10-14,2022-10-10,2022-10-14,2022-10-17,2022-10-18,2022-10-17,2022-10-20,2022-10-17,2022-10-24,2022-10-24,2022-11-14,2022-10-17,2022-11-14,False,272,2
961,oD5dQTzOjlM,Daniel Pronk,META,sell,2025-11-21T02:11:45Z,2025-11-21T02:43:52.760000+00:00,2025-11-21,2025-11-21,after_close,2025-10-24,2025-11-20,2025-11-14,2025-11-20,2025-11-21,2025-11-24,2025-11-21,2025-11-26,2025-11-21,2025-12-01,2025-12-01,2025-12-22,2025-11-21,2025-12-22,True,743,2
962,oD5dQTzOjlM,Daniel Pronk,META,buy,2025-11-21T02:11:45Z,2025-11-21T02:52:28.520000+00:00,2025-11-21,2025-11-21,after_close,2025-10-24,2025-11-20,2025-11-14,2025-11-20,2025-11-21,2025-11-24,2025-11-21,2025-11-26,2025-11-21,2025-12-01,2025-12-01,2025-12-22,2025-11-21,2025-12-22,True,743,2
963,oY2d8UmUW40,The Investor Channel,NVDA,sell,2024-11-21T00:30:19Z,2024-11-21T00:30:38.320000+00:00,2024-11-21,2024-11-21,after_close,2024-10-24,2024-11-20,2024-11-14,2024-11-20,2024-11-21,2024-11-22,2024-11-21,2024-11-26,2024-11-21,2024-11-29,2024-11-29,2024-12-20,2024-11-21,2024-12-20,True,744,3
964,oY2d8UmUW40,The Investor Channel,NVDA,sell,2024-11-21T00:30:19Z,2024-11-21T00:31:09.440000+00:00,2024-11-21,2024-11-21,after_close,2024-10-24,2024-11-20,2024-11-14,2024-11-20,2024-11-21,2024-11-22,2024-11-21,2024-11-26,2024-11-21,2024-11-29,2024-11-29,2024-12-20,2024-11-21,2024-12-20,True,744,3
965,oY2d8UmUW40,The Investor Channel,NVDA,buy,2024-11-21T00:30:19Z,2024-11-21T00:48:41.480000+00:00,2024-11-21,2024-11-21,after_close,2024-10-24,2024-11-20,2024-11-14,2024-11-20,2024-11-21,2024-11-22,2024-11-21,2024-11-26,2024-11-21,2024-11-29,2024-11-29,2024-12-20,2024-11-21,2024-12-20,True,744,3
966,p2AmerL1cDw,Jose Najarro Stocks,META,buy,2026-02-12T17:01:32Z,2026-02-12T17:12:19.880000+00:00,2026-02-12,2026-02-12,during_market,2026-01-14,2026-02-11,2026-02-05,2026-02-11,2026-02-12,2026-02-13,2026-02-12,2026-02-18,2026-02-12,2026-02-20,2026-02-20,2026-03-13,2026-02-12,2026-03-13,True,745,1
967,p71nSCCjeYk,Everything Money,PYPL,buy,2026-02-17T10:55:00Z,2026-02-17T11:08:37.440000+00:00,2026-02-17,2026-02-17,before_open,2026-01-16,2026-02-13,2026-02-09,2026-02-13,2026-02-17,2026-02-18,2026-02-17,2026-02-20,2026-02-17,2026-02-24,2026-02-24,2026-03-17,2026-02-17,2026-03-17,False,746,1
968,pEsk8RvuT64,Investing with Tom,MSFT,buy,2023-02-14T17:00:27Z,2023-02-14T17:13:29.579000+00:00,2023-02-14,2023-02-14,during_market,2023-01-17,2023-02-13,2023-02-07,2023-02-13,2023-02-14,2023-02-15,2023-02-14,2023-02-17,2023-02-14,2023-02-22,2023-02-22,2023-03-15,2023-02-14,2023-03-15,True,747,1
969,tEmA258ybFM,The Investor Channel,AMZN,buy,2025-04-18T21:44:30Z,2025-04-18T21:53:10.640000+00:00,2025-04-18,2025-04-21,after_close,2025-03-21,2025-04-17,2025-04-11,2025-04-17,2025-04-21,2025-04-22,2025-04-21,2025-04-24,2025-04-21,2025-04-28,2025-04-28,2025-05-19,2025-04-21,2025-05-19,True,748,2
970,tEmA258ybFM,The Investor Channel,AMZN,buy,2025-04-18T21:44:30Z,2025-04-18T22:12:06.919000+00:00,2025-04-18,2025-04-21,after_close,2025-03-21,2025-04-17,2025-04-11,2025-04-17,2025-04-21,2025-04-22,2025-04-21,2025-04-24,2025-04-21,2025-04-28,2025-04-28,2025-05-19,2025-04-21,2025-05-19,True,748,2
971,uCKILxbFuEE,"Mark Roussin, CPA",SOFI,buy,2026-02-17T16:01:16Z,2026-02-17T16:03:07.600000+00:00,2026-02-17,2026-02-17,during_market,2026-01-16,2026-02-13,2026-02-09,2026-02-13,2026-02-17,2026-02-18,2026-02-17,2026-02-20,2026-02-17,2026-02-24,2026-02-24,2026-03-17,2026-02-17,2026-03-17,True,749,1
972,ubr5rZvkrpY,"Parkev Tatevosian, CFA",SOFI,buy,2026-05-03T10:45:08Z,2026-05-03T10:50:06+00:00,2026-05-03,2026-05-04,weekend_or_holiday,2026-04-06,2026-05-01,2026-04-27,2026-05-01,2026-05-04,2026-05-05,2026-05-04,2026-05-07,2026-05-04,2026-05-11,2026-05-11,,2026-05-04,,False,750,1
973,wyCQuzCkjIc,Learn to Invest - Investors Grow,MSFT,buy,2025-03-28T11:45:07Z,2025-03-28T11:59:32.079000+00:00,2025-03-28,2025-03-28,before_open,2025-02-28,2025-03-27,2025-03-21,2025-03-27,2025-03-28,2025-03-31,2025-03-28,2025-04-02,2025-03-28,2025-04-04,2025-04-04,2025-04-28,2025-03-28,2025-04-28,False,751,1
974,x0y3hAxpwKw,Couch Investor,HOOD,buy,2026-02-11T20:19:16Z,2026-02-11T20:40:06.120000+00:00,2026-02-11,2026-02-11,during_market,2026-01-13,2026-02-10,2026-02-04,2026-02-10,2026-02-11,2026-02-12,2026-02-11,2026-02-17,2026-02-11,2026-02-19,2026-02-19,2026-03-12,2026-02-11,2026-03-12,True,752,1
975,xJHP43izznA,"Value Investing with Sven Carlin, Ph.D.",AMZN,buy,2026-02-27T13:01:52Z,2026-02-27T13:01:52.160000+00:00,2026-02-27,2026-02-27,before_open,2026-01-29,2026-02-26,2026-02-20,2026-02-26,2026-02-27,2026-03-02,2026-02-27,2026-03-04,2026-02-27,2026-03-06,2026-03-06,2026-03-27,2026-02-27,2026-03-27,False,753,4
976,xJHP43izznA,"Value Investing with Sven Carlin, Ph.D.",AMZN,buy,2026-02-27T13:01:52Z,2026-02-27T13:02:00+00:00,2026-02-27,2026-02-27,before_open,2026-01-29,2026-02-26,2026-02-20,2026-02-26,2026-02-27,2026-03-02,2026-02-27,2026-03-04,2026-02-27,2026-03-06,2026-03-06,2026-03-27,2026-02-27,2026-03-27,False,753,4
977,xJHP43izznA,"Value Investing with Sven Carlin, Ph.D.",AMZN,buy,2026-02-27T13:01:52Z,2026-02-27T13:06:14.720000+00:00,2026-02-27,2026-02-27,before_open,2026-01-29,2026-02-26,2026-02-20,2026-02-26,2026-02-27,2026-03-02,2026-02-27,2026-03-04,2026-02-27,2026-03-06,2026-03-06,2026-03-27,2026-02-27,2026-03-27,False,753,4
978,xJHP43izznA,"Value Investing with Sven Carlin, Ph.D.",AMZN,buy,2026-02-27T13:01:52Z,2026-02-27T13:09:00.319000+00:00,2026-02-27,2026-02-27,before_open,2026-01-29,2026-02-26,2026-02-20,2026-02-26,2026-02-27,2026-03-02,2026-02-27,2026-03-04,2026-02-27,2026-03-06,2026-03-06,2026-03-27,2026-02-27,2026-03-27,False,753,4
979,y4fA-Io6T0A,The Investor Channel,AAPL,buy,2025-03-07T22:47:45Z,2025-03-07T23:12:39.840000+00:00,2025-03-07,2025-03-07,after_close,2025-02-06,2025-03-06,2025-02-28,2025-03-06,2025-03-07,2025-03-10,2025-03-07,2025-03-12,2025-03-07,2025-03-14,2025-03-14,2025-04-04,2025-03-07,2025-04-04,True,754,1
980,y4fA-Io6T0A,The Investor Channel,TSLA,buy,2025-03-07T22:47:45Z,2025-03-07T23:15:35.519000+00:00,2025-03-07,2025-03-07,after_close,2025-02-06,2025-03-06,2025-02-28,2025-03-06,2025-03-07,2025-03-10,2025-03-07,2025-03-12,2025-03-07,2025-03-14,2025-03-14,2025-04-04,2025-03-07,2025-04-04,True,755,1
981,y4fA-Io6T0A,The Investor Channel,NFLX,buy,2025-03-07T22:47:45Z,2025-03-07T23:13:23+00:00,2025-03-07,2025-03-07,after_close,2025-02-06,2025-03-06,2025-02-28,2025-03-06,2025-03-07,2025-03-10,2025-03-07,2025-03-12,2025-03-07,2025-03-14,2025-03-14,2025-04-04,2025-03-07,2025-04-04,True,756,1
982,z01g14mnDOs,Jose Najarro Stocks,NVDA,buy,2026-02-26T23:37:34Z,2026-02-27T00:36:04.960000+00:00,2026-02-26,2026-02-26,after_close,2026-01-28,2026-02-25,2026-02-19,2026-02-25,2026-02-26,2026-02-27,2026-02-26,2026-03-03,2026-02-26,2026-03-05,2026-03-05,2026-03-26,2026-02-26,2026-03-26,True,757,1
983,z01g14mnDOs,Jose Najarro Stocks,SOFI,sell,2026-02-26T23:37:34Z,2026-02-27T00:35:10.079000+00:00,2026-02-26,2026-02-26,after_close,2026-01-28,2026-02-25,2026-02-19,2026-02-25,2026-02-26,2026-02-27,2026-02-26,2026-03-03,2026-02-26,2026-03-05,2026-03-05,2026-03-26,2026-02-26,2026-03-26,True,758,1
984,z01g14mnDOs,Jose Najarro Stocks,MSFT,sell,2026-02-26T23:37:34Z,2026-02-27T00:48:28.960000+00:00,2026-02-26,2026-02-26,after_close,2026-01-28,2026-02-25,2026-02-19,2026-02-25,2026-02-26,2026-02-27,2026-02-26,2026-03-03,2026-02-26,2026-03-05,2026-03-05,2026-03-26,2026-02-26,2026-03-26,True,759,1
985,z0Bm0nDtgKo,The Investor Channel,GOOGL,buy,2025-02-05T00:22:02Z,2025-02-05T00:23:00.199000+00:00,2025-02-05,2025-02-05,after_close,2025-01-06,2025-02-04,2025-01-29,2025-02-04,2025-02-05,2025-02-06,2025-02-05,2025-02-10,2025-02-05,2025-02-12,2025-02-12,2025-03-06,2025-02-05,2025-03-06,True,760,1
986,z6EJWLrf_1s,Learn to Invest - Investors Grow,PYPL,buy,2023-09-25T11:48:00Z,2023-09-25T11:54:11.460000+00:00,2023-09-25,2023-09-25,before_open,2023-08-25,2023-09-22,2023-09-18,2023-09-22,2023-09-25,2023-09-26,2023-09-25,2023-09-28,2023-09-25,2023-10-02,2023-10-02,2023-10-23,2023-09-25,2023-10-23,False,761,1
987,zLyrZKltbdw,Investing with Tom,AMZN,buy,2022-12-09T16:00:23Z,2022-12-09T16:05:47.840000+00:00,2022-12-09,2022-12-09,during_market,2022-11-10,2022-12-08,2022-12-02,2022-12-08,2022-12-09,2022-12-12,2022-12-09,2022-12-14,2022-12-09,2022-12-16,2022-12-16,2023-01-10,2022-12-09,2023-01-10,True,762,1
988,-47wA5ldJgU,Couch Investor,SOFI,buy,2026-04-29T13:47:47Z,2026-04-29T14:29:21.560000+00:00,2026-04-29,2026-04-29,before_open,2026-03-31,2026-04-28,2026-04-22,2026-04-28,2026-04-29,2026-04-30,2026-04-29,2026-05-04,2026-04-29,2026-05-06,2026-05-06,,2026-04-29,,False,763,3
989,-47wA5ldJgU,Couch Investor,SOFI,sell,2026-04-29T13:47:47Z,2026-04-29T15:43:59+00:00,2026-04-29,2026-04-29,before_open,2026-03-31,2026-04-28,2026-04-22,2026-04-28,2026-04-29,2026-04-30,2026-04-29,2026-05-04,2026-04-29,2026-05-06,2026-05-06,,2026-04-29,,False,763,3
990,-47wA5ldJgU,Couch Investor,META,sell,2026-04-29T13:47:47Z,2026-04-29T15:58:01.480000+00:00,2026-04-29,2026-04-29,before_open,2026-03-31,2026-04-28,2026-04-22,2026-04-28,2026-04-29,2026-04-30,2026-04-29,2026-05-04,2026-04-29,2026-05-06,2026-05-06,,2026-04-29,,False,764,2
991,2Y82M282wEE,"Value Investing with Sven Carlin, Ph.D.",NVDA,sell,2026-04-21T12:00:06Z,2026-04-21T12:08:16.360000+00:00,2026-04-21,2026-04-21,before_open,2026-03-23,2026-04-20,2026-04-14,2026-04-20,2026-04-21,2026-04-22,2026-04-21,2026-04-24,2026-04-21,2026-04-28,2026-04-28,,2026-04-21,,False,765,2
992,2Y82M282wEE,"Value Investing with Sven Carlin, Ph.D.",PLTR,sell,2026-04-21T12:00:06Z,2026-04-21T12:08:30.919000+00:00,2026-04-21,2026-04-21,before_open,2026-03-23,2026-04-20,2026-04-14,2026-04-20,2026-04-21,2026-04-22,2026-04-21,2026-04-24,2026-04-21,2026-04-28,2026-04-28,,2026-04-21,,False,766,1
993,2dJH0dAoBOQ,"Value Investing with Sven Carlin, Ph.D.",NVDA,sell,2026-04-21T22:00:04Z,2026-04-21T22:07:07.040000+00:00,2026-04-21,2026-04-21,after_close,2026-03-23,2026-04-20,2026-04-14,2026-04-20,2026-04-21,2026-04-22,2026-04-21,2026-04-24,2026-04-21,2026-04-28,2026-04-28,,2026-04-21,,True,765,2
994,4fV6z5xqw0U,Stock Moe,TSLA,sell,2026-01-31T21:40:09Z,2026-01-31T21:59:37.240000+00:00,2026-01-31,2026-02-02,weekend_or_holiday,2026-01-02,2026-01-30,2026-01-26,2026-01-30,2026-02-02,2026-02-03,2026-02-02,2026-02-05,2026-02-02,2026-02-09,2026-02-09,2026-03-03,2026-02-02,2026-03-03,False,767,1
995,566DGPT1-yQ,Financial Education,AMD,buy,2025-12-31T01:33:32Z,2025-12-31T02:04:11.919000+00:00,2025-12-31,2025-12-31,after_close,2025-12-02,2025-12-30,2025-12-23,2025-12-30,2025-12-31,2026-01-02,2025-12-31,2026-01-06,2025-12-31,2026-01-08,2026-01-08,2026-01-30,2025-12-31,2026-01-30,True,768,1
996,79-99DvYn88,Daniel Pronk,AMZN,buy,2026-04-12T16:00:59Z,2026-04-12T16:19:02.679000+00:00,2026-04-12,2026-04-13,weekend_or_holiday,2026-03-13,2026-04-10,2026-04-06,2026-04-10,2026-04-13,2026-04-14,2026-04-13,2026-04-16,2026-04-13,2026-04-20,2026-04-20,2026-05-11,2026-04-13,2026-05-11,False,769,1
997,9LAzdM1JFkE,Best of Us Investors,AMZN,buy,2026-03-16T12:00:26Z,2026-03-16T12:07:05.680000+00:00,2026-03-16,2026-03-16,before_open,2026-02-13,2026-03-13,2026-03-09,2026-03-13,2026-03-16,2026-03-17,2026-03-16,2026-03-19,2026-03-16,2026-03-23,2026-03-23,2026-04-14,2026-03-16,2026-04-14,False,770,1
998,9LAzdM1JFkE,Best of Us Investors,AAPL,buy,2026-03-16T12:00:26Z,2026-03-16T12:07:09.680000+00:00,2026-03-16,2026-03-16,before_open,2026-02-13,2026-03-13,2026-03-09,2026-03-13,2026-03-16,2026-03-17,2026-03-16,2026-03-19,2026-03-16,2026-03-23,2026-03-23,2026-04-14,2026-03-16,2026-04-14,False,771,1
999,FjvAA4ClBIA,Jose Najarro Stocks,AMD,buy,2026-05-07T22:49:27Z,2026-05-07T23:39:35.880000+00:00,2026-05-07,2026-05-07,after_close,2026-04-09,2026-05-06,2026-04-30,2026-05-06,2026-05-07,2026-05-08,2026-05-07,2026-05-12,2026-05-07,,,,2026-05-07,,True,772,1
1000,JEQdeEOLX3c,Jose Najarro Stocks,NVDA,buy,2026-05-05T22:34:43Z,2026-05-06T00:59:56.359000+00:00,2026-05-05,2026-05-05,after_close,2026-04-07,2026-05-04,2026-04-28,2026-05-04,2026-05-05,2026-05-06,2026-05-05,2026-05-08,2026-05-05,2026-05-12,2026-05-12,,2026-05-05,,True,773,1
1001,JEQdeEOLX3c,Jose Najarro Stocks,GOOGL,sell,2026-05-05T22:34:43Z,2026-05-05T23:22:13.720000+00:00,2026-05-05,2026-05-05,after_close,2026-04-07,2026-05-04,2026-04-28,2026-05-04,2026-05-05,2026-05-06,2026-05-05,2026-05-08,2026-05-05,2026-05-12,2026-05-12,,2026-05-05,,True,774,1
1002,JEQdeEOLX3c,Jose Najarro Stocks,META,buy,2026-05-05T22:34:43Z,2026-05-05T23:39:57.799000+00:00,2026-05-05,2026-05-05,after_close,2026-04-07,2026-05-04,2026-04-28,2026-05-04,2026-05-05,2026-05-06,2026-05-05,2026-05-08,2026-05-05,2026-05-12,2026-05-12,,2026-05-05,,True,775,1
1003,Msk4jV-NMi4,Ale's World of Stocks,SHOP,buy,2026-02-18T16:15:03Z,2026-02-18T16:16:38.360000+00:00,2026-02-18,2026-02-18,during_market,2026-01-20,2026-02-17,2026-02-10,2026-02-17,2026-02-18,2026-02-19,2026-02-18,2026-02-23,2026-02-18,2026-02-25,2026-02-25,2026-03-18,2026-02-18,2026-03-18,True,776,1
1004,RUuCGXBMBts,The Investor Channel,AMZN,buy,2026-04-17T22:00:27Z,2026-04-17T22:00:27+00:00,2026-04-17,2026-04-17,after_close,2026-03-19,2026-04-16,2026-04-10,2026-04-16,2026-04-17,2026-04-20,2026-04-17,2026-04-22,2026-04-17,2026-04-24,2026-04-24,,2026-04-17,,True,777,1
1005,T2II8itYQLY,Stock Moe,GOOGL,buy,2026-01-12T21:12:57Z,2026-01-12T21:28:52.920000+00:00,2026-01-12,2026-01-12,after_close,2025-12-11,2026-01-09,2026-01-05,2026-01-09,2026-01-12,2026-01-13,2026-01-12,2026-01-15,2026-01-12,2026-01-20,2026-01-20,2026-02-10,2026-01-12,2026-02-10,True,778,1
1006,VkegraEo8N8,"Parkev Tatevosian, CFA",UBER,buy,2026-05-09T15:15:03Z,2026-05-09T15:22:28.720000+00:00,2026-05-09,2026-05-11,weekend_or_holiday,2026-04-13,2026-05-08,2026-05-04,2026-05-08,2026-05-11,2026-05-12,2026-05-11,,2026-05-11,,,,2026-05-11,,False,779,1
1007,YnIhU8buVqM,Financial Education,PLTR,buy,2026-01-21T00:32:29Z,2026-01-21T00:58:20.880000+00:00,2026-01-21,2026-01-21,after_close,2025-12-19,2026-01-20,2026-01-13,2026-01-20,2026-01-21,2026-01-22,2026-01-21,2026-01-26,2026-01-21,2026-01-28,2026-01-28,2026-02-19,2026-01-21,2026-02-19,True,780,1
1008,ZoNdAG4wL_M,Learn to Invest - Investors Grow,NFLX,buy,2026-01-04T13:15:11Z,2026-01-04T13:15:42.439000+00:00,2026-01-04,2026-01-05,weekend_or_holiday,2025-12-04,2026-01-02,2025-12-26,2026-01-02,2026-01-05,2026-01-06,2026-01-05,2026-01-08,2026-01-05,2026-01-12,2026-01-12,2026-02-03,2026-01-05,2026-02-03,False,781,1
1009,b3IcD1Ki3mw,"Parkev Tatevosian, CFA",META,buy,2026-05-09T11:15:04Z,2026-05-09T11:15:04+00:00,2026-05-09,2026-05-11,weekend_or_holiday,2026-04-13,2026-05-08,2026-05-04,2026-05-08,2026-05-11,2026-05-12,2026-05-11,,2026-05-11,,,,2026-05-11,,False,782,3
1010,b3IcD1Ki3mw,"Parkev Tatevosian, CFA",META,buy,2026-05-09T11:15:04Z,2026-05-09T11:15:12.880000+00:00,2026-05-09,2026-05-11,weekend_or_holiday,2026-04-13,2026-05-08,2026-05-04,2026-05-08,2026-05-11,2026-05-12,2026-05-11,,2026-05-11,,,,2026-05-11,,False,782,3
1011,b3IcD1Ki3mw,"Parkev Tatevosian, CFA",META,buy,2026-05-09T11:15:04Z,2026-05-09T11:25:49.520000+00:00,2026-05-09,2026-05-11,weekend_or_holiday,2026-04-13,2026-05-08,2026-05-04,2026-05-08,2026-05-11,2026-05-12,2026-05-11,,2026-05-11,,,,2026-05-11,,False,782,3
1012,cQ3VZJJDwI4,Investing with Tom,GOOGL,sell,2023-08-25T14:00:33Z,2023-08-25T14:15:40.680000+00:00,2023-08-25,2023-08-25,before_open,2023-07-28,2023-08-24,2023-08-18,2023-08-24,2023-08-25,2023-08-28,2023-08-25,2023-08-30,2023-08-25,2023-09-01,2023-09-01,2023-09-25,2023-08-25,2023-09-25,False,783,1
1013,iE0ya4QEP6M,Jose Najarro Stocks,GOOGL,sell,2026-04-30T01:59:45Z,2026-04-30T02:16:03+00:00,2026-04-30,2026-04-30,after_close,2026-04-01,2026-04-29,2026-04-23,2026-04-29,2026-04-30,2026-05-01,2026-04-30,2026-05-05,2026-04-30,2026-05-07,2026-05-07,,2026-04-30,,True,784,1
1014,iOJ34Usmi7c,Couch Investor,PYPL,buy,2026-05-05T13:58:07Z,2026-05-05T15:22:10.840000+00:00,2026-05-05,2026-05-05,before_open,2026-04-07,2026-05-04,2026-04-28,2026-05-04,2026-05-05,2026-05-06,2026-05-05,2026-05-08,2026-05-05,2026-05-12,2026-05-12,,2026-05-05,,False,785,2
1015,iOJ34Usmi7c,Couch Investor,PYPL,sell,2026-05-05T13:58:07Z,2026-05-05T16:02:36.920000+00:00,2026-05-05,2026-05-05,before_open,2026-04-07,2026-05-04,2026-04-28,2026-05-04,2026-05-05,2026-05-06,2026-05-05,2026-05-08,2026-05-05,2026-05-12,2026-05-12,,2026-05-05,,False,785,2
1016,iOJ34Usmi7c,Couch Investor,MSFT,buy,2026-05-05T13:58:07Z,2026-05-05T15:49:46.360000+00:00,2026-05-05,2026-05-05,before_open,2026-04-07,2026-05-04,2026-04-28,2026-05-04,2026-05-05,2026-05-06,2026-05-05,2026-05-08,2026-05-05,2026-05-12,2026-05-12,,2026-05-05,,False,786,1
1017,iOJ34Usmi7c,Couch Investor,SHOP,buy,2026-05-05T13:58:07Z,2026-05-05T15:54:41+00:00,2026-05-05,2026-05-05,before_open,2026-04-07,2026-05-04,2026-04-28,2026-05-04,2026-05-05,2026-05-06,2026-05-05,2026-05-08,2026-05-05,2026-05-12,2026-05-12,,2026-05-05,,False,787,1
1018,pqQ-v51DN9U,Couch Investor,MSFT,buy,2026-04-30T17:36:51Z,2026-04-30T17:57:46.640000+00:00,2026-04-30,2026-04-30,during_market,2026-04-01,2026-04-29,2026-04-23,2026-04-29,2026-04-30,2026-05-01,2026-04-30,2026-05-05,2026-04-30,2026-05-07,2026-05-07,,2026-04-30,,True,788,1
1019,urKw6UgHy7U,Couch Investor,META,buy,2026-04-29T22:59:54Z,2026-04-29T23:05:57.199000+00:00,2026-04-29,2026-04-29,after_close,2026-03-31,2026-04-28,2026-04-22,2026-04-28,2026-04-29,2026-04-30,2026-04-29,2026-05-04,2026-04-29,2026-05-06,2026-05-06,,2026-04-29,,True,764,2
1020,urKw6UgHy7U,Couch Investor,GOOGL,buy,2026-04-29T22:59:54Z,2026-04-29T23:42:04.880000+00:00,2026-04-29,2026-04-29,after_close,2026-03-31,2026-04-28,2026-04-22,2026-04-28,2026-04-29,2026-04-30,2026-04-29,2026-05-04,2026-04-29,2026-05-06,2026-05-06,,2026-04-29,,True,789,1
1021,xEd3BKPx_5w,The Investor Channel,META,buy,2026-03-13T22:03:48Z,2026-03-13T22:08:33.120000+00:00,2026-03-13,2026-03-13,after_close,2026-02-12,2026-03-12,2026-03-06,2026-03-12,2026-03-13,2026-03-16,2026-03-13,2026-03-18,2026-03-13,2026-03-20,2026-03-20,2026-04-13,2026-03-13,2026-04-13,True,790,1
1022,yMcHC559ms0,Couch Investor,SOFI,buy,2026-04-29T15:27:34Z,2026-04-29T15:41:15.440000+00:00,2026-04-29,2026-04-29,during_market,2026-03-31,2026-04-28,2026-04-22,2026-04-28,2026-04-29,2026-04-30,2026-04-29,2026-05-04,2026-04-29,2026-05-06,2026-05-06,,2026-04-29,,True,763,3
1023,yyMU6QkRdX4,Daniel Pronk,NFLX,sell,2026-04-16T22:06:14Z,2026-04-16T22:12:34.600000+00:00,2026-04-16,2026-04-16,after_close,2026-03-18,2026-04-15,2026-04-09,2026-04-15,2026-04-16,2026-04-17,2026-04-16,2026-04-21,2026-04-16,2026-04-23,2026-04-23,,2026-04-16,,True,791,1
1024,VxullUlwyfk,Couch Investor,AMD,buy,2026-05-05T22:34:22Z,2026-05-06T01:01:36.399000+00:00,2026-05-05,2026-05-05,after_close,2026-04-07,2026-05-04,2026-04-28,2026-05-04,2026-05-05,2026-05-06,2026-05-05,2026-05-08,2026-05-05,2026-05-12,2026-05-12,,2026-05-05,,True,792,1
1025,VxullUlwyfk,Couch Investor,NVDA,buy,2026-05-05T22:34:22Z,2026-05-06T01:03:03.359000+00:00,2026-05-05,2026-05-05,after_close,2026-04-07,2026-05-04,2026-04-28,2026-05-04,2026-05-05,2026-05-06,2026-05-05,2026-05-08,2026-05-05,2026-05-12,2026-05-12,,2026-05-05,,True,793,1
1026,VxullUlwyfk,Couch Investor,GOOGL,sell,2026-05-05T22:34:22Z,2026-05-05T23:25:20.720000+00:00,2026-05-05,2026-05-05,after_close,2026-04-07,2026-05-04,2026-04-28,2026-05-04,2026-05-05,2026-05-06,2026-05-05,2026-05-08,2026-05-05,2026-05-12,2026-05-12,,2026-05-05,,True,794,1
1027,mnJf3yEipI8,Dividendology,GOOGL,buy,2026-04-29T21:43:01Z,2026-04-29T21:43:10.280000+00:00,2026-04-29,2026-04-29,after_close,2026-03-31,2026-04-28,2026-04-22,2026-04-28,2026-04-29,2026-04-30,2026-04-29,2026-05-04,2026-04-29,2026-05-06,2026-05-06,,2026-04-29,,True,795,1
1028,ZT5Y9OWWduo,Financial Education,META,buy,2026-03-17T00:28:07Z,2026-03-17T00:40:42.519000+00:00,2026-03-17,2026-03-17,after_close,2026-02-17,2026-03-16,2026-03-10,2026-03-16,2026-03-17,2026-03-18,2026-03-17,2026-03-20,2026-03-17,2026-03-24,2026-03-24,2026-04-15,2026-03-17,2026-04-15,True,796,3
1029,ZT5Y9OWWduo,Financial Education,META,buy,2026-03-17T00:28:07Z,2026-03-17T00:44:35+00:00,2026-03-17,2026-03-17,after_close,2026-02-17,2026-03-16,2026-03-10,2026-03-16,2026-03-17,2026-03-18,2026-03-17,2026-03-20,2026-03-17,2026-03-24,2026-03-24,2026-04-15,2026-03-17,2026-04-15,True,796,3
1030,ZT5Y9OWWduo,Financial Education,META,buy,2026-03-17T00:28:07Z,2026-03-17T00:46:03.080000+00:00,2026-03-17,2026-03-17,after_close,2026-02-17,2026-03-16,2026-03-10,2026-03-16,2026-03-17,2026-03-18,2026-03-17,2026-03-20,2026-03-17,2026-03-24,2026-03-24,2026-04-15,2026-03-17,2026-04-15,True,796,3
1031,37HErhv0PDw,The Swedish Investor,AAPL,buy,2025-06-27T06:00:19Z,2025-06-27T06:15:54.920000+00:00,2025-06-27,2025-06-27,before_open,2025-05-29,2025-06-26,2025-06-20,2025-06-26,2025-06-27,2025-06-30,2025-06-27,2025-07-02,2025-06-27,2025-07-07,2025-07-07,2025-07-28,2025-06-27,2025-07-28,False,797,1
1032,8YAO5OMzEqo,Everything Money,TSLA,buy,2026-05-04T09:55:00Z,2026-05-04T10:15:25.640000+00:00,2026-05-04,2026-05-04,before_open,2026-04-06,2026-05-01,2026-04-27,2026-05-01,2026-05-04,2026-05-05,2026-05-04,2026-05-07,2026-05-04,2026-05-11,2026-05-11,,2026-05-04,,False,798,1
1033,BxDjTZzN_vw,Sasha Yanshin,GOOGL,buy,2026-02-15T15:02:50Z,2026-02-15T15:10:13.280000+00:00,2026-02-15,2026-02-17,weekend_or_holiday,2026-01-16,2026-02-13,2026-02-09,2026-02-13,2026-02-17,2026-02-18,2026-02-17,2026-02-20,2026-02-17,2026-02-24,2026-02-24,2026-03-17,2026-02-17,2026-03-17,False,799,1
1034,DspkdrYD3mE,Tom Nash,PLTR,sell,2026-04-10T14:05:13Z,2026-04-10T14:21:21.040000+00:00,2026-04-10,2026-04-10,before_open,2026-03-12,2026-04-09,2026-04-02,2026-04-09,2026-04-10,2026-04-13,2026-04-10,2026-04-15,2026-04-10,2026-04-17,2026-04-17,2026-05-08,2026-04-10,2026-05-08,False,800,1
1035,HnhI8RqeZPU,Daniel Pronk,META,buy,2026-05-02T21:42:33Z,2026-05-02T21:52:01.880000+00:00,2026-05-02,2026-05-04,weekend_or_holiday,2026-04-06,2026-05-01,2026-04-27,2026-05-01,2026-05-04,2026-05-05,2026-05-04,2026-05-07,2026-05-04,2026-05-11,2026-05-11,,2026-05-04,,False,801,1
1036,IuqZ4FVA3ck,Couch Investor,META,buy,2026-05-08T19:17:05Z,2026-05-08T19:26:03.640000+00:00,2026-05-08,2026-05-08,during_market,2026-04-10,2026-05-07,2026-05-01,2026-05-07,2026-05-08,2026-05-11,2026-05-08,2026-05-13,2026-05-08,,,,2026-05-08,,True,802,3
1037,IuqZ4FVA3ck,Couch Investor,META,buy,2026-05-08T19:17:05Z,2026-05-08T19:28:15.240000+00:00,2026-05-08,2026-05-08,during_market,2026-04-10,2026-05-07,2026-05-01,2026-05-07,2026-05-08,2026-05-11,2026-05-08,2026-05-13,2026-05-08,,,,2026-05-08,,True,802,3
1038,IuqZ4FVA3ck,Couch Investor,META,buy,2026-05-08T19:17:05Z,2026-05-08T19:44:08.919000+00:00,2026-05-08,2026-05-08,during_market,2026-04-10,2026-05-07,2026-05-01,2026-05-07,2026-05-08,2026-05-11,2026-05-08,2026-05-13,2026-05-08,,,,2026-05-08,,True,802,3
1039,IuqZ4FVA3ck,Couch Investor,SOFI,buy,2026-05-08T19:17:05Z,2026-05-08T19:44:11+00:00,2026-05-08,2026-05-08,during_market,2026-04-10,2026-05-07,2026-05-01,2026-05-07,2026-05-08,2026-05-11,2026-05-08,2026-05-13,2026-05-08,,,,2026-05-08,,True,803,1
1040,IuqZ4FVA3ck,Couch Investor,NFLX,buy,2026-05-08T19:17:05Z,2026-05-08T19:44:11+00:00,2026-05-08,2026-05-08,during_market,2026-04-10,2026-05-07,2026-05-01,2026-05-07,2026-05-08,2026-05-11,2026-05-08,2026-05-13,2026-05-08,,,,2026-05-08,,True,804,1
1041,JpGyIp6-Icw,ZipTrader,NVDA,buy,2026-04-27T02:08:43Z,2026-04-27T02:20:10.519000+00:00,2026-04-27,2026-04-27,after_close,2026-03-27,2026-04-24,2026-04-20,2026-04-24,2026-04-27,2026-04-28,2026-04-27,2026-04-30,2026-04-27,2026-05-04,2026-05-04,,2026-04-27,,True,805,2
1042,JpGyIp6-Icw,ZipTrader,NVDA,buy,2026-04-27T02:08:43Z,2026-04-27T02:20:45.399000+00:00,2026-04-27,2026-04-27,after_close,2026-03-27,2026-04-24,2026-04-20,2026-04-24,2026-04-27,2026-04-28,2026-04-27,2026-04-30,2026-04-27,2026-05-04,2026-05-04,,2026-04-27,,True,805,2
1043,N2AKFXEJrmw,Daniel Pronk,GOOGL,buy,2026-05-05T20:54:25Z,2026-05-05T21:02:47.440000+00:00,2026-05-05,2026-05-05,during_market,2026-04-07,2026-05-04,2026-04-28,2026-05-04,2026-05-05,2026-05-06,2026-05-05,2026-05-08,2026-05-05,2026-05-12,2026-05-12,,2026-05-05,,True,806,1
1044,U3eGEycHccU,Financial Education,TSLA,sell,2026-03-21T00:28:54Z,2026-03-21T00:51:08.960000+00:00,2026-03-21,2026-03-23,weekend_or_holiday,2026-02-23,2026-03-20,2026-03-16,2026-03-20,2026-03-23,2026-03-24,2026-03-23,2026-03-26,2026-03-23,2026-03-30,2026-03-30,2026-04-21,2026-03-23,2026-04-21,False,807,1
1045,XR57WlqX4iM,The Swedish Investor,DIS,buy,2025-04-29T09:10:57Z,2025-04-29T09:18:59.570000+00:00,2025-04-29,2025-04-29,before_open,2025-03-31,2025-04-28,2025-04-22,2025-04-28,2025-04-29,2025-04-30,2025-04-29,2025-05-02,2025-04-29,2025-05-06,2025-05-06,2025-05-28,2025-04-29,2025-05-28,False,808,2
1046,XR57WlqX4iM,The Swedish Investor,DIS,buy,2025-04-29T09:10:57Z,2025-04-29T09:19:30.610000+00:00,2025-04-29,2025-04-29,before_open,2025-03-31,2025-04-28,2025-04-22,2025-04-28,2025-04-29,2025-04-30,2025-04-29,2025-05-02,2025-04-29,2025-05-06,2025-05-06,2025-05-28,2025-04-29,2025-05-28,False,808,2
1047,ZdxSfpyE3io,Meet Kevin,AMZN,buy,2025-12-31T18:30:05Z,2025-12-31T18:55:30.360000+00:00,2025-12-31,2025-12-31,during_market,2025-12-02,2025-12-30,2025-12-23,2025-12-30,2025-12-31,2026-01-02,2025-12-31,2026-01-06,2025-12-31,2026-01-08,2026-01-08,2026-01-30,2025-12-31,2026-01-30,True,339,2
1048,_vefC6wbulo,Daniel Pronk,AMZN,buy,2026-04-28T22:02:05Z,2026-04-28T22:14:13.160000+00:00,2026-04-28,2026-04-28,after_close,2026-03-30,2026-04-27,2026-04-21,2026-04-27,2026-04-28,2026-04-29,2026-04-28,2026-05-01,2026-04-28,2026-05-05,2026-05-05,,2026-04-28,,True,809,1
1049,ha595tW5ZYI,Learn to Invest - Investors Grow,NVDA,buy,2026-04-04T12:15:06Z,2026-04-04T12:16:04.800000+00:00,2026-04-04,2026-04-06,weekend_or_holiday,2026-03-06,2026-04-02,2026-03-27,2026-04-02,2026-04-06,2026-04-07,2026-04-06,2026-04-09,2026-04-06,2026-04-13,2026-04-13,2026-05-04,2026-04-06,2026-05-04,False,810,1
1050,j0UlfSd4mj0,Couch Investor,NVDA,buy,2026-05-11T13:08:49Z,2026-05-11T13:20:27.560000+00:00,2026-05-11,2026-05-11,before_open,2026-04-13,2026-05-08,2026-05-04,2026-05-08,2026-05-11,2026-05-12,2026-05-11,,2026-05-11,,,,2026-05-11,,False,811,1
1051,ogRgEob9-pY,Best of Us Investors,AMZN,sell,2026-05-04T12:01:25Z,2026-05-04T12:01:26.309000+00:00,2026-05-04,2026-05-04,before_open,2026-04-06,2026-05-01,2026-04-27,2026-05-01,2026-05-04,2026-05-05,2026-05-04,2026-05-07,2026-05-04,2026-05-11,2026-05-11,,2026-05-04,,False,812,1
1052,t07A312EiCo,Ticker Symbol: YOU,AMD,buy,2026-04-30T21:20:19Z,2026-04-30T21:23:18.960000+00:00,2026-04-30,2026-04-30,after_close,2026-04-01,2026-04-29,2026-04-23,2026-04-29,2026-04-30,2026-05-01,2026-04-30,2026-05-05,2026-04-30,2026-05-07,2026-05-07,,2026-04-30,,True,813,1
1053,t07A312EiCo,Ticker Symbol: YOU,NVDA,buy,2026-04-30T21:20:19Z,2026-04-30T21:25:06.960000+00:00,2026-04-30,2026-04-30,after_close,2026-04-01,2026-04-29,2026-04-23,2026-04-29,2026-04-30,2026-05-01,2026-04-30,2026-05-05,2026-04-30,2026-05-07,2026-05-07,,2026-04-30,,True,814,1
1054,TWbl-PTpWUY,Chris Sain,TSLA,buy,2025-05-14T01:58:01Z,2025-05-14T02:00:38.680000+00:00,2025-05-14,2025-05-14,after_close,2025-04-15,2025-05-13,2025-05-07,2025-05-13,2025-05-14,2025-05-15,2025-05-14,2025-05-19,2025-05-14,2025-05-21,2025-05-21,2025-06-12,2025-05-14,2025-06-12,True,815,1
1055,3UksR3ghPi4,Best of Us Investors,NVDA,sell,2025-09-02T12:00:07Z,2025-09-02T12:12:56.440000+00:00,2025-09-02,2025-09-02,before_open,2025-08-04,2025-08-29,2025-08-25,2025-08-29,2025-09-02,2025-09-03,2025-09-02,2025-09-05,2025-09-02,2025-09-09,2025-09-09,2025-09-30,2025-09-02,2025-09-30,False,816,1
1056,3cZ0meXHFSU,Chris Sain,META,buy,2025-06-26T23:52:05Z,2025-06-26T23:55:04.760000+00:00,2025-06-26,2025-06-26,after_close,2025-05-28,2025-06-25,2025-06-18,2025-06-25,2025-06-26,2025-06-27,2025-06-26,2025-07-01,2025-06-26,2025-07-03,2025-07-03,2025-07-25,2025-06-26,2025-07-25,True,817,1
1057,OALvs2pdQfY,Chris Sain,GOOGL,buy,2025-07-04T00:03:36Z,2025-07-04T00:11:29.280000+00:00,2025-07-04,2025-07-07,after_close,2025-06-05,2025-07-03,2025-06-27,2025-07-03,2025-07-07,2025-07-08,2025-07-07,2025-07-10,2025-07-07,2025-07-14,2025-07-14,2025-08-04,2025-07-07,2025-08-04,True,818,1
1058,WQRRgjZvw48,Best of Us Investors,NVDA,buy,2025-08-25T12:00:57Z,2025-08-25T12:15:03.399000+00:00,2025-08-25,2025-08-25,before_open,2025-07-28,2025-08-22,2025-08-18,2025-08-22,2025-08-25,2025-08-26,2025-08-25,2025-08-28,2025-08-25,2025-09-02,2025-09-02,2025-09-23,2025-08-25,2025-09-23,False,819,1
1059,zCnBQKLEAmo,Chris Sain,META,buy,2025-06-07T12:30:17Z,2025-06-07T12:35:37+00:00,2025-06-07,2025-06-09,weekend_or_holiday,2025-05-09,2025-06-06,2025-06-02,2025-06-06,2025-06-09,2025-06-10,2025-06-09,2025-06-12,2025-06-09,2025-06-16,2025-06-16,2025-07-09,2025-06-09,2025-07-09,False,820,1
1060,1kkYirZWToE,Chicken Genius Singapore,TSLA,buy,2021-05-14T13:00:01Z,2021-05-14T13:03:03.639000+00:00,2021-05-14,2021-05-14,before_open,2021-04-16,2021-05-13,2021-05-07,2021-05-13,2021-05-14,2021-05-17,2021-05-14,2021-05-19,2021-05-14,2021-05-21,2021-05-21,2021-06-14,2021-05-14,2021-06-14,False,821,1
1061,yHaFZjH1po8,Chicken Genius Singapore,SQ,sell,2020-11-20T14:15:06Z,2020-11-20T14:20:52.729000+00:00,2020-11-20,,before_open,,,,,,,,,,,,,,,False,822,1
1062,2EsN8-iGb9I,Chicken Genius Singapore,AMZN,sell,2020-07-17T14:00:00Z,2020-07-17T14:08:55.760000+00:00,2020-07-17,2020-07-17,before_open,2020-06-18,2020-07-16,2020-07-10,2020-07-16,2020-07-17,2020-07-20,2020-07-17,2020-07-22,2020-07-17,2020-07-24,2020-07-24,2020-08-14,2020-07-17,2020-08-14,False,823,1
1063,DgzWuS5_XyI,Chicken Genius Singapore,TSLA,buy,2020-06-22T13:00:04Z,2020-06-22T13:03:59.919000+00:00,2020-06-22,2020-06-22,before_open,2020-05-22,2020-06-19,2020-06-15,2020-06-19,2020-06-22,2020-06-23,2020-06-22,2020-06-25,2020-06-22,2020-06-29,2020-06-29,2020-07-21,2020-06-22,2020-07-21,False,824,1
1064,Zxz4CiEoyeE,Chicken Genius Singapore,TSLA,buy,2020-06-15T13:00:14Z,2020-06-15T13:06:13.230000+00:00,2020-06-15,2020-06-15,before_open,2020-05-15,2020-06-12,2020-06-08,2020-06-12,2020-06-15,2020-06-16,2020-06-15,2020-06-18,2020-06-15,2020-06-22,2020-06-22,2020-07-14,2020-06-15,2020-07-14,False,825,1
1065,qSAEtgOMcUc,Chicken Genius Singapore,TSLA,buy,2020-06-05T14:00:18Z,2020-06-05T14:06:19.580000+00:00,2020-06-05,2020-06-05,before_open,2020-05-07,2020-06-04,2020-05-29,2020-06-04,2020-06-05,2020-06-08,2020-06-05,2020-06-10,2020-06-05,2020-06-12,2020-06-12,2020-07-06,2020-06-05,2020-07-06,False,826,1
1066,lAjQ0a8EFLg,Chicken Genius Singapore,TSLA,buy,2020-06-01T13:00:34Z,2020-06-01T13:07:03.610000+00:00,2020-06-01,2020-06-01,before_open,2020-05-01,2020-05-29,2020-05-22,2020-05-29,2020-06-01,2020-06-02,2020-06-01,2020-06-04,2020-06-01,2020-06-08,2020-06-08,2020-06-29,2020-06-01,2020-06-29,False,827,1
1067,vq2OzoJ-xSk,Chicken Genius Singapore,TSLA,buy,2020-05-22T14:00:27Z,2020-05-22T14:01:02.190000+00:00,2020-05-22,2020-05-22,before_open,2020-04-24,2020-05-21,2020-05-15,2020-05-21,2020-05-22,2020-05-26,2020-05-22,2020-05-28,2020-05-22,2020-06-01,2020-06-01,2020-06-22,2020-05-22,2020-06-22,False,828,1
1068,wBjBs0VibaY,The Plain Bagel,GOOGL,buy,2023-10-27T16:00:06Z,,2023-10-27,2023-10-27,during_market,2023-09-29,2023-10-26,2023-10-20,2023-10-26,2023-10-27,2023-10-30,2023-10-27,2023-11-01,2023-10-27,2023-11-03,2023-11-03,2023-11-27,2023-10-27,2023-11-27,True,829,1
1069,nKHzfQd4lOo,The Plain Bagel,NVDA,buy,2024-12-28T01:01:24Z,,2024-12-28,2024-12-30,weekend_or_holiday,2024-11-29,2024-12-27,2024-12-20,2024-12-27,2024-12-30,2024-12-31,2024-12-30,2025-01-03,2024-12-30,2025-01-07,2025-01-07,2025-01-30,2024-12-30,2025-01-30,False,830,2
1070,nKHzfQd4lOo,The Plain Bagel,NVDA,buy,2024-12-28T01:01:24Z,,2024-12-28,2024-12-30,weekend_or_holiday,2024-11-29,2024-12-27,2024-12-20,2024-12-27,2024-12-30,2024-12-31,2024-12-30,2025-01-03,2024-12-30,2025-01-07,2025-01-07,2025-01-30,2024-12-30,2025-01-30,False,830,2
1071,dsVxaGMD2q8,New Money,MSFT,buy,2024-07-14T13:12:50Z,,2024-07-14,2024-07-15,weekend_or_holiday,2024-06-13,2024-07-12,2024-07-08,2024-07-12,2024-07-15,2024-07-16,2024-07-15,2024-07-18,2024-07-15,2024-07-22,2024-07-22,2024-08-12,2024-07-15,2024-08-12,False,831,1
1072,wwIh2NK3GMM,Kenan Grace,META,buy,2026-04-09T18:42:37Z,,2026-04-09,2026-04-09,during_market,2026-03-11,2026-04-08,2026-04-01,2026-04-08,2026-04-09,2026-04-10,2026-04-09,2026-04-14,2026-04-09,2026-04-16,2026-04-16,2026-05-07,2026-04-09,2026-05-07,True,832,1
1073,8ZllCsuVEaM,Everything Money,MSFT,buy,2025-10-11T11:24:00Z,,2025-10-11,2025-10-13,weekend_or_holiday,2025-09-15,2025-10-10,2025-10-06,2025-10-10,2025-10-13,2025-10-14,2025-10-13,2025-10-16,2025-10-13,2025-10-20,2025-10-20,2025-11-10,2025-10-13,2025-11-10,False,833,1
1074,JooqHEF0kBo,The Plain Bagel,AMC,sell,2024-05-31T17:43:43Z,,2024-05-31,2024-05-31,during_market,2024-05-02,2024-05-30,2024-05-23,2024-05-30,2024-05-31,2024-06-03,2024-05-31,2024-06-05,2024-05-31,2024-06-07,2024-06-07,2024-07-01,2024-05-31,2024-07-01,True,834,2
1075,JooqHEF0kBo,The Plain Bagel,AMC,sell,2024-05-31T17:43:43Z,,2024-05-31,2024-05-31,during_market,2024-05-02,2024-05-30,2024-05-23,2024-05-30,2024-05-31,2024-06-03,2024-05-31,2024-06-05,2024-05-31,2024-06-07,2024-06-07,2024-07-01,2024-05-31,2024-07-01,True,834,2
1076,BL_L4hHBTLc,The Plain Bagel,DIS,buy,2022-11-18T02:56:56Z,,2022-11-18,2022-11-18,after_close,2022-10-21,2022-11-17,2022-11-11,2022-11-17,2022-11-18,2022-11-21,2022-11-18,2022-11-23,2022-11-18,2022-11-28,2022-11-28,2022-12-19,2022-11-18,2022-12-19,True,835,1
1077,kG6MzOFT9RM,Ticker Symbol: YOU,SHOP,buy,2023-01-08T16:05:50Z,2023-01-08T16:16:50.120000+00:00,2023-01-08,2023-01-09,weekend_or_holiday,2022-12-08,2023-01-06,2022-12-30,2023-01-06,2023-01-09,2023-01-10,2023-01-09,2023-01-12,2023-01-09,2023-01-17,2023-01-17,2023-02-07,2023-01-09,2023-02-07,False,836,1
1078,gaG787XWIXc,New Money,AAPL,sell,2023-08-18T12:55:23Z,2023-08-18T13:00:22.880000+00:00,2023-08-18,2023-08-18,before_open,2023-07-21,2023-08-17,2023-08-11,2023-08-17,2023-08-18,2023-08-21,2023-08-18,2023-08-23,2023-08-18,2023-08-25,2023-08-25,2023-09-18,2023-08-18,2023-09-18,False,837,1
1079,5T_EgAUWhhg,Chicken Genius Singapore,TSLA,buy,2021-08-02T13:00:02Z,2021-08-02T13:03:54.660000+00:00,2021-08-02,2021-08-02,before_open,2021-07-02,2021-07-30,2021-07-26,2021-07-30,2021-08-02,2021-08-03,2021-08-02,2021-08-05,2021-08-02,2021-08-09,2021-08-09,2021-08-30,2021-08-02,2021-08-30,False,838,1
1080,Q91eWzrwLeY,Meet Kevin,AMD,buy,2025-11-24T21:39:27Z,2025-11-24T22:52:13.480000+00:00,2025-11-24,2025-11-24,after_close,2025-10-27,2025-11-21,2025-11-17,2025-11-21,2025-11-24,2025-11-25,2025-11-24,2025-11-28,2025-11-24,2025-12-02,2025-12-02,2025-12-23,2025-11-24,2025-12-23,True,839,1
1081,fIcWfHikAOo,The Plain Bagel,AMD,buy,2025-11-07T17:01:14Z,2025-11-07T17:08:27+00:00,2025-11-07,2025-11-07,during_market,2025-10-10,2025-11-06,2025-10-31,2025-11-06,2025-11-07,2025-11-10,2025-11-07,2025-11-12,2025-11-07,2025-11-14,2025-11-14,2025-12-08,2025-11-07,2025-12-08,True,840,1
1082,kLq9UBVTUYY,Tom Nash,MSFT,buy,2024-12-04T14:43:18Z,2024-12-04T14:45:40.560000+00:00,2024-12-04,2024-12-04,during_market,2024-11-05,2024-12-03,2024-11-26,2024-12-03,2024-12-04,2024-12-05,2024-12-04,2024-12-09,2024-12-04,2024-12-11,2024-12-11,2025-01-03,2024-12-04,2025-01-03,True,841,1
1083,9ykRV2OMPbE,Ticker Symbol: YOU,NVDA,buy,2023-03-21T19:45:27Z,2023-03-21T19:47:20.460000+00:00,2023-03-21,2023-03-21,during_market,2023-02-21,2023-03-20,2023-03-14,2023-03-20,2023-03-21,2023-03-22,2023-03-21,2023-03-24,2023-03-21,2023-03-28,2023-03-28,2023-04-19,2023-03-21,2023-04-19,True,842,1
1084,AqZbO8Ojhmw,The Plain Bagel,AMZN,sell,2022-11-04T16:00:10Z,2022-11-04T16:07:12+00:00,2022-11-04,2022-11-04,during_market,2022-10-07,2022-11-03,2022-10-28,2022-11-03,2022-11-04,2022-11-07,2022-11-04,2022-11-09,2022-11-04,2022-11-11,2022-11-11,2022-12-05,2022-11-04,2022-12-05,True,843,1
1085,Uf85jlmd5_4,Sasha Yanshin,NVDA,buy,2023-08-30T13:36:21Z,2023-08-30T13:37:04.620000+00:00,2023-08-30,2023-08-30,before_open,2023-08-02,2023-08-29,2023-08-23,2023-08-29,2023-08-30,2023-08-31,2023-08-30,2023-09-05,2023-08-30,2023-09-07,2023-09-07,2023-09-28,2023-08-30,2023-09-28,False,844,1
1086,Uf85jlmd5_4,Sasha Yanshin,MSFT,buy,2023-08-30T13:36:21Z,2023-08-30T13:38:28.740000+00:00,2023-08-30,2023-08-30,before_open,2023-08-02,2023-08-29,2023-08-23,2023-08-29,2023-08-30,2023-08-31,2023-08-30,2023-09-05,2023-08-30,2023-09-07,2023-09-07,2023-09-28,2023-08-30,2023-09-28,False,845,1
1087,HFxdNdd1BW0,Sasha Yanshin,GOOGL,buy,2023-12-18T18:37:36Z,2023-12-18T18:45:22.440000+00:00,2023-12-18,2023-12-18,during_market,2023-11-17,2023-12-15,2023-12-11,2023-12-15,2023-12-18,2023-12-19,2023-12-18,2023-12-21,2023-12-18,2023-12-26,2023-12-26,2024-01-18,2023-12-18,2024-01-18,True,846,2
1088,HFxdNdd1BW0,Sasha Yanshin,GOOGL,sell,2023-12-18T18:37:36Z,2023-12-18T18:46:15.880000+00:00,2023-12-18,2023-12-18,during_market,2023-11-17,2023-12-15,2023-12-11,2023-12-15,2023-12-18,2023-12-19,2023-12-18,2023-12-21,2023-12-18,2023-12-26,2023-12-26,2024-01-18,2023-12-18,2024-01-18,True,846,2
1089,HFxdNdd1BW0,Sasha Yanshin,AMD,sell,2023-12-18T18:37:36Z,2023-12-18T18:46:28.920000+00:00,2023-12-18,2023-12-18,during_market,2023-11-17,2023-12-15,2023-12-11,2023-12-15,2023-12-18,2023-12-19,2023-12-18,2023-12-21,2023-12-18,2023-12-26,2023-12-26,2024-01-18,2023-12-18,2024-01-18,True,847,1
1090,HFxdNdd1BW0,Sasha Yanshin,TSLA,sell,2023-12-18T18:37:36Z,2023-12-18T18:47:01.360000+00:00,2023-12-18,2023-12-18,during_market,2023-11-17,2023-12-15,2023-12-11,2023-12-15,2023-12-18,2023-12-19,2023-12-18,2023-12-21,2023-12-18,2023-12-26,2023-12-26,2024-01-18,2023-12-18,2024-01-18,True,848,1
1091,daw3A_OI1ac,HyperChange,TSLA,buy,2022-01-20T20:24:28Z,2022-01-20T21:16:40.720000+00:00,2022-01-20,2022-01-20,during_market,2021-12-21,2022-01-19,2022-01-12,2022-01-19,2022-01-20,2022-01-21,2022-01-20,2022-01-25,2022-01-20,2022-01-27,2022-01-27,2022-02-17,2022-01-20,2022-02-17,True,849,1
1092,HEvRiI2r2lQ,ZipTrader,AMZN,buy,2025-01-22T01:03:57Z,2025-01-22T01:05:19.280000+00:00,2025-01-22,2025-01-22,after_close,2024-12-19,2025-01-21,2025-01-14,2025-01-21,2025-01-22,2025-01-23,2025-01-22,2025-01-27,2025-01-22,2025-01-29,2025-01-29,2025-02-20,2025-01-22,2025-02-20,True,850,1
1093,HEvRiI2r2lQ,ZipTrader,NVDA,buy,2025-01-22T01:03:57Z,2025-01-22T01:05:40.640000+00:00,2025-01-22,2025-01-22,after_close,2024-12-19,2025-01-21,2025-01-14,2025-01-21,2025-01-22,2025-01-23,2025-01-22,2025-01-27,2025-01-22,2025-01-29,2025-01-29,2025-02-20,2025-01-22,2025-02-20,True,851,1
1094,Md0F7Bvwtz4,Meet Kevin,NVDA,sell,2025-12-12T19:10:29Z,2025-12-12T19:41:59.720000+00:00,2025-12-12,2025-12-12,during_market,2025-11-13,2025-12-11,2025-12-05,2025-12-11,2025-12-12,2025-12-15,2025-12-12,2025-12-17,2025-12-12,2025-12-19,2025-12-19,2026-01-13,2025-12-12,2026-01-13,True,852,1
1095,V-T-k1pK4LY,Stock Moe,GOOGL,buy,2025-12-31T21:32:05Z,2025-12-31T21:39:44.919000+00:00,2025-12-31,2025-12-31,after_close,2025-12-02,2025-12-30,2025-12-23,2025-12-30,2025-12-31,2026-01-02,2025-12-31,2026-01-06,2025-12-31,2026-01-08,2026-01-08,2026-01-30,2025-12-31,2026-01-30,True,853,1
1096,y-EbYtfeI5o,Everything Money,META,buy,2026-02-16T10:55:00Z,2026-02-16T11:00:49.280000+00:00,2026-02-16,2026-02-17,before_open,2026-01-16,2026-02-13,2026-02-09,2026-02-13,2026-02-17,2026-02-18,2026-02-17,2026-02-20,2026-02-17,2026-02-24,2026-02-24,2026-03-17,2026-02-17,2026-03-17,False,854,1
1097,y-EbYtfeI5o,Everything Money,PYPL,buy,2026-02-16T10:55:00Z,2026-02-16T11:14:12.160000+00:00,2026-02-16,2026-02-17,before_open,2026-01-16,2026-02-13,2026-02-09,2026-02-13,2026-02-17,2026-02-18,2026-02-17,2026-02-20,2026-02-17,2026-02-24,2026-02-24,2026-03-17,2026-02-17,2026-03-17,False,855,4
1098,y-EbYtfeI5o,Everything Money,PYPL,buy,2026-02-16T10:55:00Z,2026-02-16T11:18:38.320000+00:00,2026-02-16,2026-02-17,before_open,2026-01-16,2026-02-13,2026-02-09,2026-02-13,2026-02-17,2026-02-18,2026-02-17,2026-02-20,2026-02-17,2026-02-24,2026-02-24,2026-03-17,2026-02-17,2026-03-17,False,855,4
1099,y-EbYtfeI5o,Everything Money,PYPL,buy,2026-02-16T10:55:00Z,2026-02-16T11:21:40.159000+00:00,2026-02-16,2026-02-17,before_open,2026-01-16,2026-02-13,2026-02-09,2026-02-13,2026-02-17,2026-02-18,2026-02-17,2026-02-20,2026-02-17,2026-02-24,2026-02-24,2026-03-17,2026-02-17,2026-03-17,False,855,4
1100,y-EbYtfeI5o,Everything Money,PYPL,buy,2026-02-16T10:55:00Z,2026-02-16T11:29:58.240000+00:00,2026-02-16,2026-02-17,before_open,2026-01-16,2026-02-13,2026-02-09,2026-02-13,2026-02-17,2026-02-18,2026-02-17,2026-02-20,2026-02-17,2026-02-24,2026-02-24,2026-03-17,2026-02-17,2026-03-17,False,855,4
1101,y-EbYtfeI5o,Everything Money,NVDA,buy,2026-02-16T10:55:00Z,2026-02-16T11:29:29.359000+00:00,2026-02-16,2026-02-17,before_open,2026-01-16,2026-02-13,2026-02-09,2026-02-13,2026-02-17,2026-02-18,2026-02-17,2026-02-20,2026-02-17,2026-02-24,2026-02-24,2026-03-17,2026-02-17,2026-03-17,False,856,1
1102,gpxJkp9Dv0k,Everything Money,MSFT,buy,2026-03-03T10:54:01Z,2026-03-03T10:56:19.319000+00:00,2026-03-03,2026-03-03,before_open,2026-02-02,2026-03-02,2026-02-24,2026-03-02,2026-03-03,2026-03-04,2026-03-03,2026-03-06,2026-03-03,2026-03-10,2026-03-10,2026-03-31,2026-03-03,2026-03-31,False,857,2
1103,gpxJkp9Dv0k,Everything Money,MSFT,sell,2026-03-03T10:54:01Z,2026-03-03T10:59:53.320000+00:00,2026-03-03,2026-03-03,before_open,2026-02-02,2026-03-02,2026-02-24,2026-03-02,2026-03-03,2026-03-04,2026-03-03,2026-03-06,2026-03-03,2026-03-10,2026-03-10,2026-03-31,2026-03-03,2026-03-31,False,857,2
1104,jkF0tlSV5qk,Financial Education,MSFT,buy,2026-03-26T23:39:01Z,2026-03-27T00:00:49.880000+00:00,2026-03-26,2026-03-26,after_close,2026-02-26,2026-03-25,2026-03-19,2026-03-25,2026-03-26,2026-03-27,2026-03-26,2026-03-31,2026-03-26,2026-04-02,2026-04-02,2026-04-24,2026-03-26,2026-04-24,True,858,1
1105,MDcoPZ5cAbg,Financial Education,SOFI,buy,2026-04-07T21:23:01Z,2026-04-07T21:35:58.360000+00:00,2026-04-07,2026-04-07,after_close,2026-03-09,2026-04-06,2026-03-30,2026-04-06,2026-04-07,2026-04-08,2026-04-07,2026-04-10,2026-04-07,2026-04-14,2026-04-14,2026-05-05,2026-04-07,2026-05-05,True,859,1
1106,ljWJDprZM4o,Financial Education,AMD,buy,2026-04-15T23:33:10Z,2026-04-15T23:39:41.039000+00:00,2026-04-15,2026-04-15,after_close,2026-03-17,2026-04-14,2026-04-08,2026-04-14,2026-04-15,2026-04-16,2026-04-15,2026-04-20,2026-04-15,2026-04-22,2026-04-22,2026-05-13,2026-04-15,2026-05-13,True,860,3
1107,ljWJDprZM4o,Financial Education,AMD,buy,2026-04-15T23:33:10Z,2026-04-15T23:42:03.360000+00:00,2026-04-15,2026-04-15,after_close,2026-03-17,2026-04-14,2026-04-08,2026-04-14,2026-04-15,2026-04-16,2026-04-15,2026-04-20,2026-04-15,2026-04-22,2026-04-22,2026-05-13,2026-04-15,2026-05-13,True,860,3
1108,ljWJDprZM4o,Financial Education,AMD,buy,2026-04-15T23:33:10Z,2026-04-15T23:47:46.639000+00:00,2026-04-15,2026-04-15,after_close,2026-03-17,2026-04-14,2026-04-08,2026-04-14,2026-04-15,2026-04-16,2026-04-15,2026-04-20,2026-04-15,2026-04-22,2026-04-22,2026-05-13,2026-04-15,2026-05-13,True,860,3
1109,bsXdpDzDTqk,Financial Education,AMD,buy,2026-04-22T23:46:55Z,2026-04-22T23:54:27+00:00,2026-04-22,2026-04-22,after_close,2026-03-24,2026-04-21,2026-04-15,2026-04-21,2026-04-22,2026-04-23,2026-04-22,2026-04-27,2026-04-22,2026-04-29,2026-04-29,,2026-04-22,,True,861,1
1110,uydkWBlPHg0,Sasha Yanshin,TSLA,buy,2025-02-11T18:47:08Z,2025-02-11T18:47:43.840000+00:00,2025-02-11,2025-02-11,during_market,2025-01-13,2025-02-10,2025-02-04,2025-02-10,2025-02-11,2025-02-12,2025-02-11,2025-02-14,2025-02-11,2025-02-19,2025-02-19,2025-03-12,2025-02-11,2025-03-12,True,862,5
1111,uydkWBlPHg0,Sasha Yanshin,TSLA,buy,2025-02-11T18:47:08Z,2025-02-11T18:49:00.920000+00:00,2025-02-11,2025-02-11,during_market,2025-01-13,2025-02-10,2025-02-04,2025-02-10,2025-02-11,2025-02-12,2025-02-11,2025-02-14,2025-02-11,2025-02-19,2025-02-19,2025-03-12,2025-02-11,2025-03-12,True,862,5
1112,uydkWBlPHg0,Sasha Yanshin,TSLA,sell,2025-02-11T18:47:08Z,2025-02-11T18:54:49.919000+00:00,2025-02-11,2025-02-11,during_market,2025-01-13,2025-02-10,2025-02-04,2025-02-10,2025-02-11,2025-02-12,2025-02-11,2025-02-14,2025-02-11,2025-02-19,2025-02-19,2025-03-12,2025-02-11,2025-03-12,True,862,5
1113,uydkWBlPHg0,Sasha Yanshin,TSLA,sell,2025-02-11T18:47:08Z,2025-02-11T18:57:49.560000+00:00,2025-02-11,2025-02-11,during_market,2025-01-13,2025-02-10,2025-02-04,2025-02-10,2025-02-11,2025-02-12,2025-02-11,2025-02-14,2025-02-11,2025-02-19,2025-02-19,2025-03-12,2025-02-11,2025-03-12,True,862,5
1114,uydkWBlPHg0,Sasha Yanshin,TSLA,sell,2025-02-11T18:47:08Z,2025-02-11T18:58:26.800000+00:00,2025-02-11,2025-02-11,during_market,2025-01-13,2025-02-10,2025-02-04,2025-02-10,2025-02-11,2025-02-12,2025-02-11,2025-02-14,2025-02-11,2025-02-19,2025-02-19,2025-03-12,2025-02-11,2025-03-12,True,862,5
1115,c_FA16k8i_c,Dumb Money Live,GOOGL,sell,2025-10-29T17:53:04Z,2025-10-29T18:18:34.080000+00:00,2025-10-29,2025-10-29,during_market,2025-10-01,2025-10-28,2025-10-22,2025-10-28,2025-10-29,2025-10-30,2025-10-29,2025-11-03,2025-10-29,2025-11-05,2025-11-05,2025-11-26,2025-10-29,2025-11-26,True,863,2
1116,c_FA16k8i_c,Dumb Money Live,GOOGL,buy,2025-10-29T17:53:04Z,2025-10-29T18:21:58.880000+00:00,2025-10-29,2025-10-29,during_market,2025-10-01,2025-10-28,2025-10-22,2025-10-28,2025-10-29,2025-10-30,2025-10-29,2025-11-03,2025-10-29,2025-11-05,2025-11-05,2025-11-26,2025-10-29,2025-11-26,True,863,2
1117,c_FA16k8i_c,Dumb Money Live,AAPL,buy,2025-10-29T17:53:04Z,2025-10-29T18:51:44+00:00,2025-10-29,2025-10-29,during_market,2025-10-01,2025-10-28,2025-10-22,2025-10-28,2025-10-29,2025-10-30,2025-10-29,2025-11-03,2025-10-29,2025-11-05,2025-11-05,2025-11-26,2025-10-29,2025-11-26,True,864,2
1118,c_FA16k8i_c,Dumb Money Live,AAPL,sell,2025-10-29T17:53:04Z,2025-10-29T18:55:47.599000+00:00,2025-10-29,2025-10-29,during_market,2025-10-01,2025-10-28,2025-10-22,2025-10-28,2025-10-29,2025-10-30,2025-10-29,2025-11-03,2025-10-29,2025-11-05,2025-11-05,2025-11-26,2025-10-29,2025-11-26,True,864,2
1119,RS9uOBSp_iU,Minority Mindset,AMZN,buy,2026-01-31T12:30:41Z,2026-01-31T12:31:26.520000+00:00,2026-01-31,2026-02-02,weekend_or_holiday,2026-01-02,2026-01-30,2026-01-26,2026-01-30,2026-02-02,2026-02-03,2026-02-02,2026-02-05,2026-02-02,2026-02-09,2026-02-09,2026-03-03,2026-02-02,2026-03-03,False,865,1
1120,gV_ofJTp8vA,Kenan Grace,NVDA,buy,2026-03-30T23:26:07Z,2026-03-31T00:07:07.800000+00:00,2026-03-30,2026-03-30,after_close,2026-03-02,2026-03-27,2026-03-23,2026-03-27,2026-03-30,2026-03-31,2026-03-30,2026-04-02,2026-03-30,2026-04-07,2026-04-07,2026-04-28,2026-03-30,2026-04-28,True,866,1
1121,0rYWdlmhOag,Kenan Grace,AMZN,buy,2026-04-22T01:54:55Z,2026-04-22T02:00:20.759000+00:00,2026-04-22,2026-04-22,after_close,2026-03-24,2026-04-21,2026-04-15,2026-04-21,2026-04-22,2026-04-23,2026-04-22,2026-04-27,2026-04-22,2026-04-29,2026-04-29,,2026-04-22,,True,867,2
1122,0rYWdlmhOag,Kenan Grace,AMZN,buy,2026-04-22T01:54:55Z,2026-04-22T02:00:58.520000+00:00,2026-04-22,2026-04-22,after_close,2026-03-24,2026-04-21,2026-04-15,2026-04-21,2026-04-22,2026-04-23,2026-04-22,2026-04-27,2026-04-22,2026-04-29,2026-04-29,,2026-04-22,,True,867,2
1123,I6loWAUoXuE,Financial Education,PYPL,buy,2024-10-29T20:45:07Z,2024-10-29T20:55:51.160000+00:00,2024-10-29,2024-10-29,during_market,2024-10-01,2024-10-28,2024-10-22,2024-10-28,2024-10-29,2024-10-30,2024-10-29,2024-11-01,2024-10-29,2024-11-05,2024-11-05,2024-11-26,2024-10-29,2024-11-26,True,868,1
1124,1vMAWsYU0ng,Graham Stephan,TSLA,buy,2025-09-01T19:00:03Z,2025-09-01T19:00:03.240000+00:00,2025-09-01,2025-09-02,during_market,2025-08-04,2025-08-29,2025-08-25,2025-08-29,2025-09-02,2025-09-03,2025-09-02,2025-09-05,2025-09-02,2025-09-09,2025-09-09,2025-09-30,2025-09-02,2025-09-30,True,869,1
1125,3DZMUqKAc0w,Graham Stephan,TSLA,buy,2025-12-21T16:56:20Z,2025-12-21T16:56:20.080000+00:00,2025-12-21,2025-12-22,weekend_or_holiday,2025-11-21,2025-12-19,2025-12-15,2025-12-19,2025-12-22,2025-12-23,2025-12-22,2025-12-26,2025-12-22,2025-12-30,2025-12-30,2026-01-22,2025-12-22,2026-01-22,False,870,1
1126,v_IZ6Z7jFO0,Graham Stephan,TSLA,buy,2025-12-17T21:15:07Z,2025-12-17T21:25:20+00:00,2025-12-17,2025-12-17,after_close,2025-11-18,2025-12-16,2025-12-10,2025-12-16,2025-12-17,2025-12-18,2025-12-17,2025-12-22,2025-12-17,2025-12-24,2025-12-24,2026-01-16,2025-12-17,2026-01-16,True,871,1
1127,vNkpBE68i5M,Everything Money,PYPL,sell,2026-04-30T09:55:01Z,2026-04-30T09:55:01.160000+00:00,2026-04-30,2026-04-30,before_open,2026-04-01,2026-04-29,2026-04-23,2026-04-29,2026-04-30,2026-05-01,2026-04-30,2026-05-05,2026-04-30,2026-05-07,2026-05-07,,2026-04-30,,False,872,1
1128,KsKKUwxSOI8,Dumb Money Live,GOOGL,buy,2025-11-09T04:00:32Z,2025-11-09T04:00:32.080000+00:00,2025-11-09,2025-11-10,weekend_or_holiday,2025-10-13,2025-11-07,2025-11-03,2025-11-07,2025-11-10,2025-11-11,2025-11-10,2025-11-13,2025-11-10,2025-11-17,2025-11-17,2025-12-09,2025-11-10,2025-12-09,False,873,1
1129,c1R83JYNJQ4,STOCK UP! with LARRY JONES,NVDA,buy,2025-10-30T00:29:56Z,2025-10-30T00:51:05+00:00,2025-10-30,2025-10-30,after_close,2025-10-02,2025-10-29,2025-10-23,2025-10-29,2025-10-30,2025-10-31,2025-10-30,2025-11-04,2025-10-30,2025-11-06,2025-11-06,2025-11-28,2025-10-30,2025-11-28,True,874,2
1130,c1R83JYNJQ4,STOCK UP! with LARRY JONES,NVDA,buy,2025-10-30T00:29:56Z,2025-10-30T00:56:15+00:00,2025-10-30,2025-10-30,after_close,2025-10-02,2025-10-29,2025-10-23,2025-10-29,2025-10-30,2025-10-31,2025-10-30,2025-11-04,2025-10-30,2025-11-06,2025-11-06,2025-11-28,2025-10-30,2025-11-28,True,874,2
1131,c1R83JYNJQ4,STOCK UP! with LARRY JONES,AAPL,sell,2025-10-30T00:29:56Z,2025-10-30T01:01:50+00:00,2025-10-30,2025-10-30,after_close,2025-10-02,2025-10-29,2025-10-23,2025-10-29,2025-10-30,2025-10-31,2025-10-30,2025-11-04,2025-10-30,2025-11-06,2025-11-06,2025-11-28,2025-10-30,2025-11-28,True,875,1
1132,c1R83JYNJQ4,STOCK UP! with LARRY JONES,GOOGL,buy,2025-10-30T00:29:56Z,2025-10-30T00:56:22+00:00,2025-10-30,2025-10-30,after_close,2025-10-02,2025-10-29,2025-10-23,2025-10-29,2025-10-30,2025-10-31,2025-10-30,2025-11-04,2025-10-30,2025-11-06,2025-11-06,2025-11-28,2025-10-30,2025-11-28,True,876,1
1133,c1R83JYNJQ4,STOCK UP! with LARRY JONES,AMZN,sell,2025-10-30T00:29:56Z,2025-10-30T01:01:50+00:00,2025-10-30,2025-10-30,after_close,2025-10-02,2025-10-29,2025-10-23,2025-10-29,2025-10-30,2025-10-31,2025-10-30,2025-11-04,2025-10-30,2025-11-06,2025-11-06,2025-11-28,2025-10-30,2025-11-28,True,877,1
1134,aHQCPfkjsc8,STOCK UP! with LARRY JONES,NVDA,sell,2026-02-26T21:26:28Z,2026-02-26T21:27:40.080000+00:00,2026-02-26,2026-02-26,after_close,2026-01-28,2026-02-25,2026-02-19,2026-02-25,2026-02-26,2026-02-27,2026-02-26,2026-03-03,2026-02-26,2026-03-05,2026-03-05,2026-03-26,2026-02-26,2026-03-26,True,878,2
1135,aHQCPfkjsc8,STOCK UP! with LARRY JONES,NVDA,buy,2026-02-26T21:26:28Z,2026-02-26T21:34:11.360000+00:00,2026-02-26,2026-02-26,after_close,2026-01-28,2026-02-25,2026-02-19,2026-02-25,2026-02-26,2026-02-27,2026-02-26,2026-03-03,2026-02-26,2026-03-05,2026-03-05,2026-03-26,2026-02-26,2026-03-26,True,878,2
1136,MECPdeRM03M,Kenan Grace,AAPL,buy,2026-04-21T00:09:55Z,2026-04-21T00:24:43.320000+00:00,2026-04-21,2026-04-21,after_close,2026-03-23,2026-04-20,2026-04-14,2026-04-20,2026-04-21,2026-04-22,2026-04-21,2026-04-24,2026-04-21,2026-04-28,2026-04-28,,2026-04-21,,True,879,1
1137,vljvbEyhsHg,Kenan Grace,TSLA,sell,2026-04-23T01:32:32Z,2026-04-23T01:33:39.280000+00:00,2026-04-23,2026-04-23,after_close,2026-03-25,2026-04-22,2026-04-16,2026-04-22,2026-04-23,2026-04-24,2026-04-23,2026-04-28,2026-04-23,2026-04-30,2026-04-30,,2026-04-23,,True,880,1
1138,Bh0WFgMNWS4,Financial Education,TSLA,sell,2024-10-23T23:48:44Z,2024-10-23T23:48:58.160000+00:00,2024-10-23,2024-10-23,after_close,2024-09-25,2024-10-22,2024-10-16,2024-10-22,2024-10-23,2024-10-24,2024-10-23,2024-10-28,2024-10-23,2024-10-30,2024-10-30,2024-11-20,2024-10-23,2024-11-20,True,881,6
1139,Bh0WFgMNWS4,Financial Education,TSLA,buy,2024-10-23T23:48:44Z,2024-10-24T00:02:24.240000+00:00,2024-10-23,2024-10-23,after_close,2024-09-25,2024-10-22,2024-10-16,2024-10-22,2024-10-23,2024-10-24,2024-10-23,2024-10-28,2024-10-23,2024-10-30,2024-10-30,2024-11-20,2024-10-23,2024-11-20,True,881,6
1140,Bh0WFgMNWS4,Financial Education,TSLA,sell,2024-10-23T23:48:44Z,2024-10-24T00:06:45.760000+00:00,2024-10-23,2024-10-23,after_close,2024-09-25,2024-10-22,2024-10-16,2024-10-22,2024-10-23,2024-10-24,2024-10-23,2024-10-28,2024-10-23,2024-10-30,2024-10-30,2024-11-20,2024-10-23,2024-11-20,True,881,6
1141,Bh0WFgMNWS4,Financial Education,TSLA,buy,2024-10-23T23:48:44Z,2024-10-24T00:15:11.960000+00:00,2024-10-23,2024-10-23,after_close,2024-09-25,2024-10-22,2024-10-16,2024-10-22,2024-10-23,2024-10-24,2024-10-23,2024-10-28,2024-10-23,2024-10-30,2024-10-30,2024-11-20,2024-10-23,2024-11-20,True,881,6
1142,Bh0WFgMNWS4,Financial Education,TSLA,buy,2024-10-23T23:48:44Z,2024-10-24T00:17:45.519000+00:00,2024-10-23,2024-10-23,after_close,2024-09-25,2024-10-22,2024-10-16,2024-10-22,2024-10-23,2024-10-24,2024-10-23,2024-10-28,2024-10-23,2024-10-30,2024-10-30,2024-11-20,2024-10-23,2024-11-20,True,881,6
1143,Bh0WFgMNWS4,Financial Education,TSLA,buy,2024-10-23T23:48:44Z,2024-10-24T00:22:18.519000+00:00,2024-10-23,2024-10-23,after_close,2024-09-25,2024-10-22,2024-10-16,2024-10-22,2024-10-23,2024-10-24,2024-10-23,2024-10-28,2024-10-23,2024-10-30,2024-10-30,2024-11-20,2024-10-23,2024-11-20,True,881,6
1144,Bh0WFgMNWS4,Financial Education,NVDA,buy,2024-10-23T23:48:44Z,2024-10-23T23:59:41.760000+00:00,2024-10-23,2024-10-23,after_close,2024-09-25,2024-10-22,2024-10-16,2024-10-22,2024-10-23,2024-10-24,2024-10-23,2024-10-28,2024-10-23,2024-10-30,2024-10-30,2024-11-20,2024-10-23,2024-11-20,True,882,3
1145,Bh0WFgMNWS4,Financial Education,NVDA,sell,2024-10-23T23:48:44Z,2024-10-24T00:07:33.600000+00:00,2024-10-23,2024-10-23,after_close,2024-09-25,2024-10-22,2024-10-16,2024-10-22,2024-10-23,2024-10-24,2024-10-23,2024-10-28,2024-10-23,2024-10-30,2024-10-30,2024-11-20,2024-10-23,2024-11-20,True,882,3
1146,Bh0WFgMNWS4,Financial Education,NVDA,sell,2024-10-23T23:48:44Z,2024-10-24T00:21:11.639000+00:00,2024-10-23,2024-10-23,after_close,2024-09-25,2024-10-22,2024-10-16,2024-10-22,2024-10-23,2024-10-24,2024-10-23,2024-10-28,2024-10-23,2024-10-30,2024-10-30,2024-11-20,2024-10-23,2024-11-20,True,882,3
1147,Bh0WFgMNWS4,Financial Education,AAPL,sell,2024-10-23T23:48:44Z,2024-10-24T00:21:27.360000+00:00,2024-10-23,2024-10-23,after_close,2024-09-25,2024-10-22,2024-10-16,2024-10-22,2024-10-23,2024-10-24,2024-10-23,2024-10-28,2024-10-23,2024-10-30,2024-10-30,2024-11-20,2024-10-23,2024-11-20,True,883,1
1148,x3Uw6BppRb4,Financial Education,AMD,buy,2024-12-10T02:18:08Z,2024-12-10T02:18:08.199000+00:00,2024-12-10,2024-12-10,after_close,2024-11-11,2024-12-09,2024-12-03,2024-12-09,2024-12-10,2024-12-11,2024-12-10,2024-12-13,2024-12-10,2024-12-17,2024-12-17,2025-01-10,2024-12-10,2025-01-10,True,884,5
1149,x3Uw6BppRb4,Financial Education,AMD,buy,2024-12-10T02:18:08Z,2024-12-10T02:18:08.199000+00:00,2024-12-10,2024-12-10,after_close,2024-11-11,2024-12-09,2024-12-03,2024-12-09,2024-12-10,2024-12-11,2024-12-10,2024-12-13,2024-12-10,2024-12-17,2024-12-17,2025-01-10,2024-12-10,2025-01-10,True,884,5
1150,x3Uw6BppRb4,Financial Education,AMD,buy,2024-12-10T02:18:08Z,2024-12-10T02:20:42+00:00,2024-12-10,2024-12-10,after_close,2024-11-11,2024-12-09,2024-12-03,2024-12-09,2024-12-10,2024-12-11,2024-12-10,2024-12-13,2024-12-10,2024-12-17,2024-12-17,2025-01-10,2024-12-10,2025-01-10,True,884,5
1151,x3Uw6BppRb4,Financial Education,AMD,buy,2024-12-10T02:18:08Z,2024-12-10T02:23:56.560000+00:00,2024-12-10,2024-12-10,after_close,2024-11-11,2024-12-09,2024-12-03,2024-12-09,2024-12-10,2024-12-11,2024-12-10,2024-12-13,2024-12-10,2024-12-17,2024-12-17,2025-01-10,2024-12-10,2025-01-10,True,884,5
1152,x3Uw6BppRb4,Financial Education,AMD,sell,2024-12-10T02:18:08Z,2024-12-10T02:27:41.320000+00:00,2024-12-10,2024-12-10,after_close,2024-11-11,2024-12-09,2024-12-03,2024-12-09,2024-12-10,2024-12-11,2024-12-10,2024-12-13,2024-12-10,2024-12-17,2024-12-17,2025-01-10,2024-12-10,2025-01-10,True,884,5
1153,x3Uw6BppRb4,Financial Education,SHOP,buy,2024-12-10T02:18:08Z,2024-12-10T02:18:24.400000+00:00,2024-12-10,2024-12-10,after_close,2024-11-11,2024-12-09,2024-12-03,2024-12-09,2024-12-10,2024-12-11,2024-12-10,2024-12-13,2024-12-10,2024-12-17,2024-12-17,2025-01-10,2024-12-10,2025-01-10,True,885,1
1154,x3Uw6BppRb4,Financial Education,TSLA,buy,2024-12-10T02:18:08Z,2024-12-10T02:18:28.840000+00:00,2024-12-10,2024-12-10,after_close,2024-11-11,2024-12-09,2024-12-03,2024-12-09,2024-12-10,2024-12-11,2024-12-10,2024-12-13,2024-12-10,2024-12-17,2024-12-17,2025-01-10,2024-12-10,2025-01-10,True,886,1
1155,x3Uw6BppRb4,Financial Education,PYPL,buy,2024-12-10T02:18:08Z,2024-12-10T02:21:39.840000+00:00,2024-12-10,2024-12-10,after_close,2024-11-11,2024-12-09,2024-12-03,2024-12-09,2024-12-10,2024-12-11,2024-12-10,2024-12-13,2024-12-10,2024-12-17,2024-12-17,2025-01-10,2024-12-10,2025-01-10,True,887,1
1156,nYWHivR6hdM,STOCK UP! with LARRY JONES,COIN,buy,2025-11-05T20:58:21Z,2025-11-05T21:02:00+00:00,2025-11-05,2025-11-05,during_market,2025-10-08,2025-11-04,2025-10-29,2025-11-04,2025-11-05,2025-11-06,2025-11-05,2025-11-10,2025-11-05,2025-11-12,2025-11-12,2025-12-04,2025-11-05,2025-12-04,True,888,1
1157,xiK_zuUwpSc,STOCK UP! with LARRY JONES,UBER,buy,2025-11-06T20:48:16Z,2025-11-06T20:55:05+00:00,2025-11-06,2025-11-06,during_market,2025-10-09,2025-11-05,2025-10-30,2025-11-05,2025-11-06,2025-11-07,2025-11-06,2025-11-11,2025-11-06,2025-11-13,2025-11-13,2025-12-05,2025-11-06,2025-12-05,True,889,1
1158,mC9GZkoXaOk,STOCK UP! with LARRY JONES,SOFI,buy,2026-02-27T22:13:56Z,2026-02-27T23:24:39.679000+00:00,2026-02-27,2026-02-27,after_close,2026-01-29,2026-02-26,2026-02-20,2026-02-26,2026-02-27,2026-03-02,2026-02-27,2026-03-04,2026-02-27,2026-03-06,2026-03-06,2026-03-27,2026-02-27,2026-03-27,True,890,1
1159,Iz7leDWCmHU,Ale's World of Stocks,AAPL,sell,2026-04-10T14:00:37Z,2026-04-10T14:11:26.600000+00:00,2026-04-10,2026-04-10,before_open,2026-03-12,2026-04-09,2026-04-02,2026-04-09,2026-04-10,2026-04-13,2026-04-10,2026-04-15,2026-04-10,2026-04-17,2026-04-17,2026-05-08,2026-04-10,2026-05-08,False,891,1
1160,bYSosJ-t4Rk,Ale's World of Stocks,AMD,buy,2025-10-04T13:01:12Z,2025-10-04T13:15:27.199000+00:00,2025-10-04,2025-10-06,weekend_or_holiday,2025-09-08,2025-10-03,2025-09-29,2025-10-03,2025-10-06,2025-10-07,2025-10-06,2025-10-09,2025-10-06,2025-10-13,2025-10-13,2025-11-03,2025-10-06,2025-11-03,False,892,1
1161,paKnoskDdbk,Sasha Yanshin,TSLA,buy,2024-10-28T16:13:49Z,2024-10-28T16:25:54.760000+00:00,2024-10-28,2024-10-28,during_market,2024-09-30,2024-10-25,2024-10-21,2024-10-25,2024-10-28,2024-10-29,2024-10-28,2024-10-31,2024-10-28,2024-11-04,2024-11-04,2024-11-25,2024-10-28,2024-11-25,True,893,1
1162,9DANrNUHzSM,Sasha Yanshin,TSLA,buy,2024-07-30T19:32:33Z,2024-07-30T19:38:20.680000+00:00,2024-07-30,2024-07-30,during_market,2024-07-01,2024-07-29,2024-07-23,2024-07-29,2024-07-30,2024-07-31,2024-07-30,2024-08-02,2024-07-30,2024-08-06,2024-08-06,2024-08-27,2024-07-30,2024-08-27,True,894,1
1163,9DANrNUHzSM,Sasha Yanshin,MSFT,sell,2024-07-30T19:32:33Z,2024-07-30T19:44:32.880000+00:00,2024-07-30,2024-07-30,during_market,2024-07-01,2024-07-29,2024-07-23,2024-07-29,2024-07-30,2024-07-31,2024-07-30,2024-08-02,2024-07-30,2024-08-06,2024-08-06,2024-08-27,2024-07-30,2024-08-27,True,895,1
1164,En_k9XZCTQc,Meet Kevin,META,buy,2026-01-01T02:43:25Z,2026-01-01T03:03:13.640000+00:00,2026-01-01,2026-01-02,after_close,2025-12-03,2025-12-31,2025-12-24,2025-12-31,2026-01-02,2026-01-05,2026-01-02,2026-01-07,2026-01-02,2026-01-09,2026-01-09,2026-02-02,2026-01-02,2026-02-02,True,896,1
1165,NFFMAJnvop8,Meet Kevin,TSLA,sell,2026-01-15T19:48:29Z,2026-01-15T20:13:19.880000+00:00,2026-01-15,2026-01-15,during_market,2025-12-16,2026-01-14,2026-01-08,2026-01-14,2026-01-15,2026-01-16,2026-01-15,2026-01-21,2026-01-15,2026-01-23,2026-01-23,2026-02-13,2026-01-15,2026-02-13,True,897,1
1166,nDHhN9YQEMQ,Ale's World of Stocks,TSLA,buy,2024-07-06T13:00:47Z,2024-07-06T13:11:30.600000+00:00,2024-07-06,2024-07-08,weekend_or_holiday,2024-06-06,2024-07-05,2024-06-28,2024-07-05,2024-07-08,2024-07-09,2024-07-08,2024-07-11,2024-07-08,2024-07-15,2024-07-15,2024-08-05,2024-07-08,2024-08-05,False,898,2
1167,nDHhN9YQEMQ,Ale's World of Stocks,TSLA,buy,2024-07-06T13:00:47Z,2024-07-06T13:12:19.240000+00:00,2024-07-06,2024-07-08,weekend_or_holiday,2024-06-06,2024-07-05,2024-06-28,2024-07-05,2024-07-08,2024-07-09,2024-07-08,2024-07-11,2024-07-08,2024-07-15,2024-07-15,2024-08-05,2024-07-08,2024-08-05,False,898,2
1168,oi_sc__iBVM,Ale's World of Stocks,AAPL,buy,2024-08-24T15:16:09Z,2024-08-24T15:16:09.320000+00:00,2024-08-24,2024-08-26,weekend_or_holiday,2024-07-29,2024-08-23,2024-08-19,2024-08-23,2024-08-26,2024-08-27,2024-08-26,2024-08-29,2024-08-26,2024-09-03,2024-09-03,2024-09-24,2024-08-26,2024-09-24,False,899,5
1169,oi_sc__iBVM,Ale's World of Stocks,AAPL,sell,2024-08-24T15:16:09Z,2024-08-24T15:17:00.239000+00:00,2024-08-24,2024-08-26,weekend_or_holiday,2024-07-29,2024-08-23,2024-08-19,2024-08-23,2024-08-26,2024-08-27,2024-08-26,2024-08-29,2024-08-26,2024-09-03,2024-09-03,2024-09-24,2024-08-26,2024-09-24,False,899,5
1170,oi_sc__iBVM,Ale's World of Stocks,AAPL,sell,2024-08-24T15:16:09Z,2024-08-24T15:17:41.560000+00:00,2024-08-24,2024-08-26,weekend_or_holiday,2024-07-29,2024-08-23,2024-08-19,2024-08-23,2024-08-26,2024-08-27,2024-08-26,2024-08-29,2024-08-26,2024-09-03,2024-09-03,2024-09-24,2024-08-26,2024-09-24,False,899,5
1171,oi_sc__iBVM,Ale's World of Stocks,AAPL,sell,2024-08-24T15:16:09Z,2024-08-24T15:21:44.160000+00:00,2024-08-24,2024-08-26,weekend_or_holiday,2024-07-29,2024-08-23,2024-08-19,2024-08-23,2024-08-26,2024-08-27,2024-08-26,2024-08-29,2024-08-26,2024-09-03,2024-09-03,2024-09-24,2024-08-26,2024-09-24,False,899,5
1172,oi_sc__iBVM,Ale's World of Stocks,AAPL,sell,2024-08-24T15:16:09Z,2024-08-24T15:26:09.360000+00:00,2024-08-24,2024-08-26,weekend_or_holiday,2024-07-29,2024-08-23,2024-08-19,2024-08-23,2024-08-26,2024-08-27,2024-08-26,2024-08-29,2024-08-26,2024-09-03,2024-09-03,2024-09-24,2024-08-26,2024-09-24,False,899,5
1173,ZhL002qy2lo,Meet Kevin,TSLA,buy,2026-02-25T22:49:34Z,2026-02-25T23:05:32.959000+00:00,2026-02-25,2026-02-25,after_close,2026-01-27,2026-02-24,2026-02-18,2026-02-24,2026-02-25,2026-02-26,2026-02-25,2026-03-02,2026-02-25,2026-03-04,2026-03-04,2026-03-25,2026-02-25,2026-03-25,True,900,1
1174,rImoL62xd5M,Meet Kevin,TSLA,buy,2026-01-30T00:20:39Z,2026-01-30T00:49:53.240000+00:00,2026-01-30,2026-01-30,after_close,2025-12-31,2026-01-29,2026-01-23,2026-01-29,2026-01-30,2026-02-02,2026-01-30,2026-02-04,2026-01-30,2026-02-06,2026-02-06,2026-03-02,2026-01-30,2026-03-02,True,901,1
1175,3yNC-hV4XeQ,Ale's World of Stocks,NVDA,sell,2024-09-05T14:28:02Z,2024-09-05T14:35:27.039000+00:00,2024-09-05,2024-09-05,before_open,2024-08-07,2024-09-04,2024-08-28,2024-09-04,2024-09-05,2024-09-06,2024-09-05,2024-09-10,2024-09-05,2024-09-12,2024-09-12,2024-10-03,2024-09-05,2024-10-03,False,902,1
1176,iL5_zy2PCsA,Ale's World of Stocks,AAPL,sell,2024-12-29T13:00:46Z,2024-12-29T13:02:32.560000+00:00,2024-12-29,2024-12-30,weekend_or_holiday,2024-11-29,2024-12-27,2024-12-20,2024-12-27,2024-12-30,2024-12-31,2024-12-30,2025-01-03,2024-12-30,2025-01-07,2025-01-07,2025-01-30,2024-12-30,2025-01-30,False,903,1
1177,7_8t4ietHaw,Meet Kevin,TSLA,sell,2026-01-28T21:50:36Z,2026-01-29T04:01:03.840000+00:00,2026-01-28,2026-01-28,after_close,2025-12-29,2026-01-27,2026-01-21,2026-01-27,2026-01-28,2026-01-29,2026-01-28,2026-02-02,2026-01-28,2026-02-04,2026-02-04,2026-02-26,2026-01-28,2026-02-26,True,904,1
1178,7_8t4ietHaw,Meet Kevin,NVDA,sell,2026-01-28T21:50:36Z,2026-01-28T23:02:52+00:00,2026-01-28,2026-01-28,after_close,2025-12-29,2026-01-27,2026-01-21,2026-01-27,2026-01-28,2026-01-29,2026-01-28,2026-02-02,2026-01-28,2026-02-04,2026-02-04,2026-02-26,2026-01-28,2026-02-26,True,905,1
1179,7_8t4ietHaw,Meet Kevin,AAPL,buy,2026-01-28T21:50:36Z,2026-01-29T00:37:16.800000+00:00,2026-01-28,2026-01-28,after_close,2025-12-29,2026-01-27,2026-01-21,2026-01-27,2026-01-28,2026-01-29,2026-01-28,2026-02-02,2026-01-28,2026-02-04,2026-02-04,2026-02-26,2026-01-28,2026-02-26,True,906,1
1180,7_8t4ietHaw,Meet Kevin,META,sell,2026-01-28T21:50:36Z,2026-01-29T03:21:39.440000+00:00,2026-01-28,2026-01-28,after_close,2025-12-29,2026-01-27,2026-01-21,2026-01-27,2026-01-28,2026-01-29,2026-01-28,2026-02-02,2026-01-28,2026-02-04,2026-02-04,2026-02-26,2026-01-28,2026-02-26,True,907,1
1181,TjnN1HYrORI,Ale's World of Stocks,TSLA,buy,2024-07-27T14:24:01Z,2024-07-27T14:31:55.240000+00:00,2024-07-27,2024-07-29,weekend_or_holiday,2024-06-28,2024-07-26,2024-07-22,2024-07-26,2024-07-29,2024-07-30,2024-07-29,2024-08-01,2024-07-29,2024-08-05,2024-08-05,2024-08-26,2024-07-29,2024-08-26,False,908,2
1182,TjnN1HYrORI,Ale's World of Stocks,TSLA,buy,2024-07-27T14:24:01Z,2024-07-27T14:37:44.959000+00:00,2024-07-27,2024-07-29,weekend_or_holiday,2024-06-28,2024-07-26,2024-07-22,2024-07-26,2024-07-29,2024-07-30,2024-07-29,2024-08-01,2024-07-29,2024-08-05,2024-08-05,2024-08-26,2024-07-29,2024-08-26,False,908,2
1183,TjnN1HYrORI,Ale's World of Stocks,GOOGL,buy,2024-07-27T14:24:01Z,2024-07-27T14:46:43.039000+00:00,2024-07-27,2024-07-29,weekend_or_holiday,2024-06-28,2024-07-26,2024-07-22,2024-07-26,2024-07-29,2024-07-30,2024-07-29,2024-08-01,2024-07-29,2024-08-05,2024-08-05,2024-08-26,2024-07-29,2024-08-26,False,909,1
1184,TWfBbgfxarA,Ticker Symbol: YOU,NVDA,buy,2024-07-12T16:33:20Z,2024-07-12T16:36:48.519000+00:00,2024-07-12,2024-07-12,during_market,2024-06-12,2024-07-11,2024-07-05,2024-07-11,2024-07-12,2024-07-15,2024-07-12,2024-07-17,2024-07-12,2024-07-19,2024-07-19,2024-08-09,2024-07-12,2024-08-09,True,910,3
1185,TWfBbgfxarA,Ticker Symbol: YOU,NVDA,buy,2024-07-12T16:33:20Z,2024-07-12T16:37:48.240000+00:00,2024-07-12,2024-07-12,during_market,2024-06-12,2024-07-11,2024-07-05,2024-07-11,2024-07-12,2024-07-15,2024-07-12,2024-07-17,2024-07-12,2024-07-19,2024-07-19,2024-08-09,2024-07-12,2024-08-09,True,910,3
1186,TWfBbgfxarA,Ticker Symbol: YOU,NVDA,buy,2024-07-12T16:33:20Z,2024-07-12T16:49:10.920000+00:00,2024-07-12,2024-07-12,during_market,2024-06-12,2024-07-11,2024-07-05,2024-07-11,2024-07-12,2024-07-15,2024-07-12,2024-07-17,2024-07-12,2024-07-19,2024-07-19,2024-08-09,2024-07-12,2024-08-09,True,910,3
1187,TWfBbgfxarA,Ticker Symbol: YOU,AMD,buy,2024-07-12T16:33:20Z,2024-07-12T16:36:01.959000+00:00,2024-07-12,2024-07-12,during_market,2024-06-12,2024-07-11,2024-07-05,2024-07-11,2024-07-12,2024-07-15,2024-07-12,2024-07-17,2024-07-12,2024-07-19,2024-07-19,2024-08-09,2024-07-12,2024-08-09,True,911,1
1188,xGytjbBLnWA,Ticker Symbol: YOU,AMD,buy,2024-03-09T16:07:00Z,2024-03-09T16:14:46.960000+00:00,2024-03-09,2024-03-11,weekend_or_holiday,2024-02-09,2024-03-08,2024-03-04,2024-03-08,2024-03-11,2024-03-12,2024-03-11,2024-03-14,2024-03-11,2024-03-18,2024-03-18,2024-04-09,2024-03-11,2024-04-09,False,912,1
1189,xGytjbBLnWA,Ticker Symbol: YOU,NVDA,buy,2024-03-09T16:07:00Z,2024-03-09T16:14:54.680000+00:00,2024-03-09,2024-03-11,weekend_or_holiday,2024-02-09,2024-03-08,2024-03-04,2024-03-08,2024-03-11,2024-03-12,2024-03-11,2024-03-14,2024-03-11,2024-03-18,2024-03-18,2024-04-09,2024-03-11,2024-04-09,False,913,1
1190,wnCQ4ICBIfc,Ticker Symbol: YOU,AMD,buy,2024-01-22T18:47:19Z,2024-01-22T18:47:44.680000+00:00,2024-01-22,2024-01-22,during_market,2023-12-20,2024-01-19,2024-01-12,2024-01-19,2024-01-22,2024-01-23,2024-01-22,2024-01-25,2024-01-22,2024-01-29,2024-01-29,2024-02-20,2024-01-22,2024-02-20,True,914,3
1191,wnCQ4ICBIfc,Ticker Symbol: YOU,AMD,sell,2024-01-22T18:47:19Z,2024-01-22T18:57:28.480000+00:00,2024-01-22,2024-01-22,during_market,2023-12-20,2024-01-19,2024-01-12,2024-01-19,2024-01-22,2024-01-23,2024-01-22,2024-01-25,2024-01-22,2024-01-29,2024-01-29,2024-02-20,2024-01-22,2024-02-20,True,914,3
1192,wnCQ4ICBIfc,Ticker Symbol: YOU,AMD,buy,2024-01-22T18:47:19Z,2024-01-22T19:01:53.839000+00:00,2024-01-22,2024-01-22,during_market,2023-12-20,2024-01-19,2024-01-12,2024-01-19,2024-01-22,2024-01-23,2024-01-22,2024-01-25,2024-01-22,2024-01-29,2024-01-29,2024-02-20,2024-01-22,2024-02-20,True,914,3
1193,wnCQ4ICBIfc,Ticker Symbol: YOU,NVDA,buy,2024-01-22T18:47:19Z,2024-01-22T18:47:47+00:00,2024-01-22,2024-01-22,during_market,2023-12-20,2024-01-19,2024-01-12,2024-01-19,2024-01-22,2024-01-23,2024-01-22,2024-01-25,2024-01-22,2024-01-29,2024-01-29,2024-02-20,2024-01-22,2024-02-20,True,915,2
1194,wnCQ4ICBIfc,Ticker Symbol: YOU,NVDA,buy,2024-01-22T18:47:19Z,2024-01-22T19:01:56.399000+00:00,2024-01-22,2024-01-22,during_market,2023-12-20,2024-01-19,2024-01-12,2024-01-19,2024-01-22,2024-01-23,2024-01-22,2024-01-25,2024-01-22,2024-01-29,2024-01-29,2024-02-20,2024-01-22,2024-02-20,True,915,2
1195,wWpApU_SLeY,Ticker Symbol: YOU,TSLA,buy,2024-01-29T16:49:23Z,2024-01-29T16:49:52.519000+00:00,2024-01-29,2024-01-29,during_market,2023-12-28,2024-01-26,2024-01-22,2024-01-26,2024-01-29,2024-01-30,2024-01-29,2024-02-01,2024-01-29,2024-02-05,2024-02-05,2024-02-27,2024-01-29,2024-02-27,True,916,9
1196,wWpApU_SLeY,Ticker Symbol: YOU,TSLA,buy,2024-01-29T16:49:23Z,2024-01-29T16:54:59.840000+00:00,2024-01-29,2024-01-29,during_market,2023-12-28,2024-01-26,2024-01-22,2024-01-26,2024-01-29,2024-01-30,2024-01-29,2024-02-01,2024-01-29,2024-02-05,2024-02-05,2024-02-27,2024-01-29,2024-02-27,True,916,9
1197,wWpApU_SLeY,Ticker Symbol: YOU,TSLA,buy,2024-01-29T16:49:23Z,2024-01-29T16:57:10.520000+00:00,2024-01-29,2024-01-29,during_market,2023-12-28,2024-01-26,2024-01-22,2024-01-26,2024-01-29,2024-01-30,2024-01-29,2024-02-01,2024-01-29,2024-02-05,2024-02-05,2024-02-27,2024-01-29,2024-02-27,True,916,9
1198,wWpApU_SLeY,Ticker Symbol: YOU,TSLA,buy,2024-01-29T16:49:23Z,2024-01-29T16:57:41.759000+00:00,2024-01-29,2024-01-29,during_market,2023-12-28,2024-01-26,2024-01-22,2024-01-26,2024-01-29,2024-01-30,2024-01-29,2024-02-01,2024-01-29,2024-02-05,2024-02-05,2024-02-27,2024-01-29,2024-02-27,True,916,9
1199,wWpApU_SLeY,Ticker Symbol: YOU,TSLA,buy,2024-01-29T16:49:23Z,2024-01-29T16:58:49.640000+00:00,2024-01-29,2024-01-29,during_market,2023-12-28,2024-01-26,2024-01-22,2024-01-26,2024-01-29,2024-01-30,2024-01-29,2024-02-01,2024-01-29,2024-02-05,2024-02-05,2024-02-27,2024-01-29,2024-02-27,True,916,9
1200,wWpApU_SLeY,Ticker Symbol: YOU,TSLA,buy,2024-01-29T16:49:23Z,2024-01-29T16:59:44.200000+00:00,2024-01-29,2024-01-29,during_market,2023-12-28,2024-01-26,2024-01-22,2024-01-26,2024-01-29,2024-01-30,2024-01-29,2024-02-01,2024-01-29,2024-02-05,2024-02-05,2024-02-27,2024-01-29,2024-02-27,True,916,9
1201,wWpApU_SLeY,Ticker Symbol: YOU,TSLA,buy,2024-01-29T16:49:23Z,2024-01-29T17:01:29.279000+00:00,2024-01-29,2024-01-29,during_market,2023-12-28,2024-01-26,2024-01-22,2024-01-26,2024-01-29,2024-01-30,2024-01-29,2024-02-01,2024-01-29,2024-02-05,2024-02-05,2024-02-27,2024-01-29,2024-02-27,True,916,9
1202,wWpApU_SLeY,Ticker Symbol: YOU,TSLA,buy,2024-01-29T16:49:23Z,2024-01-29T17:02:42.279000+00:00,2024-01-29,2024-01-29,during_market,2023-12-28,2024-01-26,2024-01-22,2024-01-26,2024-01-29,2024-01-30,2024-01-29,2024-02-01,2024-01-29,2024-02-05,2024-02-05,2024-02-27,2024-01-29,2024-02-27,True,916,9
1203,wWpApU_SLeY,Ticker Symbol: YOU,TSLA,buy,2024-01-29T16:49:23Z,2024-01-29T17:03:20.839000+00:00,2024-01-29,2024-01-29,during_market,2023-12-28,2024-01-26,2024-01-22,2024-01-26,2024-01-29,2024-01-30,2024-01-29,2024-02-01,2024-01-29,2024-02-05,2024-02-05,2024-02-27,2024-01-29,2024-02-27,True,916,9
1204,tZfS0V7i0Do,HyperChange,TSLA,buy,2022-10-25T01:34:13Z,2022-10-25T01:37:36.879000+00:00,2022-10-25,2022-10-25,after_close,2022-09-27,2022-10-24,2022-10-18,2022-10-24,2022-10-25,2022-10-26,2022-10-25,2022-10-28,2022-10-25,2022-11-01,2022-11-01,2022-11-22,2022-10-25,2022-11-22,True,917,2
1205,tZfS0V7i0Do,HyperChange,TSLA,sell,2022-10-25T01:34:13Z,2022-10-25T01:40:28.720000+00:00,2022-10-25,2022-10-25,after_close,2022-09-27,2022-10-24,2022-10-18,2022-10-24,2022-10-25,2022-10-26,2022-10-25,2022-10-28,2022-10-25,2022-11-01,2022-11-01,2022-11-22,2022-10-25,2022-11-22,True,917,2
1206,AWOZIz8wUzo,Graham Stephan,TSLA,buy,2026-01-12T20:45:00Z,2026-01-12T20:45:00.240000+00:00,2026-01-12,2026-01-12,during_market,2025-12-11,2026-01-09,2026-01-05,2026-01-09,2026-01-12,2026-01-13,2026-01-12,2026-01-15,2026-01-12,2026-01-20,2026-01-20,2026-02-10,2026-01-12,2026-02-10,True,918,1
1207,f4djIqbt5ik,Ticker Symbol: YOU,GOOGL,buy,2024-01-31T22:34:16Z,2024-01-31T22:38:28.920000+00:00,2024-01-31,2024-01-31,after_close,2024-01-02,2024-01-30,2024-01-24,2024-01-30,2024-01-31,2024-02-01,2024-01-31,2024-02-05,2024-01-31,2024-02-07,2024-02-07,2024-02-29,2024-01-31,2024-02-29,True,919,1
1208,f4djIqbt5ik,Ticker Symbol: YOU,MSFT,buy,2024-01-31T22:34:16Z,2024-01-31T22:42:40.360000+00:00,2024-01-31,2024-01-31,after_close,2024-01-02,2024-01-30,2024-01-24,2024-01-30,2024-01-31,2024-02-01,2024-01-31,2024-02-05,2024-01-31,2024-02-07,2024-02-07,2024-02-29,2024-01-31,2024-02-29,True,920,1
1209,f4djIqbt5ik,Ticker Symbol: YOU,DIS,buy,2024-01-31T22:34:16Z,2024-01-31T22:50:26.040000+00:00,2024-01-31,2024-01-31,after_close,2024-01-02,2024-01-30,2024-01-24,2024-01-30,2024-01-31,2024-02-01,2024-01-31,2024-02-05,2024-01-31,2024-02-07,2024-02-07,2024-02-29,2024-01-31,2024-02-29,True,921,1
1210,hewlGP_9TT4,HyperChange,TSLA,buy,2023-12-21T22:46:57Z,2023-12-21T22:46:57+00:00,2023-12-21,2023-12-21,after_close,2023-11-22,2023-12-20,2023-12-14,2023-12-20,2023-12-21,2023-12-22,2023-12-21,2023-12-27,2023-12-21,2023-12-29,2023-12-29,2024-01-23,2023-12-21,2024-01-23,True,922,1
1211,2c-FSmratsw,Ticker Symbol: YOU,NVDA,buy,2024-02-22T16:07:00Z,2024-02-22T16:10:06.200000+00:00,2024-02-22,2024-02-22,during_market,2024-01-24,2024-02-21,2024-02-14,2024-02-21,2024-02-22,2024-02-23,2024-02-22,2024-02-27,2024-02-22,2024-02-29,2024-02-29,2024-03-21,2024-02-22,2024-03-21,True,923,2
1212,2c-FSmratsw,Ticker Symbol: YOU,NVDA,buy,2024-02-22T16:07:00Z,2024-02-22T16:21:26.240000+00:00,2024-02-22,2024-02-22,during_market,2024-01-24,2024-02-21,2024-02-14,2024-02-21,2024-02-22,2024-02-23,2024-02-22,2024-02-27,2024-02-22,2024-02-29,2024-02-29,2024-03-21,2024-02-22,2024-03-21,True,923,2
1213,ThzfDYILLK4,Graham Stephan,TSLA,buy,2026-04-05T16:00:41Z,2026-04-05T16:00:41+00:00,2026-04-05,2026-04-06,weekend_or_holiday,2026-03-06,2026-04-02,2026-03-27,2026-04-02,2026-04-06,2026-04-07,2026-04-06,2026-04-09,2026-04-06,2026-04-13,2026-04-13,2026-05-04,2026-04-06,2026-05-04,False,924,1
1214,TzVOmTHnUiI,Ticker Symbol: YOU,MSFT,buy,2024-08-06T15:27:52Z,2024-08-06T15:28:36.879000+00:00,2024-08-06,2024-08-06,during_market,2024-07-09,2024-08-05,2024-07-30,2024-08-05,2024-08-06,2024-08-07,2024-08-06,2024-08-09,2024-08-06,2024-08-13,2024-08-13,2024-09-04,2024-08-06,2024-09-04,True,925,2
1215,TzVOmTHnUiI,Ticker Symbol: YOU,MSFT,buy,2024-08-06T15:27:52Z,2024-08-06T15:40:19.160000+00:00,2024-08-06,2024-08-06,during_market,2024-07-09,2024-08-05,2024-07-30,2024-08-05,2024-08-06,2024-08-07,2024-08-06,2024-08-09,2024-08-06,2024-08-13,2024-08-13,2024-09-04,2024-08-06,2024-09-04,True,925,2
1216,TzVOmTHnUiI,Ticker Symbol: YOU,NVDA,buy,2024-08-06T15:27:52Z,2024-08-06T15:32:23.600000+00:00,2024-08-06,2024-08-06,during_market,2024-07-09,2024-08-05,2024-07-30,2024-08-05,2024-08-06,2024-08-07,2024-08-06,2024-08-09,2024-08-06,2024-08-13,2024-08-13,2024-09-04,2024-08-06,2024-09-04,True,926,3
1217,TzVOmTHnUiI,Ticker Symbol: YOU,NVDA,buy,2024-08-06T15:27:52Z,2024-08-06T15:38:20.320000+00:00,2024-08-06,2024-08-06,during_market,2024-07-09,2024-08-05,2024-07-30,2024-08-05,2024-08-06,2024-08-07,2024-08-06,2024-08-09,2024-08-06,2024-08-13,2024-08-13,2024-09-04,2024-08-06,2024-09-04,True,926,3
1218,TzVOmTHnUiI,Ticker Symbol: YOU,NVDA,buy,2024-08-06T15:27:52Z,2024-08-06T15:38:56.760000+00:00,2024-08-06,2024-08-06,during_market,2024-07-09,2024-08-05,2024-07-30,2024-08-05,2024-08-06,2024-08-07,2024-08-06,2024-08-09,2024-08-06,2024-08-13,2024-08-13,2024-09-04,2024-08-06,2024-09-04,True,926,3
1219,TzVOmTHnUiI,Ticker Symbol: YOU,GOOGL,buy,2024-08-06T15:27:52Z,2024-08-06T15:40:19.160000+00:00,2024-08-06,2024-08-06,during_market,2024-07-09,2024-08-05,2024-07-30,2024-08-05,2024-08-06,2024-08-07,2024-08-06,2024-08-09,2024-08-06,2024-08-13,2024-08-13,2024-09-04,2024-08-06,2024-09-04,True,927,1
1220,Z31engGgFwA,HyperChange,TSLA,buy,2023-11-28T22:30:58Z,2023-11-28T22:35:08.519000+00:00,2023-11-28,2023-11-28,after_close,2023-10-30,2023-11-27,2023-11-20,2023-11-27,2023-11-28,2023-11-29,2023-11-28,2023-12-01,2023-11-28,2023-12-05,2023-12-05,2023-12-27,2023-11-28,2023-12-27,True,928,1
1221,6IhfL_5jb4c,Graham Stephan,TSLA,buy,2026-04-03T15:00:10Z,2026-04-03T15:00:10.080000+00:00,2026-04-03,2026-04-06,during_market,2026-03-06,2026-04-02,2026-03-27,2026-04-02,2026-04-06,2026-04-07,2026-04-06,2026-04-09,2026-04-06,2026-04-13,2026-04-13,2026-05-04,2026-04-06,2026-05-04,True,929,1
1222,m-b2tgJRswc,Ticker Symbol: YOU,NVDA,buy,2024-11-09T16:07:00Z,2024-11-09T16:12:54.280000+00:00,2024-11-09,2024-11-11,weekend_or_holiday,2024-10-14,2024-11-08,2024-11-04,2024-11-08,2024-11-11,2024-11-12,2024-11-11,2024-11-14,2024-11-11,2024-11-18,2024-11-18,2024-12-10,2024-11-11,2024-12-10,False,930,1
1223,cCHRhDh7KD4,HyperChange,TSLA,buy,2023-12-14T23:46:53Z,2023-12-14T23:47:21.960000+00:00,2023-12-14,2023-12-14,after_close,2023-11-15,2023-12-13,2023-12-07,2023-12-13,2023-12-14,2023-12-15,2023-12-14,2023-12-19,2023-12-14,2023-12-21,2023-12-21,2024-01-16,2023-12-14,2024-01-16,True,931,1
1224,digfWZMG-fw,HyperChange,TSLA,buy,2022-12-15T19:04:03Z,2022-12-15T19:05:58.979000+00:00,2022-12-15,2022-12-15,during_market,2022-11-16,2022-12-14,2022-12-08,2022-12-14,2022-12-15,2022-12-16,2022-12-15,2022-12-20,2022-12-15,2022-12-22,2022-12-22,2023-01-17,2022-12-15,2023-01-17,True,932,10
1225,digfWZMG-fw,HyperChange,TSLA,buy,2022-12-15T19:04:03Z,2022-12-15T19:07:42.540000+00:00,2022-12-15,2022-12-15,during_market,2022-11-16,2022-12-14,2022-12-08,2022-12-14,2022-12-15,2022-12-16,2022-12-15,2022-12-20,2022-12-15,2022-12-22,2022-12-22,2023-01-17,2022-12-15,2023-01-17,True,932,10
1226,digfWZMG-fw,HyperChange,TSLA,buy,2022-12-15T19:04:03Z,2022-12-15T19:09:40.860000+00:00,2022-12-15,2022-12-15,during_market,2022-11-16,2022-12-14,2022-12-08,2022-12-14,2022-12-15,2022-12-16,2022-12-15,2022-12-20,2022-12-15,2022-12-22,2022-12-22,2023-01-17,2022-12-15,2023-01-17,True,932,10
1227,digfWZMG-fw,HyperChange,TSLA,buy,2022-12-15T19:04:03Z,2022-12-15T19:10:20.699000+00:00,2022-12-15,2022-12-15,during_market,2022-11-16,2022-12-14,2022-12-08,2022-12-14,2022-12-15,2022-12-16,2022-12-15,2022-12-20,2022-12-15,2022-12-22,2022-12-22,2023-01-17,2022-12-15,2023-01-17,True,932,10
1228,digfWZMG-fw,HyperChange,TSLA,buy,2022-12-15T19:04:03Z,2022-12-15T19:11:00.600000+00:00,2022-12-15,2022-12-15,during_market,2022-11-16,2022-12-14,2022-12-08,2022-12-14,2022-12-15,2022-12-16,2022-12-15,2022-12-20,2022-12-15,2022-12-22,2022-12-22,2023-01-17,2022-12-15,2023-01-17,True,932,10
1229,digfWZMG-fw,HyperChange,TSLA,buy,2022-12-15T19:04:03Z,2022-12-15T19:16:02.519000+00:00,2022-12-15,2022-12-15,during_market,2022-11-16,2022-12-14,2022-12-08,2022-12-14,2022-12-15,2022-12-16,2022-12-15,2022-12-20,2022-12-15,2022-12-22,2022-12-22,2023-01-17,2022-12-15,2023-01-17,True,932,10
1230,digfWZMG-fw,HyperChange,TSLA,buy,2022-12-15T19:04:03Z,2022-12-15T19:16:48.779000+00:00,2022-12-15,2022-12-15,during_market,2022-11-16,2022-12-14,2022-12-08,2022-12-14,2022-12-15,2022-12-16,2022-12-15,2022-12-20,2022-12-15,2022-12-22,2022-12-22,2023-01-17,2022-12-15,2023-01-17,True,932,10
1231,digfWZMG-fw,HyperChange,TSLA,buy,2022-12-15T19:04:03Z,2022-12-15T19:23:45.960000+00:00,2022-12-15,2022-12-15,during_market,2022-11-16,2022-12-14,2022-12-08,2022-12-14,2022-12-15,2022-12-16,2022-12-15,2022-12-20,2022-12-15,2022-12-22,2022-12-22,2023-01-17,2022-12-15,2023-01-17,True,932,10
1232,digfWZMG-fw,HyperChange,TSLA,sell,2022-12-15T19:04:03Z,2022-12-15T19:26:34.380000+00:00,2022-12-15,2022-12-15,during_market,2022-11-16,2022-12-14,2022-12-08,2022-12-14,2022-12-15,2022-12-16,2022-12-15,2022-12-20,2022-12-15,2022-12-22,2022-12-22,2023-01-17,2022-12-15,2023-01-17,True,932,10
1233,digfWZMG-fw,HyperChange,TSLA,sell,2022-12-15T19:04:03Z,2022-12-15T19:27:33.299000+00:00,2022-12-15,2022-12-15,during_market,2022-11-16,2022-12-14,2022-12-08,2022-12-14,2022-12-15,2022-12-16,2022-12-15,2022-12-20,2022-12-15,2022-12-22,2022-12-22,2023-01-17,2022-12-15,2023-01-17,True,932,10
1234,dBL3Uuddag8,Ticker Symbol: YOU,NVDA,buy,2024-05-20T17:28:04Z,2024-05-20T17:29:30.360000+00:00,2024-05-20,2024-05-20,during_market,2024-04-22,2024-05-17,2024-05-13,2024-05-17,2024-05-20,2024-05-21,2024-05-20,2024-05-23,2024-05-20,2024-05-28,2024-05-28,2024-06-18,2024-05-20,2024-06-18,True,933,1
1235,sgX1hADBm1o,HyperChange,TSLA,sell,2024-02-14T04:34:52Z,2024-02-14T04:34:52.199000+00:00,2024-02-14,2024-02-14,after_close,2024-01-17,2024-02-13,2024-02-07,2024-02-13,2024-02-14,2024-02-15,2024-02-14,2024-02-20,2024-02-14,2024-02-22,2024-02-22,2024-03-14,2024-02-14,2024-03-14,True,934,1
1236,xcgzbhFC8cI,HyperChange,AAPL,buy,2024-03-08T01:17:40Z,2024-03-08T01:18:47.880000+00:00,2024-03-08,2024-03-08,after_close,2024-02-08,2024-03-07,2024-03-01,2024-03-07,2024-03-08,2024-03-11,2024-03-08,2024-03-13,2024-03-08,2024-03-15,2024-03-15,2024-04-08,2024-03-08,2024-04-08,True,935,2
1237,xcgzbhFC8cI,HyperChange,AAPL,buy,2024-03-08T01:17:40Z,2024-03-08T01:19:24.159000+00:00,2024-03-08,2024-03-08,after_close,2024-02-08,2024-03-07,2024-03-01,2024-03-07,2024-03-08,2024-03-11,2024-03-08,2024-03-13,2024-03-08,2024-03-15,2024-03-15,2024-04-08,2024-03-08,2024-04-08,True,935,2
1238,VTbd0_n9qQA,Dumb Money Live,TSLA,buy,2026-02-28T02:00:27Z,2026-02-28T02:00:43+00:00,2026-02-28,2026-03-02,weekend_or_holiday,2026-01-30,2026-02-27,2026-02-23,2026-02-27,2026-03-02,2026-03-03,2026-03-02,2026-03-05,2026-03-02,2026-03-09,2026-03-09,2026-03-30,2026-03-02,2026-03-30,False,936,1
1239,zIEbL5x23zk,HyperChange,TSLA,buy,2024-01-16T22:42:38Z,2024-01-16T22:44:46.280000+00:00,2024-01-16,2024-01-16,after_close,2023-12-14,2024-01-12,2024-01-08,2024-01-12,2024-01-16,2024-01-17,2024-01-16,2024-01-19,2024-01-16,2024-01-23,2024-01-23,2024-02-13,2024-01-16,2024-02-13,True,937,1
1240,zIEbL5x23zk,HyperChange,AAPL,buy,2024-01-16T22:42:38Z,2024-01-16T22:43:15+00:00,2024-01-16,2024-01-16,after_close,2023-12-14,2024-01-12,2024-01-08,2024-01-12,2024-01-16,2024-01-17,2024-01-16,2024-01-19,2024-01-16,2024-01-23,2024-01-23,2024-02-13,2024-01-16,2024-02-13,True,938,1
1241,v-H-njyqsjk,HyperChange,TSLA,buy,2024-04-18T22:37:53Z,2024-04-18T22:37:54.520000+00:00,2024-04-18,2024-04-18,after_close,2024-03-20,2024-04-17,2024-04-11,2024-04-17,2024-04-18,2024-04-19,2024-04-18,2024-04-23,2024-04-18,2024-04-25,2024-04-25,2024-05-16,2024-04-18,2024-05-16,True,939,1
1242,sHK-T2G21o4,ZipTrader,AMC,sell,2023-08-11T23:11:24Z,2023-08-11T23:14:09.120000+00:00,2023-08-11,2023-08-11,after_close,2023-07-14,2023-08-10,2023-08-04,2023-08-10,2023-08-11,2023-08-14,2023-08-11,2023-08-16,2023-08-11,2023-08-18,2023-08-18,2023-09-11,2023-08-11,2023-09-11,True,940,8
1243,sHK-T2G21o4,ZipTrader,AMC,sell,2023-08-11T23:11:24Z,2023-08-11T23:14:42.420000+00:00,2023-08-11,2023-08-11,after_close,2023-07-14,2023-08-10,2023-08-04,2023-08-10,2023-08-11,2023-08-14,2023-08-11,2023-08-16,2023-08-11,2023-08-18,2023-08-18,2023-09-11,2023-08-11,2023-09-11,True,940,8
1244,sHK-T2G21o4,ZipTrader,AMC,sell,2023-08-11T23:11:24Z,2023-08-11T23:16:11.580000+00:00,2023-08-11,2023-08-11,after_close,2023-07-14,2023-08-10,2023-08-04,2023-08-10,2023-08-11,2023-08-14,2023-08-11,2023-08-16,2023-08-11,2023-08-18,2023-08-18,2023-09-11,2023-08-11,2023-09-11,True,940,8
1245,sHK-T2G21o4,ZipTrader,AMC,buy,2023-08-11T23:11:24Z,2023-08-11T23:16:52.259000+00:00,2023-08-11,2023-08-11,after_close,2023-07-14,2023-08-10,2023-08-04,2023-08-10,2023-08-11,2023-08-14,2023-08-11,2023-08-16,2023-08-11,2023-08-18,2023-08-18,2023-09-11,2023-08-11,2023-09-11,True,940,8
1246,sHK-T2G21o4,ZipTrader,AMC,sell,2023-08-11T23:11:24Z,2023-08-11T23:18:27.720000+00:00,2023-08-11,2023-08-11,after_close,2023-07-14,2023-08-10,2023-08-04,2023-08-10,2023-08-11,2023-08-14,2023-08-11,2023-08-16,2023-08-11,2023-08-18,2023-08-18,2023-09-11,2023-08-11,2023-09-11,True,940,8
1247,sHK-T2G21o4,ZipTrader,AMC,buy,2023-08-11T23:11:24Z,2023-08-11T23:19:50.280000+00:00,2023-08-11,2023-08-11,after_close,2023-07-14,2023-08-10,2023-08-04,2023-08-10,2023-08-11,2023-08-14,2023-08-11,2023-08-16,2023-08-11,2023-08-18,2023-08-18,2023-09-11,2023-08-11,2023-09-11,True,940,8
1248,sHK-T2G21o4,ZipTrader,AMC,sell,2023-08-11T23:11:24Z,2023-08-11T23:21:51.959000+00:00,2023-08-11,2023-08-11,after_close,2023-07-14,2023-08-10,2023-08-04,2023-08-10,2023-08-11,2023-08-14,2023-08-11,2023-08-16,2023-08-11,2023-08-18,2023-08-18,2023-09-11,2023-08-11,2023-09-11,True,940,8
1249,sHK-T2G21o4,ZipTrader,AMC,sell,2023-08-11T23:11:24Z,2023-08-11T23:28:19.500000+00:00,2023-08-11,2023-08-11,after_close,2023-07-14,2023-08-10,2023-08-04,2023-08-10,2023-08-11,2023-08-14,2023-08-11,2023-08-16,2023-08-11,2023-08-18,2023-08-18,2023-09-11,2023-08-11,2023-09-11,True,940,8
1250,UlV2ZZU3LcM,HyperChange,TSLA,buy,2024-04-23T23:25:45Z,2024-04-23T23:25:46.040000+00:00,2024-04-23,2024-04-23,after_close,2024-03-25,2024-04-22,2024-04-16,2024-04-22,2024-04-23,2024-04-24,2024-04-23,2024-04-26,2024-04-23,2024-04-30,2024-04-30,2024-05-21,2024-04-23,2024-05-21,True,941,6
1251,UlV2ZZU3LcM,HyperChange,TSLA,buy,2024-04-23T23:25:45Z,2024-04-23T23:25:50.480000+00:00,2024-04-23,2024-04-23,after_close,2024-03-25,2024-04-22,2024-04-16,2024-04-22,2024-04-23,2024-04-24,2024-04-23,2024-04-26,2024-04-23,2024-04-30,2024-04-30,2024-05-21,2024-04-23,2024-05-21,True,941,6
1252,UlV2ZZU3LcM,HyperChange,TSLA,buy,2024-04-23T23:25:45Z,2024-04-23T23:28:04.080000+00:00,2024-04-23,2024-04-23,after_close,2024-03-25,2024-04-22,2024-04-16,2024-04-22,2024-04-23,2024-04-24,2024-04-23,2024-04-26,2024-04-23,2024-04-30,2024-04-30,2024-05-21,2024-04-23,2024-05-21,True,941,6
1253,UlV2ZZU3LcM,HyperChange,TSLA,buy,2024-04-23T23:25:45Z,2024-04-23T23:37:26.959000+00:00,2024-04-23,2024-04-23,after_close,2024-03-25,2024-04-22,2024-04-16,2024-04-22,2024-04-23,2024-04-24,2024-04-23,2024-04-26,2024-04-23,2024-04-30,2024-04-30,2024-05-21,2024-04-23,2024-05-21,True,941,6
1254,UlV2ZZU3LcM,HyperChange,TSLA,buy,2024-04-23T23:25:45Z,2024-04-23T23:50:47.760000+00:00,2024-04-23,2024-04-23,after_close,2024-03-25,2024-04-22,2024-04-16,2024-04-22,2024-04-23,2024-04-24,2024-04-23,2024-04-26,2024-04-23,2024-04-30,2024-04-30,2024-05-21,2024-04-23,2024-05-21,True,941,6
1255,UlV2ZZU3LcM,HyperChange,TSLA,buy,2024-04-23T23:25:45Z,2024-04-23T23:53:29.880000+00:00,2024-04-23,2024-04-23,after_close,2024-03-25,2024-04-22,2024-04-16,2024-04-22,2024-04-23,2024-04-24,2024-04-23,2024-04-26,2024-04-23,2024-04-30,2024-04-30,2024-05-21,2024-04-23,2024-05-21,True,941,6
1256,YzNrg2hlw14,ZipTrader,AMC,sell,2023-08-22T00:18:56Z,2023-08-22T00:24:47.720000+00:00,2023-08-22,2023-08-22,after_close,2023-07-25,2023-08-21,2023-08-15,2023-08-21,2023-08-22,2023-08-23,2023-08-22,2023-08-25,2023-08-22,2023-08-29,2023-08-29,2023-09-20,2023-08-22,2023-09-20,True,942,1
1257,CXipshs1kKs,HyperChange,TSLA,buy,2024-04-25T00:17:39Z,2024-04-25T00:20:25.319000+00:00,2024-04-25,2024-04-25,after_close,2024-03-27,2024-04-24,2024-04-18,2024-04-24,2024-04-25,2024-04-26,2024-04-25,2024-04-30,2024-04-25,2024-05-02,2024-05-02,2024-05-23,2024-04-25,2024-05-23,True,943,1
1258,hr3usFlFBMU,ZipTrader,AMC,sell,2023-08-24T23:20:47Z,2023-08-24T23:20:49.399000+00:00,2023-08-24,2023-08-24,after_close,2023-07-27,2023-08-23,2023-08-17,2023-08-23,2023-08-24,2023-08-25,2023-08-24,2023-08-29,2023-08-24,2023-08-31,2023-08-31,2023-09-22,2023-08-24,2023-09-22,True,944,7
1259,hr3usFlFBMU,ZipTrader,AMC,sell,2023-08-24T23:20:47Z,2023-08-24T23:21:35.899000+00:00,2023-08-24,2023-08-24,after_close,2023-07-27,2023-08-23,2023-08-17,2023-08-23,2023-08-24,2023-08-25,2023-08-24,2023-08-29,2023-08-24,2023-08-31,2023-08-31,2023-09-22,2023-08-24,2023-09-22,True,944,7
1260,hr3usFlFBMU,ZipTrader,AMC,sell,2023-08-24T23:20:47Z,2023-08-24T23:25:14.600000+00:00,2023-08-24,2023-08-24,after_close,2023-07-27,2023-08-23,2023-08-17,2023-08-23,2023-08-24,2023-08-25,2023-08-24,2023-08-29,2023-08-24,2023-08-31,2023-08-31,2023-09-22,2023-08-24,2023-09-22,True,944,7
1261,hr3usFlFBMU,ZipTrader,AMC,sell,2023-08-24T23:20:47Z,2023-08-24T23:30:16.160000+00:00,2023-08-24,2023-08-24,after_close,2023-07-27,2023-08-23,2023-08-17,2023-08-23,2023-08-24,2023-08-25,2023-08-24,2023-08-29,2023-08-24,2023-08-31,2023-08-31,2023-09-22,2023-08-24,2023-09-22,True,944,7
1262,hr3usFlFBMU,ZipTrader,AMC,sell,2023-08-24T23:20:47Z,2023-08-24T23:31:43.220000+00:00,2023-08-24,2023-08-24,after_close,2023-07-27,2023-08-23,2023-08-17,2023-08-23,2023-08-24,2023-08-25,2023-08-24,2023-08-29,2023-08-24,2023-08-31,2023-08-31,2023-09-22,2023-08-24,2023-09-22,True,944,7
1263,hr3usFlFBMU,ZipTrader,AMC,sell,2023-08-24T23:20:47Z,2023-08-24T23:32:25.880000+00:00,2023-08-24,2023-08-24,after_close,2023-07-27,2023-08-23,2023-08-17,2023-08-23,2023-08-24,2023-08-25,2023-08-24,2023-08-29,2023-08-24,2023-08-31,2023-08-31,2023-09-22,2023-08-24,2023-09-22,True,944,7
1264,hr3usFlFBMU,ZipTrader,AMC,sell,2023-08-24T23:20:47Z,2023-08-24T23:33:29.240000+00:00,2023-08-24,2023-08-24,after_close,2023-07-27,2023-08-23,2023-08-17,2023-08-23,2023-08-24,2023-08-25,2023-08-24,2023-08-29,2023-08-24,2023-08-31,2023-08-31,2023-09-22,2023-08-24,2023-09-22,True,944,7
1265,mwGbJHvTDb8,HyperChange,AMZN,buy,2024-10-28T21:48:48Z,2024-10-28T22:14:50.520000+00:00,2024-10-28,2024-10-28,after_close,2024-09-30,2024-10-25,2024-10-21,2024-10-25,2024-10-28,2024-10-29,2024-10-28,2024-10-31,2024-10-28,2024-11-04,2024-11-04,2024-11-25,2024-10-28,2024-11-25,True,945,2
1266,mwGbJHvTDb8,HyperChange,AMZN,buy,2024-10-28T21:48:48Z,2024-10-28T22:22:51.960000+00:00,2024-10-28,2024-10-28,after_close,2024-09-30,2024-10-25,2024-10-21,2024-10-25,2024-10-28,2024-10-29,2024-10-28,2024-10-31,2024-10-28,2024-11-04,2024-11-04,2024-11-25,2024-10-28,2024-11-25,True,945,2
1267,mwGbJHvTDb8,HyperChange,TSLA,buy,2024-10-28T21:48:48Z,2024-10-28T22:26:13.560000+00:00,2024-10-28,2024-10-28,after_close,2024-09-30,2024-10-25,2024-10-21,2024-10-25,2024-10-28,2024-10-29,2024-10-28,2024-10-31,2024-10-28,2024-11-04,2024-11-04,2024-11-25,2024-10-28,2024-11-25,True,946,1
1268,dJ2x4dsEJzQ,ZipTrader,TSLA,sell,2023-09-11T23:03:19Z,2023-09-11T23:09:21.639000+00:00,2023-09-11,2023-09-11,after_close,2023-08-11,2023-09-08,2023-09-01,2023-09-08,2023-09-11,2023-09-12,2023-09-11,2023-09-14,2023-09-11,2023-09-18,2023-09-18,2023-10-09,2023-09-11,2023-10-09,True,947,1
1269,8TkQMAOSeSU,HyperChange,TSLA,buy,2024-02-13T03:22:40Z,2024-02-13T03:23:20.480000+00:00,2024-02-13,2024-02-13,after_close,2024-01-16,2024-02-12,2024-02-06,2024-02-12,2024-02-13,2024-02-14,2024-02-13,2024-02-16,2024-02-13,2024-02-21,2024-02-21,2024-03-13,2024-02-13,2024-03-13,True,948,13
1270,8TkQMAOSeSU,HyperChange,TSLA,buy,2024-02-13T03:22:40Z,2024-02-13T03:28:32.120000+00:00,2024-02-13,2024-02-13,after_close,2024-01-16,2024-02-12,2024-02-06,2024-02-12,2024-02-13,2024-02-14,2024-02-13,2024-02-16,2024-02-13,2024-02-21,2024-02-21,2024-03-13,2024-02-13,2024-03-13,True,948,13
1271,8TkQMAOSeSU,HyperChange,TSLA,buy,2024-02-13T03:22:40Z,2024-02-13T03:31:19.479000+00:00,2024-02-13,2024-02-13,after_close,2024-01-16,2024-02-12,2024-02-06,2024-02-12,2024-02-13,2024-02-14,2024-02-13,2024-02-16,2024-02-13,2024-02-21,2024-02-21,2024-03-13,2024-02-13,2024-03-13,True,948,13
1272,8TkQMAOSeSU,HyperChange,TSLA,buy,2024-02-13T03:22:40Z,2024-02-13T03:32:24.480000+00:00,2024-02-13,2024-02-13,after_close,2024-01-16,2024-02-12,2024-02-06,2024-02-12,2024-02-13,2024-02-14,2024-02-13,2024-02-16,2024-02-13,2024-02-21,2024-02-21,2024-03-13,2024-02-13,2024-03-13,True,948,13
1273,8TkQMAOSeSU,HyperChange,TSLA,buy,2024-02-13T03:22:40Z,2024-02-13T03:33:31.320000+00:00,2024-02-13,2024-02-13,after_close,2024-01-16,2024-02-12,2024-02-06,2024-02-12,2024-02-13,2024-02-14,2024-02-13,2024-02-16,2024-02-13,2024-02-21,2024-02-21,2024-03-13,2024-02-13,2024-03-13,True,948,13
1274,8TkQMAOSeSU,HyperChange,TSLA,buy,2024-02-13T03:22:40Z,2024-02-13T03:47:35.679000+00:00,2024-02-13,2024-02-13,after_close,2024-01-16,2024-02-12,2024-02-06,2024-02-12,2024-02-13,2024-02-14,2024-02-13,2024-02-16,2024-02-13,2024-02-21,2024-02-21,2024-03-13,2024-02-13,2024-03-13,True,948,13
1275,8TkQMAOSeSU,HyperChange,TSLA,buy,2024-02-13T03:22:40Z,2024-02-13T03:49:20.840000+00:00,2024-02-13,2024-02-13,after_close,2024-01-16,2024-02-12,2024-02-06,2024-02-12,2024-02-13,2024-02-14,2024-02-13,2024-02-16,2024-02-13,2024-02-21,2024-02-21,2024-03-13,2024-02-13,2024-03-13,True,948,13
1276,8TkQMAOSeSU,HyperChange,TSLA,buy,2024-02-13T03:22:40Z,2024-02-13T03:54:49.480000+00:00,2024-02-13,2024-02-13,after_close,2024-01-16,2024-02-12,2024-02-06,2024-02-12,2024-02-13,2024-02-14,2024-02-13,2024-02-16,2024-02-13,2024-02-21,2024-02-21,2024-03-13,2024-02-13,2024-03-13,True,948,13
1277,8TkQMAOSeSU,HyperChange,TSLA,buy,2024-02-13T03:22:40Z,2024-02-13T03:56:36.360000+00:00,2024-02-13,2024-02-13,after_close,2024-01-16,2024-02-12,2024-02-06,2024-02-12,2024-02-13,2024-02-14,2024-02-13,2024-02-16,2024-02-13,2024-02-21,2024-02-21,2024-03-13,2024-02-13,2024-03-13,True,948,13
1278,8TkQMAOSeSU,HyperChange,TSLA,sell,2024-02-13T03:22:40Z,2024-02-13T04:06:15.599000+00:00,2024-02-13,2024-02-13,after_close,2024-01-16,2024-02-12,2024-02-06,2024-02-12,2024-02-13,2024-02-14,2024-02-13,2024-02-16,2024-02-13,2024-02-21,2024-02-21,2024-03-13,2024-02-13,2024-03-13,True,948,13
1279,8TkQMAOSeSU,HyperChange,TSLA,sell,2024-02-13T03:22:40Z,2024-02-13T04:07:00.400000+00:00,2024-02-13,2024-02-13,after_close,2024-01-16,2024-02-12,2024-02-06,2024-02-12,2024-02-13,2024-02-14,2024-02-13,2024-02-16,2024-02-13,2024-02-21,2024-02-21,2024-03-13,2024-02-13,2024-03-13,True,948,13
1280,8TkQMAOSeSU,HyperChange,TSLA,buy,2024-02-13T03:22:40Z,2024-02-13T04:18:31.440000+00:00,2024-02-13,2024-02-13,after_close,2024-01-16,2024-02-12,2024-02-06,2024-02-12,2024-02-13,2024-02-14,2024-02-13,2024-02-16,2024-02-13,2024-02-21,2024-02-21,2024-03-13,2024-02-13,2024-03-13,True,948,13
1281,8TkQMAOSeSU,HyperChange,TSLA,buy,2024-02-13T03:22:40Z,2024-02-13T04:19:17.720000+00:00,2024-02-13,2024-02-13,after_close,2024-01-16,2024-02-12,2024-02-06,2024-02-12,2024-02-13,2024-02-14,2024-02-13,2024-02-16,2024-02-13,2024-02-21,2024-02-21,2024-03-13,2024-02-13,2024-03-13,True,948,13
1282,8TkQMAOSeSU,HyperChange,AAPL,buy,2024-02-13T03:22:40Z,2024-02-13T03:39:11.399000+00:00,2024-02-13,2024-02-13,after_close,2024-01-16,2024-02-12,2024-02-06,2024-02-12,2024-02-13,2024-02-14,2024-02-13,2024-02-16,2024-02-13,2024-02-21,2024-02-21,2024-03-13,2024-02-13,2024-03-13,True,949,5
1283,8TkQMAOSeSU,HyperChange,AAPL,buy,2024-02-13T03:22:40Z,2024-02-13T03:40:06.600000+00:00,2024-02-13,2024-02-13,after_close,2024-01-16,2024-02-12,2024-02-06,2024-02-12,2024-02-13,2024-02-14,2024-02-13,2024-02-16,2024-02-13,2024-02-21,2024-02-21,2024-03-13,2024-02-13,2024-03-13,True,949,5
1284,8TkQMAOSeSU,HyperChange,AAPL,buy,2024-02-13T03:22:40Z,2024-02-13T03:40:38+00:00,2024-02-13,2024-02-13,after_close,2024-01-16,2024-02-12,2024-02-06,2024-02-12,2024-02-13,2024-02-14,2024-02-13,2024-02-16,2024-02-13,2024-02-21,2024-02-21,2024-03-13,2024-02-13,2024-03-13,True,949,5
1285,8TkQMAOSeSU,HyperChange,AAPL,sell,2024-02-13T03:22:40Z,2024-02-13T03:41:33.400000+00:00,2024-02-13,2024-02-13,after_close,2024-01-16,2024-02-12,2024-02-06,2024-02-12,2024-02-13,2024-02-14,2024-02-13,2024-02-16,2024-02-13,2024-02-21,2024-02-21,2024-03-13,2024-02-13,2024-03-13,True,949,5
1286,8TkQMAOSeSU,HyperChange,AAPL,buy,2024-02-13T03:22:40Z,2024-02-13T03:42:56.240000+00:00,2024-02-13,2024-02-13,after_close,2024-01-16,2024-02-12,2024-02-06,2024-02-12,2024-02-13,2024-02-14,2024-02-13,2024-02-16,2024-02-13,2024-02-21,2024-02-21,2024-03-13,2024-02-13,2024-03-13,True,949,5
1287,8TkQMAOSeSU,HyperChange,MSFT,buy,2024-02-13T03:22:40Z,2024-02-13T03:42:49.919000+00:00,2024-02-13,2024-02-13,after_close,2024-01-16,2024-02-12,2024-02-06,2024-02-12,2024-02-13,2024-02-14,2024-02-13,2024-02-16,2024-02-13,2024-02-21,2024-02-21,2024-03-13,2024-02-13,2024-03-13,True,950,1
1288,8TkQMAOSeSU,HyperChange,NVDA,buy,2024-02-13T03:22:40Z,2024-02-13T04:04:31.119000+00:00,2024-02-13,2024-02-13,after_close,2024-01-16,2024-02-12,2024-02-06,2024-02-12,2024-02-13,2024-02-14,2024-02-13,2024-02-16,2024-02-13,2024-02-21,2024-02-21,2024-03-13,2024-02-13,2024-03-13,True,951,1
1289,4uMukGPVwfs,HyperChange,TSLA,buy,2024-12-16T22:02:21Z,2024-12-16T22:02:52.560000+00:00,2024-12-16,2024-12-16,after_close,2024-11-15,2024-12-13,2024-12-09,2024-12-13,2024-12-16,2024-12-17,2024-12-16,2024-12-19,2024-12-16,2024-12-23,2024-12-23,2025-01-16,2024-12-16,2025-01-16,True,952,1
1290,VUdL13x5WJ4,Financial Education,AMD,buy,2025-06-13T21:20:00Z,2025-06-13T21:21:20+00:00,2025-06-13,2025-06-13,after_close,2025-05-15,2025-06-12,2025-06-06,2025-06-12,2025-06-13,2025-06-16,2025-06-13,2025-06-18,2025-06-13,2025-06-23,2025-06-23,2025-07-15,2025-06-13,2025-07-15,True,953,3
1291,VUdL13x5WJ4,Financial Education,AMD,buy,2025-06-13T21:20:00Z,2025-06-13T21:21:51+00:00,2025-06-13,2025-06-13,after_close,2025-05-15,2025-06-12,2025-06-06,2025-06-12,2025-06-13,2025-06-16,2025-06-13,2025-06-18,2025-06-13,2025-06-23,2025-06-23,2025-07-15,2025-06-13,2025-07-15,True,953,3
1292,VUdL13x5WJ4,Financial Education,AMD,sell,2025-06-13T21:20:00Z,2025-06-13T21:50:08+00:00,2025-06-13,2025-06-13,after_close,2025-05-15,2025-06-12,2025-06-06,2025-06-12,2025-06-13,2025-06-16,2025-06-13,2025-06-18,2025-06-13,2025-06-23,2025-06-23,2025-07-15,2025-06-13,2025-07-15,True,953,3
1293,VKqFKUJAGhI,Financial Education,AMD,buy,2025-07-29T20:28:10Z,2025-07-29T20:52:40+00:00,2025-07-29,2025-07-29,during_market,2025-06-30,2025-07-28,2025-07-22,2025-07-28,2025-07-29,2025-07-30,2025-07-29,2025-08-01,2025-07-29,2025-08-05,2025-08-05,2025-08-26,2025-07-29,2025-08-26,True,954,1
1294,VKqFKUJAGhI,Financial Education,SOFI,buy,2025-07-29T20:28:10Z,2025-07-29T20:43:01+00:00,2025-07-29,2025-07-29,during_market,2025-06-30,2025-07-28,2025-07-22,2025-07-28,2025-07-29,2025-07-30,2025-07-29,2025-08-01,2025-07-29,2025-08-05,2025-08-05,2025-08-26,2025-07-29,2025-08-26,True,955,1
1295,VKqFKUJAGhI,Financial Education,AAPL,buy,2025-07-29T20:28:10Z,2025-07-29T20:51:49+00:00,2025-07-29,2025-07-29,during_market,2025-06-30,2025-07-28,2025-07-22,2025-07-28,2025-07-29,2025-07-30,2025-07-29,2025-08-01,2025-07-29,2025-08-05,2025-08-05,2025-08-26,2025-07-29,2025-08-26,True,956,1
1296,Am6p8enFLNE,New Money,AAPL,buy,2024-05-06T15:16:23Z,2024-05-06T15:17:58.119000+00:00,2024-05-06,2024-05-06,during_market,2024-04-08,2024-05-03,2024-04-29,2024-05-03,2024-05-06,2024-05-07,2024-05-06,2024-05-09,2024-05-06,2024-05-13,2024-05-13,2024-06-04,2024-05-06,2024-06-04,True,957,4
1297,Am6p8enFLNE,New Money,AAPL,sell,2024-05-06T15:16:23Z,2024-05-06T15:20:59.440000+00:00,2024-05-06,2024-05-06,during_market,2024-04-08,2024-05-03,2024-04-29,2024-05-03,2024-05-06,2024-05-07,2024-05-06,2024-05-09,2024-05-06,2024-05-13,2024-05-13,2024-06-04,2024-05-06,2024-06-04,True,957,4
1298,Am6p8enFLNE,New Money,AAPL,sell,2024-05-06T15:16:23Z,2024-05-06T15:23:09.560000+00:00,2024-05-06,2024-05-06,during_market,2024-04-08,2024-05-03,2024-04-29,2024-05-03,2024-05-06,2024-05-07,2024-05-06,2024-05-09,2024-05-06,2024-05-13,2024-05-13,2024-06-04,2024-05-06,2024-06-04,True,957,4
1299,Am6p8enFLNE,New Money,AAPL,sell,2024-05-06T15:16:23Z,2024-05-06T15:25:49.640000+00:00,2024-05-06,2024-05-06,during_market,2024-04-08,2024-05-03,2024-04-29,2024-05-03,2024-05-06,2024-05-07,2024-05-06,2024-05-09,2024-05-06,2024-05-13,2024-05-13,2024-06-04,2024-05-06,2024-06-04,True,957,4
1300,QlMFDo4pY7c,New Money,DIS,buy,2023-03-07T16:18:29Z,2023-03-07T16:22:27.799000+00:00,2023-03-07,2023-03-07,during_market,2023-02-06,2023-03-06,2023-02-28,2023-03-06,2023-03-07,2023-03-08,2023-03-07,2023-03-10,2023-03-07,2023-03-14,2023-03-14,2023-04-04,2023-03-07,2023-04-04,True,958,1
1301,QlMFDo4pY7c,New Money,MSFT,buy,2023-03-07T16:18:29Z,2023-03-07T16:23:13.100000+00:00,2023-03-07,2023-03-07,during_market,2023-02-06,2023-03-06,2023-02-28,2023-03-06,2023-03-07,2023-03-08,2023-03-07,2023-03-10,2023-03-07,2023-03-14,2023-03-14,2023-04-04,2023-03-07,2023-04-04,True,959,1
1302,QlMFDo4pY7c,New Money,AMZN,buy,2023-03-07T16:18:29Z,2023-03-07T16:27:43.220000+00:00,2023-03-07,2023-03-07,during_market,2023-02-06,2023-03-06,2023-02-28,2023-03-06,2023-03-07,2023-03-08,2023-03-07,2023-03-10,2023-03-07,2023-03-14,2023-03-14,2023-04-04,2023-03-07,2023-04-04,True,960,1
1303,QlMFDo4pY7c,New Money,GOOGL,buy,2023-03-07T16:18:29Z,2023-03-07T16:29:11.360000+00:00,2023-03-07,2023-03-07,during_market,2023-02-06,2023-03-06,2023-02-28,2023-03-06,2023-03-07,2023-03-08,2023-03-07,2023-03-10,2023-03-07,2023-03-14,2023-03-14,2023-04-04,2023-03-07,2023-04-04,True,961,1
1304,R3icAh9z77s,Financial Education,AMD,buy,2025-08-06T16:48:22Z,2025-08-06T16:50:53+00:00,2025-08-06,2025-08-06,during_market,2025-07-09,2025-08-05,2025-07-30,2025-08-05,2025-08-06,2025-08-07,2025-08-06,2025-08-11,2025-08-06,2025-08-13,2025-08-13,2025-09-04,2025-08-06,2025-09-04,True,962,1
1305,R3icAh9z77s,Financial Education,NVDA,buy,2025-08-06T16:48:22Z,2025-08-06T17:10:33+00:00,2025-08-06,2025-08-06,during_market,2025-07-09,2025-08-05,2025-07-30,2025-08-05,2025-08-06,2025-08-07,2025-08-06,2025-08-11,2025-08-06,2025-08-13,2025-08-13,2025-09-04,2025-08-06,2025-09-04,True,963,1
1306,zecjFAPHjVg,New Money,AAPL,sell,2024-08-06T13:43:50Z,2024-08-06T13:44:48.160000+00:00,2024-08-06,2024-08-06,before_open,2024-07-09,2024-08-05,2024-07-30,2024-08-05,2024-08-06,2024-08-07,2024-08-06,2024-08-09,2024-08-06,2024-08-13,2024-08-13,2024-09-04,2024-08-06,2024-09-04,False,964,3
1307,zecjFAPHjVg,New Money,AAPL,buy,2024-08-06T13:43:50Z,2024-08-06T13:46:55.840000+00:00,2024-08-06,2024-08-06,before_open,2024-07-09,2024-08-05,2024-07-30,2024-08-05,2024-08-06,2024-08-07,2024-08-06,2024-08-09,2024-08-06,2024-08-13,2024-08-13,2024-09-04,2024-08-06,2024-09-04,False,964,3
1308,zecjFAPHjVg,New Money,AAPL,sell,2024-08-06T13:43:50Z,2024-08-06T13:51:20.319000+00:00,2024-08-06,2024-08-06,before_open,2024-07-09,2024-08-05,2024-07-30,2024-08-05,2024-08-06,2024-08-07,2024-08-06,2024-08-09,2024-08-06,2024-08-13,2024-08-13,2024-09-04,2024-08-06,2024-09-04,False,964,3
1309,bJxpE2Q1Vgk,New Money,MSFT,sell,2024-02-03T13:04:04Z,2024-02-03T13:06:34.120000+00:00,2024-02-03,2024-02-05,weekend_or_holiday,2024-01-05,2024-02-02,2024-01-29,2024-02-02,2024-02-05,2024-02-06,2024-02-05,2024-02-08,2024-02-05,2024-02-12,2024-02-12,2024-03-05,2024-02-05,2024-03-05,False,965,1
1310,XAsQRjjpma4,Financial Education,AMD,sell,2025-10-20T23:11:11Z,2025-10-20T23:47:03+00:00,2025-10-20,2025-10-20,after_close,2025-09-22,2025-10-17,2025-10-13,2025-10-17,2025-10-20,2025-10-21,2025-10-20,2025-10-23,2025-10-20,2025-10-27,2025-10-27,2025-11-17,2025-10-20,2025-11-17,True,966,1
1311,XAsQRjjpma4,Financial Education,AMZN,sell,2025-10-20T23:11:11Z,2025-10-20T23:22:57+00:00,2025-10-20,2025-10-20,after_close,2025-09-22,2025-10-17,2025-10-13,2025-10-17,2025-10-20,2025-10-21,2025-10-20,2025-10-23,2025-10-20,2025-10-27,2025-10-27,2025-11-17,2025-10-20,2025-11-17,True,967,1
1312,XAsQRjjpma4,Financial Education,NVDA,sell,2025-10-20T23:11:11Z,2025-10-20T23:45:27+00:00,2025-10-20,2025-10-20,after_close,2025-09-22,2025-10-17,2025-10-13,2025-10-17,2025-10-20,2025-10-21,2025-10-20,2025-10-23,2025-10-20,2025-10-27,2025-10-27,2025-11-17,2025-10-20,2025-11-17,True,968,1
1313,e9SQIJdpip4,New Money,AAPL,buy,2024-05-27T13:13:27Z,2024-05-27T13:21:25+00:00,2024-05-27,2024-05-28,before_open,2024-04-29,2024-05-24,2024-05-20,2024-05-24,2024-05-28,2024-05-29,2024-05-28,2024-05-31,2024-05-28,2024-06-04,2024-06-04,2024-06-26,2024-05-28,2024-06-26,False,969,1
1314,7l3hyQDvKuw,New Money,MSFT,buy,2023-05-26T15:30:01Z,2023-05-26T15:34:40.479000+00:00,2023-05-26,2023-05-26,during_market,2023-04-28,2023-05-25,2023-05-19,2023-05-25,2023-05-26,2023-05-30,2023-05-26,2023-06-01,2023-05-26,2023-06-05,2023-06-05,2023-06-27,2023-05-26,2023-06-27,True,970,1
1315,7l3hyQDvKuw,New Money,AMZN,buy,2023-05-26T15:30:01Z,2023-05-26T15:36:42.520000+00:00,2023-05-26,2023-05-26,during_market,2023-04-28,2023-05-25,2023-05-19,2023-05-25,2023-05-26,2023-05-30,2023-05-26,2023-06-01,2023-05-26,2023-06-05,2023-06-05,2023-06-27,2023-05-26,2023-06-27,True,971,2
1316,7l3hyQDvKuw,New Money,AMZN,buy,2023-05-26T15:30:01Z,2023-05-26T15:37:12.940000+00:00,2023-05-26,2023-05-26,during_market,2023-04-28,2023-05-25,2023-05-19,2023-05-25,2023-05-26,2023-05-30,2023-05-26,2023-06-01,2023-05-26,2023-06-05,2023-06-05,2023-06-27,2023-05-26,2023-06-27,True,971,2
1317,7l3hyQDvKuw,New Money,GOOGL,sell,2023-05-26T15:30:01Z,2023-05-26T15:38:54.880000+00:00,2023-05-26,2023-05-26,during_market,2023-04-28,2023-05-25,2023-05-19,2023-05-25,2023-05-26,2023-05-30,2023-05-26,2023-06-01,2023-05-26,2023-06-05,2023-06-05,2023-06-27,2023-05-26,2023-06-27,True,972,1
1318,Ui8wrQFniL0,Financial Education,AMD,buy,2025-11-25T23:37:02Z,2025-11-25T23:39:00+00:00,2025-11-25,2025-11-25,after_close,2025-10-28,2025-11-24,2025-11-18,2025-11-24,2025-11-25,2025-11-26,2025-11-25,2025-12-01,2025-11-25,2025-12-03,2025-12-03,2025-12-24,2025-11-25,2025-12-24,True,973,5
1319,Ui8wrQFniL0,Financial Education,AMD,buy,2025-11-25T23:37:02Z,2025-11-25T23:41:50+00:00,2025-11-25,2025-11-25,after_close,2025-10-28,2025-11-24,2025-11-18,2025-11-24,2025-11-25,2025-11-26,2025-11-25,2025-12-01,2025-11-25,2025-12-03,2025-12-03,2025-12-24,2025-11-25,2025-12-24,True,973,5
1320,Ui8wrQFniL0,Financial Education,AMD,buy,2025-11-25T23:37:02Z,2025-11-25T23:46:25+00:00,2025-11-25,2025-11-25,after_close,2025-10-28,2025-11-24,2025-11-18,2025-11-24,2025-11-25,2025-11-26,2025-11-25,2025-12-01,2025-11-25,2025-12-03,2025-12-03,2025-12-24,2025-11-25,2025-12-24,True,973,5
1321,Ui8wrQFniL0,Financial Education,AMD,buy,2025-11-25T23:37:02Z,2025-11-25T23:46:57+00:00,2025-11-25,2025-11-25,after_close,2025-10-28,2025-11-24,2025-11-18,2025-11-24,2025-11-25,2025-11-26,2025-11-25,2025-12-01,2025-11-25,2025-12-03,2025-12-03,2025-12-24,2025-11-25,2025-12-24,True,973,5
1322,Ui8wrQFniL0,Financial Education,AMD,buy,2025-11-25T23:37:02Z,2025-11-25T23:48:00+00:00,2025-11-25,2025-11-25,after_close,2025-10-28,2025-11-24,2025-11-18,2025-11-24,2025-11-25,2025-11-26,2025-11-25,2025-12-01,2025-11-25,2025-12-03,2025-12-03,2025-12-24,2025-11-25,2025-12-24,True,973,5
1323,Ui8wrQFniL0,Financial Education,GOOGL,buy,2025-11-25T23:37:02Z,2025-11-25T23:56:42+00:00,2025-11-25,2025-11-25,after_close,2025-10-28,2025-11-24,2025-11-18,2025-11-24,2025-11-25,2025-11-26,2025-11-25,2025-12-01,2025-11-25,2025-12-03,2025-12-03,2025-12-24,2025-11-25,2025-12-24,True,974,2
1324,Ui8wrQFniL0,Financial Education,GOOGL,buy,2025-11-25T23:37:02Z,2025-11-25T23:59:02+00:00,2025-11-25,2025-11-25,after_close,2025-10-28,2025-11-24,2025-11-18,2025-11-24,2025-11-25,2025-11-26,2025-11-25,2025-12-01,2025-11-25,2025-12-03,2025-12-03,2025-12-24,2025-11-25,2025-12-24,True,974,2
1325,Ui8wrQFniL0,Financial Education,META,buy,2025-11-25T23:37:02Z,2025-11-26T00:00:18+00:00,2025-11-25,2025-11-25,after_close,2025-10-28,2025-11-24,2025-11-18,2025-11-24,2025-11-25,2025-11-26,2025-11-25,2025-12-01,2025-11-25,2025-12-03,2025-12-03,2025-12-24,2025-11-25,2025-12-24,True,975,2
1326,Ui8wrQFniL0,Financial Education,META,buy,2025-11-25T23:37:02Z,2025-11-26T00:09:28+00:00,2025-11-25,2025-11-25,after_close,2025-10-28,2025-11-24,2025-11-18,2025-11-24,2025-11-25,2025-11-26,2025-11-25,2025-12-01,2025-11-25,2025-12-03,2025-12-03,2025-12-24,2025-11-25,2025-12-24,True,975,2
1327,uP6u9wkd_sw,Financial Education,AMD,buy,2025-12-09T00:46:04Z,2025-12-09T00:55:55+00:00,2025-12-09,2025-12-09,after_close,2025-11-10,2025-12-08,2025-12-02,2025-12-08,2025-12-09,2025-12-10,2025-12-09,2025-12-12,2025-12-09,2025-12-16,2025-12-16,2026-01-08,2025-12-09,2026-01-08,True,976,2
1328,uP6u9wkd_sw,Financial Education,AMD,buy,2025-12-09T00:46:04Z,2025-12-09T01:05:30+00:00,2025-12-09,2025-12-09,after_close,2025-11-10,2025-12-08,2025-12-02,2025-12-08,2025-12-09,2025-12-10,2025-12-09,2025-12-12,2025-12-09,2025-12-16,2025-12-16,2026-01-08,2025-12-09,2026-01-08,True,976,2
1329,uP6u9wkd_sw,Financial Education,NFLX,buy,2025-12-09T00:46:04Z,2025-12-09T01:28:23+00:00,2025-12-09,2025-12-09,after_close,2025-11-10,2025-12-08,2025-12-02,2025-12-08,2025-12-09,2025-12-10,2025-12-09,2025-12-12,2025-12-09,2025-12-16,2025-12-16,2026-01-08,2025-12-09,2026-01-08,True,977,1
1330,uP6u9wkd_sw,Financial Education,NVDA,buy,2025-12-09T00:46:04Z,2025-12-09T00:50:32+00:00,2025-12-09,2025-12-09,after_close,2025-11-10,2025-12-08,2025-12-02,2025-12-08,2025-12-09,2025-12-10,2025-12-09,2025-12-12,2025-12-09,2025-12-16,2025-12-16,2026-01-08,2025-12-09,2026-01-08,True,978,2
1331,uP6u9wkd_sw,Financial Education,NVDA,buy,2025-12-09T00:46:04Z,2025-12-09T00:55:03+00:00,2025-12-09,2025-12-09,after_close,2025-11-10,2025-12-08,2025-12-02,2025-12-08,2025-12-09,2025-12-10,2025-12-09,2025-12-12,2025-12-09,2025-12-16,2025-12-16,2026-01-08,2025-12-09,2026-01-08,True,978,2
1332,rcrH-op51Lc,HyperChange,TSLA,buy,2021-12-05T02:09:35Z,2021-12-05T02:25:57.980000+00:00,2021-12-05,2021-12-06,weekend_or_holiday,2021-11-05,2021-12-03,2021-11-29,2021-12-03,2021-12-06,2021-12-07,2021-12-06,2021-12-09,2021-12-06,2021-12-13,2021-12-13,2022-01-04,2021-12-06,2022-01-04,False,979,7
1333,rcrH-op51Lc,HyperChange,TSLA,sell,2021-12-05T02:09:35Z,2021-12-05T02:29:06.140000+00:00,2021-12-05,2021-12-06,weekend_or_holiday,2021-11-05,2021-12-03,2021-11-29,2021-12-03,2021-12-06,2021-12-07,2021-12-06,2021-12-09,2021-12-06,2021-12-13,2021-12-13,2022-01-04,2021-12-06,2022-01-04,False,979,7
1334,rcrH-op51Lc,HyperChange,TSLA,buy,2021-12-05T02:09:35Z,2021-12-05T02:38:34.100000+00:00,2021-12-05,2021-12-06,weekend_or_holiday,2021-11-05,2021-12-03,2021-11-29,2021-12-03,2021-12-06,2021-12-07,2021-12-06,2021-12-09,2021-12-06,2021-12-13,2021-12-13,2022-01-04,2021-12-06,2022-01-04,False,979,7
1335,rcrH-op51Lc,HyperChange,TSLA,sell,2021-12-05T02:09:35Z,2021-12-05T02:48:09.380000+00:00,2021-12-05,2021-12-06,weekend_or_holiday,2021-11-05,2021-12-03,2021-11-29,2021-12-03,2021-12-06,2021-12-07,2021-12-06,2021-12-09,2021-12-06,2021-12-13,2021-12-13,2022-01-04,2021-12-06,2022-01-04,False,979,7
1336,rcrH-op51Lc,HyperChange,TSLA,buy,2021-12-05T02:09:35Z,2021-12-05T02:48:57.800000+00:00,2021-12-05,2021-12-06,weekend_or_holiday,2021-11-05,2021-12-03,2021-11-29,2021-12-03,2021-12-06,2021-12-07,2021-12-06,2021-12-09,2021-12-06,2021-12-13,2021-12-13,2022-01-04,2021-12-06,2022-01-04,False,979,7
1337,rcrH-op51Lc,HyperChange,TSLA,sell,2021-12-05T02:09:35Z,2021-12-05T02:49:55.460000+00:00,2021-12-05,2021-12-06,weekend_or_holiday,2021-11-05,2021-12-03,2021-11-29,2021-12-03,2021-12-06,2021-12-07,2021-12-06,2021-12-09,2021-12-06,2021-12-13,2021-12-13,2022-01-04,2021-12-06,2022-01-04,False,979,7
1338,rcrH-op51Lc,HyperChange,TSLA,sell,2021-12-05T02:09:35Z,2021-12-05T02:50:31.880000+00:00,2021-12-05,2021-12-06,weekend_or_holiday,2021-11-05,2021-12-03,2021-11-29,2021-12-03,2021-12-06,2021-12-07,2021-12-06,2021-12-09,2021-12-06,2021-12-13,2021-12-13,2022-01-04,2021-12-06,2022-01-04,False,979,7
1339,_eWsP_5tlp8,Financial Education,AMD,buy,2025-12-11T00:29:50Z,2025-12-11T00:52:08+00:00,2025-12-11,2025-12-11,after_close,2025-11-12,2025-12-10,2025-12-04,2025-12-10,2025-12-11,2025-12-12,2025-12-11,2025-12-16,2025-12-11,2025-12-18,2025-12-18,2026-01-12,2025-12-11,2026-01-12,True,980,2
1340,_eWsP_5tlp8,Financial Education,AMD,buy,2025-12-11T00:29:50Z,2025-12-11T01:05:18+00:00,2025-12-11,2025-12-11,after_close,2025-11-12,2025-12-10,2025-12-04,2025-12-10,2025-12-11,2025-12-12,2025-12-11,2025-12-16,2025-12-11,2025-12-18,2025-12-18,2026-01-12,2025-12-11,2026-01-12,True,980,2
1341,L-g2YwTq6RY,New Money,AAPL,buy,2023-11-18T12:30:10Z,2023-11-18T12:41:12.600000+00:00,2023-11-18,2023-11-20,weekend_or_holiday,2023-10-23,2023-11-17,2023-11-13,2023-11-17,2023-11-20,2023-11-21,2023-11-20,2023-11-24,2023-11-20,2023-11-28,2023-11-28,2023-12-19,2023-11-20,2023-12-19,False,981,1
1342,idxW9VGdXoA,New Money,NVDA,sell,2024-03-17T12:29:26Z,2024-03-17T12:33:08.599000+00:00,2024-03-17,2024-03-18,weekend_or_holiday,2024-02-16,2024-03-15,2024-03-11,2024-03-15,2024-03-18,2024-03-19,2024-03-18,2024-03-21,2024-03-18,2024-03-25,2024-03-25,2024-04-16,2024-03-18,2024-04-16,False,982,1
1343,idxW9VGdXoA,New Money,TSLA,buy,2024-03-17T12:29:26Z,2024-03-17T12:40:37.200000+00:00,2024-03-17,2024-03-18,weekend_or_holiday,2024-02-16,2024-03-15,2024-03-11,2024-03-15,2024-03-18,2024-03-19,2024-03-18,2024-03-21,2024-03-18,2024-03-25,2024-03-25,2024-04-16,2024-03-18,2024-04-16,False,983,2
1344,idxW9VGdXoA,New Money,TSLA,buy,2024-03-17T12:29:26Z,2024-03-17T12:41:28.360000+00:00,2024-03-17,2024-03-18,weekend_or_holiday,2024-02-16,2024-03-15,2024-03-11,2024-03-15,2024-03-18,2024-03-19,2024-03-18,2024-03-21,2024-03-18,2024-03-25,2024-03-25,2024-04-16,2024-03-18,2024-04-16,False,983,2
1345,p2dAB-GdG-0,Joseph Carlson,AAPL,buy,2023-09-13T21:09:53Z,2023-09-13T21:11:19.159000+00:00,2023-09-13,2023-09-13,after_close,2023-08-15,2023-09-12,2023-09-06,2023-09-12,2023-09-13,2023-09-14,2023-09-13,2023-09-18,2023-09-13,2023-09-20,2023-09-20,2023-10-11,2023-09-13,2023-10-11,True,984,7
1346,p2dAB-GdG-0,Joseph Carlson,AAPL,buy,2023-09-13T21:09:53Z,2023-09-13T21:12:15.260000+00:00,2023-09-13,2023-09-13,after_close,2023-08-15,2023-09-12,2023-09-06,2023-09-12,2023-09-13,2023-09-14,2023-09-13,2023-09-18,2023-09-13,2023-09-20,2023-09-20,2023-10-11,2023-09-13,2023-10-11,True,984,7
1347,p2dAB-GdG-0,Joseph Carlson,AAPL,buy,2023-09-13T21:09:53Z,2023-09-13T21:15:43.820000+00:00,2023-09-13,2023-09-13,after_close,2023-08-15,2023-09-12,2023-09-06,2023-09-12,2023-09-13,2023-09-14,2023-09-13,2023-09-18,2023-09-13,2023-09-20,2023-09-20,2023-10-11,2023-09-13,2023-10-11,True,984,7
1348,p2dAB-GdG-0,Joseph Carlson,AAPL,buy,2023-09-13T21:09:53Z,2023-09-13T21:20:44.060000+00:00,2023-09-13,2023-09-13,after_close,2023-08-15,2023-09-12,2023-09-06,2023-09-12,2023-09-13,2023-09-14,2023-09-13,2023-09-18,2023-09-13,2023-09-20,2023-09-20,2023-10-11,2023-09-13,2023-10-11,True,984,7
1349,p2dAB-GdG-0,Joseph Carlson,AAPL,buy,2023-09-13T21:09:53Z,2023-09-13T21:21:36.320000+00:00,2023-09-13,2023-09-13,after_close,2023-08-15,2023-09-12,2023-09-06,2023-09-12,2023-09-13,2023-09-14,2023-09-13,2023-09-18,2023-09-13,2023-09-20,2023-09-20,2023-10-11,2023-09-13,2023-10-11,True,984,7
1350,p2dAB-GdG-0,Joseph Carlson,AAPL,buy,2023-09-13T21:09:53Z,2023-09-13T21:22:57.560000+00:00,2023-09-13,2023-09-13,after_close,2023-08-15,2023-09-12,2023-09-06,2023-09-12,2023-09-13,2023-09-14,2023-09-13,2023-09-18,2023-09-13,2023-09-20,2023-09-20,2023-10-11,2023-09-13,2023-10-11,True,984,7
1351,p2dAB-GdG-0,Joseph Carlson,AAPL,buy,2023-09-13T21:09:53Z,2023-09-13T21:27:26.480000+00:00,2023-09-13,2023-09-13,after_close,2023-08-15,2023-09-12,2023-09-06,2023-09-12,2023-09-13,2023-09-14,2023-09-13,2023-09-18,2023-09-13,2023-09-20,2023-09-20,2023-10-11,2023-09-13,2023-10-11,True,984,7
1352,a39gLDh1qOM,ZipTrader,NVDA,buy,2024-02-21T00:57:30Z,2024-02-21T01:11:34.120000+00:00,2024-02-21,2024-02-21,after_close,2024-01-23,2024-02-20,2024-02-13,2024-02-20,2024-02-21,2024-02-22,2024-02-21,2024-02-26,2024-02-21,2024-02-28,2024-02-28,2024-03-20,2024-02-21,2024-03-20,True,985,1
1353,WHqzBSjTn8U,Joseph Carlson,MSFT,buy,2023-11-08T18:01:12Z,2023-11-08T18:06:03.880000+00:00,2023-11-08,2023-11-08,during_market,2023-10-11,2023-11-07,2023-11-01,2023-11-07,2023-11-08,2023-11-09,2023-11-08,2023-11-13,2023-11-08,2023-11-15,2023-11-15,2023-12-07,2023-11-08,2023-12-07,True,986,2
1354,WHqzBSjTn8U,Joseph Carlson,MSFT,buy,2023-11-08T18:01:12Z,2023-11-08T18:16:41.120000+00:00,2023-11-08,2023-11-08,during_market,2023-10-11,2023-11-07,2023-11-01,2023-11-07,2023-11-08,2023-11-09,2023-11-08,2023-11-13,2023-11-08,2023-11-15,2023-11-15,2023-12-07,2023-11-08,2023-12-07,True,986,2
1355,UCNZet0b_LE,Bloomberg Television,NVDA,buy,2026-05-06T16:38:13Z,2026-05-06T16:49:08.721000+00:00,2026-05-06,2026-05-06,during_market,2026-04-08,2026-05-05,2026-04-29,2026-05-05,2026-05-06,2026-05-07,2026-05-06,2026-05-11,2026-05-06,2026-05-13,2026-05-13,,2026-05-06,,True,987,2
1356,UCNZet0b_LE,Bloomberg Television,NVDA,buy,2026-05-06T16:38:13Z,2026-05-06T17:32:05.963000+00:00,2026-05-06,2026-05-06,during_market,2026-04-08,2026-05-05,2026-04-29,2026-05-05,2026-05-06,2026-05-07,2026-05-06,2026-05-11,2026-05-06,2026-05-13,2026-05-13,,2026-05-06,,True,987,2
1357,h3IyIxsBlWg,Kenan Grace,UBER,buy,2025-09-12T22:01:55Z,2025-09-12T22:59:01.559000+00:00,2025-09-12,2025-09-12,after_close,2025-08-14,2025-09-11,2025-09-05,2025-09-11,2025-09-12,2025-09-15,2025-09-12,2025-09-17,2025-09-12,2025-09-19,2025-09-19,2025-10-10,2025-09-12,2025-10-10,True,988,1
1358,W076zJiNRzc,ZipTrader,NVDA,buy,2024-02-26T01:19:29Z,2024-02-26T01:19:29.120000+00:00,2024-02-26,2024-02-26,after_close,2024-01-26,2024-02-23,2024-02-16,2024-02-23,2024-02-26,2024-02-27,2024-02-26,2024-02-29,2024-02-26,2024-03-04,2024-03-04,2024-03-25,2024-02-26,2024-03-25,True,989,2
1359,W076zJiNRzc,ZipTrader,NVDA,buy,2024-02-26T01:19:29Z,2024-02-26T01:20:56.280000+00:00,2024-02-26,2024-02-26,after_close,2024-01-26,2024-02-23,2024-02-16,2024-02-23,2024-02-26,2024-02-27,2024-02-26,2024-02-29,2024-02-26,2024-03-04,2024-03-04,2024-03-25,2024-02-26,2024-03-25,True,989,2
1360,W076zJiNRzc,ZipTrader,AMD,buy,2024-02-26T01:19:29Z,2024-02-26T01:19:29.120000+00:00,2024-02-26,2024-02-26,after_close,2024-01-26,2024-02-23,2024-02-16,2024-02-23,2024-02-26,2024-02-27,2024-02-26,2024-02-29,2024-02-26,2024-03-04,2024-03-04,2024-03-25,2024-02-26,2024-03-25,True,990,3
1361,W076zJiNRzc,ZipTrader,AMD,sell,2024-02-26T01:19:29Z,2024-02-26T01:21:52+00:00,2024-02-26,2024-02-26,after_close,2024-01-26,2024-02-23,2024-02-16,2024-02-23,2024-02-26,2024-02-27,2024-02-26,2024-02-29,2024-02-26,2024-03-04,2024-03-04,2024-03-25,2024-02-26,2024-03-25,True,990,3
1362,W076zJiNRzc,ZipTrader,AMD,buy,2024-02-26T01:19:29Z,2024-02-26T01:27:22.840000+00:00,2024-02-26,2024-02-26,after_close,2024-01-26,2024-02-23,2024-02-16,2024-02-23,2024-02-26,2024-02-27,2024-02-26,2024-02-29,2024-02-26,2024-03-04,2024-03-04,2024-03-25,2024-02-26,2024-03-25,True,990,3
1363,DicVJpvazRI,Joseph Carlson,AAPL,buy,2023-04-14T18:23:48Z,2023-04-14T18:42:02.299000+00:00,2023-04-14,2023-04-14,during_market,2023-03-16,2023-04-13,2023-04-06,2023-04-13,2023-04-14,2023-04-17,2023-04-14,2023-04-19,2023-04-14,2023-04-21,2023-04-21,2023-05-12,2023-04-14,2023-05-12,True,991,1
1364,DicVJpvazRI,Joseph Carlson,AMZN,buy,2023-04-14T18:23:48Z,2023-04-14T18:50:43.679000+00:00,2023-04-14,2023-04-14,during_market,2023-03-16,2023-04-13,2023-04-06,2023-04-13,2023-04-14,2023-04-17,2023-04-14,2023-04-19,2023-04-14,2023-04-21,2023-04-21,2023-05-12,2023-04-14,2023-05-12,True,992,1
1365,-n1OBVi8zTw,Sasha Yanshin,NFLX,sell,2022-10-19T17:48:31Z,2022-10-19T17:58:50.680000+00:00,2022-10-19,2022-10-19,during_market,2022-09-21,2022-10-18,2022-10-12,2022-10-18,2022-10-19,2022-10-20,2022-10-19,2022-10-24,2022-10-19,2022-10-26,2022-10-26,2022-11-16,2022-10-19,2022-11-16,True,993,2
1366,-n1OBVi8zTw,Sasha Yanshin,NFLX,buy,2022-10-19T17:48:31Z,2022-10-19T18:01:12.459000+00:00,2022-10-19,2022-10-19,during_market,2022-09-21,2022-10-18,2022-10-12,2022-10-18,2022-10-19,2022-10-20,2022-10-19,2022-10-24,2022-10-19,2022-10-26,2022-10-26,2022-11-16,2022-10-19,2022-11-16,True,993,2
1367,UQufws2hsEg,ZipTrader,NVDA,buy,2024-03-05T14:06:13Z,2024-03-05T14:10:02.319000+00:00,2024-03-05,2024-03-05,before_open,2024-02-05,2024-03-04,2024-02-27,2024-03-04,2024-03-05,2024-03-06,2024-03-05,2024-03-08,2024-03-05,2024-03-12,2024-03-12,2024-04-03,2024-03-05,2024-04-03,False,994,1
1368,CmKN0xbLrZ0,ZipTrader,NVDA,buy,2024-03-22T00:55:55Z,2024-03-22T01:00:29.240000+00:00,2024-03-22,2024-03-22,after_close,2024-02-23,2024-03-21,2024-03-15,2024-03-21,2024-03-22,2024-03-25,2024-03-22,2024-03-27,2024-03-22,2024-04-01,2024-04-01,2024-04-22,2024-03-22,2024-04-22,True,995,1
1369,a_MZxP6WLdM,Joseph Carlson,AAPL,buy,2023-08-08T20:55:46Z,2023-08-08T21:16:53.440000+00:00,2023-08-08,2023-08-08,during_market,2023-07-11,2023-08-07,2023-08-01,2023-08-07,2023-08-08,2023-08-09,2023-08-08,2023-08-11,2023-08-08,2023-08-15,2023-08-15,2023-09-06,2023-08-08,2023-09-06,True,996,1
1370,FzESKTRUVIg,Sasha Yanshin,AMD,buy,2022-11-02T19:02:44Z,2022-11-02T19:09:47.479000+00:00,2022-11-02,2022-11-02,during_market,2022-10-05,2022-11-01,2022-10-26,2022-11-01,2022-11-02,2022-11-03,2022-11-02,2022-11-07,2022-11-02,2022-11-09,2022-11-09,2022-12-01,2022-11-02,2022-12-01,True,997,2
1371,FzESKTRUVIg,Sasha Yanshin,AMD,buy,2022-11-02T19:02:44Z,2022-11-02T19:16:01.160000+00:00,2022-11-02,2022-11-02,during_market,2022-10-05,2022-11-01,2022-10-26,2022-11-01,2022-11-02,2022-11-03,2022-11-02,2022-11-07,2022-11-02,2022-11-09,2022-11-09,2022-12-01,2022-11-02,2022-12-01,True,997,2
1372,vBPLZBDXuQ8,Kenan Grace,GOOGL,buy,2025-11-26T00:32:11Z,2025-11-26T00:35:24.760000+00:00,2025-11-26,2025-11-26,after_close,2025-10-29,2025-11-25,2025-11-19,2025-11-25,2025-11-26,2025-11-28,2025-11-26,2025-12-02,2025-11-26,2025-12-04,2025-12-04,2025-12-26,2025-11-26,2025-12-26,True,998,1
1373,Cw9KxezdFM8,Joseph Carlson,DIS,buy,2023-11-30T21:07:40Z,2023-11-30T21:08:13.520000+00:00,2023-11-30,2023-11-30,after_close,2023-11-01,2023-11-29,2023-11-22,2023-11-29,2023-11-30,2023-12-01,2023-11-30,2023-12-05,2023-11-30,2023-12-07,2023-12-07,2023-12-29,2023-11-30,2023-12-29,True,999,2
1374,Cw9KxezdFM8,Joseph Carlson,DIS,buy,2023-11-30T21:07:40Z,2023-11-30T21:24:37+00:00,2023-11-30,2023-11-30,after_close,2023-11-01,2023-11-29,2023-11-22,2023-11-29,2023-11-30,2023-12-01,2023-11-30,2023-12-05,2023-11-30,2023-12-07,2023-12-07,2023-12-29,2023-11-30,2023-12-29,True,999,2
1375,Cw9KxezdFM8,Joseph Carlson,TSLA,sell,2023-11-30T21:07:40Z,2023-11-30T21:12:38.840000+00:00,2023-11-30,2023-11-30,after_close,2023-11-01,2023-11-29,2023-11-22,2023-11-29,2023-11-30,2023-12-01,2023-11-30,2023-12-05,2023-11-30,2023-12-07,2023-12-07,2023-12-29,2023-11-30,2023-12-29,True,1000,1
1376,TAhw6g2KD4c,Joseph Carlson,NVDA,buy,2023-08-25T18:14:50Z,2023-08-25T18:28:12.980000+00:00,2023-08-25,2023-08-25,during_market,2023-07-28,2023-08-24,2023-08-18,2023-08-24,2023-08-25,2023-08-28,2023-08-25,2023-08-30,2023-08-25,2023-09-01,2023-09-01,2023-09-25,2023-08-25,2023-09-25,True,1001,2
1377,TAhw6g2KD4c,Joseph Carlson,NVDA,sell,2023-08-25T18:14:50Z,2023-08-25T18:29:14.360000+00:00,2023-08-25,2023-08-25,during_market,2023-07-28,2023-08-24,2023-08-18,2023-08-24,2023-08-25,2023-08-28,2023-08-25,2023-08-30,2023-08-25,2023-09-01,2023-09-01,2023-09-25,2023-08-25,2023-09-25,True,1001,2
1378,TAhw6g2KD4c,Joseph Carlson,DIS,sell,2023-08-25T18:14:50Z,2023-08-25T18:35:16.580000+00:00,2023-08-25,2023-08-25,during_market,2023-07-28,2023-08-24,2023-08-18,2023-08-24,2023-08-25,2023-08-28,2023-08-25,2023-08-30,2023-08-25,2023-09-01,2023-09-01,2023-09-25,2023-08-25,2023-09-25,True,1002,1
1379,CBv5L6iiyLY,Sasha Yanshin,TSLA,buy,2022-11-14T17:05:07Z,2022-11-14T17:05:07+00:00,2022-11-14,2022-11-14,during_market,2022-10-17,2022-11-11,2022-11-07,2022-11-11,2022-11-14,2022-11-15,2022-11-14,2022-11-17,2022-11-14,2022-11-21,2022-11-21,2022-12-13,2022-11-14,2022-12-13,True,1003,3
1380,CBv5L6iiyLY,Sasha Yanshin,TSLA,buy,2022-11-14T17:05:07Z,2022-11-14T17:05:15.580000+00:00,2022-11-14,2022-11-14,during_market,2022-10-17,2022-11-11,2022-11-07,2022-11-11,2022-11-14,2022-11-15,2022-11-14,2022-11-17,2022-11-14,2022-11-21,2022-11-21,2022-12-13,2022-11-14,2022-12-13,True,1003,3
1381,CBv5L6iiyLY,Sasha Yanshin,TSLA,buy,2022-11-14T17:05:07Z,2022-11-14T17:16:28.540000+00:00,2022-11-14,2022-11-14,during_market,2022-10-17,2022-11-11,2022-11-07,2022-11-11,2022-11-14,2022-11-15,2022-11-14,2022-11-17,2022-11-14,2022-11-21,2022-11-21,2022-12-13,2022-11-14,2022-12-13,True,1003,3
1382,cH-CrgACU0Q,ZipTrader,NVDA,sell,2024-08-28T01:28:59Z,2024-08-28T01:36:32.520000+00:00,2024-08-28,2024-08-28,after_close,2024-07-31,2024-08-27,2024-08-21,2024-08-27,2024-08-28,2024-08-29,2024-08-28,2024-09-03,2024-08-28,2024-09-05,2024-09-05,2024-09-26,2024-08-28,2024-09-26,True,1004,1
1383,R78_LcxTAVQ,Joseph Carlson,TSLA,sell,2023-04-20T17:49:27Z,2023-04-20T18:08:55.740000+00:00,2023-04-20,2023-04-20,during_market,2023-03-22,2023-04-19,2023-04-13,2023-04-19,2023-04-20,2023-04-21,2023-04-20,2023-04-25,2023-04-20,2023-04-27,2023-04-27,2023-05-18,2023-04-20,2023-05-18,True,1005,2
1384,R78_LcxTAVQ,Joseph Carlson,TSLA,sell,2023-04-20T17:49:27Z,2023-04-20T18:11:53.220000+00:00,2023-04-20,2023-04-20,during_market,2023-03-22,2023-04-19,2023-04-13,2023-04-19,2023-04-20,2023-04-21,2023-04-20,2023-04-25,2023-04-20,2023-04-27,2023-04-27,2023-05-18,2023-04-20,2023-05-18,True,1005,2
1385,EY4uVt71sVY,Bloomberg Television,META,sell,2026-05-01T18:07:10Z,2026-05-01T18:25:16.919000+00:00,2026-05-01,2026-05-01,during_market,2026-04-02,2026-04-30,2026-04-24,2026-04-30,2026-05-01,2026-05-04,2026-05-01,2026-05-06,2026-05-01,2026-05-08,2026-05-08,,2026-05-01,,True,1006,1
1386,pjnSFJZv0JY,Joseph Carlson,GOOGL,buy,2023-05-12T21:36:55Z,2023-05-12T21:51:22.120000+00:00,2023-05-12,2023-05-12,after_close,2023-04-14,2023-05-11,2023-05-05,2023-05-11,2023-05-12,2023-05-15,2023-05-12,2023-05-17,2023-05-12,2023-05-19,2023-05-19,2023-06-12,2023-05-12,2023-06-12,True,1007,1
1387,xHOvgHAqeIc,Sasha Yanshin,TSLA,sell,2022-12-15T18:44:39Z,2022-12-15T18:44:44.819000+00:00,2022-12-15,2022-12-15,during_market,2022-11-16,2022-12-14,2022-12-08,2022-12-14,2022-12-15,2022-12-16,2022-12-15,2022-12-20,2022-12-15,2022-12-22,2022-12-22,2023-01-17,2022-12-15,2023-01-17,True,1008,3
1388,xHOvgHAqeIc,Sasha Yanshin,TSLA,buy,2022-12-15T18:44:39Z,2022-12-15T18:56:20.040000+00:00,2022-12-15,2022-12-15,during_market,2022-11-16,2022-12-14,2022-12-08,2022-12-14,2022-12-15,2022-12-16,2022-12-15,2022-12-20,2022-12-15,2022-12-22,2022-12-22,2023-01-17,2022-12-15,2023-01-17,True,1008,3
1389,xHOvgHAqeIc,Sasha Yanshin,TSLA,buy,2022-12-15T18:44:39Z,2022-12-15T18:57:35.339000+00:00,2022-12-15,2022-12-15,during_market,2022-11-16,2022-12-14,2022-12-08,2022-12-14,2022-12-15,2022-12-16,2022-12-15,2022-12-20,2022-12-15,2022-12-22,2022-12-22,2023-01-17,2022-12-15,2023-01-17,True,1008,3
1390,HbUvydKt8EI,ZipTrader,TSLA,buy,2024-12-19T02:30:06Z,2024-12-19T02:36:41.160000+00:00,2024-12-19,2024-12-19,after_close,2024-11-20,2024-12-18,2024-12-12,2024-12-18,2024-12-19,2024-12-20,2024-12-19,2024-12-24,2024-12-19,2024-12-27,2024-12-27,2025-01-22,2024-12-19,2025-01-22,True,1009,1
1391,NY9jK1cPB-g,Joseph Carlson,AAPL,sell,2023-09-07T19:24:59Z,2023-09-07T19:29:23.419000+00:00,2023-09-07,2023-09-07,during_market,2023-08-09,2023-09-06,2023-08-30,2023-09-06,2023-09-07,2023-09-08,2023-09-07,2023-09-12,2023-09-07,2023-09-14,2023-09-14,2023-10-05,2023-09-07,2023-10-05,True,1010,2
1392,NY9jK1cPB-g,Joseph Carlson,AAPL,sell,2023-09-07T19:24:59Z,2023-09-07T19:31:59.419000+00:00,2023-09-07,2023-09-07,during_market,2023-08-09,2023-09-06,2023-08-30,2023-09-06,2023-09-07,2023-09-08,2023-09-07,2023-09-12,2023-09-07,2023-09-14,2023-09-14,2023-10-05,2023-09-07,2023-10-05,True,1010,2
1393,ytsNssXX3Ik,Chris Sain,UBER,buy,2025-07-08T23:45:54Z,2025-07-08T23:53:10.240000+00:00,2025-07-08,2025-07-08,after_close,2025-06-06,2025-07-07,2025-06-30,2025-07-07,2025-07-08,2025-07-09,2025-07-08,2025-07-11,2025-07-08,2025-07-15,2025-07-15,2025-08-05,2025-07-08,2025-08-05,True,1011,1
1394,KVpqcgux86I,Tom Nash,GOOGL,sell,2024-08-06T12:06:54Z,2024-08-06T12:11:09.280000+00:00,2024-08-06,2024-08-06,before_open,2024-07-09,2024-08-05,2024-07-30,2024-08-05,2024-08-06,2024-08-07,2024-08-06,2024-08-09,2024-08-06,2024-08-13,2024-08-13,2024-09-04,2024-08-06,2024-09-04,False,1012,1
1395,npALYUk_cqc,Ticker Symbol: YOU,NVDA,buy,2023-08-27T19:15:43Z,2023-08-27T19:29:58.720000+00:00,2023-08-27,2023-08-28,weekend_or_holiday,2023-07-31,2023-08-25,2023-08-21,2023-08-25,2023-08-28,2023-08-29,2023-08-28,2023-08-31,2023-08-28,2023-09-05,2023-09-05,2023-09-26,2023-08-28,2023-09-26,False,1013,1
1396,tSsI3eqxbUA,Ticker Symbol: YOU,GOOGL,buy,2023-02-28T16:07:00Z,2023-02-28T16:10:00.300000+00:00,2023-02-28,2023-02-28,during_market,2023-01-30,2023-02-27,2023-02-21,2023-02-27,2023-02-28,2023-03-01,2023-02-28,2023-03-03,2023-02-28,2023-03-07,2023-03-07,2023-03-28,2023-02-28,2023-03-28,True,1014,1
1397,55fKMiktDC4,Chris Sain,NVDA,buy,2025-07-21T00:16:13Z,2025-07-21T00:24:31.319000+00:00,2025-07-21,2025-07-21,after_close,2025-06-20,2025-07-18,2025-07-14,2025-07-18,2025-07-21,2025-07-22,2025-07-21,2025-07-24,2025-07-21,2025-07-28,2025-07-28,2025-08-18,2025-07-21,2025-08-18,True,1015,1
1398,yZ1vJZZb-08,Tom Nash,NVDA,buy,2024-08-22T19:13:52Z,2024-08-22T19:19:32.800000+00:00,2024-08-22,2024-08-22,during_market,2024-07-25,2024-08-21,2024-08-15,2024-08-21,2024-08-22,2024-08-23,2024-08-22,2024-08-27,2024-08-22,2024-08-29,2024-08-29,2024-09-20,2024-08-22,2024-09-20,True,1016,3
1399,yZ1vJZZb-08,Tom Nash,NVDA,buy,2024-08-22T19:13:52Z,2024-08-22T19:26:39.279000+00:00,2024-08-22,2024-08-22,during_market,2024-07-25,2024-08-21,2024-08-15,2024-08-21,2024-08-22,2024-08-23,2024-08-22,2024-08-27,2024-08-22,2024-08-29,2024-08-29,2024-09-20,2024-08-22,2024-09-20,True,1016,3
1400,yZ1vJZZb-08,Tom Nash,NVDA,buy,2024-08-22T19:13:52Z,2024-08-22T19:27:29.360000+00:00,2024-08-22,2024-08-22,during_market,2024-07-25,2024-08-21,2024-08-15,2024-08-21,2024-08-22,2024-08-23,2024-08-22,2024-08-27,2024-08-22,2024-08-29,2024-08-29,2024-09-20,2024-08-22,2024-09-20,True,1016,3
1401,yZ1vJZZb-08,Tom Nash,AMZN,buy,2024-08-22T19:13:52Z,2024-08-22T19:19:32.800000+00:00,2024-08-22,2024-08-22,during_market,2024-07-25,2024-08-21,2024-08-15,2024-08-21,2024-08-22,2024-08-23,2024-08-22,2024-08-27,2024-08-22,2024-08-29,2024-08-29,2024-09-20,2024-08-22,2024-09-20,True,1017,1
1402,bWxoFJQsaww,New Money,AMZN,buy,2022-09-12T13:23:45Z,2022-09-12T13:30:56.400000+00:00,2022-09-12,2022-09-12,before_open,2022-08-12,2022-09-09,2022-09-02,2022-09-09,2022-09-12,2022-09-13,2022-09-12,2022-09-15,2022-09-12,2022-09-19,2022-09-19,2022-10-10,2022-09-12,2022-10-10,False,1018,1
1403,bWxoFJQsaww,New Money,GOOGL,buy,2022-09-12T13:23:45Z,2022-09-12T13:34:44.120000+00:00,2022-09-12,2022-09-12,before_open,2022-08-12,2022-09-09,2022-09-02,2022-09-09,2022-09-12,2022-09-13,2022-09-12,2022-09-15,2022-09-12,2022-09-19,2022-09-19,2022-10-10,2022-09-12,2022-10-10,False,1019,1
1404,lsiaZYfs7-U,Tom Nash,NVDA,sell,2024-08-25T19:58:04Z,2024-08-25T20:08:03.920000+00:00,2024-08-25,2024-08-26,weekend_or_holiday,2024-07-29,2024-08-23,2024-08-19,2024-08-23,2024-08-26,2024-08-27,2024-08-26,2024-08-29,2024-08-26,2024-09-03,2024-09-03,2024-09-24,2024-08-26,2024-09-24,False,1020,1
1405,VX1kzNPKsdg,Tom Nash,NVDA,sell,2024-06-07T17:50:02Z,2024-06-07T17:51:48.399000+00:00,2024-06-07,2024-06-07,during_market,2024-05-09,2024-06-06,2024-05-31,2024-06-06,2024-06-07,2024-06-10,2024-06-07,2024-06-12,2024-06-07,2024-06-14,2024-06-14,2024-07-09,2024-06-07,2024-07-09,True,1021,3
1406,VX1kzNPKsdg,Tom Nash,NVDA,buy,2024-06-07T17:50:02Z,2024-06-07T17:54:57.840000+00:00,2024-06-07,2024-06-07,during_market,2024-05-09,2024-06-06,2024-05-31,2024-06-06,2024-06-07,2024-06-10,2024-06-07,2024-06-12,2024-06-07,2024-06-14,2024-06-14,2024-07-09,2024-06-07,2024-07-09,True,1021,3
1407,VX1kzNPKsdg,Tom Nash,NVDA,buy,2024-06-07T17:50:02Z,2024-06-07T17:56:56.039000+00:00,2024-06-07,2024-06-07,during_market,2024-05-09,2024-06-06,2024-05-31,2024-06-06,2024-06-07,2024-06-10,2024-06-07,2024-06-12,2024-06-07,2024-06-14,2024-06-14,2024-07-09,2024-06-07,2024-07-09,True,1021,3
1408,ilwk1Dm7Yzg,The Plain Bagel,TSLA,buy,2020-02-21T17:03:03Z,2020-02-21T17:03:19.379000+00:00,2020-02-21,2020-02-21,during_market,2020-01-23,2020-02-20,2020-02-13,2020-02-20,2020-02-21,2020-02-24,2020-02-21,2020-02-26,2020-02-21,2020-02-28,2020-02-28,2020-03-20,2020-02-21,2020-03-20,True,1022,2
1409,ilwk1Dm7Yzg,The Plain Bagel,TSLA,buy,2020-02-21T17:03:03Z,2020-02-21T17:04:05.760000+00:00,2020-02-21,2020-02-21,during_market,2020-01-23,2020-02-20,2020-02-13,2020-02-20,2020-02-21,2020-02-24,2020-02-21,2020-02-26,2020-02-21,2020-02-28,2020-02-28,2020-03-20,2020-02-21,2020-03-20,True,1022,2
1410,jd4T0FsCEIo,Ticker Symbol: YOU,MSFT,buy,2023-05-21T15:07:00Z,2023-05-21T15:14:46.139000+00:00,2023-05-21,2023-05-22,weekend_or_holiday,2023-04-24,2023-05-19,2023-05-15,2023-05-19,2023-05-22,2023-05-23,2023-05-22,2023-05-25,2023-05-22,2023-05-30,2023-05-30,2023-06-21,2023-05-22,2023-06-21,False,1023,1
1411,4IxS7pfGukM,New Money,DIS,buy,2022-12-01T14:30:00Z,2022-12-01T14:31:01.680000+00:00,2022-12-01,2022-12-01,during_market,2022-11-02,2022-11-30,2022-11-23,2022-11-30,2022-12-01,2022-12-02,2022-12-01,2022-12-06,2022-12-01,2022-12-08,2022-12-08,2022-12-30,2022-12-01,2022-12-30,True,1024,1
1412,4IxS7pfGukM,New Money,AMZN,buy,2022-12-01T14:30:00Z,2022-12-01T14:33:56.640000+00:00,2022-12-01,2022-12-01,during_market,2022-11-02,2022-11-30,2022-11-23,2022-11-30,2022-12-01,2022-12-02,2022-12-01,2022-12-06,2022-12-01,2022-12-08,2022-12-08,2022-12-30,2022-12-01,2022-12-30,True,1025,1
1413,4IxS7pfGukM,New Money,MSFT,buy,2022-12-01T14:30:00Z,2022-12-01T14:38:19.259000+00:00,2022-12-01,2022-12-01,during_market,2022-11-02,2022-11-30,2022-11-23,2022-11-30,2022-12-01,2022-12-02,2022-12-01,2022-12-06,2022-12-01,2022-12-08,2022-12-08,2022-12-30,2022-12-01,2022-12-30,True,1026,1
1414,8omvXYV4toQ,Joseph Carlson,AAPL,buy,2022-11-18T21:43:31Z,2022-11-18T21:51:58.539000+00:00,2022-11-18,2022-11-18,after_close,2022-10-21,2022-11-17,2022-11-11,2022-11-17,2022-11-18,2022-11-21,2022-11-18,2022-11-23,2022-11-18,2022-11-28,2022-11-28,2022-12-19,2022-11-18,2022-12-19,True,1027,2
1415,8omvXYV4toQ,Joseph Carlson,AAPL,buy,2022-11-18T21:43:31Z,2022-11-18T21:57:56.680000+00:00,2022-11-18,2022-11-18,after_close,2022-10-21,2022-11-17,2022-11-11,2022-11-17,2022-11-18,2022-11-21,2022-11-18,2022-11-23,2022-11-18,2022-11-28,2022-11-28,2022-12-19,2022-11-18,2022-12-19,True,1027,2
1416,8omvXYV4toQ,Joseph Carlson,NFLX,buy,2022-11-18T21:43:31Z,2022-11-18T22:03:35.500000+00:00,2022-11-18,2022-11-18,after_close,2022-10-21,2022-11-17,2022-11-11,2022-11-17,2022-11-18,2022-11-21,2022-11-18,2022-11-23,2022-11-18,2022-11-28,2022-11-28,2022-12-19,2022-11-18,2022-12-19,True,1028,1
1417,tbpowoLx-J8,Tom Nash,TSLA,buy,2024-05-07T12:58:41Z,2024-05-07T12:59:41.719000+00:00,2024-05-07,2024-05-07,before_open,2024-04-09,2024-05-06,2024-04-30,2024-05-06,2024-05-07,2024-05-08,2024-05-07,2024-05-10,2024-05-07,2024-05-14,2024-05-14,2024-06-05,2024-05-07,2024-06-05,False,1029,1
1418,aHzGTH_khbk,Tom Nash,SMCI,buy,2024-03-04T18:53:32Z,2024-03-04T18:53:32.040000+00:00,2024-03-04,2024-03-04,during_market,2024-02-02,2024-03-01,2024-02-26,2024-03-01,2024-03-04,2024-03-05,2024-03-04,2024-03-07,2024-03-04,2024-03-11,2024-03-11,2024-04-02,2024-03-04,2024-04-02,True,1030,1
1419,jG0gBi7Ps4U,Ticker Symbol: YOU,TSLA,buy,2023-12-28T18:49:19Z,2023-12-28T18:49:46.320000+00:00,2023-12-28,2023-12-28,during_market,2023-11-29,2023-12-27,2023-12-20,2023-12-27,2023-12-28,2023-12-29,2023-12-28,2024-01-03,2023-12-28,2024-01-05,2024-01-05,2024-01-29,2023-12-28,2024-01-29,True,1031,1
1420,jG0gBi7Ps4U,Ticker Symbol: YOU,NVDA,buy,2023-12-28T18:49:19Z,2023-12-28T18:55:40.759000+00:00,2023-12-28,2023-12-28,during_market,2023-11-29,2023-12-27,2023-12-20,2023-12-27,2023-12-28,2023-12-29,2023-12-28,2024-01-03,2023-12-28,2024-01-05,2024-01-05,2024-01-29,2023-12-28,2024-01-29,True,1032,1
1421,jG0gBi7Ps4U,Ticker Symbol: YOU,MSFT,buy,2023-12-28T18:49:19Z,2023-12-28T18:59:55.760000+00:00,2023-12-28,2023-12-28,during_market,2023-11-29,2023-12-27,2023-12-20,2023-12-27,2023-12-28,2023-12-29,2023-12-28,2024-01-03,2023-12-28,2024-01-05,2024-01-05,2024-01-29,2023-12-28,2024-01-29,True,1033,1
1422,jG0gBi7Ps4U,Ticker Symbol: YOU,GOOGL,buy,2023-12-28T18:49:19Z,2023-12-28T18:59:55.760000+00:00,2023-12-28,2023-12-28,during_market,2023-11-29,2023-12-27,2023-12-20,2023-12-27,2023-12-28,2023-12-29,2023-12-28,2024-01-03,2023-12-28,2024-01-05,2024-01-05,2024-01-29,2023-12-28,2024-01-29,True,1034,1
1423,CDRoV47XNcY,Tom Nash,TSLA,buy,2024-04-04T21:04:50Z,2024-04-04T21:10:13.199000+00:00,2024-04-04,2024-04-04,after_close,2024-03-06,2024-04-03,2024-03-27,2024-04-03,2024-04-04,2024-04-05,2024-04-04,2024-04-09,2024-04-04,2024-04-11,2024-04-11,2024-05-02,2024-04-04,2024-05-02,True,1035,1
1424,FlYACTA-pkI,CNBC Television,AAPL,buy,2026-05-02T14:09:47Z,2026-05-02T14:11:18.720000+00:00,2026-05-02,2026-05-04,weekend_or_holiday,2026-04-06,2026-05-01,2026-04-27,2026-05-01,2026-05-04,2026-05-05,2026-05-04,2026-05-07,2026-05-04,2026-05-11,2026-05-11,,2026-05-04,,False,263,8
1425,hKAapBunwXo,Ticker Symbol: YOU,NVDA,buy,2023-11-27T16:28:01Z,2023-11-27T16:28:01.040000+00:00,2023-11-27,2023-11-27,during_market,2023-10-27,2023-11-24,2023-11-17,2023-11-24,2023-11-27,2023-11-28,2023-11-27,2023-11-30,2023-11-27,2023-12-04,2023-12-04,2023-12-26,2023-11-27,2023-12-26,True,1036,4
1426,hKAapBunwXo,Ticker Symbol: YOU,NVDA,buy,2023-11-27T16:28:01Z,2023-11-27T16:28:07.279000+00:00,2023-11-27,2023-11-27,during_market,2023-10-27,2023-11-24,2023-11-17,2023-11-24,2023-11-27,2023-11-28,2023-11-27,2023-11-30,2023-11-27,2023-12-04,2023-12-04,2023-12-26,2023-11-27,2023-12-26,True,1036,4
1427,hKAapBunwXo,Ticker Symbol: YOU,NVDA,sell,2023-11-27T16:28:01Z,2023-11-27T16:41:54.480000+00:00,2023-11-27,2023-11-27,during_market,2023-10-27,2023-11-24,2023-11-17,2023-11-24,2023-11-27,2023-11-28,2023-11-27,2023-11-30,2023-11-27,2023-12-04,2023-12-04,2023-12-26,2023-11-27,2023-12-26,True,1036,4
1428,hKAapBunwXo,Ticker Symbol: YOU,NVDA,buy,2023-11-27T16:28:01Z,2023-11-27T16:42:30.199000+00:00,2023-11-27,2023-11-27,during_market,2023-10-27,2023-11-24,2023-11-17,2023-11-24,2023-11-27,2023-11-28,2023-11-27,2023-11-30,2023-11-27,2023-12-04,2023-12-04,2023-12-26,2023-11-27,2023-12-26,True,1036,4
1429,hKAapBunwXo,Ticker Symbol: YOU,AMD,buy,2023-11-27T16:28:01Z,2023-11-27T16:35:26.560000+00:00,2023-11-27,2023-11-27,during_market,2023-10-27,2023-11-24,2023-11-17,2023-11-24,2023-11-27,2023-11-28,2023-11-27,2023-11-30,2023-11-27,2023-12-04,2023-12-04,2023-12-26,2023-11-27,2023-12-26,True,1037,1
1430,J2ysrIiwgZE,Everything Money,AMZN,buy,2025-06-02T09:54:00Z,2025-06-02T10:01:25.039000+00:00,2025-06-02,2025-06-02,before_open,2025-05-02,2025-05-30,2025-05-23,2025-05-30,2025-06-02,2025-06-03,2025-06-02,2025-06-05,2025-06-02,2025-06-09,2025-06-09,2025-07-01,2025-06-02,2025-07-01,False,1038,1
1431,CpYfmgehgis,Chicken Genius Singapore,TSLA,sell,2020-07-06T13:00:03Z,2020-07-06T13:00:19.800000+00:00,2020-07-06,2020-07-06,before_open,2020-06-05,2020-07-02,2020-06-26,2020-07-02,2020-07-06,2020-07-07,2020-07-06,2020-07-09,2020-07-06,2020-07-13,2020-07-13,2020-08-03,2020-07-06,2020-08-03,False,1039,1
1432,MLMUxTWU6cg,Everything Money,NFLX,sell,2025-10-28T09:54:00Z,2025-10-28T10:03:13.600000+00:00,2025-10-28,2025-10-28,before_open,2025-09-30,2025-10-27,2025-10-21,2025-10-27,2025-10-28,2025-10-29,2025-10-28,2025-10-31,2025-10-28,2025-11-04,2025-11-04,2025-11-25,2025-10-28,2025-11-25,False,1040,1
1433,iQFuA2Gkxwo,Chicken Genius Singapore,TSLA,buy,2020-07-13T13:00:13Z,2020-07-13T13:03:30.660000+00:00,2020-07-13,2020-07-13,before_open,2020-06-12,2020-07-10,2020-07-06,2020-07-10,2020-07-13,2020-07-14,2020-07-13,2020-07-16,2020-07-13,2020-07-20,2020-07-20,2020-08-10,2020-07-13,2020-08-10,False,1041,1
1434,oaqv-LP9ed0,Everything Money,NVDA,buy,2025-11-11T10:54:01Z,2025-11-11T10:54:56.760000+00:00,2025-11-11,2025-11-11,before_open,2025-10-14,2025-11-10,2025-11-04,2025-11-10,2025-11-11,2025-11-12,2025-11-11,2025-11-14,2025-11-11,2025-11-18,2025-11-18,2025-12-10,2025-11-11,2025-12-10,False,1042,4
1435,oaqv-LP9ed0,Everything Money,NVDA,buy,2025-11-11T10:54:01Z,2025-11-11T10:58:42.440000+00:00,2025-11-11,2025-11-11,before_open,2025-10-14,2025-11-10,2025-11-04,2025-11-10,2025-11-11,2025-11-12,2025-11-11,2025-11-14,2025-11-11,2025-11-18,2025-11-18,2025-12-10,2025-11-11,2025-12-10,False,1042,4
1436,oaqv-LP9ed0,Everything Money,NVDA,buy,2025-11-11T10:54:01Z,2025-11-11T11:09:33.880000+00:00,2025-11-11,2025-11-11,before_open,2025-10-14,2025-11-10,2025-11-04,2025-11-10,2025-11-11,2025-11-12,2025-11-11,2025-11-14,2025-11-11,2025-11-18,2025-11-18,2025-12-10,2025-11-11,2025-12-10,False,1042,4
1437,oaqv-LP9ed0,Everything Money,NVDA,sell,2025-11-11T10:54:01Z,2025-11-11T11:15:51.159000+00:00,2025-11-11,2025-11-11,before_open,2025-10-14,2025-11-10,2025-11-04,2025-11-10,2025-11-11,2025-11-12,2025-11-11,2025-11-14,2025-11-11,2025-11-18,2025-11-18,2025-12-10,2025-11-11,2025-12-10,False,1042,4
1438,k0rpxeieWDA,Everything Money,TSLA,sell,2025-02-17T10:54:00Z,2025-02-17T10:54:12.639000+00:00,2025-02-17,2025-02-18,before_open,2025-01-17,2025-02-14,2025-02-10,2025-02-14,2025-02-18,2025-02-19,2025-02-18,2025-02-21,2025-02-18,2025-02-25,2025-02-25,2025-03-18,2025-02-18,2025-03-18,False,1043,1
1439,k0rpxeieWDA,Everything Money,NVDA,buy,2025-02-17T10:54:00Z,2025-02-17T11:03:06.160000+00:00,2025-02-17,2025-02-18,before_open,2025-01-17,2025-02-14,2025-02-10,2025-02-14,2025-02-18,2025-02-19,2025-02-18,2025-02-21,2025-02-18,2025-02-25,2025-02-25,2025-03-18,2025-02-18,2025-03-18,False,1044,1
1440,MqmV9HzTO3M,Chicken Genius Singapore,TSLA,sell,2021-07-19T13:00:08Z,2021-07-19T13:00:08.290000+00:00,2021-07-19,2021-07-19,before_open,2021-06-18,2021-07-16,2021-07-12,2021-07-16,2021-07-19,2021-07-20,2021-07-19,2021-07-22,2021-07-19,2021-07-26,2021-07-26,2021-08-16,2021-07-19,2021-08-16,False,1045,2
1441,MqmV9HzTO3M,Chicken Genius Singapore,TSLA,buy,2021-07-19T13:00:08Z,2021-07-19T13:01:10.190000+00:00,2021-07-19,2021-07-19,before_open,2021-06-18,2021-07-16,2021-07-12,2021-07-16,2021-07-19,2021-07-20,2021-07-19,2021-07-22,2021-07-19,2021-07-26,2021-07-26,2021-08-16,2021-07-19,2021-08-16,False,1045,2
1442,w73gVwZQdZU,Everything Money,TSLA,buy,2025-03-26T09:54:00Z,2025-03-26T10:01:33.199000+00:00,2025-03-26,2025-03-26,before_open,2025-02-26,2025-03-25,2025-03-19,2025-03-25,2025-03-26,2025-03-27,2025-03-26,2025-03-31,2025-03-26,2025-04-02,2025-04-02,2025-04-24,2025-03-26,2025-04-24,False,1046,1
1443,O9H33R9D0KA,Everything Money,UBER,buy,2025-08-14T09:54:00Z,2025-08-14T10:00:32.880000+00:00,2025-08-14,2025-08-14,before_open,2025-07-17,2025-08-13,2025-08-07,2025-08-13,2025-08-14,2025-08-15,2025-08-14,2025-08-19,2025-08-14,2025-08-21,2025-08-21,2025-09-12,2025-08-14,2025-09-12,False,1047,2
1444,O9H33R9D0KA,Everything Money,UBER,buy,2025-08-14T09:54:00Z,2025-08-14T10:09:52+00:00,2025-08-14,2025-08-14,before_open,2025-07-17,2025-08-13,2025-08-07,2025-08-13,2025-08-14,2025-08-15,2025-08-14,2025-08-19,2025-08-14,2025-08-21,2025-08-21,2025-09-12,2025-08-14,2025-09-12,False,1047,2
1445,wP40yOXIb5Y,Joseph Carlson,AAPL,buy,2022-11-02T21:15:37Z,2022-11-02T21:15:37+00:00,2022-11-02,2022-11-02,after_close,2022-10-05,2022-11-01,2022-10-26,2022-11-01,2022-11-02,2022-11-03,2022-11-02,2022-11-07,2022-11-02,2022-11-09,2022-11-09,2022-12-01,2022-11-02,2022-12-01,True,1048,5
1446,wP40yOXIb5Y,Joseph Carlson,AAPL,buy,2022-11-02T21:15:37Z,2022-11-02T21:15:50.980000+00:00,2022-11-02,2022-11-02,after_close,2022-10-05,2022-11-01,2022-10-26,2022-11-01,2022-11-02,2022-11-03,2022-11-02,2022-11-07,2022-11-02,2022-11-09,2022-11-09,2022-12-01,2022-11-02,2022-12-01,True,1048,5
1447,wP40yOXIb5Y,Joseph Carlson,AAPL,buy,2022-11-02T21:15:37Z,2022-11-02T21:18:12.220000+00:00,2022-11-02,2022-11-02,after_close,2022-10-05,2022-11-01,2022-10-26,2022-11-01,2022-11-02,2022-11-03,2022-11-02,2022-11-07,2022-11-02,2022-11-09,2022-11-09,2022-12-01,2022-11-02,2022-12-01,True,1048,5
1448,wP40yOXIb5Y,Joseph Carlson,AAPL,buy,2022-11-02T21:15:37Z,2022-11-02T21:25:06.519000+00:00,2022-11-02,2022-11-02,after_close,2022-10-05,2022-11-01,2022-10-26,2022-11-01,2022-11-02,2022-11-03,2022-11-02,2022-11-07,2022-11-02,2022-11-09,2022-11-09,2022-12-01,2022-11-02,2022-12-01,True,1048,5
1449,wP40yOXIb5Y,Joseph Carlson,AAPL,sell,2022-11-02T21:15:37Z,2022-11-02T21:26:30.640000+00:00,2022-11-02,2022-11-02,after_close,2022-10-05,2022-11-01,2022-10-26,2022-11-01,2022-11-02,2022-11-03,2022-11-02,2022-11-07,2022-11-02,2022-11-09,2022-11-09,2022-12-01,2022-11-02,2022-12-01,True,1048,5
1450,hdslUPcMz2Y,Chicken Genius Singapore,SQ,buy,2020-12-07T14:00:11Z,2020-12-07T14:00:27.090000+00:00,2020-12-07,,before_open,,,,,,,,,,,,,,,False,1049,1
1451,20PT-O46nkc,Everything Money,NVDA,buy,2025-10-16T09:54:02Z,2025-10-16T10:10:46.720000+00:00,2025-10-16,2025-10-16,before_open,2025-09-18,2025-10-15,2025-10-09,2025-10-15,2025-10-16,2025-10-17,2025-10-16,2025-10-21,2025-10-16,2025-10-23,2025-10-23,2025-11-13,2025-10-16,2025-11-13,False,1050,1
1452,20PT-O46nkc,Everything Money,AMD,buy,2025-10-16T09:54:02Z,2025-10-16T10:10:46.720000+00:00,2025-10-16,2025-10-16,before_open,2025-09-18,2025-10-15,2025-10-09,2025-10-15,2025-10-16,2025-10-17,2025-10-16,2025-10-21,2025-10-16,2025-10-23,2025-10-23,2025-11-13,2025-10-16,2025-11-13,False,1051,1
1453,OZ0N74Ea0sg,Joseph Carlson,MSFT,buy,2022-09-30T20:43:25Z,2022-09-30T20:53:56.040000+00:00,2022-09-30,2022-09-30,during_market,2022-09-01,2022-09-29,2022-09-23,2022-09-29,2022-09-30,2022-10-03,2022-09-30,2022-10-05,2022-09-30,2022-10-07,2022-10-07,2022-10-28,2022-09-30,2022-10-28,True,1052,1
1454,OZ0N74Ea0sg,Joseph Carlson,DIS,sell,2022-09-30T20:43:25Z,2022-09-30T21:08:52.720000+00:00,2022-09-30,2022-09-30,during_market,2022-09-01,2022-09-29,2022-09-23,2022-09-29,2022-09-30,2022-10-03,2022-09-30,2022-10-05,2022-09-30,2022-10-07,2022-10-07,2022-10-28,2022-09-30,2022-10-28,True,1053,2
1455,OZ0N74Ea0sg,Joseph Carlson,DIS,buy,2022-09-30T20:43:25Z,2022-09-30T21:13:21.360000+00:00,2022-09-30,2022-09-30,during_market,2022-09-01,2022-09-29,2022-09-23,2022-09-29,2022-09-30,2022-10-03,2022-09-30,2022-10-05,2022-09-30,2022-10-07,2022-10-07,2022-10-28,2022-09-30,2022-10-28,True,1053,2
1456,6fMUWOx4db4,Chicken Genius Singapore,TSLA,buy,2021-12-21T14:02:50Z,2021-12-21T14:02:50.880000+00:00,2021-12-21,2021-12-21,before_open,2021-11-22,2021-12-20,2021-12-14,2021-12-20,2021-12-21,2021-12-22,2021-12-21,2021-12-27,2021-12-21,2021-12-29,2021-12-29,2022-01-20,2021-12-21,2022-01-20,False,1054,1
1457,M1kBm5mNSW4,Chicken Genius Singapore,TSLA,sell,2020-06-12T13:59:23Z,2020-06-12T13:59:23.060000+00:00,2020-06-12,2020-06-12,before_open,2020-05-14,2020-06-11,2020-06-05,2020-06-11,2020-06-12,2020-06-15,2020-06-12,2020-06-17,2020-06-12,2020-06-19,2020-06-19,2020-07-13,2020-06-12,2020-07-13,False,1055,1
1458,vmN375NZX18,CNBC Television,NVDA,buy,2026-05-06T16:32:02Z,2026-05-06T16:32:17.382000+00:00,2026-05-06,2026-05-06,during_market,2026-04-08,2026-05-05,2026-04-29,2026-05-05,2026-05-06,2026-05-07,2026-05-06,2026-05-11,2026-05-06,2026-05-13,2026-05-13,,2026-05-06,,True,1056,1
1459,GjWWOR5YQJ0,Financial Education,AMD,buy,2026-05-07T00:46:31Z,2026-05-07T00:57:21.560000+00:00,2026-05-07,2026-05-07,after_close,2026-04-09,2026-05-06,2026-04-30,2026-05-06,2026-05-07,2026-05-08,2026-05-07,2026-05-12,2026-05-07,,,,2026-05-07,,True,1057,2
1460,GjWWOR5YQJ0,Financial Education,AMD,buy,2026-05-07T00:46:31Z,2026-05-07T01:18:41.559000+00:00,2026-05-07,2026-05-07,after_close,2026-04-09,2026-05-06,2026-04-30,2026-05-06,2026-05-07,2026-05-08,2026-05-07,2026-05-12,2026-05-07,,,,2026-05-07,,True,1057,2
1461,vKddLsKw1T4,Ale's World of Stocks,TSLA,sell,2026-04-03T13:01:40Z,2026-04-03T13:01:40.240000+00:00,2026-04-03,2026-04-06,before_open,2026-03-06,2026-04-02,2026-03-27,2026-04-02,2026-04-06,2026-04-07,2026-04-06,2026-04-09,2026-04-06,2026-04-13,2026-04-13,2026-05-04,2026-04-06,2026-05-04,False,1058,1
1462,vKddLsKw1T4,Ale's World of Stocks,NVDA,buy,2026-04-03T13:01:40Z,2026-04-03T13:01:40.240000+00:00,2026-04-03,2026-04-06,before_open,2026-03-06,2026-04-02,2026-03-27,2026-04-02,2026-04-06,2026-04-07,2026-04-06,2026-04-09,2026-04-06,2026-04-13,2026-04-13,2026-05-04,2026-04-06,2026-05-04,False,1059,1
1463,gIjY-GIlres,Sasha Yanshin,TSLA,buy,2022-09-20T13:21:54Z,2022-09-20T13:24:44.459000+00:00,2022-09-20,2022-09-20,before_open,2022-08-22,2022-09-19,2022-09-13,2022-09-19,2022-09-20,2022-09-21,2022-09-20,2022-09-23,2022-09-20,2022-09-27,2022-09-27,2022-10-18,2022-09-20,2022-10-18,False,1060,2
1464,gIjY-GIlres,Sasha Yanshin,TSLA,sell,2022-09-20T13:21:54Z,2022-09-20T13:25:28.500000+00:00,2022-09-20,2022-09-20,before_open,2022-08-22,2022-09-19,2022-09-13,2022-09-19,2022-09-20,2022-09-21,2022-09-20,2022-09-23,2022-09-20,2022-09-27,2022-09-27,2022-10-18,2022-09-20,2022-10-18,False,1060,2
1465,gIjY-GIlres,Sasha Yanshin,GOOGL,buy,2022-09-20T13:21:54Z,2022-09-20T13:24:43.080000+00:00,2022-09-20,2022-09-20,before_open,2022-08-22,2022-09-19,2022-09-13,2022-09-19,2022-09-20,2022-09-21,2022-09-20,2022-09-23,2022-09-20,2022-09-27,2022-09-27,2022-10-18,2022-09-20,2022-10-18,False,1061,2
1466,gIjY-GIlres,Sasha Yanshin,GOOGL,buy,2022-09-20T13:21:54Z,2022-09-20T13:29:48.599000+00:00,2022-09-20,2022-09-20,before_open,2022-08-22,2022-09-19,2022-09-13,2022-09-19,2022-09-20,2022-09-21,2022-09-20,2022-09-23,2022-09-20,2022-09-27,2022-09-27,2022-10-18,2022-09-20,2022-10-18,False,1061,2
1467,gIjY-GIlres,Sasha Yanshin,AMD,buy,2022-09-20T13:21:54Z,2022-09-20T13:24:44.459000+00:00,2022-09-20,2022-09-20,before_open,2022-08-22,2022-09-19,2022-09-13,2022-09-19,2022-09-20,2022-09-21,2022-09-20,2022-09-23,2022-09-20,2022-09-27,2022-09-27,2022-10-18,2022-09-20,2022-10-18,False,1062,3
1468,gIjY-GIlres,Sasha Yanshin,AMD,sell,2022-09-20T13:21:54Z,2022-09-20T13:25:28.500000+00:00,2022-09-20,2022-09-20,before_open,2022-08-22,2022-09-19,2022-09-13,2022-09-19,2022-09-20,2022-09-21,2022-09-20,2022-09-23,2022-09-20,2022-09-27,2022-09-27,2022-10-18,2022-09-20,2022-10-18,False,1062,3
1469,gIjY-GIlres,Sasha Yanshin,AMD,buy,2022-09-20T13:21:54Z,2022-09-20T13:29:48.599000+00:00,2022-09-20,2022-09-20,before_open,2022-08-22,2022-09-19,2022-09-13,2022-09-19,2022-09-20,2022-09-21,2022-09-20,2022-09-23,2022-09-20,2022-09-27,2022-09-27,2022-10-18,2022-09-20,2022-10-18,False,1062,3
1470,YCNFIr6EqKM,Ticker Symbol: YOU,GOOGL,buy,2023-04-28T15:07:00Z,2023-04-28T15:17:38.459000+00:00,2023-04-28,2023-04-28,during_market,2023-03-30,2023-04-27,2023-04-21,2023-04-27,2023-04-28,2023-05-01,2023-04-28,2023-05-03,2023-04-28,2023-05-05,2023-05-05,2023-05-26,2023-04-28,2023-05-26,True,1063,1
1471,dkit-LtWzMM,Everything Money,UBER,buy,2025-09-25T09:54:01Z,2025-09-25T09:57:03.160000+00:00,2025-09-25,2025-09-25,before_open,2025-08-27,2025-09-24,2025-09-18,2025-09-24,2025-09-25,2025-09-26,2025-09-25,2025-09-30,2025-09-25,2025-10-02,2025-10-02,2025-10-23,2025-09-25,2025-10-23,False,1064,1
1472,dkit-LtWzMM,Everything Money,GOOGL,buy,2025-09-25T09:54:01Z,2025-09-25T10:12:29.880000+00:00,2025-09-25,2025-09-25,before_open,2025-08-27,2025-09-24,2025-09-18,2025-09-24,2025-09-25,2025-09-26,2025-09-25,2025-09-30,2025-09-25,2025-10-02,2025-10-02,2025-10-23,2025-09-25,2025-10-23,False,1065,1
1473,PdtVTQhwPuI,Everything Money,NVDA,sell,2025-11-10T10:55:01Z,2025-11-10T11:29:30.280000+00:00,2025-11-10,2025-11-10,before_open,2025-10-13,2025-11-07,2025-11-03,2025-11-07,2025-11-10,2025-11-11,2025-11-10,2025-11-13,2025-11-10,2025-11-17,2025-11-17,2025-12-09,2025-11-10,2025-12-09,False,1066,1
1474,0uosLDD-cms,Tom Nash,TSLA,sell,2024-06-13T14:51:12Z,2024-06-13T14:54:48.239000+00:00,2024-06-13,2024-06-13,during_market,2024-05-15,2024-06-12,2024-06-06,2024-06-12,2024-06-13,2024-06-14,2024-06-13,2024-06-18,2024-06-13,2024-06-21,2024-06-21,2024-07-15,2024-06-13,2024-07-15,True,1067,3
1475,0uosLDD-cms,Tom Nash,TSLA,buy,2024-06-13T14:51:12Z,2024-06-13T14:56:06+00:00,2024-06-13,2024-06-13,during_market,2024-05-15,2024-06-12,2024-06-06,2024-06-12,2024-06-13,2024-06-14,2024-06-13,2024-06-18,2024-06-13,2024-06-21,2024-06-21,2024-07-15,2024-06-13,2024-07-15,True,1067,3
1476,0uosLDD-cms,Tom Nash,TSLA,sell,2024-06-13T14:51:12Z,2024-06-13T14:56:58.960000+00:00,2024-06-13,2024-06-13,during_market,2024-05-15,2024-06-12,2024-06-06,2024-06-12,2024-06-13,2024-06-14,2024-06-13,2024-06-18,2024-06-13,2024-06-21,2024-06-21,2024-07-15,2024-06-13,2024-07-15,True,1067,3
1477,sYttjQo12do,Joseph Carlson,MSFT,buy,2023-07-26T21:22:52Z,2023-07-26T21:25:55.360000+00:00,2023-07-26,2023-07-26,after_close,2023-06-27,2023-07-25,2023-07-19,2023-07-25,2023-07-26,2023-07-27,2023-07-26,2023-07-31,2023-07-26,2023-08-02,2023-08-02,2023-08-23,2023-07-26,2023-08-23,True,1068,1
1478,HPQepscELOM,Everything Money,TSLA,sell,2025-12-24T10:55:00Z,2025-12-24T11:04:55.519000+00:00,2025-12-24,2025-12-24,before_open,2025-11-25,2025-12-23,2025-12-17,2025-12-23,2025-12-24,2025-12-26,2025-12-24,2025-12-30,2025-12-24,2026-01-02,2026-01-02,2026-01-26,2025-12-24,2026-01-26,False,1069,1
1479,ahTKSUiQKAw,Joseph Carlson,MSFT,buy,2023-10-25T21:35:46Z,2023-10-25T21:50:25.720000+00:00,2023-10-25,2023-10-25,after_close,2023-09-27,2023-10-24,2023-10-18,2023-10-24,2023-10-25,2023-10-26,2023-10-25,2023-10-30,2023-10-25,2023-11-01,2023-11-01,2023-11-22,2023-10-25,2023-11-22,True,1070,1
1480,ahTKSUiQKAw,Joseph Carlson,GOOGL,buy,2023-10-25T21:35:46Z,2023-10-25T21:45:33.279000+00:00,2023-10-25,2023-10-25,after_close,2023-09-27,2023-10-24,2023-10-18,2023-10-24,2023-10-25,2023-10-26,2023-10-25,2023-10-30,2023-10-25,2023-11-01,2023-11-01,2023-11-22,2023-10-25,2023-11-22,True,1071,1
1481,6PuZ7mehLMA,Tom Nash,NVDA,buy,2024-05-21T15:26:14Z,2024-05-21T15:26:15.560000+00:00,2024-05-21,2024-05-21,during_market,2024-04-23,2024-05-20,2024-05-14,2024-05-20,2024-05-21,2024-05-22,2024-05-21,2024-05-24,2024-05-21,2024-05-29,2024-05-29,2024-06-20,2024-05-21,2024-06-20,True,1072,2
1482,6PuZ7mehLMA,Tom Nash,NVDA,buy,2024-05-21T15:26:14Z,2024-05-21T15:32:40.599000+00:00,2024-05-21,2024-05-21,during_market,2024-04-23,2024-05-20,2024-05-14,2024-05-20,2024-05-21,2024-05-22,2024-05-21,2024-05-24,2024-05-21,2024-05-29,2024-05-29,2024-06-20,2024-05-21,2024-06-20,True,1072,2
1483,dPOOuJK4Ado,Joseph Carlson,MSFT,buy,2023-04-26T21:02:22Z,2023-04-26T21:08:28.840000+00:00,2023-04-26,2023-04-26,after_close,2023-03-28,2023-04-25,2023-04-19,2023-04-25,2023-04-26,2023-04-27,2023-04-26,2023-05-01,2023-04-26,2023-05-03,2023-05-03,2023-05-24,2023-04-26,2023-05-24,True,1073,4
1484,dPOOuJK4Ado,Joseph Carlson,MSFT,buy,2023-04-26T21:02:22Z,2023-04-26T21:09:56.139000+00:00,2023-04-26,2023-04-26,after_close,2023-03-28,2023-04-25,2023-04-19,2023-04-25,2023-04-26,2023-04-27,2023-04-26,2023-05-01,2023-04-26,2023-05-03,2023-05-03,2023-05-24,2023-04-26,2023-05-24,True,1073,4
1485,dPOOuJK4Ado,Joseph Carlson,MSFT,buy,2023-04-26T21:02:22Z,2023-04-26T21:19:49.959000+00:00,2023-04-26,2023-04-26,after_close,2023-03-28,2023-04-25,2023-04-19,2023-04-25,2023-04-26,2023-04-27,2023-04-26,2023-05-01,2023-04-26,2023-05-03,2023-05-03,2023-05-24,2023-04-26,2023-05-24,True,1073,4
1486,dPOOuJK4Ado,Joseph Carlson,MSFT,buy,2023-04-26T21:02:22Z,2023-04-26T21:35:26.200000+00:00,2023-04-26,2023-04-26,after_close,2023-03-28,2023-04-25,2023-04-19,2023-04-25,2023-04-26,2023-04-27,2023-04-26,2023-05-01,2023-04-26,2023-05-03,2023-05-03,2023-05-24,2023-04-26,2023-05-24,True,1073,4
1487,dPOOuJK4Ado,Joseph Carlson,AAPL,buy,2023-04-26T21:02:22Z,2023-04-26T21:08:39.340000+00:00,2023-04-26,2023-04-26,after_close,2023-03-28,2023-04-25,2023-04-19,2023-04-25,2023-04-26,2023-04-27,2023-04-26,2023-05-01,2023-04-26,2023-05-03,2023-05-03,2023-05-24,2023-04-26,2023-05-24,True,1074,1
1488,dPOOuJK4Ado,Joseph Carlson,GOOGL,buy,2023-04-26T21:02:22Z,2023-04-26T21:20:11.740000+00:00,2023-04-26,2023-04-26,after_close,2023-03-28,2023-04-25,2023-04-19,2023-04-25,2023-04-26,2023-04-27,2023-04-26,2023-05-01,2023-04-26,2023-05-03,2023-05-03,2023-05-24,2023-04-26,2023-05-24,True,1075,1
1489,lh0kD7YuGD4,Sasha Yanshin,AAPL,sell,2022-10-12T17:44:33Z,2022-10-12T17:54:21.360000+00:00,2022-10-12,2022-10-12,during_market,2022-09-14,2022-10-11,2022-10-05,2022-10-11,2022-10-12,2022-10-13,2022-10-12,2022-10-17,2022-10-12,2022-10-19,2022-10-19,2022-11-09,2022-10-12,2022-11-09,True,1076,1
1490,OlCltuMxiXE,Chicken Genius Singapore,TSLA,buy,2021-12-10T14:00:09Z,2021-12-10T14:00:09+00:00,2021-12-10,2021-12-10,before_open,2021-11-11,2021-12-09,2021-12-03,2021-12-09,2021-12-10,2021-12-13,2021-12-10,2021-12-15,2021-12-10,2021-12-17,2021-12-17,2022-01-10,2021-12-10,2022-01-10,False,1077,1
1491,UUuCDQFtjds,Sasha Yanshin,AMZN,buy,2023-06-19T17:57:54Z,2023-06-19T17:57:54+00:00,2023-06-19,2023-06-20,during_market,2023-05-19,2023-06-16,2023-06-12,2023-06-16,2023-06-20,2023-06-21,2023-06-20,2023-06-23,2023-06-20,2023-06-27,2023-06-27,2023-07-19,2023-06-20,2023-07-19,True,1078,3
1492,UUuCDQFtjds,Sasha Yanshin,AMZN,sell,2023-06-19T17:57:54Z,2023-06-19T17:58:39.540000+00:00,2023-06-19,2023-06-20,during_market,2023-05-19,2023-06-16,2023-06-12,2023-06-16,2023-06-20,2023-06-21,2023-06-20,2023-06-23,2023-06-20,2023-06-27,2023-06-27,2023-07-19,2023-06-20,2023-07-19,True,1078,3
1493,UUuCDQFtjds,Sasha Yanshin,AMZN,buy,2023-06-19T17:57:54Z,2023-06-19T18:02:56.639000+00:00,2023-06-19,2023-06-20,during_market,2023-05-19,2023-06-16,2023-06-12,2023-06-16,2023-06-20,2023-06-21,2023-06-20,2023-06-23,2023-06-20,2023-06-27,2023-06-27,2023-07-19,2023-06-20,2023-07-19,True,1078,3
1494,7g-IR9gGUD0,Chris Sain,GOOGL,buy,2025-10-30T23:10:29Z,2025-10-30T23:13:09+00:00,2025-10-30,2025-10-30,after_close,2025-10-02,2025-10-29,2025-10-23,2025-10-29,2025-10-30,2025-10-31,2025-10-30,2025-11-04,2025-10-30,2025-11-06,2025-11-06,2025-11-28,2025-10-30,2025-11-28,True,1079,1
1495,i5kzzv916Ss,CNBC Television,AAPL,buy,2026-05-04T17:25:31Z,2026-05-04T17:30:34.440000+00:00,2026-05-04,2026-05-04,during_market,2026-04-06,2026-05-01,2026-04-27,2026-05-01,2026-05-04,2026-05-05,2026-05-04,2026-05-07,2026-05-04,2026-05-11,2026-05-11,,2026-05-04,,True,263,8
1496,d60Rc8mkuCY,Chicken Genius Singapore,TSLA,buy,2021-12-31T14:00:11Z,2021-12-31T14:00:11+00:00,2021-12-31,2021-12-31,before_open,2021-12-02,2021-12-30,2021-12-23,2021-12-30,2021-12-31,2022-01-03,2021-12-31,2022-01-05,2021-12-31,2022-01-07,2022-01-07,2022-01-31,2021-12-31,2022-01-31,False,1080,1
1497,d60Rc8mkuCY,Chicken Genius Singapore,SQ,sell,2021-12-31T14:00:11Z,2021-12-31T14:01:03.560000+00:00,2021-12-31,,before_open,,,,,,,,,,,,,,,False,1081,1
1498,mOCbunawYrQ,Chicken Genius Singapore,TSLA,buy,2020-05-18T13:00:22Z,2020-05-18T13:01:37.659000+00:00,2020-05-18,2020-05-18,before_open,2020-04-20,2020-05-15,2020-05-11,2020-05-15,2020-05-18,2020-05-19,2020-05-18,2020-05-21,2020-05-18,2020-05-26,2020-05-26,2020-06-16,2020-05-18,2020-06-16,False,1082,1
1499,jOmqhieG_EI,Sasha Yanshin,TSLA,buy,2023-10-31T19:29:45Z,2023-10-31T19:40:11.880000+00:00,2023-10-31,2023-10-31,during_market,2023-10-03,2023-10-30,2023-10-24,2023-10-30,2023-10-31,2023-11-01,2023-10-31,2023-11-03,2023-10-31,2023-11-07,2023-11-07,2023-11-29,2023-10-31,2023-11-29,True,1083,1
1500,QjJxYRv6xkw,Chicken Genius Singapore,TSLA,buy,2021-06-04T13:00:24Z,2021-06-04T13:02:02.980000+00:00,2021-06-04,2021-06-04,before_open,2021-05-06,2021-06-03,2021-05-27,2021-06-03,2021-06-04,2021-06-07,2021-06-04,2021-06-09,2021-06-04,2021-06-11,2021-06-11,2021-07-02,2021-06-04,2021-07-02,False,1084,1
1501,zZSolXGIFvQ,Sasha Yanshin,AMD,buy,2023-02-13T20:08:04Z,2023-02-13T20:11:23.080000+00:00,2023-02-13,2023-02-13,during_market,2023-01-13,2023-02-10,2023-02-06,2023-02-10,2023-02-13,2023-02-14,2023-02-13,2023-02-16,2023-02-13,2023-02-21,2023-02-21,2023-03-14,2023-02-13,2023-03-14,True,1085,1
1502,zZSolXGIFvQ,Sasha Yanshin,AMZN,buy,2023-02-13T20:08:04Z,2023-02-13T20:13:55.660000+00:00,2023-02-13,2023-02-13,during_market,2023-01-13,2023-02-10,2023-02-06,2023-02-10,2023-02-13,2023-02-14,2023-02-13,2023-02-16,2023-02-13,2023-02-21,2023-02-21,2023-03-14,2023-02-13,2023-03-14,True,1086,1
1503,zZSolXGIFvQ,Sasha Yanshin,MSFT,buy,2023-02-13T20:08:04Z,2023-02-13T20:13:55.660000+00:00,2023-02-13,2023-02-13,during_market,2023-01-13,2023-02-10,2023-02-06,2023-02-10,2023-02-13,2023-02-14,2023-02-13,2023-02-16,2023-02-13,2023-02-21,2023-02-21,2023-03-14,2023-02-13,2023-03-14,True,1087,1
1504,CN_71w-T9Fw,Sasha Yanshin,AMD,buy,2023-05-22T16:04:36Z,2023-05-22T16:08:15.840000+00:00,2023-05-22,2023-05-22,during_market,2023-04-24,2023-05-19,2023-05-15,2023-05-19,2023-05-22,2023-05-23,2023-05-22,2023-05-25,2023-05-22,2023-05-30,2023-05-30,2023-06-21,2023-05-22,2023-06-21,True,1088,2
1505,CN_71w-T9Fw,Sasha Yanshin,AMD,buy,2023-05-22T16:04:36Z,2023-05-22T16:08:50.040000+00:00,2023-05-22,2023-05-22,during_market,2023-04-24,2023-05-19,2023-05-15,2023-05-19,2023-05-22,2023-05-23,2023-05-22,2023-05-25,2023-05-22,2023-05-30,2023-05-30,2023-06-21,2023-05-22,2023-06-21,True,1088,2
1506,CN_71w-T9Fw,Sasha Yanshin,TSLA,buy,2023-05-22T16:04:36Z,2023-05-22T16:13:17.640000+00:00,2023-05-22,2023-05-22,during_market,2023-04-24,2023-05-19,2023-05-15,2023-05-19,2023-05-22,2023-05-23,2023-05-22,2023-05-25,2023-05-22,2023-05-30,2023-05-30,2023-06-21,2023-05-22,2023-06-21,True,1089,1
1507,yLRYjV8t2qc,Sasha Yanshin,MSFT,buy,2023-11-20T16:03:47Z,2023-11-20T16:12:56.640000+00:00,2023-11-20,2023-11-20,during_market,2023-10-23,2023-11-17,2023-11-13,2023-11-17,2023-11-20,2023-11-21,2023-11-20,2023-11-24,2023-11-20,2023-11-28,2023-11-28,2023-12-19,2023-11-20,2023-12-19,True,1090,1
1508,hJpcuF8JeQM,Chicken Genius Singapore,TSLA,buy,2020-07-10T14:00:12Z,2020-07-10T14:00:12.170000+00:00,2020-07-10,2020-07-10,before_open,2020-06-11,2020-07-09,2020-07-02,2020-07-09,2020-07-10,2020-07-13,2020-07-10,2020-07-15,2020-07-10,2020-07-17,2020-07-17,2020-08-07,2020-07-10,2020-08-07,False,1091,2
1509,hJpcuF8JeQM,Chicken Genius Singapore,TSLA,buy,2020-07-10T14:00:12Z,2020-07-10T14:00:25.201000+00:00,2020-07-10,2020-07-10,before_open,2020-06-11,2020-07-09,2020-07-02,2020-07-09,2020-07-10,2020-07-13,2020-07-10,2020-07-15,2020-07-10,2020-07-17,2020-07-17,2020-08-07,2020-07-10,2020-08-07,False,1091,2
1510,wbX-RwHnF3M,Sasha Yanshin,TSLA,sell,2023-01-03T18:07:34Z,2023-01-03T18:07:44.019000+00:00,2023-01-03,2023-01-03,during_market,2022-12-02,2022-12-30,2022-12-23,2022-12-30,2023-01-03,2023-01-04,2023-01-03,2023-01-06,2023-01-03,2023-01-10,2023-01-10,2023-02-01,2023-01-03,2023-02-01,True,1092,1
1511,vzvdXPlN49Y,Sasha Yanshin,TSLA,buy,2023-03-02T14:56:17Z,2023-03-02T15:01:03.199000+00:00,2023-03-02,2023-03-02,during_market,2023-02-01,2023-03-01,2023-02-23,2023-03-01,2023-03-02,2023-03-03,2023-03-02,2023-03-07,2023-03-02,2023-03-09,2023-03-09,2023-03-30,2023-03-02,2023-03-30,True,1093,4
1512,vzvdXPlN49Y,Sasha Yanshin,TSLA,buy,2023-03-02T14:56:17Z,2023-03-02T15:11:05.779000+00:00,2023-03-02,2023-03-02,during_market,2023-02-01,2023-03-01,2023-02-23,2023-03-01,2023-03-02,2023-03-03,2023-03-02,2023-03-07,2023-03-02,2023-03-09,2023-03-09,2023-03-30,2023-03-02,2023-03-30,True,1093,4
1513,vzvdXPlN49Y,Sasha Yanshin,TSLA,buy,2023-03-02T14:56:17Z,2023-03-02T15:11:38.360000+00:00,2023-03-02,2023-03-02,during_market,2023-02-01,2023-03-01,2023-02-23,2023-03-01,2023-03-02,2023-03-03,2023-03-02,2023-03-07,2023-03-02,2023-03-09,2023-03-09,2023-03-30,2023-03-02,2023-03-30,True,1093,4
1514,vzvdXPlN49Y,Sasha Yanshin,TSLA,buy,2023-03-02T14:56:17Z,2023-03-02T15:12:09.019000+00:00,2023-03-02,2023-03-02,during_market,2023-02-01,2023-03-01,2023-02-23,2023-03-01,2023-03-02,2023-03-03,2023-03-02,2023-03-07,2023-03-02,2023-03-09,2023-03-09,2023-03-30,2023-03-02,2023-03-30,True,1093,4
1515,gyDg8FreQEA,Joseph Carlson,MSFT,buy,2022-11-09T21:02:17Z,2022-11-09T21:03:44.840000+00:00,2022-11-09,2022-11-09,after_close,2022-10-12,2022-11-08,2022-11-02,2022-11-08,2022-11-09,2022-11-10,2022-11-09,2022-11-14,2022-11-09,2022-11-16,2022-11-16,2022-12-08,2022-11-09,2022-12-08,True,1094,1
1516,pweXDkdzqg8,Chicken Genius Singapore,TSLA,buy,2020-11-27T14:30:03Z,2020-11-27T14:33:54.920000+00:00,2020-11-27,2020-11-27,during_market,2020-10-29,2020-11-25,2020-11-19,2020-11-25,2020-11-27,2020-11-30,2020-11-27,2020-12-02,2020-11-27,2020-12-04,2020-12-04,2020-12-28,2020-11-27,2020-12-28,True,1095,1
1517,ZqqCwJLwR2o,Ticker Symbol: YOU,NVDA,buy,2022-11-14T17:12:42Z,2022-11-14T17:26:09.720000+00:00,2022-11-14,2022-11-14,during_market,2022-10-17,2022-11-11,2022-11-07,2022-11-11,2022-11-14,2022-11-15,2022-11-14,2022-11-17,2022-11-14,2022-11-21,2022-11-21,2022-12-13,2022-11-14,2022-12-13,True,1096,1
1518,ZqqCwJLwR2o,Ticker Symbol: YOU,AMD,buy,2022-11-14T17:12:42Z,2022-11-14T17:18:57.539000+00:00,2022-11-14,2022-11-14,during_market,2022-10-17,2022-11-11,2022-11-07,2022-11-11,2022-11-14,2022-11-15,2022-11-14,2022-11-17,2022-11-14,2022-11-21,2022-11-21,2022-12-13,2022-11-14,2022-12-13,True,1097,2
1519,ZqqCwJLwR2o,Ticker Symbol: YOU,AMD,buy,2022-11-14T17:12:42Z,2022-11-14T17:23:58.500000+00:00,2022-11-14,2022-11-14,during_market,2022-10-17,2022-11-11,2022-11-07,2022-11-11,2022-11-14,2022-11-15,2022-11-14,2022-11-17,2022-11-14,2022-11-21,2022-11-21,2022-12-13,2022-11-14,2022-12-13,True,1097,2
1520,mK6OFOtZ3jA,Ticker Symbol: YOU,GOOGL,sell,2023-01-31T16:24:23Z,2023-01-31T16:32:08.300000+00:00,2023-01-31,2023-01-31,during_market,2022-12-30,2023-01-30,2023-01-24,2023-01-30,2023-01-31,2023-02-01,2023-01-31,2023-02-03,2023-01-31,2023-02-07,2023-02-07,2023-03-01,2023-01-31,2023-03-01,True,1098,1
1521,mK6OFOtZ3jA,Ticker Symbol: YOU,MSFT,buy,2023-01-31T16:24:23Z,2023-01-31T16:35:43.579000+00:00,2023-01-31,2023-01-31,during_market,2022-12-30,2023-01-30,2023-01-24,2023-01-30,2023-01-31,2023-02-01,2023-01-31,2023-02-03,2023-01-31,2023-02-07,2023-02-07,2023-03-01,2023-01-31,2023-03-01,True,1099,1
1522,mK6OFOtZ3jA,Ticker Symbol: YOU,NFLX,buy,2023-01-31T16:24:23Z,2023-01-31T16:38:05.779000+00:00,2023-01-31,2023-01-31,during_market,2022-12-30,2023-01-30,2023-01-24,2023-01-30,2023-01-31,2023-02-01,2023-01-31,2023-02-03,2023-01-31,2023-02-07,2023-02-07,2023-03-01,2023-01-31,2023-03-01,True,1100,1
1523,THPABU-UGT8,Ticker Symbol: YOU,TSLA,sell,2023-10-28T15:51:05Z,2023-10-28T15:51:43.960000+00:00,2023-10-28,2023-10-30,weekend_or_holiday,2023-10-02,2023-10-27,2023-10-23,2023-10-27,2023-10-30,2023-10-31,2023-10-30,2023-11-02,2023-10-30,2023-11-06,2023-11-06,2023-11-28,2023-10-30,2023-11-28,False,1101,3
1524,THPABU-UGT8,Ticker Symbol: YOU,TSLA,sell,2023-10-28T15:51:05Z,2023-10-28T16:01:45.160000+00:00,2023-10-28,2023-10-30,weekend_or_holiday,2023-10-02,2023-10-27,2023-10-23,2023-10-27,2023-10-30,2023-10-31,2023-10-30,2023-11-02,2023-10-30,2023-11-06,2023-11-06,2023-11-28,2023-10-30,2023-11-28,False,1101,3
1525,THPABU-UGT8,Ticker Symbol: YOU,TSLA,sell,2023-10-28T15:51:05Z,2023-10-28T16:02:45.160000+00:00,2023-10-28,2023-10-30,weekend_or_holiday,2023-10-02,2023-10-27,2023-10-23,2023-10-27,2023-10-30,2023-10-31,2023-10-30,2023-11-02,2023-10-30,2023-11-06,2023-11-06,2023-11-28,2023-10-30,2023-11-28,False,1101,3
1526,PxlA2qAQxO8,HyperChange,TSLA,buy,2024-01-17T23:58:20Z,2024-01-17T23:58:20.040000+00:00,2024-01-17,2024-01-17,after_close,2023-12-15,2024-01-16,2024-01-09,2024-01-16,2024-01-17,2024-01-18,2024-01-17,2024-01-22,2024-01-17,2024-01-24,2024-01-24,2024-02-14,2024-01-17,2024-02-14,True,1102,11
1527,PxlA2qAQxO8,HyperChange,TSLA,buy,2024-01-17T23:58:20Z,2024-01-18T00:00:19.240000+00:00,2024-01-17,2024-01-17,after_close,2023-12-15,2024-01-16,2024-01-09,2024-01-16,2024-01-17,2024-01-18,2024-01-17,2024-01-22,2024-01-17,2024-01-24,2024-01-24,2024-02-14,2024-01-17,2024-02-14,True,1102,11
1528,PxlA2qAQxO8,HyperChange,TSLA,buy,2024-01-17T23:58:20Z,2024-01-18T00:01:02.159000+00:00,2024-01-17,2024-01-17,after_close,2023-12-15,2024-01-16,2024-01-09,2024-01-16,2024-01-17,2024-01-18,2024-01-17,2024-01-22,2024-01-17,2024-01-24,2024-01-24,2024-02-14,2024-01-17,2024-02-14,True,1102,11
1529,PxlA2qAQxO8,HyperChange,TSLA,buy,2024-01-17T23:58:20Z,2024-01-18T00:02:32.239000+00:00,2024-01-17,2024-01-17,after_close,2023-12-15,2024-01-16,2024-01-09,2024-01-16,2024-01-17,2024-01-18,2024-01-17,2024-01-22,2024-01-17,2024-01-24,2024-01-24,2024-02-14,2024-01-17,2024-02-14,True,1102,11
1530,PxlA2qAQxO8,HyperChange,TSLA,buy,2024-01-17T23:58:20Z,2024-01-18T00:17:25+00:00,2024-01-17,2024-01-17,after_close,2023-12-15,2024-01-16,2024-01-09,2024-01-16,2024-01-17,2024-01-18,2024-01-17,2024-01-22,2024-01-17,2024-01-24,2024-01-24,2024-02-14,2024-01-17,2024-02-14,True,1102,11
1531,PxlA2qAQxO8,HyperChange,TSLA,buy,2024-01-17T23:58:20Z,2024-01-18T00:19:41.720000+00:00,2024-01-17,2024-01-17,after_close,2023-12-15,2024-01-16,2024-01-09,2024-01-16,2024-01-17,2024-01-18,2024-01-17,2024-01-22,2024-01-17,2024-01-24,2024-01-24,2024-02-14,2024-01-17,2024-02-14,True,1102,11
1532,PxlA2qAQxO8,HyperChange,TSLA,buy,2024-01-17T23:58:20Z,2024-01-18T00:23:54.840000+00:00,2024-01-17,2024-01-17,after_close,2023-12-15,2024-01-16,2024-01-09,2024-01-16,2024-01-17,2024-01-18,2024-01-17,2024-01-22,2024-01-17,2024-01-24,2024-01-24,2024-02-14,2024-01-17,2024-02-14,True,1102,11
1533,PxlA2qAQxO8,HyperChange,TSLA,buy,2024-01-17T23:58:20Z,2024-01-18T00:24:26.279000+00:00,2024-01-17,2024-01-17,after_close,2023-12-15,2024-01-16,2024-01-09,2024-01-16,2024-01-17,2024-01-18,2024-01-17,2024-01-22,2024-01-17,2024-01-24,2024-01-24,2024-02-14,2024-01-17,2024-02-14,True,1102,11
1534,PxlA2qAQxO8,HyperChange,TSLA,buy,2024-01-17T23:58:20Z,2024-01-18T00:25:39.480000+00:00,2024-01-17,2024-01-17,after_close,2023-12-15,2024-01-16,2024-01-09,2024-01-16,2024-01-17,2024-01-18,2024-01-17,2024-01-22,2024-01-17,2024-01-24,2024-01-24,2024-02-14,2024-01-17,2024-02-14,True,1102,11
1535,PxlA2qAQxO8,HyperChange,TSLA,buy,2024-01-17T23:58:20Z,2024-01-18T00:37:54.839000+00:00,2024-01-17,2024-01-17,after_close,2023-12-15,2024-01-16,2024-01-09,2024-01-16,2024-01-17,2024-01-18,2024-01-17,2024-01-22,2024-01-17,2024-01-24,2024-01-24,2024-02-14,2024-01-17,2024-02-14,True,1102,11
1536,PxlA2qAQxO8,HyperChange,TSLA,buy,2024-01-17T23:58:20Z,2024-01-18T00:55:03.960000+00:00,2024-01-17,2024-01-17,after_close,2023-12-15,2024-01-16,2024-01-09,2024-01-16,2024-01-17,2024-01-18,2024-01-17,2024-01-22,2024-01-17,2024-01-24,2024-01-24,2024-02-14,2024-01-17,2024-02-14,True,1102,11
1537,PxlA2qAQxO8,HyperChange,NFLX,buy,2024-01-17T23:58:20Z,2024-01-18T00:15:13.440000+00:00,2024-01-17,2024-01-17,after_close,2023-12-15,2024-01-16,2024-01-09,2024-01-16,2024-01-17,2024-01-18,2024-01-17,2024-01-22,2024-01-17,2024-01-24,2024-01-24,2024-02-14,2024-01-17,2024-02-14,True,1103,1
1538,PxlA2qAQxO8,HyperChange,AMZN,buy,2024-01-17T23:58:20Z,2024-01-18T00:15:13.440000+00:00,2024-01-17,2024-01-17,after_close,2023-12-15,2024-01-16,2024-01-09,2024-01-16,2024-01-17,2024-01-18,2024-01-17,2024-01-22,2024-01-17,2024-01-24,2024-01-24,2024-02-14,2024-01-17,2024-02-14,True,1104,1
1539,PxlA2qAQxO8,HyperChange,MSFT,buy,2024-01-17T23:58:20Z,2024-01-18T00:17:11.799000+00:00,2024-01-17,2024-01-17,after_close,2023-12-15,2024-01-16,2024-01-09,2024-01-16,2024-01-17,2024-01-18,2024-01-17,2024-01-22,2024-01-17,2024-01-24,2024-01-24,2024-02-14,2024-01-17,2024-02-14,True,1105,2
1540,PxlA2qAQxO8,HyperChange,MSFT,buy,2024-01-17T23:58:20Z,2024-01-18T00:47:06.599000+00:00,2024-01-17,2024-01-17,after_close,2023-12-15,2024-01-16,2024-01-09,2024-01-16,2024-01-17,2024-01-18,2024-01-17,2024-01-22,2024-01-17,2024-01-24,2024-01-24,2024-02-14,2024-01-17,2024-02-14,True,1105,2
1541,PxlA2qAQxO8,HyperChange,AAPL,buy,2024-01-17T23:58:20Z,2024-01-18T00:28:32.519000+00:00,2024-01-17,2024-01-17,after_close,2023-12-15,2024-01-16,2024-01-09,2024-01-16,2024-01-17,2024-01-18,2024-01-17,2024-01-22,2024-01-17,2024-01-24,2024-01-24,2024-02-14,2024-01-17,2024-02-14,True,1106,1
1542,7qP-8H1OOWI,Ticker Symbol: YOU,GOOGL,buy,2024-04-10T15:24:59Z,2024-04-10T15:30:13.960000+00:00,2024-04-10,2024-04-10,during_market,2024-03-12,2024-04-09,2024-04-03,2024-04-09,2024-04-10,2024-04-11,2024-04-10,2024-04-15,2024-04-10,2024-04-17,2024-04-17,2024-05-08,2024-04-10,2024-05-08,True,1107,1
1543,nkVt_oNlFeA,Ticker Symbol: YOU,AMD,sell,2024-11-02T15:26:40Z,2024-11-02T15:26:44+00:00,2024-11-02,2024-11-04,weekend_or_holiday,2024-10-07,2024-11-01,2024-10-28,2024-11-01,2024-11-04,2024-11-05,2024-11-04,2024-11-07,2024-11-04,2024-11-11,2024-11-11,2024-12-03,2024-11-04,2024-12-03,False,1108,2
1544,nkVt_oNlFeA,Ticker Symbol: YOU,AMD,sell,2024-11-02T15:26:40Z,2024-11-02T15:27:17.079000+00:00,2024-11-02,2024-11-04,weekend_or_holiday,2024-10-07,2024-11-01,2024-10-28,2024-11-01,2024-11-04,2024-11-05,2024-11-04,2024-11-07,2024-11-04,2024-11-11,2024-11-11,2024-12-03,2024-11-04,2024-12-03,False,1108,2
1545,fX05yIuHD_4,Ticker Symbol: YOU,AMD,buy,2025-10-09T19:22:55Z,2025-10-09T19:26:43.920000+00:00,2025-10-09,2025-10-09,during_market,2025-09-11,2025-10-08,2025-10-02,2025-10-08,2025-10-09,2025-10-10,2025-10-09,2025-10-14,2025-10-09,2025-10-16,2025-10-16,2025-11-06,2025-10-09,2025-11-06,True,1109,1
1546,ZZ2nWg1QhR4,Ticker Symbol: YOU,NVDA,buy,2025-12-04T19:44:13Z,2025-12-04T19:45:19.159000+00:00,2025-12-04,2025-12-04,during_market,2025-11-05,2025-12-03,2025-11-26,2025-12-03,2025-12-04,2025-12-05,2025-12-04,2025-12-09,2025-12-04,2025-12-11,2025-12-11,2026-01-05,2025-12-04,2026-01-05,True,1110,1
1547,ZZ2nWg1QhR4,Ticker Symbol: YOU,GOOGL,buy,2025-12-04T19:44:13Z,2025-12-04T19:48:38.360000+00:00,2025-12-04,2025-12-04,during_market,2025-11-05,2025-12-03,2025-11-26,2025-12-03,2025-12-04,2025-12-05,2025-12-04,2025-12-09,2025-12-04,2025-12-11,2025-12-11,2026-01-05,2025-12-04,2026-01-05,True,1111,1
1548,ZZ2nWg1QhR4,Ticker Symbol: YOU,META,buy,2025-12-04T19:44:13Z,2025-12-04T19:47:15+00:00,2025-12-04,2025-12-04,during_market,2025-11-05,2025-12-03,2025-11-26,2025-12-03,2025-12-04,2025-12-05,2025-12-04,2025-12-09,2025-12-04,2025-12-11,2025-12-11,2026-01-05,2025-12-04,2026-01-05,True,1112,1
1549,yXteEgwyBic,Best of Us Investors,MSFT,sell,2026-01-26T13:01:46Z,2026-01-26T13:05:10.080000+00:00,2026-01-26,2026-01-26,before_open,2025-12-24,2026-01-23,2026-01-16,2026-01-23,2026-01-26,2026-01-27,2026-01-26,2026-01-29,2026-01-26,2026-02-02,2026-02-02,2026-02-24,2026-01-26,2026-02-24,False,1113,1
1550,KBrtDu1-xBM,Best of Us Investors,AMZN,buy,2026-03-17T12:00:37Z,2026-03-17T12:00:42.120000+00:00,2026-03-17,2026-03-17,before_open,2026-02-17,2026-03-16,2026-03-10,2026-03-16,2026-03-17,2026-03-18,2026-03-17,2026-03-20,2026-03-17,2026-03-24,2026-03-24,2026-04-15,2026-03-17,2026-04-15,False,1114,2
1551,KBrtDu1-xBM,Best of Us Investors,AMZN,buy,2026-03-17T12:00:37Z,2026-03-17T12:02:37.399000+00:00,2026-03-17,2026-03-17,before_open,2026-02-17,2026-03-16,2026-03-10,2026-03-16,2026-03-17,2026-03-18,2026-03-17,2026-03-20,2026-03-17,2026-03-24,2026-03-24,2026-04-15,2026-03-17,2026-04-15,False,1114,2
1552,KBrtDu1-xBM,Best of Us Investors,META,sell,2026-03-17T12:00:37Z,2026-03-17T12:02:33.880000+00:00,2026-03-17,2026-03-17,before_open,2026-02-17,2026-03-16,2026-03-10,2026-03-16,2026-03-17,2026-03-18,2026-03-17,2026-03-20,2026-03-17,2026-03-24,2026-03-24,2026-04-15,2026-03-17,2026-04-15,False,1115,1
1553,qblw8m3bE24,Financial Education,SOFI,buy,2026-04-30T00:19:19Z,2026-04-30T00:50:40.919000+00:00,2026-04-30,2026-04-30,after_close,2026-04-01,2026-04-29,2026-04-23,2026-04-29,2026-04-30,2026-05-01,2026-04-30,2026-05-05,2026-04-30,2026-05-07,2026-05-07,,2026-04-30,,True,1116,1
1554,JrRE9eFUDuI,Financial Education,SOFI,buy,2026-05-05T00:00:28Z,2026-05-05T00:08:22.560000+00:00,2026-05-05,2026-05-05,after_close,2026-04-07,2026-05-04,2026-04-28,2026-05-04,2026-05-05,2026-05-06,2026-05-05,2026-05-08,2026-05-05,2026-05-12,2026-05-12,,2026-05-05,,True,1117,1
